f0,f1,f2,f3,f4,f5,f6,f7,f8,f9,f10,f11,f12,f13,f14,f15,f16,f17,f18,f19,f20,f21,f22,f23,f24,f25,f26,f27,f28,f29,f30,f31,f32,f33,label,weight,timestamp,symbol,timeframe,regime,trade_type,profit_pips,duration_bars,notes
0.4086810127892565,0.42203023398005346,0.485917699167401,0.4608399275547004,0.3276883078614023,0.36471942462383244,0.46872082329273895,0.4144158130709098,0.36480386101129764,0.4300706277049261,0.28914335,0.3916171642890288,0.27848584549578614,0.22527211328681315,0.5,0.62553626,0.01789847479818125,0.9742807393621564,0.9742807762873709,1.0,0.0,0.0,0.08695652,0.6666667,0.37126824,0.4671505760179587,1.0,0.41666666666666663,1.0,0.0,1.0,0.0,1.0,1.0,1.0,1.95,2020-06-19T02:00:00,EURUSD,H1,1,BUY,18.26120667258513,18,"hit_tp=True,hit_sl=False,regime=1"
0.4133236198238927,0.4066254717697876,0.46742835313886133,0.45248931258538166,0.22745427468486096,0.3484310639913401,0.4590363695110332,0.3846199160911179,0.38723489847910264,0.3352709607745428,0.0,0.08068065451055628,0.32395940392564876,0.21107429026242086,0.5,0.40775627,0.014238634904179407,0.8638117247555853,0.8638116653986938,1.0,0.0,0.0,0.0,1.0,0.2899126,0.41173687884442844,1.0,0.41666666666666663,1.0,0.0,1.0,0.0,1.0,1.0,1.0,2.0,2020-02-16T00:00:00,EURUSD,H1,1,BUY,19.818388413281877,27,"hit_tp=True,hit_sl=False,regime=1"
0.41497569919850674,0.41777635350754916,0.47797241877645746,0.49168660076423665,0.12388146303000168,0.14738676804529166,0.36497319776022163,0.3455833524322493,0.7429491667015353,0.6590305892064577,0.7176536,0.596030729175741,0.17877420531081925,0.25640420782509465,0.5,0.72111565,0.05322770014866721,0.82204615203868,0.8220461786179513,1.0,0.0,0.0,0.8695652,0.6666667,0.74457455,0.6583024981066818,0.41666666666666663,1.0,1.0,0.0,1.0,0.0,1.0,1.0,1.0,1.95,2020-01-17T20:00:00,EURUSD,H1,2,SELL,16.844225026073634,19,"hit_tp=True,hit_sl=False,regime=2"
0.4240895754539509,0.41647920138304945,0.4695555869166722,0.4665988824111675,0.5577621036088161,0.6717641202505779,0.5987496547169231,0.4642949177756554,0.42561652962810037,0.4567562315322613,0.23144048,0.3053241213701086,0.6427796872368082,0.1115317852095741,0.5,0.5186977,0.019469285297837997,0.9920882888870212,0.9920881913533285,1.0,0.0,0.0,0.47826087,0.8333333,0.3006675,0.5116139795565869,1.0,0.41666666666666663,1.0,0.0,1.0,0.0,1.0,1.0,1.0,2.0,2020-10-31T11:00:00,EURUSD,H1,1,BUY,24.435328805751944,39,"hit_tp=True,hit_sl=False,regime=1"
0.41324294744378426,0.42160254022464205,0.47120608645116213,0.46586448415809295,0.08183722394064756,0.24203027384121384,0.403191082067755,0.40969746006204116,0.4816226326551847,0.4647380169467948,0.15289834,0.07320625386082477,0.36577587836014713,0.198018310911105,0.5,0.46393853,0.01174892195479371,0.952071774242649,0.9520717748275547,0.0,1.0,0.0,0.6086956,0.5,0.36734796,0.5341656330726224,1.0,0.3333333333333333,0.8000001028571486,0.1999999519999923,0.8000000000000003,0.20000000000000007,0.7999999999999998,0.8000000000000003,-1.0,1.3,2020-03-12T14:00:00,EURUSD,H1,3,BUY,-6.533761558713547,4,"hit_tp=False,hit_sl=True,regime=3"
0.42372731378602185,0.41072360556658394,0.47426234848809407,0.4483797143146162,0.30491257134025906,0.27051843822953753,0.3565576759472936,0.362382927453122,0.32828859032424507,0.3450611466688846,0.22661844,0.2724030271382678,0.3320436352576715,0.8108534190805581,0.5,0.3304217,0.025535781768724074,0.9560389305001881,0.9560388089988727,1.0,0.0,0.0,0.39130434,1.0,0.22553363,0.554918678874267,1.0,0.41666666666666663,1.0,0.0,1.0,0.0,1.0,1.0,1.0,1.95,2020-09-13T09:00:00,EURUSD,H1,1,BUY,18.21983666210114,17,"hit_tp=True,hit_sl=False,regime=1"
0.4832664908935119,0.5481982480986449,0.613270672452182,0.5618311000812753,0.40687643617076635,0.5222668046884722,0.5340198395864232,0.36091470741877807,0.7048612753896539,0.5716162755610638,1.0,0.6761931004237116,0.10580332684013459,0.7402163558879653,0.5,0.66305155,0.4278037722111499,0.7209580373118151,0.7209581139398662,0.0,0.0,1.0,0.0,0.16666667,0.8720556,0.5204025039196984,0.0,1.0,0.0,1.0,0.0,1.0,0.0,0.0,-1.0,1.56,2020-01-14T00:00:00,EURUSD,H1,5,SELL,-125.27408084771486,22,"hit_tp=False,hit_sl=True,regime=5"
0.4413767039750959,0.4691722928714453,0.4982176327774359,0.5268711045370437,0.04732388524281605,0.09030209646247882,0.32862905727723435,0.33712900051436917,0.7614149715279603,0.7581188242270539,0.7873139,0.8879053921223072,0.18485543945456756,0.7648981218764072,0.5,0.6041429,0.22568748192478305,0.8912168400850364,0.8912167193747956,0.0,0.0,1.0,0.8695652,0.33333334,0.75995797,0.42870017531496313,0.08333333333333331,1.0,0.2000000400000022,0.7999999279999885,0.20000000000000018,0.7999999999999999,0.1999999999999999,0.20000000000000018,1.0,1.95,2020-05-06T20:00:00,EURUSD,H1,4,SELL,58.37240781380704,18,"hit_tp=True,hit_sl=False,regime=4"
0.4649834967515315,0.4813817832910215,0.5161420179681329,0.5348952196402701,0.547682714802905,0.49316667457931396,0.44791581389598356,0.35859140528930916,0.8365866089072873,0.6341193349190611,0.87451226,0.6888940543689835,0.4465804516391434,0.8466142440806427,0.5,0.7653493,0.4787815432747257,0.5067902751829318,0.5067903056095165,0.0,0.0,1.0,0.6086956,0.8333333,0.83341473,0.5260334052032934,0.08333333333333331,1.0,0.2000000400000022,0.7999999279999885,0.20000000000000018,0.7999999999999999,0.1999999999999999,0.20000000000000018,-1.0,1.3,2020-03-07T14:00:00,EURUSD,H1,4,SELL,-39.39042547673744,14,"hit_tp=False,hit_sl=True,regime=4"
0.40621070575052787,0.39009144278487085,0.40841943233072914,0.3926951876481884,0.31940511047815623,0.32033639739428366,0.41022253005973563,0.3702737018545793,0.2174487818152372,0.2916371204074156,0.14440663,0.1306144427594998,0.32704728854916265,0.21011018098038667,0.5,0.12422442,0.023078617145423145,0.41017523665175165,0.4101753170725279,0.0,0.0,1.0,0.26086956,0.33333334,0.14434616,0.5234708983471097,1.0,0.08333333333333331,0.2000000400000022,0.7999999279999885,0.20000000000000018,0.7999999999999999,0.1999999999999999,0.20000000000000018,-1.0,1.3,2020-02-19T06:00:00,EURUSD,H1,4,BUY,-42.2712950292059,15,"hit_tp=False,hit_sl=True,regime=4"
0.41694804062777063,0.41975082350451376,0.4830985275002669,0.46361539650459965,0.1848850625990768,0.3403291861071999,0.38266492810988023,0.38179224526955835,0.417886466767223,0.3494930795489792,0.0,0.27689558358217325,0.1224375737630494,0.2739937254673816,0.5,0.45654795,0.009499144863219693,0.8865777314511409,0.8865778182617863,0.0,1.0,0.0,0.17391305,1.0,0.31530753,0.5399072814416331,1.0,0.3333333333333333,0.8000001028571486,0.1999999519999923,0.8000000000000003,0.20000000000000007,0.7999999999999998,0.8000000000000003,1.0,1.95,2020-05-24T04:00:00,EURUSD,H1,3,BUY,8.286122090617187,14,"hit_tp=True,hit_sl=False,regime=3"
0.4219382323320934,0.4276375043011339,0.4932198933540358,0.47553955243620305,0.17161645185919663,0.16519607618917231,0.448739584630778,0.3777259534098316,0.3730059897146457,0.3952938765524387,0.40854472,0.6432293951735564,0.07586872163657844,0.28853349744238277,0.5,0.49518564,0.008523597109074058,0.9407532556727841,0.9407532563958184,0.0,1.0,0.0,0.0,0.6666667,0.36994812,0.5052367250919209,1.0,0.3333333333333333,0.8000001028571486,0.1999999519999923,0.8000000000000003,0.20000000000000007,0.7999999999999998,0.8000000000000003,1.0,2.0,2020-04-10T00:00:00,EURUSD,H1,3,BUY,10.633187160542512,43,"hit_tp=True,hit_sl=False,regime=3"
0.36616733702042065,0.36092825285792984,0.45716440317881396,0.45217563655506027,0.35338408161770846,0.2559558969543037,0.31859377290875657,0.36006686162480506,0.6351674164787156,0.5509196961810297,0.7781816,0.4514393723559494,0.49655899624070343,0.8622186127493643,0.5,0.5804004,0.37578491485129123,0.7188512254042102,0.7188512532428496,0.0,0.0,1.0,0.0,0.33333334,0.5810356,0.5343749897150694,0.0,1.0,0.0,1.0,0.0,1.0,0.0,0.0,-1.0,1.56,2020-03-11T00:00:00,EURUSD,H1,5,SELL,-94.92567840884814,38,"hit_tp=False,hit_sl=True,regime=5"
0.49951348375369214,0.5418048408493108,0.6297087745053956,0.6286621420273042,0.49502617123619175,0.3893660486862824,0.5030542925178478,0.3697446578250203,0.7240839859256187,0.8583553953546014,0.9912374,0.9384576193058533,0.5523212946610143,0.8796287639631906,0.5,0.54041433,0.2708165978768954,0.13977337993924688,0.13977336602970253,0.0,0.0,1.0,0.95652175,0.33333334,0.95337844,0.5054248672633398,0.08333333333333331,1.0,0.2000000400000022,0.7999999279999885,0.20000000000000018,0.7999999999999999,0.1999999999999999,0.20000000000000018,1.0,1.5,2020-01-01T22:00:00,EURUSD,H1,4,SELL,72.4110077824891,13,"hit_tp=True,hit_sl=False,regime=4"
0.42308470735320297,0.42188897395113467,0.47958613779672604,0.47399040187735825,0.33135926340583544,0.35341142616766613,0.39783921965335184,0.34227580847218797,0.6890980913988412,0.6693875778662933,1.0,0.6084190535550786,0.15722293051605155,0.7562706481902741,0.5,0.4670169,0.026731561892776656,0.9270149226245514,0.9270149479228067,1.0,0.0,0.0,0.4347826,0.33333334,0.5283068,0.5479095497129999,1.0,0.41666666666666663,1.0,0.0,1.0,0.0,1.0,1.0,-1.0,1.3,2020-02-19T10:00:00,EURUSD,H1,1,BUY,-9.858473694352998,5,"hit_tp=False,hit_sl=True,regime=1"
0.4087604105555653,0.4220057776810923,0.4736688573732003,0.46636006045908335,0.33008609286285256,0.33702571631408595,0.47439514907726116,0.38873495934618296,0.49026312570892017,0.4415237346224983,0.25656575,0.5138156448969639,0.10120399056535967,0.7387803535711017,0.5,0.38419273,0.04890580836989955,0.9361165023685891,0.9361165031482095,1.0,0.0,0.0,0.39130434,0.8333333,0.31859455,0.5118233047546598,0.41666666666666663,1.0,1.0,0.0,1.0,0.0,1.0,1.0,-1.0,1.3,2020-02-15T09:00:00,EURUSD,H1,2,SELL,-13.177453528858685,5,"hit_tp=False,hit_sl=True,regime=2"
0.3882977761927561,0.3125706697649523,0.3954548211470005,0.3165634972496916,0.3125382958028112,0.23205227836135955,0.3784630686140095,0.3491989560699214,0.3732516574658407,0.500108028228782,0.103178106,0.2864311707796596,0.42068412334740474,0.1808747822222092,0.5,0.26256716,0.0994998997489566,0.5226980133306535,0.5226979337290777,0.0,0.0,1.0,0.39130434,1.0,0.22557653,0.6911988056504367,1.0,0.0,0.0,1.0,0.0,1.0,0.0,0.0,-1.0,1.56,2020-03-15T09:00:00,EURUSD,H1,5,BUY,-99.61977701692604,24,"hit_tp=False,hit_sl=True,regime=5"
0.4355916424134265,0.4020871082017559,0.47784062390693066,0.5175976269389005,0.29499296329016395,0.32281348712575475,0.38612541600578376,0.39946398185411336,0.6398400538494402,0.5977903222903436,0.80861527,0.4781023168691908,0.3185092517213575,0.8066276811405868,0.5,0.58140117,0.20588755436424666,0.9431234251707299,0.9431234258648392,0.0,0.0,1.0,0.9130435,1.0,0.7149997,0.6381757299030568,0.08333333333333331,1.0,0.2000000400000022,0.7999999279999885,0.20000000000000018,0.7999999999999999,0.1999999999999999,0.20000000000000018,-1.0,1.3,2020-01-19T21:00:00,EURUSD,H1,4,SELL,-35.12830966010405,5,"hit_tp=False,hit_sl=True,regime=4"
0.413494907138163,0.4163155439511324,0.47649307246185557,0.46951035218332327,0.614580901702491,0.5009421360456942,0.476830170364164,0.43835486064258583,0.3182778489003835,0.46601808717679816,0.18646157,0.37587943738082996,0.3709488077615724,0.19640320844405013,0.5,0.32291836,0.018388713026075434,0.9064650981204114,0.9064650992618911,1.0,0.0,0.0,0.13043478,0.16666667,0.2584692,0.46225273742666834,1.0,0.41666666666666663,1.0,0.0,1.0,0.0,1.0,1.0,1.0,1.95,2020-09-15T03:00:00,EURUSD,H1,1,BUY,20.104976089612148,10,"hit_tp=True,hit_sl=False,regime=1"
0.5266247281378511,0.49744297404078963,0.5882508301426077,0.46699399484532406,0.14323856729710804,0.2726944583025305,0.413135786218184,0.37173179406370865,0.6363355885793813,0.5566989841405524,1.0,0.7412233770635408,0.06891969779476992,0.7287004849926549,0.5,0.69895256,0.3952837658911763,0.9007756954968257,0.9007756967077373,0.0,0.0,1.0,0.4347826,0.33333334,0.812024,0.3189773903840212,0.0,1.0,0.0,1.0,0.0,1.0,0.0,0.0,-1.0,1.3,2020-01-15T10:00:00,EURUSD,H1,5,SELL,-108.9933497101181,6,"hit_tp=False,hit_sl=True,regime=5"
0.4250296979174145,0.4324258581478438,0.48840537984023136,0.4654401496850859,0.10252337809264554,0.13918246212457577,0.4069924361749116,0.39314643625464785,0.30065994993595585,0.4318186880929824,0.42259565,0.5912030255604126,0.05364423110632246,0.7239311812650445,0.5,0.2790277,0.021736803128202142,0.7597049560249571,0.7597048735310004,1.0,0.0,0.0,0.39130434,0.8333333,0.3155161,0.5140152082182513,1.0,0.41666666666666663,1.0,0.0,1.0,0.0,1.0,1.0,-1.0,1.3,2020-08-08T09:00:00,EURUSD,H1,1,BUY,-11.812224003386884,8,"hit_tp=False,hit_sl=True,regime=1"
0.43503604992280454,0.4355773294662225,0.5014873299971716,0.4878577105301755,0.3391918024370982,0.35026161420213464,0.2979409316599188,0.34259967414920933,0.7951305484262801,0.7243293340580553,0.9237786,0.7702482662465687,0.1555525636911758,0.755749124005143,0.5,0.91425383,0.04995554305112433,0.9505189895772267,0.950518916958398,1.0,0.0,0.0,0.47826087,0.6666667,0.90777576,0.6264744922084718,0.41666666666666663,1.0,1.0,0.0,1.0,0.0,1.0,1.0,-1.0,1.3,2020-05-22T11:00:00,EURUSD,H1,2,SELL,-9.756725490006612,5,"hit_tp=False,hit_sl=True,regime=2"
0.4150192955394854,0.42670650482290196,0.4779119180299631,0.4597591638287556,0.37997246075699354,0.4613801665315207,0.5888258720781928,0.4778208680617421,0.3198584713331449,0.40842648540256404,0.27800405,0.4919898269069333,0.5553305541986305,0.8805683623594168,0.5,0.36666209,0.013190029779641739,0.8787396091365752,0.8787395740050686,0.0,1.0,0.0,0.17391305,0.33333334,0.27080175,0.4414954675974425,1.0,0.3333333333333333,0.8000001028571486,0.1999999519999923,0.8000000000000003,0.20000000000000007,0.7999999999999998,0.8000000000000003,1.0,2.0,2020-07-01T04:00:00,EURUSD,H1,3,BUY,11.881644458804352,34,"hit_tp=True,hit_sl=False,regime=3"
0.49485485085336994,0.5074066758822512,0.5515214780241143,0.581767779983509,0.48523443903381397,0.3946627169675496,0.42560967684261664,0.35371310455559996,0.8635083446792275,0.5233857024933578,0.84743774,0.6217659280567149,0.2099204693381128,0.7727239882260414,0.5,0.61226493,1.0,0.5702734521917312,0.5702733964171166,0.0,0.0,1.0,0.26086956,0.16666667,0.7732935,0.48482175871863925,0.0,1.0,0.0,1.0,0.0,1.0,0.0,0.0,-1.0,1.56,2020-03-24T06:00:00,EURUSD,H1,5,SELL,-103.30652807235109,47,"hit_tp=False,hit_sl=True,regime=5"
0.4146013262568107,0.4229780944909865,0.48926203033507504,0.48521546488790385,0.30481545353205086,0.21083342888972198,0.26496592670760577,0.38976467151631183,0.643286444773662,0.5739914307457591,0.6879187,0.5565466151045012,0.1851972273279709,0.2543988078404198,0.5,0.7163744,0.06085892044871813,0.9516633869209078,0.9516634119183588,1.0,0.0,0.0,0.08695652,0.6666667,0.74365723,0.49877072412221823,0.41666666666666663,1.0,1.0,0.0,1.0,0.0,1.0,1.0,-1.0,1.3,2020-07-24T02:00:00,EURUSD,H1,2,SELL,-11.326167289567035,7,"hit_tp=False,hit_sl=True,regime=2"
0.40691366030566944,0.4192357379230901,0.47771186761093704,0.47120346557640336,0.21747899470526158,0.22052674256604152,0.29806151531126496,0.30525940135788515,0.7587008378870574,0.5704165626655164,0.6121434,0.3534596921883699,0.19656100349289635,0.25085078968373065,0.5,0.62156844,0.0567923431302164,0.7817525505505314,0.7817526386404403,1.0,0.0,0.0,0.73913044,0.6666667,0.6573568,0.5029802453654819,0.41666666666666663,1.0,1.0,0.0,1.0,0.0,1.0,1.0,-1.0,1.3,2020-06-26T17:00:00,EURUSD,H1,2,SELL,-9.884062254006398,2,"hit_tp=False,hit_sl=True,regime=2"
0.4579556911603507,0.36803041057998465,0.4258992029585595,0.359425729679598,0.45625630297320435,0.31946123231306445,0.5628594264692973,0.4756471760840397,0.42010273281762767,0.47434513999009426,0.13304214,0.21343149769167613,0.20781285453554357,0.24733772502636472,0.5,0.5135038,0.14159870847088976,0.7415475973263419,0.7415476004804384,0.0,0.0,1.0,0.47826087,0.6666667,0.46510404,0.6026418053749629,1.0,0.0,0.0,1.0,0.0,1.0,0.0,0.0,0.0,1.56,2020-02-07T11:00:00,EURUSD,H1,5,BUY,21.8819405796844,100,"hit_tp=False,hit_sl=False,regime=5"
0.4176518987054979,0.41188064038680766,0.4700137630032668,0.4701070541884859,0.344103559988688,0.2777582581618694,0.5167107265491317,0.41893892078658596,0.288371183609904,0.23502645964688482,0.22334956,0.21449188419195092,0.0859809714342113,0.28537622907204424,0.5,0.4182175,0.01771202287202146,0.8206647816788152,0.820664710644699,1.0,0.0,0.0,0.3478261,0.6666667,0.23534675,0.40436000772860786,1.0,0.41666666666666663,1.0,0.0,1.0,0.0,1.0,1.0,1.0,2.0,2020-01-31T08:00:00,EURUSD,H1,1,BUY,22.427193579082072,29,"hit_tp=True,hit_sl=False,regime=1"
0.4264204566292875,0.42035187887275505,0.4901751521345491,0.48590999560125264,0.5075863588082576,0.49575488311547783,0.4940169164578116,0.3636970577207007,0.5463316816221516,0.5037394636431484,0.6765805,0.47597075164691155,0.8215693863145545,0.9636937955164724,0.5,0.51812524,0.04680687953150885,0.9941564636245138,0.9941564881033886,1.0,0.0,0.0,1.0,1.0,0.57527876,0.5042704709216369,0.41666666666666663,1.0,1.0,0.0,1.0,0.0,1.0,1.0,-1.0,1.3,2020-05-24T23:00:00,EURUSD,H1,2,SELL,-12.048432570812562,13,"hit_tp=False,hit_sl=True,regime=2"
0.4506007872054476,0.43915338992040465,0.517506798370848,0.5392043233957192,0.43716035532477854,0.3422265180098425,0.5222591555743281,0.4754521405387067,0.6126899399470163,0.5308606407492956,0.883647,0.7397845325020066,0.19897608863137678,0.7693069044661381,0.5,0.64217585,0.4602146573493255,0.4816622877263683,0.48166235507095173,0.0,0.0,1.0,0.2173913,1.0,0.7492164,0.5646238172224904,0.08333333333333331,1.0,0.2000000400000022,0.7999999279999885,0.20000000000000018,0.7999999999999999,0.1999999999999999,0.20000000000000018,-1.0,1.56,2020-03-08T05:00:00,EURUSD,H1,4,SELL,-49.835304759859866,30,"hit_tp=False,hit_sl=True,regime=4"
0.32921090201379427,0.23011367726798437,0.23285524904308014,0.27332871423566496,0.3571282537409176,0.26995308089307024,0.37588045690890176,0.27198053629756,0.3209094230714311,0.2648858657912845,0.0,0.025135061079517115,0.10959703348475905,0.2780028047361581,0.5,0.41809577,0.14388033675110853,0.8962025727058853,0.8962024519347996,0.0,0.0,1.0,0.65217394,1.0,0.08308249,0.5225346211467566,1.0,0.0,0.0,1.0,0.0,1.0,0.0,0.0,-1.0,1.3,2020-03-08T15:00:00,EURUSD,H1,5,BUY,-92.04586378531276,8,"hit_tp=False,hit_sl=True,regime=5"
0.41145729387082286,0.41685914116537864,0.4744430669974862,0.4601796481361257,0.25847744825057456,0.24841153736533444,0.27738017815457744,0.32810112303873107,0.34939839049551097,0.3739509781330729,0.14272049,0.19002419320948602,0.07455697770349815,0.28894306692194416,0.5,0.2466745,0.007809060569185694,0.941756406457123,0.9417564803905993,0.0,1.0,0.0,0.73913044,0.8333333,0.23372264,0.6961732636998368,1.0,0.3333333333333333,0.8000001028571486,0.1999999519999923,0.8000000000000003,0.20000000000000007,0.7999999999999998,0.8000000000000003,-1.0,1.3,2020-04-25T17:00:00,EURUSD,H1,3,BUY,-4.634220477588436,9,"hit_tp=False,hit_sl=True,regime=3"
0.4200076906950396,0.42505635477172915,0.4783979642614611,0.46700407918049414,0.49205395148021147,0.3662034166548239,0.4494001381591919,0.41979401786370085,0.38256968115221346,0.347775033009827,0.12396354,0.38210580887510665,0.17541238163802697,0.25745384557170403,0.5,0.37611887,0.014490584486682319,0.8623589500740763,0.8623589273462564,1.0,0.0,0.0,0.47826087,1.0,0.2828302,0.4154424830305719,1.0,0.41666666666666663,1.0,0.0,1.0,0.0,1.0,1.0,-1.0,1.3,2020-06-21T11:00:00,EURUSD,H1,1,BUY,-11.224555743125642,6,"hit_tp=False,hit_sl=True,regime=1"
0.4300633674754951,0.43371095436411605,0.49668277266998107,0.48709765739600214,0.3917696390966819,0.3475360568297371,0.3960440877655578,0.33399686569278986,0.6839305258772669,0.5780810279241017,0.8193305,0.5282070320013119,0.26523784227234265,0.22940842100579042,0.5,0.65274704,0.047396076164921745,0.8646293902750681,0.8646293187044175,1.0,0.0,0.0,0.39130434,0.16666667,0.7990642,0.61550294217671,0.41666666666666663,1.0,1.0,0.0,1.0,0.0,1.0,1.0,-1.0,1.3,2020-04-07T09:00:00,EURUSD,H1,2,SELL,-10.331468280753151,14,"hit_tp=False,hit_sl=True,regime=2"
0.41348893870284714,0.4026900391076287,0.4786389010290363,0.47329854971108226,0.3501510712649379,0.34291054928335857,0.47047249432494803,0.4554951560791877,0.5126334555828694,0.49954040843297365,0.36177096,0.2243870329196042,0.3522540748375767,0.8171635786916805,0.5,0.5456732,0.012515236310650726,0.7581734181419623,0.7581734455007224,1.0,0.0,0.0,0.73913044,1.0,0.31031856,0.4719285486553578,1.0,0.41666666666666663,1.0,0.0,1.0,0.0,1.0,1.0,1.0,2.0,2020-02-02T17:00:00,EURUSD,H1,1,BUY,19.19767462563504,21,"hit_tp=True,hit_sl=False,regime=1"
0.41378595853506606,0.4223166433828358,0.48136659237834617,0.48029569985182524,0.23974059247792565,0.1919276013274951,0.2024868838391893,0.3104632457514916,0.7086921409373703,0.5637154722688739,0.6264371,0.39335896193197656,0.4426117810533708,0.17402849355385364,0.5,0.918256,0.05776082595772085,0.8589854101237366,0.8589854118446479,1.0,0.0,0.0,0.04347826,0.16666667,0.7044465,0.6422619263112833,0.41666666666666663,1.0,1.0,0.0,1.0,0.0,1.0,1.0,-1.0,1.3,2020-06-09T01:00:00,EURUSD,H1,2,SELL,-8.730846484867882,4,"hit_tp=False,hit_sl=True,regime=2"
0.4211698147379553,0.42901149649554104,0.4978893320694177,0.4857269750964989,0.15704093555878387,0.31967370660944744,0.3667181033123736,0.4285041273322323,0.4669191472768904,0.5774807509460191,0.79201156,0.8556096381668593,0.1318368790317904,0.7483445895877295,0.5,0.5328777,0.05032784401122442,0.921455246191203,0.9214552471497461,1.0,0.0,0.0,0.8695652,0.6666667,0.6535075,0.5756776571811498,0.41666666666666663,1.0,1.0,0.0,1.0,0.0,1.0,1.0,1.0,1.95,2020-05-15T20:00:00,EURUSD,H1,2,SELL,22.42503042606092,10,"hit_tp=True,hit_sl=False,regime=2"
0.4107149110733406,0.4121134840822212,0.48023802417459616,0.49920895035835894,0.21201103028927526,0.3341724314639875,0.5094143033830618,0.34996327726985293,0.7073613708747484,0.674189697569741,0.69917154,0.6233212961551208,0.040432441672442566,0.29959746696702544,0.5,0.6073305,0.06505554462187801,0.8274706105804168,0.8274705150556821,1.0,0.0,0.0,0.0,0.0,0.7735503,0.7288364636172765,0.41666666666666663,1.0,1.0,0.0,1.0,0.0,1.0,1.0,-1.0,1.3,2020-06-01T00:00:00,EURUSD,H1,2,SELL,-12.919516817695431,10,"hit_tp=False,hit_sl=True,regime=2"
0.4219165373467331,0.429446009378635,0.491598404788357,0.48057314549841745,0.16180585732874223,0.05344776651202565,0.25073872883431975,0.26256176372180795,0.5051254326857332,0.38497122719611326,0.32445768,0.45936979914631637,0.7104019786141614,0.09041867943098796,0.5,0.6348546,0.07012770920360016,0.8689279035897408,0.8689278319666319,1.0,0.0,0.0,0.5652174,0.16666667,0.6776937,0.3916754625315442,0.41666666666666663,1.0,1.0,0.0,1.0,0.0,1.0,1.0,-1.0,1.3,2020-05-12T13:00:00,EURUSD,H1,2,SELL,-10.1963147532258,4,"hit_tp=False,hit_sl=True,regime=2"
0.41504830596905135,0.4122468167038003,0.4650685303687815,0.46860033108645527,0.14897455734258153,0.12263796830976863,0.23361645703023923,0.2858280600162038,0.7609912023119397,0.5402067466374338,0.5565729,0.23784227593342153,0.018693021672126144,0.306384975140642,0.5,0.7004631,0.07485953073271963,0.8490135665648331,0.8490136050187804,1.0,0.0,0.0,0.2173913,0.8333333,0.6409106,0.6082437254271388,0.41666666666666663,1.0,1.0,0.0,1.0,0.0,1.0,1.0,1.0,1.95,2020-01-04T05:00:00,EURUSD,H1,2,SELL,14.900290437542818,8,"hit_tp=True,hit_sl=False,regime=2"
0.4129828908276377,0.4200638577384872,0.47876484822671417,0.47304918446342553,0.4334187697562603,0.33205145817997644,0.3870729509029296,0.4399625180575116,0.35949030332050486,0.4514545698824412,0.32374126,0.5263122059286305,0.15785609370778245,0.7564683468089969,0.5,0.20992668,0.011905838630007123,0.9338994415049536,0.9338994423116305,0.0,1.0,0.0,0.47826087,0.16666667,0.24905378,0.4586646827921942,1.0,0.3333333333333333,0.8000001028571486,0.1999999519999923,0.8000000000000003,0.20000000000000007,0.7999999999999998,0.8000000000000003,-1.0,1.3,2020-03-03T11:00:00,EURUSD,H1,3,BUY,-4.902601567713383,2,"hit_tp=False,hit_sl=True,regime=3"
0.409481142972975,0.42016082494402035,0.4914867408966131,0.46546677182657686,0.228943947175916,0.2779990602614076,0.4393301807054208,0.5189877208733916,0.6416896554228327,0.46381818499455113,0.5256279,0.5003506949694291,0.41197893883699066,0.1835927116645674,0.5,0.67407644,0.06136305153088425,0.9322579109453257,0.9322579361795967,1.0,0.0,0.0,0.3043478,0.0,0.61353517,0.4417171713974343,0.41666666666666663,1.0,1.0,0.0,1.0,0.0,1.0,1.0,1.0,2.0,2020-04-06T07:00:00,EURUSD,H1,2,SELL,20.87880005625209,45,"hit_tp=True,hit_sl=False,regime=2"
0.41841015018812816,0.42332186086765905,0.48430175210806337,0.47409568185939255,0.4935818732587957,0.6402661898678892,0.8714366487709301,1.0,0.2758712165038157,0.35473029192517175,0.48272032,0.6473186734748368,0.05619177638951572,0.7247265677404582,0.5,0.3427793,0.03929669273193795,0.907707162322086,0.9077072000597497,0.0,1.0,0.0,0.2173913,0.33333334,0.38694724,0.4420568544888741,1.0,0.3333333333333333,0.8000001028571486,0.1999999519999923,0.8000000000000003,0.20000000000000007,0.7999999999999998,0.8000000000000003,1.0,2.0,2020-01-01T05:00:00,EURUSD,H1,3,BUY,18.5697293999576,61,"hit_tp=True,hit_sl=False,regime=3"
0.36973654063761213,0.27101740790806594,0.3081922012348447,0.3216571869511684,0.18581627109074564,0.1566030042928609,0.2569985260261859,0.25808844115877755,0.24469471328509854,0.2703615789283845,0.19025423,0.18253770811147554,0.05522006282791869,0.7244231895726031,0.5,0.27281985,0.11358768917187095,0.7691380880866215,0.7691380298851063,0.0,0.0,1.0,0.6086956,0.33333334,0.14404894,0.6775358477917884,1.0,0.0,0.0,1.0,0.0,1.0,0.0,0.0,1.0,1.95,2020-01-29T14:00:00,EURUSD,H1,5,BUY,118.6595945656066,1,"hit_tp=True,hit_sl=False,regime=5"
0.35875591356373177,0.4960084138488954,0.5178392023816698,0.5217382918464616,0.35827314581210384,0.31707411017023335,0.36054577936537774,0.2942845693406385,0.5898759077819287,0.48539297584139884,0.72808117,0.5738180242369909,0.28727076509331084,0.2225292802415205,0.5,0.5685269,0.7440255228992786,0.7450270416867362,0.7450269715756863,0.0,0.0,1.0,0.0,0.33333334,0.7993872,0.609554641381421,0.0,1.0,0.0,1.0,0.0,1.0,0.0,0.0,1.0,1.95,2020-01-29T00:00:00,EURUSD,H1,5,SELL,149.69198631245683,13,"hit_tp=True,hit_sl=False,regime=5"
0.4219388291933255,0.3943097830517676,0.44440611865810575,0.4330149724017501,0.1862762385994704,0.2888939712094252,0.4969496417558811,0.4824539885297136,0.2590751460808908,0.4205584724205291,0.1267132,0.2068494088890704,0.21835102104849052,0.24404749484768878,0.5,0.2058971,0.0381150078121896,0.5736818583439061,0.573681912361722,0.0,0.0,1.0,0.5217391,1.0,0.24987547,0.5118482715876581,1.0,0.08333333333333331,0.2000000400000022,0.7999999279999885,0.20000000000000018,0.7999999999999999,0.1999999999999999,0.20000000000000018,-1.0,1.3,2020-05-10T12:00:00,EURUSD,H1,4,BUY,-48.48014649244892,10,"hit_tp=False,hit_sl=True,regime=4"
0.42149335016581135,0.42672311236662813,0.48880184019765777,0.4737879826829585,0.23838140679073827,0.23577113847958242,0.519124752786509,0.4549413168562407,0.20407833231762745,0.3404094326342046,0.36539713,0.5459232145575321,0.304777287969187,0.21706336119720743,0.5,0.29646623,0.009849457119810622,0.8946060008748402,0.8946059533459229,0.0,1.0,0.0,0.5652174,0.6666667,0.40390182,0.5716879635568928,1.0,0.3333333333333333,0.8000001028571486,0.1999999519999923,0.8000000000000003,0.20000000000000007,0.7999999999999998,0.8000000000000003,-1.0,1.3,2020-06-19T13:00:00,EURUSD,H1,3,BUY,-6.487385922728794,13,"hit_tp=False,hit_sl=True,regime=3"
0.36072501045392186,0.3398636896012482,0.403297040658705,0.4185536967875538,0.652416096466582,0.5654606477761018,0.5280310476704366,0.38653901911338606,0.2518306317005951,0.30166520630508065,0.11518228,0.23084679635185212,0.4892708207783717,0.1594605336269657,0.5,0.25300086,0.026741718663233185,0.471243456286954,0.4712434749435636,0.0,0.0,1.0,0.5652174,0.5,0.13818839,0.6489610768331331,1.0,0.08333333333333331,0.2000000400000022,0.7999999279999885,0.20000000000000018,0.7999999999999999,0.1999999999999999,0.20000000000000018,1.0,1.95,2020-06-04T13:00:00,EURUSD,H1,4,BUY,75.57308271763486,10,"hit_tp=True,hit_sl=False,regime=4"
0.42622302566021847,0.5124718518352369,0.5803201964057687,0.5383974704049976,0.43062082522294914,0.5576741611792063,0.49235178106318234,0.39145835551760283,0.5825680321469833,0.589439070961558,0.85306007,0.7688547409018469,0.06827783959353981,0.29090354501169596,0.5,0.56451136,0.29293405698879127,0.7544057448858926,0.7544057478830711,0.0,0.0,1.0,0.13043478,0.8333333,0.8402511,0.49175391205222396,0.08333333333333331,1.0,0.2000000400000022,0.7999999279999885,0.20000000000000018,0.7999999999999999,0.1999999999999999,0.20000000000000018,-1.0,1.3,2020-01-25T03:00:00,EURUSD,H1,4,SELL,-43.732337999817794,10,"hit_tp=False,hit_sl=True,regime=4"
0.41061993048513706,0.4170905551490176,0.4768427661868966,0.4660530422580847,0.17010944213127424,0.1419452904317482,0.3732937270854983,0.34295946663816096,0.46510243068456764,0.49261545173017346,0.2617949,0.3277916606873718,0.29231521185436893,0.7984493570904687,0.5,0.2805717,0.008245909341641697,0.9253000473421269,0.9253000238461875,0.0,1.0,0.0,0.04347826,0.0,0.30729946,0.43538742938196273,1.0,0.3333333333333333,0.8000001028571486,0.1999999519999923,0.8000000000000003,0.20000000000000007,0.7999999999999998,0.8000000000000003,-1.0,1.3,2020-02-10T01:00:00,EURUSD,H1,3,BUY,-4.947153689598416,3,"hit_tp=False,hit_sl=True,regime=3"
0.42101094734126293,0.424367347315908,0.4858190004020805,0.47983218038752207,0.7078198539326203,0.7524224136013833,0.6038498155349578,0.5029790151386642,0.3934230211164844,0.5464728885431516,0.44521528,0.4988942116169286,0.07334943513425791,0.28932006727679316,0.5,0.40643898,0.02231433368167106,0.7701321226466793,0.770132027821691,1.0,0.0,0.0,0.7826087,1.0,0.38801566,0.46091079635665355,1.0,0.41666666666666663,1.0,0.0,1.0,0.0,1.0,1.0,-1.0,1.3,2020-08-09T18:00:00,EURUSD,H1,1,BUY,-13.945763424092483,9,"hit_tp=False,hit_sl=True,regime=1"
0.4080362840651645,0.41769866684192797,0.48807099111448426,0.4863290707679242,0.35274506840101183,0.34921222366787946,0.44166044735817656,0.3669669069940162,0.6696139748618956,0.6534524348861082,0.6626864,0.6080710551196221,0.15159989562288595,0.2648885993958267,0.5,0.6964044,0.05743283642078827,0.7835785534612063,0.7835785438985856,1.0,0.0,0.0,0.0,0.5,0.7263018,0.4594137297079759,0.41666666666666663,1.0,1.0,0.0,1.0,0.0,1.0,1.0,1.0,2.0,2020-05-07T00:00:00,EURUSD,H1,2,SELL,18.476792595361054,28,"hit_tp=True,hit_sl=False,regime=2"
0.4120280700368157,0.41810438796141547,0.47077313834283535,0.4604112695758645,0.37363305922401335,0.4094115813712202,0.7300121199530645,0.5382631596275224,0.43019510493006663,0.3894061158035218,0.09596683,0.14532084305018303,0.11981394714673728,0.2748128690473854,0.5,0.5066594,0.009681346514728588,0.8845879293941473,0.8845878697837077,0.0,1.0,0.0,0.39130434,0.33333334,0.35861737,0.5020899293585366,1.0,0.3333333333333333,0.8000001028571486,0.1999999519999923,0.8000000000000003,0.20000000000000007,0.7999999999999998,0.8000000000000003,-1.0,1.56,2020-04-29T09:00:00,EURUSD,H1,3,BUY,-7.644074008947843,31,"hit_tp=False,hit_sl=True,regime=3"
0.41395796454318595,0.40895088213608277,0.4637431464382028,0.4552592270303545,0.2477166730938077,0.35974704344327285,0.6158065330086026,0.5780801351435423,0.3809207371603952,0.3143469586034531,0.2030516,0.10844601635903836,0.3408516798804603,0.8136034786639308,0.5,0.5360723,0.01133822669301837,0.9859578416241894,0.9859578417955569,0.0,1.0,0.0,1.0,1.0,0.13806084,0.5549096228945397,1.0,0.3333333333333333,0.8000001028571486,0.1999999519999923,0.8000000000000003,0.20000000000000007,0.7999999999999998,0.8000000000000003,-1.0,1.3,2020-02-23T23:00:00,EURUSD,H1,3,BUY,-8.258671483614144,7,"hit_tp=False,hit_sl=True,regime=3"
0.4160570883608095,0.4199374851262144,0.48523442874020883,0.47109698817869905,0.220466123752904,0.2331607377279177,0.3818978366550217,0.3085762191697333,0.5449354069634694,0.6795840921602505,0.806971,0.645849146140058,0.4805580975097215,0.8572228049859167,0.5,0.50016224,0.01581356262641102,0.9362734429900805,0.9362734681753468,0.0,1.0,0.0,0.73913044,0.5,0.4165361,0.4579067790443874,1.0,0.3333333333333333,0.8000001028571486,0.1999999519999923,0.8000000000000003,0.20000000000000007,0.7999999999999998,0.8000000000000003,1.0,1.95,2020-04-09T17:00:00,EURUSD,H1,3,BUY,9.089813466638397,6,"hit_tp=True,hit_sl=False,regime=3"
0.4105914308923196,0.41008519844768365,0.48031039151495053,0.47128804183409717,0.12155440565847393,0.3046259807279456,0.33110452436882715,0.32753934336110385,0.663622876332078,0.5378734041805951,0.5965109,0.4694950636017729,0.031044976416636717,0.3025284340426821,0.5,0.67437875,0.05928219790941926,0.882209754215976,0.8822097678572433,1.0,0.0,0.0,0.9130435,0.6666667,0.6583384,0.5573849659458477,0.41666666666666663,1.0,1.0,0.0,1.0,0.0,1.0,1.0,-1.0,1.3,2020-06-12T21:00:00,EURUSD,H1,2,SELL,-10.49620454188327,9,"hit_tp=False,hit_sl=True,regime=2"
0.42240130478255067,0.4218075161309459,0.4750359092976344,0.45473258854938564,0.5682302076621534,0.6066892731789174,0.5637173922935116,0.47547322019858407,0.44185887290081405,0.4488291871487956,0.2544185,0.4168342046671233,0.7175585726827405,0.931219398865197,0.5,0.42571023,0.035475201495357496,0.9922423006011131,0.992242398326032,1.0,0.0,0.0,0.0,1.0,0.24041657,0.494207453670855,1.0,0.41666666666666663,1.0,0.0,1.0,0.0,1.0,1.0,-1.0,1.56,2020-06-07T00:00:00,EURUSD,H1,1,BUY,-12.94618466239017,60,"hit_tp=False,hit_sl=True,regime=1"
0.4214705340300821,0.42952775663465115,0.48790264058964494,0.47808060997886326,0.2749180168919347,0.25673680426734063,0.40714980712406884,0.42879720501988056,0.4253916522885873,0.572376594359564,0.47404736,0.6840912012642171,0.13953880744614713,0.7507492960752004,0.5,0.3508406,0.02150611716159267,0.7970408369870334,0.7970408760752447,1.0,0.0,0.0,0.26086956,1.0,0.36664522,0.47496553015308984,1.0,0.41666666666666663,1.0,0.0,1.0,0.0,1.0,1.0,-1.0,1.3,2020-11-29T06:00:00,EURUSD,H1,1,BUY,-13.101066220999602,5,"hit_tp=False,hit_sl=True,regime=1"
0.5467474213541514,0.5538790751152413,0.684464383324219,0.7398680653679265,0.26452574037352367,0.21011075445488614,0.4223101080960091,0.40015300357249295,0.8148281315613246,0.7070138183616174,0.91212326,0.8473702028849541,0.06386137601855334,0.29228246211954795,0.5,0.87493044,0.5157815238712979,0.3998235211253975,0.39982350892377067,0.0,0.0,1.0,0.17391305,0.8333333,0.96302146,0.5727535505048111,0.0,1.0,0.0,1.0,0.0,1.0,0.0,0.0,-1.0,1.3,2020-04-11T04:00:00,EURUSD,H1,5,SELL,-111.99909672610752,13,"hit_tp=False,hit_sl=True,regime=5"
0.41373096416241256,0.4363554327137448,0.49490909304261066,0.4846460370303562,0.4621760360075743,0.3921494288461893,0.4641753399171137,0.3877019511382623,0.7531969310662361,0.6863347811030406,0.72792166,0.6556119481486044,0.01375226752435232,0.30792759851114754,0.5,0.8004259,0.06136976188298254,0.7892317352632847,0.7892317744467965,1.0,0.0,0.0,0.13043478,0.0,0.750387,0.4238246727107086,0.41666666666666663,1.0,1.0,0.0,1.0,0.0,1.0,1.0,1.0,1.95,2020-05-18T03:00:00,EURUSD,H1,2,SELL,22.010161489141037,16,"hit_tp=True,hit_sl=False,regime=2"
0.41997507414036056,0.4334069998936613,0.5037524082426366,0.4951207579179256,0.22995697376078136,0.2782269129587239,0.3490530488093536,0.3486907969343703,0.8194900318122214,0.8137047607611485,0.82340723,0.8967931518671085,0.5330279473330325,0.14579861583588175,0.5,0.88607585,0.04698116620144638,0.9598877588987864,0.9598876373505008,1.0,0.0,0.0,0.04347826,0.16666667,0.8599972,0.4382436581361783,0.41666666666666663,1.0,1.0,0.0,1.0,0.0,1.0,1.0,-1.0,1.3,2020-09-29T01:00:00,EURUSD,H1,2,SELL,-9.858711927750452,5,"hit_tp=False,hit_sl=True,regime=2"
0.4161472130793183,0.4172111729999894,0.4827356336459274,0.45685506641856877,0.2827725416380707,0.29033321603688034,0.4851820819569886,0.3731931373646597,0.14572800575793113,0.25074816547257295,0.2328424,0.2292126369203668,0.437643369375381,0.1755797354450883,0.5,0.23160669,0.016961036531110623,0.8753918313675707,0.8753918328882615,1.0,0.0,0.0,0.26086956,0.16666667,0.2322719,0.45954938073764184,1.0,0.41666666666666663,1.0,0.0,1.0,0.0,1.0,1.0,-1.0,1.3,2020-03-10T06:00:00,EURUSD,H1,1,BUY,-12.113441954642036,14,"hit_tp=False,hit_sl=True,regime=1"
0.43154512681566537,0.4306800894694626,0.47957329284324274,0.4646333198960298,0.31459497280402454,0.2978839478042876,0.40063273784546116,0.3493676532769002,0.34338699146061946,0.38423474645855216,0.31407976,0.46917459344617973,0.2466542944698167,0.23521058897068015,0.5,0.39947116,0.023267082177212427,0.951639919050369,0.9516399806594485,1.0,0.0,0.0,0.73913044,0.8333333,0.30418944,0.5873747966256497,1.0,0.41666666666666663,1.0,0.0,1.0,0.0,1.0,1.0,-1.0,1.56,2020-03-07T17:00:00,EURUSD,H1,1,BUY,-10.857000322481714,24,"hit_tp=False,hit_sl=True,regime=1"
0.42459668677586326,0.3567609303489414,0.43147157453549395,0.45098271571614096,0.5496187265876386,0.804572385029103,0.7001367527809939,0.4721480574183267,0.33151393130432966,0.4708527919716103,0.27740866,0.384305890505078,0.41768231006792367,0.8375916273055206,0.5,0.3876488,0.0837338709006794,0.6665366557215431,0.6665366719948373,0.0,0.0,1.0,0.7826087,0.0,0.20001961,0.3666776253804062,1.0,0.08333333333333331,0.2000000400000022,0.7999999279999885,0.20000000000000018,0.7999999999999999,0.1999999999999999,0.20000000000000018,-1.0,1.56,2020-05-11T18:00:00,EURUSD,H1,4,BUY,-53.4739507287818,37,"hit_tp=False,hit_sl=True,regime=4"
0.41482565150624984,0.4256736271983614,0.5018851381678326,0.4813162960226827,0.15968541931425045,0.2481781011255254,0.3326416487916127,0.4182572102793081,0.4031192935298737,0.618902529797396,0.43181348,0.7528671497172473,0.024844324642424732,0.30446441568687915,0.5,0.27897137,0.019531330068013632,0.7955001950835384,0.7955002708018933,1.0,0.0,0.0,0.0,0.6666667,0.5346501,0.6410024114271203,1.0,0.41666666666666663,1.0,0.0,1.0,0.0,1.0,1.0,1.0,1.95,2020-04-24T00:00:00,EURUSD,H1,1,BUY,18.51795317328264,19,"hit_tp=True,hit_sl=False,regime=1"
0.41447172028293067,0.4135508917806787,0.480554517705115,0.4658452875982104,0.2653796084397865,0.16555632508898574,0.31330704662436093,0.36738876986738284,0.30198545350254064,0.3555060381784329,0.2635585,0.24013812838817883,0.3184015353536773,0.21280958068981876,0.5,0.3527696,0.015609074752167409,0.8887799891286279,0.8887801125237396,1.0,0.0,0.0,0.9130435,0.16666667,0.24699946,0.45472577183203333,1.0,0.41666666666666663,1.0,0.0,1.0,0.0,1.0,1.0,-1.0,1.3,2020-06-02T21:00:00,EURUSD,H1,1,BUY,-10.612150982893809,3,"hit_tp=False,hit_sl=True,regime=1"
0.37017561420419287,0.351107226717973,0.4345564898517674,0.42619847121473575,0.7645965595089187,0.5537730630667433,0.552185098386718,0.5121974934906063,0.5018369345787522,0.4857748173618846,0.18529892,0.27696867451242185,0.13297023651998344,0.7486984393286235,0.5,0.34417894,0.07483550975114642,0.8416159519231565,0.8416159172446989,0.0,0.0,1.0,0.9130435,0.8333333,0.21875802,0.5453326098891257,1.0,0.08333333333333331,0.2000000400000022,0.7999999279999885,0.20000000000000018,0.7999999999999999,0.1999999999999999,0.20000000000000018,-1.0,1.3,2020-02-01T21:00:00,EURUSD,H1,4,BUY,-52.81065525802431,10,"hit_tp=False,hit_sl=True,regime=4"
0.4093306854430856,0.4169424802368222,0.4810851522669329,0.4808132909940953,0.3212564858011385,0.4861329252194892,0.5066674449419993,0.41089547990740977,0.3882213662600955,0.6566980878102369,0.45824283,0.5758549546578243,0.4563380560493262,0.8496607909430363,0.5,0.3587373,0.026249097971602624,0.802372095254561,0.8023722197041756,1.0,0.0,0.0,0.4347826,0.8333333,0.3415522,0.5976770007483971,1.0,0.41666666666666663,1.0,0.0,1.0,0.0,1.0,1.0,-1.0,1.3,2020-05-23T10:00:00,EURUSD,H1,1,BUY,-11.301177925009398,8,"hit_tp=False,hit_sl=True,regime=1"
0.3628448059549617,0.3813508399401591,0.45275556625943525,0.5156759784912435,0.3882079288857534,0.2859778005290485,0.5186209267512689,0.48540120064918457,0.6588017870527063,0.676314144599419,0.6688274,0.745560450455853,0.027557722606812034,0.7157864163633992,0.5,0.607108,0.25810418809128477,0.6605246461516798,0.6605247479248081,0.0,0.0,1.0,0.9130435,1.0,0.63837457,0.5335664814879528,0.08333333333333331,1.0,0.2000000400000022,0.7999999279999885,0.20000000000000018,0.7999999999999999,0.1999999999999999,0.20000000000000018,-1.0,1.3,2020-02-23T21:00:00,EURUSD,H1,4,SELL,-46.41291330685915,19,"hit_tp=False,hit_sl=True,regime=4"
0.4217607321384497,0.4284831455134786,0.4914402765579926,0.46814441718052135,0.24218921791992912,0.26354557156469,0.4587944668300738,0.4557173839363029,0.5673139733922676,0.6548652965725121,0.6356083,0.48501141810466014,0.356801426055558,0.8185832866268156,0.5,0.60150546,0.020464710939744963,0.7935648340928335,0.7935647511856584,1.0,0.0,0.0,0.4347826,0.33333334,0.44496828,0.5209429069321785,1.0,0.41666666666666663,1.0,0.0,1.0,0.0,1.0,1.0,1.0,2.0,2020-04-01T10:00:00,EURUSD,H1,1,BUY,19.520841437861147,29,"hit_tp=True,hit_sl=False,regime=1"
0.4088920110230287,0.4172836036219931,0.4755223833567119,0.45673377283055355,0.323206516224268,0.294419817096397,0.39678325323072355,0.43657961468793843,0.29486466095356967,0.27175454352360134,0.15789393,0.22769020335575474,0.10735182478186855,0.7406998617744305,0.5,0.19157368,0.011047741210016233,0.9893043624037685,0.9893042893116116,0.0,1.0,0.0,0.9130435,1.0,0.15568909,0.42967500331790554,1.0,0.3333333333333333,0.8000001028571486,0.1999999519999923,0.8000000000000003,0.20000000000000007,0.7999999999999998,0.8000000000000003,-1.0,1.3,2020-05-10T21:00:00,EURUSD,H1,3,BUY,-6.652736906649359,8,"hit_tp=False,hit_sl=True,regime=3"
0.4242452916286637,0.3841217382435101,0.4648527067674088,0.3441649718636549,0.2822824627285095,0.31056499298666046,0.37948028060196226,0.31949059885748093,0.3289542713407985,0.26410625065918125,0.21159054,0.15849416970050742,0.6025645745517977,0.12408779909619957,0.5,0.30404615,0.03804121934835898,0.5921292887091022,0.5921292448715443,0.0,0.0,1.0,0.5652174,0.6666667,0.19126448,0.4556549216409343,1.0,0.08333333333333331,0.2000000400000022,0.7999999279999885,0.20000000000000018,0.7999999999999999,0.1999999999999999,0.20000000000000018,-1.0,1.3,2020-05-01T13:00:00,EURUSD,H1,4,BUY,-38.600875662706535,6,"hit_tp=False,hit_sl=True,regime=4"
0.42366139177277423,0.4343954044708155,0.48155096483011584,0.4714046580056816,0.28692215620908984,0.25042882079525736,0.33366294212894765,0.41222162573093857,0.46361636022717273,0.502787479145001,0.3702325,0.4768280435459696,0.06374949714632563,0.2923173844279244,0.5,0.46591574,0.018877295494801268,0.8705754872246612,0.8705754888041297,1.0,0.0,0.0,0.39130434,0.33333334,0.38947824,0.5373486107990839,1.0,0.41666666666666663,1.0,0.0,1.0,0.0,1.0,1.0,-1.0,1.3,2020-04-22T09:00:00,EURUSD,H1,1,BUY,-10.898286921718904,17,"hit_tp=False,hit_sl=True,regime=1"
0.41232927113685286,0.4231423492250743,0.49006505823451113,0.4794631628796109,0.4940677673180787,0.4101472682991536,0.49297396623051076,0.42935359118112126,0.4654502847891056,0.6190219844354283,0.5279948,0.5477567765143793,0.1380230082901366,0.7502760369924169,0.5,0.47407305,0.02035038663639732,0.7899244096594926,0.7899243634080866,1.0,0.0,0.0,0.47826087,0.5,0.4076923,0.4320272730891689,1.0,0.41666666666666663,1.0,0.0,1.0,0.0,1.0,1.0,-1.0,1.56,2020-08-06T11:00:00,EURUSD,H1,1,BUY,-11.631133055391984,25,"hit_tp=False,hit_sl=True,regime=1"
0.4135316091477941,0.4140226173285181,0.48933944955521935,0.48189020088408313,0.4504715344104927,0.6356064397487659,0.6174761909795744,0.47609674065684715,0.27922143263703153,0.46181881569389327,0.36827648,0.5012571097348754,0.5381905167231396,0.1441867716675624,0.5,0.3765107,0.012964400253907713,0.7625479366036528,0.7625478662787818,1.0,0.0,0.0,0.04347826,0.8333333,0.40310282,0.5096958308135034,1.0,0.41666666666666663,1.0,0.0,1.0,0.0,1.0,1.0,1.0,2.0,2020-07-04T01:00:00,EURUSD,H1,1,BUY,22.701878551700805,41,"hit_tp=True,hit_sl=False,regime=1"
0.4834050770446604,0.5021296077636842,0.5801893851078268,0.5794718323064368,0.28084339886414383,0.4733995461557861,0.46266498326325023,0.4384405276611919,0.6930569756670909,0.6719897953874938,0.9993201,0.8555481001882556,0.1352689102812845,0.7494161487939403,0.5,0.7063889,0.20047568427111948,0.8887031053093902,0.8887031310751946,0.0,0.0,1.0,0.6956522,0.0,0.8334048,0.5019100885018678,0.08333333333333331,1.0,0.2000000400000022,0.7999999279999885,0.20000000000000018,0.7999999999999999,0.1999999999999999,0.20000000000000018,-1.0,1.3,2020-06-08T16:00:00,EURUSD,H1,4,SELL,-47.61244614563953,8,"hit_tp=False,hit_sl=True,regime=4"
0.4258409626075997,0.4375217056464734,0.5029455281080263,0.49853418300716057,0.2590134141044413,0.4198840831342159,0.5280894550893002,0.5121662110955644,0.8998799298406747,0.8304137516006285,0.93501186,0.9121288279436124,0.6713697109714092,0.9167982645449537,0.5,0.8067498,0.0729960001219644,0.7988985331165274,0.7988985355707257,1.0,0.0,0.0,0.9130435,0.6666667,0.78351134,0.4219605454022487,0.41666666666666663,1.0,1.0,0.0,1.0,0.0,1.0,1.0,1.0,2.0,2020-01-31T21:00:00,EURUSD,H1,2,SELL,25.75793063825937,90,"hit_tp=True,hit_sl=False,regime=2"
0.42404457013459335,0.4242769140466358,0.48646011827191427,0.4666232005093041,0.4921241300772986,0.5738278070195223,0.5740026685038867,0.44728691331042314,0.3623192179971343,0.4794856544255421,0.37462595,0.4292210380158272,0.3431593261515638,0.8143239895383715,0.5,0.29269838,0.024001310193359778,0.9093489735686732,0.9093489746749586,1.0,0.0,0.0,0.3043478,0.33333334,0.3162504,0.45597975250636297,1.0,0.41666666666666663,1.0,0.0,1.0,0.0,1.0,1.0,-1.0,1.3,2020-04-15T07:00:00,EURUSD,H1,1,BUY,-14.283394160305996,19,"hit_tp=False,hit_sl=True,regime=1"
0.4170178861716953,0.4225439576948971,0.47574383408950704,0.46182428901609435,0.4320761038570521,0.5082471130798267,0.620058986529249,0.5016284486714964,0.24572336406632786,0.3516164452150055,0.18790925,0.34176982944487033,0.08446521852825126,0.28584948873243793,0.5,0.35495737,0.02728676787864172,0.9768001733034508,0.9768002468092606,1.0,0.0,0.0,1.0,0.6666667,0.2524869,0.6296879919406811,1.0,0.41666666666666663,1.0,0.0,1.0,0.0,1.0,1.0,1.0,1.95,2020-04-17T23:00:00,EURUSD,H1,1,BUY,23.018326316412985,13,"hit_tp=True,hit_sl=False,regime=1"
0.42055530255625123,0.42692431320045143,0.4783439376645835,0.45785664823471306,0.2935941008300755,0.2922013999549846,0.4483632364181379,0.3987233621623027,0.2602595769571134,0.4139564829949679,0.23287654,0.3557411719192634,0.22492805573390093,0.24199399437955307,0.5,0.4002276,0.01616265339102619,0.8572233550246181,0.8572233323594717,1.0,0.0,0.0,1.0,0.5,0.25723884,0.5007455356273457,1.0,0.41666666666666663,1.0,0.0,1.0,0.0,1.0,1.0,-1.0,1.3,2020-02-13T23:00:00,EURUSD,H1,1,BUY,-11.316316866594178,8,"hit_tp=False,hit_sl=True,regime=1"
0.4110066337267237,0.4203760499476452,0.48546809437480287,0.47272947381100217,0.2812946672526108,0.26730436820718284,0.4459713450666,0.41202539162640855,0.35163838639724626,0.4911735133766968,0.43929943,0.6829464954601459,0.25423329024986957,0.7865593681148512,0.5,0.3374473,0.021692544833467768,0.9065001229713975,0.9065000020746427,1.0,0.0,0.0,1.0,0.6666667,0.31866843,0.39208810705224567,1.0,0.41666666666666663,1.0,0.0,1.0,0.0,1.0,1.0,-1.0,1.56,2020-03-13T23:00:00,EURUSD,H1,1,BUY,-12.43084461757249,42,"hit_tp=False,hit_sl=True,regime=1"
0.4232166682030711,0.43007605126341103,0.4870515579587761,0.48286287237640774,0.22820758433714733,0.2939463200748384,0.4421574895289028,0.4172273632712695,0.4566841102776129,0.6247665005459805,0.6196027,0.7512056750102749,0.1729417039388115,0.7611784050657148,0.5,0.40374917,0.013388318951697476,0.9346806055159698,0.9346806063131136,0.0,1.0,0.0,0.6086956,0.16666667,0.4966245,0.6897209200699315,1.0,0.3333333333333333,0.8000001028571486,0.1999999519999923,0.8000000000000003,0.20000000000000007,0.7999999999999998,0.8000000000000003,1.0,2.0,2020-07-21T14:00:00,EURUSD,H1,3,BUY,9.887668015784444,38,"hit_tp=True,hit_sl=False,regime=3"
0.43074337685818204,0.3912267103331137,0.3862264268753393,0.3644283167963791,0.23531665670090737,0.21856718728731472,0.2873155981543844,0.4279863197951453,0.15690030554324888,0.19189667892316278,0.1641243,0.11876286912216819,0.17828770102931343,0.7628475192782868,0.5,0.32704502,0.0295285867929183,0.5356640179051919,0.535663962552943,0.0,0.0,1.0,0.5217391,1.0,0.17196755,0.44653872593727134,1.0,0.08333333333333331,0.2000000400000022,0.7999999279999885,0.20000000000000018,0.7999999999999999,0.1999999999999999,0.20000000000000018,-1.0,1.3,2020-01-05T12:00:00,EURUSD,H1,4,BUY,-37.47985279873412,1,"hit_tp=False,hit_sl=True,regime=4"
0.4121957294543443,0.4175731991043259,0.47185186485693664,0.46613162236649464,0.3984852989320909,0.41796156219948033,0.5687958226837537,0.5036073298337154,0.3681148846158642,0.5347919983799733,0.2655542,0.37116067028935246,0.030402193214396148,0.7166745265927603,0.5,0.41358104,0.0225310561100932,0.8305368593294224,0.8305368369899521,1.0,0.0,0.0,0.2173913,0.8333333,0.19011487,0.6860559210521489,1.0,0.41666666666666663,1.0,0.0,1.0,0.0,1.0,1.0,1.0,2.0,2020-11-14T05:00:00,EURUSD,H1,1,BUY,26.311272217687254,86,"hit_tp=True,hit_sl=False,regime=1"
0.45151828611474215,0.4597205953360314,0.5664668475098164,0.5451831972699845,0.5041429712737114,0.48812265370948316,0.3757083048565759,0.3909669312648399,0.7558715353676966,0.8236266327179358,0.9207368,0.7651791678145616,0.14512054104419111,0.7524920209225637,0.5,0.79354674,0.23285905812065788,0.6876018580939727,0.6876019351290953,0.0,0.0,1.0,0.82608694,0.33333334,0.8771299,0.33212168377411816,0.08333333333333331,1.0,0.2000000400000022,0.7999999279999885,0.20000000000000018,0.7999999999999999,0.1999999999999999,0.20000000000000018,-1.0,1.3,2020-01-08T19:00:00,EURUSD,H1,4,SELL,-38.35197699153081,2,"hit_tp=False,hit_sl=True,regime=4"
0.41591659081997695,0.4186231748279571,0.4792380934341184,0.46045149562720045,0.5397465061715988,0.38290388688689264,0.5170808975843283,0.4566390310128316,0.14936186761085876,0.21593899744084483,0.25535658,0.3225232510175926,0.5907489353932119,0.89162676603286,0.5,0.21468951,0.01296491398275682,0.881099588477527,0.8810995411134389,0.0,1.0,0.0,0.5652174,0.6666667,0.21189216,0.7407322895799613,1.0,0.3333333333333333,0.8000001028571486,0.1999999519999923,0.8000000000000003,0.20000000000000007,0.7999999999999998,0.8000000000000003,-1.0,1.3,2020-02-21T13:00:00,EURUSD,H1,3,BUY,-6.082083448502029,6,"hit_tp=False,hit_sl=True,regime=3"
0.41568308529607223,0.4551148485607432,0.48135287092185786,0.47393587140939647,0.6815943854975002,0.5160958545982444,0.5129908339695122,0.37985606277873285,0.6122129954512397,0.5475953440133775,0.7254407,0.5300170113307892,0.17073479027775834,0.7604893566149801,0.5,0.54770184,0.22068832735984947,0.8440070020901048,0.8440070284013707,0.0,0.0,1.0,0.13043478,0.0,0.69557583,0.6457077056346243,0.08333333333333331,1.0,0.2000000400000022,0.7999999279999885,0.20000000000000018,0.7999999999999999,0.1999999999999999,0.20000000000000018,-1.0,1.3,2020-01-20T03:00:00,EURUSD,H1,4,SELL,-48.12947899574205,2,"hit_tp=False,hit_sl=True,regime=4"
0.3729187880729143,0.31912829307530743,0.3965386261963517,0.422521937928414,0.26009086054198743,0.30611621875562395,0.6443826154739215,0.5783091198781305,0.29693341408299295,0.2992403564530244,0.0,0.15020313664422338,0.3950236240633093,0.18888654314997766,0.5,0.34620956,0.08189946622094221,0.8411576999529385,0.8411576652800732,0.0,0.0,1.0,0.08695652,1.0,0.2505449,0.5992482237125504,1.0,0.08333333333333331,0.2000000400000022,0.7999999279999885,0.20000000000000018,0.7999999999999999,0.1999999999999999,0.20000000000000018,-1.0,1.3,2020-03-15T02:00:00,EURUSD,H1,4,BUY,-54.600928581751695,4,"hit_tp=False,hit_sl=True,regime=4"
0.42222229916044357,0.4217982099447016,0.49532915926698434,0.5624012921518715,0.32420942840423334,0.437987505167537,0.5250976789163833,0.4193282277957639,0.6305387686388448,0.8029377430349788,0.7032064,0.6391178021280978,0.2922382055202395,0.22097832386297245,0.5,0.56647915,0.20235308140292327,0.9205217789954113,0.9205216579275393,0.0,0.0,1.0,0.4347826,0.5,0.7814612,0.5010462276949595,0.08333333333333331,1.0,0.2000000400000022,0.7999999279999885,0.20000000000000018,0.7999999999999999,0.1999999999999999,0.20000000000000018,-1.0,1.3,2020-04-02T10:00:00,EURUSD,H1,4,SELL,-47.25617608960509,11,"hit_tp=False,hit_sl=True,regime=4"
0.39648590515386495,0.38958162434781846,0.46114874891853663,0.4590100816741881,0.2135908417711648,0.16439256656994308,0.3180540420296256,0.3790297760683161,0.8063162389922196,0.6005565466320173,0.6215116,0.3727830840509477,0.15070315339319504,0.26516860514743734,0.5,0.7314669,0.3043133126917821,0.6226169204274071,0.6226169982555917,0.0,0.0,1.0,0.73913044,0.0,0.66875917,0.678854163655431,0.08333333333333331,1.0,0.2000000400000022,0.7999999279999885,0.20000000000000018,0.7999999999999999,0.1999999999999999,0.20000000000000018,-1.0,1.3,2020-02-24T17:00:00,EURUSD,H1,4,SELL,-41.09515659030505,4,"hit_tp=False,hit_sl=True,regime=4"
0.41786948754754893,0.42480222505465565,0.47603236857395115,0.44597222037067685,0.15001480375535045,0.2712880207303998,0.3708426745523729,0.35109450740396836,0.2674746152898207,0.2989050135695519,0.29228434,0.42569737762106663,0.06728633101031661,0.7281905361145014,0.5,0.36423108,0.021493932270949465,0.9769260675065072,0.9769260677880967,1.0,0.0,0.0,0.8695652,0.6666667,0.20554836,0.4728802545619131,1.0,0.41666666666666663,1.0,0.0,1.0,0.0,1.0,1.0,-1.0,1.3,2020-02-21T20:00:00,EURUSD,H1,1,BUY,-9.533381218229664,12,"hit_tp=False,hit_sl=True,regime=1"
0.4134905099772117,0.4212478939503211,0.4816141781791822,0.47527435254998823,0.2862124153624707,0.25986835142437903,0.3690505025621038,0.417482311794463,0.6398093020033933,0.5033398396981718,0.5642643,0.41155295387637625,0.30970486085256044,0.21552487276432966,0.5,0.65291095,0.05515153615089583,0.9423095550270858,0.942309458100882,1.0,0.0,0.0,0.0,1.0,0.6821576,0.5676399196558509,0.41666666666666663,1.0,1.0,0.0,1.0,0.0,1.0,1.0,-1.0,1.3,2020-02-16T00:00:00,EURUSD,H1,2,SELL,-12.00437409571098,3,"hit_tp=False,hit_sl=True,regime=2"
0.4289671564185665,0.4328437133705737,0.49286884749727783,0.47445061844694686,0.4874004955765584,0.46161700967861347,0.5767877849992945,0.4870599616318729,0.35497693662935637,0.5332699189647708,0.42760924,0.5518932200703998,0.29111742804579016,0.7980753545321873,0.5,0.47232592,0.02072753383357218,0.7590722998228779,0.7590722295404229,1.0,0.0,0.0,0.82608694,1.0,0.37082043,0.51960706607073,1.0,0.41666666666666663,1.0,0.0,1.0,0.0,1.0,1.0,1.0,2.0,2020-11-08T19:00:00,EURUSD,H1,1,BUY,24.02151198262814,29,"hit_tp=True,hit_sl=False,regime=1"
0.4252529698625435,0.42695541130887976,0.48814556341236404,0.4848714589064358,0.07706655562701253,0.17174389962494052,0.3002524645513205,0.39511512966369217,0.8269137499472109,0.7363948292266067,0.8052933,0.5513497039036815,0.1807505624699895,0.7636164627620122,0.5,0.7647753,0.05704624391217454,0.9067988715261496,0.9067988482559944,1.0,0.0,0.0,0.9130435,0.16666667,0.7967038,0.47387631799879953,0.41666666666666663,1.0,1.0,0.0,1.0,0.0,1.0,1.0,-1.0,1.3,2020-04-28T21:00:00,EURUSD,H1,2,SELL,-9.256380577489232,3,"hit_tp=False,hit_sl=True,regime=2"
0.41665173017893237,0.41705591296173294,0.49031119892223785,0.4674054842471375,0.4474477909730974,0.5991732256203843,0.5455776511190848,0.4055728283334001,0.44703843092789936,0.41652741306118607,0.5324275,0.5223371385452793,0.16889265076522098,0.25948944128107276,0.5,0.61703295,0.07481053476770863,0.7578577307394164,0.7578577092869064,1.0,0.0,0.0,0.65217394,1.0,0.59131324,0.4239292776617259,0.41666666666666663,1.0,1.0,0.0,1.0,0.0,1.0,1.0,-1.0,1.56,2020-08-09T15:00:00,EURUSD,H1,2,SELL,-12.764581094661942,29,"hit_tp=False,hit_sl=True,regime=2"
0.4058760699781916,0.4076198887110265,0.4679939462620862,0.47026606686822225,0.4176844525528325,0.5302610337660789,0.5111770602426472,0.38128864065895585,0.4436001030499362,0.44814468395741525,0.18128568,0.23895469635989325,0.16530716184807429,0.26060891613550313,0.5,0.4305612,0.015952402005760046,0.9328369315306511,0.9328369811654172,1.0,0.0,0.0,0.04347826,0.0,0.4093171,0.5300637878475754,1.0,0.41666666666666663,1.0,0.0,1.0,0.0,1.0,1.0,1.0,2.0,2020-04-27T01:00:00,EURUSD,H1,1,BUY,20.459947532283085,33,"hit_tp=True,hit_sl=False,regime=1"
0.3155916261289563,0.2871067096840461,0.4188049296995002,0.3894997874294871,0.550721343130503,0.4967604097184553,0.5258540154640857,0.43646184126484255,0.3516257508893119,0.49603746305070523,0.1977913,0.41545404788277723,0.4253209221631074,0.8399765217655799,0.5,0.28738505,0.17125893366152845,0.7413399133841537,0.7413398921332234,0.0,0.0,1.0,0.82608694,0.6666667,0.20952573,0.5400314447933117,1.0,0.0,0.0,1.0,0.0,1.0,0.0,0.0,1.0,2.0,2020-01-17T19:00:00,EURUSD,H1,5,BUY,210.0259537923277,37,"hit_tp=True,hit_sl=False,regime=5"
0.41418488059872477,0.40950523418492757,0.4590021839756577,0.45191716869106446,0.42950981457806875,0.3427435477355817,0.33515314941829283,0.3259795384221185,0.17248286709148192,0.2874460913185652,0.08288917,0.2401633744782966,0.11225465388820934,0.2771730417939397,0.5,0.09466158,0.019143638955799916,0.9912185864460734,0.9912185011267752,1.0,0.0,0.0,0.6086956,1.0,0.06288694,0.530265293877967,1.0,0.41666666666666663,1.0,0.0,1.0,0.0,1.0,1.0,1.0,1.95,2020-01-12T14:00:00,EURUSD,H1,1,BUY,13.648350935930864,11,"hit_tp=True,hit_sl=False,regime=1"
0.3725481606124547,0.4824229654220338,0.5760038673349712,0.5840318247151665,0.17985069991498895,0.29275264070803103,0.30799954590392004,0.2726275784800644,0.4833052373135356,0.5041833994675319,0.72178113,0.7331631190343199,0.01854719526281091,0.30643051969928375,0.5,0.49605396,0.40994305555940547,0.7350063708007263,0.735006276404405,0.0,0.0,1.0,0.73913044,0.0,0.68687993,0.5490856426727995,0.0,1.0,0.0,1.0,0.0,1.0,0.0,0.0,-1.0,1.3,2020-02-24T17:00:00,EURUSD,H1,5,SELL,-84.74492383653055,10,"hit_tp=False,hit_sl=True,regime=5"
0.42548291348429185,0.3428845099462916,0.42168748093259734,0.4041933130257152,0.7253863913134416,0.645779117898077,0.5500514534981255,0.5569425548929813,0.3501720244744404,0.4000636514675559,0.062820144,0.2208847541069924,0.2869840610300867,0.22261879825925404,0.5,0.4954026,0.045686317719117825,0.6051726164389881,0.6051725480346911,0.0,0.0,1.0,0.7826087,0.6666667,0.18148033,0.4049056409886388,1.0,0.08333333333333331,0.2000000400000022,0.7999999279999885,0.20000000000000018,0.7999999999999999,0.1999999999999999,0.20000000000000018,1.0,2.0,2020-03-20T18:00:00,EURUSD,H1,4,BUY,90.09577397634638,49,"hit_tp=True,hit_sl=False,regime=4"
0.4070009615271605,0.42118265997957266,0.48284320735709757,0.47063103238222365,0.3475672007344937,0.38630095199399495,0.4534675705078384,0.3268361486802197,0.44694249088380994,0.3982078391992066,0.16548698,0.45862037874922806,0.20442485333415225,0.24839554057717508,0.5,0.6399837,0.007710522571268329,0.9778755582665305,0.9778756439629973,0.0,1.0,0.0,0.47826087,0.8333333,0.37712532,0.3081426233793911,1.0,0.3333333333333333,0.8000001028571486,0.1999999519999923,0.8000000000000003,0.20000000000000007,0.7999999999999998,0.8000000000000003,-1.0,1.3,2020-03-07T11:00:00,EURUSD,H1,3,BUY,-5.663222911900245,15,"hit_tp=False,hit_sl=True,regime=3"
0.40803227419139465,0.42045656126533704,0.4795810394560225,0.45834379931623775,0.2809408826942422,0.2532464593006281,0.36483540625742555,0.3047561862790216,0.09319634489093831,0.19831310634613164,0.16637474,0.21130018604603523,0.3173909717496367,0.21312508751515463,0.5,0.08968465,0.020924072077266296,0.940884324278913,0.940884398223032,1.0,0.0,0.0,0.13043478,0.6666667,0.21330856,0.586944354589234,1.0,0.41666666666666663,1.0,0.0,1.0,0.0,1.0,1.0,-1.0,1.3,2020-01-31T03:00:00,EURUSD,H1,1,BUY,-10.418396714786391,14,"hit_tp=False,hit_sl=True,regime=1"
0.4182902331199785,0.4352315045853785,0.48801448660221375,0.49871932050003337,0.3543660573455524,0.5697835241648306,0.5269234393090018,0.4271650670333558,0.6002098752968827,0.5761721807762237,0.86259717,0.5413913435916112,0.32310669174406076,0.8080631578322333,0.5,0.66780645,0.1759679700226281,0.9347488246508171,0.9347488254471283,0.0,0.0,1.0,0.5217391,0.6666667,0.689621,0.5791650164484473,0.08333333333333331,1.0,0.2000000400000022,0.7999999279999885,0.20000000000000018,0.7999999999999999,0.1999999999999999,0.20000000000000018,-1.0,1.3,2020-04-10T12:00:00,EURUSD,H1,4,SELL,-46.38676859520796,16,"hit_tp=False,hit_sl=True,regime=4"
0.41167231436872265,0.39115266340872606,0.43346911833164337,0.2647582942906325,0.08201435413406048,0.1445619371800997,0.24356162079208513,0.3389452222115642,0.10840178653863104,0.29815882458943094,0.21522844,0.06241484357632616,0.21624345249597185,0.24470552852256722,0.5,0.12799087,0.02413152567304485,0.31902961905202515,0.31902964810886547,0.0,0.0,1.0,0.82608694,0.6666667,0.197071,0.3131995914663071,1.0,0.0,0.0,1.0,0.0,1.0,0.0,0.0,1.0,1.5,2020-05-01T19:00:00,EURUSD,H1,5,BUY,162.9108158008008,11,"hit_tp=True,hit_sl=False,regime=5"
0.42149407677178935,0.4277325987442239,0.48462745770601234,0.47574958780668325,0.6086956967330998,0.5249940655145116,0.5185734764685849,0.42222850134068207,0.7073818448884126,0.637030606171852,1.0,0.6377875390831207,0.4406354238942005,0.844758151693335,0.5,0.78365535,0.05753755487243171,0.7566394028914588,0.7566393570462554,1.0,0.0,0.0,0.73913044,0.5,0.70358855,0.5077112715524195,0.41666666666666663,1.0,1.0,0.0,1.0,0.0,1.0,1.0,-1.0,1.56,2020-03-05T17:00:00,EURUSD,H1,2,SELL,-13.80200757981731,28,"hit_tp=False,hit_sl=True,regime=2"
0.4089860892391797,0.41758360100025627,0.47984257017247167,0.45737654154585256,0.0590850836306946,0.083416878796592,0.31973447329221033,0.3727321714974907,0.31183082082699987,0.32219061783423864,0.28273293,0.17166194809398394,0.26332794643578145,0.7893989283876537,0.5,0.3091039,0.01593668892517022,0.8261769121820446,0.8261769143033437,1.0,0.0,0.0,0.3478261,0.33333334,0.19918297,0.47859301603262683,1.0,0.41666666666666663,1.0,0.0,1.0,0.0,1.0,1.0,1.0,1.95,2020-04-15T08:00:00,EURUSD,H1,1,BUY,16.68959963095018,15,"hit_tp=True,hit_sl=False,regime=1"
0.42195175658455475,0.41954623938951596,0.47832585990179083,0.4703931506481385,0.32165063037326996,0.33958386204801494,0.42348803700423443,0.44271968363430714,0.3672218971395325,0.5894465203556015,0.5181642,0.5424440822204722,0.25372796219779864,0.786401622788725,0.5,0.33965817,0.025364562688317195,0.9374156436532121,0.9374155956018553,1.0,0.0,0.0,0.95652175,0.6666667,0.33950362,0.4846868833168666,1.0,0.41666666666666663,1.0,0.0,1.0,0.0,1.0,1.0,-1.0,1.3,2020-02-14T22:00:00,EURUSD,H1,1,BUY,-11.977702136554136,4,"hit_tp=False,hit_sl=True,regime=1"
0.41647083040743893,0.4227414653651098,0.4885416441900828,0.4765148555479384,0.6284601589625748,0.497764737594796,0.7075707652208364,0.4853196237138383,0.3829927971594233,0.47809658273947053,0.5029254,0.5979235266353152,0.2791972175229601,0.2250499953334878,0.5,0.16831116,0.007355437071449888,0.8916065556221054,0.8916065081297927,0.0,1.0,0.0,0.6956522,0.16666667,0.44466555,0.6579104286880691,1.0,0.3333333333333333,0.8000001028571486,0.1999999519999923,0.8000000000000003,0.20000000000000007,0.7999999999999998,0.8000000000000003,-1.0,1.3,2020-01-14T16:00:00,EURUSD,H1,3,BUY,-7.524154164681995,5,"hit_tp=False,hit_sl=True,regime=3"
0.41854604922469646,0.4210845875470896,0.48053964827688606,0.46812011494341016,0.48892420810340503,0.5529776133068751,0.4144043688822848,0.29578483585151244,0.6918177160763099,0.60127454806629,0.7982906,0.4538338154077115,0.2242293562205717,0.7771915137658529,0.5,0.5990567,0.04765043431339122,0.7680413587108676,0.7680413981529822,1.0,0.0,0.0,0.6086956,0.0,0.5645852,0.45367779373358486,0.41666666666666663,1.0,1.0,0.0,1.0,0.0,1.0,1.0,-1.0,1.3,2020-06-29T14:00:00,EURUSD,H1,2,SELL,-10.583375193389257,14,"hit_tp=False,hit_sl=True,regime=2"
0.42375088856565396,0.42717403036794,0.49001937524337064,0.47243658336626465,0.5568658380069347,0.7076249897280167,0.5397509549576215,0.3657097082882953,0.3185464708174463,0.41872832451617453,0.42436877,0.42836115963505766,0.12571702609585098,0.2729698017684782,0.5,0.28018537,0.00872619384209121,0.8997730938826242,0.8997731805322362,0.0,1.0,0.0,0.47826087,0.6666667,0.3894139,0.5755668367255279,1.0,0.3333333333333333,0.8000001028571486,0.1999999519999923,0.8000000000000003,0.20000000000000007,0.7999999999999998,0.8000000000000003,-1.0,1.3,2020-07-24T11:00:00,EURUSD,H1,3,BUY,-5.744510634630995,17,"hit_tp=False,hit_sl=True,regime=3"
0.39361745768834444,0.43652877343103824,0.48640205657447166,0.473941200582894,0.6168224197582716,0.4500251180548578,0.77043237024825,0.4897705332198848,0.22198816458855417,0.3404305312405599,0.14749888,0.3636602384762307,0.21835102104849052,0.24404749484768878,0.5,0.4262973,0.0728498230130197,0.7724651438357745,0.7724651466125599,0.0,0.0,1.0,0.9130435,1.0,0.44947392,0.5481861239457146,1.0,0.08333333333333331,0.2000000400000022,0.7999999279999885,0.20000000000000018,0.7999999999999999,0.1999999999999999,0.20000000000000018,-1.0,1.3,2020-02-09T21:00:00,EURUSD,H1,4,BUY,-54.80548838115995,3,"hit_tp=False,hit_sl=True,regime=4"
0.42046240142408403,0.418866031729676,0.47276590947141606,0.46613658070659353,0.3152520431006393,0.3737257417554815,0.49390271221293247,0.4271835398269797,0.4546866589724459,0.4456391403466559,0.28422758,0.2124087521076035,0.1388350204272598,0.7505295500778683,0.5,0.5697597,0.008915344692654323,0.9944231162356792,0.9944230186734929,0.0,1.0,0.0,0.2173913,0.33333334,0.2799175,0.5169018751265505,1.0,0.3333333333333333,0.8000001028571486,0.1999999519999923,0.8000000000000003,0.20000000000000007,0.7999999999999998,0.8000000000000003,-1.0,1.3,2020-01-22T05:00:00,EURUSD,H1,3,BUY,-6.4476927375456405,5,"hit_tp=False,hit_sl=True,regime=3"
0.42111350923534785,0.43212507914592496,0.49281246836990883,0.47839184590182626,0.1624284727647565,0.13932331250440647,0.3913465649332116,0.4206132930028152,0.3517276616701878,0.6275754988276456,0.6980489,0.9069900770805732,0.6865102200124151,0.09787820233264616,0.5,0.39294222,0.014751688098214607,0.9863165107428234,0.9863163888720071,0.0,1.0,0.0,0.6086956,1.0,0.51454335,0.37725222163411926,1.0,0.3333333333333333,0.8000001028571486,0.1999999519999923,0.8000000000000003,0.20000000000000007,0.7999999999999998,0.8000000000000003,-1.0,1.3,2020-03-08T14:00:00,EURUSD,H1,3,BUY,-5.965353101620163,19,"hit_tp=False,hit_sl=True,regime=3"
0.4098948587874471,0.41261198089325213,0.47770449372785856,0.4602153321665124,0.2912346871234512,0.4449147255838705,0.4893124810697547,0.5365705842934885,0.42922035408211784,0.36792278429128494,0.0,0.26190307784193095,0.3815174068077669,0.19310345867284437,0.5,0.59808433,0.010608931767384316,0.9220561603593398,0.9220561613105495,0.0,1.0,0.0,0.9130435,1.0,0.17457515,0.499656637916796,1.0,0.3333333333333333,0.8000001028571486,0.1999999519999923,0.8000000000000003,0.20000000000000007,0.7999999999999998,0.8000000000000003,-1.0,1.56,2020-04-05T21:00:00,EURUSD,H1,3,BUY,-7.557352067160128,41,"hit_tp=False,hit_sl=True,regime=3"
0.41263895963193137,0.42721708823247956,0.4875282308498649,0.48868868145551314,0.266558174524874,0.3308190567882548,0.43854972375055784,0.3128494123108435,0.6736686766975828,0.6384331828884151,0.87688375,0.7206502986685998,0.06266590471250091,0.726747954818273,0.5,0.7183504,0.057993091917733164,0.8989221852641567,0.8989221864976883,1.0,0.0,0.0,0.7826087,0.16666667,0.70876914,0.5977529389117358,0.41666666666666663,1.0,1.0,0.0,1.0,0.0,1.0,1.0,1.0,2.0,2020-06-02T18:00:00,EURUSD,H1,2,SELL,20.02570622650968,35,"hit_tp=True,hit_sl=False,regime=2"
0.41745790482166173,0.4163741562570165,0.4753494877036501,0.4681086821589037,0.39513034228622473,0.5180563720128245,0.5304131768754788,0.42968175668926184,0.4004587230114582,0.350553296533487,0.17091866,0.29075900383926895,0.2638332744878523,0.22984696774147936,0.5,0.42374262,0.014723000823259719,0.7900230894312952,0.7900230431786847,1.0,0.0,0.0,0.26086956,0.6666667,0.27906972,0.6235864836735465,1.0,0.41666666666666663,1.0,0.0,1.0,0.0,1.0,1.0,-1.0,1.3,2020-05-22T06:00:00,EURUSD,H1,1,BUY,-11.382034711915344,3,"hit_tp=False,hit_sl=True,regime=1"
0.429706070269896,0.5477095047689328,0.5910689377059068,0.5425558957286744,0.5341233118719653,0.4542580899458223,0.43520908412773335,0.3110287709266095,0.5589594735274077,0.4805817967135821,0.859234,0.611641961913647,0.06596894457107202,0.29162441400441635,0.5,0.4872104,0.6749057778787988,0.7756963388864969,0.7756962195860431,0.0,0.0,1.0,0.7826087,1.0,0.8420282,0.6202260653443022,0.0,1.0,0.0,1.0,0.0,1.0,0.0,0.0,-1.0,1.56,2020-01-12T18:00:00,EURUSD,H1,5,SELL,-102.18922418879784,25,"hit_tp=False,hit_sl=True,regime=5"
0.41118048584504296,0.4144119093325701,0.46890778478071804,0.46135622753084193,0.4323590997818497,0.5804016712142044,0.5693050353648005,0.3788371975693369,0.4271713094872836,0.41806143553716135,0.1783007,0.32905449263266906,0.31199215710143163,0.804592933940497,0.5,0.39428598,0.012532871485554148,0.9458926338943,0.945892585739492,0.0,1.0,0.0,0.4347826,0.0,0.06343538,0.5873334996810597,1.0,0.3333333333333333,0.8000001028571486,0.1999999519999923,0.8000000000000003,0.20000000000000007,0.7999999999999998,0.8000000000000003,1.0,1.95,2020-03-09T10:00:00,EURUSD,H1,3,BUY,10.730876723710203,19,"hit_tp=True,hit_sl=False,regime=3"
0.41545003587716584,0.4193018794783991,0.49309278627156244,0.47648617383261904,0.3067264416202223,0.2950317354990748,0.4532766846941585,0.3829682865356519,0.5961500396481979,0.5587755387756219,0.6887039,0.4554239032194452,0.15802291764003756,0.26288319825593165,0.5,0.58213174,0.05853405486365396,0.8360039456776032,0.8360040086978787,1.0,0.0,0.0,0.5217391,0.8333333,0.77068764,0.4269505579353473,0.41666666666666663,1.0,1.0,0.0,1.0,0.0,1.0,1.0,-1.0,1.3,2020-08-08T12:00:00,EURUSD,H1,2,SELL,-13.18884660374886,4,"hit_tp=False,hit_sl=True,regime=2"
0.41011550238369243,0.40889791521642666,0.46858548601860806,0.4475917687149975,0.37243281244229437,0.3049047635346095,0.5185956481233377,0.5441631571667305,0.40095126286759314,0.3573948921139105,0.16227363,0.18174790817049052,0.3032436362936726,0.21754218792178176,0.5,0.39595705,0.019728936424206978,0.9694846901067695,0.9694846904791719,1.0,0.0,0.0,0.39130434,0.5,0.1963301,0.4312449685070968,1.0,0.41666666666666663,1.0,0.0,1.0,0.0,1.0,1.0,-1.0,1.3,2020-06-25T09:00:00,EURUSD,H1,1,BUY,-12.697207911935848,14,"hit_tp=False,hit_sl=True,regime=1"
0.4263257169450391,0.4327629831394897,0.4863692953760177,0.4796279034868918,0.6015463253592253,0.5426693528658477,0.7053748337930213,0.5639594148379307,0.3201383611021944,0.5383983942182321,0.45426953,0.4730249011234446,0.3719593251155627,0.19608770161871428,0.5,0.5886,0.026608571879998114,0.8673888603815347,0.8673888375923309,1.0,0.0,0.0,0.8695652,0.16666667,0.4126886,0.44126064101201246,1.0,0.41666666666666663,1.0,0.0,1.0,0.0,1.0,1.0,1.0,2.0,2020-03-17T20:00:00,EURUSD,H1,1,BUY,18.43966418522136,100,"hit_tp=False,hit_sl=False,regime=1"
0.42868992588158816,0.421091346926598,0.48876438704258124,0.5203537265617136,0.5082915365819786,0.5121450724212274,0.6596194141700957,0.4767533263669578,0.5814637010011877,0.5146841614324059,0.70849943,0.5775481771599228,0.03346871031456599,0.3017716896848731,0.5,0.54262495,0.2507070816967466,0.9417054190608095,0.9417054685873465,0.0,0.0,1.0,0.08695652,0.16666667,0.7192196,0.4578657650991639,0.08333333333333331,1.0,0.2000000400000022,0.7999999279999885,0.20000000000000018,0.7999999999999999,0.1999999999999999,0.20000000000000018,1.0,1.95,2020-03-10T02:00:00,EURUSD,H1,4,SELL,92.86270884672598,15,"hit_tp=True,hit_sl=False,regime=4"
0.3665682305846989,0.2985496114393397,0.33760466977451464,0.26295974575274184,0.13299335837419227,0.1324037891748991,0.4098144502748706,0.35221460591954157,0.1649477870606349,0.31171011341510196,0.13647564,0.05745225747550701,0.13067341276070343,0.7479813363539417,0.5,0.21337347,0.022287099584859044,0.34382163520192294,0.3438217506030499,0.0,0.0,1.0,0.0,0.33333334,0.20191394,0.13868408061691848,1.0,0.0,0.0,1.0,0.0,1.0,0.0,0.0,1.0,2.0,2020-02-26T00:00:00,EURUSD,H1,5,BUY,155.9556382199001,51,"hit_tp=True,hit_sl=False,regime=5"
0.4065072169231613,0.4266083950559724,0.4969504054019985,0.48549178492601425,0.48423904250332817,0.3560625047613895,0.3832145314422469,0.3546445798175441,0.7237392549757076,0.6471968663138715,0.7892264,0.49756503387996387,0.41000267417792147,0.8351939099006062,0.5,0.6995356,0.0735771674321781,0.9165226000169705,0.916522625443272,1.0,0.0,0.0,0.3478261,0.16666667,0.7873587,0.5296528098786987,0.41666666666666663,1.0,1.0,0.0,1.0,0.0,1.0,1.0,1.0,1.95,2020-02-25T08:00:00,EURUSD,H1,2,SELL,20.86144663324685,17,"hit_tp=True,hit_sl=False,regime=2"
0.41624529198267396,0.4164391423544652,0.4781324011248842,0.46192210500924347,0.24630048559758155,0.1551944847218347,0.3339686021056637,0.3663122539606108,0.356231505801641,0.4159280732649347,0.11611856,0.17698829495410168,0.21754280141551058,0.24429983018608786,0.5,0.50499415,0.0113521809914782,0.9980632599820611,0.9980633576359424,0.0,1.0,0.0,0.6956522,1.0,0.3565808,0.7852494525167626,1.0,0.3333333333333333,0.8000001028571486,0.1999999519999923,0.8000000000000003,0.20000000000000007,0.7999999999999998,0.8000000000000003,-1.0,1.3,2020-01-26T16:00:00,EURUSD,H1,3,BUY,-4.635340747285444,5,"hit_tp=False,hit_sl=True,regime=3"
0.3926259317017994,0.4257852335228003,0.48679148778284215,0.46703640421270415,0.5367916602546748,0.48692531507188963,0.5590097212410796,0.4465045088486067,0.6191558906631384,0.5212175203115539,0.65972245,0.47310252600398756,0.6311343407642671,0.9042358796186095,0.5,0.49039686,0.258747273125421,0.8470038845488651,0.8470038864159961,0.0,0.0,1.0,0.17391305,1.0,0.66854167,0.477447445078575,0.08333333333333331,1.0,0.2000000400000022,0.7999999279999885,0.20000000000000018,0.7999999999999999,0.1999999999999999,0.20000000000000018,-1.0,1.3,2020-06-07T04:00:00,EURUSD,H1,4,SELL,-53.157282414260095,6,"hit_tp=False,hit_sl=True,regime=4"
0.42427292442745573,0.3888151483235364,0.3886552441021407,0.36350755804738827,0.5850087731176834,0.5035803283280712,0.7476896575021682,0.5882602025572534,0.25588891597835417,0.2673062700372179,0.16896898,0.2962619008980972,0.1093262856889671,0.7413163046319977,0.5,0.27473235,0.09805129527119986,0.8961564424143428,0.8961565657194337,0.0,0.0,1.0,0.13043478,0.8333333,0.18548878,0.3314994415374354,1.0,0.08333333333333331,0.2000000400000022,0.7999999279999885,0.20000000000000018,0.7999999999999999,0.1999999999999999,0.20000000000000018,-1.0,1.3,2020-02-08T03:00:00,EURUSD,H1,4,BUY,-56.14277687900682,15,"hit_tp=False,hit_sl=True,regime=4"
0.4234008437904413,0.4293553808666952,0.48462102331621587,0.4724487735999443,0.15122414008067686,0.16908178012798297,0.3355164262822354,0.3559189329017721,0.196997467157218,0.40726733565909834,0.3936089,0.6024673258463059,0.43309601815739973,0.8424041593751571,0.5,0.22398578,0.02104715448731986,0.7765519947757078,0.7765519486874958,1.0,0.0,0.0,1.0,0.16666667,0.30809855,0.5044276823104454,1.0,0.41666666666666663,1.0,0.0,1.0,0.0,1.0,1.0,-1.0,1.3,2020-08-04T23:00:00,EURUSD,H1,1,BUY,-9.991671243840816,17,"hit_tp=False,hit_sl=True,regime=1"
0.4091762500773513,0.4168059904303015,0.47221534317765634,0.46454292083302057,0.35084797694393954,0.42868341487566125,0.47714163982919,0.4785592404550585,0.5469764191312081,0.46590062705394525,0.17046866,0.23106351309008302,0.42939795661726754,0.8412495744890585,0.5,0.4182176,0.00834535121590194,0.8830504360661069,0.8830504374933337,0.0,1.0,0.0,0.8695652,1.0,0.28355363,0.8369682156284115,1.0,0.3333333333333333,0.8000001028571486,0.1999999519999923,0.8000000000000003,0.20000000000000007,0.7999999999999998,0.8000000000000003,1.0,2.0,2020-05-17T20:00:00,EURUSD,H1,3,BUY,11.129354073964317,23,"hit_tp=True,hit_sl=False,regime=3"
0.41584049028716324,0.41906428319119626,0.48188361947671876,0.46081772998391995,0.48075552676888283,0.49798337902427114,0.5695776217039542,0.43330536070957404,0.37545119524685566,0.5172686205594191,0.35803145,0.40211442567299877,0.10214943409825679,0.7390755412273331,0.5,0.31383553,0.02216702794001199,0.867405848044452,0.8674058252550408,1.0,0.0,0.0,0.3043478,0.8333333,0.20767665,0.5504597618189288,1.0,0.41666666666666663,1.0,0.0,1.0,0.0,1.0,1.0,1.0,1.95,2020-02-29T07:00:00,EURUSD,H1,1,BUY,21.54925173013078,14,"hit_tp=True,hit_sl=False,regime=1"
0.42195743437747946,0.428520856732661,0.4898916658070653,0.4786039799088258,0.4010829318856078,0.5113408214842096,0.5839945471701495,0.35752253019741803,0.7049872222134905,0.6425546923096277,0.8512819,0.6051395976061501,0.009799599456062479,0.7102419367387756,0.5,0.6754864,0.04869510562394494,0.9967454957278895,0.996745495767607,1.0,0.0,0.0,0.5217391,0.16666667,0.76544166,0.5378926613589542,0.41666666666666663,1.0,1.0,0.0,1.0,0.0,1.0,1.0,-1.0,1.3,2020-10-13T12:00:00,EURUSD,H1,2,SELL,-13.607732089169213,5,"hit_tp=False,hit_sl=True,regime=2"
0.40546027010555036,0.42353877432856685,0.5279030636520026,0.45130739615219645,0.8980421623299518,0.7735822573315934,0.8162302579661,0.5141683742701852,0.6444564642304959,0.5869595521693443,0.6297037,0.5011783995463202,0.6078189040421527,0.8969563169286241,0.5,0.6636,0.20451617090908752,0.9890888924494098,0.9890888437674438,0.0,0.0,1.0,0.6956522,0.6666667,0.629504,0.5729738917152607,0.08333333333333331,1.0,0.2000000400000022,0.7999999279999885,0.20000000000000018,0.7999999999999999,0.1999999999999999,0.20000000000000018,1.0,2.0,2020-01-31T16:00:00,EURUSD,H1,4,SELL,104.7170194478353,28,"hit_tp=True,hit_sl=False,regime=4"
0.4174680098664065,0.4668563116159168,0.4897661870902663,0.5266681096267419,0.45946009257840476,0.5806438297675685,0.49999355624793457,0.3244762305672822,0.7366334948374529,0.6364812734369052,0.83336824,0.6206678702110414,0.20652904563298236,0.7716650786816475,0.5,0.619963,0.28606628303318077,0.6468638559268497,0.6468638358288845,0.0,0.0,1.0,0.6956522,0.6666667,0.7503584,0.5607578991359652,0.08333333333333331,1.0,0.2000000400000022,0.7999999279999885,0.20000000000000018,0.7999999999999999,0.1999999999999999,0.20000000000000018,-1.0,1.3,2020-06-05T16:00:00,EURUSD,H1,4,SELL,-40.954791846734565,3,"hit_tp=False,hit_sl=True,regime=4"
0.39722253050612283,0.44051166344761133,0.24311088518002733,0.2084571460061276,0.3848982613484386,0.409383600567881,0.3892865130246982,0.35309184637782115,0.454563498492443,0.4491412206380032,0.20705402,0.2879803921803509,0.08219776355105672,0.7328461892732046,0.5,0.47200668,0.1515797346904645,0.6772728464814772,0.6772728260124073,0.0,0.0,1.0,0.47826087,0.33333334,0.18062957,0.14456469215632875,1.0,0.0,0.0,1.0,0.0,1.0,0.0,0.0,-1.0,1.3,2020-04-01T11:00:00,EURUSD,H1,5,BUY,-98.08909927322196,12,"hit_tp=False,hit_sl=True,regime=5"
0.006817227921550799,0.02417087899456949,0.05057808023832544,0.10803097860154964,0.4559804810774552,0.3248725051699029,0.44408359228606575,0.3524433958882603,0.3332945683162422,0.24502455572594914,0.0,0.19687836974508074,0.19221636624638005,0.7671963748171734,0.5,0.42464674,0.17089102388192365,0.9703372462356492,0.9703372465976472,0.0,0.0,1.0,0.3478261,0.16666667,0.0,0.05830079382160814,1.0,0.0,0.0,1.0,0.0,1.0,0.0,0.0,-1.0,1.3,2020-02-25T08:00:00,EURUSD,H1,5,BUY,-97.52380406297556,8,"hit_tp=False,hit_sl=True,regime=5"
0.4135861966388004,0.42495567158890407,0.48359961387406863,0.4769892967046937,0.20915131346162266,0.19711879743743788,0.4194784605407512,0.37834659732602194,0.2487948743714639,0.3659310085664908,0.2973195,0.5268891840685502,0.642564948252206,0.11159883419330434,0.5,0.3598247,0.011820707938681473,0.9358441139804328,0.9358439927255705,0.0,1.0,0.0,0.73913044,0.33333334,0.37258226,0.43624591320090794,1.0,0.3333333333333333,0.8000001028571486,0.1999999519999923,0.8000000000000003,0.20000000000000007,0.7999999999999998,0.8000000000000003,-1.0,1.3,2020-03-11T17:00:00,EURUSD,H1,3,BUY,-5.714512584389375,13,"hit_tp=False,hit_sl=True,regime=3"
0.3798389391559802,0.4441096348305867,0.5342363339503848,0.5470767363100704,0.5764339782952193,0.6688340222594072,0.5841477448476411,0.4866600923197713,0.8663489864952888,0.8706843587692573,0.7845436,0.6983840383438225,0.44461015323659236,0.8459990892936623,0.5,0.8555025,0.2633841610743216,0.9385540855518474,0.9385539642639132,0.0,0.0,1.0,0.95652175,0.33333334,0.80167705,0.37027958890966994,0.08333333333333331,1.0,0.2000000400000022,0.7999999279999885,0.20000000000000018,0.7999999999999999,0.1999999999999999,0.20000000000000018,-1.0,1.3,2020-01-08T22:00:00,EURUSD,H1,4,SELL,-46.73193962496658,20,"hit_tp=False,hit_sl=True,regime=4"
0.4163968985766382,0.41452360250408193,0.47270278666156607,0.4715881777525994,0.45434253311866724,0.3050021127556974,0.4152394092890225,0.3989908206471149,0.6111980212294871,0.643307201259534,0.7472686,0.4764193084340867,0.6560534517383959,0.9120161725290956,0.5,0.5685145,0.04333580034057635,0.878331966245465,0.878331967730275,1.0,0.0,0.0,0.5217391,0.33333334,0.5794847,0.45126834760883455,0.41666666666666663,1.0,1.0,0.0,1.0,0.0,1.0,1.0,-1.0,1.3,2020-01-08T12:00:00,EURUSD,H1,2,SELL,-12.2366286754505,13,"hit_tp=False,hit_sl=True,regime=2"
0.4110456003397366,0.3919232891559251,0.4569290116404096,0.5070695330449851,0.4999355252440357,0.4602039791099801,0.4538464373910433,0.43055718432675605,0.40300754379128484,0.49562616037829277,0.409771,0.46306197643188324,0.31161313793735324,0.21492907427036953,0.5,0.19279157,0.05419255407319527,0.6080492794527785,0.6080493208474014,0.0,0.0,1.0,0.08695652,0.33333334,0.38794893,0.577586823314712,1.0,0.08333333333333331,0.2000000400000022,0.7999999279999885,0.20000000000000018,0.7999999999999999,0.1999999999999999,0.20000000000000018,1.0,1.95,2020-02-26T02:00:00,EURUSD,H1,4,BUY,67.07629698971873,4,"hit_tp=True,hit_sl=False,regime=4"
0.4109652191330347,0.42475342173385866,0.48925206729845466,0.46589121981733683,0.3139357673797168,0.28745196615616153,0.5783035834523345,0.43838812066030275,0.35366059839889846,0.5077864791239264,0.35807836,0.5078329605521767,0.6134745452209406,0.8987221288528285,0.5,0.4100552,0.02146000861142603,0.8216783056768608,0.8216782590379369,1.0,0.0,0.0,0.73913044,0.8333333,0.2919436,0.674781802771788,1.0,0.41666666666666663,1.0,0.0,1.0,0.0,1.0,1.0,-1.0,1.3,2020-06-06T17:00:00,EURUSD,H1,1,BUY,-12.702650380185254,7,"hit_tp=False,hit_sl=True,regime=1"
0.30977559929328236,0.2608507173584542,0.3276313730357029,0.5505295295133509,0.4601983587310026,0.6126739159134273,0.5725215799050535,0.38184606057750403,0.4629254184011383,0.554705670476343,0.44097173,0.4929811797031736,0.626600124560636,0.11658340743975015,0.5,0.4110136,0.12587046317829995,0.8665770404730703,0.8665770421013349,0.0,0.0,1.0,0.9130435,0.16666667,0.5488225,0.9979545015420007,1.0,0.0,0.0,1.0,0.0,1.0,0.0,0.0,1.0,1.95,2020-02-11T21:00:00,EURUSD,H1,5,BUY,183.8171552579193,18,"hit_tp=True,hit_sl=False,regime=5"
0.41987745635301793,0.4155994793877124,0.47276552527539967,0.4472128186658631,0.40355515353880156,0.4274478273947206,0.514041524053074,0.43850907026527075,0.2663914521920509,0.33895064903806826,0.19652662,0.26361830065317576,0.9307791218761906,0.02161224179513187,0.5,0.40672848,0.015067140479892965,0.7894314135252477,0.7894313306685159,1.0,0.0,0.0,0.5217391,1.0,0.20741883,0.5878021571134081,1.0,0.41666666666666663,1.0,0.0,1.0,0.0,1.0,1.0,-1.0,1.3,2020-08-30T12:00:00,EURUSD,H1,1,BUY,-11.9851008851124,7,"hit_tp=False,hit_sl=True,regime=1"
0.41259029508592754,0.4177660085846046,0.4814385592315817,0.4710955291609739,0.3408243454726405,0.5041275628105155,0.4517153847108423,0.37656044448268183,0.5675439947511659,0.5519471118014431,0.48615533,0.37979694286726734,0.02798812557702718,0.30348284236260614,0.5,0.5007126,0.011024456403731741,0.9608761064969769,0.9608761435857783,0.0,1.0,0.0,0.65217394,0.6666667,0.54369545,0.6021169987720133,1.0,0.3333333333333333,0.8000001028571486,0.1999999519999923,0.8000000000000003,0.20000000000000007,0.7999999999999998,0.8000000000000003,-1.0,1.3,2020-07-24T15:00:00,EURUSD,H1,3,BUY,-5.355219647036336,6,"hit_tp=False,hit_sl=True,regime=3"
0.4181828729713622,0.4296444190258951,0.496596540023002,0.5035701543056255,0.23604744380621479,0.28797759201370454,0.4225783189344737,0.3829569451692503,0.7466727018765235,0.7502133350257075,0.7814418,0.7295904980622195,0.5251227036965538,0.148266801676488,0.5,0.6821684,0.05926532154713693,0.8358890836924183,0.8358890978989727,1.0,0.0,0.0,0.04347826,1.0,0.78611225,0.4907195388862826,0.41666666666666663,1.0,1.0,0.0,1.0,0.0,1.0,1.0,-1.0,1.3,2020-05-31T01:00:00,EURUSD,H1,2,SELL,-10.71043351223988,19,"hit_tp=False,hit_sl=True,regime=2"
0.4175175723593352,0.41873678141025994,0.4907605161634763,0.4800920149213712,0.44304847626856203,0.5610877245502843,0.5647641664878013,0.40996324056397754,0.4022762765275698,0.4317143485157672,0.49314666,0.479780040767151,0.061677772382966296,0.2929642153543582,0.5,0.5545792,0.05822182830183972,0.9658372729070122,0.9658372245088042,1.0,0.0,0.0,0.3478261,0.8333333,0.6338405,0.5511481839815356,0.41666666666666663,1.0,1.0,0.0,1.0,0.0,1.0,1.0,1.0,2.0,2020-06-13T08:00:00,EURUSD,H1,2,SELL,20.9333227647468,23,"hit_tp=True,hit_sl=False,regime=2"
0.3373615200519178,0.26916647803547744,0.36601063409899576,0.32310331267742803,0.4770484204624245,0.4971879608098408,0.5311740176150672,0.3641648254113128,0.3175402638827014,0.40073546665875914,0.18939228,0.29303547289578796,0.12477199881340865,0.7461387889241502,0.5,0.33317256,0.09668599848653263,0.616316498905156,0.6163165524026681,0.0,0.0,1.0,0.9130435,1.0,0.17887227,0.515659224908338,1.0,0.0,0.0,1.0,0.0,1.0,0.0,0.0,-1.0,1.3,2020-04-26T21:00:00,EURUSD,H1,5,BUY,-110.74675297874536,10,"hit_tp=False,hit_sl=True,regime=5"
0.44759266854745217,0.4722375211285705,0.5412591899352079,0.47043883040168494,0.18194233200671955,0.16174382233861787,0.3985697444238794,0.365544037443289,0.5148133358612337,0.46330540235102396,0.63143814,0.6472548127342256,0.22656063626749515,0.7779193833933322,0.5,0.6507238,0.2659359428171744,0.9366139650866183,0.9366139048412642,0.0,0.0,1.0,0.82608694,0.6666667,0.59527,0.34208515861810534,0.08333333333333331,1.0,0.2000000400000022,0.7999999279999885,0.20000000000000018,0.7999999999999999,0.1999999999999999,0.20000000000000018,-1.0,1.3,2020-01-24T19:00:00,EURUSD,H1,4,SELL,-36.04837287039197,7,"hit_tp=False,hit_sl=True,regime=4"
0.42185149097776636,0.42531502730899673,0.47739482578207226,0.4681338010422057,0.4296311386339509,0.3326269258292625,0.4036164432418967,0.3769265443894077,0.3963862722676144,0.4934750156815753,0.37897974,0.4949156955912954,0.23301228706592367,0.7799337178514765,0.5,0.11896974,0.02810334496615026,0.8754752808208955,0.8754753067481293,1.0,0.0,0.0,1.0,0.6666667,0.30592796,0.5307049910418123,1.0,0.41666666666666663,1.0,0.0,1.0,0.0,1.0,1.0,1.0,1.95,2020-10-16T23:00:00,EURUSD,H1,1,BUY,17.567940691307626,9,"hit_tp=True,hit_sl=False,regime=1"
0.40390869871082224,0.41475347527867057,0.4786002707152349,0.48379199158993375,0.30953862440506347,0.3825569343891171,0.43131470466978994,0.38172076619544687,0.5467424376938942,0.5265611388710512,0.61519974,0.4813926258982424,0.3843105861093153,0.19223136557235002,0.5,0.546844,0.07530117353779002,0.938803286756424,0.9388031654654486,1.0,0.0,0.0,0.5652174,0.0,0.67099196,0.5660853412470298,0.41666666666666663,1.0,1.0,0.0,1.0,0.0,1.0,1.0,-1.0,1.3,2020-06-01T13:00:00,EURUSD,H1,2,SELL,-11.374707254179215,9,"hit_tp=False,hit_sl=True,regime=2"
0.5005552473306568,0.5099401209022262,0.5017835078975587,0.5545840742955604,0.8012087531304479,0.6844742660993324,0.627228152486199,0.5149015928589543,0.7931892526660684,0.7289587720015152,0.91013134,0.7277423909493945,0.05678423953678167,0.7249115589363513,0.5,0.63141567,0.31639397920876516,0.3156443842185148,0.3156443193475567,0.0,0.0,1.0,0.5652174,0.6666667,0.84239715,0.4111854178937397,0.08333333333333331,1.0,0.2000000400000022,0.7999999279999885,0.20000000000000018,0.7999999999999999,0.1999999999999999,0.20000000000000018,1.0,1.7999999999999998,2020-05-15T13:00:00,EURUSD,H1,4,SELL,94.96776578277633,46,"hit_tp=True,hit_sl=False,regime=4"
0.4121080575841522,0.40978489318675243,0.4661380695350414,0.4596119944850297,0.8668226912245068,0.7010384600400531,0.7084661434143888,0.47108276302203667,0.18102289867139057,0.1952407840001819,0.048573215,0.2282296420101277,0.40644155903740325,0.18532161025828195,0.5,0.23299743,0.009500229145242048,0.879483087872384,0.8794830283242429,0.0,1.0,0.0,0.26086956,0.5,0.101680376,0.4347430293430304,1.0,0.3333333333333333,0.8000001028571486,0.1999999519999923,0.8000000000000003,0.20000000000000007,0.7999999999999998,0.8000000000000003,1.0,1.95,2020-07-16T06:00:00,EURUSD,H1,3,BUY,11.851324423333145,16,"hit_tp=True,hit_sl=False,regime=3"
0.41751032577011743,0.4313025232568135,0.4830344980771659,0.48542250763678885,0.4203785566758849,0.3722309611847583,0.4286004970237863,0.3566255584583577,0.6719441952306257,0.5434587675919546,0.69267327,0.5329481036939019,0.6674171816532709,0.10383944499337303,0.5,0.45272383,0.06442114493159368,0.8990650915376921,0.8990651171770412,1.0,0.0,0.0,0.95652175,0.0,0.7302085,0.6843020062747458,0.41666666666666663,1.0,1.0,0.0,1.0,0.0,1.0,1.0,-1.0,1.56,2020-05-25T22:00:00,EURUSD,H1,2,SELL,-10.480982927476568,66,"hit_tp=False,hit_sl=True,regime=2"
0.4143650539943469,0.42324819835584127,0.48501290772039063,0.4684496989269309,0.3591970582674273,0.3588044815341682,0.37575904595700516,0.4401892854575854,0.3875100831034366,0.5396092812048447,0.4036775,0.6528164685717007,0.2658543091958328,0.7901876838987907,0.5,0.35354084,0.02080837290246636,0.7712585560249766,0.7712585344089259,1.0,0.0,0.0,0.4347826,0.0,0.3049039,0.5639914289344463,1.0,0.41666666666666663,1.0,0.0,1.0,0.0,1.0,1.0,-1.0,1.3,2020-08-10T10:00:00,EURUSD,H1,1,BUY,-10.464839214223698,2,"hit_tp=False,hit_sl=True,regime=1"
0.3486879283789178,0.2946568791321535,0.3844658322495059,0.21654996556650008,0.2171515271208007,0.15165844618845148,0.37108386023952183,0.43421608591542005,0.11694565572030326,0.15386663321007635,0.18818314,0.07095038537040828,0.2733603686462027,0.22687240323092467,0.5,0.13435036,0.01751435853653804,0.32667885612839515,0.3266788558028123,0.0,0.0,1.0,0.7826087,0.8333333,0.1462589,0.5643766225165994,1.0,0.0,0.0,1.0,0.0,1.0,0.0,0.0,-1.0,1.3,2020-04-04T18:00:00,EURUSD,H1,5,BUY,-100.26238586135162,7,"hit_tp=False,hit_sl=True,regime=5"
0.3700439454127568,0.3428209711912261,0.4043043951681781,0.3189939044768033,0.6518568150183076,0.5769937387037759,0.6442145080020646,0.5228580033584378,0.15352022551971323,0.08694661185098149,0.09331861,0.09314152615182987,0.21572392567838883,0.24486773299888628,0.5,0.27568057,0.0,0.2668647065913926,0.2668647584347041,0.0,0.0,1.0,0.0,0.5,0.094572574,0.5538860980376468,1.0,0.08333333333333331,0.2000000400000022,0.7999999279999885,0.20000000000000018,0.7999999999999999,0.1999999999999999,0.20000000000000018,1.0,1.5,2020-01-23T00:00:00,EURUSD,H1,4,BUY,86.66942315659787,15,"hit_tp=True,hit_sl=False,regime=4"
0.5184841870006598,0.4861832902248624,0.5086476566775553,0.43118769967769477,0.34008849506451816,0.4276382041119163,0.4195983455827436,0.34042208685411657,0.2207599278964558,0.3556445248167311,0.35281432,0.40023106126437247,0.616061865547588,0.11987365379150972,0.5,0.34717947,0.11943441318028648,0.7557935344344747,0.7557935618222783,0.0,0.0,1.0,0.0,0.0,0.32135555,0.5737124047657345,1.0,0.0,0.0,1.0,0.0,1.0,0.0,0.0,-1.0,1.56,2020-03-09T00:00:00,EURUSD,H1,5,BUY,-101.53912190006275,22,"hit_tp=False,hit_sl=True,regime=5"
0.41868264371434327,0.4269814693486479,0.4912892671224214,0.4858947886791655,0.13241152997747951,0.30467692661001206,0.4132986725043445,0.3897152309494353,0.6439017164415177,0.564328845762291,0.76377237,0.6123988374639039,0.20496033641916758,0.24822833977324343,0.5,0.6401938,0.06335280836897558,0.8025437414319543,0.8025436584152026,1.0,0.0,0.0,0.08695652,1.0,0.7154282,0.4782493919129724,0.41666666666666663,1.0,1.0,0.0,1.0,0.0,1.0,1.0,-1.0,1.56,2020-02-09T02:00:00,EURUSD,H1,2,SELL,-12.378114328459588,36,"hit_tp=False,hit_sl=True,regime=2"
0.3943145781550489,0.353222199443911,0.4238241021975699,0.392702845508617,0.1632354290254212,0.11289432388741998,0.42682590057410064,0.30413551239885145,0.44793710336216275,0.47139808761559154,0.2957989,0.0,0.2538168547949139,0.2329742928027502,0.5,0.49289483,0.074523546521566,0.9342967599974806,0.9342966753728439,0.0,0.0,1.0,0.9130435,0.33333334,0.37781245,0.6887299401401836,1.0,0.08333333333333331,0.2000000400000022,0.7999999279999885,0.20000000000000018,0.7999999999999999,0.1999999999999999,0.20000000000000018,1.0,1.95,2020-05-27T21:00:00,EURUSD,H1,4,BUY,59.393080809480026,7,"hit_tp=True,hit_sl=False,regime=4"
0.4245556913302756,0.40824350783032465,0.46567163323409305,0.44841636508106353,0.674112776053862,0.6181862603530156,0.49431814578046845,0.4527368219071751,0.18850050653327288,0.23239494918588105,0.20413695,0.31888078489621513,0.48160112864923305,0.8575485193374456,0.5,0.18527995,0.0274086052354144,0.8425515791881554,0.8425517031474282,1.0,0.0,0.0,0.08695652,0.16666667,0.15920153,0.4524688518843576,1.0,0.41666666666666663,1.0,0.0,1.0,0.0,1.0,1.0,1.0,2.0,2020-07-21T02:00:00,EURUSD,H1,1,BUY,22.122600285860997,56,"hit_tp=True,hit_sl=False,regime=1"
0.41713962113542974,0.430581645863691,0.5003331724028546,0.4889299571475726,0.46432126590476447,0.68973531958131,0.5477137962937855,0.40069256495900574,0.7860732979448526,0.671212631346334,0.81545424,0.6967214884719034,0.2968588168182573,0.21953567579501304,0.5,0.70005965,0.06119786599253615,0.8720936619676456,0.8720936391210253,1.0,0.0,0.0,0.39130434,0.5,0.84368944,0.40922475635693617,0.41666666666666663,1.0,1.0,0.0,1.0,0.0,1.0,1.0,-1.0,1.56,2020-01-23T09:00:00,EURUSD,H1,2,SELL,-15.060108806441708,26,"hit_tp=False,hit_sl=True,regime=2"
0.4179028477006966,0.428509620484495,0.4824256449739023,0.4727645017716962,0.4621881147299519,0.4974971376458365,0.5039822663530891,0.4041465279069715,0.36183518006192766,0.4976308163456912,0.4302897,0.4932641205162856,0.08439542720200426,0.7335323496732962,0.5,0.35033104,0.01371985885392268,0.9368252979592752,0.9368252743226841,0.0,1.0,0.0,0.5652174,0.6666667,0.33614153,0.5706939020784878,1.0,0.3333333333333333,0.8000001028571486,0.1999999519999923,0.8000000000000003,0.20000000000000007,0.7999999999999998,0.8000000000000003,-1.0,1.3,2020-07-03T13:00:00,EURUSD,H1,3,BUY,-6.79163863537724,8,"hit_tp=False,hit_sl=True,regime=3"
0.41316347144121673,0.42037307886357406,0.4794440895098688,0.46608455129951815,0.28505549337182556,0.5267507047645125,0.40089398097484497,0.4050743625453547,0.3900148327013081,0.3511393956325838,0.057786155,0.2225555705773229,0.31461573746769317,0.21399157895262164,0.5,0.41038686,0.00945152792753836,0.9873640832893885,0.9873639614057879,0.0,1.0,0.0,0.2173913,0.33333334,0.22009164,0.5876791676850277,1.0,0.3333333333333333,0.8000001028571486,0.1999999519999923,0.8000000000000003,0.20000000000000007,0.7999999999999998,0.8000000000000003,-1.0,1.3,2020-01-08T05:00:00,EURUSD,H1,3,BUY,-5.898712442051757,11,"hit_tp=False,hit_sl=True,regime=3"
0.4147733691173945,0.40634319103113953,0.46567964923082394,0.44963868387202555,0.24251191501908728,0.2595941584789168,0.48480115601463586,0.4250216386753779,0.43398956429296737,0.3876700225065419,0.22430632,0.025743571981573534,0.564969388479057,0.13582583617528107,0.5,0.4234799,0.017353535766523175,0.9869348763175492,0.9869348764769931,1.0,0.0,0.0,0.17391305,0.0,0.33221993,0.537704980371688,1.0,0.41666666666666663,1.0,0.0,1.0,0.0,1.0,1.0,-1.0,1.3,2020-04-13T04:00:00,EURUSD,H1,1,BUY,-12.908619496241336,17,"hit_tp=False,hit_sl=True,regime=1"
0.38657265783651895,0.35631110005824307,0.3807196530453841,0.3504580631404356,0.23599762822695425,0.22896678754352678,0.4540165671531347,0.4038767172497351,0.0,0.08030602975821453,0.16672048,0.08808073489049628,0.22623235340884615,0.24158678328214686,0.5,0.0,0.017702920585466093,0.3775461831034041,0.37754623951481686,0.0,0.0,1.0,0.13043478,0.5,0.17354806,0.7651750496773944,1.0,0.08333333333333331,0.2000000400000022,0.7999999279999885,0.20000000000000018,0.7999999999999999,0.1999999999999999,0.20000000000000018,-1.0,1.56,2020-01-16T03:00:00,EURUSD,H1,4,BUY,-44.37167677626475,35,"hit_tp=False,hit_sl=True,regime=4"
0.3929399237221258,0.3815645376106757,0.47771513119229225,0.5210882729384151,0.33520877662905335,0.2814456832513126,0.2784926032436616,0.2508877821609671,0.2798137093134689,0.4505235398088289,0.22080931,0.4233970622174737,0.44829406226126295,0.17225434382744273,0.5,0.36096573,0.03303709150009748,0.44103360702793276,0.44103365046077825,0.0,0.0,1.0,0.6956522,0.16666667,0.35080606,0.48806546601285566,1.0,0.0,0.0,1.0,0.0,1.0,0.0,0.0,1.0,1.95,2020-02-11T16:00:00,EURUSD,H1,5,BUY,146.9226817843361,2,"hit_tp=True,hit_sl=False,regime=5"
0.4119504132927723,0.41772021438428475,0.4775308818023784,0.46365392568836883,0.36701272368955046,0.41727494420006367,0.5322421545480158,0.46154332549912597,0.3502135134403152,0.3471724491226213,0.27041286,0.38338500158511263,0.8731791701982433,0.979807500796611,0.5,0.29643652,0.015956580903515993,0.8546908020189299,0.8546908037922517,1.0,0.0,0.0,0.9130435,0.6666667,0.24009499,0.6055097419177845,1.0,0.41666666666666663,1.0,0.0,1.0,0.0,1.0,1.0,-1.0,1.3,2020-07-17T21:00:00,EURUSD,H1,1,BUY,-13.793905264765094,5,"hit_tp=False,hit_sl=True,regime=1"
0.41107399797761046,0.42703900879933887,0.4648064104028606,0.4511091084272421,0.4168376487090512,0.6550908579586221,0.5892112654435181,0.460182810990623,0.4678431315525732,0.5459473458085372,0.20932458,0.39260910538307026,0.30021208423170204,0.8009149436854962,0.5,0.39398953,0.02319337687092932,0.7749645147613821,0.7749644808963237,1.0,0.0,0.0,0.6956522,0.8333333,0.180548,0.37865490275334696,1.0,0.41666666666666663,1.0,0.0,1.0,0.0,1.0,1.0,-1.0,1.3,2020-11-07T16:00:00,EURUSD,H1,1,BUY,-12.498947431360818,4,"hit_tp=False,hit_sl=True,regime=1"
0.40829959881437733,0.41070010037366766,0.4725613116904697,0.4752818409202845,0.48787690966888425,0.4181880426702519,0.41982708499272203,0.4827647150015377,0.5057304061084308,0.597907349867736,0.2997253,0.5011476660577476,0.5397063158791502,0.8756900982571434,0.5,0.40683752,0.02709560484642187,0.9955381146713376,0.9955380537068862,1.0,0.0,0.0,0.13043478,0.5,0.35981622,0.4666095650809136,1.0,0.41666666666666663,1.0,0.0,1.0,0.0,1.0,1.0,-1.0,1.3,2020-04-16T03:00:00,EURUSD,H1,1,BUY,-13.03876155667405,3,"hit_tp=False,hit_sl=True,regime=1"
0.418360678321816,0.4225197653392092,0.4768600454771931,0.4672333358855166,0.13905870711722612,0.12575961019933402,0.26589978356898375,0.388261558427345,0.1975030099512434,0.20020835234230458,0.19132651,0.11092951146897567,0.7652180010006661,0.07330395269354564,0.5,0.11700941,0.012214898968199628,0.9312806321763494,0.9312805841998628,0.0,1.0,0.0,0.26086956,0.5,0.28055865,0.5364984282948888,1.0,0.3333333333333333,0.8000001028571486,0.1999999519999923,0.8000000000000003,0.20000000000000007,0.7999999999999998,0.8000000000000003,-1.0,1.3,2020-05-28T06:00:00,EURUSD,H1,3,BUY,-6.104633452346242,13,"hit_tp=False,hit_sl=True,regime=3"
0.40520248021684685,0.41453914306948436,0.5154747052267232,0.4884724550417593,0.5144097388859619,0.4236661129916573,0.44663653147809657,0.5135438350366046,0.41932985411138585,0.5142132876379494,0.5688042,0.39110088225327333,0.28764076549753625,0.2224137389236182,0.5,0.4699375,0.05015273038567547,0.8460570786206246,0.8460569950728457,0.0,0.0,1.0,0.08695652,0.33333334,0.5697259,0.5548533269835263,1.0,0.08333333333333331,0.2000000400000022,0.7999999279999885,0.20000000000000018,0.7999999999999999,0.1999999999999999,0.20000000000000018,-1.0,1.56,2020-01-29T02:00:00,EURUSD,H1,4,BUY,-49.5244247269988,29,"hit_tp=False,hit_sl=True,regime=4"
0.41080806957093824,0.4206694456424008,0.4852366552901461,0.4734999686122102,0.45152433537409653,0.38219004517464417,0.30205046441435623,0.26662672218442807,0.41676284554873294,0.37216418089599057,0.2661663,0.407237890936276,0.2360872679253402,0.23850985759264876,0.5,0.50819474,0.0567990812014972,0.9846153769176151,0.9846153038826817,1.0,0.0,0.0,0.8695652,0.8333333,0.52475774,0.561870925162872,0.41666666666666663,1.0,1.0,0.0,1.0,0.0,1.0,1.0,-1.0,1.3,2020-01-18T20:00:00,EURUSD,H1,2,SELL,-8.339355379352043,9,"hit_tp=False,hit_sl=True,regime=2"
0.42028830433069203,0.4277830985213763,0.49932878126575636,0.4763975610356841,0.4136458646218504,0.4186954352647395,0.4092912654067492,0.37323594090998286,0.3330017062284653,0.4761593077427104,0.41789502,0.6045120968567982,0.04505476422232996,0.2981542676279593,0.5,0.23860888,0.016932155452871384,0.8513848588106153,0.8513847996053786,1.0,0.0,0.0,0.95652175,0.0,0.39220408,0.5724336144802767,1.0,0.41666666666666663,1.0,0.0,1.0,0.0,1.0,1.0,-1.0,1.3,2020-04-13T22:00:00,EURUSD,H1,1,BUY,-10.866334195529516,20,"hit_tp=False,hit_sl=True,regime=1"
0.410619463545656,0.41830906316789196,0.47401563359112736,0.4610198479499173,0.5200716094986634,0.4838993189497703,0.4513717424466311,0.35183007816516165,0.19218675777410596,0.1531009796842289,0.17708579,0.3438400189775945,0.2601762367425386,0.2309887747363126,0.5,0.23725726,0.012410520168939176,0.999398658699534,0.9993987197257763,0.0,1.0,0.0,0.2173913,0.0,0.143014,0.5571088424158277,1.0,0.3333333333333333,0.8000001028571486,0.1999999519999923,0.8000000000000003,0.20000000000000007,0.7999999999999998,0.8000000000000003,-1.0,1.3,2020-06-15T05:00:00,EURUSD,H1,3,BUY,-5.046251337950114,1,"hit_tp=False,hit_sl=True,regime=3"
0.42095585556269716,0.43244387989493854,0.4904106718872055,0.49025557185046537,0.38097005341882073,0.38890829283819195,0.5534292664923514,0.48365564899864316,0.7744351582135423,0.618572810004911,0.66368735,0.45832217262248526,0.4075322277289588,0.1849810674995312,0.5,0.860245,0.07889604659779374,0.8374163014369987,0.8374163522362573,1.0,0.0,0.0,0.17391305,1.0,0.7550026,0.5935794319582213,0.41666666666666663,1.0,1.0,0.0,1.0,0.0,1.0,1.0,1.0,2.0,2020-05-31T04:00:00,EURUSD,H1,2,SELL,24.903294330755887,30,"hit_tp=True,hit_sl=False,regime=2"
0.42377257753284053,0.4311853995313066,0.48691347895285614,0.47518283430155717,0.45475166018683877,0.4210468952901241,0.4548225417338657,0.39627932017572526,0.5593965722857241,0.6663695399756473,0.8609521,0.6630960090539518,0.3533138022453289,0.20190923598480143,0.5,0.7016557,0.014972324706199766,0.9345263985413845,0.9345264725630943,0.0,1.0,0.0,0.4347826,0.6666667,0.5830373,0.4571800785970996,1.0,0.3333333333333333,0.8000001028571486,0.1999999519999923,0.8000000000000003,0.20000000000000007,0.7999999999999998,0.8000000000000003,1.0,1.95,2020-05-29T10:00:00,EURUSD,H1,3,BUY,9.46777199505311,3,"hit_tp=True,hit_sl=False,regime=3"
0.43553052254882263,0.45693422127608974,0.4999859857801906,0.4870909158047346,0.5050526088753159,0.3249445076317089,0.40419463440439646,0.3674331914676219,0.5245474739728754,0.47117306785487234,1.0,0.651676185144203,0.4810612055593671,0.8573798571798886,0.5,0.4153012,0.21962087319120785,0.9206004323628695,0.9206004943507481,0.0,0.0,1.0,0.4347826,0.6666667,0.49413434,0.5303363057560373,0.08333333333333331,1.0,0.2000000400000022,0.7999999279999885,0.20000000000000018,0.7999999999999999,0.1999999999999999,0.20000000000000018,1.0,1.95,2020-04-03T10:00:00,EURUSD,H1,4,SELL,69.61962650004594,12,"hit_tp=True,hit_sl=False,regime=4"
0.42546307191944205,0.43206250680941455,0.4870350190648338,0.4771020828842927,0.2784237989580357,0.3148277279982006,0.4200859197582812,0.4331542673408013,0.46310731664217686,0.44746090167513564,0.4471342,0.42022111625233466,0.13953880744614713,0.2686543494233296,0.5,0.5645918,0.014235064904465838,0.9813227236266258,0.9813226018167526,1.0,0.0,0.0,0.47826087,0.0,0.49422008,0.5562572658777162,1.0,0.41666666666666663,1.0,0.0,1.0,0.0,1.0,1.0,1.0,2.0,2020-01-06T11:00:00,EURUSD,H1,1,BUY,21.82093202969249,57,"hit_tp=True,hit_sl=False,regime=1"
0.3597860355145886,0.3845456760262671,0.4748580503681275,0.3799224348661416,0.20804615916698593,0.5640273808091121,0.4962047771091453,0.41091584043176893,0.342886664130693,0.3985738928103808,0.10495114,0.43225535635689455,0.46956760550260895,0.16561231254082046,0.5,0.40726244,0.07594328378067473,0.9225150957412844,0.9225150966868932,0.0,0.0,1.0,0.3478261,0.33333334,0.23652077,0.42486481067855975,1.0,0.08333333333333331,0.2000000400000022,0.7999999279999885,0.20000000000000018,0.7999999999999999,0.1999999999999999,0.20000000000000018,1.0,1.95,2020-01-08T08:00:00,EURUSD,H1,4,BUY,74.32779623670615,10,"hit_tp=True,hit_sl=False,regime=4"
0.4604411455884026,0.7362600666286825,0.7399281115644475,0.7282114044522581,0.6156736722565082,0.439727346471903,0.36189628316843236,0.30400888461968767,0.722462292988877,0.6901548784291335,1.0,0.9004208902573285,0.22720309571938208,0.7781199642865967,0.5,0.57626504,0.6903717419565862,0.26805419867479385,0.2680541877151375,0.0,0.0,1.0,1.0,0.5,0.98187214,0.7445450247485041,0.0,1.0,0.0,1.0,0.0,1.0,0.0,0.0,-1.0,1.2,2020-04-09T23:00:00,EURUSD,H1,5,SELL,-90.74839755633502,28,"hit_tp=False,hit_sl=True,regime=5"
0.39313581793282676,0.33470621088147456,0.35495482785553945,0.38669726874582167,0.4133568049344046,0.6071271238557484,0.6087057756149485,0.5191471891745534,0.318554809436172,0.3974035449455466,0.058187388,0.13911827733071805,0.4646417438711052,0.16715025495884359,0.5,0.3744522,0.026213351775829424,0.43617140107665897,0.43617142016128024,0.0,0.0,1.0,0.73913044,0.0,0.11497577,0.5488634776886548,1.0,0.08333333333333331,0.2000000400000022,0.7999999279999885,0.20000000000000018,0.7999999999999999,0.1999999999999999,0.20000000000000018,1.0,1.95,2020-04-20T17:00:00,EURUSD,H1,4,BUY,91.83989684449,19,"hit_tp=True,hit_sl=False,regime=4"
0.45240919354630876,0.532969058836639,0.6943815695750468,0.5481765122934025,0.41346156039938897,0.4796507005216511,0.5658536293904955,0.4030956461850254,0.7707288514209394,0.8068006143010633,0.8102449,0.7787920746390623,0.0,0.7071823127830702,0.5,0.6532663,0.38892738775348035,0.8979525582657617,0.8979526205300299,0.0,0.0,1.0,0.5217391,0.5,0.8287317,0.5052784622577475,0.0,1.0,0.0,1.0,0.0,1.0,0.0,0.0,-1.0,1.56,2020-04-02T12:00:00,EURUSD,H1,5,SELL,-118.45969104762987,33,"hit_tp=False,hit_sl=True,regime=5"
0.4105534930330081,0.42017084272122435,0.48076347313258433,0.4803353746997531,0.08159971233607603,0.11046023058768678,0.31801787980334145,0.3120869488776673,0.8149884024668923,0.7252749264955075,0.6575171,0.44807334534267557,0.09231061459934652,0.2833999966660343,0.5,0.72456384,0.05356675425928339,0.8380511421158469,0.8380511929073581,1.0,0.0,0.0,0.4347826,0.8333333,0.74155253,0.65334359454098,0.41666666666666663,1.0,1.0,0.0,1.0,0.0,1.0,1.0,-1.0,1.3,2020-06-06T10:00:00,EURUSD,H1,2,SELL,-10.812863460416544,15,"hit_tp=False,hit_sl=True,regime=2"
0.42170260684630284,0.4256986244631684,0.480184641478329,0.4657191364728123,0.2910425622332684,0.27738070658941605,0.3401708191792167,0.33950584827596436,0.31342676304765255,0.3949911427906339,0.299542,0.5069109558950025,0.2313166677134595,0.7794043035119886,0.5,0.33442986,0.011923852864731315,0.9363564286997339,0.9363564050688647,0.0,1.0,0.0,0.26086956,0.0,0.26669765,0.6163573172641122,1.0,0.3333333333333333,0.8000001028571486,0.1999999519999923,0.8000000000000003,0.20000000000000007,0.7999999999999998,0.8000000000000003,-1.0,1.3,2020-05-18T06:00:00,EURUSD,H1,3,BUY,-5.253941106539983,3,"hit_tp=False,hit_sl=True,regime=3"
0.4152409205228646,0.4294628188581301,0.48355538588387287,0.4815645343117043,0.3129914309029183,0.28839134197604716,0.5763519446848467,0.45887991721551624,0.7471869609256183,0.646756150550139,0.70128435,0.5695408355036002,0.362077123069257,0.19917313954867785,0.5,0.6646878,0.0679369097546575,0.7803406097196841,0.7803405879927979,1.0,0.0,0.0,0.47826087,0.5,0.72766405,0.40987108498414376,0.41666666666666663,1.0,1.0,0.0,1.0,0.0,1.0,1.0,1.0,1.95,2020-08-06T11:00:00,EURUSD,H1,2,SELL,23.48699104217422,20,"hit_tp=True,hit_sl=False,regime=2"
0.41615159161933196,0.42789016284185294,0.49224240785114387,0.46281155986147005,0.2506531813140311,0.23106086834180295,0.5070332404765067,0.37837891347837127,0.3570966094268608,0.487684529600684,0.41017446,0.44900391074716184,0.18854924599005124,0.7660513782592099,0.5,0.31534174,0.0169869040722251,0.7821850281356335,0.7821849697748964,1.0,0.0,0.0,0.13043478,1.0,0.3341213,0.5485706886403866,1.0,0.41666666666666663,1.0,0.0,1.0,0.0,1.0,1.0,1.0,2.0,2020-07-26T03:00:00,EURUSD,H1,1,BUY,19.239812444671323,33,"hit_tp=True,hit_sl=False,regime=1"
0.40619779570579945,0.4110046074331103,0.47946517338312034,0.46957412464802456,0.3865887334484749,0.4912048638017835,0.5880080762918184,0.4518278945401247,0.6393335720677493,0.5399090111787289,0.63313586,0.4185923630747797,0.539945104890027,0.14363894889327533,0.5,0.78982115,0.07597812679308462,0.8332707625150474,0.8332707279384325,1.0,0.0,0.0,0.3043478,0.5,0.67483157,0.5352492795727053,0.41666666666666663,1.0,1.0,0.0,1.0,0.0,1.0,1.0,-1.0,1.56,2020-06-04T07:00:00,EURUSD,H1,2,SELL,-13.517075379136934,46,"hit_tp=False,hit_sl=True,regime=2"
0.4094882244164248,0.41345047958684034,0.46298961445200076,0.4447649328507754,0.27759062332930073,0.2163172247080903,0.3235598374997874,0.33342085312469816,0.33451986556869184,0.3610823181351197,0.20199075,0.35037403979262755,0.5922534495368935,0.8920964785894538,0.5,0.5130335,0.015656182347870196,0.872378193117729,0.8723782312865397,1.0,0.0,0.0,0.47826087,0.33333334,0.18027258,0.5398173086060086,1.0,0.41666666666666663,1.0,0.0,1.0,0.0,1.0,1.0,1.0,2.0,2020-07-08T11:00:00,EURUSD,H1,1,BUY,15.321275970432424,22,"hit_tp=True,hit_sl=False,regime=1"
0.39540727672256776,0.4030810582583551,0.45694995330156984,0.44664014388598033,0.3037301498245944,0.30102208795782875,0.47544278734101464,0.4463353771639191,0.3323851791749262,0.25367289369524865,0.13913172,0.1630662883504731,0.38105398130147455,0.8261555243689728,0.5,0.27825105,0.013535812721811208,0.8028989324730513,0.8028989348784297,1.0,0.0,0.0,0.3478261,0.6666667,0.08639444,0.6193060029595026,1.0,0.41666666666666663,1.0,0.0,1.0,0.0,1.0,1.0,-1.0,1.56,2020-08-28T08:00:00,EURUSD,H1,1,BUY,-12.005635214107356,50,"hit_tp=False,hit_sl=True,regime=1"
0.4040230806521662,0.40152321929953527,0.45793235145042405,0.44640305170325983,0.543999314514204,0.4317353728930998,0.42580368801393176,0.3484423655768106,0.49322927547414824,0.4297061120331673,0.25428024,0.11354343017279431,0.09002308710022267,0.28411420003787047,0.5,0.4721881,0.018859266476513075,0.9780884776306955,0.9780884778980989,1.0,0.0,0.0,0.13043478,0.5,0.35581857,0.6303792021711209,1.0,0.41666666666666663,1.0,0.0,1.0,0.0,1.0,1.0,1.0,1.95,2020-06-25T03:00:00,EURUSD,H1,1,BUY,17.30318604031389,9,"hit_tp=True,hit_sl=False,regime=1"
0.48857008970477395,0.5166874234435707,0.4359178288707849,0.5062762799005401,0.19243937619084459,0.14531259241827482,0.24486092388329364,0.3390860978631825,0.35839105495576845,0.4583211569783653,0.43638062,0.4419268302033596,0.03983428976896156,0.29978421987381093,0.5,0.46053818,0.16442890399276344,0.9244922790888984,0.9244921823801328,0.0,0.0,1.0,0.0,0.16666667,0.52086186,0.41556540957020427,1.0,0.0,0.0,1.0,0.0,1.0,0.0,0.0,-1.0,1.3,2020-01-21T00:00:00,EURUSD,H1,5,BUY,-77.35668681263962,18,"hit_tp=False,hit_sl=True,regime=5"
0.41923154275671726,0.4182038956070759,0.4585767226266034,0.46270031442975673,0.41136047274216075,0.4005401525316554,0.4282422942698865,0.36993821015334705,0.6205134116678411,0.4630168464682051,0.5073877,0.30281599483982496,0.051796264087418525,0.7233542065075659,0.5,0.7330201,0.053913477343726174,0.9816009698295811,0.9816009456465578,1.0,0.0,0.0,0.2173913,0.33333334,0.4861649,0.4259166669164748,0.41666666666666663,1.0,1.0,0.0,1.0,0.0,1.0,1.0,1.0,2.0,2020-04-08T05:00:00,EURUSD,H1,2,SELL,19.03316331742788,35,"hit_tp=True,hit_sl=False,regime=2"
0.41781058697301865,0.43146339064489203,0.49145329052794057,0.46965044790290833,0.7249116609218107,0.5944048487861552,0.551356676384384,0.3898602566122732,0.3391783875052701,0.47791556246421446,0.42468205,0.4951913536833529,0.06209485533862953,0.7265696465715679,0.5,0.42900687,0.011616777450999415,0.8791117512292471,0.8791117893158831,0.0,1.0,0.0,0.5652174,0.33333334,0.35666114,0.5166465782536117,1.0,0.3333333333333333,0.8000001028571486,0.1999999519999923,0.8000000000000003,0.20000000000000007,0.7999999999999998,0.8000000000000003,1.0,1.95,2020-01-29T13:00:00,EURUSD,H1,3,BUY,11.03116873184984,19,"hit_tp=True,hit_sl=False,regime=3"
0.4199367139468557,0.4281608490065364,0.47938046277780183,0.4628112485396878,0.09018120535913147,0.2704327923658778,0.3175966551319521,0.38381739081678173,0.2915721619426225,0.2968788264503376,0.3089201,0.35310790024640315,0.07390105948690755,0.7302557811293824,0.5,0.28669205,0.009881768446884964,0.9052218989671196,0.9052217780859642,0.0,1.0,0.0,1.0,0.0,0.25638878,0.5878329201926903,1.0,0.3333333333333333,0.8000001028571486,0.1999999519999923,0.8000000000000003,0.20000000000000007,0.7999999999999998,0.8000000000000003,-1.0,1.3,2020-07-06T23:00:00,EURUSD,H1,3,BUY,-4.75028017674628,3,"hit_tp=False,hit_sl=True,regime=3"
0.4181879000935012,0.42523471058098694,0.4799627024592014,0.4776258842079332,0.10721819446989483,0.08913478908168232,0.1637476347247456,0.20847423301856052,0.5423276545012415,0.6753537494950933,0.83386385,0.6520047088938314,0.4339892916333011,0.8426830295452548,0.5,0.49185875,0.010666918449241095,0.9490725242504074,0.9490725492794766,0.0,1.0,0.0,0.9130435,0.8333333,0.5356235,0.485720669521159,1.0,0.3333333333333333,0.8000001028571486,0.1999999519999923,0.8000000000000003,0.20000000000000007,0.7999999999999998,0.8000000000000003,1.0,1.95,2020-07-04T21:00:00,EURUSD,H1,3,BUY,5.38743089215199,5,"hit_tp=True,hit_sl=False,regime=3"
0.43917372315239595,0.5241952190294604,0.5844740269420584,0.605646299628641,0.4159690543620714,0.26428546980857126,0.41292739840174725,0.3762429761153745,0.722821496596503,0.6760627876262105,0.7745059,0.7314409380801177,0.5134200996614589,0.15192063049980872,0.5,0.8526565,0.613951642038173,0.5968448540299062,0.5968448589499232,0.0,0.0,1.0,0.39130434,0.5,0.8055084,0.412209718378526,0.0,1.0,0.0,1.0,0.0,1.0,0.0,0.0,-1.0,1.56,2020-01-02T09:00:00,EURUSD,H1,5,SELL,-105.25495681292796,36,"hit_tp=False,hit_sl=True,regime=5"
0.4128756942317433,0.4194396218743746,0.4746925475101187,0.4570851522226534,0.0,0.4266304377828541,0.5332584473131347,0.4835034469626132,0.3124116153173095,0.5175127684416179,0.2401039,0.49270683006657023,0.12134935632417185,0.7450701524251903,0.5,0.36902976,0.028020395312501445,0.786634099494423,0.7866340776907325,1.0,0.0,0.0,0.4347826,0.0,0.23900907,0.518366375885167,1.0,0.41666666666666663,1.0,0.0,1.0,0.0,1.0,1.0,1.0,2.0,2020-08-31T10:00:00,EURUSD,H1,1,BUY,21.62966430871771,88,"hit_tp=True,hit_sl=False,regime=1"
0.41400973878577046,0.4883852928595936,0.5025529810401796,0.6675649381517661,0.612010512978337,0.45534394700618813,0.43438812621481043,0.3582375606503727,0.6877726796897454,0.6740980700230065,0.7946701,0.655006204274826,0.10053419733361062,0.7385712298240348,0.5,0.742122,0.4550456996922247,0.8805857604894028,0.8805857619467081,0.0,0.0,1.0,0.95652175,0.6666667,0.8021109,0.5293230003207117,0.0,1.0,0.0,1.0,0.0,1.0,0.0,0.0,-1.0,1.3,2020-04-03T22:00:00,EURUSD,H1,5,SELL,-110.18217852926782,5,"hit_tp=False,hit_sl=True,regime=5"
0.4172905052476351,0.4299854382598772,0.4883693075571163,0.4785342949519193,0.3891327685965321,0.3112155545506581,0.41199536160158035,0.5385061675047156,0.2040058159332386,0.44787155552935726,0.44046193,0.6241413630036636,0.5520510556157782,0.13985923571852316,0.5,0.40800983,0.012538675882370877,0.9440847169868172,0.9440846200389498,0.0,1.0,0.0,0.9130435,1.0,0.39678755,0.3982439197533704,1.0,0.3333333333333333,0.8000001028571486,0.1999999519999923,0.8000000000000003,0.20000000000000007,0.7999999999999998,0.8000000000000003,-1.0,1.3,2020-05-31T21:00:00,EURUSD,H1,3,BUY,-6.829156366856548,6,"hit_tp=False,hit_sl=True,regime=3"
0.4192111009675383,0.4231380014026782,0.49194033001038023,0.4717123245687011,0.28004931437328556,0.2536489790871097,0.40428596838516906,0.3736561108184837,0.5017475878610971,0.5300252032224734,0.5228386,0.34509548705731297,0.3655356093476532,0.19809330838781516,0.5,0.46957287,0.06944997750126353,0.8944865502680627,0.8944866003708485,1.0,0.0,0.0,0.0,0.6666667,0.6339375,0.5216545455242948,0.41666666666666663,1.0,1.0,0.0,1.0,0.0,1.0,1.0,1.0,2.0,2020-02-28T00:00:00,EURUSD,H1,2,SELL,19.805109764245987,36,"hit_tp=True,hit_sl=False,regime=2"
0.41005709653844563,0.4148242402978842,0.4740018993281052,0.46441236493042315,0.4539432520393428,0.4073260967047478,0.4580551359047979,0.34599475787662204,0.5785674343723299,0.6268405560294998,0.56094855,0.4747482282440522,0.29920156687771177,0.8005994530332439,0.5,0.569658,0.022883959186275678,0.8211213007121553,0.821121376117836,1.0,0.0,0.0,0.6956522,0.33333334,0.6012023,0.6229684340200707,1.0,0.41666666666666663,1.0,0.0,1.0,0.0,1.0,1.0,-1.0,1.56,2020-02-19T16:00:00,EURUSD,H1,1,BUY,-10.822251230218072,30,"hit_tp=False,hit_sl=True,regime=1"
0.41438786853703014,0.4155767107624517,0.4751030587199979,0.4637940802641561,0.23580837050824496,0.2929852252210191,0.24601881373374068,0.36247329881657636,0.3182015969781078,0.4673598431955422,0.018065887,0.09375154025619864,0.21688692944897048,0.2445046160810888,0.5,0.5562262,0.01354236599854197,0.9173867009225167,0.9173866287080272,0.0,1.0,0.0,0.9130435,0.6666667,0.40601632,0.4609832022686403,1.0,0.3333333333333333,0.8000001028571486,0.1999999519999923,0.8000000000000003,0.20000000000000007,0.7999999999999998,0.8000000000000003,-1.0,1.3,2020-04-03T21:00:00,EURUSD,H1,3,BUY,-4.6515614961739615,10,"hit_tp=False,hit_sl=True,regime=3"
0.4172024043170556,0.42255510851623374,0.4831544191305432,0.47168632743026595,0.31875200541868565,0.35033877434302285,0.36151568814629986,0.2957491637334115,0.5150011333943451,0.5638194033309316,0.5779251,0.45395685079265674,0.19261864918587424,0.2520816791782604,0.5,0.45858103,0.01166749362227809,0.9584644319404234,0.9584644324473147,0.0,1.0,0.0,0.5217391,0.6666667,0.460976,0.6670327874890466,1.0,0.3333333333333333,0.8000001028571486,0.1999999519999923,0.8000000000000003,0.20000000000000007,0.7999999999999998,0.8000000000000003,1.0,1.95,2020-03-06T12:00:00,EURUSD,H1,3,BUY,7.541319948316527,14,"hit_tp=True,hit_sl=False,regime=3"
0.5301854248894391,0.55438833851461,0.6513204928770282,0.7210892665464612,0.37822651193912776,0.3480564303718844,0.41684323252063304,0.40523867002927444,0.8389167680376912,0.7642508770399895,1.0,0.9382850857610949,0.191373274075302,0.7669331578815612,0.5,0.790039,0.7666386702923357,0.04511840285117417,0.0451184267081204,0.0,0.0,1.0,0.39130434,1.0,0.83941513,0.7223901887515634,0.0,1.0,0.0,1.0,0.0,1.0,0.0,0.0,1.0,1.7999999999999998,2020-01-19T09:00:00,EURUSD,H1,5,SELL,188.24534911821237,24,"hit_tp=True,hit_sl=False,regime=5"
0.4171072237130773,0.41879223310302854,0.4716068590365904,0.45788003472699446,0.1547837517661014,0.19356562973132274,0.41028307007557396,0.44488742776199447,0.28017479089642594,0.31599548547496725,0.19055606,0.1748116640916483,0.22947540695188207,0.24057420962227083,0.5,0.36568204,0.01921042832604781,0.969680926902538,0.9696810004952294,1.0,0.0,0.0,0.5217391,0.6666667,0.21046789,0.38315797819131414,1.0,0.41666666666666663,1.0,0.0,1.0,0.0,1.0,1.0,-1.0,1.3,2020-04-10T12:00:00,EURUSD,H1,1,BUY,-10.22484811992408,9,"hit_tp=False,hit_sl=True,regime=1"
0.4105093881386469,0.4196597720212099,0.47912146522353705,0.46752553176152667,0.2685160378164545,0.6079128260753327,0.6370046388580312,0.5010819805876109,0.2693532540361318,0.3286896854704833,0.21370497,0.3807336549694681,0.4116887197699263,0.1836833271415453,0.5,0.3036658,0.011621789310189664,0.9322954619789439,0.9322954506014147,0.0,1.0,0.0,0.13043478,0.0,0.23427199,0.49561352030102246,1.0,0.3333333333333333,0.8000001028571486,0.1999999519999923,0.8000000000000003,0.20000000000000007,0.7999999999999998,0.8000000000000003,-1.0,1.56,2020-05-04T03:00:00,EURUSD,H1,3,BUY,-7.798296830741069,26,"hit_tp=False,hit_sl=True,regime=3"
0.4495712476014038,0.5669782664547206,0.6581139183182293,0.7785411912209564,0.13131670970087703,0.15485944062683304,0.2616113516666199,0.26444561412169415,0.7975477578371137,0.8303050144778973,0.9223421,0.9931189037684741,0.08873146193912218,0.734886175397161,0.5,0.7980857,0.534854793062443,0.4843532336034668,0.4843532887114295,0.0,0.0,1.0,0.13043478,0.33333334,0.8824166,0.5299220785351751,0.0,1.0,0.0,1.0,0.0,1.0,0.0,0.0,1.0,1.95,2020-02-19T03:00:00,EURUSD,H1,5,SELL,123.03734552780776,16,"hit_tp=True,hit_sl=False,regime=5"
0.45949910492055807,0.43604825282136267,0.5386939667421164,0.4839457426038432,0.26945712889915957,0.39875121075333503,0.4228514935762411,0.5238637443446266,0.5061899589196194,0.5217103818335906,0.8569224,0.6079980656200289,0.031826787270765114,0.7171193094962028,0.5,0.38807577,0.2670925257072318,0.8583650797402972,0.8583651180801208,0.0,0.0,1.0,0.04347826,1.0,0.5926201,0.49565984834546095,0.08333333333333331,1.0,0.2000000400000022,0.7999999279999885,0.20000000000000018,0.7999999999999999,0.1999999999999999,0.20000000000000018,-1.0,1.3,2020-02-16T01:00:00,EURUSD,H1,4,SELL,-43.21979843128653,6,"hit_tp=False,hit_sl=True,regime=4"
0.4150569879104094,0.42830929726319733,0.4860428519132388,0.49668456196704086,0.3673322363982636,0.46308871476157715,0.3784350323175768,0.32456245191951694,0.6868649643960071,0.6119424888516817,0.7323715,0.5791277567557617,0.15209403116272902,0.2647343347483357,0.5,0.6856059,0.06177037336814862,0.7910490368782269,0.7910489662055347,1.0,0.0,0.0,0.82608694,0.5,0.817528,0.601626571351362,0.41666666666666663,1.0,1.0,0.0,1.0,0.0,1.0,1.0,-1.0,1.3,2020-04-23T19:00:00,EURUSD,H1,2,SELL,-10.403315663207737,3,"hit_tp=False,hit_sl=True,regime=2"
0.4165470170532388,0.4242806651218989,0.49915841862596577,0.4949749321734703,0.2963199146495516,0.5769464520924956,0.965325149798851,0.9409536403669945,0.5153395057647383,0.7423769089162352,0.5979504,0.8389698275821977,0.21032793228326607,0.24655247041021722,0.5,0.5641805,0.032612593009406964,0.9861056294100573,0.9861056051720601,0.0,1.0,0.0,0.04347826,0.33333334,0.48857343,0.41074710428235267,1.0,0.3333333333333333,0.8000001028571486,0.1999999519999923,0.8000000000000003,0.20000000000000007,0.7999999999999998,0.8000000000000003,-1.0,1.56,2020-01-01T01:00:00,EURUSD,H1,3,BUY,-11.070464805631453,25,"hit_tp=False,hit_sl=True,regime=3"
0.4223690165723513,0.4215719137349984,0.4843772944264282,0.480342489221745,0.31606583176992165,0.37419718832358234,0.47427872031312407,0.40636112071727176,0.7760572594057907,0.5936453352627425,0.7195441,0.5367446531238288,0.34429027863712935,0.2047265576900419,0.5,0.8658386,0.06968862580304781,0.7818038430413656,0.7818038457041839,1.0,0.0,0.0,0.17391305,0.6666667,0.73732966,0.4538731785924941,0.41666666666666663,1.0,1.0,0.0,1.0,0.0,1.0,1.0,-1.0,1.3,2020-04-17T04:00:00,EURUSD,H1,2,SELL,-13.164017553033425,8,"hit_tp=False,hit_sl=True,regime=2"
0.40160156347905956,0.42500962239447765,0.502015421568535,0.5296929867801498,0.04901916443034409,0.2081867982027302,0.31313629179074265,0.4179589787871128,0.3395523393430779,0.4276308790647829,0.40652347,0.8622956731050725,0.526706952927346,0.14777215369064164,0.5,0.3799137,0.11371882400444247,0.9881921098187971,0.9881921099628981,0.0,0.0,1.0,0.4347826,1.0,0.36193758,0.48648320607340956,1.0,0.08333333333333331,0.2000000400000022,0.7999999279999885,0.20000000000000018,0.7999999999999999,0.1999999999999999,0.20000000000000018,-1.0,1.3,2020-03-15T10:00:00,EURUSD,H1,4,BUY,-38.388942308344994,8,"hit_tp=False,hit_sl=True,regime=4"
0.4152842316094877,0.42162538198427996,0.4754650577371411,0.46266595368079805,0.6597925844233455,0.6027817397971407,0.5330453163068751,0.4569503567642542,0.28272546923880837,0.3569037607737162,0.14614129,0.4237133432870008,0.257552563876176,0.23180791658348598,0.5,0.3254301,0.009224165490911342,0.9903226458763382,0.9903226459944386,0.0,1.0,0.0,1.0,0.0,0.16174522,0.49577292231455666,1.0,0.3333333333333333,0.8000001028571486,0.1999999519999923,0.8000000000000003,0.20000000000000007,0.7999999999999998,0.8000000000000003,1.0,2.0,2020-04-13T23:00:00,EURUSD,H1,3,BUY,11.690316638015563,56,"hit_tp=True,hit_sl=False,regime=3"
0.4155988704418883,0.4295242664270993,0.48226576428850665,0.466015437208448,0.40702918930628984,0.322668614702603,0.5825705055403858,0.3941471133282292,0.4370295980985319,0.5777158874644553,0.4148975,0.6956893301230139,0.46612831299518187,0.8527175615047062,0.5,0.33300743,0.015881211291316595,0.90246018336498,0.9024601845553346,0.0,1.0,0.0,0.47826087,0.16666667,0.35135934,0.5834449730895903,1.0,0.3333333333333333,0.8000001028571486,0.1999999519999923,0.8000000000000003,0.20000000000000007,0.7999999999999998,0.8000000000000003,1.0,2.0,2020-01-07T11:00:00,EURUSD,H1,3,BUY,10.432935014066391,25,"hit_tp=True,hit_sl=False,regime=3"
0.409267418152483,0.4236756328270312,0.49054903918905096,0.47862012368008255,0.2489760324107992,0.23694913976379722,0.3062304831756943,0.3424365202785167,0.5562958206799161,0.4880492134845664,0.59950554,0.6467895097458514,0.4263072044906209,0.17911912699450655,0.5,0.63426244,0.06734920995709995,0.845746004247233,0.8457459207032503,1.0,0.0,0.0,0.3478261,0.33333334,0.7150426,0.41064792872658856,0.41666666666666663,1.0,1.0,0.0,1.0,0.0,1.0,1.0,-1.0,1.3,2020-05-13T08:00:00,EURUSD,H1,2,SELL,-10.651740791711717,2,"hit_tp=False,hit_sl=True,regime=2"
0.4154953410520306,0.43031689827572966,0.5012298635682717,0.5041911527802536,0.342811136694279,0.34957064293229984,0.3736628318222076,0.34939489053465217,0.8102951481930761,0.7533999935550727,0.74042374,0.6921818580608479,0.1501177202536094,0.26535138409653786,0.5,0.7880769,0.057665594396290064,0.8617056572786113,0.8617057810041321,1.0,0.0,0.0,0.9130435,0.33333334,0.8507713,0.6164648570233745,0.41666666666666663,1.0,1.0,0.0,1.0,0.0,1.0,1.0,1.0,1.95,2020-05-20T21:00:00,EURUSD,H1,2,SELL,16.67899818085017,18,"hit_tp=True,hit_sl=False,regime=2"
0.398651042283972,0.34039834760710685,0.40632014509028536,0.4101303976855907,0.4659813215857225,0.4290509823170471,0.6887186815035361,0.5501275173348179,0.2328566712449014,0.36996149119855304,0.22274864,0.26809917228558433,0.3073440732734,0.8031416884923392,0.5,0.530093,0.06725911799409211,0.7885986641326573,0.7885986423049917,0.0,0.0,1.0,0.5217391,1.0,0.18003386,0.47801818143055846,1.0,0.08333333333333331,0.2000000400000022,0.7999999279999885,0.20000000000000018,0.7999999999999999,0.1999999999999999,0.20000000000000018,-1.0,1.3,2020-05-17T12:00:00,EURUSD,H1,4,BUY,-55.32056312551825,8,"hit_tp=False,hit_sl=True,regime=4"
0.40470279390530345,0.4206327643446143,0.4852774329320703,0.47835686250930315,0.33748524977535105,0.3649052430252642,0.4594829095792671,0.3563337092938864,0.5513315868134856,0.49916755424594683,0.7295708,0.6062229987221249,0.24399246531176838,0.7833619725912673,0.5,0.5203289,0.057357179222070384,0.7909968291038303,0.7909968316544593,1.0,0.0,0.0,0.39130434,0.0,0.5792761,0.38313439491077417,0.41666666666666663,1.0,1.0,0.0,1.0,0.0,1.0,1.0,-1.0,1.56,2020-04-06T09:00:00,EURUSD,H1,2,SELL,-11.315285108866036,22,"hit_tp=False,hit_sl=True,regime=2"
0.41329013753721894,0.40337225224921675,0.4574361012407729,0.4436898725398812,0.5868825611810775,0.5853662291261866,0.5283397410825044,0.42454291915010317,0.2655280530335718,0.3041088238240657,0.16084644,0.2878712527951892,0.21381227233990746,0.7739390488926065,0.5,0.38530445,0.022462574483753325,0.8190718709820195,0.8190718731900269,1.0,0.0,0.0,0.82608694,0.6666667,0.11307808,0.4781564947505609,1.0,0.41666666666666663,1.0,0.0,1.0,0.0,1.0,1.0,-1.0,1.56,2020-01-31T19:00:00,EURUSD,H1,1,BUY,-13.492214252044388,41,"hit_tp=False,hit_sl=True,regime=1"
0.4157685467370666,0.4294258239640523,0.4827465060164426,0.4644120542640552,0.3713118460019996,0.5860246455041993,0.6008202593035692,0.44414199885140576,0.6647932428060924,0.489253996774124,0.6410423,0.5349481133561862,0.13035456491236222,0.7478818025765779,0.5,0.5193543,0.05659571479917914,0.913475023052637,0.9134749508858848,1.0,0.0,0.0,0.5652174,0.0,0.5584052,0.5610287400111442,0.41666666666666663,1.0,1.0,0.0,1.0,0.0,1.0,1.0,-1.0,1.3,2020-01-13T13:00:00,EURUSD,H1,2,SELL,-13.886363834905158,17,"hit_tp=False,hit_sl=True,regime=2"
1.0,0.9801789676566808,1.0,1.0,0.6074180973252451,0.5799370384606709,0.6551498769850043,0.5741811321837378,0.8825474933329638,0.9755186959004281,1.0,0.8718855358462392,0.40002926703197417,0.18732366414748172,0.5,0.7828945,0.7075440527107975,0.3506698820049381,0.35066990213300114,0.0,0.0,1.0,0.9130435,1.0,1.0,0.9597355838393274,0.0,1.0,0.0,1.0,0.0,1.0,0.0,0.0,-1.0,1.56,2020-03-29T21:00:00,EURUSD,H1,5,SELL,-150.89199884010586,23,"hit_tp=False,hit_sl=True,regime=5"
0.37905638186261204,0.4191049955317834,0.4320933511141632,0.32353124576807196,0.28617120129763063,0.27805751395767325,0.48322279525552325,0.3796152123080943,0.3100091847558207,0.15174603102893708,0.17091362,0.20100656698882094,0.5102876299892357,0.15289863419348684,0.5,0.5137622,0.07619151367987856,0.9261044717594077,0.9261045458838968,0.0,0.0,1.0,0.3478261,0.16666667,0.17420372,0.42301053594063653,1.0,0.08333333333333331,0.2000000400000022,0.7999999279999885,0.20000000000000018,0.7999999999999999,0.1999999999999999,0.20000000000000018,1.0,2.0,2020-01-21T08:00:00,EURUSD,H1,4,BUY,68.69276074059627,21,"hit_tp=True,hit_sl=False,regime=4"
0.4546914425675767,0.3777312873860732,0.48193649713392,0.33075447477216724,0.22911590425994705,0.2165490205851331,0.43986145473448013,0.4604977923475966,0.4663016608229104,0.47693688029902737,0.30386114,0.37357650506632883,0.49276524334602834,0.861034165419616,0.5,0.30023995,0.14989234562494283,0.8828876986487205,0.88288763905903,0.0,0.0,1.0,0.5652174,0.33333334,0.28760773,0.5739790006504164,1.0,0.0,0.0,1.0,0.0,1.0,0.0,0.0,-1.0,1.56,2020-03-18T13:00:00,EURUSD,H1,5,BUY,-119.28844789098612,46,"hit_tp=False,hit_sl=True,regime=5"
0.417079094945966,0.4303643293474771,0.48575469566828366,0.4808399211316404,0.32772372657964705,0.33309058067422376,0.3162255423529623,0.36597076946339346,0.669207199281344,0.7146638654381832,0.88814104,0.5887039263584555,0.10315990520219644,0.7393910318795852,0.5,0.52305496,0.02236703223648528,0.8030100356937402,0.8030100869128854,1.0,0.0,0.0,0.5217391,0.33333334,0.49593613,0.37072933779175427,1.0,0.41666666666666663,1.0,0.0,1.0,0.0,1.0,1.0,1.0,1.95,2020-03-11T12:00:00,EURUSD,H1,1,BUY,14.220059557452648,6,"hit_tp=True,hit_sl=False,regime=1"
0.41455988564337043,0.425068145731086,0.4925566766186837,0.4806195216951761,0.30825017854852826,0.33914716277966406,0.6445613859306512,0.4959345433862137,0.5335691041613376,0.739356443964949,0.7818898,0.8788544710253022,0.0378266675756343,0.7189925800087356,0.5,0.3259807,0.018575910829237822,0.9409390338283801,0.9409390711604894,0.0,1.0,0.0,0.6086956,0.33333334,0.48704362,0.6290473233008032,1.0,0.3333333333333333,0.8000001028571486,0.1999999519999923,0.8000000000000003,0.20000000000000007,0.7999999999999998,0.8000000000000003,1.0,1.95,2020-05-13T14:00:00,EURUSD,H1,3,BUY,12.624487472299162,19,"hit_tp=True,hit_sl=False,regime=3"
0.4221298600116144,0.3948423743584866,0.3979892252673926,0.42685875522121036,0.3694271748877359,0.44811530993156057,0.5239939129063942,0.48176161084558244,0.24812827478002025,0.40236945519673706,0.16854137,0.24688614759987929,0.30241825789194676,0.21779990462270513,0.5,0.26908773,0.0571075702935369,0.5918806976935671,0.5918807758968497,0.0,0.0,1.0,0.08695652,0.6666667,0.24151747,0.6485080786990631,1.0,0.08333333333333331,0.2000000400000022,0.7999999279999885,0.20000000000000018,0.7999999999999999,0.1999999999999999,0.20000000000000018,1.0,1.95,2020-02-14T02:00:00,EURUSD,H1,4,BUY,75.41234355957104,16,"hit_tp=True,hit_sl=False,regime=4"
0.40904147661627976,0.4139803969178953,0.484057691290787,0.4817413636421015,0.6885536817037772,0.5001873010370089,0.43174741962660246,0.3920057974308359,0.49711796020800997,0.4357771278755533,0.6406386,0.46900205990142135,0.44162364872383614,0.17433701533990412,0.5,0.52541304,0.09710581243537965,0.7969917655843104,0.7969918168769013,1.0,0.0,0.0,0.9130435,0.16666667,0.6684437,0.4487856780183722,0.41666666666666663,1.0,1.0,0.0,1.0,0.0,1.0,1.0,-1.0,1.3,2020-02-11T21:00:00,EURUSD,H1,2,SELL,-11.247413653037164,10,"hit_tp=False,hit_sl=True,regime=2"
0.40707901741772773,0.4350256007866647,0.5273476978863009,0.5462131165778692,0.3171323829558686,0.4453674814800678,0.56160272016421,0.400658406021891,0.7950590016487198,0.8604829663237168,0.80166686,0.7423728906806758,0.8675735253240764,0.9780572843458794,0.5,0.8772592,0.23013451657283723,0.8312461186637802,0.8312461207232156,0.0,0.0,1.0,0.6956522,0.5,0.81294405,0.41795146108065884,0.08333333333333331,1.0,0.2000000400000022,0.7999999279999885,0.20000000000000018,0.7999999999999999,0.1999999999999999,0.20000000000000018,-1.0,1.3,2020-03-12T16:00:00,EURUSD,H1,4,SELL,-46.114439863078616,19,"hit_tp=False,hit_sl=True,regime=4"
0.42258914915484314,0.43246407738975307,0.49191337032068794,0.4803428968894261,0.5663938148352113,0.6681944542804872,0.6204460344956753,0.4083568266542187,0.5775194424864678,0.6094081088768829,0.69378644,0.6535756973131619,0.032579460593060695,0.30204934109759946,0.5,0.46240416,0.01368998542894973,0.9850059955344657,0.9850060689401334,0.0,1.0,0.0,0.47826087,0.5,0.63749224,0.3783182278403583,1.0,0.3333333333333333,0.8000001028571486,0.1999999519999923,0.8000000000000003,0.20000000000000007,0.7999999999999998,0.8000000000000003,1.0,2.0,2020-06-04T11:00:00,EURUSD,H1,3,BUY,11.231597950718264,22,"hit_tp=True,hit_sl=False,regime=3"
0.36708597761267686,0.40798139128423017,0.48544012579828444,0.4577351409816431,0.243486143283588,0.30034622695270596,0.3368230463872015,0.3851931420090766,0.53978305916591,0.598435295632687,0.4071606,0.4727313100915204,0.6173420669462081,0.1194739649108085,0.5,0.50743705,0.1253792261358628,0.9738317134502469,0.9738316771582569,0.0,0.0,1.0,0.04347826,0.5,0.5751975,0.4930071485430344,1.0,0.08333333333333331,0.2000000400000022,0.7999999279999885,0.20000000000000018,0.7999999999999999,0.1999999999999999,0.20000000000000018,-1.0,1.3,2020-04-09T01:00:00,EURUSD,H1,4,BUY,-37.567494584738185,3,"hit_tp=False,hit_sl=True,regime=4"
0.4108336416762356,0.4164946990146547,0.4856440628514304,0.4828227184206425,0.5519280196967604,0.4144377790686872,0.5631169375539756,0.4478558393972626,0.7180502757272826,0.5452062512527298,0.6326403,0.5642242462725277,0.11948492428727982,0.744488036937567,0.5,0.61471826,0.07694105885429227,0.8364496155497841,0.8364495687305947,1.0,0.0,0.0,0.17391305,0.33333334,0.66805625,0.4755285102261402,0.41666666666666663,1.0,1.0,0.0,1.0,0.0,1.0,1.0,-1.0,1.56,2020-10-14T04:00:00,EURUSD,H1,2,SELL,-13.556956187510403,30,"hit_tp=False,hit_sl=True,regime=2"
0.4358743160345531,0.35790739823114714,0.42989897982704356,0.4017470224889811,0.39615904680872166,0.5165736733447832,0.5368327901492405,0.3837575976948411,0.4236041769969365,0.40711635326304974,0.19371969,0.2326548282127465,0.21243998709068593,0.7735106008036012,0.5,0.44342878,0.06151258497084404,0.7442076554341562,0.7442076341482285,0.0,0.0,1.0,0.7826087,0.6666667,0.19469266,0.59151982545773,1.0,0.08333333333333331,0.2000000400000022,0.7999999279999885,0.20000000000000018,0.7999999999999999,0.1999999999999999,0.20000000000000018,1.0,1.95,2020-04-24T18:00:00,EURUSD,H1,4,BUY,75.16001598693921,13,"hit_tp=True,hit_sl=False,regime=4"
0.40662942726952067,0.4172274109539168,0.47450510825087594,0.44581558815559963,0.4479214965034356,0.5808325030311222,0.5769226533734788,0.44629228896078665,0.2525875578229102,0.2865725897912111,0.15694347,0.2369408414131531,0.047581080732330784,0.2973655005646197,0.5,0.22452492,0.019872920021842717,0.8828429717919736,0.8828428755914868,1.0,0.0,0.0,0.6086956,0.33333334,0.15162134,0.5547577465678623,1.0,0.41666666666666663,1.0,0.0,1.0,0.0,1.0,1.0,1.0,2.0,2020-01-29T14:00:00,EURUSD,H1,1,BUY,24.096223187133337,33,"hit_tp=True,hit_sl=False,regime=1"
0.4208204119602778,0.41708078958746697,0.4655987491649879,0.45916589986473166,0.6108752960857826,0.49330684673223174,0.5777789645965922,0.4815340793640206,0.37430587524818104,0.4915588392911705,0.26229945,0.47720086206279133,0.11225465388820934,0.7422306210328943,0.5,0.38258526,0.028657407535736958,0.8449964114172276,0.8449964621239802,1.0,0.0,0.0,0.17391305,1.0,0.23341838,0.58205726997387,1.0,0.41666666666666663,1.0,0.0,1.0,0.0,1.0,1.0,1.0,1.95,2020-05-31T04:00:00,EURUSD,H1,1,BUY,21.822909347057884,16,"hit_tp=True,hit_sl=False,regime=1"
0.41184572539030695,0.4251599177839004,0.4848643627980257,0.4806771421792947,0.29087154460542236,0.4436061735052706,0.487196283030549,0.36136271386462937,0.6978921905869964,0.6452055952254481,0.8858856,0.7115164174385802,0.12096714590660687,0.7449508181726173,0.5,0.84989244,0.04888648578976109,0.8255444512404587,0.8255444167581341,1.0,0.0,0.0,0.08695652,0.0,0.76571923,0.5292100730920283,0.41666666666666663,1.0,1.0,0.0,1.0,0.0,1.0,1.0,1.0,1.95,2020-07-06T02:00:00,EURUSD,H1,2,SELL,19.573895647537757,7,"hit_tp=True,hit_sl=False,regime=2"
0.4214837136535937,0.4175282010565893,0.4885666541594482,0.4747548764362536,0.3933615415016788,0.4199557701416437,0.543701039319297,0.3812289524109449,0.4758728335426396,0.6380226732160138,0.66136765,0.47933751910396943,0.11730724065816048,0.2755955042015996,0.5,0.4867154,0.02156964398405962,0.8246689764111776,0.8246689175319757,1.0,0.0,0.0,0.3478261,0.6666667,0.45317757,0.5921061058119539,1.0,0.41666666666666663,1.0,0.0,1.0,0.0,1.0,1.0,-1.0,1.3,2020-02-14T08:00:00,EURUSD,H1,1,BUY,-12.890778630922917,17,"hit_tp=False,hit_sl=True,regime=1"
0.41228999936702976,0.4096152034746926,0.4816034954451403,0.4789365226945649,0.35139121443269217,0.42737013098138954,0.28364565614355686,0.23636949976970806,0.3537338802623625,0.5407350768872387,0.49476975,0.39494106715113386,0.4219802347634064,0.1804700970138954,0.5,0.45878187,0.011610700251228191,0.9814203538732769,0.9814202320622122,1.0,0.0,0.0,0.26086956,0.33333334,0.43682468,0.5615868147618424,1.0,0.41666666666666663,1.0,0.0,1.0,0.0,1.0,1.0,-1.0,1.3,2020-01-01T06:00:00,EURUSD,H1,1,BUY,-7.255440968598759,4,"hit_tp=False,hit_sl=True,regime=1"
0.4080043410149303,0.412864777703653,0.4725753250168,0.4740560518418013,0.20161187255932794,0.18453844529256105,0.5081471730910384,0.4766280020209206,0.5372983140878699,0.4995545863119596,0.56353056,0.43975958167652657,0.6372783362265821,0.11324940712074763,0.5,0.70476985,0.06474066856820258,0.7969901302776791,0.7969901083476056,1.0,0.0,0.0,0.8695652,1.0,0.6497699,0.5314321421917948,0.41666666666666663,1.0,1.0,0.0,1.0,0.0,1.0,1.0,-1.0,1.56,2020-06-07T20:00:00,EURUSD,H1,2,SELL,-12.973993740590384,25,"hit_tp=False,hit_sl=True,regime=2"
0.33775329254285974,0.37696216513801123,0.48818863938038054,0.47076877412899476,0.33235785652749594,0.36279264505499237,0.38449464116068427,0.36017468700656585,0.6123728581013007,0.5169307544940934,0.5668513,0.5195032268930618,0.31194151329610326,0.80457704966196,0.5,0.47539556,0.2547173428761239,0.8466215400954181,0.8466214199294086,0.0,0.0,1.0,0.73913044,0.0,0.59173244,0.46040740337243424,0.08333333333333331,1.0,0.2000000400000022,0.7999999279999885,0.20000000000000018,0.7999999999999999,0.1999999999999999,0.20000000000000018,-1.0,1.3,2020-03-09T17:00:00,EURUSD,H1,4,SELL,-39.87561469710022,8,"hit_tp=False,hit_sl=True,regime=4"
0.44313299116121446,0.41189612920310853,0.44915319251774977,0.4752225547663188,0.4798657763566477,0.5781082074762373,0.5316065119583996,0.5490491436612904,0.6395599905718005,0.5463870042389216,0.8710888,0.4926483654368238,0.6413143468859239,0.9074142948733669,0.5,0.57406056,0.34924208825233327,0.7711142585204266,0.7711141880910138,0.0,0.0,1.0,0.26086956,1.0,0.52538514,0.5051149619941284,0.08333333333333331,1.0,0.2000000400000022,0.7999999279999885,0.20000000000000018,0.7999999999999999,0.1999999999999999,0.20000000000000018,-1.0,1.3,2020-05-24T06:00:00,EURUSD,H1,4,SELL,-55.58252440607259,18,"hit_tp=False,hit_sl=True,regime=4"
0.4069335128448361,0.4145625245216465,0.4698449222562235,0.4532088014744515,0.21392667905618232,0.3541775544430881,0.41122972251879925,0.3820940424753648,0.11332573579293166,0.11724685391063032,0.08801546,0.059566057118500916,0.1329318952280956,0.27071715981151845,0.5,0.22621031,0.014985188716814363,0.977584888614689,0.9775848278693349,0.0,1.0,0.0,0.3043478,0.33333334,0.10697959,0.5525760101185481,1.0,0.3333333333333333,0.8000001028571486,0.1999999519999923,0.8000000000000003,0.20000000000000007,0.7999999999999998,0.8000000000000003,1.0,1.95,2020-07-15T07:00:00,EURUSD,H1,3,BUY,9.0218492517824,15,"hit_tp=True,hit_sl=False,regime=3"
0.4241845687865224,0.42979510849207325,0.48468755608908165,0.47451644065426235,0.3957310452117438,0.315532863169613,0.3492050331127045,0.47998910659509825,0.4482574206327695,0.5567230144439186,0.5939616,0.6148158285503513,0.06799798053779373,0.7284127427309816,0.5,0.28876954,0.010317906684296066,0.9141059707253996,0.9141058863471668,0.0,1.0,0.0,0.08695652,0.33333334,0.42219624,0.6245934373453133,1.0,0.3333333333333333,0.8000001028571486,0.1999999519999923,0.8000000000000003,0.20000000000000007,0.7999999999999998,0.8000000000000003,-1.0,1.3,2020-02-26T02:00:00,EURUSD,H1,3,BUY,-5.775914852956809,2,"hit_tp=False,hit_sl=True,regime=3"
0.4111849058396535,0.41772502280633517,0.48110363954098345,0.47943430000778503,0.6746900535784063,0.5362063551123561,0.7457145969368737,0.4655067210517897,0.4062873868815223,0.6319734288284774,0.40904346,0.5521983234817067,0.04000217745237893,0.7196718495199927,0.5,0.40734017,0.025620283696593218,0.8133430745539099,0.8133431744620757,1.0,0.0,0.0,0.9130435,0.8333333,0.36684394,0.377872702985855,1.0,0.41666666666666663,1.0,0.0,1.0,0.0,1.0,1.0,-1.0,1.3,2020-11-07T21:00:00,EURUSD,H1,1,BUY,-15.022945978810933,10,"hit_tp=False,hit_sl=True,regime=1"
0.4144690522141003,0.4167001071973663,0.4971513399186019,0.4704535470738918,0.7160619714590526,0.6127684891359878,0.6081114980528562,0.3829300375152774,0.25609147194803494,0.521312920615917,0.34634387,0.4909291665438891,0.5237515746985953,0.14869491475161858,0.5,0.24532084,0.08237364903634262,0.6896071589526221,0.6896072359632726,0.0,0.0,1.0,0.5652174,1.0,0.30984783,0.4346114556005334,1.0,0.08333333333333331,0.2000000400000022,0.7999999279999885,0.20000000000000018,0.7999999999999999,0.1999999999999999,0.20000000000000018,1.0,1.56,2020-06-14T13:00:00,EURUSD,H1,4,BUY,27.477659929064924,100,"hit_tp=False,hit_sl=False,regime=4"
0.4171039344802132,0.41997071294688404,0.48321562404281393,0.47706222268520687,0.3135345707858335,0.31177771002518745,0.3745778262310347,0.4336371818232655,0.3943042406278337,0.4966319246953734,0.47421792,0.565409057757726,0.06603027213807233,0.7277983619415737,0.5,0.26857835,0.012452052744060471,0.894142330425933,0.8941423561253584,0.0,1.0,0.0,0.4347826,0.8333333,0.37366542,0.45197517521172076,1.0,0.3333333333333333,0.8000001028571486,0.1999999519999923,0.8000000000000003,0.20000000000000007,0.7999999999999998,0.8000000000000003,-1.0,1.3,2020-07-18T10:00:00,EURUSD,H1,3,BUY,-5.511907299491359,13,"hit_tp=False,hit_sl=True,regime=3"
0.4400746136721863,0.37734703643015954,0.4302933093857106,0.42123719485992145,0.8299670930459732,0.6464926757013852,0.7339438198580628,0.5330781925412688,0.37579801850623906,0.28914282297863164,0.18571274,0.278007304137123,0.35167641170647984,0.2024204567604581,0.5,0.49045488,0.04513233599714677,0.6516211093629737,0.6516211136145135,0.0,0.0,1.0,0.3478261,0.33333334,0.19528234,0.48998202157432047,1.0,0.08333333333333331,0.2000000400000022,0.7999999279999885,0.20000000000000018,0.7999999999999999,0.1999999999999999,0.20000000000000018,1.0,2.0,2020-05-13T08:00:00,EURUSD,H1,4,BUY,97.2148112061899,52,"hit_tp=True,hit_sl=False,regime=4"
0.4140545378233724,0.41987664826194354,0.4777560474723915,0.4644757210759748,0.3690057860862415,0.2723518748478918,0.3424294416043012,0.42326739747065806,0.48233300744334107,0.47762621358138446,0.32535824,0.24939385826447602,0.25624081994309583,0.23221748779587775,0.5,0.30315188,0.008133779704568952,0.907670831666551,0.9076708327933162,0.0,1.0,0.0,0.6956522,0.0,0.39154422,0.5729526562813166,1.0,0.3333333333333333,0.8000001028571486,0.1999999519999923,0.8000000000000003,0.20000000000000007,0.7999999999999998,0.8000000000000003,-1.0,1.3,2020-01-20T16:00:00,EURUSD,H1,3,BUY,-6.929548760503668,7,"hit_tp=False,hit_sl=True,regime=3"
0.41433471372538694,0.4237298866995046,0.48609526116401774,0.48193791543679815,0.39343828409133075,0.36349172350234477,0.39767798796829235,0.4063220476874494,0.6700990742614198,0.5580776026446598,0.782751,0.5236677058822224,0.09033425744017627,0.7353865763798884,0.5,0.68834686,0.04935779504990838,0.8552435844754679,0.8552436350571664,1.0,0.0,0.0,0.08695652,0.5,0.6536889,0.4265091837382191,0.41666666666666663,1.0,1.0,0.0,1.0,0.0,1.0,1.0,-1.0,1.56,2020-03-12T02:00:00,EURUSD,H1,2,SELL,-12.419404784003165,74,"hit_tp=False,hit_sl=True,regime=2"
0.41404719051824695,0.4185633607022415,0.47825879416863704,0.4671591239821892,0.26368587874492705,0.24223118673463861,0.4471576389026134,0.4367195464741891,0.28020597141075504,0.32864426819712145,0.025716964,0.21026848413509477,0.5540186252653481,0.13924487803352031,0.5,0.2653192,0.009007643333582806,0.8807160968686819,0.8807160983243966,0.0,1.0,0.0,0.7826087,0.5,0.21872637,0.6986696744817605,1.0,0.3333333333333333,0.8000001028571486,0.1999999519999923,0.8000000000000003,0.20000000000000007,0.7999999999999998,0.8000000000000003,-1.0,1.3,2020-06-11T18:00:00,EURUSD,H1,3,BUY,-5.810983340384102,10,"hit_tp=False,hit_sl=True,regime=3"
0.41457220123413635,0.424631942594999,0.4849351191955483,0.4696419216185608,0.24421205009702573,0.2451183671576661,0.3154538731683911,0.387543891144157,0.7452061562387396,0.5954394377120479,0.7722587,0.7011884945337249,0.2721549073292363,0.7921548738182371,0.5,0.6485867,0.04593221920699115,0.8542965344716108,0.8542966216762089,1.0,0.0,0.0,0.04347826,0.0,0.61703813,0.5433075293113449,0.41666666666666663,1.0,1.0,0.0,1.0,0.0,1.0,1.0,1.0,1.95,2020-07-27T01:00:00,EURUSD,H1,2,SELL,18.214519859769407,13,"hit_tp=True,hit_sl=False,regime=2"
0.4225003771978902,0.4273179710656243,0.48530143118525915,0.47032851683799265,0.5351009563407748,0.3867413893967266,0.45760469833174844,0.3548986893492996,0.4116477306533902,0.4554687599688212,0.39805147,0.527837012970578,0.46350468637886977,0.8518983370592845,0.5,0.37150243,0.011989389558923128,0.8915256689627552,0.891525597063868,0.0,1.0,0.0,0.39130434,0.6666667,0.32788143,0.5835239403942961,1.0,0.3333333333333333,0.8000001028571486,0.1999999519999923,0.8000000000000003,0.20000000000000007,0.7999999999999998,0.8000000000000003,-1.0,1.56,2020-06-12T09:00:00,EURUSD,H1,3,BUY,-5.80594829016956,21,"hit_tp=False,hit_sl=True,regime=3"
0.41146391120687326,0.40784316241404955,0.46849618352632705,0.45568241098913725,0.7279284865454806,0.7003233091921355,0.7655485393319366,0.5517644795221105,0.24495773189533102,0.09810823118872411,0.10480234,0.21999402052086392,0.30871270476862994,0.21583464854196935,0.5,0.3948653,0.012495366276657769,0.95716308177147,0.9571630212753393,0.0,1.0,0.0,0.9130435,0.6666667,0.131805,0.4143477157035321,1.0,0.3333333333333333,0.8000001028571486,0.1999999519999923,0.8000000000000003,0.20000000000000007,0.7999999999999998,0.8000000000000003,-1.0,1.3,2020-07-17T21:00:00,EURUSD,H1,3,BUY,-8.173060812122213,9,"hit_tp=False,hit_sl=True,regime=3"
0.394082181065466,0.40379569049805847,0.48158838739842424,0.48048524828279165,0.23679389664842418,0.307720114995739,0.3940875403481372,0.4272213393876554,0.654917440033604,0.5750236043662389,0.59396195,0.42154673377329643,0.08094683843442106,0.28694801308989315,0.5,0.7618954,0.09014025675354782,0.7858637236256617,0.7858637506464954,1.0,0.0,0.0,0.17391305,1.0,0.6756482,0.44674064074452563,0.41666666666666663,1.0,1.0,0.0,1.0,0.0,1.0,1.0,-1.0,1.3,2020-08-09T04:00:00,EURUSD,H1,2,SELL,-12.620105916818504,9,"hit_tp=False,hit_sl=True,regime=2"
0.4131447616470425,0.4187820612212442,0.47869859719759383,0.4724402959866611,0.1091713238783616,0.29939293959474517,0.3345412227777903,0.4108670440904609,0.41139328540879977,0.47578813567691913,0.035853546,0.30251428935547237,0.2791972175229601,0.2250499953334878,0.5,0.3613516,0.008968372874747178,0.9293092334208494,0.9293091122457372,0.0,1.0,0.0,0.26086956,0.16666667,0.35600027,0.5692201042666096,1.0,0.3333333333333333,0.8000001028571486,0.1999999519999923,0.8000000000000003,0.20000000000000007,0.7999999999999998,0.8000000000000003,-1.0,1.3,2020-01-28T06:00:00,EURUSD,H1,3,BUY,-5.810590657502335,3,"hit_tp=False,hit_sl=True,regime=3"
0.3994967762413263,0.3376357128353868,0.39619244771594797,0.3648416275944722,0.49687033592793645,0.4024943608586731,0.5321458383794837,0.4542707229855151,0.3986278603658261,0.40957393238829043,0.00083378184,0.2786447349476342,0.35167641170647984,0.8169831910485125,0.5,0.36402872,0.05705665015527362,0.7641102524219042,0.7641101942817479,0.0,0.0,1.0,0.8695652,0.5,0.085061036,0.5584374091454117,1.0,0.08333333333333331,0.2000000400000022,0.7999999279999885,0.20000000000000018,0.7999999999999999,0.1999999999999999,0.20000000000000018,-1.0,1.56,2020-04-16T20:00:00,EURUSD,H1,4,BUY,-50.27138064628511,28,"hit_tp=False,hit_sl=True,regime=4"
0.41089768778932373,0.4130716606541393,0.48028395912684513,0.47516569941282877,0.47372985859317707,0.626029307919908,0.65606830928723,0.39994842449955376,0.7279258743720177,0.48415673688473504,0.67170864,0.5092794022697972,0.017704889342591658,0.3066935055908444,0.5,0.753865,0.08583559013677568,0.8067544485435453,0.8067544509018717,1.0,0.0,0.0,0.82608694,0.6666667,0.6570187,0.5652982885644756,0.41666666666666663,1.0,1.0,0.0,1.0,0.0,1.0,1.0,1.0,2.0,2020-07-24T19:00:00,EURUSD,H1,2,SELL,21.73703088940604,23,"hit_tp=True,hit_sl=False,regime=2"
0.40768572119599383,0.4105882465677204,0.4741672013022279,0.46995258038371024,0.712707710254778,0.7974815068814006,0.6194360475991968,0.4238662575734428,0.5837568313571282,0.61695843019448,0.46565896,0.3153739721333089,0.48908475682509683,0.15951864120590487,0.5,0.70748866,0.011192714151474244,0.9128193627236906,0.9128192661573785,0.0,1.0,0.0,0.65217394,0.33333334,0.58354276,0.48212867385847014,1.0,0.3333333333333333,0.8000001028571486,0.1999999519999923,0.8000000000000003,0.20000000000000007,0.7999999999999998,0.8000000000000003,-1.0,1.3,2020-04-08T15:00:00,EURUSD,H1,3,BUY,-6.493078307130418,4,"hit_tp=False,hit_sl=True,regime=3"
0.3486622059962818,0.36325126350247516,0.4166675385533629,0.42946164126982217,0.6957467926935345,0.6636458229660567,0.6213955365296856,0.47512710626646826,0.25441933904343256,0.32636645977136186,0.1482517,0.3905272310388492,0.1283727964972802,0.27214061932443895,0.5,0.36912626,0.08453792353755903,0.9336463839056344,0.9336463359002766,0.0,0.0,1.0,0.6956522,0.8333333,0.1716505,0.5704431227139547,1.0,0.08333333333333331,0.2000000400000022,0.7999999279999885,0.20000000000000018,0.7999999999999999,0.1999999999999999,0.20000000000000018,1.0,2.0,2020-02-22T16:00:00,EURUSD,H1,4,BUY,91.7930947714174,28,"hit_tp=True,hit_sl=False,regime=4"
0.4159891354971288,0.424363406058615,0.48447500485494205,0.4804343173500468,0.7823697650496946,0.728642673942727,0.6150496081582865,0.4271828956014113,0.5599961567357326,0.6481733617214521,0.76763225,0.5068692678956517,0.3520020120621982,0.2023188054643628,0.5,0.4673095,0.011091859753872139,0.9049890020137337,0.904988929950543,0.0,1.0,0.0,0.6956522,0.0,0.6881609,0.4878230927776528,1.0,0.3333333333333333,0.8000001028571486,0.1999999519999923,0.8000000000000003,0.20000000000000007,0.7999999999999998,0.8000000000000003,-1.0,1.56,2020-04-27T16:00:00,EURUSD,H1,3,BUY,-7.263917138953246,21,"hit_tp=False,hit_sl=True,regime=3"
0.41685610350083546,0.42747917082332754,0.48882165458601,0.48399445954715564,0.5361965086611578,0.5766413288452586,0.48113272152925585,0.4813365867723337,0.5856384197494758,0.7611860521486902,0.7599202,0.6594103740456553,0.11587857659734499,0.743362061081139,0.5,0.6146256,0.016640402741242354,0.9097091925674728,0.9097091814655812,0.0,1.0,0.0,0.26086956,0.6666667,0.6482805,0.37240061675414526,1.0,0.3333333333333333,0.8000001028571486,0.1999999519999923,0.8000000000000003,0.20000000000000007,0.7999999999999998,0.8000000000000003,1.0,1.95,2020-02-14T06:00:00,EURUSD,H1,3,BUY,11.758272626507528,17,"hit_tp=True,hit_sl=False,regime=3"
0.40654303355323035,0.41523597590365924,0.4757625237365754,0.46959927892369757,0.18733298039875915,0.13175619288205587,0.2427041145792878,0.29100806806377966,0.3895147503246857,0.387036439527994,0.006933247,0.2859862249238151,0.5126970726215518,0.1521463605380734,0.5,0.49885702,0.007760536754250044,0.9392054013348179,0.9392054020767417,0.0,1.0,0.0,0.82608694,0.16666667,0.20356952,0.5119663976195183,1.0,0.3333333333333333,0.8000001028571486,0.1999999519999923,0.8000000000000003,0.20000000000000007,0.7999999999999998,0.8000000000000003,-1.0,1.3,2020-06-09T19:00:00,EURUSD,H1,3,BUY,-4.327654320281926,1,"hit_tp=False,hit_sl=True,regime=3"
0.42584400284737506,0.42471032681239146,0.4859033969494926,0.4671893162963373,0.39144911372740576,0.43345016711984313,0.5243550204044488,0.4506063080245448,0.472794862594109,0.4231854171238933,0.2997283,0.4217335487543287,0.10265466965022667,0.28017035894507086,0.5,0.40389174,0.013426754601153302,0.9776348630971933,0.9776348633701328,1.0,0.0,0.0,0.7826087,0.33333334,0.36281082,0.6240736094349222,1.0,0.41666666666666663,1.0,0.0,1.0,0.0,1.0,1.0,1.0,2.0,2020-08-05T18:00:00,EURUSD,H1,1,BUY,21.039957201172133,26,"hit_tp=True,hit_sl=False,regime=1"
0.41274679716333035,0.4908114556251779,0.6159865362228863,0.7091394650406415,0.3852294135532611,0.45009948642449965,0.6084170109539189,0.39792623040435304,0.7171601766586613,0.6986769852148513,0.8268807,0.727939815576977,0.08830993897860841,0.284649095897479,0.5,0.5361197,0.43830650116466763,0.9788115516449544,0.9788115519035335,0.0,0.0,1.0,0.7826087,0.6666667,0.8456987,0.6491480031554219,0.0,1.0,0.0,1.0,0.0,1.0,0.0,0.0,-1.0,1.56,2020-03-27T18:00:00,EURUSD,H1,5,SELL,-122.9701939090866,50,"hit_tp=False,hit_sl=True,regime=5"
0.4429107046035348,0.49335005270082805,0.5859376425145713,0.6231987659021037,0.19888343558297178,0.3370188078632051,0.39778292644700614,0.4256298775038791,0.7767762585915274,0.9232827758979806,0.93327546,0.9794667432803512,0.24199487937940573,0.7827382691743834,0.5,0.7836148,0.3086474147704436,0.8211088040405838,0.8211089282615397,0.0,0.0,1.0,0.47826087,0.0,0.87804383,0.49018079194416936,0.08333333333333331,1.0,0.2000000400000022,0.7999999279999885,0.20000000000000018,0.7999999999999999,0.1999999999999999,0.20000000000000018,-1.0,1.3,2020-05-18T11:00:00,EURUSD,H1,4,SELL,-41.97867525281396,2,"hit_tp=False,hit_sl=True,regime=4"
0.3842275118193393,0.4750212963061818,0.5005336110385531,0.5772379707131275,0.4025505210559522,0.37432983688958194,0.46128160805165663,0.4492712329349985,0.5890529259186192,0.629400119762226,0.7201793,0.6089676412545646,0.1057140179925647,0.279215165075372,0.5,0.7268384,0.31217521202864684,0.8775778458127711,0.8775777740841002,0.0,0.0,1.0,0.3478261,0.8333333,0.8134006,0.6278611786227645,0.08333333333333331,1.0,0.2000000400000022,0.7999999279999885,0.20000000000000018,0.7999999999999999,0.1999999999999999,0.20000000000000018,1.0,1.95,2020-03-14T08:00:00,EURUSD,H1,4,SELL,77.35327034252171,9,"hit_tp=True,hit_sl=False,regime=4"
0.4104647701064707,0.41907533382823103,0.47097481816992814,0.4683841194850641,0.23944238224322395,0.24133616380031672,0.35641771507860964,0.3572983097356379,0.583510030696902,0.4033899260594775,0.445714,0.36761844808466193,0.5231464852875352,0.14888384524858891,0.5,0.56632274,0.07134371047129077,0.777026953721884,0.7770269198316562,1.0,0.0,0.0,0.0,0.6666667,0.57792395,0.5112310814137399,0.41666666666666663,1.0,1.0,0.0,1.0,0.0,1.0,1.0,-1.0,1.3,2020-01-03T00:00:00,EURUSD,H1,2,SELL,-10.586782265262771,5,"hit_tp=False,hit_sl=True,regime=2"
0.41856509515157514,0.4309420959874987,0.4912414685216663,0.479230945668293,0.25930753709470206,0.3686970835138652,0.5284464628535158,0.4337603937087179,0.43907148801561013,0.5811215581786981,0.69207937,0.7412550234280115,0.5763192433787734,0.13228216915569074,0.5,0.6134362,0.01097662718531105,0.9802790562899268,0.9802789344927904,0.0,1.0,0.0,0.04347826,0.16666667,0.5800508,0.5280410236720166,1.0,0.3333333333333333,0.8000001028571486,0.1999999519999923,0.8000000000000003,0.20000000000000007,0.7999999999999998,0.8000000000000003,-1.0,1.3,2020-03-31T01:00:00,EURUSD,H1,3,BUY,-7.057001939734242,2,"hit_tp=False,hit_sl=True,regime=3"
0.34464084459475247,0.3554196377099263,0.4302209480018836,0.4572254580680561,0.13962242963110205,0.11873707524265142,0.30523018488788467,0.3739941194940298,0.5251317284286048,0.46806306599324465,0.4312749,0.36385270314476625,0.405532005543716,0.18560559401084836,0.5,0.6771779,0.26615596382831475,0.9336526810565433,0.9336526818662316,0.0,0.0,1.0,1.0,0.0,0.5385193,0.2570055182989801,0.08333333333333331,1.0,0.2000000400000022,0.7999999279999885,0.20000000000000018,0.7999999999999999,0.1999999999999999,0.20000000000000018,-1.0,1.3,2020-01-20T23:00:00,EURUSD,H1,4,SELL,-33.06933902008646,2,"hit_tp=False,hit_sl=True,regime=4"
0.4120755235138545,0.41562861168326243,0.4809176868820633,0.4780700741943382,0.4906323834621989,0.5875594572355061,0.5310917839403498,0.3649967453499555,0.5453465610843311,0.65817390889146,0.64721787,0.5266121363765144,0.03444430888040752,0.30146709275964667,0.5,0.4777291,0.022497516823233848,0.9935591495717222,0.9935590886314216,1.0,0.0,0.0,0.7826087,0.6666667,0.60559654,0.5638651902540803,1.0,0.41666666666666663,1.0,0.0,1.0,0.0,1.0,1.0,1.0,1.95,2020-10-23T18:00:00,EURUSD,H1,1,BUY,20.156801933317592,8,"hit_tp=True,hit_sl=False,regime=1"
0.42656586862850643,0.43717624284609474,0.45384405016104884,0.4359648832699961,0.6188270362459642,0.4876031949850324,0.6661522389280758,0.526015427779074,0.23253984455887752,0.41812410656833987,0.27395234,0.44801122920933634,0.526706952927346,0.8716315206883948,0.5,0.2958921,0.08428659601971018,0.777305871132785,0.7773058982580567,0.0,0.0,1.0,0.13043478,0.16666667,0.28760916,0.5738071781091311,1.0,0.08333333333333331,0.2000000400000022,0.7999999279999885,0.20000000000000018,0.7999999999999999,0.1999999999999999,0.20000000000000018,-1.0,1.56,2020-02-18T03:00:00,EURUSD,H1,4,BUY,-64.41020202069714,26,"hit_tp=False,hit_sl=True,regime=4"
0.4236200917013916,0.4267063869590174,0.4887455971769396,0.4756986682781469,0.49811623784009706,0.5431729442350791,0.5095202713913495,0.40034215119577066,0.3245797421411127,0.502411404897323,0.4532947,0.6291874366769052,0.04176199187497609,0.29918233856758625,0.5,0.36883712,0.01406431959108662,0.8827286833844876,0.8827287458345445,0.0,1.0,0.0,0.2173913,0.16666667,0.37603897,0.5217731641846819,1.0,0.3333333333333333,0.8000001028571486,0.1999999519999923,0.8000000000000003,0.20000000000000007,0.7999999999999998,0.8000000000000003,-1.0,1.3,2020-01-07T05:00:00,EURUSD,H1,3,BUY,-5.947014454914523,4,"hit_tp=False,hit_sl=True,regime=3"
0.40980539456350756,0.42012162508112116,0.48697008964022737,0.47321555197935306,0.5166207551175565,0.6839487348781028,0.5699086522308848,0.4414110367750548,0.36982292359228647,0.44807422710794614,0.37941316,0.6401871855275024,0.1526088867252087,0.26457359393608254,0.5,0.27366742,0.011622266080128764,0.9705332389558011,0.9705332393154069,0.0,1.0,0.0,0.82608694,0.0,0.3526123,0.545194191754543,1.0,0.3333333333333333,0.8000001028571486,0.1999999519999923,0.8000000000000003,0.20000000000000007,0.7999999999999998,0.8000000000000003,-1.0,1.56,2020-01-13T19:00:00,EURUSD,H1,3,BUY,-7.008929929048779,27,"hit_tp=False,hit_sl=True,regime=3"
0.4515202048501383,0.4129948638445221,0.48162064607444516,0.4822177585888207,0.3409604324114287,0.27271535715508094,0.3158090792558524,0.27486008975035997,0.6394329210453202,0.6278194064068107,0.6151814,0.5712158106308003,0.6177480036396938,0.9000564660109536,0.5,0.5451936,0.16846791227433122,0.8512767943313535,0.8512768449614618,0.0,0.0,1.0,1.0,0.0,0.46044868,0.5779922461108393,1.0,0.0,0.0,1.0,0.0,1.0,0.0,0.0,1.0,2.0,2020-03-09T23:00:00,EURUSD,H1,5,BUY,138.31089893171944,23,"hit_tp=True,hit_sl=False,regime=5"
0.432544547230132,0.47417075002993114,0.5060532286306861,0.4910593443940785,0.20001521186975804,0.30245554419744536,0.5812286975853395,0.4442114703388623,0.314227321477253,0.436102113698275,0.45052618,0.5643410233860374,0.5500226208997134,0.1404925505679473,0.5,0.44988278,0.062493259618787315,0.8025146110071097,0.8025145157869328,0.0,0.0,1.0,0.5652174,0.6666667,0.39962178,0.5051375495361567,1.0,0.08333333333333331,0.2000000400000022,0.7999999279999885,0.20000000000000018,0.7999999999999999,0.1999999999999999,0.20000000000000018,-1.0,1.3,2020-01-10T13:00:00,EURUSD,H1,4,BUY,-46.40749503073805,16,"hit_tp=False,hit_sl=True,regime=4"
0.47656848476403735,0.4287634472162917,0.4849300851853405,0.44947646359481075,0.7817830441603824,0.8898669902387374,0.8785470763887963,0.5428482178716937,0.5252338025116833,0.42642410126004576,0.38919234,0.49127316861152454,0.13001467329103059,0.7477756609393426,0.5,0.44665438,0.21543981564895687,0.9549607996864213,0.954960727013386,0.0,0.0,1.0,1.0,0.6666667,0.4663486,0.571695090948345,0.08333333333333331,1.0,0.2000000400000022,0.7999999279999885,0.20000000000000018,0.7999999999999999,0.1999999999999999,0.20000000000000018,-1.0,1.56,2020-04-03T23:00:00,EURUSD,H1,4,SELL,-60.70419415803219,25,"hit_tp=False,hit_sl=True,regime=4"
0.41913289108252505,0.430499985128255,0.48584709391676084,0.46062513780904474,0.587786952468922,0.46701355081599366,0.4858175774709514,0.4380902187718866,0.2544637776553438,0.3008367615965378,0.27193367,0.5430095175518127,0.3744856416255635,0.19529893340015433,0.5,0.29212543,0.021409792078412024,0.9797595413399353,0.9797595415869457,1.0,0.0,0.0,0.17391305,0.6666667,0.30211613,0.5826843756070729,1.0,0.41666666666666663,1.0,0.0,1.0,0.0,1.0,1.0,-1.0,1.3,2020-09-11T04:00:00,EURUSD,H1,1,BUY,-12.410411259642371,3,"hit_tp=False,hit_sl=True,regime=1"
0.4146328078547222,0.42153657246142656,0.48220330518472077,0.47055397345102895,0.33082716518327554,0.4626331670941336,0.6370531922081157,0.5024573272661768,0.3955554927241258,0.5708087372164493,0.44598508,0.5688997531894964,0.12440523591272029,0.7460242488356448,0.5,0.42236313,0.013507748204489953,0.9951518650080248,0.9951519260860938,0.0,1.0,0.0,0.9130435,0.33333334,0.34444225,0.5449561578429596,1.0,0.3333333333333333,0.8000001028571486,0.1999999519999923,0.8000000000000003,0.20000000000000007,0.7999999999999998,0.8000000000000003,1.0,2.0,2020-01-22T21:00:00,EURUSD,H1,3,BUY,12.842712767702212,57,"hit_tp=True,hit_sl=False,regime=3"
0.4218141544048147,0.43214759245385126,0.48682312245305404,0.47422488066118507,0.4442177697990971,0.4561241603195931,0.5919731072167725,0.4272145076002324,0.6434000724875819,0.576462803265132,0.92945415,0.6200433616660225,0.2850009513635393,0.7961656945815514,0.5,0.4959968,0.04582144411397019,0.9676848032870737,0.9676847304587572,1.0,0.0,0.0,0.39130434,0.8333333,0.68198305,0.6375190665582438,0.41666666666666663,1.0,1.0,0.0,1.0,0.0,1.0,1.0,-1.0,1.3,2020-01-11T09:00:00,EURUSD,H1,2,SELL,-13.960862539861283,8,"hit_tp=False,hit_sl=True,regime=2"
0.4202497568657805,0.4272444070240215,0.4876773300271032,0.4798069633231612,0.2026535586581984,0.1248092881125276,0.3128330034089378,0.33368498560773857,0.5191185943078095,0.8007930384595634,0.91104114,0.9163134409178609,0.37233487552585154,0.8234331900717737,0.5,0.6081258,0.01797472333945927,0.930768854423405,0.9307687820456028,0.0,1.0,0.0,0.65217394,1.0,0.5321949,0.45795793904097215,1.0,0.3333333333333333,0.8000001028571486,0.1999999519999923,0.8000000000000003,0.20000000000000007,0.7999999999999998,0.8000000000000003,1.0,1.95,2020-02-02T15:00:00,EURUSD,H1,3,BUY,9.746237659107315,13,"hit_tp=True,hit_sl=False,regime=3"
0.4172160799088863,0.4255607609383807,0.4859363554579161,0.4569774152235722,0.3499545907142614,0.4894743757197288,0.5580690437462743,0.4026229943656856,0.6281920139220908,0.5014710270357013,0.5315765,0.5193970695691675,0.3052581497445286,0.80249043307232,0.5,0.64423364,0.0610429388616471,0.9476625482282739,0.947662622089673,1.0,0.0,0.0,0.73913044,0.6666667,0.5889364,0.41152956608629504,0.41666666666666663,1.0,1.0,0.0,1.0,0.0,1.0,1.0,-1.0,1.3,2020-01-24T17:00:00,EURUSD,H1,2,SELL,-12.80680393508149,13,"hit_tp=False,hit_sl=True,regime=2"
0.41301367838851155,0.4401930995690916,0.5156091083106795,0.5269588802388623,0.4671228462555186,0.8084464013832043,0.5693352777960345,0.4497470759182003,0.7377932058427409,0.5826495490485286,0.91339344,0.59249834574462,0.19963288559892758,0.7695119560617982,0.5,0.69463855,0.24421396714168106,0.8788957809198743,0.8788958556204879,0.0,0.0,1.0,0.26086956,0.0,0.7748971,0.6864154874694484,0.08333333333333331,1.0,0.2000000400000022,0.7999999279999885,0.20000000000000018,0.7999999999999999,0.1999999999999999,0.20000000000000018,-1.0,1.3,2020-01-20T06:00:00,EURUSD,H1,4,SELL,-51.57455775738562,16,"hit_tp=False,hit_sl=True,regime=4"
0.41455314900587564,0.4202008007169519,0.4733558618133894,0.46246783688788745,0.40877047744542006,0.435208667550675,0.5818182871109792,0.37287460527606503,0.36510739898057637,0.3602206395170217,0.1856895,0.31253626697458115,0.8255605806749342,0.96493998936897,0.5,0.47374082,0.011604603417036025,0.9785804852586931,0.9785804855200922,0.0,1.0,0.0,0.4347826,0.5,0.23269653,0.5393274471840903,1.0,0.3333333333333333,0.8000001028571486,0.1999999519999923,0.8000000000000003,0.20000000000000007,0.7999999999999998,0.8000000000000003,-1.0,1.56,2020-06-25T10:00:00,EURUSD,H1,3,BUY,-6.096229499532591,23,"hit_tp=False,hit_sl=True,regime=3"
0.3657131436773138,0.3587583901700084,0.3739127122435422,0.34743690480764333,0.321613198534629,0.3028662973431959,0.38992629211706664,0.4519725456532135,0.0015102599023622681,0.06238134587144849,0.1238289,0.05530484878486131,0.08699588254300175,0.28505935504353397,0.5,0.08384809,0.06433034381950008,0.7484236955979705,0.7484236986681527,0.0,0.0,1.0,0.26086956,0.16666667,0.10445936,0.6943707568830635,1.0,0.08333333333333331,0.2000000400000022,0.7999999279999885,0.20000000000000018,0.7999999999999999,0.1999999999999999,0.20000000000000018,-1.0,1.3,2020-03-17T06:00:00,EURUSD,H1,4,BUY,-42.07332858393586,1,"hit_tp=False,hit_sl=True,regime=4"
0.41977862661168464,0.4275909395779121,0.4724194909429586,0.45862166875370236,0.7084157375699179,0.7615435403539492,0.8451582924700483,0.6200410034592292,0.20551449353932055,0.31960207355565323,0.22062749,0.3991291186245989,0.04808640878440168,0.2972077494623923,0.5,0.18256183,0.020718708507848686,0.8208413947950068,0.8208414213889808,1.0,0.0,0.0,0.13043478,0.8333333,0.2729021,0.5191983101709532,1.0,0.41666666666666663,1.0,0.0,1.0,0.0,1.0,1.0,1.0,2.0,2020-03-21T03:00:00,EURUSD,H1,1,BUY,28.026401907281784,93,"hit_tp=True,hit_sl=False,regime=1"
0.43225661478717686,0.48310455496245963,0.5405823154782107,0.5164330671866357,0.5505232520835095,0.47457966098433435,0.35626714637842294,0.31967865279549135,0.6211013302167437,0.6435686028995493,0.84854394,0.6181570557683909,0.05153000254652776,0.2961325570884725,0.5,0.6264155,0.24157854276561674,0.9019859932569962,0.9019860676758217,0.0,0.0,1.0,0.5652174,0.6666667,0.7725247,0.5705661959939993,0.08333333333333331,1.0,0.2000000400000022,0.7999999279999885,0.20000000000000018,0.7999999999999999,0.1999999999999999,0.20000000000000018,-1.0,1.3,2020-06-05T13:00:00,EURUSD,H1,4,SELL,-32.20949240707816,2,"hit_tp=False,hit_sl=True,regime=4"
0.3617374920754812,0.3070453936916571,0.3574810804682027,0.3504710862221472,0.2285671764428409,0.4950008682881758,0.514727374593876,0.4193511352584167,0.3031841937342753,0.3304619443740291,0.033165697,0.10674170748630972,0.008008936249762833,0.3097207544988407,0.5,0.45984542,0.07847752390086511,0.6049615642532904,0.6049614958515688,0.0,0.0,1.0,0.8695652,0.16666667,0.13991228,0.5468314374227504,1.0,0.0,0.0,1.0,0.0,1.0,0.0,0.0,-1.0,1.56,2020-04-14T20:00:00,EURUSD,H1,5,BUY,-122.25136341734056,91,"hit_tp=False,hit_sl=True,regime=5"
0.42140983402160004,0.42526882238079106,0.48506968221226493,0.4658846817977442,0.09564497272410975,0.09380281987823144,0.34447609124389694,0.3663745340928853,0.6328571495978786,0.5574735769392523,0.73916656,0.5564466450505835,0.1916202493451224,0.7670102399532256,0.5,0.55149907,0.03113760448976839,0.9110374886845019,0.9110376118079877,1.0,0.0,0.0,0.6956522,0.6666667,0.512105,0.4305785888507012,0.41666666666666663,1.0,1.0,0.0,1.0,0.0,1.0,1.0,1.0,1.95,2020-03-20T16:00:00,EURUSD,H1,2,SELL,16.14879622913623,13,"hit_tp=True,hit_sl=False,regime=2"
0.4165089645831183,0.43271864705581403,0.49263204068796634,0.47064382572812236,0.1717319195648351,0.40172326417679577,0.612970932795159,0.489671097752503,0.30082985567148324,0.5963328843911958,0.4309286,0.7044526953120882,0.6933059249367229,0.9236472188840528,0.5,0.36140525,0.03311518567694401,0.8370440128989569,0.837044063702759,1.0,0.0,0.0,0.73913044,0.33333334,0.34757268,0.4820662358130583,1.0,0.41666666666666663,1.0,0.0,1.0,0.0,1.0,1.0,1.0,2.0,2020-11-25T17:00:00,EURUSD,H1,1,BUY,22.331893315019613,29,"hit_tp=True,hit_sl=False,regime=1"
0.4162153771631972,0.41692253446792177,0.4767157442827649,0.46385363710421873,0.3560315301504859,0.33671537229689114,0.7223637263639084,0.4509825807024554,0.3242600474601538,0.39101254158353893,0.21731405,0.2944009526643042,0.15851196567432252,0.7566731269278966,0.5,0.44043294,0.011205700588478244,0.9218711998570596,0.9218711519954037,0.0,1.0,0.0,0.82608694,0.6666667,0.20920193,0.44764223480029797,1.0,0.3333333333333333,0.8000001028571486,0.1999999519999923,0.8000000000000003,0.20000000000000007,0.7999999999999998,0.8000000000000003,-1.0,1.3,2020-02-28T19:00:00,EURUSD,H1,3,BUY,-7.716024214914352,7,"hit_tp=False,hit_sl=True,regime=3"
0.42047796831551887,0.42797188969207195,0.4891031223952757,0.47683701093494496,0.15234702203553047,0.15044066610715573,0.2841281010556814,0.2967880298994075,0.4460669155048417,0.6128435291066929,0.67497975,0.9088453857699283,0.06865385250433395,0.7286175055215774,0.5,0.35733375,0.013161271127791897,0.9376298932294876,0.9376297963603935,0.0,1.0,0.0,0.9130435,0.16666667,0.44938225,0.5802817633929502,1.0,0.3333333333333333,0.8000001028571486,0.1999999519999923,0.8000000000000003,0.20000000000000007,0.7999999999999998,0.8000000000000003,-1.0,1.3,2020-06-02T21:00:00,EURUSD,H1,3,BUY,-4.609804671757978,9,"hit_tp=False,hit_sl=True,regime=3"
0.4126799626887388,0.42335990044060523,0.48353047957297535,0.4741888864887618,0.28273181560241756,0.2978990265235618,0.5126211041612758,0.4675495153831889,0.4102727771385487,0.6820186983154736,0.6529304,0.6022121567466301,0.437924708432744,0.8439117795718681,0.5,0.44184205,0.01826886197972249,0.9066451038876742,0.9066450806193956,0.0,1.0,0.0,0.6956522,0.33333334,0.40144616,0.5806203668942143,1.0,0.3333333333333333,0.8000001028571486,0.1999999519999923,0.8000000000000003,0.20000000000000007,0.7999999999999998,0.8000000000000003,-1.0,1.56,2020-04-15T16:00:00,EURUSD,H1,3,BUY,-7.315334039519339,62,"hit_tp=False,hit_sl=True,regime=3"
0.4083732028494142,0.40965780261691126,0.4683919346177006,0.4429966867366317,0.6475233598525547,0.5636795608117966,0.4617811321240344,0.4659454836098341,0.23963362079968842,0.137946364987675,0.11202748,0.2567484936535909,0.168338713910045,0.25966239796993607,0.5,0.26632327,0.02597468961445389,0.9803371462866841,0.9803371709342069,1.0,0.0,0.0,0.65217394,0.16666667,0.09705861,0.666276162479118,1.0,0.41666666666666663,1.0,0.0,1.0,0.0,1.0,1.0,-1.0,1.56,2020-02-11T15:00:00,EURUSD,H1,1,BUY,-12.34293731255498,53,"hit_tp=False,hit_sl=True,regime=1"
0.4148303174140602,0.4248897424171323,0.48474679241372504,0.4678859384366485,0.6001966074382652,0.5472131419555742,0.5191267015389169,0.3893770874359796,0.45711336032381183,0.5189811641591006,0.35062987,0.6024716163630275,0.32314244303311895,0.8080743057077157,0.5,0.5311549,0.014947887936888964,0.9259660076620949,0.9259660085655897,0.0,1.0,0.0,0.5217391,0.16666667,0.32804617,0.6035446781686133,1.0,0.3333333333333333,0.8000001028571486,0.1999999519999923,0.8000000000000003,0.20000000000000007,0.7999999999999998,0.8000000000000003,1.0,2.0,2020-05-05T12:00:00,EURUSD,H1,3,BUY,10.791997084764748,23,"hit_tp=True,hit_sl=False,regime=3"
0.42315511998610017,0.42196305378599197,0.48027290768375797,0.4638036401368206,0.6065478192775702,0.5058163635965016,0.4231024965632556,0.33892754346340837,0.4044686085988904,0.3322923085511138,0.23330475,0.36642417311931896,0.16638275302315775,0.2602730970723842,0.5,0.3937082,0.008930430626739955,0.9486593042314573,0.9486591828202012,0.0,1.0,0.0,0.95652175,0.16666667,0.24212773,0.5291705579953012,1.0,0.3333333333333333,0.8000001028571486,0.1999999519999923,0.8000000000000003,0.20000000000000007,0.7999999999999998,0.8000000000000003,-1.0,1.3,2020-06-09T22:00:00,EURUSD,H1,3,BUY,-5.454223867651376,8,"hit_tp=False,hit_sl=True,regime=3"
0.4282685055656779,0.4326701694115402,0.4896162583176762,0.462132739559457,0.2346139800767697,0.1843686519735378,0.4378566297338252,0.43247179275203534,0.17540351678048113,0.299164300542871,0.34647077,0.443503255305817,0.17490714608605706,0.7617920522902594,0.5,0.15220226,0.019743651614226594,0.7734067875647231,0.773406790330017,1.0,0.0,0.0,0.9130435,0.0,0.29991,0.5645856227894737,1.0,0.41666666666666663,1.0,0.0,1.0,0.0,1.0,1.0,-1.0,1.3,2020-09-07T21:00:00,EURUSD,H1,1,BUY,-11.976041840258134,3,"hit_tp=False,hit_sl=True,regime=1"
0.4116089453001816,0.4236711261659097,0.4717925126778356,0.4627405083657931,0.15272665994007908,0.3346498874379915,0.5662170165611782,0.5425500013614883,0.2830199133166739,0.4394080346232456,0.38227108,0.4428281227207105,0.437643369375381,0.8438238673102922,0.5,0.34830886,0.02406508279257828,0.8309711186665261,0.8309711207293177,1.0,0.0,0.0,0.7826087,0.6666667,0.25130624,0.557942003032202,1.0,0.41666666666666663,1.0,0.0,1.0,0.0,1.0,1.0,-1.0,1.56,2020-02-28T18:00:00,EURUSD,H1,1,BUY,-15.591925801550222,27,"hit_tp=False,hit_sl=True,regime=1"
0.4319549927689873,0.44086088826076036,0.5179622225417899,0.5096164270517943,0.4176701532976541,0.472453372294052,0.5520749019533945,0.46271422794266226,0.887452734278667,1.0,0.8872602,0.8568314008398034,0.4139552497461103,0.18297566578202598,0.5,0.8519344,0.0777386459918524,0.8021149005735398,0.8021149640073897,1.0,0.0,0.0,0.73913044,0.5,0.89248776,0.6147316431255565,0.41666666666666663,1.0,1.0,0.0,1.0,0.0,1.0,1.0,-1.0,1.56,2020-05-28T17:00:00,EURUSD,H1,2,SELL,-14.389122554461231,29,"hit_tp=False,hit_sl=True,regime=2"
0.4081994762277181,0.4218935162326158,0.478882540422,0.46030427188408946,0.43136010403610997,0.4927537290256356,0.6446539332855644,0.3725581856480552,0.41733620978881936,0.5777604877075027,0.26416725,0.5657771496060082,0.1501492627880696,0.7540621212068876,0.5,0.42785263,0.02726997467390692,0.7947795618254458,0.7947795155147883,1.0,0.0,0.0,0.8695652,0.0,0.230492,0.5819613331886334,1.0,0.41666666666666663,1.0,0.0,1.0,0.0,1.0,1.0,-1.0,1.3,2020-06-08T20:00:00,EURUSD,H1,1,BUY,-12.482015815189484,2,"hit_tp=False,hit_sl=True,regime=1"
0.35562892181372746,0.3256922715671401,0.351519519815736,0.3343672755740587,0.232897666831283,0.272419303221215,0.5587157170098968,0.4409868666752339,0.21876726338710561,0.24350483128047656,0.0077666505,0.031312630228276475,0.40356166089111445,0.8331829024768025,0.5,0.2225056,0.0004627110700251228,0.2718461880862078,0.2718461464487852,0.0,0.0,1.0,0.6956522,0.6666667,0.12236098,0.5772069752761482,1.0,0.08333333333333331,0.2000000400000022,0.7999999279999885,0.20000000000000018,0.7999999999999999,0.1999999999999999,0.20000000000000018,-1.0,1.2,2020-05-08T16:00:00,EURUSD,H1,4,BUY,-45.60212238206019,29,"hit_tp=False,hit_sl=True,regime=4"
0.4049188380237564,0.4168822899914527,0.47497600822453473,0.46122701784917236,0.18079097354880588,0.33474299379769373,0.5907929905582027,0.4962162047975104,0.25720110020903075,0.2709322505727203,0.0,0.2627273642057366,0.11784623874701589,0.27542722326672747,0.5,0.4722021,0.014064474125529088,0.9367864899362314,0.9367866127454823,0.0,1.0,0.0,0.2173913,0.5,0.1983602,0.445766294888652,1.0,0.3333333333333333,0.8000001028571486,0.1999999519999923,0.8000000000000003,0.20000000000000007,0.7999999999999998,0.8000000000000003,-1.0,1.56,2020-06-25T05:00:00,EURUSD,H1,3,BUY,-7.814504539804812,89,"hit_tp=False,hit_sl=True,regime=3"
0.4176469521206841,0.4191585932354423,0.4826993272236338,0.4662939469856626,0.22760259895551266,0.33828168214785315,0.5129424276950809,0.4219517690040831,0.3712686584056132,0.4337163130891885,0.25583512,0.3203415891946337,0.49957907829014303,0.8631615612843364,0.5,0.2997291,0.0066444552857247135,0.9434996311224186,0.943499668423279,0.0,1.0,0.0,0.17391305,0.8333333,0.30197567,0.5981072646000264,1.0,0.3333333333333333,0.8000001028571486,0.1999999519999923,0.8000000000000003,0.20000000000000007,0.7999999999999998,0.8000000000000003,1.0,2.0,2020-04-04T04:00:00,EURUSD,H1,3,BUY,10.900013858023971,23,"hit_tp=True,hit_sl=False,regime=3"
0.4098437795377278,0.4264146498474577,0.48435923378865176,0.4842554730402088,0.30053514474475956,0.26679953079315794,0.40431244200278427,0.34751811163402835,0.5466306267169794,0.5149155732538206,0.7347136,0.639876807722117,0.09231061459934652,0.7360036372802932,0.5,0.48634195,0.07639366967789385,0.7836327382480978,0.7836326798696931,1.0,0.0,0.0,1.0,0.6666667,0.628569,0.45276342278048887,0.41666666666666663,1.0,1.0,0.0,1.0,0.0,1.0,1.0,-1.0,1.56,2020-05-01T23:00:00,EURUSD,H1,2,SELL,-11.159562621017027,26,"hit_tp=False,hit_sl=True,regime=2"
0.4055198247139633,0.414105604604018,0.47148419135397834,0.4682632738071667,0.25735022283595693,0.27968737209310757,0.3469464842254467,0.410042764966699,0.46123653681437093,0.5589460578083072,0.22358562,0.17325792902679377,0.41037697583684607,0.18409289662110667,0.5,0.50039166,0.01459115753458199,0.9751363830475864,0.9751363833510167,0.0,1.0,0.0,0.7826087,0.0,0.49582353,0.4707317128901411,1.0,0.3333333333333333,0.8000001028571486,0.1999999519999923,0.8000000000000003,0.20000000000000007,0.7999999999999998,0.8000000000000003,1.0,1.95,2020-02-17T18:00:00,EURUSD,H1,3,BUY,9.182817048973837,17,"hit_tp=True,hit_sl=False,regime=3"
0.453390819637032,0.4740084406865999,0.5999348117642785,0.5923024581692651,0.08768060480871508,0.15986524419875456,0.5591360776118223,0.3326206650407961,0.8122933037389923,0.7492498880728546,0.8769042,0.9234720209932407,0.3661254824920896,0.19790915183855787,0.5,0.7629815,0.3591728780734798,0.37589199722305405,0.3758919926357505,0.0,0.0,1.0,0.8695652,0.6666667,0.89264065,0.5592839965095068,0.08333333333333331,1.0,0.2000000400000022,0.7999999279999885,0.20000000000000018,0.7999999999999999,0.1999999999999999,0.20000000000000018,-1.0,1.3,2020-06-05T20:00:00,EURUSD,H1,4,SELL,-42.667986509967726,5,"hit_tp=False,hit_sl=True,regime=4"
0.4144952734679394,0.42378839180149264,0.4875348430420039,0.4689148481443786,0.34806857751973347,0.3707968424909476,0.4673171700254303,0.41293938290606635,0.5337971148618651,0.7196940086902708,0.7727046,0.5428700098284378,0.40578564082081253,0.8338772476124167,0.5,0.42662206,0.014261547118452383,0.8914036799695647,0.8914036812948505,0.0,1.0,0.0,0.13043478,0.6666667,0.43615636,0.5782639255026598,1.0,0.3333333333333333,0.8000001028571486,0.1999999519999923,0.8000000000000003,0.20000000000000007,0.7999999999999998,0.8000000000000003,1.0,1.95,2020-03-27T03:00:00,EURUSD,H1,3,BUY,10.015758949335485,7,"hit_tp=True,hit_sl=False,regime=3"
0.4083668834129644,0.4190111621669599,0.4776980925457023,0.46730293236149556,0.13497592814336337,0.2391637399072343,0.2895077423841239,0.4113180918802746,0.41142252670947177,0.4427103990633181,0.18487178,0.13669093017435888,0.4720313456942451,0.16484306292372686,0.5,0.26799765,0.009530812412280336,0.9271102341528445,0.9271102350423752,0.0,1.0,0.0,0.65217394,1.0,0.30050758,0.5820637684778409,1.0,0.3333333333333333,0.8000001028571486,0.1999999519999923,0.8000000000000003,0.20000000000000007,0.7999999999999998,0.8000000000000003,1.0,1.95,2020-06-21T15:00:00,EURUSD,H1,3,BUY,6.928235305028174,18,"hit_tp=True,hit_sl=False,regime=3"
0.4846486246773728,0.5062219642711795,0.5809559678455334,0.6107785604604008,0.46313473274319955,0.565923971393966,0.6704717221777676,0.5450128007994989,0.8828476121623734,0.87947964204364,0.94508755,0.8965114789371885,0.06171005491823505,0.726449503664815,0.5,0.85628736,0.3315183967594428,0.06883299722697146,0.06883305740585205,0.0,0.0,1.0,0.95652175,0.6666667,0.9095347,0.5696981111595097,0.08333333333333331,1.0,0.2000000400000022,0.7999999279999885,0.20000000000000018,0.7999999999999999,0.1999999999999999,0.20000000000000018,1.0,1.7999999999999998,2020-02-28T22:00:00,EURUSD,H1,4,SELL,89.09848575600287,31,"hit_tp=True,hit_sl=False,regime=4"
0.42510299697264625,0.3883798600201492,0.43150477324088443,0.38541529152558385,0.3181982631016834,0.3010402423572896,0.5070803598389705,0.4453495022964207,0.26633523540876947,0.30667809579935157,0.2729272,0.3298312181621788,0.5559335623574169,0.8807566632613468,0.5,0.24142234,0.06388430059420687,0.7441373250452251,0.7441373647790591,0.0,0.0,1.0,0.3478261,0.0,0.21719335,0.44147031209819987,1.0,0.08333333333333331,0.2000000400000022,0.7999999279999885,0.20000000000000018,0.7999999999999999,0.1999999999999999,0.20000000000000018,-1.0,1.56,2020-04-13T08:00:00,EURUSD,H1,4,BUY,-41.2324843437828,22,"hit_tp=False,hit_sl=True,regime=4"
0.41794097424745574,0.40887060246500073,0.46550974077624657,0.4386465868180695,0.2417249557543589,0.3090394082959138,0.4470849283764548,0.42453166767564127,0.36008592769209763,0.3144767222416295,0.22685544,0.2153208870812305,0.18703340058399018,0.7655781422808315,0.5,0.39281657,0.017444148157182548,0.8301303880012719,0.8301304510932269,1.0,0.0,0.0,0.9130435,0.6666667,0.13299572,0.45684720845337135,1.0,0.41666666666666663,1.0,0.0,1.0,0.0,1.0,1.0,-1.0,1.3,2020-07-24T21:00:00,EURUSD,H1,1,BUY,-11.599547111651454,20,"hit_tp=False,hit_sl=True,regime=1"
0.40938052300195577,0.41601001301040974,0.4747232310718201,0.4559876138236677,0.10839102621203542,0.29631560327258677,0.4084263502579109,0.43302004369272645,0.2025338507036024,0.26899819563661115,0.14767405,0.10298277462922767,0.30215370760292554,0.8015211455154829,0.5,0.2746421,0.011267375538560618,0.9509320143356838,0.9509319417118147,0.0,1.0,0.0,0.5217391,0.8333333,0.0712668,0.5805998861252475,1.0,0.3333333333333333,0.8000001028571486,0.1999999519999923,0.8000000000000003,0.20000000000000007,0.7999999999999998,0.8000000000000003,1.0,1.95,2020-05-30T12:00:00,EURUSD,H1,3,BUY,10.316943200063822,12,"hit_tp=True,hit_sl=False,regime=3"
0.42198863860838304,0.4372853616222328,0.48685688032745295,0.47617890578769745,0.4302148581437632,0.3500955590174921,0.4512237843392925,0.37957556996265324,0.3916021709371557,0.5418151909629335,0.4831936,0.5743159878963894,0.7675795285806348,0.9468369948058639,0.5,0.5351508,0.01685163538556921,0.8397667984402445,0.8397667271730113,1.0,0.0,0.0,0.0,0.33333334,0.39178208,0.4239692644240637,1.0,0.41666666666666663,1.0,0.0,1.0,0.0,1.0,1.0,-1.0,1.3,2020-02-12T00:00:00,EURUSD,H1,1,BUY,-10.843871421386542,2,"hit_tp=False,hit_sl=True,regime=1"
0.3732707043231587,0.35926225337920814,0.4435721869543681,0.4777511697932353,0.8596360954243957,0.7840110686632195,0.7070281295975505,0.5576794590512812,0.7172609137049551,0.7727668080377424,0.6300666,0.357789736436266,0.4186674823942245,0.8378992046990108,0.5,0.7025394,0.28431704092182913,0.9746589711414633,0.9746590934885263,0.0,0.0,1.0,0.65217394,0.0,0.67617923,0.47425344085827875,0.08333333333333331,1.0,0.2000000400000022,0.7999999279999885,0.20000000000000018,0.7999999999999999,0.1999999999999999,0.20000000000000018,1.0,2.0,2020-05-18T15:00:00,EURUSD,H1,4,SELL,91.56029947925416,89,"hit_tp=True,hit_sl=False,regime=4"
0.4180191726271368,0.432033389859024,0.49410568705259866,0.48028253126814396,0.2574731207859671,0.3486226709806104,0.4336263294834749,0.344067984075493,0.4589118483077576,0.4982380621117499,0.57937616,0.8186785134047666,0.24745104409026566,0.7844418147267224,0.5,0.4888595,0.04526032701243574,0.9355239599941026,0.9355240095960768,1.0,0.0,0.0,0.73913044,0.0,0.4570417,0.45542475930432214,0.41666666666666663,1.0,1.0,0.0,1.0,0.0,1.0,1.0,1.0,2.0,2020-09-21T17:00:00,EURUSD,H1,2,SELL,19.67551321195637,60,"hit_tp=True,hit_sl=False,regime=2"
0.44667145430089145,0.4588856978575317,0.5029797811187642,0.5028865165775834,0.7838739564090621,0.7013144826209085,0.6184321643423351,0.505677211602967,0.8896626723687168,0.6753800867075825,0.81330335,0.6024632990492883,0.6101175315534033,0.8976739975134346,0.5,0.7902129,0.28569648603923375,0.7598328028329465,0.7598327691525525,0.0,0.0,1.0,0.9130435,1.0,0.74719274,0.44747805324190765,0.08333333333333331,1.0,0.2000000400000022,0.7999999279999885,0.20000000000000018,0.7999999999999999,0.1999999999999999,0.20000000000000018,-1.0,1.3,2020-03-01T21:00:00,EURUSD,H1,4,SELL,-47.86990013898596,14,"hit_tp=False,hit_sl=True,regime=4"
0.408437965479189,0.41222598809849015,0.4790610125760013,0.4735813822076285,0.20774625303085953,0.19041857799159978,0.5827306525425014,0.44755775772496686,0.3895100247671949,0.4724774086912754,0.25779808,0.42573688486132727,0.02995588022679921,0.3028684731254007,0.5,0.35593522,0.00990949086329546,0.9949709439571996,0.9949708219807666,0.0,1.0,0.0,0.4347826,0.16666667,0.33943954,0.5213322721346225,1.0,0.3333333333333333,0.8000001028571486,0.1999999519999923,0.8000000000000003,0.20000000000000007,0.7999999999999998,0.8000000000000003,-1.0,1.3,2020-03-31T10:00:00,EURUSD,H1,3,BUY,-6.396419557337385,16,"hit_tp=False,hit_sl=True,regime=3"
0.4159791622503892,0.4157938655015054,0.4671653158677228,0.4591739300004705,0.4463486394374605,0.40467695815544985,0.49985355861033726,0.46781005218863836,0.3831407285422991,0.25859598194584094,0.091777824,0.16868234144841496,0.02405280127768539,0.30471155195651045,0.5,0.4819527,0.01060263789600317,0.9789356030771051,0.9789355423152671,0.0,1.0,0.0,0.6956522,0.6666667,0.3426926,0.48048890215888057,1.0,0.3333333333333333,0.8000001028571486,0.1999999519999923,0.8000000000000003,0.20000000000000007,0.7999999999999998,0.8000000000000003,-1.0,1.56,2020-05-22T16:00:00,EURUSD,H1,3,BUY,-6.256837661848813,45,"hit_tp=False,hit_sl=True,regime=3"
0.5867667722608353,0.5629279932308909,0.478722249078715,0.5689037096408832,0.35778762997544084,0.5184748537908389,0.44784310336982497,0.4205657851126438,0.7083923793315292,0.7215416987160826,0.8346147,0.56412768428863,0.31319465841516425,0.8049683805241001,0.5,0.547926,0.39372135106991424,0.6481296808898029,0.6481296119612673,0.0,0.0,1.0,0.39130434,0.8333333,0.82521623,0.5476285418235436,0.0,1.0,0.0,1.0,0.0,1.0,0.0,0.0,-1.0,1.56,2020-03-21T09:00:00,EURUSD,H1,5,SELL,-108.3503664408103,26,"hit_tp=False,hit_sl=True,regime=5"
0.38369756559915597,0.39920504564515635,0.46897555368192984,0.4534722255812204,0.381232308103172,0.291791672035963,0.4489442220180526,0.3652891488480554,0.5548661609271683,0.5318771225816775,0.26035383,0.2076546972911281,0.11528620595018005,0.27622652362837263,0.5,0.6655385,0.0203088563712079,0.9270354249763482,0.9270354746819147,1.0,0.0,0.0,0.13043478,0.33333334,0.49679062,0.265901016422621,1.0,0.41666666666666663,1.0,0.0,1.0,0.0,1.0,1.0,-1.0,1.3,2020-01-08T03:00:00,EURUSD,H1,1,BUY,-11.50813411270324,14,"hit_tp=False,hit_sl=True,regime=1"
0.4361711978558876,0.46100461951334226,0.5861013576697981,0.548152975055837,0.33028786853020775,0.3334913654616256,0.44887803797401443,0.39281749168302915,0.6630409591391246,0.6398130749986009,0.9286189,0.7850477088774088,0.02992836144673492,0.716526589086618,0.5,0.558447,0.4718843176877028,0.6114318013858101,0.6114317451089077,0.0,0.0,1.0,0.9130435,0.33333334,0.744162,0.4987271631826964,0.0,1.0,0.0,1.0,0.0,1.0,0.0,0.0,-1.0,1.56,2020-03-04T21:00:00,EURUSD,H1,5,SELL,-125.29358851913086,74,"hit_tp=False,hit_sl=True,regime=5"
0.4278239460797121,0.37686803727672263,0.4036417642572945,0.28155749293394594,0.41300271535779415,0.5990880844837296,0.6381262010220838,0.5075500052942606,0.20517858090835542,0.12867638710060045,0.18494505,0.16773292008509824,0.157927688786,0.7564906887687719,0.5,0.273197,0.08124740941140164,0.8668897013379699,0.866889702962419,0.0,0.0,1.0,0.04347826,0.0,0.1485405,0.3661876591439076,1.0,0.08333333333333331,0.2000000400000022,0.7999999279999885,0.20000000000000018,0.7999999999999999,0.1999999999999999,0.20000000000000018,-1.0,1.56,2020-02-10T01:00:00,EURUSD,H1,4,BUY,-63.1422504683643,89,"hit_tp=False,hit_sl=True,regime=4"
0.4134887618747419,0.42787384963134556,0.483102118065193,0.4630896589560978,0.37521424938835607,0.3866223684598618,0.4508250990117895,0.3645911379356983,0.22177416725829635,0.25761922220492317,0.25402552,0.34711662472510757,0.1319599041661953,0.27102065350139926,0.5,0.30667728,0.023253820858315243,0.9633143364806191,0.9633143613358844,1.0,0.0,0.0,0.8695652,0.6666667,0.25968102,0.5624002387927691,1.0,0.41666666666666663,1.0,0.0,1.0,0.0,1.0,1.0,-1.0,1.3,2020-08-07T20:00:00,EURUSD,H1,1,BUY,-10.818641328225189,5,"hit_tp=False,hit_sl=True,regime=1"
0.3746032341948951,0.3437805954320203,0.411424434875581,0.40079368309621166,0.31071174896471626,0.38227024945028126,0.45449434241326325,0.5322375081384979,0.23177079324801156,0.20532079938342088,0.10649815,0.04204855692998952,0.452491393096847,0.17094385619152833,0.5,0.2180811,0.09570816043493245,0.8928263967388862,0.8928264712694934,0.0,0.0,1.0,0.08695652,0.0,0.14942352,0.5917750489604626,1.0,0.08333333333333331,0.2000000400000022,0.7999999279999885,0.20000000000000018,0.7999999999999999,0.1999999999999999,0.20000000000000018,1.0,1.95,2020-01-13T02:00:00,EURUSD,H1,4,BUY,78.14207921791771,12,"hit_tp=True,hit_sl=False,regime=4"
0.4135479502595816,0.4169913757918225,0.47974736610176894,0.47245334917810466,0.20922788524105917,0.6132422069756112,0.6237207658413119,0.4368365408338069,0.3796046949151797,0.46933921928379946,0.21329622,0.552598163125115,0.7796476930151046,0.06879866877962615,0.5,0.5022644,0.012239852007284602,0.8781271379879911,0.8781271882904236,0.0,1.0,0.0,0.39130434,0.33333334,0.31342298,0.6290605299379055,1.0,0.3333333333333333,0.8000001028571486,0.1999999519999923,0.8000000000000003,0.20000000000000007,0.7999999999999998,0.8000000000000003,-1.0,1.56,2020-02-26T09:00:00,EURUSD,H1,3,BUY,-7.774915682552397,22,"hit_tp=False,hit_sl=True,regime=3"
0.4110238908399573,0.41494889359930864,0.47157675504500374,0.46367047699622377,0.3493717618577153,0.42431306260302537,0.5056344590902176,0.42385442180137234,0.3307182107024844,0.3142119563591429,0.011739534,0.15754298344378753,0.5507392191825969,0.14026880173242376,0.5,0.4974908,0.012183061177159763,0.9236511579026577,0.9236511954457443,0.0,1.0,0.0,0.7826087,0.5,0.111901455,0.4896872200861127,1.0,0.3333333333333333,0.8000001028571486,0.1999999519999923,0.8000000000000003,0.20000000000000007,0.7999999999999998,0.8000000000000003,-1.0,1.3,2020-01-30T18:00:00,EURUSD,H1,3,BUY,-6.036147069350406,8,"hit_tp=False,hit_sl=True,regime=3"
0.4145149392667146,0.4204914017969704,0.4802633985345245,0.4674996143214679,0.2884675738340272,0.4201270303235252,0.40144538598396595,0.32181580369967505,0.3216033553690526,0.5065290454396937,0.40345415,0.3560207858068798,0.3173909717496367,0.21312508751515463,0.5,0.1421632,0.011248680797905908,0.8744799404562887,0.8744799663956696,1.0,0.0,0.0,0.04347826,0.0,0.43702573,0.7407073017840469,1.0,0.41666666666666663,1.0,0.0,1.0,0.0,1.0,1.0,1.0,1.95,2020-03-16T01:00:00,EURUSD,H1,1,BUY,17.980908822825548,15,"hit_tp=True,hit_sl=False,regime=1"
0.4073380543074336,0.4175734348320951,0.48044851072743033,0.46434886747755305,0.41287981740778396,0.31562708939235756,0.44547805332503587,0.3721824523217834,0.2424448478064873,0.3645507560017546,0.14279228,0.33963293911318493,0.1774334625960579,0.2568228296105918,0.5,0.27992895,0.020927439033968008,0.9891324111318545,0.989132533302287,1.0,0.0,0.0,0.82608694,1.0,0.35391328,0.43941786443353475,1.0,0.41666666666666663,1.0,0.0,1.0,0.0,1.0,1.0,1.0,1.95,2020-07-05T19:00:00,EURUSD,H1,1,BUY,17.83514718593837,13,"hit_tp=True,hit_sl=False,regime=1"
0.41087774904866836,0.41869451153598486,0.4807727846740218,0.4616629981163263,0.27429823202520487,0.2389029064546855,0.20277254152704055,0.3161751593887093,0.2878621604376835,0.2692480146704041,0.10731966,0.20032614986657046,0.031267670409929886,0.30245890711150014,0.5,0.4144271,0.009272250880777023,0.9393249251642802,0.9393249259047457,0.0,1.0,0.0,0.39130434,0.5,0.19319806,0.6370971354657384,1.0,0.3333333333333333,0.8000001028571486,0.1999999519999923,0.8000000000000003,0.20000000000000007,0.7999999999999998,0.8000000000000003,1.0,1.95,2020-05-14T09:00:00,EURUSD,H1,3,BUY,8.8531135362091,12,"hit_tp=True,hit_sl=False,regime=3"
0.4016157716792673,0.40769391931077636,0.4825263850560496,0.4721151549909922,0.21448242229285117,0.3162359794330054,0.5058769133048773,0.4301286095218861,0.720854827756546,0.6334738809706503,0.6008492,0.41320911361700796,0.16148149641853485,0.7576002778258509,0.5,0.64784735,0.05577611401084558,0.9789233870924929,0.9789233385345846,1.0,0.0,0.0,0.9130435,0.8333333,0.66085184,0.5160479821862171,0.41666666666666663,1.0,1.0,0.0,1.0,0.0,1.0,1.0,-1.0,1.3,2020-02-08T21:00:00,EURUSD,H1,2,SELL,-11.928502957339049,2,"hit_tp=False,hit_sl=True,regime=2"
0.4155921305581198,0.4205975579778488,0.4780416973595354,0.45797949777622526,0.12735693848359156,0.29259362015602053,0.37771460061376505,0.4215612484537182,0.5436234166541586,0.6015971068283718,0.5124412,0.525229869834537,0.08446521852825126,0.733554142903449,0.5,0.41077477,0.024117388889966854,0.8871147832341871,0.8871147846118137,1.0,0.0,0.0,0.26086956,0.8333333,0.32194588,0.5450465080110727,1.0,0.41666666666666663,1.0,0.0,1.0,0.0,1.0,1.0,1.0,2.0,2020-02-15T06:00:00,EURUSD,H1,1,BUY,18.16091032806888,52,"hit_tp=True,hit_sl=False,regime=1"
0.4183075555480978,0.4302696137992293,0.48756942693783817,0.471330988156179,0.29237122169481045,0.40269276588979186,0.3489651711064364,0.3303177234356864,0.23805005892727835,0.29301249482056857,0.34635136,0.44839976947773813,0.21098380424980617,0.24634768740326693,0.5,0.21804108,0.010496764016435628,0.9989934931759324,0.9989935786146805,0.0,1.0,0.0,0.6956522,0.8333333,0.30687866,0.4171936831103484,1.0,0.3333333333333333,0.8000001028571486,0.1999999519999923,0.8000000000000003,0.20000000000000007,0.7999999999999998,0.8000000000000003,1.0,2.0,2020-01-18T16:00:00,EURUSD,H1,3,BUY,9.976284762414078,33,"hit_tp=True,hit_sl=False,regime=3"
0.4182150887864714,0.42344658165513605,0.48343727317264495,0.4747412290069004,0.3645675754555042,0.3477363072689679,0.46680356345923774,0.40644130432755154,0.5224661261610685,0.6837053132178229,0.8289893,0.6601781838205595,0.3926676464894037,0.8297815297123978,0.5,0.4816926,0.012222477854683108,0.9343863723601253,0.9343864463835438,0.0,1.0,0.0,0.47826087,0.8333333,0.56155777,0.635518722221385,1.0,0.3333333333333333,0.8000001028571486,0.1999999519999923,0.8000000000000003,0.20000000000000007,0.7999999999999998,0.8000000000000003,-1.0,1.3,2020-02-08T11:00:00,EURUSD,H1,3,BUY,-6.611916609917667,12,"hit_tp=False,hit_sl=True,regime=3"
0.4217302672578921,0.4303655713259174,0.4957509394821135,0.4891497817857147,0.18244089042340447,0.1845969620797024,0.3965057950105504,0.3145265561952158,0.5232358102679698,0.6182781744553405,0.7785114,0.9128900447259185,0.15110585258314402,0.754360780299992,0.5,0.5344442,0.0433191249423672,0.9674860036973307,0.9674859552790016,1.0,0.0,0.0,0.08695652,1.0,0.60822654,0.49361099582089596,0.41666666666666663,1.0,1.0,0.0,1.0,0.0,1.0,1.0,1.0,1.95,2020-07-12T02:00:00,EURUSD,H1,2,SELL,18.374301847399188,15,"hit_tp=True,hit_sl=False,regime=2"
0.41448963213806744,0.4221039791435122,0.48656918690467577,0.4886248539360125,0.3902844320726877,0.38111179056479105,0.6300136182862837,0.4574158471923919,0.6754674402539956,0.6117858112737351,0.8313008,0.6610939707785606,0.20792482590787228,0.7721008624192861,0.5,0.45580444,0.04296329148660748,0.937657791072468,0.9376577186105948,1.0,0.0,0.0,0.08695652,1.0,0.81218064,0.47003563926318115,0.41666666666666663,1.0,1.0,0.0,1.0,0.0,1.0,1.0,1.0,2.0,2020-05-03T02:00:00,EURUSD,H1,2,SELL,24.31988042242539,26,"hit_tp=True,hit_sl=False,regime=2"
0.41736457923123993,0.4255996738141481,0.48895904635758275,0.4895126951582856,0.6480285920683715,0.558641880574966,0.640446540068234,0.4595981538143229,0.8567572274916312,0.70935989687924,0.76634455,0.5761300751674084,0.0913224822698119,0.28370851556403415,0.5,0.919396,0.06034868652653696,0.8395805077258537,0.8395805707024814,1.0,0.0,0.0,0.73913044,0.8333333,0.78528696,0.4398978837663744,0.41666666666666663,1.0,1.0,0.0,1.0,0.0,1.0,1.0,-1.0,1.56,2020-04-04T17:00:00,EURUSD,H1,2,SELL,-14.278514883931948,36,"hit_tp=False,hit_sl=True,regime=2"
0.43965567620695895,0.5408912422921999,0.6472994646079597,0.5963065622686101,0.1803495511491861,0.15474795904960534,0.21082403271330222,0.22755436655153882,0.7289887675838768,0.6284662060522099,1.0,0.917279709913032,0.191373274075302,0.7669331578815612,0.5,0.7151127,0.7186010036192012,0.172283629681201,0.17228365198625076,0.0,0.0,1.0,0.5652174,0.0,0.7789423,0.5087996032642362,0.0,1.0,0.0,1.0,0.0,1.0,0.0,0.0,-1.0,1.0,2020-03-02T13:00:00,EURUSD,H1,5,SELL,-65.36779284918026,15,"hit_tp=False,hit_sl=True,regime=5"
0.4204179191548275,0.4431204466708203,0.5215077963274465,0.4922088650103116,0.15692138060870445,0.06321923401052448,0.04026277823151637,0.06872125681816318,0.7987139601049593,0.6383552526145992,1.0,0.7844140715734079,0.1605547841561017,0.7573109413602226,0.5,0.6561603,0.08015462221988148,0.7062707748774774,0.7062706930356197,0.0,0.0,1.0,0.2173913,0.33333334,0.85558534,0.6138879905697064,0.08333333333333331,1.0,0.2000000400000022,0.7999999279999885,0.20000000000000018,0.7999999999999999,0.1999999999999999,0.20000000000000018,-1.0,1.3,2020-01-01T05:00:00,EURUSD,H1,4,SELL,-12.53504333840194,1,"hit_tp=False,hit_sl=True,regime=4"
0.41974185380000945,0.4306401794848212,0.48147402460412136,0.4879677434454738,0.5141143592205446,0.5082697784768947,0.6041133383369696,0.4221383996530471,0.5622278752570682,0.5393123387461513,0.7490129,0.571528014187982,0.5641549250892556,0.8833235049119214,0.5,0.4815592,0.05668545565254189,0.9645317368412337,0.9645316640513967,1.0,0.0,0.0,0.95652175,0.16666667,0.68298763,0.542190153479361,0.41666666666666663,1.0,1.0,0.0,1.0,0.0,1.0,1.0,1.0,2.0,2020-03-31T22:00:00,EURUSD,H1,2,SELL,23.14555705560828,35,"hit_tp=True,hit_sl=False,regime=2"
0.40908492269762026,0.42035505009688506,0.4926987502207824,0.4864803279305044,0.14318233413403875,0.17822101396185303,0.4837949747006895,0.5283160921217094,0.6451099179946217,0.5764259407797685,0.7262877,0.9243342119929524,0.09231061459934652,0.7360036372802932,0.5,0.66346073,0.041516234663207315,0.8560604933605391,0.8560605561360487,1.0,0.0,0.0,0.95652175,0.8333333,0.6095031,0.5592940587092038,0.41666666666666663,1.0,1.0,0.0,1.0,0.0,1.0,1.0,1.0,2.0,2020-08-01T22:00:00,EURUSD,H1,2,SELL,25.80149184390645,49,"hit_tp=True,hit_sl=False,regime=2"
0.41221296160985726,0.4348339960646522,0.5022860839392946,0.5068437244744813,0.2253929980085603,0.3573006631955118,0.4697228681039329,0.350652493754102,0.7542957099371398,0.7894379992100278,0.8655421,0.9306623387206809,0.22818202428886153,0.7784256124622574,0.5,0.6184179,0.04605809663461405,0.9189776346068178,0.918977635595597,1.0,0.0,0.0,0.65217394,0.16666667,0.76479673,0.45175601840602725,0.41666666666666663,1.0,1.0,0.0,1.0,0.0,1.0,1.0,1.0,1.95,2020-09-01T15:00:00,EURUSD,H1,2,SELL,19.600667180057485,11,"hit_tp=True,hit_sl=False,regime=2"
0.41400712015446745,0.4172713472472138,0.49075618770393753,0.4790440276769915,0.6357441653884064,0.5116651085849173,0.583449668643149,0.527605361499874,0.8365961008478195,0.7238743683244269,0.7789027,0.5419895714538278,0.051302174797625964,0.7231999268422116,0.5,0.8512344,0.06783537900900226,0.8060840460473546,0.8060841216365466,1.0,0.0,0.0,0.73913044,1.0,0.7468444,0.45950693083266986,0.41666666666666663,1.0,1.0,0.0,1.0,0.0,1.0,1.0,0.0,1.56,2020-07-19T17:00:00,EURUSD,H1,2,SELL,-7.665412996746834,100,"hit_tp=False,hit_sl=False,regime=2"
0.49189840529723905,0.6049357509599458,0.7367664315014762,0.669415421717076,0.21753750940477995,0.4223078610757846,0.43949575112225614,0.2888441892895027,0.6619095300340677,0.6317883954925592,1.0,0.9222201232725907,0.049740171841137826,0.7227122506106177,0.5,0.4509423,0.4661343890645977,0.3245089567757825,0.32450902359747436,0.0,0.0,1.0,0.26086956,0.5,0.873399,0.5584532361470186,0.0,1.0,0.0,1.0,0.0,1.0,0.0,0.0,1.0,2.0,2020-03-26T06:00:00,EURUSD,H1,5,SELL,169.2531126461505,31,"hit_tp=True,hit_sl=False,regime=5"
0.4187311286001601,0.4199661471089507,0.4671169339740233,0.4560790362505312,0.3287151822744481,0.47501883656955346,0.6217903059679163,0.4299206445192154,0.3673672871318787,0.4312287922059538,0.2251151,0.35099953221500346,0.26029639437381086,0.7884523928937827,0.5,0.45635685,0.0196436837684783,0.8401413690853018,0.8401413344248395,1.0,0.0,0.0,0.08695652,0.8333333,0.26509035,0.5220108836525248,1.0,0.41666666666666663,1.0,0.0,1.0,0.0,1.0,1.0,1.0,2.0,2020-04-11T02:00:00,EURUSD,H1,1,BUY,22.75660270098845,21,"hit_tp=True,hit_sl=False,regime=1"
0.5112248569550902,0.527820529283282,0.5985690604475994,0.6051248703803567,0.3924792213338153,0.37493645565870737,0.4742032521184639,0.4395900957510215,0.7852586240811058,0.6846740468374163,0.9139348,0.817530125667906,0.25123018196897384,0.7856217335930622,0.5,0.78131866,0.6265558777140544,0.22940871620143063,0.2294087195036673,0.0,0.0,1.0,0.5217391,1.0,0.9074974,0.5037334010128065,0.0,1.0,0.0,1.0,0.0,1.0,0.0,0.0,-1.0,1.0,2020-03-22T12:00:00,EURUSD,H1,5,SELL,-114.51775798410948,15,"hit_tp=False,hit_sl=True,regime=5"
0.4158768844318058,0.42169426460951415,0.48761464174592606,0.4712053109739539,0.2756361396398401,0.3298886240999889,0.42309876451855016,0.3883257262903548,0.3408222895415798,0.4779791466469209,0.39189637,0.6552697718327651,0.719961031557427,0.931969483378223,0.5,0.45274836,0.012255211899290665,0.9188823840974288,0.9188824461062739,0.0,1.0,0.0,0.2173913,0.8333333,0.31857777,0.4985597114094046,1.0,0.3333333333333333,0.8000001028571486,0.1999999519999923,0.8000000000000003,0.20000000000000007,0.7999999999999998,0.8000000000000003,-1.0,1.3,2020-05-16T05:00:00,EURUSD,H1,3,BUY,-5.617242604936124,17,"hit_tp=False,hit_sl=True,regime=3"
0.4350065449409603,0.3384385242383814,0.4464287960215639,0.2205222348835153,0.3446941363085773,0.3223330816533153,0.4082035122585259,0.3525922119945587,0.4347056138326677,0.4603655830978344,0.16486017,0.18984922532899912,0.006744367368221347,0.31011558567836023,0.5,0.5572298,0.07123598910820922,0.5422625655893726,0.5422626443981841,0.0,0.0,1.0,0.8695652,1.0,0.30717096,0.4572901548692022,1.0,0.0,0.0,1.0,0.0,1.0,0.0,0.0,1.0,1.95,2020-04-19T20:00:00,EURUSD,H1,5,BUY,167.27020228409327,8,"hit_tp=True,hit_sl=False,regime=5"
0.42258895144013486,0.42329170279717115,0.4801934549051638,0.47222790028584843,0.22613248423412566,0.1958951972228658,0.2679164113908255,0.31011037494190263,0.5745738177668422,0.5572814786941445,0.58395356,0.4763785840259617,0.04833768530892124,0.29712928112641923,0.5,0.44060484,0.04773044111383067,0.9832205335837125,0.9832205337884855,1.0,0.0,0.0,0.08695652,0.0,0.70710516,0.5359178917796587,0.41666666666666663,1.0,1.0,0.0,1.0,0.0,1.0,1.0,1.0,1.95,2020-09-21T02:00:00,EURUSD,H1,2,SELL,14.983529866188228,11,"hit_tp=True,hit_sl=False,regime=2"
0.41111104939532933,0.4212583863337185,0.4780824447720832,0.46719593991303465,0.2954938276447574,0.38849171955916506,0.39678363930431376,0.5601038596490178,0.32759689322552316,0.39418636793090656,0.034173835,0.38517735226668914,0.12899647842865267,0.27194587229347345,0.5,0.32639349,0.009072729822052088,0.889924459694994,0.8899244366307707,0.0,1.0,0.0,0.3043478,0.8333333,0.17550859,0.6038945177928724,1.0,0.3333333333333333,0.8000001028571486,0.1999999519999923,0.8000000000000003,0.20000000000000007,0.7999999999999998,0.8000000000000003,1.0,1.95,2020-07-11T07:00:00,EURUSD,H1,3,BUY,11.609995739954028,11,"hit_tp=True,hit_sl=False,regime=3"
0.40344357070001846,0.41223374997400297,0.4756929812793343,0.4625405815808113,0.18809790514569558,0.3109126552567869,0.38038347218960256,0.45163405755398867,0.44443171951721366,0.4288047353539086,0.24102008,0.28438876310343714,0.4512854692793752,0.17132038868217314,0.5,0.38309544,0.013937834420387273,0.977315734228453,0.9773158565430937,1.0,0.0,0.0,1.0,0.6666667,0.31822833,0.5084763341360523,1.0,0.41666666666666663,1.0,0.0,1.0,0.0,1.0,1.0,-1.0,1.3,2020-07-31T23:00:00,EURUSD,H1,1,BUY,-12.300756938878887,5,"hit_tp=False,hit_sl=True,regime=1"
0.4231464371774171,0.42899532726833856,0.4869740833429271,0.4794117190196518,0.10332218426588778,0.05244457427144629,0.15934453896608575,0.3149833271051953,0.3355936592025815,0.5213499272831007,0.5007282,0.7397636885023312,0.42283905195166427,0.18020197270263053,0.5,0.47014394,0.012798979102508308,0.9277923034635098,0.9277922555295942,0.0,1.0,0.0,0.26086956,0.6666667,0.47133398,0.6372415175499332,1.0,0.3333333333333333,0.8000001028571486,0.1999999519999923,0.8000000000000003,0.20000000000000007,0.7999999999999998,0.8000000000000003,-1.0,1.3,2020-03-06T06:00:00,EURUSD,H1,3,BUY,-3.9584404089043614,4,"hit_tp=False,hit_sl=True,regime=3"
0.4075331534111788,0.4189562291079326,0.4786075198090647,0.45186737424667833,0.1640228153156882,0.20080456639139593,0.4760954907064273,0.4757364237982469,0.3899849075726623,0.39715067406322613,0.13491336,0.1585674736351323,0.22139126811996046,0.2430982665353982,0.5,0.48666412,0.013520590270751734,0.8459593629475078,0.8459593892349476,1.0,0.0,0.0,0.9130435,0.0,0.27789348,0.47267143247382515,1.0,0.41666666666666663,1.0,0.0,1.0,0.0,1.0,1.0,-1.0,1.3,2020-02-10T21:00:00,EURUSD,H1,1,BUY,-11.342328177847971,17,"hit_tp=False,hit_sl=True,regime=1"
0.4186420431671567,0.4284538248316089,0.48939147237628405,0.4598331194651002,0.3083889740493042,0.37673670647648344,0.42542662280748117,0.3902108801233677,0.26599985350996325,0.33646029257903626,0.25344387,0.4025495631844705,0.060212663282334655,0.29342165947182014,0.5,0.37017956,0.01903810278827257,0.8725019516591399,0.8725019776226598,1.0,0.0,0.0,0.0,0.8333333,0.31491518,0.4594358665473094,1.0,0.41666666666666663,1.0,0.0,1.0,0.0,1.0,1.0,-1.0,1.3,2020-05-30T00:00:00,EURUSD,H1,1,BUY,-10.174651505567844,8,"hit_tp=False,hit_sl=True,regime=1"
0.42059250106521684,0.4197170550118417,0.47702122344957953,0.4593857363003309,0.570358185727584,0.4252897566758427,0.5315027684693698,0.3785995232805704,0.28878369518032565,0.2798671258793559,0.14708951,0.2992124578039725,0.30930683291771494,0.21564914500589216,0.5,0.2597744,0.01822699099958144,0.884262637616087,0.8842626390285204,1.0,0.0,0.0,0.13043478,0.33333334,0.3276619,0.5196613076159721,1.0,0.41666666666666663,1.0,0.0,1.0,0.0,1.0,1.0,-1.0,1.56,2020-11-18T03:00:00,EURUSD,H1,1,BUY,-12.524938252824748,51,"hit_tp=False,hit_sl=True,regime=1"
0.44404770932022536,0.40261307986786576,0.4450362745816764,0.4541442611657065,0.37229637168234564,0.38440544972674545,0.6167337163122066,0.46575966198832813,0.341808532782044,0.2964008637163879,0.27019748,0.33330150574609174,0.4853301777232191,0.16069088940973664,0.5,0.35002995,0.06882529107451563,0.8661221689501425,0.8661220851574934,0.0,0.0,1.0,0.3478261,0.5,0.23818639,0.5488512772715222,1.0,0.08333333333333331,0.2000000400000022,0.7999999279999885,0.20000000000000018,0.7999999999999999,0.1999999999999999,0.20000000000000018,1.0,2.0,2020-01-30T08:00:00,EURUSD,H1,4,BUY,87.37328596382321,31,"hit_tp=True,hit_sl=False,regime=4"
0.3921026090128454,0.42490366716989,0.4767650877088978,0.4463776006560015,0.4531595137672485,0.7050817018952973,0.6819518042275977,0.6457637917738613,0.469991351616388,0.38753194438340083,0.19367515,0.44294722259622804,0.4029048639235638,0.18642583158443576,0.5,0.5577306,0.08770410096065447,0.9191469376582915,0.9191469508487853,0.0,0.0,1.0,0.26086956,0.33333334,0.32728463,0.4527641040752601,1.0,0.08333333333333331,0.2000000400000022,0.7999999279999885,0.20000000000000018,0.7999999999999999,0.1999999999999999,0.20000000000000018,-1.0,1.56,2020-03-04T06:00:00,EURUSD,H1,4,BUY,-60.38065362646394,31,"hit_tp=False,hit_sl=True,regime=4"
0.47895690676064656,0.49989260020821746,0.5853794920723162,0.545810124622175,0.3551041404872051,0.4023963965015478,0.381755577729253,0.4068769206677038,0.843188712834915,0.6220082062044177,1.0,0.7926611952989889,0.2236051655386433,0.7769966281084565,0.5,0.71270245,0.38140139870994927,0.44377425890435745,0.4437743755264405,0.0,0.0,1.0,0.95652175,0.0,0.7598354,0.6399869258485269,0.08333333333333331,1.0,0.2000000400000022,0.7999999279999885,0.20000000000000018,0.7999999999999999,0.1999999999999999,0.20000000000000018,1.0,1.95,2020-02-24T22:00:00,EURUSD,H1,4,SELL,66.23014556864871,12,"hit_tp=True,hit_sl=False,regime=4"
0.4165383410592524,0.41935573462159537,0.47820445604537715,0.4740831149460187,0.407404983980991,0.332956622972555,0.3818600014431799,0.3614121544315059,0.35813359882681567,0.47415128753284086,0.3787336,0.47355660061881405,0.3290120369456504,0.8099068893627884,0.5,0.3912666,0.014613015957933366,0.7685754327713912,0.7685754600032072,1.0,0.0,0.0,0.5217391,0.8333333,0.3032393,0.46585601113818426,1.0,0.41666666666666663,1.0,0.0,1.0,0.0,1.0,1.0,-1.0,1.3,2020-07-11T12:00:00,EURUSD,H1,1,BUY,-10.76256782256202,4,"hit_tp=False,hit_sl=True,regime=1"
0.42972915881649004,0.4264716102632475,0.49034332649509094,0.46873757024844936,0.37252346386377516,0.28142951621443385,0.42027625403826085,0.3810259764109317,0.36721988648116166,0.44095229400845476,0.4387908,0.4295530408369343,0.14913879168412994,0.7537466074502303,0.5,0.3282571,0.021243699660809603,0.9262200537676617,0.926220091279398,1.0,0.0,0.0,0.39130434,1.0,0.34182623,0.5135363104014194,1.0,0.41666666666666663,1.0,0.0,1.0,0.0,1.0,1.0,-1.0,1.3,2020-09-06T09:00:00,EURUSD,H1,1,BUY,-11.082712688419427,15,"hit_tp=False,hit_sl=True,regime=1"
0.382148292969796,0.4030889903998397,0.4736609670591973,0.4665862810230026,0.23277960037022388,0.20960716308565486,0.3992903967411712,0.38949577476046326,0.12617114829606801,0.3820684386404107,0.16465002,0.29883755995871597,0.5058325938721088,0.15428960891277382,0.5,0.41065553,0.16675924873623627,0.7401622241263645,0.7401622272973678,0.0,0.0,1.0,0.73913044,0.16666667,0.33950385,0.2565286329220878,1.0,0.0,0.0,1.0,0.0,1.0,0.0,0.0,-1.0,1.3,2020-03-31T17:00:00,EURUSD,H1,5,BUY,-91.82315202859392,17,"hit_tp=False,hit_sl=True,regime=5"
0.4244595998579994,0.4155835906177866,0.4885774198381341,0.5114363093244465,0.5628980007652542,0.4985050932475255,0.4024540491995638,0.36608069232374896,0.754163169786869,0.6185469774287927,0.82603896,0.5763955597647339,0.03806615033726922,0.7190673574159867,0.5,0.65827966,0.20822053935985319,0.8699713268508232,0.8699714016603488,0.0,0.0,1.0,0.2173913,0.0,0.7113925,0.5334605453917672,0.08333333333333331,1.0,0.2000000400000022,0.7999999279999885,0.20000000000000018,0.7999999999999999,0.1999999999999999,0.20000000000000018,-1.0,1.3,2020-03-30T05:00:00,EURUSD,H1,4,SELL,-39.53121383013514,3,"hit_tp=False,hit_sl=True,regime=4"
0.33169048164223364,0.5763591787283702,0.5726154818396574,0.5898810497801957,0.22543460249675004,0.16624849508545736,0.3660748127887796,0.3312150847064858,0.6696509015724823,0.5450315509472592,0.7669209,0.6956961259769225,0.14669142401038074,0.26642114115914733,0.5,0.828081,0.7572239654508108,0.6290113354696214,0.629011291181963,0.0,0.0,1.0,0.39130434,0.0,0.8212497,0.6808602099054516,0.0,1.0,0.0,1.0,0.0,1.0,0.0,0.0,-1.0,1.3,2020-03-23T09:00:00,EURUSD,H1,5,SELL,-90.23077484705988,6,"hit_tp=False,hit_sl=True,regime=5"
0.36627813867939746,0.3094324148732991,0.40853071962102905,0.3882777609532933,0.5484727852537004,0.4894392971928818,0.5945483467547528,0.3749131746862949,0.3759511143212754,0.42170000795162743,0.0,0.25403392531046376,0.30560719887586474,0.2168042547663146,0.5,0.33193508,0.10754526542503208,0.839782101981407,0.8397821771593553,0.0,0.0,1.0,0.95652175,0.16666667,0.22011124,0.5632628208617994,1.0,0.0,0.0,1.0,0.0,1.0,0.0,0.0,-1.0,1.3,2020-03-17T22:00:00,EURUSD,H1,5,BUY,-117.01669432602868,14,"hit_tp=False,hit_sl=True,regime=5"
0.4139986402290418,0.4371490362048142,0.4873823516224188,0.47937222454173334,0.1993200752965592,0.3258889780398011,0.44077222071827155,0.4212231049402625,0.6241311372218639,0.6625685707710338,0.80151725,0.7268023722078292,0.14567105539562802,0.752663935025145,0.5,0.76306343,0.050356279272611694,0.9270181566264717,0.9270182185360298,1.0,0.0,0.0,0.9130435,0.0,0.8083953,0.4681093045013858,0.41666666666666663,1.0,1.0,0.0,1.0,0.0,1.0,1.0,1.0,1.95,2020-04-13T21:00:00,EURUSD,H1,2,SELL,20.451069986724413,7,"hit_tp=True,hit_sl=False,regime=2"
0.4127671692124958,0.3624436102119229,0.38529742303798054,0.3485123478804761,0.2959120564572661,0.2762487931898447,0.25351503917497914,0.32945017632491264,0.3117482103252063,0.37312806039430424,0.082824774,0.1804849646514724,0.024602251877960182,0.3045399959722091,0.5,0.31219244,0.04128544243973156,0.4748497345415288,0.4748498385805929,0.0,0.0,1.0,0.3043478,1.0,0.18300481,0.5183176685497585,1.0,0.08333333333333331,0.2000000400000022,0.7999999279999885,0.20000000000000018,0.7999999999999999,0.1999999999999999,0.20000000000000018,-1.0,1.3,2020-06-14T07:00:00,EURUSD,H1,4,BUY,-32.678070916694054,5,"hit_tp=False,hit_sl=True,regime=4"
0.4224964432593127,0.43219055318679617,0.4930157557148301,0.48147349504002795,0.20476877476038957,0.15864148625699342,0.2953563160490331,0.3899286493964524,0.3860965596495936,0.5427481915214218,0.54513717,0.7879799676930582,0.4779344246433589,0.16299999564481962,0.5,0.45636958,0.011754328581341478,0.966870030063648,0.9668700304679588,0.0,1.0,0.0,0.47826087,0.8333333,0.4530494,0.5395100656271338,1.0,0.3333333333333333,0.8000001028571486,0.1999999519999923,0.8000000000000003,0.20000000000000007,0.7999999999999998,0.8000000000000003,-1.0,1.3,2020-07-25T11:00:00,EURUSD,H1,3,BUY,-5.281386239981423,3,"hit_tp=False,hit_sl=True,regime=3"
0.4204591963925509,0.4317351328503918,0.4846943142161416,0.46164793145289473,0.2843457281237471,0.2513898998763576,0.45961046093969393,0.3295211609933554,0.5841041343167321,0.4946936404258718,0.63507354,0.42828329132094184,0.09725136874712034,0.7375462606507986,0.5,0.5386386,0.06785289753234597,0.9136002094364051,0.9136001616756866,1.0,0.0,0.0,0.3043478,0.33333334,0.6117469,0.42838448428092596,0.41666666666666663,1.0,1.0,0.0,1.0,0.0,1.0,1.0,-1.0,1.56,2020-09-30T07:00:00,EURUSD,H1,2,SELL,-11.399072609268313,48,"hit_tp=False,hit_sl=True,regime=2"
0.40838860494909124,0.41546098850709584,0.4759274476201223,0.4605628354385699,0.6094558631954631,0.5259637722728535,0.6456792160499983,0.4398365045399363,0.5303431712107682,0.5164896542455072,0.21252337,0.3553674709557401,0.6294469539207972,0.903709099181308,0.5,0.4219449,0.013883398565809496,0.9842630171536708,0.9842631027721865,0.0,1.0,0.0,0.7826087,1.0,0.19169754,0.5343327808836318,1.0,0.3333333333333333,0.8000001028571486,0.1999999519999923,0.8000000000000003,0.20000000000000007,0.7999999999999998,0.8000000000000003,-1.0,1.56,2020-06-07T18:00:00,EURUSD,H1,3,BUY,-6.283898453796066,30,"hit_tp=False,hit_sl=True,regime=3"
0.4301174602372181,0.37065885356444056,0.4649398306597981,0.43851108384849885,0.7180302785752344,0.5288697537768169,0.6859308624929966,0.47116736631935546,0.32113426979178117,0.3872446861369638,0.17104954,0.2983287533622601,0.33197315018066653,0.20857223567431288,0.5,0.20788974,0.085167673334978,0.7910456930422791,0.7910456467771891,0.0,0.0,1.0,0.95652175,0.8333333,0.2556134,0.5273241443508914,1.0,0.08333333333333331,0.2000000400000022,0.7999999279999885,0.20000000000000018,0.7999999999999999,0.1999999999999999,0.20000000000000018,-1.0,1.3,2020-05-09T22:00:00,EURUSD,H1,4,BUY,-50.00564584038525,13,"hit_tp=False,hit_sl=True,regime=4"
0.4008852928294664,0.4034449458611346,0.46007573784137623,0.4700606374871249,0.5614911834294181,0.4027760931637724,0.42173985901879396,0.3076109295564436,0.6841868082716378,0.6378075058796746,0.60232556,0.38314115214657435,0.26523784227234265,0.7899952242039345,0.5,0.6630883,0.0458402446495048,0.937633188250312,0.9376330669736163,1.0,0.0,0.0,0.5217391,0.5,0.60176563,0.5209711754244524,0.41666666666666663,1.0,1.0,0.0,1.0,0.0,1.0,1.0,-1.0,1.3,2020-03-26T12:00:00,EURUSD,H1,2,SELL,-11.460091992021582,10,"hit_tp=False,hit_sl=True,regime=2"
0.4104392296850881,0.4234768570997694,0.47738391982716655,0.4685484723492579,0.1597132247771784,0.28501172149605497,0.4187482850749006,0.4242412268182265,0.5083024770393677,0.5555529789730279,0.3991457,0.1999885987886155,0.08964258793452735,0.2842330005786845,0.5,0.5837686,0.011374633529307954,0.9863041849241837,0.9863041850913246,0.0,1.0,0.0,1.0,0.16666667,0.52543765,0.46442959999800437,1.0,0.3333333333333333,0.8000001028571486,0.1999999519999923,0.8000000000000003,0.20000000000000007,0.7999999999999998,0.8000000000000003,-1.0,1.3,2020-04-07T23:00:00,EURUSD,H1,3,BUY,-6.939453601730872,14,"hit_tp=False,hit_sl=True,regime=3"
0.4231051029440482,0.5074446127079273,0.5692974876067374,0.5490365731260719,0.3115789524285132,0.26828506855060225,0.39873739228431937,0.33309583383444974,0.6213837409635474,0.4980394035938232,0.98134625,0.6082472807402355,0.006744367368221347,0.7092880482679673,0.5,0.65187263,0.6897520103337111,0.6469428876115138,0.6469429163277068,0.0,0.0,1.0,0.4347826,0.16666667,0.7687648,0.6118889249707258,0.0,1.0,0.0,1.0,0.0,1.0,0.0,0.0,1.0,1.95,2020-03-03T10:00:00,EURUSD,H1,5,SELL,165.48630567536637,13,"hit_tp=True,hit_sl=False,regime=5"
0.42616452971937047,0.4192699021249814,0.46447510983873724,0.4565336630539052,0.4867412413493319,0.5922676138289521,0.615778423174343,0.4613525897849122,0.26988973239118225,0.3420224667476473,0.23209733,0.2842274072168988,0.06526529630233618,0.29184412534514087,0.5,0.23347846,0.02564712048512265,0.8692162789307862,0.869216329341965,1.0,0.0,0.0,0.26086956,0.0,0.2310518,0.4679893232514564,1.0,0.41666666666666663,1.0,0.0,1.0,0.0,1.0,1.0,-1.0,1.3,2020-11-23T06:00:00,EURUSD,H1,1,BUY,-13.22495335745133,11,"hit_tp=False,hit_sl=True,regime=1"
0.40269450985373295,0.376344426153232,0.4131706057703472,0.4501221371061916,0.26776609556555814,0.19309369420893582,0.2255076063391445,0.31808344541422445,0.6185204001413102,0.5334162635122696,0.5490098,0.36571390495519757,0.17872744650973535,0.2564187994121639,0.5,0.60832465,0.484320251727136,0.9823499158592025,0.9823499160746002,0.0,0.0,1.0,0.95652175,0.6666667,0.64852613,0.5400296000567005,0.0,1.0,0.0,1.0,0.0,1.0,0.0,0.0,-1.0,1.3,2020-01-03T22:00:00,EURUSD,H1,5,SELL,-78.09786285619458,9,"hit_tp=False,hit_sl=True,regime=5"
0.42334583998341535,0.41833801409671645,0.46012374596298217,0.48021222812449,0.6788648870576623,0.7288382556571615,0.7050875766574392,0.5073943574005393,0.3631218687362069,0.44500289000443444,0.27832934,0.3667861284129522,0.16974957170140714,0.259221883605344,0.5,0.28051504,0.0722417888851622,0.9945223695851808,0.9945223818558095,0.0,0.0,1.0,0.04347826,0.16666667,0.36983383,0.6253497059856693,1.0,0.08333333333333331,0.2000000400000022,0.7999999279999885,0.20000000000000018,0.7999999999999999,0.1999999999999999,0.20000000000000018,-1.0,1.56,2020-02-04T01:00:00,EURUSD,H1,4,BUY,-55.35109404346316,34,"hit_tp=False,hit_sl=True,regime=4"
0.5389717815620998,0.5613721817920801,0.6758171138209438,0.6612473081644026,0.2724003353199741,0.5587143719910581,0.45920572712594415,0.5070265195829778,0.9101019332828987,0.9451426622639627,0.9919445,0.9711074778222101,0.39403845173700847,0.8302095388177052,0.5,0.8834534,0.359898000338174,0.2137606488818609,0.2137606902067833,0.0,0.0,1.0,0.95652175,0.6666667,0.9326034,0.6189283141012903,0.08333333333333331,1.0,0.2000000400000022,0.7999999279999885,0.20000000000000018,0.7999999999999999,0.1999999999999999,0.20000000000000018,1.0,1.5,2020-05-22T22:00:00,EURUSD,H1,4,SELL,78.35796798263405,18,"hit_tp=True,hit_sl=False,regime=4"
0.40424559784750463,0.4136779671686068,0.47091471308576544,0.457143063317463,0.48249580224745003,0.419642224262511,0.6726128495402277,0.5336458601409514,0.32954790546679585,0.42653428020097894,0.0,0.3110464839379278,0.06476001450031592,0.2920018822234695,0.5,0.3470003,0.02072662533736555,0.9340115454356706,0.9340114730182951,1.0,0.0,0.0,0.9130435,0.6666667,0.26735982,0.5081041375618414,1.0,0.41666666666666663,1.0,0.0,1.0,0.0,1.0,1.0,1.0,2.0,2020-09-18T21:00:00,EURUSD,H1,1,BUY,23.44719756446345,23,"hit_tp=True,hit_sl=False,regime=1"
0.4116053696199474,0.4237319525007892,0.47788549159838506,0.4671837252192941,0.28034358377230234,0.4469665670409165,0.4759890998556361,0.40286571758506956,0.26838147324699474,0.28776543001999594,0.19080675,0.2900206089544178,0.16075981063009315,0.2620286968495145,0.5,0.2740687,0.01674834123792021,0.9167404375048105,0.9167404385208922,1.0,0.0,0.0,0.73913044,0.5,0.22293924,0.5561777116113613,1.0,0.41666666666666663,1.0,0.0,1.0,0.0,1.0,1.0,-1.0,1.3,2020-10-22T17:00:00,EURUSD,H1,1,BUY,-12.780396879339406,13,"hit_tp=False,hit_sl=True,regime=1"
0.22959922998528878,0.24589931629478656,0.2914203326151697,0.2594289634936476,0.2242593794115932,0.3578045542464023,0.3814734130881705,0.3769287317599423,0.2703292806825393,0.3633062986813395,0.0,0.17457491479898488,0.10959703348475905,0.741400855202625,0.5,0.2046765,0.020299713660844716,0.34263073901251806,0.34263080805381174,0.0,0.0,1.0,0.5217391,0.0,0.18715043,0.3237178394017167,1.0,0.0,0.0,1.0,0.0,1.0,0.0,0.0,-1.0,1.3,2020-02-17T12:00:00,EURUSD,H1,5,BUY,-101.93052953480164,9,"hit_tp=False,hit_sl=True,regime=5"
0.41953457037248815,0.4261235660479008,0.4792231014503384,0.46674466751993743,0.835127513669057,0.7599263319390775,0.7122283937821929,0.5975583401498267,0.4669791608363847,0.4114872972332014,0.26742727,0.4371593662542463,0.2706705582075848,0.7916914341076401,0.5,0.5684872,0.012049981381949085,0.9296620447246845,0.9296620455830735,0.0,1.0,0.0,0.73913044,1.0,0.25714758,0.4440354707632621,1.0,0.3333333333333333,0.8000001028571486,0.1999999519999923,0.8000000000000003,0.20000000000000007,0.7999999999999998,0.8000000000000003,-1.0,1.3,2020-03-29T17:00:00,EURUSD,H1,3,BUY,-8.19412726352109,11,"hit_tp=False,hit_sl=True,regime=3"
0.4868954974572862,0.466170258919529,0.519276644972845,0.5141007597470557,0.24581201718433734,0.385428594456741,0.6289861293870483,0.4407811190070776,0.4891287571642145,0.4302966567383867,0.60036266,0.7005048924888964,0.15267345179574607,0.7548502182424782,0.5,0.36226696,0.26736971753229055,0.8166295893431411,0.8166295305620501,0.0,0.0,1.0,0.3478261,0.16666667,0.43303445,0.6799509853482424,0.08333333333333331,1.0,0.2000000400000022,0.7999999279999885,0.20000000000000018,0.7999999999999999,0.1999999999999999,0.20000000000000018,-1.0,1.3,2020-01-28T08:00:00,EURUSD,H1,4,SELL,-47.3459146316424,4,"hit_tp=False,hit_sl=True,regime=4"
0.41343213103674165,0.40583864708454537,0.4575510354149654,0.43861565126412966,0.34837481583456087,0.336922152641749,0.3728664723123188,0.3140784448754347,0.2181272412291523,0.37700763272122795,0.2535193,0.33037714837849447,0.062366805635735226,0.7266545552604751,0.5,0.3187644,0.04895015906190894,0.8329730024665427,0.8329729556897808,0.0,0.0,1.0,0.3478261,0.5,0.22642215,0.19888365344719328,1.0,0.08333333333333331,0.2000000400000022,0.7999999279999885,0.20000000000000018,0.7999999999999999,0.1999999999999999,0.20000000000000018,1.0,1.95,2020-04-30T08:00:00,EURUSD,H1,4,BUY,56.0347053665744,3,"hit_tp=True,hit_sl=False,regime=4"
0.4099540664658438,0.41469916418834174,0.4680760212529492,0.459794152464593,0.18234814047641973,0.3471636313909282,0.48742057340201156,0.3832926016723721,0.3326074742983591,0.22353312600147793,0.10518449,0.026784341793102708,0.487772966641966,0.15992821299590673,0.5,0.28059754,0.012324446332428763,0.9767744233258966,0.9767744968320208,0.0,1.0,0.0,0.9130435,0.0,0.10412759,0.5363776609356081,1.0,0.3333333333333333,0.8000001028571486,0.1999999519999923,0.8000000000000003,0.20000000000000007,0.7999999999999998,0.8000000000000003,-1.0,1.56,2020-06-01T21:00:00,EURUSD,H1,3,BUY,-6.1634483280803565,30,"hit_tp=False,hit_sl=True,regime=3"
0.42032683197103127,0.43488687989190217,0.4978463088166687,0.48199463774118967,0.5297960180746978,0.5998776983376027,0.5551149373250891,0.4021795724087628,0.6113007076958257,0.49563711819662765,0.80221283,0.5711727127453401,0.10515665863364952,0.27938919323102385,0.5,0.60782224,0.06764448392887996,0.8187728051289659,0.818772734117939,1.0,0.0,0.0,0.0,0.16666667,0.7372599,0.46134630093729184,0.41666666666666663,1.0,1.0,0.0,1.0,0.0,1.0,1.0,-1.0,1.3,2020-01-28T00:00:00,EURUSD,H1,2,SELL,-13.138566961448106,20,"hit_tp=False,hit_sl=True,regime=2"
0.4261134198477671,0.4308814004945907,0.4809523666779885,0.45245112814952293,0.1087783017733602,0.1552262352049925,0.3810487872922959,0.46062621796555586,0.2787227893610705,0.31544699380063834,0.3075009,0.38156122768650724,0.16581239740004416,0.7589524920174568,0.5,0.37897885,0.015046863897889923,0.815739653033575,0.8157396064671252,1.0,0.0,0.0,0.39130434,0.6666667,0.24434827,0.5183891416119816,1.0,0.41666666666666663,1.0,0.0,1.0,0.0,1.0,1.0,-1.0,1.3,2020-11-20T09:00:00,EURUSD,H1,1,BUY,-11.5265159578537,6,"hit_tp=False,hit_sl=True,regime=1"
0.42323796457292284,0.42894178278299877,0.4982012523271222,0.49152786991263997,0.40491188687932433,0.30217256584755253,0.32887588699258324,0.29083904125302174,0.5384849699566043,0.6793757013694606,0.77148485,0.6542662676440133,0.20825440376793605,0.7722037925442061,0.5,0.5247689,0.02851740718462731,0.9362730768766556,0.936273077654365,1.0,0.0,0.0,0.2173913,0.16666667,0.48244432,0.4731655808120728,1.0,0.41666666666666663,1.0,0.0,1.0,0.0,1.0,1.0,1.0,1.95,2020-07-07T05:00:00,EURUSD,H1,1,BUY,14.744542370308531,9,"hit_tp=True,hit_sl=False,regime=1"
0.42437974488749064,0.43503706394729547,0.48384252514112464,0.4775402084534626,0.1885750756832613,0.19897603508862136,0.36333859894813325,0.2751354137799025,0.605706933631578,0.6009295209705608,1.0,0.7352868132377437,0.8186048968258497,0.9627682330463716,0.5,0.6003579,0.05414704379538438,0.8633558281150678,0.863355732152398,1.0,0.0,0.0,0.6086956,0.33333334,0.67052215,0.5214090907404347,0.41666666666666663,1.0,1.0,0.0,1.0,0.0,1.0,1.0,-1.0,1.3,2020-05-06T14:00:00,EURUSD,H1,2,SELL,-10.024657799454497,2,"hit_tp=False,hit_sl=True,regime=2"
0.4163483845734807,0.42361458610954206,0.4876852230215435,0.4700619036164279,0.2778331982366872,0.2632994382861616,0.2877961862363846,0.260068700664073,0.4995904372080718,0.5588158135640635,0.57134396,0.637492822170922,0.05356819602325423,0.7239074414887583,0.5,0.5807805,0.010650339375191145,0.8810283061936909,0.8810282710342533,0.0,1.0,0.0,0.2173913,0.8333333,0.39773297,0.4051915332375314,1.0,0.3333333333333333,0.8000001028571486,0.1999999519999923,0.8000000000000003,0.20000000000000007,0.7999999999999998,0.8000000000000003,1.0,1.95,2020-06-20T05:00:00,EURUSD,H1,3,BUY,6.976130580049755,9,"hit_tp=True,hit_sl=False,regime=3"
0.4122747181618431,0.42210703576868525,0.47768814112431035,0.47639187151541623,0.7782123908146026,0.6895222301488898,0.5900762541301832,0.47304439991380864,0.3430434342452902,0.47791198194901297,0.26545763,0.4630078936064482,0.17844393369999756,0.2565073227852559,0.5,0.17541848,0.0219629385290169,0.9258324982997997,0.9258324992049237,1.0,0.0,0.0,1.0,0.33333334,0.35140175,0.5576226330064006,1.0,0.41666666666666663,1.0,0.0,1.0,0.0,1.0,1.0,-1.0,1.3,2020-01-08T23:00:00,EURUSD,H1,1,BUY,-13.499677633865836,6,"hit_tp=False,hit_sl=True,regime=1"
0.4223971699431729,0.44239556908846256,0.5029736578086106,0.4925745665152227,0.381633175277354,0.4716860295192743,0.6683370477596011,0.4780425116212487,0.4693803360121902,0.6328344345980812,0.81506246,0.8523194609976598,0.5107945305430246,0.8666632649280824,0.5,0.33091357,0.039103677134353955,0.999352711464704,0.9993526138423581,1.0,0.0,0.0,0.26086956,0.33333334,0.60321516,0.4742181183447589,0.41666666666666663,1.0,1.0,0.0,1.0,0.0,1.0,1.0,-1.0,1.3,2020-06-10T06:00:00,EURUSD,H1,2,SELL,-16.52769276641708,15,"hit_tp=False,hit_sl=True,regime=2"
0.4167156728325335,0.4287944855765458,0.49123674588892763,0.475669192331805,0.4419695779441847,0.3920248085941129,0.5281091264579448,0.4860351935184316,0.41536838762705575,0.5073977409063746,0.5158367,0.6606433143768194,0.1329318952280956,0.7486865116794674,0.5,0.4969723,0.014038167466365081,0.9178336155803425,0.9178335311566181,0.0,1.0,0.0,0.65217394,0.16666667,0.4028988,0.46949089692708174,1.0,0.3333333333333333,0.8000001028571486,0.1999999519999923,0.8000000000000003,0.20000000000000007,0.7999999999999998,0.8000000000000003,-1.0,1.3,2020-03-17T15:00:00,EURUSD,H1,3,BUY,-7.1705710099734254,9,"hit_tp=False,hit_sl=True,regime=3"
0.40405995028563674,0.41445434686087496,0.4628994236925731,0.45588194137956345,0.5304534543932027,0.6150604229202211,0.570498958750335,0.42525326024019955,0.3003281198600584,0.31266805742848414,0.0,0.22949856993781176,0.10012835314022585,0.28095912831885106,0.5,0.2935497,0.01932918123078714,0.9988822068985312,0.9988822801348567,1.0,0.0,0.0,0.4347826,0.8333333,0.12549031,0.5675245188030753,1.0,0.41666666666666663,1.0,0.0,1.0,0.0,1.0,1.0,-1.0,1.56,2020-03-28T10:00:00,EURUSD,H1,1,BUY,-12.044710839966832,38,"hit_tp=False,hit_sl=True,regime=1"
0.4215453930313513,0.42880148672393936,0.4859801602070584,0.47491275393845983,0.39992638811758247,0.39135027249737814,0.5032517967359317,0.4183307568680345,0.6591709520946973,0.6902097396117178,0.7630313,0.5786524932770316,0.32193841546771884,0.8076983392749969,0.5,0.73052835,0.023628325493424546,0.8151377991743141,0.8151377648189899,1.0,0.0,0.0,0.6086956,1.0,0.4936244,0.46394633141317915,1.0,0.41666666666666663,1.0,0.0,1.0,0.0,1.0,1.0,-1.0,1.3,2020-07-12T14:00:00,EURUSD,H1,1,BUY,-12.170146152830077,4,"hit_tp=False,hit_sl=True,regime=1"
0.42134916976815023,0.4192156336419571,0.48077815165411053,0.4804144000966238,0.45447926669612826,0.5301594101381674,0.46643295119708095,0.37057042016578845,0.49174220479076175,0.6332216829368241,0.5712874,0.4623436445306612,0.10265466965022667,0.7392332865534592,0.5,0.55631816,0.020107417607039935,0.7562699456305699,0.7562699974201207,1.0,0.0,0.0,0.7826087,0.8333333,0.4207164,0.5084001129733471,1.0,0.41666666666666663,1.0,0.0,1.0,0.0,1.0,1.0,-1.0,1.3,2020-11-28T18:00:00,EURUSD,H1,1,BUY,-11.73335947711962,3,"hit_tp=False,hit_sl=True,regime=1"
0.42301020855733334,0.4269333661915642,0.48822012900915057,0.4727954322134047,0.3992410975332309,0.4294005215407233,0.5104202640835279,0.4246321069363505,0.2920821751344469,0.42855763174439604,0.39611164,0.49887862172520064,0.10164410604618589,0.7389177959012069,0.5,0.115370035,0.020785979729885804,0.8278101197631456,0.8278101218645132,1.0,0.0,0.0,0.6956522,0.5,0.3283479,0.516754621122859,1.0,0.41666666666666663,1.0,0.0,1.0,0.0,1.0,1.0,1.0,1.95,2020-08-13T16:00:00,EURUSD,H1,1,BUY,20.98736664702283,14,"hit_tp=True,hit_sl=False,regime=1"
0.42129719858967996,0.41648630096800854,0.484395886833187,0.46195681378318404,0.1400813966799936,0.42391571626834507,0.6564172830438778,0.49899626285496873,0.6450388407108941,0.5393092148067137,0.6292551,0.3731559735692282,0.13776576550909883,0.7501957260801335,0.5,0.5566008,0.06118624241533868,0.9820233426841549,0.9820233429035382,1.0,0.0,0.0,0.82608694,1.0,0.63440263,0.4145018350622254,0.41666666666666663,1.0,1.0,0.0,1.0,0.0,1.0,1.0,-1.0,1.3,2020-04-05T19:00:00,EURUSD,H1,2,SELL,-14.618200997755793,11,"hit_tp=False,hit_sl=True,regime=2"
0.4126929782285131,0.41680728579030724,0.4693562681081224,0.45065542017711474,0.1589469579499778,0.16790013534570092,0.3313951826288946,0.30528944024776017,0.36653385392759613,0.2968910819050542,0.1037365,0.06846248411280234,0.176928134543987,0.2569805830232597,0.5,0.2543297,0.014246628192441348,0.8487585685643614,0.8487585460025175,1.0,0.0,0.0,0.6956522,1.0,0.13172272,0.6773429889642615,1.0,0.41666666666666663,1.0,0.0,1.0,0.0,1.0,1.0,-1.0,1.3,2020-02-09T16:00:00,EURUSD,H1,1,BUY,-9.185402638818283,3,"hit_tp=False,hit_sl=True,regime=1"
0.41954860723174914,0.43719716776676765,0.4943141446632917,0.4822001528504747,0.33373120726183525,0.23834286452448955,0.4998167529280694,0.47673602216855093,0.6928589717463105,0.6980748819337128,0.84563273,0.756354934089209,0.3685001450864085,0.82223591979717,0.5,0.67131776,0.05801057117223499,0.841066549913909,0.8410666006686209,1.0,0.0,0.0,0.04347826,0.0,0.83297783,0.6039483191168776,0.41666666666666663,1.0,1.0,0.0,1.0,0.0,1.0,1.0,-1.0,1.56,2020-02-24T01:00:00,EURUSD,H1,2,SELL,-14.454667192504989,29,"hit_tp=False,hit_sl=True,regime=2"
0.4079060394568464,0.3547952448027985,0.4122071583133741,0.36466051041278297,0.3430212332592721,0.5767537567856208,0.657012075370757,0.4244469295404129,0.41832639269492383,0.44777226231584893,0.1261112,0.17789166679988738,0.45708883311955006,0.16950843726089468,0.5,0.40235132,0.06218850799652217,0.6609098951049647,0.6609098992431459,0.0,0.0,1.0,0.04347826,0.0,0.18960255,0.5310330082704783,1.0,0.08333333333333331,0.2000000400000022,0.7999999279999885,0.20000000000000018,0.7999999999999999,0.1999999999999999,0.20000000000000018,1.0,1.95,2020-03-16T01:00:00,EURUSD,H1,4,BUY,87.5109328950474,10,"hit_tp=True,hit_sl=False,regime=4"
0.4135357779721531,0.4252986630023732,0.48761225839040534,0.4720793151161984,0.18330287197490072,0.22825294583127823,0.3730336237924285,0.36959501770927394,0.4167218056639155,0.5705055949394874,0.41073436,0.6856279669804307,0.24181103542855617,0.7826808893842062,0.5,0.35574862,0.011551316522573116,0.9350282302129513,0.9350282920247563,0.0,1.0,0.0,0.13043478,0.8333333,0.3540035,0.5701659510381328,1.0,0.3333333333333333,0.8000001028571486,0.1999999519999923,0.8000000000000003,0.20000000000000007,0.7999999999999998,0.8000000000000003,-1.0,1.3,2020-07-04T03:00:00,EURUSD,H1,3,BUY,-4.738326813265026,4,"hit_tp=False,hit_sl=True,regime=3"
0.4141304404467723,0.4210542472283459,0.47372887891706633,0.457864784547565,0.09025509297803963,0.319595899787084,0.504224371263072,0.5051695918190544,0.1901885307834761,0.2836798939629222,0.1497415,0.034880315584687224,0.27329418482389695,0.2268930649228355,0.5,0.28067642,0.011342983997715939,0.9105967613435576,0.910596811249738,0.0,1.0,0.0,0.5217391,0.6666667,0.21400599,0.5546071175346889,1.0,0.3333333333333333,0.8000001028571486,0.1999999519999923,0.8000000000000003,0.20000000000000007,0.7999999999999998,0.8000000000000003,1.0,1.95,2020-07-17T12:00:00,EURUSD,H1,3,BUY,11.291203287149276,9,"hit_tp=True,hit_sl=False,regime=3"
0.42563836893047713,0.4192517318236831,0.41769290560165384,0.42183373458450873,0.3432274743936881,0.40110260768784395,0.4193006093068555,0.3525257668690746,0.4415037824674187,0.4644237726696776,0.2939322,0.19756620144823764,0.31818087636260733,0.2128784809140112,0.5,0.42217574,0.04558325779856101,0.7669698179387499,0.7669697841712572,0.0,0.0,1.0,0.08695652,0.8333333,0.34725177,0.6846221100026084,1.0,0.08333333333333331,0.2000000400000022,0.7999999279999885,0.20000000000000018,0.7999999999999999,0.1999999999999999,0.20000000000000018,-1.0,1.3,2020-06-13T02:00:00,EURUSD,H1,4,BUY,-37.450830045331344,6,"hit_tp=False,hit_sl=True,regime=4"
0.41556788793820626,0.41805196693764585,0.4781825431724265,0.4609125002669175,0.2954946694951049,0.27398408311844313,0.6556765181309809,0.4316880998390822,0.3659935481771698,0.4513224272442315,0.1797182,0.2851640077453787,0.2588644465594078,0.7880052995498258,0.5,0.5400433,0.01004812881658494,0.9663448525593505,0.9663449017851936,0.0,1.0,0.0,0.82608694,0.0,0.173319,0.5625734972938029,1.0,0.3333333333333333,0.8000001028571486,0.1999999519999923,0.8000000000000003,0.20000000000000007,0.7999999999999998,0.8000000000000003,1.0,2.0,2020-07-13T19:00:00,EURUSD,H1,3,BUY,11.235436396772602,42,"hit_tp=True,hit_sl=False,regime=3"
0.40668123790435584,0.41993669158557323,0.48509179045931394,0.48154938677015086,0.29527090811287643,0.26448441111213283,0.38812092008690335,0.3133230679235108,0.6553410051218712,0.5911247967426829,0.7031248,0.5680032481990781,0.4243308935815012,0.1797361717218277,0.5,0.70505184,0.07243819315280753,0.8111141516153063,0.8111140318826212,1.0,0.0,0.0,0.7826087,0.0,0.7142194,0.5825743202978865,0.41666666666666663,1.0,1.0,0.0,1.0,0.0,1.0,1.0,-1.0,1.3,2020-01-27T18:00:00,EURUSD,H1,2,SELL,-10.528361027728472,5,"hit_tp=False,hit_sl=True,regime=2"
0.41845418304140947,0.4229022068004457,0.4854258529162733,0.4997342268884573,0.08849179472257683,0.22606400790150122,0.3932142418870541,0.3492801284915387,0.6025128446105362,0.5913468367457847,0.6953839,0.5541549208234993,0.38282836448998814,0.19269415027306114,0.5,0.567334,0.0706555494265363,0.8517359371775723,0.8517360244134191,1.0,0.0,0.0,0.08695652,0.16666667,0.80474925,0.5210483713627533,0.41666666666666663,1.0,1.0,0.0,1.0,0.0,1.0,1.0,1.0,1.95,2020-06-02T02:00:00,EURUSD,H1,2,SELL,17.500576657467626,9,"hit_tp=True,hit_sl=False,regime=2"
0.41006862399625715,0.41488497333745894,0.46530707737756904,0.4571952316723655,0.35931597877956367,0.6129725881186315,0.5709822125785533,0.47639398333770494,0.2961049922150559,0.36953379985924495,0.23106496,0.33416090740278115,0.4982748268652483,0.8627543461436593,0.5,0.3330289,0.019492855380709113,0.8191955685045262,0.8191954974883399,1.0,0.0,0.0,0.08695652,0.6666667,0.15596992,0.6028904884478925,1.0,0.41666666666666663,1.0,0.0,1.0,0.0,1.0,1.0,1.0,2.0,2020-06-26T02:00:00,EURUSD,H1,1,BUY,22.349301778556985,23,"hit_tp=True,hit_sl=False,regime=1"
0.4155384491916744,0.42233323918914734,0.4852950926955536,0.4785936168915046,0.31463328309520217,0.4444319226581573,0.44991992190282803,0.48403205651446324,0.6307812315843117,0.8364011419873009,0.7478282,0.6690622210603092,0.11981394714673728,0.7445907706750433,0.5,0.47419345,0.023202711305638175,0.915259337847992,0.9152592656594642,0.0,1.0,0.0,0.39130434,1.0,0.55975837,0.6123288003193574,1.0,0.3333333333333333,0.8000001028571486,0.1999999519999923,0.8000000000000003,0.20000000000000007,0.7999999999999998,0.8000000000000003,1.0,2.0,2020-03-08T09:00:00,EURUSD,H1,3,BUY,11.745896704760115,64,"hit_tp=True,hit_sl=False,regime=3"
0.41355901856613686,0.42717699541189524,0.4899061922882299,0.4829303931553672,0.13774803153122414,0.24362882312961967,0.27545098680869273,0.2914447631072093,0.7663417479516453,0.6393759637803734,0.83210796,0.6647604861083227,0.02165746491078049,0.7139442443801913,0.5,0.8577406,0.05727509810280675,0.9532580549621433,0.953258055532572,1.0,0.0,0.0,0.8695652,0.6666667,0.8033811,0.5229274347488885,0.41666666666666663,1.0,1.0,0.0,1.0,0.0,1.0,1.0,-1.0,1.3,2020-05-22T20:00:00,EURUSD,H1,2,SELL,-10.57768646329782,9,"hit_tp=False,hit_sl=True,regime=2"
0.424217478107654,0.4275991423818906,0.49220499549827995,0.48431998350138744,0.3426847859377709,0.23936577266370143,0.3823921946950731,0.33276970587694404,0.859372165250778,0.6364908855582516,0.78745407,0.48199232450496154,0.24448655460156093,0.7835162291522166,0.5,0.7853089,0.044288192182636146,0.8718793025573426,0.8718793407322415,1.0,0.0,0.0,0.6956522,0.0,0.7720543,0.39470590359947316,0.41666666666666663,1.0,1.0,0.0,1.0,0.0,1.0,1.0,-1.0,1.3,2020-02-10T16:00:00,EURUSD,H1,2,SELL,-10.14651371721964,4,"hit_tp=False,hit_sl=True,regime=2"
0.4071458520693243,0.42472607894509923,0.4841203865708839,0.46510844543637464,0.3522325157473903,0.505768635349092,0.6339502636101282,0.4535352570982515,0.43749060021676944,0.463344860109151,0.40361592,0.4059928600709935,0.19589814776872644,0.25105775316891643,0.5,0.62103504,0.0116250908958193,0.9984960060503416,0.9984960060686962,0.0,1.0,0.0,0.26086956,0.0,0.38874495,0.5861796588566318,1.0,0.3333333333333333,0.8000001028571486,0.1999999519999923,0.8000000000000003,0.20000000000000007,0.7999999999999998,0.8000000000000003,-1.0,1.3,2020-05-11T06:00:00,EURUSD,H1,3,BUY,-7.220281346531632,3,"hit_tp=False,hit_sl=True,regime=3"
0.39165993516232006,0.46134596605631134,0.500664676978041,0.5009626187481229,0.16468405826185156,0.21020357690564803,0.27317230694137334,0.2754660513163869,0.7185083690250345,0.5523209031703012,0.73512614,0.7076408028128043,0.2935517994553408,0.7988354894614512,0.5,0.62932956,0.42073173097978994,0.42881372940964363,0.428813687565153,0.0,0.0,1.0,0.5217391,0.8333333,0.7353633,0.5512026875632281,0.08333333333333331,1.0,0.2000000400000022,0.7999999279999885,0.20000000000000018,0.7999999999999999,0.1999999999999999,0.20000000000000018,-1.0,1.3,2020-03-07T12:00:00,EURUSD,H1,4,SELL,-29.65649833789996,1,"hit_tp=False,hit_sl=True,regime=4"
0.4112837508034262,0.5119808263211667,0.6002177765977896,0.6025409336693617,0.5255769813518314,0.5761684311870184,0.7733320770621271,0.5730807349849654,0.7674551525760788,0.8067466903003099,0.94051313,0.8095556881161806,0.12147663646322529,0.7451099151064444,0.5,0.8107497,0.22834630591074606,0.6827519779613386,0.6827519818329639,0.0,0.0,1.0,0.3043478,0.0,0.8810312,0.5689028724582439,0.08333333333333331,1.0,0.2000000400000022,0.7999999279999885,0.20000000000000018,0.7999999999999999,0.1999999999999999,0.20000000000000018,-1.0,1.3,2020-06-01T07:00:00,EURUSD,H1,4,SELL,-62.00859933797042,12,"hit_tp=False,hit_sl=True,regime=4"
0.40636874051518124,0.4168225421437664,0.48093982699653376,0.46460313020353877,0.15396865761874381,0.2547010825290167,0.36597568379837575,0.4569723053795494,0.33593880861438713,0.3554346922077392,0.12343569,0.41191942283417277,0.29034750345464755,0.22156864199203224,0.5,0.36867276,0.01059929519358615,0.9663832212462844,0.9663832216565363,0.0,1.0,0.0,0.47826087,0.0,0.2296901,0.5180480015978773,1.0,0.3333333333333333,0.8000001028571486,0.1999999519999923,0.8000000000000003,0.20000000000000007,0.7999999999999998,0.8000000000000003,-1.0,1.3,2020-01-13T11:00:00,EURUSD,H1,3,BUY,-6.4193258917133456,5,"hit_tp=False,hit_sl=True,regime=3"
0.47125321954595223,0.47619554382445317,0.47663830600173296,0.4947794260267134,0.33073742881652035,0.36311918765450363,0.30940375070492904,0.3691353253112518,0.27183139558135,0.42196179407649664,0.30535066,0.40244537361529015,0.3907545593993561,0.19021942819623944,0.5,0.34388953,0.03511398820825976,0.4988209378168673,0.4988208951180239,0.0,0.0,1.0,0.3478261,1.0,0.36256412,0.5332800232403273,1.0,0.08333333333333331,0.2000000400000022,0.7999999279999885,0.20000000000000018,0.7999999999999999,0.1999999999999999,0.20000000000000018,1.0,1.95,2020-02-02T08:00:00,EURUSD,H1,4,BUY,76.50841127966545,9,"hit_tp=True,hit_sl=False,regime=4"
0.36451202239950115,0.36920027656548293,0.4835993336790204,0.4052947970186568,0.4263232524031686,0.42495947594195066,0.5983788586101993,0.3493516525116201,0.332772919842475,0.42036738344816266,0.106984265,0.33118741702573007,0.31818087636260733,0.2128784809140112,0.5,0.42296565,0.04163003576698516,0.5760799256848325,0.5760799552658215,0.0,0.0,1.0,0.3478261,0.0,0.24111086,0.6335362906962784,1.0,0.08333333333333331,0.2000000400000022,0.7999999279999885,0.20000000000000018,0.7999999999999999,0.1999999999999999,0.20000000000000018,-1.0,1.3,2020-04-20T08:00:00,EURUSD,H1,4,BUY,-41.76736390029801,8,"hit_tp=False,hit_sl=True,regime=4"
0.4137984655037573,0.42505556090459523,0.4753710067012273,0.4733254650849213,0.13530462800152135,0.20281849023219178,0.3327126495633002,0.3537440423648727,0.876161509664229,0.7154788291465377,0.7130582,0.5431660250530249,0.12983032058962524,0.747718090537823,0.5,0.6813476,0.45483528799768635,0.7494205492314003,0.7494206255121013,0.0,0.0,1.0,0.4347826,0.0,0.68464553,0.5477246253491924,0.0,1.0,0.0,1.0,0.0,1.0,0.0,0.0,-1.0,1.56,2020-04-20T10:00:00,EURUSD,H1,5,SELL,-97.26386788392772,22,"hit_tp=False,hit_sl=True,regime=5"
0.3531944802584785,0.415951653409918,0.45503974708822975,0.4526618163126243,0.5614044240407033,0.4322626864315658,0.47560150035550947,0.3128633455615087,0.6444466763047212,0.5109571815318564,0.6122713,0.5380165529697147,0.37052238229570267,0.8228673054287646,0.5,0.5910569,0.5365356380909614,0.9256214949292253,0.9256216178747313,0.0,0.0,1.0,0.8695652,0.0,0.6359654,0.534076855123212,0.0,1.0,0.0,1.0,0.0,1.0,0.0,0.0,-1.0,1.3,2020-01-13T20:00:00,EURUSD,H1,5,SELL,-95.24167570751808,3,"hit_tp=False,hit_sl=True,regime=5"
0.4241650545041217,0.4363600436076784,0.4849743546925322,0.46836285653504467,0.2934068196295734,0.41763514578172034,0.4693811010543026,0.4632398860424898,0.43665261496358637,0.5547616610831856,0.42475578,0.6294937065407488,0.2865700768278089,0.7966555888360393,0.5,0.31997046,0.026887491534099674,0.8177673600338308,0.8177672890350741,1.0,0.0,0.0,0.8695652,0.16666667,0.32932976,0.5675263006509383,1.0,0.41666666666666663,1.0,0.0,1.0,0.0,1.0,1.0,-1.0,1.56,2020-02-04T20:00:00,EURUSD,H1,1,BUY,-12.631584822608843,73,"hit_tp=False,hit_sl=True,regime=1"
0.40584877685220627,0.4067757465901668,0.46937854849881283,0.461042792692975,0.1240554576358883,0.1281052343187234,0.1664071853810477,0.3864491571375905,0.17644573185092263,0.2905484755740257,0.096551225,0.13422932988568642,0.3648856573875807,0.1982962499736754,0.5,0.1876691,0.019147561220124495,0.949059380778452,0.949059320381217,1.0,0.0,0.0,0.2173913,0.16666667,0.17969768,0.4713908917848785,1.0,0.41666666666666663,1.0,0.0,1.0,0.0,1.0,1.0,1.0,1.95,2020-01-14T05:00:00,EURUSD,H1,1,BUY,16.314371992403043,13,"hit_tp=True,hit_sl=False,regime=1"
0.44868492460219517,0.40179861267351497,0.40612614843895567,0.37197220723617475,0.2197016382322358,0.2069824249325046,0.3729704547992854,0.39825641848113863,0.2596619317207622,0.420819393454477,0.1890127,0.22309492808717157,0.1520166548281954,0.26475848462781326,0.5,0.19196111,0.04875573209594903,0.567909384584201,0.5679093776535596,0.0,0.0,1.0,1.0,1.0,0.19773562,0.5065536678845631,1.0,0.08333333333333331,0.2000000400000022,0.7999999279999885,0.20000000000000018,0.7999999999999999,0.1999999999999999,0.20000000000000018,-1.0,1.3,2020-05-10T23:00:00,EURUSD,H1,4,BUY,-40.27872909946994,14,"hit_tp=False,hit_sl=True,regime=4"
0.3372242136477171,0.1810478562959116,0.308120856928069,0.2538337311239213,0.33404413157652424,0.29414538756015124,0.3495198669333026,0.39841603660220004,0.17449535240568548,0.24137029152338504,0.092902884,0.02958465555504048,0.1494313232537206,0.2655656774542559,0.5,0.22731373,0.0,0.12828410118647718,0.12828411670621911,0.0,0.0,1.0,0.95652175,1.0,0.15697366,0.28638513945590377,1.0,0.0,0.0,1.0,0.0,1.0,0.0,0.0,1.0,1.7999999999999998,2020-01-05T22:00:00,EURUSD,H1,5,BUY,183.2989772320959,84,"hit_tp=True,hit_sl=False,regime=5"
0.3962011375622828,0.3464049474622551,0.42506122826185805,0.4381991839908718,0.4163337219713095,0.4187879895792801,0.49268220490304265,0.5354908322768847,0.3881821737314462,0.44788707910533165,0.053354107,0.2479080513095125,0.45840242705465156,0.1690983225173719,0.5,0.42163104,0.07724286993327992,0.9411130231316929,0.9411130970730209,0.0,0.0,1.0,0.95652175,0.5,0.2741937,0.49358384884462997,1.0,0.08333333333333331,0.2000000400000022,0.7999999279999885,0.20000000000000018,0.7999999999999999,0.1999999999999999,0.20000000000000018,-1.0,1.3,2020-02-06T22:00:00,EURUSD,H1,4,BUY,-47.1862157487668,7,"hit_tp=False,hit_sl=True,regime=4"
0.4089245383671321,0.41651722766774046,0.4775383295463966,0.48342635562645037,0.5336496307430864,0.47570324638832334,0.37081495079170357,0.3650078320225278,0.5736992528202532,0.5423448669097268,0.6831799,0.5204848727755848,0.46336306872415256,0.16754950139018626,0.5,0.4118386,0.09454578885559507,0.7582715121322848,0.7582715150822864,1.0,0.0,0.0,0.0,0.8333333,0.6993032,0.6380001654812592,0.41666666666666663,1.0,1.0,0.0,1.0,0.0,1.0,1.0,-1.0,1.3,2020-05-30T00:00:00,EURUSD,H1,2,SELL,-10.668096703487784,5,"hit_tp=False,hit_sl=True,regime=2"
0.4074727144852345,0.41916305606491144,0.48540144872574315,0.48210587622551165,0.281473249332855,0.2125983645898675,0.46270943687949584,0.38134659099613116,0.6533010544184501,0.6380648704287245,0.70448303,0.7945597743059184,0.39172174045600144,0.8294861976536344,0.5,0.727836,0.043396154240619135,0.8009071534035631,0.8009071558332485,1.0,0.0,0.0,0.5652174,0.0,0.6401176,0.32773208060065123,0.41666666666666663,1.0,1.0,0.0,1.0,0.0,1.0,1.0,-1.0,1.3,2020-05-25T13:00:00,EURUSD,H1,2,SELL,-12.060017435449044,8,"hit_tp=False,hit_sl=True,regime=2"
0.415958102500969,0.42685625513267017,0.48997059128407255,0.478708460809772,0.37070844671522263,0.27061165499827206,0.3286567810379037,0.3513580855533802,0.38521676903251806,0.5140979662120959,0.5954977,0.6505516133252199,0.7750564042491216,0.0702321584924302,0.5,0.42480087,0.013593075009031834,0.9892509586588503,0.9892509099749067,0.0,1.0,0.0,0.08695652,0.5,0.45288587,0.4562813774237402,1.0,0.3333333333333333,0.8000001028571486,0.1999999519999923,0.8000000000000003,0.20000000000000007,0.7999999999999998,0.8000000000000003,-1.0,1.3,2020-06-04T02:00:00,EURUSD,H1,3,BUY,-4.508116183712385,3,"hit_tp=False,hit_sl=True,regime=3"
0.41266020378527557,0.44134600752089115,0.5054853124617804,0.5559211063151827,0.5371861098450482,0.6327414988593959,0.538948491808116,0.48132410677469484,0.8957408007661888,0.8623985659868407,0.7974506,0.6359280108785027,0.6491956792462795,0.909875029543314,0.5,0.8268085,0.2663964277365532,0.9561387574273887,0.9561388800004686,0.0,0.0,1.0,0.6956522,0.0,0.7521415,0.5019347723354997,0.08333333333333331,1.0,0.2000000400000022,0.7999999279999885,0.20000000000000018,0.7999999999999999,0.1999999999999999,0.20000000000000018,-1.0,1.3,2020-01-13T16:00:00,EURUSD,H1,4,SELL,-50.92596351796486,3,"hit_tp=False,hit_sl=True,regime=4"
0.519060494399346,0.42071935348818823,0.42213029513506134,0.36344711574263544,0.2676217975356991,0.31424524148900146,0.3646659383357746,0.3410913623097255,0.44586524749088813,0.46365023720432613,0.2314341,0.2270265020055067,0.0843053783536259,0.2858993878938393,0.5,0.5285347,0.0854723741387419,0.5404277515489374,0.5404277083423337,0.0,0.0,1.0,0.0,0.5,0.31531614,0.21178690474725567,1.0,0.0,0.0,1.0,0.0,1.0,0.0,0.0,1.0,1.95,2020-04-02T00:00:00,EURUSD,H1,5,BUY,164.57514174446075,11,"hit_tp=True,hit_sl=False,regime=5"
0.47963741706779567,0.4780502740727107,0.567534581848278,0.5377159916115886,0.4190299246198659,0.4495293026360471,0.4773035517391466,0.5915962572442136,0.5958576062287032,0.53748699690247,1.0,0.8794945897481803,0.12607407648592853,0.746545334037078,0.5,0.4216508,0.2757229047300937,0.7460047841993842,0.7460047384839633,0.0,0.0,1.0,0.0,0.6666667,0.6144241,0.5300577610092151,0.08333333333333331,1.0,0.2000000400000022,0.7999999279999885,0.20000000000000018,0.7999999999999999,0.1999999999999999,0.20000000000000018,-1.0,1.3,2020-01-03T00:00:00,EURUSD,H1,4,SELL,-63.43391676278731,7,"hit_tp=False,hit_sl=True,regime=4"
0.41787305667859403,0.4210364257845563,0.48740131556757343,0.48160910287588315,0.5179785743230203,0.4793061927953059,0.4926931252703089,0.4114839724731404,0.7472693264741079,0.6014203399168114,0.69864476,0.5224675783680655,0.16494002894698165,0.26072353477898597,0.5,0.8176052,0.06887499618861241,0.7629652815005241,0.7629652355781213,1.0,0.0,0.0,0.7826087,0.0,0.74529094,0.4729625025629785,0.41666666666666663,1.0,1.0,0.0,1.0,0.0,1.0,1.0,-1.0,1.56,2020-08-17T18:00:00,EURUSD,H1,2,SELL,-13.381271069199396,31,"hit_tp=False,hit_sl=True,regime=2"
0.40253018184938627,0.3924657862528331,0.4667263063971272,0.4714864854821084,0.4799690311318821,0.3674562752629667,0.3963092651686705,0.37706201154264946,0.48215703911353824,0.4663765231818055,0.3200074,0.3368497225025137,0.28202263310972664,0.22416783830067838,0.5,0.50296676,0.014871340259433069,0.9466008314997254,0.9466008931703006,1.0,0.0,0.0,0.2173913,0.0,0.35075304,0.5003766931197006,1.0,0.41666666666666663,1.0,0.0,1.0,0.0,1.0,1.0,1.0,2.0,2020-10-26T05:00:00,EURUSD,H1,1,BUY,19.765611884476897,24,"hit_tp=True,hit_sl=False,regime=1"
0.4012666636150986,0.4035009230439925,0.4750120444706591,0.47319639317133305,0.5101314310183372,0.4621332980865641,0.5166585146921684,0.4101727786755944,0.6314357468127552,0.4829857882623167,0.5370798,0.38331674889712447,0.2830246404544197,0.22385500176696713,0.5,0.7009246,0.09560525296987941,0.9070470964282596,0.9070472196004433,1.0,0.0,0.0,0.0,0.5,0.6439612,0.5076056603814324,0.41666666666666663,1.0,1.0,0.0,1.0,0.0,1.0,1.0,-1.0,1.3,2020-02-13T00:00:00,EURUSD,H1,2,SELL,-12.585041342401126,16,"hit_tp=False,hit_sl=True,regime=2"
0.41730976694374344,0.42492943348838147,0.47614277355363194,0.4666840089284728,0.46904413175953524,0.4128620844499761,0.502188384608349,0.48691692857369995,0.21859907232470666,0.4725571172075404,0.32898965,0.6041091635784015,0.2921278991497298,0.7983908625127434,0.5,0.21192716,0.022118985976865572,0.7763210748348165,0.7763210531569839,1.0,0.0,0.0,0.17391305,0.8333333,0.29742157,0.5515812359009977,1.0,0.41666666666666663,1.0,0.0,1.0,0.0,1.0,1.0,-1.0,1.3,2020-04-25T04:00:00,EURUSD,H1,1,BUY,-13.2921373138295,17,"hit_tp=False,hit_sl=True,regime=1"
0.4189646420609739,0.42044823357787964,0.4896785570419622,0.470886365491484,0.5210360039750466,0.5598870420962827,0.572370257442143,0.4168830771419293,0.6279715151228878,0.6069455314485422,0.7793061,0.6218292816440495,0.19606696045315428,0.7683985952105793,0.5,0.5309438,0.03158881272273518,0.9823257523731563,0.982325752588849,1.0,0.0,0.0,0.82608694,0.33333334,0.6075145,0.5258746635216144,0.41666666666666663,1.0,1.0,0.0,1.0,0.0,1.0,1.0,-1.0,1.3,2020-01-01T19:00:00,EURUSD,H1,2,SELL,-13.22156981258038,13,"hit_tp=False,hit_sl=True,regime=2"
0.4129985830386907,0.42337006174402436,0.4798090992537796,0.46703558061912187,0.15612048811068782,0.1936561493651244,0.4571536173027153,0.37770857430147503,0.5117200859503626,0.44713738170091927,0.45552957,0.49394614024289074,0.8591193398378786,0.9754177215801116,0.5,0.5857886,0.054480343865698715,0.9337782579612981,0.933778136731647,1.0,0.0,0.0,0.04347826,0.33333334,0.41735917,0.5627298492030538,0.41666666666666663,1.0,1.0,0.0,1.0,0.0,1.0,1.0,-1.0,1.56,2020-02-19T01:00:00,EURUSD,H1,2,SELL,-13.272927387677491,33,"hit_tp=False,hit_sl=True,regime=2"
0.41233912147124385,0.4217316920411939,0.4796180141530366,0.46289851223187223,0.615756075984729,0.6337995170708924,0.575509274728588,0.5008483814001141,0.2908294329055551,0.34377240149936605,0.25795662,0.4945444898218937,0.21623101123237976,0.7746942452552706,0.5,0.21542454,0.015297721113608918,0.9832788676560866,0.9832787702299024,0.0,1.0,0.0,0.9130435,0.5,0.19286807,0.5832119073891072,1.0,0.3333333333333333,0.8000001028571486,0.1999999519999923,0.8000000000000003,0.20000000000000007,0.7999999999999998,0.8000000000000003,-1.0,1.3,2020-03-12T21:00:00,EURUSD,H1,3,BUY,-8.016180848910981,10,"hit_tp=False,hit_sl=True,regime=3"
0.4229574459890147,0.43576949575577373,0.47955787020253277,0.4585539054714601,0.28348860246266117,0.41522903328532634,0.44104526666884214,0.372494152622955,0.37524700625514784,0.260320925182059,0.3250723,0.3488703708992561,0.4037907836414311,0.8332544106107258,0.5,0.3717197,0.021695100542094812,0.8743523987428201,0.8743523148497313,1.0,0.0,0.0,0.26086956,0.5,0.24323076,0.396457931714433,1.0,0.41666666666666663,1.0,0.0,1.0,0.0,1.0,1.0,-1.0,1.56,2020-02-27T06:00:00,EURUSD,H1,1,BUY,-11.291051200592594,23,"hit_tp=False,hit_sl=True,regime=1"
0.41765419888690697,0.42465076049467704,0.4816282118470534,0.4643402178442384,0.6055545578747773,0.7601308567851318,0.7586201729885452,0.4822509226377606,0.42734314423008035,0.49439624139141425,0.30160922,0.5018323838397852,0.3611845433441136,0.819951818304555,0.5,0.49855664,0.012454352050249334,0.8848882644404074,0.8848883268641092,0.0,1.0,0.0,0.8695652,0.8333333,0.28850198,0.48730595860197223,1.0,0.3333333333333333,0.8000001028571486,0.1999999519999923,0.8000000000000003,0.20000000000000007,0.7999999999999998,0.8000000000000003,-1.0,1.56,2020-07-25T20:00:00,EURUSD,H1,3,BUY,-7.723327479849384,34,"hit_tp=False,hit_sl=True,regime=3"
0.4105043859742284,0.41919541182343234,0.4842032245929052,0.4696961313267747,0.22646873634395207,0.15476023022491425,0.23562749597725108,0.35336652618179526,0.1784063074774412,0.25907151761915065,0.22140794,0.22055567248875957,0.06471843570489103,0.29201484957085705,0.5,0.27628753,0.01251206847007668,0.9594415154489064,0.9594414671287507,0.0,1.0,0.0,0.73913044,1.0,0.26102498,0.4980460780407019,1.0,0.3333333333333333,0.8000001028571486,0.1999999519999923,0.8000000000000003,0.20000000000000007,0.7999999999999998,0.8000000000000003,-1.0,1.3,2020-03-15T17:00:00,EURUSD,H1,3,BUY,-4.588338701387862,5,"hit_tp=False,hit_sl=True,regime=3"
0.42548645677259084,0.4225924897361289,0.47684781047211416,0.4625317307353131,0.5059979458119477,0.36258452402902747,0.4848086201040468,0.3819840746690394,0.4582662942876876,0.49309281370653907,0.28356427,0.39688157759098697,0.04353901131636991,0.7207761014594833,0.5,0.33901232,0.02491669923670611,0.932289518737679,0.9322895195640031,1.0,0.0,0.0,0.8695652,0.6666667,0.3248768,0.4964396897848989,1.0,0.41666666666666663,1.0,0.0,1.0,0.0,1.0,1.0,-1.0,1.3,2020-11-20T20:00:00,EURUSD,H1,1,BUY,-11.014595948328765,6,"hit_tp=False,hit_sl=True,regime=1"
0.42236960015820013,0.434796866492313,0.4882301245088452,0.4918244881309521,0.1541493260237623,0.16089127533630984,0.5132423149524004,0.381359475507499,0.5924031114326721,0.5993140838267818,0.93901044,0.8882722160873975,0.46286897943436,0.8516999279801035,0.5,0.6349762,0.04106834118248184,0.8209734885187255,0.82097356392621,1.0,0.0,0.0,0.47826087,0.8333333,0.62899816,0.4634370059237218,0.41666666666666663,1.0,1.0,0.0,1.0,0.0,1.0,1.0,-1.0,1.3,2020-03-21T11:00:00,EURUSD,H1,2,SELL,-13.496439272959735,9,"hit_tp=False,hit_sl=True,regime=2"
0.413759452426903,0.4113031076788451,0.42250485646846336,0.3900086668051688,0.10893122571909912,0.4618130014837396,0.5326386705096309,0.3849873044489806,0.275433291028098,0.1538821327557474,0.21710476,0.17673276070406657,0.2295161994964479,0.7788421502304105,0.5,0.24223368,0.06678297866639317,0.7748374001802425,0.7748373175016128,0.0,0.0,1.0,0.95652175,0.33333334,0.1798025,0.6818630129198434,1.0,0.08333333333333331,0.2000000400000022,0.7999999279999885,0.20000000000000018,0.7999999999999999,0.1999999999999999,0.20000000000000018,-1.0,1.3,2020-01-15T22:00:00,EURUSD,H1,4,BUY,-47.28560620389955,4,"hit_tp=False,hit_sl=True,regime=4"
0.4524637376710631,0.45137036028899963,0.5288608136905302,0.5808978643417497,0.1741236408036372,0.11748211886289422,0.3536176520199233,0.30348818555853774,0.821981574344449,0.9165203361368448,0.78427994,0.8787045159444258,0.29847756858674374,0.800373376428902,0.5,0.9366771,0.2136300071238299,0.7767059576746763,0.7767059603997081,0.0,0.0,1.0,0.8695652,1.0,0.8361867,0.44600081751179954,0.08333333333333331,1.0,0.2000000400000022,0.7999999279999885,0.20000000000000018,0.7999999999999999,0.1999999999999999,0.20000000000000018,1.0,1.95,2020-02-02T20:00:00,EURUSD,H1,4,SELL,60.06698637585739,8,"hit_tp=True,hit_sl=False,regime=4"
0.41820501684168226,0.417108618687185,0.47761206480326535,0.4685104178165091,0.2597939069824422,0.39816099561187185,0.3714529833606878,0.44950011279565694,0.5770485809977419,0.6204010114546931,0.454597,0.13819867658007562,0.2398433270288348,0.23733712419630892,0.5,0.584218,0.01329118700931272,0.9523009734504428,0.952301035051455,0.0,1.0,0.0,0.04347826,0.0,0.54750687,0.44880613782442286,1.0,0.3333333333333333,0.8000001028571486,0.1999999519999923,0.8000000000000003,0.20000000000000007,0.7999999999999998,0.8000000000000003,1.0,1.95,2020-01-20T01:00:00,EURUSD,H1,3,BUY,9.314775169950718,14,"hit_tp=True,hit_sl=False,regime=3"
0.4084893537798309,0.4124137730185146,0.47215088268066835,0.4642976992848395,0.555445734076483,0.5364957845042816,0.6190499740089744,0.4608347822478251,0.4448279518993031,0.43794170551185235,0.021940645,0.37191007040030966,0.25675960675987036,0.23205551667405064,0.5,0.34349677,0.016408322730746026,0.8389829495974455,0.8389828295246554,1.0,0.0,0.0,0.65217394,0.6666667,0.20907713,0.5486254018512393,1.0,0.41666666666666663,1.0,0.0,1.0,0.0,1.0,1.0,1.0,2.0,2020-05-22T15:00:00,EURUSD,H1,1,BUY,21.107261851069925,23,"hit_tp=True,hit_sl=False,regime=1"
0.41112546681557754,0.42102722864689224,0.554435907102654,0.5027721441643479,0.1971427574803253,0.2870725691755962,0.3666739806163481,0.36459425418961056,0.7486560377475442,0.7414453261456454,0.7641097,0.7916859902630811,0.0387229473048199,0.7192724494443558,0.5,0.72588825,0.20265923977370057,0.8641722244413441,0.8641721650800533,0.0,0.0,1.0,0.9130435,1.0,0.75509405,0.6337160267383671,0.08333333333333331,1.0,0.2000000400000022,0.7999999279999885,0.20000000000000018,0.7999999999999999,0.1999999999999999,0.20000000000000018,-1.0,1.3,2020-01-26T21:00:00,EURUSD,H1,4,SELL,-43.844309551250845,7,"hit_tp=False,hit_sl=True,regime=4"
0.40980534146197445,0.4153557688706854,0.4584137579938272,0.4535782100025211,0.31925748164909606,0.3449734947345144,0.5848110744290133,0.4308997625092406,0.28902020780178145,0.3880445588148044,0.06743988,0.23174406207218548,0.2966752966177616,0.7998106686416004,0.5,0.3949899,0.013488167373967807,0.9008614880760701,0.9008615136934963,1.0,0.0,0.0,0.3478261,0.6666667,0.124251455,0.3266496080238664,1.0,0.41666666666666663,1.0,0.0,1.0,0.0,1.0,1.0,1.0,2.0,2020-07-31T08:00:00,EURUSD,H1,1,BUY,23.694191159073785,24,"hit_tp=True,hit_sl=False,regime=1"
0.4183908952182141,0.4154029514814462,0.46635097816082416,0.4552787295376221,0.2998343226315325,0.32621604113903635,0.5444939609357873,0.4097197232991256,0.24591372340274403,0.3010940059940708,0.06881314,0.10247484033640787,0.08749677059022185,0.2849029671012101,0.5,0.35050192,0.015918446700169918,0.9340367828544298,0.9340367104367464,1.0,0.0,0.0,0.6956522,0.16666667,0.20373768,0.556107318139314,1.0,0.41666666666666663,1.0,0.0,1.0,0.0,1.0,1.0,-1.0,1.3,2020-04-21T16:00:00,EURUSD,H1,1,BUY,-12.14657324527746,16,"hit_tp=False,hit_sl=True,regime=1"
0.36906243260530425,0.40019481332956297,0.4974143786788723,0.5342557791186768,0.5159624769487039,0.5932496233080407,0.6800677467228557,0.6557030836268836,0.6280340496601363,0.7229014534320477,0.7406043,0.5885913383310117,0.4107861962839194,0.8354385277900767,0.5,0.5077343,0.27182476764395264,0.9666857163617517,0.9666857045645313,0.0,0.0,1.0,0.04347826,0.5,0.7428234,0.5239320510555174,0.08333333333333331,1.0,0.2000000400000022,0.7999999279999885,0.20000000000000018,0.7999999999999999,0.1999999999999999,0.20000000000000018,1.0,2.0,2020-03-19T01:00:00,EURUSD,H1,4,SELL,108.3805387525838,40,"hit_tp=True,hit_sl=False,regime=4"
0.41362979653758186,0.4148306421678257,0.4822296237286965,0.47219481594308865,0.4026748098891453,0.42847745471218646,0.45019671828256086,0.2986890946057607,0.5163719941477313,0.5583850944065313,0.33527008,0.29705866912510503,0.11981394714673728,0.2748128690473854,0.5,0.5471457,0.0096218424386228,0.9370688122019843,0.9370687641548602,0.0,1.0,0.0,0.6956522,1.0,0.4872504,0.5546154922196452,1.0,0.3333333333333333,0.8000001028571486,0.1999999519999923,0.8000000000000003,0.20000000000000007,0.7999999999999998,0.8000000000000003,-1.0,1.56,2020-07-12T16:00:00,EURUSD,H1,3,BUY,-5.349833545869043,21,"hit_tp=False,hit_sl=True,regime=3"
0.41627406915490545,0.3668638519660953,0.40019791455721826,0.34337831743016467,0.48334702275537356,0.44758629293945273,0.44979159839522076,0.36819941538027867,0.3056282561510663,0.29084534594180933,0.08312022,0.1130681464079332,0.303403383968197,0.2174923156770124,0.5,0.25751907,0.027521551664398312,0.4956671025328349,0.4956671697065064,0.0,0.0,1.0,0.2173913,0.5,0.23357894,0.5567419913852057,1.0,0.08333333333333331,0.2000000400000022,0.7999999279999885,0.20000000000000018,0.7999999999999999,0.1999999999999999,0.20000000000000018,1.0,1.95,2020-04-09T05:00:00,EURUSD,H1,4,BUY,66.74912759590646,16,"hit_tp=True,hit_sl=False,regime=4"
0.4272736063927449,0.43496514575567086,0.5011895118180555,0.4937744884894637,0.510287844372763,0.5881549720105216,0.5456149164127696,0.4553303991355692,0.6389528125693662,0.6793881010059977,0.95471424,0.7172854989662558,0.48510248872446887,0.858641646505859,0.5,0.5724413,0.046565505510111495,0.9455519287410498,0.9455518561828382,1.0,0.0,0.0,0.39130434,1.0,0.8775332,0.42736065546175045,0.41666666666666663,1.0,1.0,0.0,1.0,0.0,1.0,1.0,-1.0,1.3,2020-07-19T09:00:00,EURUSD,H1,2,SELL,-15.615571953160323,7,"hit_tp=False,hit_sl=True,regime=2"
0.41740235229879374,0.42114338513761224,0.4777636012425971,0.4595544006107308,0.38706285380362204,0.3326881239786178,0.5572804057081899,0.4267404474738361,0.34555652246188734,0.40551338784671737,0.23120657,0.33217494588626356,0.12506115412931088,0.7462290693872535,0.5,0.51203287,0.012686757992133297,0.9699877299526386,0.9699877303189021,0.0,1.0,0.0,0.5652174,0.6666667,0.23521096,0.561738858791848,1.0,0.3333333333333333,0.8000001028571486,0.1999999519999923,0.8000000000000003,0.20000000000000007,0.7999999999999998,0.8000000000000003,-1.0,1.3,2020-02-07T13:00:00,EURUSD,H1,3,BUY,-6.493996632388477,5,"hit_tp=False,hit_sl=True,regime=3"
0.42082978544290156,0.42430915455321405,0.4833248242254828,0.46360153069120896,0.19602836723332506,0.22547354039653555,0.3559636557675947,0.4154580352026575,0.523490296338111,0.533137031387157,0.57615614,0.46429116382879937,0.3244646857276691,0.8084870659056275,0.5,0.48730963,0.01785705309978998,0.9943448900005502,0.9943448900695641,1.0,0.0,0.0,0.47826087,0.33333334,0.40427545,0.5641491748776138,1.0,0.41666666666666663,1.0,0.0,1.0,0.0,1.0,1.0,-1.0,1.3,2020-05-27T11:00:00,EURUSD,H1,1,BUY,-10.660504813169158,7,"hit_tp=False,hit_sl=True,regime=1"
0.41583675470051235,0.41863932283313043,0.48106632040777314,0.4848973399054607,0.4903489483111329,0.5347163536754614,0.6030139478276696,0.5152875289203908,0.6861347585966097,0.6061513058919927,0.7427283,0.5463213298797994,0.13825980854884087,0.7503499999693866,0.5,0.639369,0.060382164369208416,0.8160067693884119,0.8160067716338252,1.0,0.0,0.0,0.5652174,0.5,0.72521627,0.5444988518296443,0.41666666666666663,1.0,1.0,0.0,1.0,0.0,1.0,1.0,1.0,2.0,2020-10-15T13:00:00,EURUSD,H1,2,SELL,27.54404212836903,40,"hit_tp=True,hit_sl=False,regime=2"
0.4204060153841514,0.42797991863865836,0.4956521728123808,0.49567349499545976,0.19423209040555234,0.2975017432797571,0.3461123078881729,0.3150004964656924,0.7864207642066591,0.7092864843024567,0.7121671,0.7078272323573463,0.4332242695475144,0.1769594635175609,0.5,0.84370995,0.056830209843451295,0.7949957640066545,0.7949958641387269,1.0,0.0,0.0,0.39130434,0.16666667,0.77236295,0.3857631445816302,0.41666666666666663,1.0,1.0,0.0,1.0,0.0,1.0,1.0,-1.0,1.3,2020-09-29T09:00:00,EURUSD,H1,2,SELL,-10.518176493243825,15,"hit_tp=False,hit_sl=True,regime=2"
0.4122790156689172,0.42222982115608404,0.4614224654987137,0.4468971265812213,0.39417581820014813,0.5452866778411123,0.5616777287474531,0.5534780895700517,0.36755937134781097,0.385411173990138,0.21921971,0.19748536121591992,0.3694330086055619,0.19687646752683366,0.5,0.47520238,0.016508542590061934,0.9732584652532549,0.9732583435417961,1.0,0.0,0.0,0.9130435,0.33333334,0.24390201,0.4662562351311347,1.0,0.41666666666666663,1.0,0.0,1.0,0.0,1.0,1.0,-1.0,1.56,2020-10-28T21:00:00,EURUSD,H1,1,BUY,-15.032944429724804,61,"hit_tp=False,hit_sl=True,regime=1"
0.4212301439207312,0.4257009097492075,0.4957498658180521,0.48341813935305655,0.5158014761199206,0.7464858145686611,0.7292107414865028,0.525180376604529,0.7213170342285283,0.6182386686366068,0.77382904,0.7051417948984371,0.04833768530892124,0.7222743643721108,0.5,0.61338174,0.04975843656418885,0.9935157163157434,0.9935157896175604,1.0,0.0,0.0,0.17391305,0.33333334,0.715299,0.3337761295149326,0.41666666666666663,1.0,1.0,0.0,1.0,0.0,1.0,1.0,1.0,2.0,2020-01-08T04:00:00,EURUSD,H1,2,SELL,31.04344534694992,34,"hit_tp=True,hit_sl=False,regime=2"
0.405206697363601,0.4152003114675585,0.48003433774234,0.46985354663083173,0.3485171495469424,0.5126596416028174,0.49875448063680083,0.4426200833650359,0.38405019933471635,0.4430300261283892,0.0,0.37087216093326153,0.330527836101661,0.2090234941649074,0.5,0.4761232,0.01678168210163146,0.9349245102796656,0.9349245598889554,1.0,0.0,0.0,0.82608694,0.6666667,0.33772105,0.5533362931573248,1.0,0.41666666666666663,1.0,0.0,1.0,0.0,1.0,1.0,1.0,2.0,2020-09-04T19:00:00,EURUSD,H1,1,BUY,19.776664774775465,47,"hit_tp=True,hit_sl=False,regime=1"
0.41070600470720314,0.4179523843618982,0.4765353325345332,0.4604263467259246,0.6384901348133045,0.4551197220342202,0.6524515902784831,0.5609825683423136,0.4876143843938132,0.5394213402022194,0.20015115,0.36690528914686293,0.3218306065999376,0.8076647223655112,0.5,0.5184707,0.015138772853311009,0.995063485227244,0.9950634242685847,0.0,1.0,0.0,0.6086956,0.6666667,0.16645172,0.5286319682750583,1.0,0.3333333333333333,0.8000001028571486,0.1999999519999923,0.8000000000000003,0.20000000000000007,0.7999999999999998,0.8000000000000003,-1.0,1.3,2020-01-17T14:00:00,EURUSD,H1,3,BUY,-8.176988148858033,18,"hit_tp=False,hit_sl=True,regime=3"
0.5158185360601184,0.5100342487635148,0.61778382901395,0.5712678479303073,0.6337952208302178,0.6418606382493797,0.7438900315339393,0.4412822665713263,0.727706232909379,0.5852346089331261,0.91282475,0.6039997706166016,0.2236201505550145,0.7770012836460932,0.5,0.55646247,0.4024518078912817,0.9779506237224243,0.9779505507688261,0.0,0.0,1.0,0.8695652,0.5,0.84785384,0.6362234535326674,0.0,1.0,0.0,1.0,0.0,1.0,0.0,0.0,-1.0,1.3,2020-03-12T20:00:00,EURUSD,H1,5,SELL,-142.27228616098265,6,"hit_tp=False,hit_sl=True,regime=5"
0.40664744284965204,0.4132398243390619,0.4726591044679748,0.45455550740882267,0.4443150340160614,0.5915414063050812,0.5566612172072999,0.4660116590594988,0.40194208877612075,0.4944431485435847,0.16104345,0.38524451964666506,0.1713702659720156,0.25871587402826773,0.5,0.38643366,0.020311782361914582,0.7944150226882319,0.7944151106236109,1.0,0.0,0.0,0.73913044,0.6666667,0.22610629,0.655865601043383,1.0,0.41666666666666663,1.0,0.0,1.0,0.0,1.0,1.0,-1.0,1.3,2020-04-24T17:00:00,EURUSD,H1,1,BUY,-13.067490429106154,3,"hit_tp=False,hit_sl=True,regime=1"
0.41018802597953574,0.4225811812971498,0.47843376924540965,0.467449113995904,0.33128786473578087,0.38108868353159375,0.4136412484700685,0.4643176005084588,0.47261190288875293,0.4633294807149967,0.14648095,0.2619906936420264,0.2582085283428172,0.23160313068848506,0.5,0.6133042,0.01120721451782944,0.9691399332982833,0.9691399824900157,0.0,1.0,0.0,0.39130434,1.0,0.34482107,0.5333972059409658,1.0,0.3333333333333333,0.8000001028571486,0.1999999519999923,0.8000000000000003,0.20000000000000007,0.7999999999999998,0.8000000000000003,-1.0,1.3,2020-05-17T09:00:00,EURUSD,H1,3,BUY,-5.912978287971882,19,"hit_tp=False,hit_sl=True,regime=3"
0.4135388451167052,0.4179596486624522,0.4772659120848425,0.47103411744607027,0.3932918143315896,0.4585272129085193,0.5816872427037836,0.4335835762631794,0.42947819805380205,0.43935540825887404,0.1780011,0.3798733708660771,0.08111592861915204,0.7325084201982915,0.5,0.44800192,0.0071883717105415135,0.9354708613437053,0.9354708011123014,0.0,1.0,0.0,0.17391305,0.0,0.30350548,0.5105697223757348,1.0,0.3333333333333333,0.8000001028571486,0.1999999519999923,0.8000000000000003,0.20000000000000007,0.7999999999999998,0.8000000000000003,-1.0,1.56,2020-01-27T04:00:00,EURUSD,H1,3,BUY,-6.518816180776099,21,"hit_tp=False,hit_sl=True,regime=3"
0.41712918077220396,0.43364557092498435,0.5011445258895325,0.49274066815579415,0.3419711652591153,0.3808767770530914,0.4308486586930214,0.4289629807388166,0.8687462015926788,0.7930439865331298,0.89577055,0.8256193624353618,0.5058537301452002,0.8651206415575771,0.5,0.9366788,0.05633095964733808,0.9219887588778082,0.9219887964411823,1.0,0.0,0.0,0.2173913,0.0,0.8441086,0.4537479566135558,0.41666666666666663,1.0,1.0,0.0,1.0,0.0,1.0,1.0,1.0,2.0,2020-09-14T05:00:00,EURUSD,H1,2,SELL,21.27427721952735,27,"hit_tp=True,hit_sl=False,regime=2"
0.41072686493646304,0.417247587553195,0.4791250780063103,0.458870664570547,0.36292425917565946,0.3001140209849716,0.2848613651102539,0.34401905289627527,0.3883760746843836,0.2756335871838511,0.22407316,0.2558036468128307,0.07385476318632882,0.28916231039846446,0.5,0.5125973,0.012643072560504046,0.8210348857400882,0.8210348024976747,1.0,0.0,0.0,0.5217391,0.0,0.20236275,0.4682411612432494,1.0,0.41666666666666663,1.0,0.0,1.0,0.0,1.0,1.0,-1.0,1.3,2020-10-12T12:00:00,EURUSD,H1,1,BUY,-9.952566962088127,4,"hit_tp=False,hit_sl=True,regime=1"
0.41552043478685685,0.42238473945437377,0.4859876746641832,0.47301724157706465,0.3149883487301865,0.22557543216066844,0.282356740270371,0.37786432706912615,0.28371434572729115,0.3688690495772313,0.34063205,0.4487675773201854,0.21819871963210116,0.7753085856119697,0.5,0.40545517,0.00874724609921804,0.9117643458708183,0.9117643957627499,0.0,1.0,0.0,0.26086956,0.5,0.3212454,0.42702751280011375,1.0,0.3333333333333333,0.8000001028571486,0.1999999519999923,0.8000000000000003,0.20000000000000007,0.7999999999999998,0.8000000000000003,-1.0,1.3,2020-05-28T06:00:00,EURUSD,H1,3,BUY,-5.349020669089821,15,"hit_tp=False,hit_sl=True,regime=3"
0.4108414382203312,0.4171743726955937,0.47389585407973206,0.4672716274160684,0.2768874708767058,0.15443944466780368,0.3715719859487598,0.38267926896728355,0.47866877138071023,0.36402802481263397,0.07895272,0.13838340208960762,0.10866370746510036,0.2782942234863002,0.5,0.46470523,0.008162707905418454,0.8827862974337926,0.8827863476793657,0.0,1.0,0.0,0.39130434,0.33333334,0.3604111,0.6234964479491738,1.0,0.3333333333333333,0.8000001028571486,0.1999999519999923,0.8000000000000003,0.20000000000000007,0.7999999999999998,0.8000000000000003,-1.0,1.3,2020-03-11T09:00:00,EURUSD,H1,3,BUY,-5.428782799417053,3,"hit_tp=False,hit_sl=True,regime=3"
0.40735543266916774,0.4292688593071216,0.4979040960671119,0.49522811084423957,0.3150044292918973,0.287963585839316,0.4062037429834572,0.3049642561556221,0.6373351001238153,0.6852789856943521,0.793102,0.6885193999572999,0.07699417036613108,0.2881821060101963,0.5,0.69042796,0.058201152101622224,0.8816210682362323,0.8816210086619994,1.0,0.0,0.0,0.73913044,0.33333334,0.83034426,0.5274285815985803,0.41666666666666663,1.0,1.0,0.0,1.0,0.0,1.0,1.0,-1.0,1.3,2020-05-06T17:00:00,EURUSD,H1,2,SELL,-11.07648191832178,5,"hit_tp=False,hit_sl=True,regime=2"
0.41135722314666096,0.4225784715542044,0.4785816891791385,0.46828525417365524,0.11984653531792192,0.37980904284674855,0.7004955070685938,0.6103795376280731,0.4188488678860922,0.47668634035613344,0.16037445,0.3883810800883299,0.3316691485985449,0.20866715665718952,0.5,0.29419613,0.01007545230776054,0.9822330036388379,0.9822330038556625,0.0,1.0,0.0,0.0,0.16666667,0.31404623,0.5937063624148163,1.0,0.3333333333333333,0.8000001028571486,0.1999999519999923,0.8000000000000003,0.20000000000000007,0.7999999999999998,0.8000000000000003,-1.0,1.3,2020-03-03T00:00:00,EURUSD,H1,3,BUY,-8.655726238042671,10,"hit_tp=False,hit_sl=True,regime=3"
0.41677026628861213,0.42206567093232716,0.4720365976190479,0.45936282432798703,0.09188116962685448,0.40952834680928146,0.48064656295688246,0.3912734627794745,0.38496405887383134,0.4644639513369056,0.16892517,0.1862885731742307,0.12539147199018322,0.2730714495989127,0.5,0.4968649,0.01371780162859437,0.78435425017841,0.784354313829007,1.0,0.0,0.0,0.6086956,0.33333334,0.32977283,0.6096924725543545,1.0,0.41666666666666663,1.0,0.0,1.0,0.0,1.0,1.0,1.0,1.95,2020-06-24T14:00:00,EURUSD,H1,1,BUY,19.47342036882516,8,"hit_tp=True,hit_sl=False,regime=1"
0.4100040146529079,0.42466589735178784,0.4769527679096732,0.4614385449425501,0.2361700245372535,0.22488405080014215,0.3603173157222495,0.40746566792726374,0.6785247126483333,0.5175629917756527,0.6060001,0.42230384261406057,0.06118368309317374,0.29311847191530743,0.5,0.66805065,0.07011336683658526,0.7734283150341097,0.7734282689840182,1.0,0.0,0.0,0.9130435,0.8333333,0.67099524,0.5087597003535627,0.41666666666666663,1.0,1.0,0.0,1.0,0.0,1.0,1.0,-1.0,1.56,2020-03-28T21:00:00,EURUSD,H1,2,SELL,-11.016561954186876,50,"hit_tp=False,hit_sl=True,regime=2"
0.4196644441551001,0.4229145414681876,0.47195756254193677,0.46220598171181815,0.7665250922463618,0.7270019957221231,0.6321008424217661,0.5435182424268008,0.33624360196934916,0.4896539571433478,0.34110075,0.4034135495067819,0.333559434413682,0.8113266550589364,0.5,0.42598358,0.016035664886171176,0.7752102622959834,0.7752102650392683,1.0,0.0,0.0,0.13043478,0.33333334,0.32385704,0.41300699048264744,1.0,0.41666666666666663,1.0,0.0,1.0,0.0,1.0,1.0,-1.0,1.3,2020-02-05T03:00:00,EURUSD,H1,1,BUY,-13.83220144829167,7,"hit_tp=False,hit_sl=True,regime=1"
0.4186500919435346,0.4191258704990647,0.4787635501504835,0.4660839548725248,0.14310365162836855,0.17607470969127897,0.5392197544663889,0.41113310925020646,0.1521309116174213,0.3290885164154487,0.08719882,0.2646538163567576,0.2168438244018782,0.2445180495598501,0.5,0.30803138,0.02166518946523229,0.8018079144667266,0.8018079168854196,1.0,0.0,0.0,0.6956522,0.6666667,0.30606887,0.5197875987036281,1.0,0.41666666666666663,1.0,0.0,1.0,0.0,1.0,1.0,1.0,2.0,2020-04-03T16:00:00,EURUSD,H1,1,BUY,21.74713177047316,25,"hit_tp=True,hit_sl=False,regime=1"
0.41429385609597813,0.4149122447875513,0.4659328001556321,0.46022945896586875,0.315975851388573,0.4170490788653295,0.5022866862982023,0.4573833063101932,0.5564483857627938,0.6191015968304799,0.45515826,0.1733351481847153,0.6786392939134286,0.10033563307265751,0.5,0.41157,0.01334275208055564,0.9966815967314564,0.9966815479568311,0.0,1.0,0.0,0.8695652,0.5,0.4573828,0.5558929303970186,1.0,0.3333333333333333,0.8000001028571486,0.1999999519999923,0.8000000000000003,0.20000000000000007,0.7999999999999998,0.8000000000000003,-1.0,1.56,2020-01-02T20:00:00,EURUSD,H1,3,BUY,-6.925962038693001,22,"hit_tp=False,hit_sl=True,regime=3"
0.42356319252364405,0.42707780283174346,0.49487031902758616,0.4863804401728213,0.40346228158452,0.3652080003646652,0.383583930330263,0.3573141906449983,0.7772361992454474,0.6825373924136284,0.8611855,0.5520083438642274,0.11948492428727982,0.744488036937567,0.5,0.8549979,0.05606792770467613,0.9517461895738487,0.9517462511816311,1.0,0.0,0.0,0.73913044,0.6666667,0.8497467,0.4565586434326842,0.41666666666666663,1.0,1.0,0.0,1.0,0.0,1.0,1.0,-1.0,1.3,2020-08-07T17:00:00,EURUSD,H1,2,SELL,-12.800289244765397,17,"hit_tp=False,hit_sl=True,regime=2"
0.4225764575344208,0.43564364993956134,0.49733635561576406,0.48185600071162266,0.4757474566572434,0.37543850130148587,0.3250681718634163,0.3749638138123685,0.6446096008710829,0.5050681952374679,0.88775015,0.6137760020439169,0.6763106038693347,0.10106274025476697,0.5,0.72914696,0.08018019085581128,0.7628170421747655,0.7628170816806364,1.0,0.0,0.0,0.5652174,0.6666667,0.7886198,0.5380133029407386,0.41666666666666663,1.0,1.0,0.0,1.0,0.0,1.0,1.0,-1.0,1.3,2020-04-17T13:00:00,EURUSD,H1,2,SELL,-11.33684527587997,9,"hit_tp=False,hit_sl=True,regime=2"
0.42462991594522925,0.4235805980504922,0.49197320289372265,0.48054564012064505,0.24381658784608942,0.3833192298938448,0.4274240388720952,0.3234439265128897,0.7197622951948959,0.6163602198224867,0.9928583,0.6936790151061456,0.29389437357960313,0.7989424050962587,0.5,0.55401415,0.04407372193779261,0.7592385885404862,0.7592386891089312,1.0,0.0,0.0,0.5217391,0.8333333,0.8140342,0.5064516832980503,0.41666666666666663,1.0,1.0,0.0,1.0,0.0,1.0,1.0,-1.0,1.3,2020-05-30T12:00:00,EURUSD,H1,2,SELL,-11.073407962629569,4,"hit_tp=False,hit_sl=True,regime=2"
0.4130874233196162,0.424887349388484,0.48393343991645604,0.46876719916848375,0.19627180839251834,0.2512249172366007,0.32054706627734514,0.36529749381646454,0.43011851619699776,0.5710176807042168,0.53197056,0.41514512053576336,0.10210471029939595,0.28034207666020833,0.5,0.44804528,0.008898979518296046,0.965198173108654,0.9651982345522713,0.0,1.0,0.0,0.3478261,0.33333334,0.52037936,0.665269072548397,1.0,0.3333333333333333,0.8000001028571486,0.1999999519999923,0.8000000000000003,0.20000000000000007,0.7999999999999998,0.8000000000000003,-1.0,1.3,2020-01-15T08:00:00,EURUSD,H1,3,BUY,-4.949394226221315,7,"hit_tp=False,hit_sl=True,regime=3"
0.506794399572469,0.6167807938416675,0.6413042049018021,0.6800752499484615,0.21295841694849235,0.2139371529706102,0.46652605008569453,0.39945018344135785,0.8142932454027506,0.7527026341513913,0.90256035,0.9297730657359895,0.8466373299512828,0.9715205282812994,0.5,0.73215884,0.5582607552738055,0.11616018677837744,0.11616022197212601,0.0,0.0,1.0,1.0,1.0,0.9096174,0.4884891579903079,0.0,1.0,0.0,1.0,0.0,1.0,0.0,0.0,-1.0,1.0,2020-02-02T23:00:00,EURUSD,H1,5,SELL,-107.72356542088744,3,"hit_tp=False,hit_sl=True,regime=5"
0.4148539209570228,0.4409613468165699,0.48961334959644,0.4672215649072424,0.25626877455907754,0.22735831721492897,0.3253079051784878,0.3074724959691893,0.30453043668060364,0.40879253901373824,0.34504175,0.6384080309741875,0.6134745452209406,0.1206814877651951,0.5,0.21971746,0.015573731639506488,0.8704373038143075,0.8704373420068043,1.0,0.0,0.0,0.04347826,0.16666667,0.33977348,0.6494789342294169,1.0,0.41666666666666663,1.0,0.0,1.0,0.0,1.0,1.0,1.0,2.0,2020-05-19T01:00:00,EURUSD,H1,1,BUY,15.255781222891509,24,"hit_tp=True,hit_sl=False,regime=1"
0.41964148606127244,0.4165443233014843,0.48187161930773204,0.47254082159352,0.33989342979848386,0.3609534671669562,0.4402059426836986,0.450045157590496,0.37290407893376987,0.4996894203441462,0.483161,0.3188473229230136,0.9378526971040715,1.0,0.5,0.4294562,0.01933523163534861,1.0,1.0,1.0,0.0,0.0,0.65217394,0.0,0.39584002,0.3869975668552987,1.0,0.41666666666666663,1.0,0.0,1.0,0.0,1.0,1.0,0.0,1.56,2020-03-02T15:00:00,EURUSD,H1,1,BUY,-2.8014092484274222,100,"hit_tp=False,hit_sl=False,regime=1"
0.4182708112342453,0.4134773881402356,0.4744163128079888,0.4690702338925813,0.5477230138130195,0.656608193517381,0.6385820987787665,0.5099910508828457,0.38091583809431406,0.39658074735829474,0.16595705,0.4548519763261621,0.29566473301372076,0.21990849153776323,0.5,0.3227823,0.015852318663417977,0.983366124689031,0.9833660028542203,1.0,0.0,0.0,0.6086956,0.33333334,0.27328417,0.5780483219112343,1.0,0.41666666666666663,1.0,0.0,1.0,0.0,1.0,1.0,1.0,1.95,2020-07-29T14:00:00,EURUSD,H1,1,BUY,22.158064014086158,17,"hit_tp=True,hit_sl=False,regime=1"
0.3814343481673529,0.3623470956885946,0.4435801940163078,0.41395981552814587,1.0,0.800912798788529,0.6503907662227892,0.568146446554766,0.0881961498381945,0.18560136422915846,0.24535619,0.36414513786721947,0.3158821563512558,0.8058074747579463,0.5,0.14503822,0.08406917830179352,0.7869416591789352,0.7869416129639298,0.0,0.0,1.0,0.8695652,0.16666667,0.21685572,0.46523607482226537,1.0,0.08333333333333331,0.2000000400000022,0.7999999279999885,0.20000000000000018,0.7999999999999999,0.1999999999999999,0.20000000000000018,-1.0,1.56,2020-03-10T20:00:00,EURUSD,H1,4,BUY,-54.98046260015377,32,"hit_tp=False,hit_sl=True,regime=4"
0.41241159231956426,0.4238220701331904,0.489046860462583,0.47032019124149715,0.28707422610375155,0.23279697151178824,0.3205083669960395,0.30911931630587725,0.6271251810445916,0.521369391828827,0.63688946,0.5406018885148545,0.04685546368959407,0.7218115658087566,0.5,0.5305481,0.041384642464124446,0.9498111580852263,0.9498112197166233,1.0,0.0,0.0,0.8695652,1.0,0.60401726,0.5685923697459254,0.41666666666666663,1.0,1.0,0.0,1.0,0.0,1.0,1.0,-1.0,1.3,2020-04-26T20:00:00,EURUSD,H1,2,SELL,-10.473982129421966,1,"hit_tp=False,hit_sl=True,regime=2"
0.42613179970441567,0.4232219825221245,0.4750242062104511,0.44906509413381024,0.6479459931284758,0.576035782621019,0.6749128002239226,0.5626464981115389,0.19996481106980335,0.25394604615361,0.20883615,0.2984429642801895,0.04303372951434952,0.29878528936517285,0.5,0.2539877,0.026329384273798998,0.8372447040747288,0.837244669449617,1.0,0.0,0.0,0.4347826,0.16666667,0.22759134,0.5126231972232856,1.0,0.41666666666666663,1.0,0.0,1.0,0.0,1.0,1.0,-1.0,1.56,2020-01-21T10:00:00,EURUSD,H1,1,BUY,-15.153939406982175,32,"hit_tp=False,hit_sl=True,regime=1"
0.40987028286691074,0.41790010683169443,0.4852039993733137,0.47098164682721094,0.38711812310904703,0.6750902869861978,0.5715664154583865,0.4419949748158367,0.4860672899445448,0.4168108985499947,0.16068438,0.4604844611902715,0.25069641013582805,0.23394856051411644,0.5,0.51635754,0.014718899770207976,0.9018453568866954,0.9018453824921145,1.0,0.0,0.0,0.08695652,0.16666667,0.4173365,0.5635171429591425,1.0,0.41666666666666663,1.0,0.0,1.0,0.0,1.0,1.0,-1.0,1.3,2020-09-29T02:00:00,EURUSD,H1,1,BUY,-13.485823460701596,7,"hit_tp=False,hit_sl=True,regime=1"
0.3585849266271337,0.36412714235159216,0.3813724586643431,0.35782814426774606,0.5466799368309662,0.5357644508467663,0.6505937122400496,0.5420576032793778,0.25868415978206327,0.38752677786817724,0.01212266,0.13584364948098435,0.14610571337049183,0.26660401830196967,0.5,0.43868706,0.00015603083943848328,0.2689534291397656,0.26895341109094223,0.0,0.0,1.0,0.95652175,0.33333334,0.09673574,0.5535151068311079,1.0,0.08333333333333331,0.2000000400000022,0.7999999279999885,0.20000000000000018,0.7999999999999999,0.1999999999999999,0.20000000000000018,-1.0,1.0,2020-02-19T22:00:00,EURUSD,H1,4,BUY,-59.357302987665946,16,"hit_tp=False,hit_sl=True,regime=4"
0.420525016450855,0.42748465802381574,0.4876936391480015,0.4775018120566262,0.25645327399321377,0.31782850354278924,0.3712756285071223,0.43744275709366326,0.4463809660534196,0.5575012117881231,0.55192286,0.6141061588270965,0.1895597170939909,0.7663669266724751,0.5,0.41587624,0.02430943431616315,0.9156395344360125,0.9156395598730904,1.0,0.0,0.0,0.6086956,0.33333334,0.3684373,0.3850993119195329,1.0,0.41666666666666663,1.0,0.0,1.0,0.0,1.0,1.0,-1.0,1.56,2020-02-05T14:00:00,EURUSD,H1,1,BUY,-13.292937405307017,33,"hit_tp=False,hit_sl=True,regime=1"
0.42873967546891845,0.4139175661623692,0.4530777071735695,0.44523541805802924,0.5397870125941179,0.6425004428190833,0.6238805267698372,0.42607178627981573,0.35491245267206306,0.4896510254463371,0.28660092,0.423480488931503,0.14807601177304283,0.26598884041058424,0.5,0.371719,0.07875654750190107,0.9827914852610241,0.982791448859691,0.0,0.0,1.0,0.4347826,0.8333333,0.34819224,0.6801162884226406,1.0,0.08333333333333331,0.2000000400000022,0.7999999279999885,0.20000000000000018,0.7999999999999999,0.1999999999999999,0.20000000000000018,-1.0,1.3,2020-06-13T10:00:00,EURUSD,H1,4,BUY,-49.33821911838443,6,"hit_tp=False,hit_sl=True,regime=4"
0.4062393681880469,0.4174598334736762,0.48352214357670203,0.47326201940977924,0.3623538750633813,0.4364749802880445,0.4491435462973475,0.39002308087918663,0.6651232153194342,0.5371327902308551,0.6481544,0.4819722209490703,0.39567440852429125,0.18868334799327094,0.5,0.7264973,0.07640573907194328,0.8822470001550734,0.882246940573202,1.0,0.0,0.0,0.82608694,0.5,0.7277115,0.4949195848914981,0.41666666666666663,1.0,1.0,0.0,1.0,0.0,1.0,1.0,-1.0,1.3,2020-03-19T19:00:00,EURUSD,H1,2,SELL,-12.527161761706209,9,"hit_tp=False,hit_sl=True,regime=2"
0.41397008496811716,0.42268970076726775,0.4809912088952516,0.4707069727047612,0.31242205945120316,0.3471214709132925,0.39923002218544307,0.44899887533946853,0.1664533925440284,0.4016126207922248,0.30154258,0.43561477009143923,0.025364591460816197,0.7151016595559202,0.5,0.11063704,0.009639459365064405,0.9888063749231634,0.988806301837084,0.0,1.0,0.0,0.13043478,1.0,0.28601688,0.49857671233430934,1.0,0.3333333333333333,0.8000001028571486,0.1999999519999923,0.8000000000000003,0.20000000000000007,0.7999999999999998,0.8000000000000003,-1.0,1.3,2020-03-22T03:00:00,EURUSD,H1,3,BUY,-6.8301620056976375,17,"hit_tp=False,hit_sl=True,regime=3"
0.40328043323204393,0.4248434005252158,0.47235834972085694,0.46870401932937306,0.20714802685346442,0.2823596176756028,0.4631341545976539,0.39398255115048014,0.4408672713068236,0.4737703591638829,0.0,0.2960714546996031,0.11124413653421918,0.27748854977449583,0.5,0.5841961,0.010637968535031964,0.8122820534408687,0.8122821777695444,1.0,0.0,0.0,0.65217394,0.0,0.30131644,0.5341038658405237,1.0,0.41666666666666663,1.0,0.0,1.0,0.0,1.0,1.0,-1.0,1.3,2020-08-24T15:00:00,EURUSD,H1,1,BUY,-10.88249205830838,3,"hit_tp=False,hit_sl=True,regime=1"
0.423152290205401,0.42706435116698793,0.487286682198014,0.4722919474871069,0.30950562143129423,0.3874590796523882,0.40713998982420324,0.4368928431520864,0.3419725290191109,0.499381279764084,0.49056387,0.6028200306641708,0.20770430566695397,0.7720320459485623,0.5,0.26768345,0.011622404445048105,0.9802850361425343,0.9802850363831314,0.0,1.0,0.0,0.4347826,0.5,0.3874595,0.484307192500173,1.0,0.3333333333333333,0.8000001028571486,0.1999999519999923,0.8000000000000003,0.20000000000000007,0.7999999999999998,0.8000000000000003,1.0,1.95,2020-01-30T10:00:00,EURUSD,H1,3,BUY,8.933803324751022,6,"hit_tp=True,hit_sl=False,regime=3"
0.41481340793886334,0.4385608888255928,0.48868543133619746,0.4787475152425439,0.36534515235911297,0.4436786018304871,0.4068126361886079,0.42609854411388887,0.7049275148456264,0.6540135424697046,0.88271236,0.5977466721446388,0.6560534517383959,0.9120161725290956,0.5,0.65986806,0.05163794497372684,0.961083363306836,0.9610833637817663,1.0,0.0,0.0,0.8695652,0.6666667,0.72848874,0.5798748207854104,0.41666666666666663,1.0,1.0,0.0,1.0,0.0,1.0,1.0,-1.0,1.56,2020-09-11T20:00:00,EURUSD,H1,2,SELL,-9.879065504874164,21,"hit_tp=False,hit_sl=True,regime=2"
0.4123536130566333,0.4218014831978176,0.47471263366503297,0.45609728560569857,0.2301904469238307,0.18297428053137027,0.3261761111450713,0.28059604948146777,0.40658633197634997,0.3025178014685064,0.16467184,0.2436413403628199,0.3573066616075277,0.20066255578457542,0.5,0.4147932,0.01740883853853382,0.9192475334236844,0.9192475832242928,1.0,0.0,0.0,0.5217391,0.8333333,0.24507119,0.681386641134394,1.0,0.41666666666666663,1.0,0.0,1.0,0.0,1.0,1.0,-1.0,1.3,2020-01-18T12:00:00,EURUSD,H1,1,BUY,-8.899553388972414,12,"hit_tp=False,hit_sl=True,regime=1"
0.4044569908026729,0.4124617181531049,0.47418085276951943,0.4622445975413549,0.19546904918286165,0.3454440895757943,0.36708864203670366,0.33390552049998795,0.35713819025022464,0.40046490947316143,0.10846177,0.3310030160942952,0.298696331325742,0.21896197007981846,0.5,0.46108913,0.02141856612364788,0.9930925380116348,0.9930926601337388,1.0,0.0,0.0,0.08695652,0.6666667,0.17549184,0.33950946608773525,1.0,0.41666666666666663,1.0,0.0,1.0,0.0,1.0,1.0,1.0,1.95,2020-08-21T02:00:00,EURUSD,H1,1,BUY,16.28570870253032,13,"hit_tp=True,hit_sl=False,regime=1"
0.4123481163399365,0.42223817349374443,0.4824599711010139,0.478186241131868,0.2565075184373462,0.24142023239208577,0.30408065996522576,0.3173886256657294,0.7990359206039808,0.7171101503208418,0.76559746,0.6532900381584864,0.13974212266826908,0.7508127812044371,0.5,0.8111456,0.04762902817470107,0.9614610703235671,0.9614610707938878,1.0,0.0,0.0,0.0,0.5,0.7387633,0.5204874351740164,0.41666666666666663,1.0,1.0,0.0,1.0,0.0,1.0,1.0,-1.0,1.3,2020-04-23T00:00:00,EURUSD,H1,2,SELL,-10.713531607515758,16,"hit_tp=False,hit_sl=True,regime=2"
0.4150007158086663,0.42104566487653955,0.4805653895589014,0.4680997662963091,0.5110113110402659,0.4652159813604317,0.6760705429987163,0.4693524031093173,0.37754089188377593,0.5054516467882791,0.3605113,0.51831399303129,0.16900628713936872,0.7599496781435066,0.5,0.40518454,0.013498900934413641,0.9785520382455751,0.9785520995262248,0.0,1.0,0.0,0.5217391,1.0,0.2902346,0.5846012246493623,1.0,0.3333333333333333,0.8000001028571486,0.1999999519999923,0.8000000000000003,0.20000000000000007,0.7999999999999998,0.8000000000000003,-1.0,1.3,2020-04-26T12:00:00,EURUSD,H1,3,BUY,-7.802335517252956,9,"hit_tp=False,hit_sl=True,regime=3"
0.4246267634842139,0.43801100156517364,0.49016446284832704,0.4748460134957403,0.5804774221166117,0.45704255842333374,0.4024860749230955,0.3469449006980596,0.496675727636696,0.38750293980723816,0.59137815,0.5081730575395812,0.10070994752561775,0.7386261027862538,0.5,0.45181856,0.08938246512233862,0.7573752908755906,0.7573751717987226,1.0,0.0,0.0,0.04347826,0.8333333,0.50741965,0.41947835795885513,0.41666666666666663,1.0,1.0,0.0,1.0,0.0,1.0,1.0,-1.0,1.56,2020-05-02T01:00:00,EURUSD,H1,2,SELL,-11.388934661273886,26,"hit_tp=False,hit_sl=True,regime=2"
0.4208008399742111,0.4238976869490169,0.49174101715835783,0.48137203166641956,0.17840784162369458,0.317685713118533,0.4965707013348494,0.4882690531678238,0.6276030032897076,0.6846312728974249,0.8194531,0.6717141661168203,0.081440881474163,0.7326098889695862,0.5,0.66185695,0.04786317441926003,0.9104878303958568,0.9104878070806823,1.0,0.0,0.0,0.4347826,0.33333334,0.6986551,0.5534430992145258,0.41666666666666663,1.0,1.0,0.0,1.0,0.0,1.0,1.0,-1.0,1.56,2020-03-25T10:00:00,EURUSD,H1,2,SELL,-13.506377434049366,26,"hit_tp=False,hit_sl=True,regime=2"
0.4326719289577954,0.4546575791326204,0.5083174119079112,0.4849746158705395,0.47829167481624574,0.3440222420572925,0.4468644987408945,0.46335365927426564,0.4214584064661623,0.5588332595643071,0.52749383,0.7571659736094252,0.47402227161933175,0.164221479336015,0.5,0.4599521,0.033079878368227164,0.9696402883123696,0.9696402886828728,1.0,0.0,0.0,0.8695652,0.33333334,0.559408,0.5828095242158051,1.0,0.41666666666666663,1.0,0.0,1.0,0.0,1.0,1.0,1.0,2.0,2020-01-22T20:00:00,EURUSD,H1,1,BUY,20.270388690484253,23,"hit_tp=True,hit_sl=False,regime=1"
0.41928555338806905,0.4254206674680758,0.4946610960031239,0.47674140657173675,0.3821550492884468,0.38429781669293084,0.5293384215381264,0.4194340455908696,0.6233639842991043,0.4042467265259922,0.56536436,0.5695306924380648,0.07106523763877215,0.7293703914437272,0.5,0.78822625,0.08364484612619803,0.9367685503784093,0.9367685511500722,1.0,0.0,0.0,0.6086956,0.8333333,0.58944494,0.4485144807736205,0.41666666666666663,1.0,1.0,0.0,1.0,0.0,1.0,1.0,-1.0,1.3,2020-08-15T14:00:00,EURUSD,H1,2,SELL,-14.327841405541442,10,"hit_tp=False,hit_sl=True,regime=2"
0.41503024511101266,0.4187473938940174,0.47723018528031586,0.4678913747048391,0.28326515829940424,0.41587058862682863,0.5086799914144586,0.4036337243545318,0.19337720021266563,0.3096684988411267,0.24102366,0.25124218852474284,0.041106119908436003,0.2993871244625872,0.5,0.29299876,0.009091072298095785,0.9768624369932525,0.9768623640529341,0.0,1.0,0.0,0.17391305,0.5,0.3193942,0.5249542866930742,1.0,0.3333333333333333,0.8000001028571486,0.1999999519999923,0.8000000000000003,0.20000000000000007,0.7999999999999998,0.8000000000000003,-1.0,1.3,2020-04-23T04:00:00,EURUSD,H1,3,BUY,-5.788684854324266,13,"hit_tp=False,hit_sl=True,regime=3"
0.4180648687974401,0.42755668705973066,0.49655158908907726,0.5037631213774679,0.2538492478573476,0.3038904199817635,0.44387730029769035,0.4568771997072669,0.8674446422115657,0.7862054428012337,0.7698492,0.6569371903761413,0.04487915278047446,0.2982091117096718,0.5,0.71199566,0.054635446551410304,0.9320952345468435,0.932095137745293,1.0,0.0,0.0,0.82608694,0.5,0.82402337,0.5931814090714546,0.41666666666666663,1.0,1.0,0.0,1.0,0.0,1.0,1.0,1.0,1.95,2020-01-30T19:00:00,EURUSD,H1,2,SELL,19.68577552986739,10,"hit_tp=True,hit_sl=False,regime=2"
0.45643265599849797,0.5242895264617644,0.5916644415314047,0.6185419884668847,0.4408381188763699,0.49780388548312066,0.46381217335991115,0.3996527099816722,0.5623314802982972,0.7290339868510506,0.8567671,0.8895201174402265,0.25283172871866355,0.7861217706814086,0.5,0.4830281,0.1993807996614564,0.7668097165380231,0.7668097437913878,0.0,0.0,1.0,0.2173913,0.5,0.79997087,0.5992795632720236,0.08333333333333331,1.0,0.2000000400000022,0.7999999279999885,0.20000000000000018,0.7999999999999999,0.1999999999999999,0.20000000000000018,-1.0,1.3,2020-05-28T05:00:00,EURUSD,H1,4,SELL,-42.13205274322674,11,"hit_tp=False,hit_sl=True,regime=4"
0.41388226140454554,0.41060860943111543,0.4705431568204301,0.4540132019049433,0.4091917198381583,0.3503118345391314,0.5986191434589712,0.46540214676185077,0.3268595123355944,0.24657290026273063,0.17615256,0.2623589680654883,0.2658543091958328,0.22921595293558736,0.5,0.26832005,0.021654202274266527,0.8798305905315575,0.8798305919980787,1.0,0.0,0.0,0.17391305,0.16666667,0.30351952,0.6682577869319571,1.0,0.41666666666666663,1.0,0.0,1.0,0.0,1.0,1.0,-1.0,1.3,2020-02-18T04:00:00,EURUSD,H1,1,BUY,-14.681750921137215,15,"hit_tp=False,hit_sl=True,regime=1"
0.44948810653102134,0.46293660121237856,0.6351105183770708,0.5629417598741143,0.3704932258437662,0.34482661917606156,0.3413891571232186,0.26966764665111514,0.7458636619387701,0.6846545102007797,0.95231843,0.7229744807053977,0.41752260864345,0.8375417795514207,0.5,0.6674491,0.4510858065773924,0.7038055013155127,0.7038055293377669,0.0,0.0,1.0,0.17391305,0.6666667,0.83273345,0.551173758739099,0.0,1.0,0.0,1.0,0.0,1.0,0.0,0.0,1.0,1.95,2020-02-28T04:00:00,EURUSD,H1,5,SELL,146.4580677105265,11,"hit_tp=True,hit_sl=False,regime=5"
0.42107820220299147,0.4510920627619635,0.49361686061194293,0.39390630934161847,0.20727548787637282,0.21307826533530197,0.3593431417473782,0.2996084194738452,0.5830676348233853,0.4912264281047086,0.66345006,0.41794186799585886,0.45609237578092054,0.8495840843179554,0.5,0.5149047,0.35708476895599395,0.8772266698155675,0.8772267933516732,0.0,0.0,1.0,0.5217391,0.8333333,0.44700688,0.4827970869177212,0.0,1.0,0.0,1.0,0.0,1.0,0.0,0.0,1.0,2.0,2020-01-04T12:00:00,EURUSD,H1,5,SELL,156.9146811278044,23,"hit_tp=True,hit_sl=False,regime=5"
0.4178061627302854,0.42883646323980523,0.49917787264441116,0.47835586627960003,0.2770830607741161,0.27262737692902317,0.4196055706742177,0.37555293562167746,0.4055195093052383,0.6234241677999559,0.5377764,0.8185665846765826,0.3719593251155627,0.8233159352156638,0.5,0.36055052,0.024161099730846736,0.8058606680430171,0.8058606215971283,1.0,0.0,0.0,0.5652174,0.16666667,0.3896485,0.5026005859931623,1.0,0.41666666666666663,1.0,0.0,1.0,0.0,1.0,1.0,-1.0,1.3,2020-05-26T13:00:00,EURUSD,H1,1,BUY,-11.160753829082548,16,"hit_tp=False,hit_sl=True,regime=1"
0.4249730669024092,0.4207039698025545,0.4727110398770001,0.45963279864505424,0.23231542360976132,0.32783602555243546,0.41739984033099375,0.34587906695013093,0.11525015018793865,0.2893585910725549,0.25118896,0.27846185547602964,0.11326512499214911,0.2768575361238241,0.5,0.18643716,0.01402316538280653,0.7641248725513403,0.7641249120412509,1.0,0.0,0.0,0.73913044,0.0,0.2610395,0.49962425021152107,1.0,0.41666666666666663,1.0,0.0,1.0,0.0,1.0,1.0,1.0,1.95,2020-10-12T17:00:00,EURUSD,H1,1,BUY,16.470823222944908,10,"hit_tp=True,hit_sl=False,regime=1"
0.41290861505820714,0.4197006939701457,0.48064905434692395,0.47451359051973135,0.08341332640071604,0.14296767807123623,0.411995949904194,0.40456013570386873,0.6005576069247686,0.5711176467662192,0.8956891,0.7353134692139708,0.07501785945701149,0.7306045016923342,0.5,0.5360256,0.032689308156923835,0.936060926350683,0.9360609759461042,1.0,0.0,0.0,0.5217391,0.33333334,0.59171134,0.5105983996448714,0.41666666666666663,1.0,1.0,0.0,1.0,0.0,1.0,1.0,-1.0,1.3,2020-05-20T12:00:00,EURUSD,H1,2,SELL,-12.250109922689044,5,"hit_tp=False,hit_sl=True,regime=2"
0.3623156137765485,0.5713282681900296,0.5830191674648041,0.5462695962478948,0.5826877063044258,0.6200073784779042,0.5400640974082053,0.34304059411380833,0.7114213290000851,0.6537864561028955,0.9305559,0.8360682413967276,0.18336424532543802,0.7644325681127394,0.5,0.4629522,0.4082307954573804,0.8289367239943745,0.8289366772668706,0.0,0.0,1.0,0.65217394,0.6666667,0.7906729,0.6484448335813839,0.0,1.0,0.0,1.0,0.0,1.0,0.0,0.0,-1.0,1.3,2020-03-27T15:00:00,EURUSD,H1,5,SELL,-111.60301764792548,2,"hit_tp=False,hit_sl=True,regime=5"
0.406996860849769,0.4107033507722908,0.47258109778531693,0.4536967757563098,0.33577519550418733,0.4080384242359813,0.47503875213661856,0.48934591366036495,0.3671488500229848,0.3754871873666544,0.10013465,0.17388715409728672,0.3684224450015212,0.1971919737745594,0.5,0.28565574,0.012522752828973568,0.7861815833011957,0.7861816347257115,1.0,0.0,0.0,0.4347826,0.0,0.28261933,0.43899010565037166,1.0,0.41666666666666663,1.0,0.0,1.0,0.0,1.0,1.0,-1.0,1.3,2020-09-07T10:00:00,EURUSD,H1,1,BUY,-13.318435599500855,4,"hit_tp=False,hit_sl=True,regime=1"
0.28030121101232336,0.19663001687543105,0.2363795773846797,0.21836991993472288,0.4970601792816701,0.3433734154923746,0.2843978378040502,0.3852708685730025,0.18867292304016683,0.37602726843480516,0.0514614,0.22771945595675902,0.5163707603850557,0.8684042973777689,0.5,0.065829985,0.1429720923270531,0.5838456307639448,0.5838456114350403,0.0,0.0,1.0,0.5217391,0.0,0.11602939,0.4207423693885078,1.0,0.0,0.0,1.0,0.0,1.0,0.0,0.0,-1.0,1.3,2020-05-04T12:00:00,EURUSD,H1,5,BUY,-109.33677594014311,5,"hit_tp=False,hit_sl=True,regime=5"
0.4164481855418545,0.4218233768714687,0.4812322829607831,0.4657541118692813,0.16586594294541063,0.19877341874155466,0.3801917590753721,0.4449038180590136,0.27885134902015035,0.35362782966734646,0.30875614,0.3622839563429192,0.2877239693384365,0.7970158673776646,0.5,0.30992877,0.010354714293766047,0.9950931038033216,0.9950931038632045,0.0,1.0,0.0,0.13043478,0.0,0.25765243,0.5880556406941099,1.0,0.3333333333333333,0.8000001028571486,0.1999999519999923,0.8000000000000003,0.20000000000000007,0.7999999999999998,0.8000000000000003,1.0,1.95,2020-07-06T03:00:00,EURUSD,H1,3,BUY,8.92785813603858,8,"hit_tp=True,hit_sl=False,regime=3"
0.4125803431506032,0.4120719879957756,0.4638245967382562,0.45992550535095295,0.4475767648864855,0.38577739236262865,0.4528387485516495,0.323694140727255,0.5105330830644473,0.6260124717755078,0.24261741,0.47006239568636843,0.047581080732330784,0.7220381218295053,0.5,0.51547724,0.027262134765121508,0.7656522367412907,0.7656521663785355,1.0,0.0,0.0,0.26086956,0.5,0.19383264,0.6136193508007111,1.0,0.41666666666666663,1.0,0.0,1.0,0.0,1.0,1.0,-1.0,1.3,2020-04-30T06:00:00,EURUSD,H1,1,BUY,-10.771942279823588,2,"hit_tp=False,hit_sl=True,regime=1"
0.408603583673785,0.4053821383845419,0.4633417941337467,0.4623964263562688,0.27597837010720694,0.22208007146934386,0.29828396723705974,0.43315841735202093,0.5992963015366224,0.4302028424340459,0.42442834,0.3184988781926735,0.01375226752435232,0.30792759851114754,0.5,0.63873476,0.07036504546407918,0.8560799827985268,0.8560800821851406,1.0,0.0,0.0,0.08695652,0.6666667,0.57292783,0.5913649723969755,0.41666666666666663,1.0,1.0,0.0,1.0,0.0,1.0,1.0,-1.0,1.3,2020-05-01T02:00:00,EURUSD,H1,2,SELL,-11.365623995798211,20,"hit_tp=False,hit_sl=True,regime=2"
0.4059143471562997,0.41813951107252834,0.4879878012106076,0.48910720345253367,0.2664304816881018,0.28065286753550156,0.3476954669904782,0.35223832240965236,0.7282009977580257,0.6780946218667159,0.66453236,0.5129284918129693,0.04981990692824829,0.2966664941152676,0.5,0.7630958,0.05605094739545941,0.9597439983605929,0.959743974444307,1.0,0.0,0.0,0.04347826,0.33333334,0.73186517,0.4840428501289649,0.41666666666666663,1.0,1.0,0.0,1.0,0.0,1.0,1.0,-1.0,1.3,2020-04-29T01:00:00,EURUSD,H1,2,SELL,-10.29636512273946,10,"hit_tp=False,hit_sl=True,regime=2"
0.4135132976151181,0.41566644027659033,0.46598689138083194,0.44924386755403994,0.4299090712559337,0.6757375047337871,0.5809938177668309,0.44226327229208684,0.405196987454895,0.5147042747963235,0.27640772,0.2986641135380594,0.0531389955543527,0.7237734359389184,0.5,0.35519892,0.02142726070722722,0.8832787688054619,0.8832787458223409,1.0,0.0,0.0,0.0,0.6666667,0.13866489,0.49041659330519505,1.0,0.41666666666666663,1.0,0.0,1.0,0.0,1.0,1.0,-1.0,1.56,2020-03-27T00:00:00,EURUSD,H1,1,BUY,-13.78930145973678,50,"hit_tp=False,hit_sl=True,regime=1"
0.4100790292416691,0.4091315273125392,0.4616573879605864,0.4520286297540753,0.4579232154642395,0.3739479478194295,0.4615436049437642,0.3948456186462551,0.11947431888448341,0.23659371603241525,0.086063385,0.1971485810109457,0.14206512395614798,0.26786558004954947,0.5,0.06764058,0.01702400157814546,0.8219335111416064,0.8219336597600589,1.0,0.0,0.0,0.17391305,0.33333334,0.16888791,0.6106241693575539,1.0,0.41666666666666663,1.0,0.0,1.0,0.0,1.0,1.0,1.0,2.0,2020-09-02T04:00:00,EURUSD,H1,1,BUY,19.72168324302137,83,"hit_tp=True,hit_sl=False,regime=1"
0.3848195709027955,0.37706867523703613,0.41083113049782083,0.4311043414681125,0.5046512902741359,0.4205025787606775,0.40237687125043264,0.3298814029420059,0.31040153871059584,0.4560528645527386,0.13462897,0.28955277019965964,0.31785245475380686,0.2129810113327223,0.5,0.3121575,0.03748907864209269,0.6096666221187986,0.609666614678561,0.0,0.0,1.0,0.6086956,0.6666667,0.22719465,0.6995893595340715,1.0,0.08333333333333331,0.2000000400000022,0.7999999279999885,0.20000000000000018,0.7999999999999999,0.1999999999999999,0.20000000000000018,-1.0,1.3,2020-04-24T14:00:00,EURUSD,H1,4,BUY,-40.79069295412019,3,"hit_tp=False,hit_sl=True,regime=4"
0.41818538467387806,0.41378361712246853,0.47602019864393397,0.46813756312016364,0.624981047691542,0.43463392544645857,0.54236366201831,0.4343299490391357,0.4812207663471019,0.5731148052789676,0.38620922,0.47583229880235234,0.9016448737970245,0.9886950723236616,0.5,0.4954879,0.01828757358287989,0.9627686566245252,0.9627687058940112,0.0,1.0,0.0,0.3478261,0.16666667,0.25616243,0.436093743393406,1.0,0.3333333333333333,0.8000001028571486,0.1999999519999923,0.8000000000000003,0.20000000000000007,0.7999999999999998,0.8000000000000003,1.0,1.95,2020-05-19T08:00:00,EURUSD,H1,3,BUY,11.072395057050157,16,"hit_tp=True,hit_sl=False,regime=3"
0.4162308045392041,0.41804970303688216,0.4748103996381648,0.46037075317600323,0.028030578591177115,0.32286500082570174,0.4253930711740452,0.3481572433258325,0.5623395841701064,0.44493048670039265,0.4662003,0.32027161218550443,0.6698876281022338,0.9163354833099033,0.5,0.5317597,0.050984155715279644,0.9699038167556421,0.9699037683078069,1.0,0.0,0.0,0.08695652,0.6666667,0.42587578,0.5940115824722938,0.41666666666666663,1.0,1.0,0.0,1.0,0.0,1.0,1.0,1.0,1.95,2020-03-27T02:00:00,EURUSD,H1,2,SELL,17.112294480801093,13,"hit_tp=True,hit_sl=False,regime=2"
0.4156191121905119,0.41611968568150676,0.47996075869540195,0.46747039228261744,0.5455837012697214,0.8081899369737926,0.6352576190933613,0.3777966084744952,0.2538787679269268,0.509024352141219,0.38512197,0.5369757121567268,0.18804391793798034,0.7658936329330838,0.5,0.23850314,0.027400402667324533,0.8688349107798058,0.8688348635653932,1.0,0.0,0.0,0.5652174,0.5,0.31764346,0.5819019347660466,1.0,0.41666666666666663,1.0,0.0,1.0,0.0,1.0,1.0,-1.0,1.3,2020-04-23T13:00:00,EURUSD,H1,1,BUY,-12.741084997425212,8,"hit_tp=False,hit_sl=True,regime=1"
0.4022189626141135,0.4036491409600147,0.4757633700102039,0.4848745511510012,0.3486818593975468,0.31759968870961963,0.3619085272165795,0.42743667552938763,0.626126547249497,0.572674089515235,0.6379262,0.48050541195585467,0.26919046409058195,0.22817432779668226,0.5,0.49010283,0.08559219030512351,0.7614993145319363,0.7614993174425465,1.0,0.0,0.0,0.73913044,0.8333333,0.6882248,0.4830469229510327,0.41666666666666663,1.0,1.0,0.0,1.0,0.0,1.0,1.0,-1.0,1.56,2020-03-21T17:00:00,EURUSD,H1,2,SELL,-12.496387780720486,52,"hit_tp=False,hit_sl=True,regime=2"
0.4102841243550111,0.4207228105567253,0.4845454290271497,0.47550653082969796,0.5860488243187775,0.5467187145360273,0.6780563952400803,0.41301000800675,0.44044243042009773,0.5395382235977917,0.39435217,0.47237872699044187,0.10604008084878838,0.27911336706630396,0.5,0.31838638,0.013258613966956885,0.975130195730705,0.9751302814606754,0.0,1.0,0.0,0.4347826,0.5,0.39590356,0.4843716953928144,1.0,0.3333333333333333,0.8000001028571486,0.1999999519999923,0.8000000000000003,0.20000000000000007,0.7999999999999998,0.8000000000000003,-1.0,1.56,2020-07-09T10:00:00,EURUSD,H1,3,BUY,-6.888246724678915,28,"hit_tp=False,hit_sl=True,regime=3"
0.4138324895145713,0.4228954358630939,0.4855565903532758,0.46625608029464594,0.40781095106017695,0.4498336845654955,0.6613860685344969,0.4885288258917852,0.25751173161773955,0.4162692555121251,0.31943244,0.5530871197423181,0.08898671596798727,0.734965874042708,0.5,0.32812017,0.01225941366537218,0.9382774258404002,0.9382774265936492,0.0,1.0,0.0,0.65217394,0.0,0.27539766,0.48899146090289336,1.0,0.3333333333333333,0.8000001028571486,0.1999999519999923,0.8000000000000003,0.20000000000000007,0.7999999999999998,0.8000000000000003,-1.0,1.3,2020-02-17T15:00:00,EURUSD,H1,3,BUY,-6.880550392869278,7,"hit_tp=False,hit_sl=True,regime=3"
0.4073084737444072,0.0980641395670334,0.17759268762402328,0.1655415759622462,0.5980810009127244,0.4720371775602789,0.4647526118567795,0.3833264160237177,0.22125983676448788,0.12015432837548935,0.095081635,0.20158910352865414,0.09779429809027063,0.7377157603430421,0.5,0.2000628,0.17179182801540818,0.8954020657022514,0.8954021279976454,0.0,0.0,1.0,0.6956522,0.6666667,0.076629825,0.27409806162833183,1.0,0.0,0.0,1.0,0.0,1.0,0.0,0.0,1.0,1.95,2020-04-24T16:00:00,EURUSD,H1,5,BUY,192.4143948594459,19,"hit_tp=True,hit_sl=False,regime=5"
0.4160740279799766,0.41634226020029486,0.47354847148731705,0.46909994408398625,0.39273643711681094,0.6293537238837291,0.4947718557868065,0.3663248388321793,0.5040108951522685,0.5109920014414338,0.20426363,0.17778223326582518,0.29493883847068103,0.22013514361507627,0.5,0.47527143,0.01253254232026189,0.8964326139745566,0.8964326152384704,0.0,1.0,0.0,0.08695652,0.6666667,0.48027653,0.6543864576879158,1.0,0.3333333333333333,0.8000001028571486,0.1999999519999923,0.8000000000000003,0.20000000000000007,0.7999999999999998,0.8000000000000003,1.0,1.95,2020-01-03T02:00:00,EURUSD,H1,3,BUY,9.494273502332897,10,"hit_tp=True,hit_sl=False,regime=3"
0.4361143544347498,0.45478409344274884,0.5562561816655079,0.5695124780850767,0.4525535035243211,0.44895788857552,0.536307785219908,0.4209431215118416,0.7869784004033474,0.7693326854443143,0.79080725,0.7093819614426233,0.6209543808926611,0.1183461407019689,0.5,0.7976273,0.3130790190735695,0.6374705081906956,0.6374705858376102,0.0,0.0,1.0,0.5217391,0.6666667,0.8330312,0.514568367165139,0.08333333333333331,1.0,0.2000000400000022,0.7999999279999885,0.20000000000000018,0.7999999999999999,0.1999999999999999,0.20000000000000018,-1.0,1.3,2020-03-13T12:00:00,EURUSD,H1,4,SELL,-46.6132836125488,19,"hit_tp=False,hit_sl=True,regime=4"
0.41421643740610764,0.42214790164249033,0.480030818774873,0.4623952210494108,0.4286077414288624,0.6276673047782978,0.5773708296583571,0.4844957041578356,0.332437282783977,0.3784858568327874,0.22036251,0.2929705369902299,0.12046981911327737,0.7447955565700444,0.5,0.29866353,0.009159270957780912,0.8860219956796419,0.8860220580895078,0.0,1.0,0.0,0.17391305,0.16666667,0.16585661,0.4000740766563948,1.0,0.3333333333333333,0.8000001028571486,0.1999999519999923,0.8000000000000003,0.20000000000000007,0.7999999999999998,0.8000000000000003,-1.0,1.3,2020-01-28T04:00:00,EURUSD,H1,3,BUY,-7.628793243463772,9,"hit_tp=False,hit_sl=True,regime=3"
0.4210755485423771,0.42631563798104577,0.4923627559130782,0.4875147551777958,0.23471928457458943,0.33790140189502904,0.4163881804489576,0.3044250693188585,0.6023545435377886,0.6113722497528065,0.74218255,0.6015925168730681,0.5532851919640721,0.13947388889731557,0.5,0.59213203,0.04436144936213541,0.9001880834497951,0.9001880846678777,1.0,0.0,0.0,0.47826087,0.16666667,0.7946462,0.4572474848536119,0.41666666666666663,1.0,1.0,0.0,1.0,0.0,1.0,1.0,1.0,1.95,2020-02-04T11:00:00,EURUSD,H1,2,SELL,18.2007632857184,9,"hit_tp=True,hit_sl=False,regime=2"
0.40811658703560766,0.41217195191506123,0.4731044769989513,0.4661322851214129,0.6312815044954015,0.528256494693032,0.48353827253210496,0.3705271971247464,0.5510727222030345,0.548898987970983,0.3579568,0.32642352343568526,0.17556528430507312,0.7619975544218198,0.5,0.4279571,0.008891121823035196,0.9315292842107885,0.9315293704728551,0.0,1.0,0.0,0.47826087,0.0,0.29946795,0.4190024368761004,1.0,0.3333333333333333,0.8000001028571486,0.1999999519999923,0.8000000000000003,0.20000000000000007,0.7999999999999998,0.8000000000000003,-1.0,1.3,2020-06-22T11:00:00,EURUSD,H1,3,BUY,-5.931326548493932,7,"hit_tp=False,hit_sl=True,regime=3"
0.4027999475498457,0.4089266792281489,0.47694818882924467,0.4808357494197585,0.34213635093817696,0.3980061390576526,0.5906672592589869,0.4891291841935661,0.39693294680394625,0.5043143646208764,0.24273236,0.47585617557862286,0.030907428766365905,0.30257136780354243,0.5,0.33839387,0.02065222774449936,0.9449218963518493,0.9449218970240105,1.0,0.0,0.0,0.2173913,0.16666667,0.37209257,0.5578608241398544,1.0,0.41666666666666663,1.0,0.0,1.0,0.0,1.0,1.0,1.0,1.95,2020-08-25T05:00:00,EURUSD,H1,1,BUY,25.062465575504955,18,"hit_tp=True,hit_sl=False,regime=1"
0.4125293208965295,0.4147259741409249,0.4813963646360313,0.4584171716338745,0.2499738080835715,0.1725259110283008,0.3333159906625345,0.2683383546096943,0.488050146115345,0.5924491067611831,0.4857094,0.2507404313588341,0.03545482623439767,0.30115158477909054,0.5,0.5026684,0.013786624200879068,0.7932771787748573,0.793277156890096,1.0,0.0,0.0,0.26086956,0.6666667,0.57149875,0.5292210786229469,1.0,0.41666666666666663,1.0,0.0,1.0,0.0,1.0,1.0,-1.0,1.3,2020-06-12T06:00:00,EURUSD,H1,1,BUY,-8.429228391308996,3,"hit_tp=False,hit_sl=True,regime=1"
0.4162319827914216,0.4561666792529624,0.5686617727539829,0.546211691707228,0.24417391061606353,0.29434060650205096,0.3053272732035973,0.3670980443521587,0.7880396605931795,0.6691949269242079,0.75519454,0.7695482932939658,0.2121116579819863,0.24599555894055627,0.5,0.66020006,0.4156196669447825,0.46565663864503665,0.46565658414714245,0.0,0.0,1.0,0.08695652,0.8333333,0.7805526,0.565083135675745,0.08333333333333331,1.0,0.2000000400000022,0.7999999279999885,0.20000000000000018,0.7999999999999999,0.1999999999999999,0.20000000000000018,-1.0,1.56,2020-06-06T02:00:00,EURUSD,H1,4,SELL,-39.05414377943561,25,"hit_tp=False,hit_sl=True,regime=4"
0.4069254904422197,0.4221310968971402,0.4738682174307022,0.46917781437873274,0.17198196131878224,0.30354337284767446,0.4708503500630357,0.41387452875555136,0.5030715604695315,0.5233718370083158,0.28508738,0.43817892691574084,0.061223180636324814,0.293106151491264,0.5,0.44951478,0.025194025037813584,0.9428227240110448,0.9428227003012627,1.0,0.0,0.0,0.82608694,0.5,0.3756614,0.2769665117625962,1.0,0.41666666666666663,1.0,0.0,1.0,0.0,1.0,1.0,-1.0,1.3,2020-03-12T19:00:00,EURUSD,H1,1,BUY,-11.987277801304153,4,"hit_tp=False,hit_sl=True,regime=1"
0.4143662725506281,0.43370074673137493,0.4888947955303588,0.4829723134526127,0.5432245071762313,0.6341584568350368,0.5554311132110246,0.45458059548391133,0.35014763120791126,0.5547365494161681,0.5096502,0.6731392161092263,0.4799021792931308,0.16238563507176615,0.5,0.3307016,0.012309759785564403,0.914942698550541,0.9149426995885618,0.0,1.0,0.0,0.9130435,1.0,0.45575893,0.6131127295274222,1.0,0.3333333333333333,0.8000001028571486,0.1999999519999923,0.8000000000000003,0.20000000000000007,0.7999999999999998,0.8000000000000003,1.0,2.0,2020-03-15T21:00:00,EURUSD,H1,3,BUY,11.477539937414516,28,"hit_tp=True,hit_sl=False,regime=3"
0.4192273447265151,0.4273908955079201,0.4956500493103673,0.49059246134369866,0.3659486614524571,0.3920415907670289,0.3785005177522612,0.33704823260648087,0.5006748352787497,0.5159642556927129,0.7757313,0.6992514327361539,0.2696845533803745,0.22802006603724181,0.5,0.6638725,0.06367391892878295,0.8660930019139556,0.8660930401594694,1.0,0.0,0.0,0.5217391,0.33333334,0.78720653,0.46216162211211986,0.41666666666666663,1.0,1.0,0.0,1.0,0.0,1.0,1.0,-1.0,1.3,2020-04-29T12:00:00,EURUSD,H1,2,SELL,-11.21340499009138,20,"hit_tp=False,hit_sl=True,regime=2"
0.4117803892639746,0.4212802246178737,0.479865725428122,0.4681300586266761,0.3866574601587308,0.513009464735434,0.48224527530953687,0.3708024612263291,0.2654581188652632,0.37081353366500125,0.06309467,0.343958266835607,0.08395998297628136,0.28600724214510587,0.5,0.39863902,0.01698812002036436,0.9353946487324133,0.9353946495208431,1.0,0.0,0.0,0.0,0.16666667,0.24226752,0.6288367193648522,1.0,0.41666666666666663,1.0,0.0,1.0,0.0,1.0,1.0,-1.0,1.3,2020-01-07T00:00:00,EURUSD,H1,1,BUY,-10.928539393302296,8,"hit_tp=False,hit_sl=True,regime=1"
0.4274377427005571,0.4313022305560586,0.4887422957716354,0.4848862843774128,0.19378395760461173,0.18321579240325922,0.39188875932953726,0.39740731420000874,0.6543777262536624,0.5951429037685114,0.98656654,0.788275029469485,0.10169807985515224,0.7389346274603549,0.5,0.47272503,0.04188468727680283,0.946604980785208,0.946604920417926,1.0,0.0,0.0,0.3043478,0.8333333,0.6153935,0.47507334243026067,0.41666666666666663,1.0,1.0,0.0,1.0,0.0,1.0,1.0,-1.0,1.3,2020-04-04T07:00:00,EURUSD,H1,2,SELL,-11.66719579543285,7,"hit_tp=False,hit_sl=True,regime=2"
0.4122456015292109,0.40823685554044,0.45836269715193556,0.4460291732498115,0.3017352817199115,0.30419076409517193,0.33061446829163815,0.36793129768790817,0.40655464114263745,0.3236955396128378,0.14014375,0.13728173331260346,0.27697009258982613,0.225745373813622,0.5,0.4499456,0.014186784556349865,0.8852870229790725,0.8852869023411977,1.0,0.0,0.0,0.26086956,0.16666667,0.18166381,0.5711460721773742,1.0,0.41666666666666663,1.0,0.0,1.0,0.0,1.0,1.0,1.0,1.95,2020-06-30T06:00:00,EURUSD,H1,1,BUY,16.551169060490256,9,"hit_tp=True,hit_sl=False,regime=1"
0.41095770986823316,0.42505263961066914,0.4818623682995042,0.47963328129212884,0.31537738119658437,0.32643006116187206,0.3641920054270916,0.32666352619187067,0.741058535449713,0.6432376335312893,0.8078682,0.6987068312614234,0.19211429238486444,0.7671645138424787,0.5,0.80776876,0.050685028777131304,0.9945319007380102,0.9945319740274259,1.0,0.0,0.0,0.3043478,0.0,0.74511474,0.5273264502716554,0.41666666666666663,1.0,1.0,0.0,1.0,0.0,1.0,1.0,-1.0,1.3,2020-08-17T07:00:00,EURUSD,H1,2,SELL,-11.581812461349816,3,"hit_tp=False,hit_sl=True,regime=2"
0.3271336107499027,0.34136231256907973,0.4144902595215797,0.2836050333561955,0.43148198932555726,0.3651862971034506,0.4370730474213272,0.3840460459475909,0.38788166705930516,0.3212810227912289,0.09779587,0.23176947045135182,0.1513282228260834,0.26497343646107796,0.5,0.42134082,0.09887396826892782,0.7616301756737912,0.7616302151941464,0.0,0.0,1.0,0.04347826,0.5,0.13413574,0.5722569390239294,1.0,0.0,0.0,1.0,0.0,1.0,0.0,0.0,-1.0,1.3,2020-02-13T01:00:00,EURUSD,H1,5,BUY,-111.9801089561645,19,"hit_tp=False,hit_sl=True,regime=5"
0.4197992480610507,0.4203957444803706,0.4762315774845707,0.45519654058711256,0.7786133067917033,0.6860391879510308,0.5963834096824498,0.5215989319039717,0.3265747132940761,0.37833179855790794,0.26651576,0.4646028095173767,0.1865281187819698,0.7654203796264015,0.5,0.28092992,0.026176016346925898,0.7760808190015893,0.7760807851229081,1.0,0.0,0.0,0.3478261,0.8333333,0.21819396,0.61007913354063,1.0,0.41666666666666663,1.0,0.0,1.0,0.0,1.0,1.0,-1.0,1.3,2020-11-21T08:00:00,EURUSD,H1,1,BUY,-15.909931356234974,17,"hit_tp=False,hit_sl=True,regime=1"
0.41311599743158506,0.42197327258478534,0.4805375421977152,0.4635017610391788,0.5910786361306967,0.4780618356826535,0.5169075873112319,0.4567769102664573,0.3821718973991983,0.48678017316380795,0.25733832,0.5101705314354815,0.6943809611112001,0.9239828681297939,0.5,0.42628464,0.014890778567158496,0.9093647652610689,0.9093647175520388,0.0,1.0,0.0,0.5217391,1.0,0.19368137,0.5421905203303915,1.0,0.3333333333333333,0.8000001028571486,0.1999999519999923,0.8000000000000003,0.20000000000000007,0.7999999999999998,0.8000000000000003,1.0,2.0,2020-06-14T12:00:00,EURUSD,H1,3,BUY,12.494211956335375,81,"hit_tp=True,hit_sl=False,regime=3"
0.4070895067405671,0.40330253625122514,0.4705413974111532,0.45989666843353255,0.6996369465472978,0.6396494607859451,0.7372785213013805,0.5151564365082181,0.23137936807451429,0.2666561061493475,0.13373652,0.3957498549108012,0.5659799058330469,0.13551032819472494,0.5,0.15924008,0.013477026341539135,0.7911743941149267,0.7911743722558275,1.0,0.0,0.0,0.17391305,0.33333334,0.16622299,0.5056329975751985,1.0,0.41666666666666663,1.0,0.0,1.0,0.0,1.0,1.0,-1.0,1.56,2020-03-25T04:00:00,EURUSD,H1,1,BUY,-16.16337020365677,22,"hit_tp=False,hit_sl=True,regime=1"
0.43370285274180215,0.4797376931086292,0.5440126900242059,0.4863685771743825,0.5953091171379977,0.4258146412155971,0.36676253854416246,0.42441250092747884,0.7873296430285917,0.616020263120768,1.0,0.6747403497193283,0.23706911024800298,0.7812003244459197,0.5,0.710433,0.28832990077456633,0.540661392932954,0.5406614107424023,0.0,0.0,1.0,0.6086956,0.8333333,0.788449,0.6009809554632997,0.08333333333333331,1.0,0.2000000400000022,0.7999999279999885,0.20000000000000018,0.7999999999999999,0.1999999999999999,0.20000000000000018,1.0,1.95,2020-01-25T14:00:00,EURUSD,H1,4,SELL,76.60888061659988,17,"hit_tp=True,hit_sl=False,regime=4"
0.42011674354352624,0.42280206113896796,0.48084679795180635,0.47024400824526896,0.3351655250423576,0.47837552351625634,0.34241173737252106,0.39232335569008303,0.1853212371871266,0.41405094611749965,0.3274194,0.40472041249956864,0.2982182908034828,0.8002923954888695,0.5,0.12665518,0.009608553400543111,0.8785400895237632,0.8785401642287174,0.0,1.0,0.0,0.3478261,0.33333334,0.32853058,0.473866570242843,1.0,0.3333333333333333,0.8000001028571486,0.1999999519999923,0.8000000000000003,0.20000000000000007,0.7999999999999998,0.8000000000000003,-1.0,1.3,2020-01-08T08:00:00,EURUSD,H1,3,BUY,-6.027242699579993,11,"hit_tp=False,hit_sl=True,regime=3"
0.3947607956478833,0.39954060020665033,0.4423191703641438,0.3880791914001992,0.4385897684119717,0.7576303603388043,0.627670078055807,0.5074767733273235,0.2263357387184059,0.26160306201815187,0.12385986,0.1963202982793191,0.2961788948254425,0.21974796802244048,0.5,0.34995642,0.12447853287910832,0.9974591728309082,0.997459172861916,0.0,0.0,1.0,0.7826087,0.0,0.14586592,0.5622027681237145,1.0,0.08333333333333331,0.2000000400000022,0.7999999279999885,0.20000000000000018,0.7999999999999999,0.1999999999999999,0.20000000000000018,-1.0,1.3,2020-02-17T18:00:00,EURUSD,H1,4,BUY,-51.707546445998176,8,"hit_tp=False,hit_sl=True,regime=4"
0.3851609429586164,0.47300340130357454,0.5330818532144571,0.48301803122018727,0.20462467194220524,0.2774909894400069,0.5469401048189797,0.4172125460831966,0.456256432015115,0.45795140270047263,0.53931874,0.6511466968371205,0.30581796035612174,0.8026652178972405,0.5,0.44013903,0.36555207833810566,0.9906498292404273,0.9906498293545348,0.0,0.0,1.0,0.7826087,0.6666667,0.4297479,0.5886078667912339,0.0,1.0,0.0,1.0,0.0,1.0,0.0,0.0,-1.0,1.56,2020-02-28T18:00:00,EURUSD,H1,5,SELL,-120.31004993907412,27,"hit_tp=False,hit_sl=True,regime=5"
0.4080177112729458,0.41635300344440057,0.49172275653017444,0.480940221800319,0.2600086154232523,0.19217423933302846,0.28180700824680766,0.3075243935824197,0.724868142690235,0.7254324451340716,0.6476447,0.5055742722895414,0.22571157783989876,0.24174935049762672,0.5,0.6380778,0.059093707468379345,0.9494825102674374,0.9494824498650386,1.0,0.0,0.0,0.95652175,0.16666667,0.727866,0.5125866483791777,0.41666666666666663,1.0,1.0,0.0,1.0,0.0,1.0,1.0,-1.0,1.3,2020-03-17T22:00:00,EURUSD,H1,2,SELL,-9.687590389328982,2,"hit_tp=False,hit_sl=True,regime=2"
0.4221095961125713,0.4236304598118272,0.4916764207036323,0.48868156037937843,0.42638215752603664,0.3860012387893429,0.5373934976934401,0.4176763135824886,0.5959655898102422,0.628685963176492,0.796949,0.5684475144695318,0.8838232493268998,0.03627284172249856,0.5,0.757711,0.04376525825500354,0.7614356718149007,0.7614357113376298,1.0,0.0,0.0,0.26086956,1.0,0.7983162,0.5797847850610378,0.41666666666666663,1.0,1.0,0.0,1.0,0.0,1.0,1.0,-1.0,1.3,2020-08-23T06:00:00,EURUSD,H1,2,SELL,-13.117929628814196,9,"hit_tp=False,hit_sl=True,regime=2"
0.4188649021593633,0.4169499869582469,0.47414974778350544,0.46471571097630293,0.15235296379088187,0.38963134581828146,0.40521704919358875,0.4816230574024084,0.40684369624781375,0.5521410603799101,0.32657877,0.40063996880836944,0.11831780426220113,0.744123651587927,0.5,0.48197326,0.02208715511562133,0.7744101214057745,0.7744100875474819,1.0,0.0,0.0,0.08695652,0.0,0.23374674,0.5162891605352059,1.0,0.41666666666666663,1.0,0.0,1.0,0.0,1.0,1.0,-1.0,1.3,2020-07-13T02:00:00,EURUSD,H1,1,BUY,-12.363076787100802,12,"hit_tp=False,hit_sl=True,regime=1"
0.4134647757352332,0.4263458179918469,0.4705177969050806,0.47241887783454056,0.4917671733292147,0.5143672434697394,0.598522257372282,0.4005901780396014,0.44823706909575733,0.20500138859108008,0.16124983,0.436368196999414,0.7108959291538025,0.09026442287003869,0.5,0.46545708,0.11651390394194495,0.82214435586303,0.8221443946448835,1.0,0.0,0.0,1.0,0.6666667,0.5226119,0.3355258517091285,0.41666666666666663,1.0,1.0,0.0,1.0,0.0,1.0,1.0,-1.0,1.56,2020-02-28T23:00:00,EURUSD,H1,2,SELL,-13.36285043795904,22,"hit_tp=False,hit_sl=True,regime=2"
0.41007716679389794,0.365608632612101,0.4285759189421457,0.38160214368707523,0.3236276610111689,0.30658995236796616,0.3918928774478329,0.3988835795629626,0.3251630167836259,0.4227108186324148,0.1259922,0.24957788390248606,0.13494053492253447,0.7493136056678062,0.5,0.42076293,0.06162170615264214,0.653595522452339,0.6535955876986868,0.0,0.0,1.0,0.95652175,0.33333334,0.15111381,0.5570658055492067,1.0,0.08333333333333331,0.2000000400000022,0.7999999279999885,0.20000000000000018,0.7999999999999999,0.1999999999999999,0.20000000000000018,-1.0,1.3,2020-02-26T22:00:00,EURUSD,H1,4,BUY,-36.24540895521999,5,"hit_tp=False,hit_sl=True,regime=4"
0.4784115469354539,0.37562182422537715,0.40956652250530173,0.3415074111559402,0.37783035424660005,0.37467194716265345,0.3620402334642153,0.3498846517865293,0.24252001785167016,0.32756653312145984,0.2846973,0.30902354080446787,0.2933828480207615,0.2206209383971982,0.5,0.43096253,0.1320357013830948,0.7802042934877976,0.7802042961701363,0.0,0.0,1.0,0.73913044,0.16666667,0.28390446,0.11398169480438528,1.0,0.0,0.0,1.0,0.0,1.0,0.0,0.0,-1.0,1.3,2020-02-25T17:00:00,EURUSD,H1,5,BUY,-99.25655315623727,6,"hit_tp=False,hit_sl=True,regime=5"
0.42686802874223145,0.43118383073361843,0.4922226585378533,0.46340264142702986,0.46875188768164433,0.5108744852770344,0.5306664411506647,0.5252711075357425,0.4328766801943051,0.4791315679054441,0.3530952,0.4848446458211259,0.2375596382839048,0.7813534835476246,0.5,0.36169097,0.020357124707678118,0.8231387809440743,0.8231387586948886,1.0,0.0,0.0,0.8695652,0.33333334,0.31824586,0.5305911100004492,1.0,0.41666666666666663,1.0,0.0,1.0,0.0,1.0,1.0,1.0,2.0,2020-05-27T20:00:00,EURUSD,H1,1,BUY,23.29992655259572,38,"hit_tp=True,hit_sl=False,regime=1"
0.41255169788257995,0.4281564846146329,0.4922134408117222,0.4762535717620368,0.2856496323047797,0.44653833772261803,0.5308362399925359,0.5053753394872107,0.3788013807609086,0.525016951576752,0.4357293,0.7593197217160306,0.37561432785865323,0.19494652768458198,0.5,0.28152966,0.015071909334249914,0.9940437373009744,0.9940437495774441,0.0,1.0,0.0,0.2173913,1.0,0.41061926,0.6227341315075415,1.0,0.3333333333333333,0.8000001028571486,0.1999999519999923,0.8000000000000003,0.20000000000000007,0.7999999999999998,0.8000000000000003,1.0,2.0,2020-03-01T05:00:00,EURUSD,H1,3,BUY,11.350624176640345,21,"hit_tp=True,hit_sl=False,regime=3"
0.41280894011747193,0.4291199410641398,0.4895029061971577,0.4873109062626892,0.24180110050825682,0.37931565642664944,0.41893402324071094,0.3822875498577217,0.6568398131510772,0.6475328099549282,0.7642709,0.6299755528690114,0.15061176329335146,0.26519712175948734,0.5,0.67274195,0.05438825843148233,0.7782371294442462,0.7782370467241271,1.0,0.0,0.0,0.2173913,0.6666667,0.81151444,0.35094625659653184,0.41666666666666663,1.0,1.0,0.0,1.0,0.0,1.0,1.0,-1.0,1.3,2020-04-10T05:00:00,EURUSD,H1,2,SELL,-12.286068986830934,7,"hit_tp=False,hit_sl=True,regime=2"
0.4128833820947012,0.40802349742238864,0.47508879432603834,0.4636651497889691,0.15215284742276242,0.08701846874974861,0.32741752158220316,0.28284925087990165,0.42078226390224804,0.4682633826021037,0.25134525,0.16986696021536818,0.2714121777678042,0.22748066366340977,0.5,0.4460799,0.021466591917271176,0.9616610414762697,0.9616609687214661,1.0,0.0,0.0,0.47826087,0.8333333,0.3527706,0.5794778879702777,1.0,0.41666666666666663,1.0,0.0,1.0,0.0,1.0,1.0,1.0,1.95,2020-07-25T11:00:00,EURUSD,H1,1,BUY,14.5085022045377,15,"hit_tp=True,hit_sl=False,regime=1"
0.41307000601675775,0.416582460593712,0.4709981402083453,0.46576339790986027,0.4036709628648709,0.47486293901588644,0.42356984783644824,0.3753296740072549,0.48451314288139713,0.5000906302891449,0.43684983,0.21721871550131042,0.7704652079832396,0.07166566553353808,0.5,0.5147625,0.00945233663468797,0.9892712901577154,0.9892712658810852,0.0,1.0,0.0,0.2173913,0.5,0.40304318,0.5498437665312246,1.0,0.3333333333333333,0.8000001028571486,0.1999999519999923,0.8000000000000003,0.20000000000000007,0.7999999999999998,0.8000000000000003,-1.0,1.3,2020-06-25T05:00:00,EURUSD,H1,3,BUY,-5.421692026679192,4,"hit_tp=False,hit_sl=True,regime=3"
0.40001795008824065,0.4047976918659978,0.46416322904302676,0.44886528453690144,0.25697556282911543,0.5331082145739606,0.5739309507383886,0.5353033476544927,0.1540057842066825,0.06298871178902417,0.053800948,0.15661901103189932,0.0531389955543527,0.2956302095596117,0.5,0.13894151,0.019540060224543857,0.789235408601315,0.78923541117344,1.0,0.0,0.0,0.65217394,0.6666667,0.1321922,0.5224709672522148,1.0,0.41666666666666663,1.0,0.0,1.0,0.0,1.0,1.0,-1.0,1.56,2020-06-05T15:00:00,EURUSD,H1,1,BUY,-15.188867593918244,32,"hit_tp=False,hit_sl=True,regime=1"
0.41381752567954744,0.41827072149119954,0.48005299924481654,0.4667754397446391,0.6197030486365861,0.567782139635565,0.5535103419462981,0.5236161220145249,0.4280157655902488,0.48772235329818203,0.26594505,0.2979311857655318,0.22738125091401667,0.24122804984761548,0.5,0.53602195,0.011135606860682464,0.9928043213197403,0.9928042603886514,0.0,1.0,0.0,0.17391305,1.0,0.51574403,0.5369192902786761,1.0,0.3333333333333333,0.8000001028571486,0.1999999519999923,0.8000000000000003,0.20000000000000007,0.7999999999999998,0.8000000000000003,-1.0,1.56,2020-05-03T04:00:00,EURUSD,H1,3,BUY,-6.8361240819858615,31,"hit_tp=False,hit_sl=True,regime=3"
0.41130673774908694,0.41677874428339756,0.48826927006226545,0.46729845063865993,0.9392008968609974,1.0,0.6900220659441269,0.412732871156422,0.4940451332788646,0.508680310287928,0.2595249,0.41102041250656735,0.44926438832134424,0.1719514046432854,0.5,0.57622814,0.014688625803047814,0.7666331034218314,0.7666332039000354,1.0,0.0,0.0,0.4347826,0.6666667,0.5224156,0.5912935307791265,1.0,0.41666666666666663,1.0,0.0,1.0,0.0,1.0,1.0,-1.0,1.3,2020-06-12T10:00:00,EURUSD,H1,1,BUY,-14.577277425231738,10,"hit_tp=False,hit_sl=True,regime=1"
0.4140841906044838,0.4277577385231185,0.49088851598049177,0.48373261105631193,0.4835664528785676,0.4663793928796584,0.4542418686697145,0.37339831571719745,0.6309304897975845,0.4474954812816794,0.64924294,0.4596606718366771,0.22818202428886153,0.24097804458847524,0.5,0.67057806,0.10348140227648406,0.863532978197616,0.863532931047907,1.0,0.0,0.0,0.13043478,1.0,0.72957134,0.5379471439777305,0.41666666666666663,1.0,1.0,0.0,1.0,0.0,1.0,1.0,-1.0,1.3,2020-04-12T03:00:00,EURUSD,H1,2,SELL,-11.274971051213887,11,"hit_tp=False,hit_sl=True,regime=2"
0.36886582417898306,0.3033183319707158,0.40727352452684285,0.3169890577406478,0.27639534224455925,0.3452645802619249,0.49997338849895967,0.4019430217692434,0.24023685913648232,0.44886643411901295,0.25536907,0.3382280535350634,0.34986757223032267,0.8164184038647477,0.5,0.1402877,0.13908447236074115,0.6178365042152653,0.6178365088791046,0.0,0.0,1.0,0.7826087,0.0,0.220932,0.6259330305687322,1.0,0.0,0.0,1.0,0.0,1.0,0.0,0.0,1.0,2.0,2020-05-04T18:00:00,EURUSD,H1,5,BUY,167.7103940708924,91,"hit_tp=True,hit_sl=False,regime=5"
0.420207913211704,0.4231768189425611,0.4799463742774155,0.46527242707392114,0.05409719352593658,0.22141596113980605,0.2772152879626391,0.32027123544448177,0.3761646625704758,0.39451918763252575,0.32229808,0.3577093019265697,0.22016638178177206,0.7759229664013777,0.5,0.4738859,0.00914363664586804,0.9958089287717666,0.9958089776380366,0.0,1.0,0.0,0.17391305,0.16666667,0.2526105,0.6153858957350256,1.0,0.3333333333333333,0.8000001028571486,0.1999999519999923,0.8000000000000003,0.20000000000000007,0.7999999999999998,0.8000000000000003,-1.0,1.3,2020-01-07T04:00:00,EURUSD,H1,3,BUY,-4.802446174927422,1,"hit_tp=False,hit_sl=True,regime=3"
0.4153084496540117,0.4204078694418159,0.474957713495232,0.47173554301276144,0.21259980090117275,0.22344288170098045,0.40927475616465303,0.36271139260106183,0.7375962225607275,0.6131361461107807,0.60733783,0.3558843920046243,0.174327540452838,0.25779256423766855,0.5,0.60819584,0.0503067358537462,0.840614875781559,0.8406148655228796,1.0,0.0,0.0,0.65217394,0.5,0.6812763,0.4205871599581807,0.41666666666666663,1.0,1.0,0.0,1.0,0.0,1.0,1.0,-1.0,1.56,2020-02-20T15:00:00,EURUSD,H1,2,SELL,-11.452237622084915,25,"hit_tp=False,hit_sl=True,regime=2"
0.4186638863057944,0.42108965471464843,0.4765721691890251,0.47603645608219014,0.24093782567941502,0.27869223971188917,0.3187653918118387,0.34717082910669544,0.5027789841606093,0.5989365677609019,0.5308166,0.41174587498286086,0.32773368554905147,0.8095077607639121,0.5,0.43163514,0.010065483796751866,0.8819031586301496,0.8819030380335708,0.0,1.0,0.0,1.0,1.0,0.3937733,0.5997541636910682,1.0,0.3333333333333333,0.8000001028571486,0.1999999519999923,0.8000000000000003,0.20000000000000007,0.7999999999999998,0.8000000000000003,-1.0,1.3,2020-06-28T23:00:00,EURUSD,H1,3,BUY,-6.468283958966925,8,"hit_tp=False,hit_sl=True,regime=3"
0.3988117434536076,0.3257502779024708,0.3873896160543066,0.4335980590928592,0.2783119060661918,0.17514139059545325,0.3297362427961656,0.3144205436342405,0.21489244913408614,0.38624644330483676,0.21930279,0.37533024109741187,0.45904308275456795,0.16889829324178016,0.5,0.2774226,0.07842665689103497,0.5659900959728511,0.5659901134731937,0.0,0.0,1.0,0.65217394,1.0,0.21229361,0.5677481931171745,1.0,0.0,0.0,1.0,0.0,1.0,0.0,0.0,1.0,1.95,2020-01-26T15:00:00,EURUSD,H1,5,BUY,139.06220962380812,6,"hit_tp=True,hit_sl=False,regime=5"
0.4285625793779418,0.4347997546472244,0.49200170085661266,0.4737276347578619,0.4660680077700591,0.3071593790659112,0.3415070934128032,0.33546325792435844,0.48727994148267245,0.5606404344986439,0.53302026,0.5450097300754075,0.21431760039197836,0.24530681777841,0.5,0.59882814,0.014192619906253725,0.7851441765040631,0.7851441425147745,1.0,0.0,0.0,0.17391305,0.33333334,0.5399499,0.34280572741245274,1.0,0.41666666666666663,1.0,0.0,1.0,0.0,1.0,1.0,1.0,1.95,2020-10-21T04:00:00,EURUSD,H1,1,BUY,14.783328129104325,19,"hit_tp=True,hit_sl=False,regime=1"
0.4262378144371882,0.4187860620634649,0.46999309236410264,0.4675606592141083,0.3827115611710851,0.41066279961659674,0.3982151450234884,0.44850312129160635,0.36933176159848685,0.48959474647585394,0.39365643,0.4115718199782722,0.25221220929183863,0.7859283579298402,0.5,0.3110732,0.020803918660830856,0.769277723746894,0.769277689951236,1.0,0.0,0.0,0.08695652,0.16666667,0.35092884,0.6053064016322397,1.0,0.41666666666666663,1.0,0.0,1.0,0.0,1.0,1.0,1.0,2.0,2020-09-08T02:00:00,EURUSD,H1,1,BUY,20.84309512520699,22,"hit_tp=True,hit_sl=False,regime=1"
0.4106336722768791,0.4259496441735033,0.4910796317573508,0.46663511633413374,0.299443325847657,0.38901010573873024,0.4384957286012967,0.3690728653950977,0.5459082696296995,0.43478051910405524,0.28691402,0.4302500925866629,0.1072020208682078,0.278750575920619,0.5,0.57900304,0.01655355161265584,0.9945843281804618,0.9945843526541149,1.0,0.0,0.0,0.6086956,0.0,0.5901672,0.5554197973820966,1.0,0.41666666666666663,1.0,0.0,1.0,0.0,1.0,1.0,-1.0,1.3,2020-08-31T14:00:00,EURUSD,H1,1,BUY,-11.858719415158705,6,"hit_tp=False,hit_sl=True,regime=1"
0.40252685716239855,0.42014698720158195,0.4754450050876934,0.4542492192082473,0.5295041888216159,0.6243537719905218,0.688076990427673,0.5364135580566907,0.3349875630772402,0.4286017033207693,0.25820875,0.44408906805581816,0.22492805573390093,0.7774096193504199,0.5,0.22474287,0.023271256224111435,0.9137617386794892,0.9137618373621675,1.0,0.0,0.0,0.17391305,0.5,0.16113904,0.5395711620459194,1.0,0.41666666666666663,1.0,0.0,1.0,0.0,1.0,1.0,-1.0,1.3,2020-03-26T04:00:00,EURUSD,H1,1,BUY,-15.60452991604011,16,"hit_tp=False,hit_sl=True,regime=1"
0.4235629787014707,0.43028348712937803,0.487678791014358,0.4705922264432213,0.36514996508578196,0.38243685668008554,0.5907574901723589,0.474949389901532,0.36446242672460355,0.4227963184517911,0.42905036,0.32324886563986915,0.23197258593005007,0.23979455031543925,0.5,0.36189213,0.00701908188523704,0.9205761346352344,0.9205760867893831,0.0,1.0,0.0,0.3043478,0.0,0.44130996,0.4984743189709338,1.0,0.3333333333333333,0.8000001028571486,0.1999999519999923,0.8000000000000003,0.20000000000000007,0.7999999999999998,0.8000000000000003,-1.0,1.3,2020-03-02T07:00:00,EURUSD,H1,3,BUY,-7.492285465220405,13,"hit_tp=False,hit_sl=True,regime=3"
0.4141153362466959,0.4269263843072433,0.4838961559267574,0.466914739004793,0.32881907148762557,0.28118372993572144,0.5031557011808796,0.43298546525989273,0.317933342491001,0.3996913019168998,0.3615961,0.4135525172437769,0.5331378837031379,0.873639293495478,0.5,0.4354977,0.015386014101672113,0.872693087274521,0.8726930156054625,1.0,0.0,0.0,0.39130434,0.8333333,0.2730509,0.5387258219753285,1.0,0.41666666666666663,1.0,0.0,1.0,0.0,1.0,1.0,1.0,2.0,2020-08-15T09:00:00,EURUSD,H1,1,BUY,21.65585162522632,70,"hit_tp=True,hit_sl=False,regime=1"
0.41473319731198627,0.4166503004010865,0.46543430135689245,0.45424611254456765,0.3190135158585268,0.2976414895692644,0.34872479433538117,0.44024456900054737,0.22657679318237445,0.22672105813692145,0.12376989,0.15165754066828907,0.04808640878440168,0.2972077494623923,0.5,0.36884266,0.015047551333616068,0.846043813110861,0.8460436929519017,1.0,0.0,0.0,0.08695652,0.6666667,0.1948509,0.6695491444855781,1.0,0.41666666666666663,1.0,0.0,1.0,0.0,1.0,1.0,-1.0,1.3,2020-07-10T02:00:00,EURUSD,H1,1,BUY,-11.07514052995695,8,"hit_tp=False,hit_sl=True,regime=1"
0.41975502598930636,0.4217805722673593,0.4821462341769131,0.4681669627762835,0.33429427093630876,0.24170071865239146,0.39351427622002705,0.30791289156413965,0.5990246687351972,0.5679236109337208,0.3948015,0.4578584012370069,0.21098380424980617,0.7730559407669593,0.5,0.4844516,0.012315900739455392,0.9726777605461748,0.9726777608796094,0.0,1.0,0.0,0.5652174,1.0,0.47974396,0.5579035151183608,1.0,0.3333333333333333,0.8000001028571486,0.1999999519999923,0.8000000000000003,0.20000000000000007,0.7999999999999998,0.8000000000000003,1.0,1.95,2020-04-05T13:00:00,EURUSD,H1,3,BUY,8.855353012058309,8,"hit_tp=True,hit_sl=False,regime=3"
0.4078742705796408,0.42385438679420384,0.492574108991734,0.4799836917197595,0.200247050135031,0.38656729012544194,0.4917361039935177,0.439484173081986,0.4413247726340906,0.5596396684846633,0.47207257,0.6716168941183351,0.45078014122730425,0.17147814556050184,0.5,0.5779406,0.019568701993840795,0.8487843551532581,0.8487843203873188,1.0,0.0,0.0,0.4347826,0.6666667,0.4111004,0.559865822244073,1.0,0.41666666666666663,1.0,0.0,1.0,0.0,1.0,1.0,-1.0,1.3,2020-02-14T10:00:00,EURUSD,H1,1,BUY,-12.27883117669748,4,"hit_tp=False,hit_sl=True,regime=1"
0.38554024720958524,0.31762516287499204,0.4169085098687969,0.4560030540732379,0.043140889475407784,0.13054505311541956,0.35848615029936787,0.37329128438090464,0.3990828203025635,0.45990436948533076,0.24385348,0.3314866983174197,0.8186058218268603,0.05663515252760057,0.5,0.32143196,0.21679512197826262,0.9535627833695027,0.9535628083437736,0.0,0.0,1.0,0.6956522,0.5,0.2748592,0.5288667424531983,1.0,0.0,0.0,1.0,0.0,1.0,0.0,0.0,-1.0,1.3,2020-02-06T16:00:00,EURUSD,H1,5,BUY,-102.30368210069952,8,"hit_tp=False,hit_sl=True,regime=5"
0.40896746777055554,0.418396899840283,0.4826195109717819,0.4682395639334803,0.30047860656344844,0.5227243712639358,0.6009415783331825,0.4180674933404119,0.7205510856595138,0.5787955689946896,0.6824276,0.5055692311859703,0.30328183883540893,0.8018733721719153,0.5,0.78066176,0.0522299897531422,0.9616976284112023,0.9616977021013203,1.0,0.0,0.0,0.6956522,0.8333333,0.64500433,0.5484645743594148,0.41666666666666663,1.0,1.0,0.0,1.0,0.0,1.0,1.0,-1.0,1.3,2020-06-20T16:00:00,EURUSD,H1,2,SELL,-14.788110983336988,12,"hit_tp=False,hit_sl=True,regime=2"
0.41139849259615946,0.4230778715094945,0.4900218789207445,0.4922269531335665,0.25272161981865054,0.31452334606875226,0.4091909414266614,0.3768108534629166,0.6570945645872976,0.6659457175151811,0.9989015,0.8597111895774378,0.061677772382966296,0.726439453248577,0.5,0.57589877,0.041351926898971894,0.87117349689296,0.8711734740575692,1.0,0.0,0.0,0.95652175,0.33333334,0.72225255,0.5144234819709593,0.41666666666666663,1.0,1.0,0.0,1.0,0.0,1.0,1.0,-1.0,1.3,2020-08-05T22:00:00,EURUSD,H1,2,SELL,-10.947466820119269,4,"hit_tp=False,hit_sl=True,regime=2"
0.42091060668430774,0.43601837057195425,0.49782726728774485,0.4897104323352462,0.5322962038003053,0.507065752206485,0.5964740082849554,0.46955194823362906,0.9505621565190328,0.8550494503993272,0.8650574,0.745887564319372,0.21385375863523137,0.7739520046877914,0.5,1.0,0.0631806098774535,0.7705129050161797,0.770513029854597,1.0,0.0,0.0,0.0,0.6666667,0.84182084,0.4393345578052095,0.41666666666666663,1.0,1.0,0.0,1.0,0.0,1.0,1.0,-1.0,1.56,2020-03-13T00:00:00,EURUSD,H1,2,SELL,-14.090371198605125,44,"hit_tp=False,hit_sl=True,regime=2"
0.41984180982485986,0.42902203486544305,0.4864617013679805,0.47669355149820036,0.3343061910492007,0.38793901194326047,0.36454250509364355,0.3598815643729477,0.5686531943438796,0.5895610728117471,0.8370912,0.5662532346730467,0.29932921701716964,0.8006393081321186,0.5,0.5881676,0.049457142909941305,0.9133341181991578,0.9133341192568093,1.0,0.0,0.0,0.65217394,0.16666667,0.7916476,0.5491426618044162,0.41666666666666663,1.0,1.0,0.0,1.0,0.0,1.0,1.0,-1.0,1.3,2020-03-17T15:00:00,EURUSD,H1,2,SELL,-10.026384186985204,6,"hit_tp=False,hit_sl=True,regime=2"
0.4114688291168593,0.42796929733959665,0.49525047056194066,0.47055520641636944,0.6216814823583976,0.49585130174615033,0.4729497263243818,0.4289323126053632,0.5947174098366385,0.45940893672083405,0.8110757,0.5648301220061579,0.43124800488844534,0.8418271268566657,0.5,0.60342854,0.06462561086148448,0.9140787929054881,0.9140786963238063,1.0,0.0,0.0,0.73913044,0.5,0.5818798,0.5028236523826964,0.41666666666666663,1.0,1.0,0.0,1.0,0.0,1.0,1.0,-1.0,1.3,2020-02-13T17:00:00,EURUSD,H1,2,SELL,-12.47479866959278,9,"hit_tp=False,hit_sl=True,regime=2"
0.43913085251466916,0.4563765243089691,0.5172882265766522,0.49914204566882125,0.4274830171638279,0.3689355197055675,0.2900855842419468,0.33966359364828047,0.7125673634458967,0.768583781039913,1.0,0.8750116286442714,0.17136305096413315,0.7606854956863556,0.5,0.6463691,0.045586805853921754,0.9862189293112957,0.9862190027021612,1.0,0.0,0.0,0.08695652,0.0,1.0,0.6740164467073306,0.41666666666666663,1.0,1.0,0.0,1.0,0.0,1.0,1.0,-1.0,1.3,2020-01-27T02:00:00,EURUSD,H1,2,SELL,-11.533303229103176,6,"hit_tp=False,hit_sl=True,regime=2"
0.41334085286443123,0.42837746911370367,0.4856176091687396,0.4682402966866436,0.4606077542152271,0.5283571404123714,0.5710796869678562,0.55304229344602,0.36721294613754674,0.5806194690201691,0.45018026,0.6645286156301818,0.16441499837338572,0.7585162230873101,0.5,0.26660123,0.01734963729449691,0.9557847257454707,0.9557847262850642,0.0,1.0,0.0,0.26086956,0.16666667,0.31653768,0.6332412166901623,1.0,0.3333333333333333,0.8000001028571486,0.1999999519999923,0.8000000000000003,0.20000000000000007,0.7999999999999998,0.8000000000000003,-1.0,1.56,2020-02-25T06:00:00,EURUSD,H1,3,BUY,-7.505140939765287,27,"hit_tp=False,hit_sl=True,regime=3"
0.41206954038711446,0.4278236856519918,0.49606422006175993,0.48793524997179427,0.27116504804263025,0.32308635516282885,0.4107461010014473,0.3640961779333041,0.7235525393196893,0.6958059406898953,0.8301727,0.7199216208405315,0.02017524329145332,0.3059221939055916,0.5,0.75907815,0.060905534873965494,0.7729747005006076,0.7729747764938587,1.0,0.0,0.0,0.47826087,0.0,0.80556417,0.5074725563460648,0.41666666666666663,1.0,1.0,0.0,1.0,0.0,1.0,1.0,-1.0,1.3,2020-08-17T11:00:00,EURUSD,H1,2,SELL,-11.23452804309144,5,"hit_tp=False,hit_sl=True,regime=2"
0.4100843443511227,0.41568420866530703,0.4840962443186455,0.4796217446900007,0.30898300317569133,0.26405384743143634,0.2809179726908088,0.37234051231588866,0.5977369185966004,0.5492492056122391,0.7181803,0.5247381035881807,0.07650008107633866,0.2883363654591962,0.5,0.61811954,0.058126975569236516,0.9098997668089355,0.909899731297157,1.0,0.0,0.0,0.7826087,0.8333333,0.68760264,0.5460709971621034,0.41666666666666663,1.0,1.0,0.0,1.0,0.0,1.0,1.0,1.0,1.95,2020-09-12T18:00:00,EURUSD,H1,2,SELL,18.42300619307569,10,"hit_tp=True,hit_sl=False,regime=2"
0.408340294236303,0.4142292464308873,0.47309160792153215,0.468997456953275,0.3300169757292471,0.43483193615960475,0.5557926803204962,0.43073460105189304,0.47366836607638046,0.5381739511847939,0.38774726,0.3262627558469481,0.1631032081902549,0.26129702885782946,0.5,0.43956605,0.01090020516814918,0.9676402106719159,0.9676402110668278,0.0,1.0,0.0,0.2173913,0.6666667,0.37767744,0.6155082457944671,1.0,0.3333333333333333,0.8000001028571486,0.1999999519999923,0.8000000000000003,0.20000000000000007,0.7999999999999998,0.8000000000000003,-1.0,1.56,2020-04-24T05:00:00,EURUSD,H1,3,BUY,-7.181671526230726,22,"hit_tp=False,hit_sl=True,regime=3"
0.41523418629263936,0.4250594871432214,0.4835691632721534,0.46874986254324047,0.6253657000959867,0.6204488568800837,0.5639304313774877,0.4725966181978067,0.5047097877542971,0.6448231529473781,0.5746821,0.5724667041879623,0.7875185728640407,0.9530623612501049,0.5,0.2584492,0.01605400112539881,0.9935603821535863,0.9935604554548582,0.0,1.0,0.0,0.6956522,0.33333334,0.38230333,0.49884112807572356,1.0,0.3333333333333333,0.8000001028571486,0.1999999519999923,0.8000000000000003,0.20000000000000007,0.7999999999999998,0.8000000000000003,1.0,2.0,2020-04-01T16:00:00,EURUSD,H1,3,BUY,10.70335646795817,36,"hit_tp=True,hit_sl=False,regime=3"
0.39541519770125594,0.4811279253791666,0.5454045785830586,0.5694046296655683,0.5667258576933001,0.4925955759731649,0.517548359164261,0.538846798028505,0.8724659808170048,0.8925868748934106,0.7873262,0.7937278806429613,0.13986635030398772,0.75085155039627,0.5,0.6330347,0.2423933481353768,0.8143486050755109,0.8143486683600634,0.0,0.0,1.0,0.5652174,0.0,0.8109375,0.49120849890281143,0.08333333333333331,1.0,0.2000000400000022,0.7999999279999885,0.20000000000000018,0.7999999999999999,0.1999999999999999,0.20000000000000018,1.0,1.95,2020-03-16T13:00:00,EURUSD,H1,4,SELL,79.10876186400407,16,"hit_tp=True,hit_sl=False,regime=4"
0.4147858140811955,0.4329651730831145,0.4828864069826226,0.46424511015397035,0.3654715275170804,0.3525568129391815,0.4241670117582389,0.3782719270880484,0.354207619952411,0.317542532375367,0.3035735,0.4599768007602211,0.3972224439655201,0.1882000223211658,0.5,0.43907592,0.01573346342869656,0.9499566881716405,0.9499567864126035,1.0,0.0,0.0,0.0,0.6666667,0.2852636,0.47069865437155306,1.0,0.41666666666666663,1.0,0.0,1.0,0.0,1.0,1.0,1.0,1.95,2020-02-21T00:00:00,EURUSD,H1,1,BUY,19.673701548008623,19,"hit_tp=True,hit_sl=False,regime=1"
0.455579829446372,0.4096584098934357,0.4884530366756346,0.42166687921751717,0.3668148278542317,0.5400843304189029,0.47428107352357873,0.35379838204246694,0.3239302280426271,0.4845083002229797,0.2512684,0.3982424422646846,0.2113958922000123,0.24621904207542067,0.5,0.27209774,0.14396316166843606,0.6308720215254191,0.6308720016226147,0.0,0.0,1.0,0.6956522,0.0,0.30086496,0.554499210924396,1.0,0.0,0.0,1.0,0.0,1.0,0.0,0.0,-1.0,1.3,2020-04-27T16:00:00,EURUSD,H1,5,BUY,-106.42411242605787,13,"hit_tp=False,hit_sl=True,regime=5"
0.40793941146933643,0.4550120212999955,0.5187829501134428,0.5588367429491548,0.09501523206196565,0.17494260701908074,0.31397021074562304,0.4038097477546023,0.7853371112022811,0.7540885338374187,0.7778922,0.9258755015163949,0.04824615645892601,0.7222457726707441,0.5,0.7406635,0.26491996548037805,0.27015520731849996,0.2701552394125491,0.0,0.0,1.0,0.04347826,1.0,0.82989156,0.6028490657258063,0.08333333333333331,1.0,0.2000000400000022,0.7999999279999885,0.20000000000000018,0.7999999999999999,0.1999999999999999,0.20000000000000018,-1.0,1.0,2020-04-05T01:00:00,EURUSD,H1,4,SELL,-39.110919460387805,11,"hit_tp=False,hit_sl=True,regime=4"
0.4341774707045923,0.440593218072902,0.5364645323565342,0.5193110214320863,0.41246748154770796,0.3826828637768627,0.4783110751184303,0.45393633995154004,0.9232583344183123,0.7212500909847362,0.793858,0.6484357901406517,0.10637076871006487,0.7403935320188183,0.5,0.867844,0.21851923203080895,0.7262704773493006,0.7262704196709323,0.0,0.0,1.0,0.04347826,0.16666667,0.77821136,0.34350966213292594,0.08333333333333331,1.0,0.2000000400000022,0.7999999279999885,0.20000000000000018,0.7999999999999999,0.1999999999999999,0.20000000000000018,1.0,2.0,2020-06-09T01:00:00,EURUSD,H1,4,SELL,81.14547595071242,28,"hit_tp=True,hit_sl=False,regime=4"
0.42254617107501435,0.4565594728918126,0.5411036754290609,0.5577252389827252,0.14983507480651687,0.43054409097956625,0.3984041372381307,0.2765803967478145,0.6311073664958898,0.6194783198963488,0.72885436,0.9505320259499336,0.3020898362831461,0.8015011602050326,0.5,0.5443137,0.1645830757759292,0.658688929031463,0.6586888111589418,0.0,0.0,1.0,0.82608694,0.33333334,0.69404346,0.5192682739032218,0.08333333333333331,1.0,0.2000000400000022,0.7999999279999885,0.20000000000000018,0.7999999999999999,0.1999999999999999,0.20000000000000018,-1.0,1.3,2020-01-01T19:00:00,EURUSD,H1,4,SELL,-38.36736384440043,2,"hit_tp=False,hit_sl=True,regime=4"
0.4112504933132426,0.4241208756496512,0.4757209784471842,0.4781572538624121,0.2922308278984472,0.3278666719452699,0.4856891620410608,0.35440320497725675,0.7566487926142486,0.7014529658596915,0.6410233,0.4414880614744262,0.17531567278237248,0.2574840395635675,0.5,0.8129099,0.08181488806532118,0.8010317295982897,0.8010317564340164,1.0,0.0,0.0,0.5217391,0.8333333,0.71768874,0.6775890516726866,0.41666666666666663,1.0,1.0,0.0,1.0,0.0,1.0,1.0,-1.0,1.3,2020-04-11T12:00:00,EURUSD,H1,2,SELL,-12.903334464209326,8,"hit_tp=False,hit_sl=True,regime=2"
0.4045755171416705,0.40902749855845283,0.4656871038248485,0.46174156262587646,0.3813492642978307,0.26205907167139236,0.3497984649897898,0.323526746953403,0.5063562720066872,0.44103882713087583,0.3715592,0.3286827188515974,0.5068418624747346,0.15397447926685193,0.5,0.6323722,0.05777995681351365,0.983890521151355,0.9838905213479516,1.0,0.0,0.0,0.47826087,0.33333334,0.4959659,0.4653370112629765,0.41666666666666663,1.0,1.0,0.0,1.0,0.0,1.0,1.0,-1.0,1.3,2020-01-15T11:00:00,EURUSD,H1,2,SELL,-9.748114001901786,17,"hit_tp=False,hit_sl=True,regime=2"
0.4303329267879959,0.44225521475044643,0.4756139045065314,0.5079796308253237,0.6210076848613992,0.5782529852630756,0.5904615923421385,0.41793452817949384,0.4642443184349012,0.4654317477746679,0.58835423,0.7188881033208603,0.1687644918752073,0.7598741613952907,0.5,0.46557343,0.3035983887763182,0.9120141084493132,0.9120141583381965,0.0,0.0,1.0,0.17391305,0.33333334,0.39358887,0.663673868008299,0.08333333333333331,1.0,0.2000000400000022,0.7999999279999885,0.20000000000000018,0.7999999999999999,0.1999999999999999,0.20000000000000018,1.0,2.0,2020-06-03T04:00:00,EURUSD,H1,4,SELL,83.26938060942312,32,"hit_tp=True,hit_sl=False,regime=4"
0.3768268874444328,0.3837369567368694,0.4627106553831572,0.4596315939936106,0.3371735821358185,0.3509408347963844,0.5586254860965248,0.5306535522316929,0.21094076036914308,0.3040554284899865,0.18615305,0.22966168057468767,0.5464103994533613,0.1416203747767869,0.5,0.44065437,0.041571640689172795,0.6894265918114412,0.6894265467864882,0.0,0.0,1.0,0.04347826,0.33333334,0.25844687,0.4512267362205041,1.0,0.08333333333333331,0.2000000400000022,0.7999999279999885,0.20000000000000018,0.7999999999999999,0.1999999999999999,0.20000000000000018,1.0,1.95,2020-04-15T01:00:00,EURUSD,H1,4,BUY,88.54704268915769,19,"hit_tp=True,hit_sl=False,regime=4"
0.4158360019331791,0.41726716813994885,0.4709186473721044,0.454896467680139,0.24813005821663572,0.29042774194128407,0.337870684650955,0.3729738609595673,0.2903990193311619,0.3198358163164944,0.20360112,0.27331250510950583,0.08143366646628067,0.7326076362900845,0.5,0.3833237,0.016946427828950467,0.9400446187312488,0.9400446072591506,1.0,0.0,0.0,1.0,0.16666667,0.17629215,0.5803708557861013,1.0,0.41666666666666663,1.0,0.0,1.0,0.0,1.0,1.0,-1.0,1.3,2020-06-23T23:00:00,EURUSD,H1,1,BUY,-9.92162415306641,6,"hit_tp=False,hit_sl=True,regime=1"
0.4155798059046923,0.42217861357528796,0.4789720034426941,0.4574788857962511,0.5136502800659196,0.4617103841745371,0.5675362484034249,0.4593379466126526,0.4021985038535313,0.410154504517613,0.24128939,0.35123542949016195,0.09226616830078883,0.7359897746372062,0.5,0.3076018,0.011886944080245185,0.9057597195883581,0.9057597207384459,0.0,1.0,0.0,0.6086956,0.5,0.22829472,0.5154684938167888,1.0,0.3333333333333333,0.8000001028571486,0.1999999519999923,0.8000000000000003,0.20000000000000007,0.7999999999999998,0.8000000000000003,-1.0,1.3,2020-02-13T14:00:00,EURUSD,H1,3,BUY,-6.457087721758459,3,"hit_tp=False,hit_sl=True,regime=3"
0.3974101214070972,0.4071527216550335,0.46650797137489497,0.4425538075787834,0.5328295464972919,0.562618151465735,0.6129401388302247,0.5972587452965448,0.4090275161918184,0.3010476034782711,0.18345045,0.35144555323579474,0.33456990551762184,0.8116421457111886,0.5,0.3404838,0.012910158433607476,0.7603779579264649,0.760377912035637,1.0,0.0,0.0,0.9130435,0.6666667,0.10794642,0.5241391437030325,1.0,0.41666666666666663,1.0,0.0,1.0,0.0,1.0,1.0,-1.0,1.3,2020-03-20T21:00:00,EURUSD,H1,1,BUY,-15.291232678364963,5,"hit_tp=False,hit_sl=True,regime=1"
0.4126176618460387,0.41857689578589596,0.474240707828445,0.4673938688642131,0.5006268185873871,0.5724102654532819,0.4912976163173084,0.4274860561683044,0.3072608801290017,0.371480518765228,0.0,0.28463352541787357,0.08111592861915204,0.286895213748036,0.5,0.39223066,0.00869283334395902,0.914059706192268,0.9140597560561874,0.0,1.0,0.0,0.2173913,0.6666667,0.15041335,0.44031131439642723,1.0,0.3333333333333333,0.8000001028571486,0.1999999519999923,0.8000000000000003,0.20000000000000007,0.7999999999999998,0.8000000000000003,1.0,1.95,2020-05-22T05:00:00,EURUSD,H1,3,BUY,11.24016086246682,19,"hit_tp=True,hit_sl=False,regime=3"
0.4193446067180095,0.4306728728368508,0.49048382265982443,0.48593938962080974,0.2861737756515919,0.16041558590682325,0.2117935186517207,0.3338220708158963,0.6585943626361074,0.596842326822555,0.9037374,0.7312393142234036,0.2696845533803745,0.7913835679090856,0.5,0.6941667,0.04331083690679795,0.9968290916265844,0.996829116072843,1.0,0.0,0.0,0.5652174,0.6666667,0.7084314,0.4583325987578173,0.41666666666666663,1.0,1.0,0.0,1.0,0.0,1.0,1.0,-1.0,1.3,2020-08-14T13:00:00,EURUSD,H1,2,SELL,-10.374558950569934,5,"hit_tp=False,hit_sl=True,regime=2"
0.40842740977943326,0.4200680616592015,0.4769560152594914,0.4729385888487527,0.23879382805592198,0.3958033684533949,0.4018126155060942,0.5025748010494735,0.46679506822199723,0.4612712371710922,0.3545204,0.5653151329708676,0.39660306328884665,0.18839339290719484,0.5,0.397601,0.008585892506858189,0.9357030382740221,0.9357030390586885,0.0,1.0,0.0,0.95652175,0.5,0.3898583,0.5826577946295398,1.0,0.3333333333333333,0.8000001028571486,0.1999999519999923,0.8000000000000003,0.20000000000000007,0.7999999999999998,0.8000000000000003,1.0,1.95,2020-05-28T22:00:00,EURUSD,H1,3,BUY,10.11658007017413,14,"hit_tp=True,hit_sl=False,regime=3"
0.37343206395180484,0.41053279944585036,0.4603930390770087,0.38332174626430576,0.30568858655046954,0.33859926584302574,0.4680106317312965,0.4288722647895931,0.38976059158447107,0.4231920014270156,0.092033066,0.3463178887433858,0.0475893594913752,0.29736291864734476,0.5,0.6142133,0.08517858776308969,0.9104460446502902,0.9104460457431872,0.0,0.0,1.0,0.6086956,0.0,0.17808294,0.44134860140769755,1.0,0.08333333333333331,0.2000000400000022,0.7999999279999885,0.20000000000000018,0.7999999999999999,0.1999999999999999,0.20000000000000018,-1.0,1.56,2020-01-06T14:00:00,EURUSD,H1,4,BUY,-43.81783178394771,38,"hit_tp=False,hit_sl=True,regime=4"
0.4282626785574452,0.4272472847311647,0.4827029114314561,0.4755335091233078,0.30770113351245065,0.4251895525926327,0.4176054153255588,0.43147668897872005,0.6546235981326108,0.5569533449016817,0.8820445,0.5506115423093376,0.27808384005659526,0.7940060160867424,0.5,0.62846595,0.05980480613665742,0.9195173346103044,0.9195172867773747,1.0,0.0,0.0,0.82608694,1.0,0.76134187,0.5486608711051715,0.41666666666666663,1.0,1.0,0.0,1.0,0.0,1.0,1.0,-1.0,1.3,2020-01-12T19:00:00,EURUSD,H1,2,SELL,-13.528581129509387,14,"hit_tp=False,hit_sl=True,regime=2"
0.3530079381127829,0.3208504542052936,0.33193097319933473,0.3818123927226102,0.46748134029554145,0.4014886607557876,0.5816295890476437,0.5527850826423422,0.3146614399703701,0.29822312968123826,0.12879692,0.1883895164816584,0.2728633656032269,0.7923760753930934,0.5,0.18184765,0.04750791151667355,0.630786265557517,0.6307863310822241,0.0,0.0,1.0,0.26086956,0.8333333,0.072059184,0.4971664740838509,1.0,0.08333333333333331,0.2000000400000022,0.7999999279999885,0.20000000000000018,0.7999999999999999,0.1999999999999999,0.20000000000000018,-1.0,1.3,2020-01-11T06:00:00,EURUSD,H1,4,BUY,-59.48771968858235,5,"hit_tp=False,hit_sl=True,regime=4"
0.4060481079711349,0.4169592613114476,0.47437378171331496,0.4663849591231879,0.34710650118198844,0.368690569380957,0.3717501129495057,0.28311287397528334,0.2564679549699847,0.323411789790692,0.14946666,0.24712471250127357,0.7524215370205292,0.07729925307270394,0.5,0.3127839,0.01422021781733613,0.9362011966075588,0.9362011729785842,1.0,0.0,0.0,0.4347826,0.33333334,0.13948916,0.5473954027528544,1.0,0.41666666666666663,1.0,0.0,1.0,0.0,1.0,1.0,-1.0,1.3,2020-02-26T10:00:00,EURUSD,H1,1,BUY,-9.032365244661111,17,"hit_tp=False,hit_sl=True,regime=1"
0.4146346182098893,0.39962024321685996,0.419795967791329,0.3577067484351034,0.6660086853822361,0.6708532299610366,0.5898221809389034,0.5118100891941536,0.0013992205283551668,0.07647249949254013,0.21469118,0.28426313109371476,0.2452787717170581,0.23564006462810416,0.5,0.0,0.08267637715828484,0.8379425406702283,0.8379425792592844,0.0,0.0,1.0,0.3478261,0.16666667,0.18612124,0.6156812632219663,1.0,0.08333333333333331,0.2000000400000022,0.7999999279999885,0.20000000000000018,0.7999999999999999,0.1999999999999999,0.20000000000000018,-1.0,1.3,2020-03-17T08:00:00,EURUSD,H1,4,BUY,-53.58519494804703,4,"hit_tp=False,hit_sl=True,regime=4"
0.4288513310005476,0.432271160493358,0.4985112895776064,0.4743976112928509,0.3810614978877304,0.6306898309022578,0.7010124044525315,0.5337133090597629,0.31574944089589513,0.3908440891569432,0.36275014,0.5594274891501478,0.5573904851991051,0.13819213158919874,0.5,0.41115215,0.016568376062453167,0.784780369593699,0.7847803722201925,1.0,0.0,0.0,0.17391305,0.33333334,0.4347571,0.5086535441467587,1.0,0.41666666666666663,1.0,0.0,1.0,0.0,1.0,1.0,1.0,2.0,2020-05-13T04:00:00,EURUSD,H1,1,BUY,23.99235902466712,100,"hit_tp=False,hit_sl=False,regime=1"
0.4087283393536312,0.4197968973458783,0.480263849741474,0.467716364542313,0.21591708169380439,0.2935247152984805,0.4295905551692266,0.5026138740792959,0.23216784214111452,0.2947922992393713,0.19331473,0.17144168128281564,0.33406466996565193,0.20791921912101163,0.5,0.306777,0.021405089981086277,0.9965363229244398,0.9965363229667098,1.0,0.0,0.0,0.26086956,0.16666667,0.27202085,0.5948484220804323,1.0,0.41666666666666663,1.0,0.0,1.0,0.0,1.0,1.0,-1.0,1.3,2020-02-04T06:00:00,EURUSD,H1,1,BUY,-12.055043341396845,20,"hit_tp=False,hit_sl=True,regime=1"
0.41637070923682057,0.4204728870458155,0.4823106569527022,0.468761441485131,0.27231419816847285,0.18468806530410353,0.3194626958691505,0.37633095036043485,0.43423410934151874,0.44582525504622555,0.3658559,0.4730550057419539,0.2857562146886645,0.7964014981404594,0.5,0.27511066,0.010086466293936058,0.8799021412985718,0.8799021061528779,0.0,1.0,0.0,0.82608694,0.6666667,0.25056982,0.43737751237142214,1.0,0.3333333333333333,0.8000001028571486,0.1999999519999923,0.8000000000000003,0.20000000000000007,0.7999999999999998,0.8000000000000003,-1.0,1.3,2020-05-08T19:00:00,EURUSD,H1,3,BUY,-5.634744651561441,5,"hit_tp=False,hit_sl=True,regime=3"
0.4172604788087358,0.428889064650822,0.49346480640146806,0.48332952996427586,0.3831094635679563,0.31080994331127093,0.37747692635784147,0.3260895212104339,0.7886616786832845,0.6191434095583367,0.8291473,0.6351036839424349,0.34033765681889006,0.8134429608091873,0.5,0.84517723,0.06962351113340966,0.7955479118665891,0.7955479631768003,1.0,0.0,0.0,0.13043478,0.16666667,0.7661614,0.5459377463863234,0.41666666666666663,1.0,1.0,0.0,1.0,0.0,1.0,1.0,1.0,1.95,2020-05-26T03:00:00,EURUSD,H1,2,SELL,17.30298167382127,19,"hit_tp=True,hit_sl=False,regime=2"
0.4132637195244992,0.40492477917091146,0.4540410712391592,0.45136462954864226,0.3846425462551929,0.38787994311095747,0.5862607072224716,0.4764439033282603,0.26512447205236067,0.32257755377903796,0.17999461,0.21909338730277284,0.3032436362936726,0.8018614156422529,0.5,0.3500305,0.018153546715600263,0.8945899651068278,0.8945899908007902,1.0,0.0,0.0,0.95652175,0.6666667,0.15389663,0.5721774476463225,1.0,0.41666666666666663,1.0,0.0,1.0,0.0,1.0,1.0,-1.0,1.3,2020-05-01T22:00:00,EURUSD,H1,1,BUY,-13.779690642246043,8,"hit_tp=False,hit_sl=True,regime=1"
0.4273483604299837,0.43289125887803176,0.4853237124694287,0.45539966789109854,0.12772170369866706,0.26819871291459185,0.31944850306859557,0.3715703481398717,0.1933417023963525,0.36718937943255464,0.34167236,0.538315712544618,0.5614325546150659,0.8824734938466442,0.5,0.14227502,0.027797676300930534,0.7688683235113439,0.7688683019244631,1.0,0.0,0.0,0.5217391,1.0,0.30488074,0.5312532656292637,1.0,0.41666666666666663,1.0,0.0,1.0,0.0,1.0,1.0,-1.0,1.56,2020-06-07T12:00:00,EURUSD,H1,1,BUY,-9.251576667279604,21,"hit_tp=False,hit_sl=True,regime=1"
0.3528197905307364,0.3761985279682346,0.4703758617922437,0.5037520815793628,0.5029588416558923,0.7555081094645619,0.6813534269316665,0.4807145345490869,0.314881479482128,0.47246844538811983,0.26077303,0.5611101831502204,0.18058637479061448,0.2558384052027239,0.5,0.30550086,0.09225668101596347,0.9310456361726605,0.9310456370141645,0.0,0.0,1.0,0.8695652,0.33333334,0.3308276,0.572843753932512,1.0,0.08333333333333331,0.2000000400000022,0.7999999279999885,0.20000000000000018,0.7999999999999999,0.1999999999999999,0.20000000000000018,-1.0,1.56,2020-06-10T20:00:00,EURUSD,H1,4,BUY,-49.12605829281436,53,"hit_tp=False,hit_sl=True,regime=4"
0.432717072341139,0.4272665657608158,0.4318146585999203,0.38560989713312227,0.49010983841097405,0.4768349231971112,0.43840514838324784,0.42907010196704914,0.21676507631806016,0.3025959239847492,0.21580696,0.3389404010276195,0.6577338085741857,0.9125408158089212,0.5,0.17350264,0.07892568533368814,0.9451603582292943,0.9451603588985453,0.0,0.0,1.0,0.08695652,0.0,0.1971277,0.512601542531021,1.0,0.08333333333333331,0.2000000400000022,0.7999999279999885,0.20000000000000018,0.7999999999999999,0.1999999999999999,0.20000000000000018,-1.0,1.3,2020-04-13T02:00:00,EURUSD,H1,4,BUY,-49.96383916446856,5,"hit_tp=False,hit_sl=True,regime=4"
0.41235749761078505,0.4156798330094035,0.4843307766279744,0.47152740876315374,0.3126586682017788,0.31639096216897594,0.571438165488606,0.4961841733029704,0.39125380651323427,0.4072465975072934,0.17414317,0.3803905556346653,0.1486734699257659,0.26580230699564766,0.5,0.38940576,0.008259740058746188,0.9573049995387581,0.9573050000597987,0.0,1.0,0.0,0.6086956,0.6666667,0.34614712,0.6660236012667219,1.0,0.3333333333333333,0.8000001028571486,0.1999999519999923,0.8000000000000003,0.20000000000000007,0.7999999999999998,0.8000000000000003,1.0,1.95,2020-01-17T14:00:00,EURUSD,H1,3,BUY,11.766286984291607,13,"hit_tp=True,hit_sl=False,regime=3"
0.5577515016051532,0.6705273292229853,0.7664888777263564,0.7932097560198064,0.29393579446533663,0.36557645107830977,0.6315990754456737,0.38635947494567435,0.8118702795892716,0.7682312564895336,0.9584203,0.9309495700505144,0.4114105257159993,0.18377019739444925,0.5,0.63418174,0.6013338239628636,0.3569452613689232,0.3569453546430869,0.0,0.0,1.0,1.0,0.8333333,1.0,0.5475047243599797,0.0,1.0,0.0,1.0,0.0,1.0,0.0,0.0,-1.0,1.3,2020-01-11T23:00:00,EURUSD,H1,5,SELL,-116.53996082161557,18,"hit_tp=False,hit_sl=True,regime=5"
0.38436524303580477,0.39800393267053347,0.4768772789022287,0.4520798438257884,0.8025924378828214,0.6731307474801899,0.5937356066939645,0.3850958339842696,0.44592981309928276,0.459685092967116,0.34572566,0.5127780092926851,0.24724911636965963,0.7843787743572849,0.5,0.3421373,0.28632065273130963,0.7498152439110486,0.7498153201869328,0.0,0.0,1.0,0.0,0.6666667,0.41853192,0.6649215283634439,0.08333333333333331,1.0,0.2000000400000022,0.7999999279999885,0.20000000000000018,0.7999999999999999,0.1999999999999999,0.20000000000000018,-1.0,1.3,2020-03-27T00:00:00,EURUSD,H1,4,SELL,-44.56195994332557,7,"hit_tp=False,hit_sl=True,regime=4"
0.4026467089156625,0.34616480551104095,0.4394920937597319,0.42288983507115774,0.3743767913035054,0.3629643311002843,0.5248355901019924,0.4120657531073677,0.43713976584703207,0.4921837953908101,0.36700225,0.17822324361224193,0.035767476575968175,0.30105398021955626,0.5,0.29755825,0.056497519595152104,0.9203153642464295,0.9203152919961993,0.0,0.0,1.0,0.73913044,0.5,0.40426892,0.49595069832399596,1.0,0.08333333333333331,0.2000000400000022,0.7999999279999885,0.20000000000000018,0.7999999999999999,0.1999999999999999,0.20000000000000018,-1.0,1.3,2020-04-30T17:00:00,EURUSD,H1,4,BUY,-47.8435153132284,19,"hit_tp=False,hit_sl=True,regime=4"
0.427278041609795,0.4363424619728174,0.4886312279793697,0.4729266361896406,0.8408797916886457,0.8735637559323167,0.8153925701976007,0.6812024904711734,0.33789853711072915,0.51551839744406,0.42999247,0.6926280210845567,0.5336859005518464,0.8738104393765881,0.5,0.21571591,0.02229290144075071,0.8863936984362039,0.8863936388037269,0.0,1.0,0.0,0.08695652,0.16666667,0.36534193,0.7790232568250486,1.0,0.3333333333333333,0.8000001028571486,0.1999999519999923,0.8000000000000003,0.20000000000000007,0.7999999999999998,0.8000000000000003,-1.0,1.56,2020-06-30T02:00:00,EURUSD,H1,3,BUY,-9.019822208859996,52,"hit_tp=False,hit_sl=True,regime=3"
0.4225435683918718,0.4392424881608013,0.5132893595677265,0.5015031572551077,0.39727102131124636,0.41795512693016673,0.396043389156204,0.4255512969665253,0.7387464824510339,0.7193949515648811,1.0,0.7606445075056184,0.4179078715643496,0.8376620379801996,0.5,0.59852487,0.05685776271086213,0.9234401423283025,0.9234400700399381,1.0,0.0,0.0,0.2173913,0.8333333,0.8923745,0.574412367013619,0.41666666666666663,1.0,1.0,0.0,1.0,0.0,1.0,1.0,1.0,1.95,2020-01-04T05:00:00,EURUSD,H1,2,SELL,20.16869160048396,7,"hit_tp=True,hit_sl=False,regime=2"
0.40644894453976765,0.426238205326788,0.4935175474308224,0.469469411599341,0.3480122223493674,0.35491447164309614,0.35904240880505167,0.3104234985321208,0.7392801132239247,0.6005175214193509,0.6470994,0.5970988852642158,0.0848994602526604,0.28571392016959,0.5,0.6410663,0.06478000208817841,0.7768224061513694,0.7768223844674186,1.0,0.0,0.0,0.08695652,0.33333334,0.6681758,0.5449923817618689,0.41666666666666663,1.0,1.0,0.0,1.0,0.0,1.0,1.0,-1.0,1.3,2020-03-18T02:00:00,EURUSD,H1,2,SELL,-10.202986206613309,16,"hit_tp=False,hit_sl=True,regime=2"
0.4168119420179405,0.42273633179218956,0.48191054469300887,0.4622613817834444,0.4659760508705032,0.5731737123664898,0.5928876603986394,0.4364046849731352,0.40253451854837313,0.4057300450618652,0.2635763,0.3536575022524427,0.8701617706517344,0.9788653609158189,0.5,0.32403323,0.010658806430480752,0.9078235009647515,0.907823477682092,0.0,1.0,0.0,0.95652175,0.6666667,0.23794934,0.6097406138910302,1.0,0.3333333333333333,0.8000001028571486,0.1999999519999923,0.8000000000000003,0.20000000000000007,0.7999999999999998,0.8000000000000003,-1.0,1.3,2020-07-24T22:00:00,EURUSD,H1,3,BUY,-7.243013165818546,7,"hit_tp=False,hit_sl=True,regime=3"
0.43130456979049536,0.43401677131249206,0.4840461153754635,0.47389165572026515,0.35534253054431325,0.3197874594581976,0.465126606858965,0.3782663388057923,0.6694288820215166,0.5899674252416662,0.78853977,0.6554514848518331,0.1763038513619576,0.762228119056861,0.5,0.6679355,0.044603537152482296,0.7932583483410345,0.7932584362905292,1.0,0.0,0.0,0.47826087,0.5,0.696915,0.49299356457344334,0.41666666666666663,1.0,1.0,0.0,1.0,0.0,1.0,1.0,1.0,1.95,2020-09-17T11:00:00,EURUSD,H1,2,SELL,19.36907082867645,7,"hit_tp=True,hit_sl=False,regime=2"
0.4118679471428756,0.41501504005200895,0.4708016954242597,0.4543505043091719,0.35111078066112605,0.45613816649398164,0.39811048231162477,0.3467414302923777,0.3255772430271759,0.4247650250853539,0.27227902,0.43093113857897664,0.14358087686210802,0.7520113337735261,0.5,0.34919286,0.01945922646849299,0.8164479360654661,0.8164479627130568,1.0,0.0,0.0,0.5217391,0.8333333,0.18280351,0.5209358005036424,1.0,0.41666666666666663,1.0,0.0,1.0,0.0,1.0,1.0,-1.0,1.3,2020-02-22T12:00:00,EURUSD,H1,1,BUY,-10.270124216309462,2,"hit_tp=False,hit_sl=True,regime=1"
0.41724458835195927,0.35339484391540427,0.40974049033329313,0.3839432179480429,0.41520648435596214,0.41192616285553085,0.5473002195563739,0.37448687714389933,0.17605990998425566,0.2719974658603283,0.044477776,0.13966165149451878,0.3106279193610019,0.21523666321606225,0.5,0.22033413,0.020145135329668856,0.4483370206853719,0.4483370030101844,0.0,0.0,1.0,0.5652174,0.16666667,0.15314732,0.46448660864816294,1.0,0.08333333333333331,0.2000000400000022,0.7999999279999885,0.20000000000000018,0.7999999999999999,0.1999999999999999,0.20000000000000018,1.0,1.95,2020-05-05T13:00:00,EURUSD,H1,4,BUY,68.28748224557924,3,"hit_tp=True,hit_sl=False,regime=4"
0.41492800703007665,0.4382972287849986,0.49439930364620926,0.4751744144564885,0.19209280226371364,0.13164952198409446,0.3693930417589145,0.37704012285531413,0.7355957195456474,0.7092730273325718,0.96486,0.8384390815349886,0.20990113681699202,0.7727179233196909,0.5,0.586855,0.06180107698263762,0.8937468058891882,0.893746807185879,1.0,0.0,0.0,0.2173913,0.6666667,0.73237044,0.619349920268597,0.41666666666666663,1.0,1.0,0.0,1.0,0.0,1.0,1.0,-1.0,1.56,2020-08-21T05:00:00,EURUSD,H1,2,SELL,-11.35685280497789,47,"hit_tp=False,hit_sl=True,regime=2"
0.4105058533465932,0.4281805133386819,0.4833707709567646,0.4665024224701602,0.47310282649302066,0.6092410467344084,0.5964390410483552,0.4402036681679495,0.7663856864505608,0.5977112625922694,0.68393725,0.5982821651465186,0.31513970429012694,0.8055756220523183,0.5,0.8441412,0.04626738339232899,0.9825989462108474,0.9825988732005222,1.0,0.0,0.0,0.6956522,0.8333333,0.6184919,0.553903340036086,0.41666666666666663,1.0,1.0,0.0,1.0,0.0,1.0,1.0,1.0,2.0,2020-08-29T16:00:00,EURUSD,H1,2,SELL,22.57574977380994,62,"hit_tp=True,hit_sl=False,regime=2"
0.4071919105690885,0.41897888231800456,0.47945726936910443,0.467345092540367,0.2364218475977331,0.1672851254901175,0.2728988013793858,0.3002113247139198,0.44242183683186576,0.6249565081546956,0.605014,0.5694140066121447,0.18081253753769724,0.763635812701321,0.5,0.5057841,0.011240821947679119,0.9184295017907768,0.9184294417673418,0.0,1.0,0.0,0.26086956,1.0,0.29301122,0.3543065491482799,1.0,0.3333333333333333,0.8000001028571486,0.1999999519999923,0.8000000000000003,0.20000000000000007,0.7999999999999998,0.8000000000000003,1.0,1.95,2020-07-26T06:00:00,EURUSD,H1,3,BUY,7.891474352461625,9,"hit_tp=True,hit_sl=False,regime=3"
0.4135116277489071,0.4272507256383104,0.5038811034842244,0.4845012232455468,0.48929443924537463,0.4617894054962562,0.5089828385693032,0.43472223746431615,0.6369568105712482,0.6941614509093463,0.95110506,0.7821537908494836,0.19063207076553726,0.7667017268313271,0.5,0.64642614,0.04345545712165857,0.8618537745665616,0.8618538372713713,1.0,0.0,0.0,0.82608694,0.0,0.82238615,0.47473384800506513,0.41666666666666663,1.0,1.0,0.0,1.0,0.0,1.0,1.0,1.0,1.95,2020-03-02T19:00:00,EURUSD,H1,2,SELL,23.163266913983627,15,"hit_tp=True,hit_sl=False,regime=2"
0.4288544887717163,0.4212493302898984,0.4912793572478079,0.49151703984710393,0.4189773394749692,0.36886490524302523,0.4098152591909644,0.44658795853269834,0.5198672328433371,0.5518709117094694,0.7126887,0.5147317665761276,0.0443850634906819,0.2983633798228236,0.5,0.54204047,0.049132819234895125,0.9779532597390839,0.9779533820459443,1.0,0.0,0.0,0.2173913,1.0,0.8222263,0.4561966977244147,0.41666666666666663,1.0,1.0,0.0,1.0,0.0,1.0,1.0,-1.0,1.56,2020-03-15T05:00:00,EURUSD,H1,2,SELL,-12.928945648451595,42,"hit_tp=False,hit_sl=True,regime=2"
0.41694548688654104,0.4201449951060368,0.4769970129951026,0.47292431838258653,0.6205735340966654,0.5180205679409078,0.4622612605946177,0.3129249215402549,0.16687507965696458,0.41651695987922177,0.34889758,0.4842144673024726,0.323454168373679,0.8081715752533754,0.5,0.32153115,0.0267923154110339,0.8134445123801802,0.81344446584174,1.0,0.0,0.0,0.4347826,0.5,0.28689143,0.5933297217024059,1.0,0.41666666666666663,1.0,0.0,1.0,0.0,1.0,1.0,-1.0,1.3,2020-04-23T10:00:00,EURUSD,H1,1,BUY,-9.758739862588683,1,"hit_tp=False,hit_sl=True,regime=1"
0.41460932104662984,0.42709971033236277,0.4783183420196627,0.4761538836435429,0.7946665998717386,0.7880688687380136,0.7016053767181998,0.6029781649107337,0.49922141505550816,0.7184494552486426,0.54425305,0.4757343167892797,0.046065327826370614,0.2978387596474032,0.5,0.30151027,0.028053374209887804,0.7971056512670288,0.7971055561128617,1.0,0.0,0.0,0.95652175,1.0,0.5610193,0.5787243759533803,1.0,0.41666666666666663,1.0,0.0,1.0,0.0,1.0,1.0,-1.0,1.3,2020-05-03T22:00:00,EURUSD,H1,1,BUY,-17.06671054898523,8,"hit_tp=False,hit_sl=True,regime=1"
0.42605912122910083,0.42177868949791325,0.4857906202295195,0.468861462029747,0.43101098015647704,0.4263770648263478,0.5681043097302955,0.47545398332347205,0.359425033471361,0.4388534152215584,0.35702604,0.47434220133066735,0.029391629610355362,0.7163590243883053,0.5,0.30636585,0.025785150464342505,0.9761607073916677,0.9761606466636938,1.0,0.0,0.0,0.3043478,0.8333333,0.3173785,0.5677770171267233,1.0,0.41666666666666663,1.0,0.0,1.0,0.0,1.0,1.0,-1.0,1.3,2020-05-02T07:00:00,EURUSD,H1,1,BUY,-12.885245768066156,4,"hit_tp=False,hit_sl=True,regime=1"
0.4159072331085085,0.42653878549461904,0.4865985024009496,0.46812729304058703,0.37638932606475684,0.4598511907062093,0.4223434207315083,0.3462954314331813,0.3462500669167774,0.4292495602995166,0.29914525,0.4945000023364551,0.09292208651737956,0.28320907341412027,0.5,0.38199282,0.009000500331244232,0.9182804326079215,0.9182804580127706,0.0,1.0,0.0,1.0,1.0,0.32579184,0.4184708487698133,1.0,0.3333333333333333,0.8000001028571486,0.1999999519999923,0.8000000000000003,0.20000000000000007,0.7999999999999998,0.8000000000000003,-1.0,1.3,2020-01-26T23:00:00,EURUSD,H1,3,BUY,-5.795293987078676,17,"hit_tp=False,hit_sl=True,regime=3"
0.4291279845008662,0.3931276409386784,0.445877327313905,0.45255007473230224,0.2009120387052044,0.18036365896164092,0.38268750422267983,0.3363929053835272,0.35913254901992786,0.3642159658152595,0.118395016,0.14845796136045233,0.11687919644052219,0.2757291608749218,0.5,0.44728747,0.06095500668494285,0.8861138291303979,0.88611383052024,0.0,0.0,1.0,0.08695652,0.5,0.38239175,0.31077332260143836,1.0,0.08333333333333331,0.2000000400000022,0.7999999279999885,0.20000000000000018,0.7999999999999999,0.1999999999999999,0.20000000000000018,-1.0,1.3,2020-04-16T02:00:00,EURUSD,H1,4,BUY,-37.0092757073226,8,"hit_tp=False,hit_sl=True,regime=4"
0.4107178881222916,0.41235418760097403,0.47608701152250016,0.45632876088805335,0.39912110335688317,0.5615123734613909,0.6091071450731265,0.40159849592806374,0.32465373845171364,0.39304355879372976,0.050126143,0.1618582898174606,0.047075891430411396,0.29752325166684707,0.5,0.41946787,0.015434516665234509,0.8283089737121895,0.8283089147885659,1.0,0.0,0.0,0.95652175,0.0,0.19585541,0.686596921507736,1.0,0.41666666666666663,1.0,0.0,1.0,0.0,1.0,1.0,-1.0,1.3,2020-01-20T22:00:00,EURUSD,H1,1,BUY,-13.28774010494138,7,"hit_tp=False,hit_sl=True,regime=1"
0.4185378907051502,0.4320365906307484,0.5046206897506822,0.49080488701005215,0.3456283583804757,0.4980565644399951,0.5532704799400299,0.3874712584568183,0.5251008643122933,0.4814375158164454,0.70880115,0.7577331434049721,0.36059480894982876,0.19963592309416875,0.5,0.5678235,0.06298972865692244,0.7961970065614481,0.7961969358259311,1.0,0.0,0.0,0.26086956,1.0,0.5884051,0.5331332409022465,0.41666666666666663,1.0,1.0,0.0,1.0,0.0,1.0,1.0,-1.0,1.56,2020-01-19T06:00:00,EURUSD,H1,2,SELL,-14.924104248461578,60,"hit_tp=False,hit_sl=True,regime=2"
0.41335292142686514,0.42210961589400686,0.4848428720939536,0.47470067393759674,0.07975771937421335,0.0986484041715056,0.3252057243682756,0.3723062185408643,0.4154144694673817,0.5652970266849071,0.5590623,0.8319328121472606,0.2608321087090788,0.788619645682626,0.5,0.37987676,0.010747974420738384,0.8871808056884849,0.887180831472867,0.0,1.0,0.0,0.2173913,0.33333334,0.37522414,0.5421575456634676,1.0,0.3333333333333333,0.8000001028571486,0.1999999519999923,0.8000000000000003,0.20000000000000007,0.7999999999999998,0.8000000000000003,1.0,1.95,2020-04-08T05:00:00,EURUSD,H1,3,BUY,9.211301552551898,7,"hit_tp=True,hit_sl=False,regime=3"
0.4107717706019435,0.41506495687634715,0.47756095035262713,0.4744214897390897,0.4058940700195728,0.40983383282905317,0.4497796117294672,0.4715313088195267,0.40211701605438127,0.5036908263091355,0.36471772,0.544562623746604,0.5280852044330857,0.8720617824732039,0.5,0.38681158,0.0227356500102099,0.7853177020637044,0.785317680276079,1.0,0.0,0.0,1.0,0.8333333,0.28315356,0.5854114413541357,1.0,0.41666666666666663,1.0,0.0,1.0,0.0,1.0,1.0,-1.0,1.3,2020-05-30T23:00:00,EURUSD,H1,1,BUY,-12.537267391503626,3,"hit_tp=False,hit_sl=True,regime=1"
0.3941816933385047,0.38024609783205215,0.4100790682847514,0.4154529410123086,0.31088060706341,0.4020595069984342,0.5152123933299353,0.4048893349693167,0.4030051759093456,0.3708857447266161,0.074620366,0.24045390230442912,0.25841434106766764,0.23153887849299762,0.5,0.3516173,0.04310813807479189,0.775757199141503,0.7757572384894551,0.0,0.0,1.0,0.13043478,0.0,0.2695371,0.5723892779128616,1.0,0.08333333333333331,0.2000000400000022,0.7999999279999885,0.20000000000000018,0.7999999999999999,0.1999999999999999,0.20000000000000018,-1.0,1.56,2020-05-04T03:00:00,EURUSD,H1,4,BUY,-45.099767193845786,33,"hit_tp=False,hit_sl=True,regime=4"
0.42095885119718474,0.43594612425511087,0.49281472291552475,0.5018630478570266,0.5383669696673146,0.525318557660565,0.4935141567210586,0.501359477005698,0.8727497183942055,0.9238057233598316,0.8229187,0.6998143525872416,0.08440532471281721,0.7335354514396869,0.5,0.77769613,0.07315475019010739,0.9863285558745041,0.9863285926526896,1.0,0.0,0.0,0.3478261,0.16666667,0.83928955,0.5356836311929616,0.41666666666666663,1.0,1.0,0.0,1.0,0.0,1.0,1.0,-1.0,1.3,2020-07-07T08:00:00,EURUSD,H1,2,SELL,-14.599885679247304,11,"hit_tp=False,hit_sl=True,regime=2"
0.36193642811900356,0.35380668840651325,0.32283586218448107,0.3549921339144551,0.5604034395760267,0.43154748826549144,0.4090500797196002,0.40310975921957015,0.22569491025582675,0.46177032254170064,0.14502136,0.4102504219725731,0.3924417612426241,0.8297110035156934,0.5,0.20592779,0.14064636282746748,0.6300686832446323,0.6300686511478512,0.0,0.0,1.0,0.5652174,0.0,0.2258496,0.5568423408642679,1.0,0.0,0.0,1.0,0.0,1.0,0.0,0.0,-1.0,1.3,2020-04-27T13:00:00,EURUSD,H1,5,BUY,-96.00727419484924,2,"hit_tp=False,hit_sl=True,regime=5"
0.41274880210021525,0.4187381843496285,0.47141087841490137,0.4536037737810353,0.20174310360770573,0.14647261280293672,0.25616048895300975,0.3498494141461373,0.20938396985158908,0.2654382503747586,0.004897162,0.028452665097924597,0.7620215212585117,0.07430194169767404,0.5,0.3279325,0.017614923730669335,0.8125695745172559,0.8125696012121771,1.0,0.0,0.0,0.5217391,0.6666667,0.14376801,0.5590698603222038,1.0,0.41666666666666663,1.0,0.0,1.0,0.0,1.0,1.0,-1.0,1.3,2020-01-10T12:00:00,EURUSD,H1,1,BUY,-9.131455660555954,10,"hit_tp=False,hit_sl=True,regime=1"
0.42211218782139703,0.40234493300058494,0.4334743332713705,0.3654628947889545,0.4058561867539338,0.47910608431054524,0.4985832110383955,0.39006688821783725,0.3844321835996197,0.46149500735603644,0.1928656,0.1514616679297336,0.09684755955595889,0.7374201972402273,0.5,0.41445872,0.026932724620085505,0.4200254024138761,0.4200253301671846,0.0,0.0,1.0,0.6086956,0.0,0.17853309,0.46528549489681914,1.0,0.08333333333333331,0.2000000400000022,0.7999999279999885,0.20000000000000018,0.7999999999999999,0.1999999999999999,0.20000000000000018,-1.0,1.3,2020-05-11T14:00:00,EURUSD,H1,4,BUY,-47.547880275466966,3,"hit_tp=False,hit_sl=True,regime=4"
0.4276767342925311,0.42704591836551453,0.5026112075845177,0.5032293034884936,0.39463895789858827,0.6428906598848182,0.48139549056854397,0.3321319225642365,0.7636685419252955,0.8067700958157883,0.7461279,0.6622062593451803,0.397650719433411,0.18806630095550925,0.5,0.91864437,0.07916557637882143,0.8513347622903026,0.8513347641045806,1.0,0.0,0.0,0.8695652,0.6666667,0.8216581,0.5536406432537867,0.41666666666666663,1.0,1.0,0.0,1.0,0.0,1.0,1.0,-1.0,1.56,2020-05-22T20:00:00,EURUSD,H1,2,SELL,-12.893771271547116,56,"hit_tp=False,hit_sl=True,regime=2"
0.413286904007863,0.42795602834753754,0.48957447625632133,0.47345089853168454,0.10229457780906152,0.2339063614687619,0.49621227796746964,0.42694869713431616,0.5499986325839024,0.63751234166343,0.88377255,0.8362488893939143,0.5320398612535484,0.873296539645155,0.5,0.4879957,0.04791185854346783,0.861797222246189,0.8617973093592505,1.0,0.0,0.0,0.82608694,0.8333333,0.65802497,0.5000297358963964,0.41666666666666663,1.0,1.0,0.0,1.0,0.0,1.0,1.0,-1.0,1.3,2020-01-04T19:00:00,EURUSD,H1,2,SELL,-12.591956500365152,12,"hit_tp=False,hit_sl=True,regime=2"
0.4182340276252584,0.42623801726696114,0.49767718662370636,0.48461188994645227,0.467975006219627,0.42934970184040816,0.541890409334524,0.34150378652941565,0.8407756982494132,0.6393317480221798,0.74728364,0.6099096277508439,0.11355599155992076,0.27676674505336707,0.5,0.94066066,0.06116487092562666,0.8826289174761912,0.8826289189085624,1.0,0.0,0.0,0.7826087,0.33333334,0.77222943,0.5966590415457115,0.41666666666666663,1.0,1.0,0.0,1.0,0.0,1.0,1.0,-1.0,1.3,2020-04-29T18:00:00,EURUSD,H1,2,SELL,-12.908389457439997,16,"hit_tp=False,hit_sl=True,regime=2"
0.9615228061172401,1.0,0.9701366670111028,0.7791622093580128,0.43332295742612725,0.3999799844197083,0.37478553382257435,0.3181358673971036,0.6131748454251749,0.6335332358199642,1.0,0.7892136687541376,0.008852028420841037,0.7099461079353014,0.5,0.41475564,0.4816532043836963,0.5873230492967211,0.5873230543329401,0.0,0.0,1.0,0.6956522,0.33333334,0.7765164,1.0,0.0,1.0,0.0,1.0,0.0,1.0,0.0,0.0,-1.0,1.56,2020-01-29T16:00:00,EURUSD,H1,5,SELL,-90.64867629127173,52,"hit_tp=False,hit_sl=True,regime=5"
0.4183764268204941,0.4195619255706873,0.4816788717401954,0.4750591261673404,0.42085551980104613,0.47249627408947636,0.674205182486415,0.5638466304174923,0.27978346778680535,0.5636259593888355,0.40420273,0.512558107631876,0.0556653120643534,0.724562220330562,0.5,0.118911065,0.027645206937557,0.8126636168523425,0.8126635703234321,1.0,0.0,0.0,0.6956522,0.0,0.34640118,0.4044578731021198,1.0,0.41666666666666663,1.0,0.0,1.0,0.0,1.0,1.0,-1.0,1.56,2020-05-04T16:00:00,EURUSD,H1,1,BUY,-15.503356494916964,31,"hit_tp=False,hit_sl=True,regime=1"
0.39929645955794324,0.41879391192877513,0.48634494836815045,0.4719673986058054,0.3140027859878183,0.2639796367889835,0.6005089552986531,0.4309131564082672,0.29557816910274043,0.3602606259418228,0.25407454,0.40925145173411565,0.17187559402408648,0.25855811714993904,0.5,0.2502916,0.023499549101297902,0.9661167394880507,0.9661166910864317,1.0,0.0,0.0,0.5652174,0.6666667,0.28959656,0.51696644090794,1.0,0.41666666666666663,1.0,0.0,1.0,0.0,1.0,1.0,-1.0,1.3,2020-11-27T13:00:00,EURUSD,H1,1,BUY,-12.370901242497734,15,"hit_tp=False,hit_sl=True,regime=1"
0.35899678388794704,0.35704409261802816,0.42460799013646716,0.3300721754000816,0.5966709015806058,0.5798508878700063,0.6169765014470866,0.49294818332697043,0.17001771827776652,0.0,0.13878557,0.1514320096061079,0.41899590400302517,0.18140188034508142,0.5,0.31448606,0.08162107323130825,0.8313900256473437,0.8313899544823389,0.0,0.0,1.0,0.5217391,0.16666667,0.15664493,0.512549061870726,1.0,0.08333333333333331,0.2000000400000022,0.7999999279999885,0.20000000000000018,0.7999999999999999,0.1999999999999999,0.20000000000000018,-1.0,1.3,2020-02-25T12:00:00,EURUSD,H1,4,BUY,-52.618805408573,13,"hit_tp=False,hit_sl=True,regime=4"
0.4181756970071835,0.4180251992658745,0.478098694625534,0.4738782198586411,0.3644843664791248,0.4682042649116467,0.6457726274743756,0.5437135776119331,0.5132220987852966,0.7330907826652987,0.60005164,0.4637635519888408,0.8406462834060646,0.9696500534017891,0.5,0.60130996,0.01852905940498003,0.902277370728126,0.9022774939585183,0.0,1.0,0.0,0.8695652,0.6666667,0.4304344,0.5423409292529464,1.0,0.3333333333333333,0.8000001028571486,0.1999999519999923,0.8000000000000003,0.20000000000000007,0.7999999999999998,0.8000000000000003,-1.0,1.3,2020-02-07T20:00:00,EURUSD,H1,3,BUY,-7.883500608565352,19,"hit_tp=False,hit_sl=True,regime=3"
0.40781129163036295,0.39495552368768605,0.4610682933585568,0.44481830454629295,0.4711956816346968,0.4340879370088079,0.5477829953887186,0.4638981647174661,0.22526915079421062,0.20970897308108596,0.0,0.06429244165219555,0.9737263175460017,0.008203184390053941,0.5,0.29205236,0.02424051287879418,0.9582924806685094,0.9582925055850604,1.0,0.0,0.0,0.39130434,1.0,0.080569595,0.47928793669920483,1.0,0.41666666666666663,1.0,0.0,1.0,0.0,1.0,1.0,-1.0,1.56,2020-06-14T09:00:00,EURUSD,H1,1,BUY,-14.89900351992146,37,"hit_tp=False,hit_sl=True,regime=1"
0.49215746289654283,0.5133724951598265,0.5923898274365722,0.6009729467663216,0.2072274292021854,0.25751644976286503,0.41156295918053126,0.3651306843402211,0.7409190141302766,0.8249641594032874,0.9167202,0.9741062852908376,0.1382243810101362,0.7503389098549171,0.5,0.77436095,0.35386077393805504,0.2373804223213546,0.2373804487134896,0.0,0.0,1.0,0.3478261,1.0,0.9370314,0.49891513765078704,0.08333333333333331,1.0,0.2000000400000022,0.7999999279999885,0.20000000000000018,0.7999999999999999,0.1999999999999999,0.20000000000000018,-1.0,1.0,2020-02-16T08:00:00,EURUSD,H1,4,SELL,-44.53976368311796,3,"hit_tp=False,hit_sl=True,regime=4"
0.4210889508383175,0.3532387967031153,0.4639052741788811,0.3420862730466108,0.5513692262776729,0.593629193788514,0.5709935557883231,0.3648839309655372,0.3697416399208899,0.4823097677680245,0.0,0.22432525150742766,0.20928823114739248,0.24687709019055232,0.5,0.5379899,0.08124645771946894,0.5392269849415962,0.5392269783609883,0.0,0.0,1.0,0.5652174,0.8333333,0.4729697,0.4941098712967096,1.0,0.0,0.0,1.0,0.0,1.0,0.0,0.0,-1.0,1.3,2020-05-02T13:00:00,EURUSD,H1,5,BUY,-106.9446523379458,5,"hit_tp=False,hit_sl=True,regime=5"
0.41560737535335535,0.4189693182024837,0.4784146510261957,0.4709352043418522,0.183282813975316,0.2648310008373736,0.5845527544282412,0.4458454061641825,0.40637975468992754,0.5450258797956645,0.3341421,0.32664360767167394,0.6156731801229491,0.11999503856003921,0.5,0.41739047,0.011252717634851514,0.9297920149905385,0.9297920402549028,0.0,1.0,0.0,0.3043478,1.0,0.36440545,0.5121748738194917,1.0,0.3333333333333333,0.8000001028571486,0.1999999519999923,0.8000000000000003,0.20000000000000007,0.7999999999999998,0.8000000000000003,1.0,2.0,2020-02-02T07:00:00,EURUSD,H1,3,BUY,11.22970042321425,71,"hit_tp=True,hit_sl=False,regime=3"
0.41665461421169786,0.4219741758269922,0.47912707165602675,0.4664874279022993,0.40405182084238694,0.29332052167952327,0.698120860337419,0.49548208728934334,0.2629369165704692,0.34125087773686835,0.18615831,0.3444171391204317,0.30936862298522055,0.21562986264696843,0.5,0.20277764,0.01094774887899006,0.9288316994769178,0.9288317003454403,0.0,1.0,0.0,0.5652174,0.33333334,0.25998133,0.5304329762433352,1.0,0.3333333333333333,0.8000001028571486,0.1999999519999923,0.8000000000000003,0.20000000000000007,0.7999999999999998,0.8000000000000003,-1.0,1.3,2020-07-08T13:00:00,EURUSD,H1,3,BUY,-7.659380859701415,19,"hit_tp=False,hit_sl=True,regime=3"
0.415664133635035,0.40054590404880724,0.45786123944821644,0.44350579026399656,0.32177905525382267,0.2804253776107201,0.3134153126897334,0.3906441592730858,0.28400248225757724,0.27230505374341313,0.0,0.026105072865870837,0.04859164433637144,0.2970499925840635,0.5,0.41889572,0.014269302714724338,0.7825421107627596,0.78254215002791,1.0,0.0,0.0,0.9130435,0.6666667,0.1066137,0.4135290509435964,1.0,0.41666666666666663,1.0,0.0,1.0,0.0,1.0,1.0,1.0,2.0,2020-09-25T21:00:00,EURUSD,H1,1,BUY,20.09917073363177,50,"hit_tp=True,hit_sl=False,regime=1"
0.41970822265203783,0.42847489797999255,0.48535465409767903,0.46554417271361714,0.593518538050983,0.6698629555772412,0.8043268738012759,0.5771358802441601,0.4951632838735642,0.4338347584544796,0.26397604,0.34518213926618246,0.30071741228377297,0.21833095573601458,0.5,0.39187783,0.01686878247186734,0.9665964212974086,0.9665963972974972,1.0,0.0,0.0,0.9130435,0.5,0.4545028,0.5314364395895822,1.0,0.41666666666666663,1.0,0.0,1.0,0.0,1.0,1.0,-1.0,1.56,2020-06-25T21:00:00,EURUSD,H1,1,BUY,-15.63921024642756,34,"hit_tp=False,hit_sl=True,regime=1"
0.40040713299441816,0.41106712736753365,0.467311445864972,0.4546858562005081,0.16661162714165054,0.4462485455581578,0.4488148689808715,0.37469605568775705,0.5655118621406994,0.500703931691652,0.32705975,0.27411753993492516,0.23351752261789344,0.7800914631776026,0.5,0.433917,0.017150990083000472,0.884263943420636,0.8842639814443958,1.0,0.0,0.0,0.3043478,0.8333333,0.36077392,0.595602730688139,1.0,0.41666666666666663,1.0,0.0,1.0,0.0,1.0,1.0,1.0,2.0,2020-01-25T07:00:00,EURUSD,H1,1,BUY,18.79390794341296,39,"hit_tp=True,hit_sl=False,regime=1"
0.4279963449860754,0.43464348672583303,0.49813969310571116,0.4819986309182222,0.5224464815297851,0.4589537860913325,0.48136822641929156,0.3712217172334422,0.5130231354640753,0.5346034566197636,0.75931454,0.5866736903608755,0.22719389195932693,0.24128656695213585,0.5,0.5509564,0.06143461553031878,0.8322918972545629,0.8322919847277008,1.0,0.0,0.0,0.6956522,0.5,0.8565314,0.5973905949080616,0.41666666666666663,1.0,1.0,0.0,1.0,0.0,1.0,1.0,-1.0,1.3,2020-04-16T16:00:00,EURUSD,H1,2,SELL,-12.146876150149756,5,"hit_tp=False,hit_sl=True,regime=2"
0.4165618555686445,0.41447352667777193,0.4764558799048522,0.4583562338359273,0.2253084469519167,0.2759077554616588,0.2893460878565608,0.395373119530848,0.3349495340767852,0.29090316285170786,0.16718675,0.20677049583920445,0.5959961423757854,0.893265041640665,0.5,0.5627547,0.013171138232791238,0.9359193746968199,0.9359194120901878,0.0,1.0,0.0,0.95652175,0.6666667,0.19466591,0.45850987165727175,1.0,0.3333333333333333,0.8000001028571486,0.1999999519999923,0.8000000000000003,0.20000000000000007,0.7999999999999998,0.8000000000000003,1.0,1.95,2020-02-21T22:00:00,EURUSD,H1,3,BUY,9.77397767846,16,"hit_tp=True,hit_sl=False,regime=3"
0.4344690423726162,0.39827040462998065,0.47187493061576297,0.4113219264245826,0.5707470229823071,0.38580248675840817,0.48585697536161077,0.5148470284515106,0.15399844581394845,0.15193587042552847,0.27459204,0.183129190835111,0.5454250883769091,0.14192796372247965,0.5,0.2872226,0.011264774555268815,0.3589866732150527,0.35898665663027735,0.0,0.0,1.0,0.7826087,0.16666667,0.23506826,0.44363363262577693,1.0,0.08333333333333331,0.2000000400000022,0.7999999279999885,0.20000000000000018,0.7999999999999999,0.1999999999999999,0.20000000000000018,-1.0,1.3,2020-03-10T18:00:00,EURUSD,H1,4,BUY,-48.248681993856565,1,"hit_tp=False,hit_sl=True,regime=4"
0.4097229795680878,0.42477275810403176,0.4900382648808461,0.47627400889006555,0.21126286934491148,0.27920945871025526,0.4739657617071071,0.42285659130588377,0.7121374091589485,0.5021207824084146,0.6192699,0.5591501777384081,0.16296371803786192,0.2613405806615274,0.5,0.7095419,0.08155898688235887,0.804494881911274,0.8044948476858338,1.0,0.0,0.0,0.73913044,0.8333333,0.73018837,0.4945806669464936,0.41666666666666663,1.0,1.0,0.0,1.0,0.0,1.0,1.0,1.0,1.95,2020-06-06T17:00:00,EURUSD,H1,2,SELL,22.37455359608731,20,"hit_tp=True,hit_sl=False,regime=2"
0.41229846375140666,0.4173680694199343,0.4771968361726089,0.4778283115294699,0.2778018057592349,0.3159665498486528,0.37063399258462937,0.3400833890070323,0.48664449178639485,0.3993430307302164,0.5375659,0.40721207683448823,0.39369805136512104,0.1893003944534225,0.5,0.39218712,0.07531250144370742,0.7842717282124283,0.7842718162715937,1.0,0.0,0.0,0.3478261,0.6666667,0.56114817,0.5701820400761901,0.41666666666666663,1.0,1.0,0.0,1.0,0.0,1.0,1.0,1.0,1.95,2020-01-03T08:00:00,EURUSD,H1,2,SELL,18.159895051348407,11,"hit_tp=True,hit_sl=False,regime=2"
0.41681567657796165,0.4268795605120203,0.4877105653651371,0.480028597560126,0.4665409934573465,0.3556439598924995,0.44900915591903673,0.44025769322375463,0.7777070199086226,0.5717729531390101,0.7160591,0.5195137452520221,0.13628354388977165,0.26967070873998866,0.5,0.64694625,0.056490862371486934,0.9254253801712651,0.925425283451112,1.0,0.0,0.0,0.13043478,0.33333334,0.7332916,0.5455147147407263,0.41666666666666663,1.0,1.0,0.0,1.0,0.0,1.0,1.0,-1.0,1.3,2020-09-09T03:00:00,EURUSD,H1,2,SELL,-10.565566262163983,10,"hit_tp=False,hit_sl=True,regime=2"
0.30712533186688146,0.29180347121220324,0.4181895697899584,0.4291815106530971,0.5181127213457903,0.5141776238430513,0.4742232911762421,0.4358553553291669,0.4020628405486338,0.432027319186806,0.26501283,0.21487005824737543,0.09547587555739404,0.28241172884037063,0.5,0.5509837,0.18904026257457615,0.9844337114361593,0.9844337360336883,0.0,0.0,1.0,0.3478261,0.5,0.3611554,0.3099749918700571,1.0,0.0,0.0,1.0,0.0,1.0,0.0,0.0,1.0,2.0,2020-02-20T08:00:00,EURUSD,H1,5,BUY,199.8060817671177,79,"hit_tp=True,hit_sl=False,regime=5"
0.3654521071608763,0.3356381109899714,0.4132790443514243,0.4889329759857388,0.36723693649877687,0.36988439070223456,0.4666637864351205,0.35647313169247835,0.4693533503231931,0.61670591976671,0.5101043,0.4113293499966467,0.19667741487007573,0.2508144528081493,0.5,0.52590823,0.07912389134819636,0.9817657818897089,0.9817658431311388,0.0,0.0,1.0,0.65217394,0.5,0.49798393,0.532760708921379,1.0,0.08333333333333331,0.2000000400000022,0.7999999279999885,0.20000000000000018,0.7999999999999999,0.1999999999999999,0.20000000000000018,1.0,2.0,2020-02-27T15:00:00,EURUSD,H1,4,BUY,72.21522409417425,24,"hit_tp=True,hit_sl=False,regime=4"
0.35987216443123377,0.3316370565489696,0.3701004379224043,0.34046127820963684,0.54692785565795,0.5695930054931647,0.4754803100170929,0.5208523343981658,0.3288275182123361,0.3711375582755883,0.07525923,0.19116014554800004,0.40684550697871635,0.8342081604551032,0.5,0.44432962,0.061561347632735616,0.6629337945256011,0.662933774231522,0.0,0.0,1.0,0.9130435,1.0,0.081706285,0.518123876872468,1.0,0.08333333333333331,0.2000000400000022,0.7999999279999885,0.20000000000000018,0.7999999999999999,0.1999999999999999,0.20000000000000018,1.0,1.95,2020-05-17T21:00:00,EURUSD,H1,4,BUY,81.2805741504663,13,"hit_tp=True,hit_sl=False,regime=4"
0.41481231794139384,0.421594597961882,0.48190567865687334,0.46823304492090184,0.30065405305616627,0.34108930497671863,0.45046343998003446,0.3847129692307755,0.48964305703885996,0.5952697116793739,0.5390376,0.5001093204388815,0.10407237244906697,0.7396759322994259,0.5,0.39756536,0.011630968979462858,0.8878698311542241,0.887869808115075,0.0,1.0,0.0,0.3478261,0.16666667,0.2756711,0.4828421676686556,1.0,0.3333333333333333,0.8000001028571486,0.1999999519999923,0.8000000000000003,0.20000000000000007,0.7999999999999998,0.8000000000000003,-1.0,1.3,2020-06-30T08:00:00,EURUSD,H1,3,BUY,-5.806805079868749,8,"hit_tp=False,hit_sl=True,regime=3"
0.43415310683617814,0.4402525734893563,0.4929508563706869,0.46709593588485854,0.34473297123113084,0.32793971540652367,0.3423891612597213,0.4035433979370474,0.27160295621254044,0.3927411854864754,0.40220508,0.6093037824464101,0.4765484956292314,0.8559709505541585,0.5,0.1724501,0.03301382817617943,0.878705401938905,0.8787054034191576,1.0,0.0,0.0,0.2173913,0.8333333,0.30286577,0.5912226761229262,1.0,0.41666666666666663,1.0,0.0,1.0,0.0,1.0,1.0,-1.0,1.56,2020-09-12T05:00:00,EURUSD,H1,1,BUY,-11.521215742669176,27,"hit_tp=False,hit_sl=True,regime=1"
0.4118032494739763,0.4190895870327003,0.4679436597687548,0.4494959490613072,0.29117636763560756,0.3181248887037522,0.40262469372644205,0.406457155272932,0.3759306096884482,0.2661145832629947,0.2191635,0.3134589106448843,0.18703340058399018,0.7655781422808315,0.5,0.25800046,0.02084537385323432,0.9782047064393334,0.9782047799280027,1.0,0.0,0.0,0.2173913,0.5,0.15878484,0.5355508730457085,1.0,0.41666666666666663,1.0,0.0,1.0,0.0,1.0,1.0,-1.0,1.3,2020-08-13T05:00:00,EURUSD,H1,1,BUY,-12.96809497531859,6,"hit_tp=False,hit_sl=True,regime=1"
0.42949839548407576,0.42629552031370993,0.4806122504533326,0.4731936399070324,0.4098061729860204,0.3566720257107936,0.3869659901339813,0.51291288351132,0.3785437409169778,0.4969038996688697,0.44379038,0.45602273966559387,0.03646529733833732,0.3008360825746357,0.5,0.504839,0.018300165021533185,0.8877502341020768,0.8877502354719484,1.0,0.0,0.0,0.9130435,0.33333334,0.40346387,0.5448964135322583,1.0,0.41666666666666663,1.0,0.0,1.0,0.0,1.0,1.0,1.0,1.95,2020-06-17T21:00:00,EURUSD,H1,1,BUY,19.89615360674657,11,"hit_tp=True,hit_sl=False,regime=1"
0.4168599531318789,0.41743137179424517,0.4668771599205941,0.4596089179704069,0.24847574149050047,0.23471895617408098,0.38583628365562056,0.3785965718285477,0.3860814133702927,0.35945385656691603,0.2903927,0.3543082103357398,0.04101274105641959,0.7199873517244475,0.5,0.31196666,0.01626319918172973,0.8351265548547316,0.8351264348290043,1.0,0.0,0.0,0.7826087,0.33333334,0.24244508,0.41108736385398353,1.0,0.41666666666666663,1.0,0.0,1.0,0.0,1.0,1.0,-1.0,1.3,2020-01-08T18:00:00,EURUSD,H1,1,BUY,-11.033523066859008,3,"hit_tp=False,hit_sl=True,regime=1"
0.41183523252736537,0.4100530118124099,0.4647444803876198,0.46568173892733616,0.3001397923003904,0.465597728476114,0.4420446089649045,0.4305231002995911,0.25189898387881504,0.2761631429791276,0.10881019,0.24743533374023186,0.3785277110415243,0.19403690321076028,0.5,0.43006182,0.019272600142476597,0.8524213869355279,0.8524213887365452,1.0,0.0,0.0,0.26086956,0.8333333,0.21537954,0.6250898391970349,1.0,0.41666666666666663,1.0,0.0,1.0,0.0,1.0,1.0,1.0,1.95,2020-08-29T06:00:00,EURUSD,H1,1,BUY,19.29166272911731,9,"hit_tp=True,hit_sl=False,regime=1"
0.4160699598715255,0.423355844192564,0.4821591208111968,0.4691388294198744,0.43649614760130423,0.4326968305194539,0.4340970083433261,0.41634392026914546,0.45189869232314483,0.5650730642575359,0.43725917,0.5492930046481196,0.2601762367425386,0.7884148828920301,0.5,0.33368558,0.01132446180897233,0.894080457257118,0.8940803853270529,0.0,1.0,0.0,0.0,1.0,0.3473488,0.3500754989902478,1.0,0.3333333333333333,0.8000001028571486,0.1999999519999923,0.8000000000000003,0.20000000000000007,0.7999999999999998,0.8000000000000003,-1.0,1.3,2020-06-14T00:00:00,EURUSD,H1,3,BUY,-6.4656922951455975,7,"hit_tp=False,hit_sl=True,regime=3"
0.41702581086749074,0.4303767145236482,0.48558975019232503,0.47260855459562273,0.3442183078512757,0.3851732656830904,0.3822311468545804,0.2929156948817365,0.46197433616619415,0.6308318692670755,0.627486,0.7144980526972562,0.1591678838909131,0.7568778897184922,0.5,0.3523312,0.014902535427425173,0.9672021681627546,0.9672021685630121,0.0,1.0,0.0,0.2173913,0.6666667,0.41066876,0.5276782080027316,1.0,0.3333333333333333,0.8000001028571486,0.1999999519999923,0.8000000000000003,0.20000000000000007,0.7999999999999998,0.8000000000000003,-1.0,1.3,2020-05-15T05:00:00,EURUSD,H1,3,BUY,-4.511791697157097,5,"hit_tp=False,hit_sl=True,regime=3"
0.4026808928505937,0.4332129195403334,0.5489822595404619,0.5687087763262055,0.6355830669537856,0.5058418523102538,0.7278244063773842,0.49054911727426065,0.6301506809541153,0.606081858315265,0.7909026,0.7522892992736915,0.46956760550260895,0.8537913387338109,0.5,0.58434045,0.4146221921623087,0.5169080271454555,0.5169079720221006,0.0,0.0,1.0,0.95652175,0.16666667,0.8101228,0.5399238002194692,0.08333333333333331,1.0,0.2000000400000022,0.7999999279999885,0.20000000000000018,0.7999999999999999,0.1999999999999999,0.20000000000000018,1.0,2.0,2020-01-14T22:00:00,EURUSD,H1,4,SELL,93.93946722047188,21,"hit_tp=True,hit_sl=False,regime=4"
0.4290412279240997,0.4321135204861634,0.4871197722593232,0.4789252390823482,0.40804038578170404,0.5847375127778739,0.46820587466120894,0.5016520303236975,0.4402391804160555,0.5979922489295281,0.78144723,0.4891996927255669,0.5697602924631195,0.13433002232959892,0.5,0.47260016,0.014207790383845998,0.9734154058747462,0.9734155282369858,0.0,1.0,0.0,0.9130435,0.0,0.47971073,0.6911599194411907,1.0,0.3333333333333333,0.8000001028571486,0.1999999519999923,0.8000000000000003,0.20000000000000007,0.7999999999999998,0.8000000000000003,-1.0,1.3,2020-07-20T21:00:00,EURUSD,H1,3,BUY,-7.014064770085593,10,"hit_tp=False,hit_sl=True,regime=3"
0.44881339137118503,0.5120735061870866,0.5665030006527907,0.6176722288137236,0.2989828215068265,0.4075096122892193,0.601572477732976,0.472890849498682,0.5612084102247411,0.7627663810192515,0.8281866,0.9729351162287844,0.15234507643699605,0.754747692444648,0.5,0.46669617,0.2209156939543539,0.9695313817722304,0.9695314553667468,0.0,0.0,1.0,0.6086956,0.6666667,0.7870138,0.5407475380050855,0.08333333333333331,1.0,0.2000000400000022,0.7999999279999885,0.20000000000000018,0.7999999999999999,0.1999999999999999,0.20000000000000018,-1.0,1.3,2020-05-22T14:00:00,EURUSD,H1,4,SELL,-53.63356216846471,7,"hit_tp=False,hit_sl=True,regime=4"
0.41528539698635347,0.41485691144840636,0.4750525359014424,0.46827015736116684,0.2978354770889757,0.2500407330465747,0.46050058117863674,0.322597593899903,0.41197793791364834,0.4090769376540748,0.13774341,0.18566218816208765,0.18540378005362976,0.2543343199799999,0.5,0.5307726,0.0072419390307341056,0.9072219766075733,0.907221977739816,0.0,1.0,0.0,0.65217394,0.33333334,0.5357026,0.5571374987220482,1.0,0.3333333333333333,0.8000001028571486,0.1999999519999923,0.8000000000000003,0.20000000000000007,0.7999999999999998,0.8000000000000003,-1.0,1.3,2020-07-22T15:00:00,EURUSD,H1,3,BUY,-5.975678133791629,12,"hit_tp=False,hit_sl=True,regime=3"
0.4078202990664185,0.4126256348202694,0.47563771512910746,0.46816505709372763,0.584273032516128,0.5710426129969411,0.6680128562505544,0.42871362049787926,0.35455508621421755,0.47928488124091917,0.23745319,0.37729126081577774,0.49524327480327773,0.15759582676219985,0.5,0.42149296,0.01589383183511152,0.8221199116900247,0.8221198894532731,1.0,0.0,0.0,0.5652174,0.6666667,0.29149443,0.5090261075720002,1.0,0.41666666666666663,1.0,0.0,1.0,0.0,1.0,1.0,-1.0,1.56,2020-05-15T13:00:00,EURUSD,H1,1,BUY,-13.70936936457845,22,"hit_tp=False,hit_sl=True,regime=1"
0.41502276292799306,0.419782189663494,0.4792566895637068,0.4694060587308608,0.34033241205216874,0.22459168768250018,0.4176359886770131,0.4935702355502172,0.26746153070082895,0.43518192129148076,0.0798808,0.18582047069976868,0.21688692944897048,0.2445046160810888,0.5,0.4330841,0.011488705819087983,0.9411440939576896,0.9411440946759543,0.0,1.0,0.0,0.0,0.6666667,0.38311258,0.5660735391253019,1.0,0.3333333333333333,0.8000001028571486,0.1999999519999923,0.8000000000000003,0.20000000000000007,0.7999999999999998,0.8000000000000003,-1.0,1.3,2020-07-03T00:00:00,EURUSD,H1,3,BUY,-6.223488973065017,8,"hit_tp=False,hit_sl=True,regime=3"
0.2697198667562171,0.2969133832024898,0.37582588927491656,0.5547020226490987,0.25671467462648784,0.15125988535441534,0.2845240103302262,0.25202508000101725,0.6336267112281281,0.435000588622281,0.56625664,0.49542045510460253,0.21013123081836965,0.24661387094449963,0.5,0.58506125,0.8373474405492833,0.6918266117573006,0.6918264690728131,0.0,0.0,1.0,0.9130435,0.0,0.60992,0.43049708503315504,0.0,1.0,0.0,1.0,0.0,1.0,0.0,0.0,1.0,1.95,2020-03-30T21:00:00,EURUSD,H1,5,SELL,133.82408980919135,2,"hit_tp=True,hit_sl=False,regime=5"
0.4205724171803709,0.44074727857677626,0.5013431567191692,0.5062613443199643,0.2772930353318125,0.2227139928148956,0.3368965842139105,0.30834924202180003,0.7162899800459946,0.7645214582558908,0.8108287,0.8065881314324678,0.37640538872288715,0.19469955256817653,0.5,0.66513616,0.05989404342487131,0.7617138325913901,0.7617138599069438,1.0,0.0,0.0,1.0,0.6666667,0.8964858,0.5681371285798399,0.41666666666666663,1.0,1.0,0.0,1.0,0.0,1.0,1.0,1.0,1.95,2020-07-17T23:00:00,EURUSD,H1,2,SELL,17.803081022564893,9,"hit_tp=True,hit_sl=False,regime=2"
0.4958564519707962,0.5030444959671777,0.5921598012402115,0.569488530558173,0.18655475685647763,0.3561207849577472,0.43943092752801216,0.4155252743736096,0.6689133982059016,0.8509882570395633,0.94647026,0.9220563533364549,0.690572500700457,0.9227937999190167,0.5,0.6136851,0.20554672391601825,0.9645501401427273,0.964550213798034,0.0,0.0,1.0,0.0,0.6666667,0.92333996,0.553616043271819,0.08333333333333331,1.0,0.2000000400000022,0.7999999279999885,0.20000000000000018,0.7999999999999999,0.1999999999999999,0.20000000000000018,-1.0,1.3,2020-06-05T00:00:00,EURUSD,H1,4,SELL,-50.42508332536278,12,"hit_tp=False,hit_sl=True,regime=4"
0.41309397976590867,0.41635612177670434,0.47307933598598345,0.4658815356781251,0.3547514417937776,0.3601673864021182,0.33080338696845357,0.3321760445246763,0.3703028993852008,0.45179887606906916,0.0,0.1535011036877542,0.5366747638171794,0.14466003075034597,0.5,0.37964195,0.020258899474536695,0.8349991473828522,0.8349991738040479,1.0,0.0,0.0,0.6086956,1.0,0.4862435,0.4767865891505547,1.0,0.41666666666666663,1.0,0.0,1.0,0.0,1.0,1.0,1.0,1.95,2020-07-12T14:00:00,EURUSD,H1,1,BUY,14.2273229373302,8,"hit_tp=True,hit_sl=False,regime=1"
0.41057446105838014,0.42028273015592543,0.493323229275927,0.38507614085309017,0.6830761641164559,0.5416253408287396,0.49954865239634505,0.4722810675252146,0.14857967047267498,0.22359149560835404,0.25027496,0.36202540960242,0.47646376553666386,0.16345918992097128,0.5,0.2708963,0.059263880149646626,0.7150896540385563,0.7150897307382238,0.0,0.0,1.0,0.6086956,1.0,0.23561516,0.4203732753258701,1.0,0.08333333333333331,0.2000000400000022,0.7999999279999885,0.20000000000000018,0.7999999999999999,0.1999999999999999,0.20000000000000018,1.0,1.95,2020-01-05T14:00:00,EURUSD,H1,4,BUY,71.35147086282822,7,"hit_tp=True,hit_sl=False,regime=4"
0.42862134879168523,0.42333197639679393,0.4852627974464545,0.4632927709233898,0.23294897089956385,0.23255864572911839,0.27177986819263783,0.31414232808063514,0.37629279356127354,0.443646787894581,0.31293574,0.4429950167210312,0.40429611169350205,0.8334121559368519,0.5,0.37556413,0.01563617833782846,0.7720899630016756,0.772090002394382,1.0,0.0,0.0,0.39130434,0.6666667,0.3018568,0.5949867354004348,1.0,0.41666666666666663,1.0,0.0,1.0,0.0,1.0,1.0,1.0,1.95,2020-10-23T09:00:00,EURUSD,H1,1,BUY,13.530109032280356,8,"hit_tp=True,hit_sl=False,regime=1"
0.41539774298305726,0.4275307535769485,0.5077759442097349,0.48944014473015396,0.5526405545104749,0.6299376299376299,0.570007652530092,0.48703916662980473,0.638839286919323,0.5709079823693509,0.76276773,0.6081490958658521,0.1926084279247075,0.25208488318164385,0.5,0.6464981,0.07381792239183281,0.8947894481082974,0.8947894982073868,1.0,0.0,0.0,0.2173913,1.0,0.7827002,0.5708809436968147,0.41666666666666663,1.0,1.0,0.0,1.0,0.0,1.0,1.0,-1.0,1.3,2020-02-16T05:00:00,EURUSD,H1,2,SELL,-13.304378174852085,7,"hit_tp=False,hit_sl=True,regime=2"
0.4180954200564916,0.42590032336168954,0.49122329813487275,0.4847263383877441,0.275255623282755,0.23798974489362162,0.3498865633061871,0.33336871579962835,0.6192917887149524,0.5806132211412938,0.75599104,0.6299751877186521,0.24102806832316467,0.2369672411534648,0.5,0.7476262,0.051327443931023585,0.8471250680925206,0.8471251919959796,1.0,0.0,0.0,0.26086956,0.16666667,0.8384099,0.49140093847201766,0.41666666666666663,1.0,1.0,0.0,1.0,0.0,1.0,1.0,-1.0,1.3,2020-03-31T06:00:00,EURUSD,H1,2,SELL,-11.396976726922858,15,"hit_tp=False,hit_sl=True,regime=2"
0.4208632813589688,0.4403788298702083,0.5019635364921661,0.4934205438058783,0.4064454087928292,0.6016019404229707,0.6019396888706474,0.38014253340880755,0.6614843319237734,0.5411374402867989,0.81530964,0.6814035627600866,0.1901379814757447,0.25285618966840545,0.5,0.56216085,0.058315230397225123,0.8638059035521288,0.8638059052142117,1.0,0.0,0.0,0.17391305,1.0,0.83654386,0.5331737936633172,0.41666666666666663,1.0,1.0,0.0,1.0,0.0,1.0,1.0,-1.0,1.3,2020-06-07T04:00:00,EURUSD,H1,2,SELL,-13.146653975939504,13,"hit_tp=False,hit_sl=True,regime=2"
0.3883298211979338,0.4030639092263946,0.46594910763848535,0.4538421243591704,0.32103817814507457,0.3735144661857354,0.35843879193896727,0.3834329080083718,0.24674492140812707,0.27815845115851656,0.0,0.14465171515987352,0.2774752818917455,0.2255876204009541,0.5,0.3155108,0.02476378174654873,0.9600809081380045,0.9600809452365104,1.0,0.0,0.0,0.0,0.5,0.10698585,0.31592095530020814,1.0,0.41666666666666663,1.0,0.0,1.0,0.0,1.0,1.0,-1.0,1.3,2020-02-27T00:00:00,EURUSD,H1,1,BUY,-10.60838942807063,4,"hit_tp=False,hit_sl=True,regime=1"
0.33855173427483065,0.3073307875387249,0.34653695166759013,0.2692777820969579,0.31160208501197584,0.2623111197195106,0.3179929137111737,0.33250006002159727,0.11118580739845922,0.29197996074553834,0.14781143,0.19976694237746886,0.3292127159148921,0.8099695600617437,0.5,0.068152584,0.08252571185170607,0.479185042255408,0.479185109630223,0.0,0.0,1.0,0.08695652,1.0,0.23093992,0.5098914672274051,1.0,0.0,0.0,1.0,0.0,1.0,0.0,0.0,-1.0,1.3,2020-04-05T02:00:00,EURUSD,H1,5,BUY,-82.71045484751438,7,"hit_tp=False,hit_sl=True,regime=5"
0.4280811819424202,0.4328260799866111,0.4942451244445891,0.4855637461367097,0.45176582441654195,0.44438531427379,0.5223205596596302,0.4455988325733781,0.5309797436096894,0.7457996892064744,0.95985955,0.7348896006483091,0.05750356657264652,0.29426749441586747,0.5,0.5740955,0.013013699974960338,0.8793860067958706,0.8793859838602559,0.0,1.0,0.0,0.7826087,0.8333333,0.6836864,0.5946572402861882,1.0,0.3333333333333333,0.8000001028571486,0.1999999519999923,0.8000000000000003,0.20000000000000007,0.7999999999999998,0.8000000000000003,-1.0,1.56,2020-03-28T18:00:00,EURUSD,H1,3,BUY,-6.215789828187823,21,"hit_tp=False,hit_sl=True,regime=3"
0.4059076790197826,0.4284629454067219,0.47836168722271716,0.47374340599164266,0.3783242397838197,0.41928192804454084,0.5539436268212677,0.41522638367385584,0.48142099526039417,0.4934780434997994,0.672222,0.48674971638999814,0.04537324207026702,0.721348778797605,0.5,0.5643043,0.06519236650672698,0.8395608962500576,0.8395608005777759,1.0,0.0,0.0,0.8695652,0.5,0.58470327,0.6107844308506456,0.41666666666666663,1.0,1.0,0.0,1.0,0.0,1.0,1.0,-1.0,1.56,2020-04-02T20:00:00,EURUSD,H1,2,SELL,-12.706364713637177,64,"hit_tp=False,hit_sl=True,regime=2"
0.4124072349847627,0.42318184660449654,0.4826386009257843,0.4751726820654678,0.4067893473623505,0.3127801136298215,0.3784871522522568,0.37540254640643295,0.48299945393896965,0.47867145968689523,0.33332443,0.4823583471678746,0.032579460593060695,0.30204934109759946,0.5,0.58152384,0.010463306732157856,0.9880654345737675,0.9880655079420986,0.0,1.0,0.0,0.82608694,0.0,0.43879366,0.6662144686172254,1.0,0.3333333333333333,0.8000001028571486,0.1999999519999923,0.8000000000000003,0.20000000000000007,0.7999999999999998,0.8000000000000003,-1.0,1.3,2020-01-06T19:00:00,EURUSD,H1,3,BUY,-5.027769352123901,6,"hit_tp=False,hit_sl=True,regime=3"
0.41476290976152036,0.4246838905307665,0.48530409702909105,0.4758998389083462,0.21978160181452183,0.20714497857355,0.4239609955367135,0.37863434142524344,0.3469302614165962,0.5377409972090486,0.50339353,0.8552139876095172,0.15785609370778245,0.7564683468089969,0.5,0.41503078,0.017272182968779883,0.9628871553363979,0.9628870825666308,0.0,1.0,0.0,0.65217394,0.6666667,0.3670504,0.45917812749465253,1.0,0.3333333333333333,0.8000001028571486,0.1999999519999923,0.8000000000000003,0.20000000000000007,0.7999999999999998,0.8000000000000003,-1.0,1.3,2020-07-03T15:00:00,EURUSD,H1,3,BUY,-5.746383894467133,9,"hit_tp=False,hit_sl=True,regime=3"
0.42090597623062104,0.44292333319979776,0.39784476905433913,0.4323716741117141,0.42242054399857026,0.3470722127121489,0.3647206872477595,0.3430060756089346,0.2034831162015415,0.47661463393088943,0.19300708,0.4015996955262702,0.23436907854821834,0.23904630837872357,0.5,0.24371517,0.11444549161356134,0.5853097915729696,0.5853096745959511,0.0,0.0,1.0,0.95652175,0.0,0.27937895,0.27404092720067696,1.0,0.0,0.0,1.0,0.0,1.0,0.0,0.0,1.0,2.0,2020-02-17T22:00:00,EURUSD,H1,5,BUY,161.98154723289892,28,"hit_tp=True,hit_sl=False,regime=5"
0.3972696572317279,0.48266319389382795,0.546800149764968,0.6748262991585778,0.39202080331775907,0.2962917864670387,0.42658192044953674,0.3562212544772273,0.67165382350144,0.5480821979595726,0.7662757,0.7361954594776077,0.1736691709835693,0.2579981183541406,0.5,0.80732715,0.8018627521637132,0.46417508744832714,0.4641751916176623,0.0,0.0,1.0,0.6956522,0.0,0.7823615,0.6560026251440493,0.0,1.0,0.0,1.0,0.0,1.0,0.0,0.0,-1.0,1.3,2020-03-23T16:00:00,EURUSD,H1,5,SELL,-107.66818673691114,7,"hit_tp=False,hit_sl=True,regime=5"
0.426313481289781,0.42638218210192175,0.4736088623358811,0.4574385148983596,0.2754681111907643,0.29620271792337644,0.40096279399618795,0.3891158914229718,0.43132782003996994,0.44314818313003984,0.27679464,0.32413332066843126,0.4053065827974417,0.8337276465891041,0.5,0.3832209,0.019438039773331004,0.7832471475889496,0.7832471868454961,1.0,0.0,0.0,0.0,0.6666667,0.2165579,0.47867739176966984,1.0,0.41666666666666663,1.0,0.0,1.0,0.0,1.0,1.0,1.0,1.95,2020-03-13T00:00:00,EURUSD,H1,1,BUY,20.406187647414864,13,"hit_tp=True,hit_sl=False,regime=1"
0.41376839552160083,0.42230832170284516,0.47792622099243753,0.4588909719265485,0.5292458749729495,0.6312754719552381,0.5839768429383693,0.48865304157056505,0.2589008924242164,0.4587791024696111,0.29897046,0.5064499941386774,0.2077491682159663,0.7720460241136748,0.5,0.32784694,0.02256461572435306,0.8464059725108127,0.8464060232003635,1.0,0.0,0.0,0.04347826,0.0,0.24413367,0.7393952747952148,1.0,0.41666666666666663,1.0,0.0,1.0,0.0,1.0,1.0,1.0,2.0,2020-02-24T01:00:00,EURUSD,H1,1,BUY,22.27225771085584,36,"hit_tp=True,hit_sl=False,regime=1"
0.4099713239330876,0.41179401206410315,0.4744805703363059,0.4754261107112429,0.1820452939644418,0.16751207914245622,0.32860708785150505,0.3509257502690297,0.46592050327540824,0.4291169130249364,0.43270978,0.3819266519085537,0.4030855628709774,0.186369423334495,0.5,0.39149094,0.07000112724675524,0.8682339477965456,0.8682340714423967,1.0,0.0,0.0,0.47826087,1.0,0.5795671,0.6531020074151284,0.41666666666666663,1.0,1.0,0.0,1.0,0.0,1.0,1.0,-1.0,1.56,2020-02-02T11:00:00,EURUSD,H1,2,SELL,-11.232359022745886,28,"hit_tp=False,hit_sl=True,regime=2"
0.46783319937586587,0.4780778235313841,0.6101492734056643,0.6894160438363091,0.35745739282534383,0.4160572429823624,0.3698214547528646,0.44357368702615474,0.8727668651254895,0.7760221211438243,0.7871471,0.7036895716334615,0.5522005820291359,0.13981253016352294,0.5,0.9487088,0.6542625403891589,0.6492266665449542,0.6492267318446187,0.0,0.0,1.0,0.13043478,0.0,0.8286868,0.4132010022705563,0.0,1.0,0.0,1.0,0.0,1.0,0.0,0.0,1.0,2.0,2020-02-03T03:00:00,EURUSD,H1,5,SELL,198.60544714104256,72,"hit_tp=True,hit_sl=False,regime=5"
0.4107093642641976,0.4272414343074865,0.4849166356443274,0.47449407451092956,0.1639757449006044,0.2856582452440126,0.4513307818771542,0.40839630419777,0.4336567033719153,0.5467735076382603,0.45893353,0.7840184920175246,0.18212428147077753,0.7640453960435254,0.5,0.39758143,0.010792344054189154,0.8844888468975775,0.8844888483072503,0.0,1.0,0.0,0.5217391,0.0,0.39546248,0.5238411244072133,1.0,0.3333333333333333,0.8000001028571486,0.1999999519999923,0.8000000000000003,0.20000000000000007,0.7999999999999998,0.8000000000000003,1.0,1.95,2020-05-11T12:00:00,EURUSD,H1,3,BUY,11.116240535478106,16,"hit_tp=True,hit_sl=False,regime=3"
0.4142416184894158,0.43182617584488403,0.5040404346352947,0.49220310785129023,0.389904611157194,0.34293621149701864,0.41039477403434493,0.40456762669885,0.6358429262465944,0.6024043808396492,0.78813314,0.6893277008498216,0.06315999400229347,0.2925014283432065,0.5,0.6088777,0.07023198414832349,0.7669456178413613,0.7669456206855059,1.0,0.0,0.0,0.0,0.0,0.79958236,0.5000948362321448,0.41666666666666663,1.0,1.0,0.0,1.0,0.0,1.0,1.0,1.0,1.95,2020-08-24T00:00:00,EURUSD,H1,2,SELL,21.418357322564585,16,"hit_tp=True,hit_sl=False,regime=2"
0.48157695410455736,0.6139992551394285,0.6834014112294032,0.7283668031776634,0.35325620576999106,0.3279140058747068,0.31621237908198135,0.3928746329927465,0.6691359995209644,0.7104431829549791,0.8447591,0.758797110407381,0.20170072535804243,0.24924606571546679,0.5,0.8127179,0.5260738642295961,0.8182552549876883,0.8182551961867579,0.0,0.0,1.0,0.73913044,0.33333334,0.918058,0.30939576553707926,0.0,1.0,0.0,1.0,0.0,1.0,0.0,0.0,-1.0,1.3,2020-01-15T17:00:00,EURUSD,H1,5,SELL,-98.92325675220803,2,"hit_tp=False,hit_sl=True,regime=5"
0.4106162765686441,0.4182232120611909,0.4755762969284824,0.4693658153765879,0.13731106239793556,0.21249298705485636,0.4067855558839224,0.4717804593126046,0.4515154934981089,0.45660202907556174,0.18955058,0.28506479842137633,0.43661282574951205,0.17590148045981324,0.5,0.45879975,0.008370329895230729,0.9576577132123464,0.9576576405063985,0.0,1.0,0.0,0.17391305,0.6666667,0.38310608,0.6007760010332203,1.0,0.3333333333333333,0.8000001028571486,0.1999999519999923,0.8000000000000003,0.20000000000000007,0.7999999999999998,0.8000000000000003,-1.0,1.3,2020-02-21T04:00:00,EURUSD,H1,3,BUY,-6.026980408662119,4,"hit_tp=False,hit_sl=True,regime=3"
0.40203173368858974,0.3976004627185922,0.45667700436885966,0.44809002513605517,0.2606528993551683,0.2314752807583397,0.37245695853983285,0.5171454754596315,0.5244040742261246,0.4214473533420373,0.19581886,0.022302541055891113,0.3573066616075277,0.20066255578457542,0.5,0.3863661,0.017042953645211092,0.9112142604498443,0.9112143225522696,1.0,0.0,0.0,0.5217391,0.16666667,0.28920582,0.5476026211778656,1.0,0.41666666666666663,1.0,0.0,1.0,0.0,1.0,1.0,-1.0,1.56,2020-06-16T12:00:00,EURUSD,H1,1,BUY,-12.116290973926969,32,"hit_tp=False,hit_sl=True,regime=1"
0.41069545467161095,0.41661486989704477,0.47291454269929956,0.46306670844539444,0.09577056703537801,0.1275743561457847,0.3480510039981597,0.4051638799353812,0.4137023989678301,0.4712450626437569,0.0,0.11747438536413174,0.07233896403031827,0.2896355752573493,0.5,0.44304827,0.022757799946963964,0.9662899843607328,0.9662899847721226,1.0,0.0,0.0,0.8695652,0.8333333,0.42090094,0.5305117653632547,1.0,0.41666666666666663,1.0,0.0,1.0,0.0,1.0,1.0,1.0,1.95,2020-07-18T20:00:00,EURUSD,H1,1,BUY,18.72317694867176,11,"hit_tp=True,hit_sl=False,regime=1"
0.39393165768967553,0.4019296521732288,0.4539547641355878,0.4226547156854152,0.3194159691275664,0.3310543857543326,0.39905733698387363,0.3877488897128152,0.24272093059293617,0.09060366356873603,0.12658073,0.115233741615084,0.23301228706592367,0.7799337178514765,0.5,0.32982948,0.01598652431942477,0.7863677397739974,0.786367693565996,1.0,0.0,0.0,1.0,0.8333333,0.08717708,0.48996064988142224,1.0,0.41666666666666663,1.0,0.0,1.0,0.0,1.0,1.0,1.0,1.95,2020-02-08T23:00:00,EURUSD,H1,1,BUY,16.347119845883107,12,"hit_tp=True,hit_sl=False,regime=1"
0.4186665240359488,0.4160337287911531,0.4793871352797805,0.4693997035718519,0.3755529904470361,0.24859659867625877,0.34718914066912987,0.33992108910976754,0.36520908522092355,0.42351864534066963,0.31549948,0.2695582522628619,0.14080268257693068,0.7511439135389724,0.5,0.40983966,0.008296155903770086,0.9127114813011411,0.9127114823663913,0.0,1.0,0.0,0.3043478,0.16666667,0.25443837,0.527441893050263,1.0,0.3333333333333333,0.8000001028571486,0.1999999519999923,0.8000000000000003,0.20000000000000007,0.7999999999999998,0.8000000000000003,1.0,1.95,2020-01-07T07:00:00,EURUSD,H1,3,BUY,8.42581758786265,10,"hit_tp=True,hit_sl=False,regime=3"
0.4029057849234977,0.3728814448323069,0.3793547147946931,0.3422659352086021,0.4745588859738228,0.43138390939771715,0.6938109737741129,0.5027766234362595,0.028666743611330495,0.06300663839533524,0.20224732,0.27140910814644703,0.2400246272269052,0.782123091282998,0.5,0.0,0.10243124949758982,0.796812760527076,0.7968127630067285,0.0,0.0,1.0,0.5652174,0.16666667,0.20451218,0.42134018982800914,1.0,0.08333333333333331,0.2000000400000022,0.7999999279999885,0.20000000000000018,0.7999999999999999,0.1999999999999999,0.20000000000000018,1.0,2.0,2020-03-17T13:00:00,EURUSD,H1,4,BUY,90.8016035996817,34,"hit_tp=True,hit_sl=False,regime=4"
0.43645885948102386,0.49743691270279156,0.5780376938285655,0.6331106943462798,0.4129675650556022,0.42084475212462463,0.8168503656898239,0.5612646642313193,0.859612158250429,0.9179956766120002,0.80880153,0.8459483682443228,0.0666358702996883,0.2914161971052514,0.5,0.94058937,0.46595368309397817,0.5046977661064614,0.5046977233358986,0.0,0.0,1.0,0.5652174,0.6666667,0.8295003,0.4095277543453138,0.08333333333333331,1.0,0.2000000400000022,0.7999999279999885,0.20000000000000018,0.7999999999999999,0.1999999999999999,0.20000000000000018,-1.0,1.3,2020-01-03T13:00:00,EURUSD,H1,4,SELL,-62.32774461008006,8,"hit_tp=False,hit_sl=True,regime=4"
0.4156033313352997,0.4284353138351206,0.4857241534251946,0.46671153855657355,0.1217510082164472,0.0755866544501701,0.4007824792450974,0.4439839838032703,0.33710073440579935,0.42289193502888434,0.37293565,0.632156677109497,0.4372687902161533,0.8437069590202595,0.5,0.33708933,0.009377879907565766,0.939081410921571,0.9390814116650081,0.0,1.0,0.0,0.47826087,0.33333334,0.32256776,0.5303087814472827,1.0,0.3333333333333333,0.8000001028571486,0.1999999519999923,0.8000000000000003,0.20000000000000007,0.7999999999999998,0.8000000000000003,-1.0,1.56,2020-02-19T11:00:00,EURUSD,H1,3,BUY,-6.339433349951129,31,"hit_tp=False,hit_sl=True,regime=3"
0.4189718983854727,0.4322568318690622,0.48860800362800166,0.47861389370520074,0.08527335204103749,0.19772159920858803,0.5081922517788111,0.43223274012019225,0.46956545947173217,0.6000738499283044,0.5370838,0.8467384826203395,0.5900930171766212,0.8914220032422643,0.5,0.4202612,0.015437899098479788,0.94790528142901,0.9479053552874468,0.0,1.0,0.0,0.6086956,0.16666667,0.43157762,0.5517468848635105,1.0,0.3333333333333333,0.8000001028571486,0.1999999519999923,0.8000000000000003,0.20000000000000007,0.7999999999999998,0.8000000000000003,-1.0,1.3,2020-04-14T14:00:00,EURUSD,H1,3,BUY,-6.533971864166599,9,"hit_tp=False,hit_sl=True,regime=3"
0.4302735875948022,0.520558954943706,0.6370171938588023,0.6317334395523929,0.43906059457010677,0.6138062394036902,0.7373621338103488,0.5553247546708507,0.8378438725659165,0.9574735000422813,0.8699863,0.8902472230931368,0.12640240559462818,0.27275579721582444,0.5,0.824547,0.3235402154519659,0.3958990219633762,0.39589904153947275,0.0,0.0,1.0,0.4347826,0.6666667,0.8876536,0.6496651897383926,0.08333333333333331,1.0,0.2000000400000022,0.7999999279999885,0.20000000000000018,0.7999999999999999,0.1999999999999999,0.20000000000000018,-1.0,1.56,2020-03-06T10:00:00,EURUSD,H1,4,SELL,-57.646204519423705,25,"hit_tp=False,hit_sl=True,regime=4"
0.42549106173754164,0.4203712196505803,0.4691096142655614,0.445919071516014,0.24640796182528332,0.33206368203712866,0.36045861865627093,0.47485500336476766,0.38436237190796313,0.2901493802957233,0.25524202,0.2816441510001939,0.37953822839551454,0.8256822883905943,0.5,0.28395244,0.020233074436168726,0.9204491664994646,0.9204491674702858,1.0,0.0,0.0,0.7826087,1.0,0.1862511,0.5793088534968251,1.0,0.41666666666666663,1.0,0.0,1.0,0.0,1.0,1.0,1.0,2.0,2020-07-26T18:00:00,EURUSD,H1,1,BUY,17.496430491414916,35,"hit_tp=True,hit_sl=False,regime=1"
0.39965545070244834,0.4064257235022316,0.4625196235933344,0.4501453610557319,0.19771347101230471,0.14908085269211133,0.4090198740572796,0.4786225543446404,0.43733252368455056,0.368538056178668,0.17889148,0.0907809507958907,0.19612814927000308,0.2509859464105568,0.5,0.4210892,0.015521055953017834,0.8462306529953892,0.8462306548719569,1.0,0.0,0.0,0.2173913,0.0,0.2880086,0.5364070614253479,1.0,0.41666666666666663,1.0,0.0,1.0,0.0,1.0,1.0,-1.0,1.3,2020-02-03T05:00:00,EURUSD,H1,1,BUY,-12.81086142138843,17,"hit_tp=False,hit_sl=True,regime=1"
0.4173480743897254,0.4258970266010952,0.48156564031381305,0.46994513304234775,0.49640526851420774,0.3280432159879849,0.5792953145833324,0.4451904235269979,0.33759071245862937,0.41234505891185075,0.30325958,0.5311431451818648,0.23656387469603307,0.2383610525160934,0.5,0.27337527,0.009774727358740737,0.9450635822473016,0.9450637049555406,0.0,1.0,0.0,0.6956522,0.6666667,0.34264427,0.5187330592124605,1.0,0.3333333333333333,0.8000001028571486,0.1999999519999923,0.8000000000000003,0.20000000000000007,0.7999999999999998,0.8000000000000003,1.0,1.95,2020-01-10T16:00:00,EURUSD,H1,3,BUY,10.727767816385292,13,"hit_tp=True,hit_sl=False,regime=3"
0.41414096375459275,0.4159057573438587,0.47508209963599507,0.4635096937803558,0.6563684740416847,0.503013456810589,0.4935417150216178,0.38003225098069304,0.18481183637856233,0.40801724933624106,0.094362095,0.30760073242954517,0.8360550408901322,0.96821654058458,0.5,0.1953895,0.012354007685605335,0.9792102491647153,0.9792102738259904,0.0,1.0,0.0,0.95652175,0.5,0.15684497,0.5624530234153466,1.0,0.3333333333333333,0.8000001028571486,0.1999999519999923,0.8000000000000003,0.20000000000000007,0.7999999999999998,0.8000000000000003,-1.0,1.56,2020-05-28T22:00:00,EURUSD,H1,3,BUY,-5.605267680304227,21,"hit_tp=False,hit_sl=True,regime=3"
0.4310849807906974,0.5138359467282666,0.5444657077580836,0.6130155811505318,0.22748697264038836,0.23248732149422535,0.37839482551082365,0.3643965967960341,0.7277408325635772,0.6722059239359678,0.8763763,0.902890351421791,0.6034161304821226,0.8955817203445342,0.5,0.708491,0.4296902704745431,0.20145082939884454,0.20145085867021256,0.0,0.0,1.0,0.9130435,0.6666667,0.8482172,0.3047829806780401,0.0,1.0,0.0,1.0,0.0,1.0,0.0,0.0,-1.0,1.2,2020-01-31T21:00:00,EURUSD,H1,5,SELL,-102.57301374125392,49,"hit_tp=False,hit_sl=True,regime=5"
0.43025486487925496,0.3108605186709616,0.3492402248285305,0.3518679903361,0.4320661846638268,0.37686817208856505,0.6241160868132429,0.5066741581610477,0.3636103464500496,0.3445941417532697,0.092775136,0.20443729661714552,0.1428977173657563,0.26760562892160455,0.5,0.35862964,0.1623035749429678,0.9038470210186571,0.9038470465996484,0.0,0.0,1.0,0.5217391,0.8333333,0.3076389,0.5548010769153077,1.0,0.0,0.0,1.0,0.0,1.0,0.0,0.0,-1.0,1.3,2020-04-04T12:00:00,EURUSD,H1,5,BUY,-135.68260472718973,5,"hit_tp=False,hit_sl=True,regime=5"
0.42205589276209116,0.3901878577279088,0.4132498394976467,0.3914736173403323,0.2365936338715486,0.19616022621864362,0.26592767278976315,0.1563833521176275,0.5207114644057736,0.4721791926265033,0.38124874,0.1347265936735629,0.2712213963093755,0.2275402216213819,0.5,0.50512654,0.0385077955580934,0.8037364291363851,0.8037364559391043,0.0,0.0,1.0,0.5652174,0.33333334,0.5223608,0.59289436386218,1.0,0.08333333333333331,0.2000000400000022,0.7999999279999885,0.20000000000000018,0.7999999999999999,0.1999999999999999,0.20000000000000018,-1.0,1.3,2020-01-01T13:00:00,EURUSD,H1,4,BUY,-27.422263716572196,2,"hit_tp=False,hit_sl=True,regime=4"
0.41969239910319306,0.37691946804796606,0.4241032161361254,0.42622756505455334,0.11218803969546444,0.3939199165433897,0.41209706441591887,0.2833729912850139,0.600228552986317,0.40084920208459046,0.42848468,0.4260565841439398,0.056484585459409674,0.72481800919992,0.5,0.602828,0.6131469541700276,0.9278472204772511,0.9278472457653493,0.0,0.0,1.0,0.8695652,0.16666667,0.47112373,0.48690896289809127,0.0,1.0,0.0,1.0,0.0,1.0,0.0,0.0,1.0,1.95,2020-04-21T20:00:00,EURUSD,H1,5,SELL,163.09719624096664,10,"hit_tp=True,hit_sl=False,regime=5"
0.4536543218346566,0.5084279566473778,0.5674093309686514,0.5947059147612496,0.2856945797929002,0.24467729884617823,0.31484406074040644,0.4466559318211587,0.8378161418106195,0.7748979835523628,0.94488966,0.9713549889074066,0.3470789716837766,0.8155477721178788,0.5,0.7946603,0.3944557708104072,0.0,0.0,0.0,0.0,1.0,0.8695652,0.0,0.78279024,0.5186959129252455,0.08333333333333331,1.0,0.2000000400000022,0.7999999279999885,0.20000000000000018,0.7999999999999999,0.1999999999999999,0.20000000000000018,1.0,1.7999999999999998,2020-06-01T20:00:00,EURUSD,H1,4,SELL,63.94392268342708,24,"hit_tp=True,hit_sl=False,regime=4"
0.4173999289218279,0.4295983845269076,0.4898969403120663,0.4686482800153163,0.2017692985743167,0.2913196418772626,0.39676700137102083,0.40329955106841625,0.27352904445512516,0.3573767492348692,0.39111954,0.6826721255374114,0.17425354037199284,0.7615879537513114,0.5,0.27132955,0.013673664836276647,0.9584626013732988,0.9584625774726508,0.0,1.0,0.0,0.4347826,0.5,0.3175421,0.5769671909610757,1.0,0.3333333333333333,0.8000001028571486,0.1999999519999923,0.8000000000000003,0.20000000000000007,0.7999999999999998,0.8000000000000003,1.0,2.0,2020-04-16T10:00:00,EURUSD,H1,3,BUY,10.46045195133516,24,"hit_tp=True,hit_sl=False,regime=3"
0.4151220393063213,0.4218891682143239,0.47593498009574253,0.4632832359564678,0.2948806067705924,0.2779553698300379,0.42871403942822495,0.4275414296032061,0.389993276810551,0.39759348046335136,0.13232954,0.21128102579523872,0.3082963155637248,0.215964651831228,0.5,0.3678646,0.011139999427136895,0.7911387346673375,0.7911387372162346,1.0,0.0,0.0,0.8695652,0.6666667,0.30879483,0.4946520037497626,1.0,0.41666666666666663,1.0,0.0,1.0,0.0,1.0,1.0,-1.0,1.3,2020-03-06T20:00:00,EURUSD,H1,1,BUY,-12.081901946017217,17,"hit_tp=False,hit_sl=True,regime=1"
0.41742213651398774,0.3830488063245303,0.4995768587183629,0.5166401309087776,0.5485029698589149,0.4896386643598539,0.47324317902186414,0.36736830446909385,0.43126302989104653,0.5592013797815709,0.41837326,0.5018163983685012,0.24659338315327106,0.7841740288949929,0.5,0.5119455,0.13707764050622617,0.6623583130367169,0.662358317157222,0.0,0.0,1.0,0.3043478,0.6666667,0.37070438,0.5801112091080851,1.0,0.0,0.0,1.0,0.0,1.0,0.0,0.0,-1.0,1.3,2020-05-01T07:00:00,EURUSD,H1,5,BUY,-115.054927171101,5,"hit_tp=False,hit_sl=True,regime=5"
0.4804059059949932,0.5252996379097398,0.5735999915774702,0.5059852471227083,0.3104853644256078,0.215494772053455,0.3325871940309346,0.38738523187045315,0.6560262211644232,0.5683583191216117,1.0,0.7789871562185059,0.15562892252459792,0.26363066041897365,0.5,0.4598582,0.30948418759233953,0.4217009021974481,0.42170090925488346,0.0,0.0,1.0,0.65217394,0.0,0.90115255,0.47139914069233846,0.08333333333333331,1.0,0.2000000400000022,0.7999999279999885,0.20000000000000018,0.7999999999999999,0.1999999999999999,0.20000000000000018,1.0,1.95,2020-01-27T15:00:00,EURUSD,H1,4,SELL,70.81426780755073,13,"hit_tp=True,hit_sl=False,regime=4"
0.4238109989701135,0.3885481441808984,0.532811088838166,0.5583204678787558,0.3362772067273701,0.49626588766259494,0.6169064934360595,0.4724736460241938,0.6091573050469907,0.6701544569376122,0.77123094,0.5572292839873006,0.1135953041028698,0.7426491919887,0.5,0.66759616,0.18941030211137014,0.8928056503114727,0.8928056516196492,0.0,0.0,1.0,0.73913044,0.6666667,0.77058214,0.604226444605379,0.08333333333333331,1.0,0.2000000400000022,0.7999999279999885,0.20000000000000018,0.7999999999999999,0.1999999999999999,0.20000000000000018,-1.0,1.3,2020-02-28T17:00:00,EURUSD,H1,4,SELL,-51.29643814008933,4,"hit_tp=False,hit_sl=True,regime=4"
0.3972261086644285,0.40416107833504755,0.4723729990553989,0.4476635378893094,0.4769687862998397,0.40812667259826046,0.5049890911230192,0.39600906005879005,0.4090206370865294,0.34771055970589604,0.07748795,0.18335988471764977,0.10972833737820863,0.27796180885727934,0.5,0.58136994,0.01623144200731232,0.8820619298187656,0.8820619312580561,1.0,0.0,0.0,0.04347826,0.33333334,0.16454975,0.4605099225133061,1.0,0.41666666666666663,1.0,0.0,1.0,0.0,1.0,1.0,1.0,1.95,2020-04-08T01:00:00,EURUSD,H1,1,BUY,19.613972245271505,12,"hit_tp=True,hit_sl=False,regime=1"
0.399752601727315,0.354418268105468,0.4139997052412422,0.3724205106025909,0.4101240507969572,0.37423456966738966,0.41513630925597644,0.4263923709010352,0.2327396550102753,0.21751877361442903,0.1091245,0.1810608169111177,0.19142317787982183,0.2524549268001038,0.5,0.2829123,0.04130166278136125,0.6670843125901318,0.6670842800416199,0.0,0.0,1.0,0.5217391,0.33333334,0.076949574,0.5401825350106377,1.0,0.08333333333333331,0.2000000400000022,0.7999999279999885,0.20000000000000018,0.7999999999999999,0.1999999999999999,0.20000000000000018,1.0,1.95,2020-02-05T12:00:00,EURUSD,H1,4,BUY,72.98520890324234,20,"hit_tp=True,hit_sl=False,regime=4"
0.4142801303763002,0.42944198143751555,0.49811370179845876,0.47281566048711937,0.3569413873652245,0.36232664007491405,0.5605050026404677,0.40461687249985706,0.5152839523966555,0.6023701376573527,0.5129747,0.6846463210979079,0.05465474846031274,0.7242467065739044,0.5,0.4954754,0.02776864738705126,0.9308515472423183,0.9308515724937525,1.0,0.0,0.0,0.5652174,0.5,0.34837493,0.49997785267920847,1.0,0.41666666666666663,1.0,0.0,1.0,0.0,1.0,1.0,1.0,2.0,2020-04-30T13:00:00,EURUSD,H1,1,BUY,20.460919453608728,30,"hit_tp=True,hit_sl=False,regime=1"
0.42072006811723067,0.43776575326727013,0.49084626931000075,0.4731916781210143,0.41192036422691886,0.30209062657283575,0.5097504447889487,0.5065100604249874,0.37121589138136396,0.5358036741516818,0.5394119,0.4697156955633005,0.33962253853762336,0.8132197144944758,0.5,0.3613655,0.01909638583438897,0.7774244430673427,0.777424445783606,1.0,0.0,0.0,0.95652175,0.33333334,0.38359645,0.6063027690314087,1.0,0.41666666666666663,1.0,0.0,1.0,0.0,1.0,1.0,1.0,2.0,2020-03-04T22:00:00,EURUSD,H1,1,BUY,22.46722615234731,33,"hit_tp=True,hit_sl=False,regime=1"
0.4173457421703914,0.43163496373040955,0.48937253806485315,0.47885214466036546,0.547562732827287,0.49741792705149046,0.628621473688855,0.40535497521735403,0.36697493317710356,0.6586783049591123,0.5583521,0.7808141961842139,0.2450905340114084,0.783704818859211,0.5,0.3555177,0.018227291290725253,0.9709646426081902,0.9709647650003382,0.0,1.0,0.0,0.9130435,0.5,0.42277905,0.35592411063832985,1.0,0.3333333333333333,0.8000001028571486,0.1999999519999923,0.8000000000000003,0.20000000000000007,0.7999999999999998,0.8000000000000003,-1.0,1.3,2020-02-13T21:00:00,EURUSD,H1,3,BUY,-6.359740086636645,3,"hit_tp=False,hit_sl=True,regime=3"
0.41885730970215995,0.42026988233952034,0.4759317080263358,0.46965376967355404,0.09584696800459908,0.2614808595690167,0.383369972023453,0.4213393052544124,0.48256727465950966,0.47964341336713995,0.60692656,0.4183275073475175,0.29636472752846477,0.7997137456620179,0.5,0.46425,0.0519331773667331,0.9319050630301482,0.9319051004725061,1.0,0.0,0.0,0.6956522,0.33333334,0.34089983,0.5654282271995219,0.41666666666666663,1.0,1.0,0.0,1.0,0.0,1.0,1.0,1.0,2.0,2020-07-01T16:00:00,EURUSD,H1,2,SELL,19.48651468636875,48,"hit_tp=True,hit_sl=False,regime=2"
0.41538777415790534,0.4262013651902762,0.48817738318166454,0.47389563382276917,0.45897884699712777,0.3088087480546322,0.38256642419100345,0.35101824907505874,0.4516008903437362,0.5573330477251677,0.55690646,0.6112460374935353,0.271326430174125,0.7918962142265397,0.5,0.4624205,0.011813973332298484,0.9178232789779782,0.9178234020186518,0.0,1.0,0.0,0.17391305,0.33333334,0.41574463,0.5803343279049094,1.0,0.3333333333333333,0.8000001028571486,0.1999999519999923,0.8000000000000003,0.20000000000000007,0.7999999999999998,0.8000000000000003,1.0,2.0,2020-06-03T04:00:00,EURUSD,H1,3,BUY,8.895902303425185,25,"hit_tp=True,hit_sl=False,regime=3"
0.4176104357894138,0.42340778535360685,0.48278935678304985,0.4630659726773255,0.5934996269199877,0.8038846313939251,1.0,0.6016413519103517,0.5146730694754974,0.410838647254443,0.34099296,0.38317245364681685,0.2746059750070277,0.7929201494776458,0.5,0.41699773,0.01191898837919472,0.9118790614106334,0.9118790380784807,0.0,1.0,0.0,0.08695652,0.5,0.29418224,0.5459511626525861,1.0,0.3333333333333333,0.8000001028571486,0.1999999519999923,0.8000000000000003,0.20000000000000007,0.7999999999999998,0.8000000000000003,-1.0,1.56,2020-03-05T02:00:00,EURUSD,H1,3,BUY,-9.8291712482812,38,"hit_tp=False,hit_sl=True,regime=3"
0.41582406665559324,0.41603992790909367,0.4788733795807054,0.4780019438801,0.21957466523851432,0.19613538418636664,0.47033736856837016,0.3981191235251214,0.30431988910937796,0.4609146755297475,0.4095546,0.4148269325699156,0.05094461565699262,0.2963153418136743,0.5,0.3109322,0.01091594342699645,0.9632698414957079,0.9632697931288323,0.0,1.0,0.0,0.39130434,0.16666667,0.42126003,0.5190618206246459,1.0,0.3333333333333333,0.8000001028571486,0.1999999519999923,0.8000000000000003,0.20000000000000007,0.7999999999999998,0.8000000000000003,1.0,1.95,2020-04-28T09:00:00,EURUSD,H1,3,BUY,10.737158764877464,19,"hit_tp=True,hit_sl=False,regime=3"
0.4197296799195349,0.43495515132269885,0.5031539909306807,0.4794784961655709,0.14143289590748606,0.3157644224558722,0.4873359313634694,0.3823739509938359,0.38958800156898676,0.5113243645672889,0.44416946,0.7922438081522043,0.2405911903458754,0.23710363223313582,0.5,0.33520672,0.026433285009558497,0.9998519681385155,0.9998518461025154,1.0,0.0,0.0,0.04347826,0.6666667,0.4655894,0.454555710175695,1.0,0.41666666666666663,1.0,0.0,1.0,0.0,1.0,1.0,1.0,1.95,2020-01-03T01:00:00,EURUSD,H1,1,BUY,20.441731759415216,16,"hit_tp=True,hit_sl=False,regime=1"
0.4017654011792505,0.3909830830717392,0.49924976941910204,0.529034013602232,0.26046472750140004,0.2086961781598,0.32466182021747897,0.388734135336735,0.5830181338431902,0.5501777605646045,0.7133708,0.6034615491300928,0.5086457531954853,0.1534112862870423,0.5,0.41038555,0.29771737151927913,0.7060489955684287,0.7060489991557426,0.0,0.0,1.0,0.5217391,0.0,0.7046337,0.5698438558332469,0.08333333333333331,1.0,0.2000000400000022,0.7999999279999885,0.20000000000000018,0.7999999999999999,0.1999999999999999,0.20000000000000018,-1.0,1.3,2020-03-09T12:00:00,EURUSD,H1,4,SELL,-32.43514916156709,4,"hit_tp=False,hit_sl=True,regime=4"
0.41390991714319986,0.42385678372444063,0.48116656518977696,0.48944549094442275,0.13819358997820352,0.11880983479496489,0.3766005393080366,0.38197526525894143,0.602403636262477,0.6421976020016091,0.6700914,0.6774775269555339,0.38925138650713975,0.1906887479779458,0.5,0.48600608,0.03991038157302665,0.9154987028052183,0.9154987282440152,1.0,0.0,0.0,0.82608694,0.0,0.7759179,0.5648630355388299,0.41666666666666663,1.0,1.0,0.0,1.0,0.0,1.0,1.0,1.0,1.95,2020-03-09T19:00:00,EURUSD,H1,2,SELL,22.20943433567601,8,"hit_tp=True,hit_sl=False,regime=2"
0.41230541828219236,0.4172620147783027,0.47045545142205464,0.45794595236262886,0.7161364813151742,0.5946930952241626,0.6112230121921121,0.5451342448101357,0.474529744370101,0.505667511003416,0.15668747,0.4077982141625865,0.356801426055558,0.8185832866268156,0.5,0.3160607,0.025162342012209373,0.9663855887797658,0.9663856624126729,1.0,0.0,0.0,0.3043478,0.5,0.15361038,0.5060430531757696,1.0,0.41666666666666663,1.0,0.0,1.0,0.0,1.0,1.0,-1.0,1.56,2020-04-16T07:00:00,EURUSD,H1,1,BUY,-13.46912075892659,47,"hit_tp=False,hit_sl=True,regime=1"
0.4095592059437467,0.41953424829010033,0.48778779695466873,0.47960144047998765,0.5364827377793191,0.6495622045276851,0.5914433590976174,0.508292392860887,0.5947957336556109,0.5558413426134199,0.76658267,0.5403970695924967,0.6105982083285425,0.897824118385863,0.5,0.66025555,0.08038563850674917,0.7633561197854296,0.7633560006355731,1.0,0.0,0.0,0.47826087,0.16666667,0.7138171,0.5079106603282914,0.41666666666666663,1.0,1.0,0.0,1.0,0.0,1.0,1.0,1.0,2.0,2020-01-28T11:00:00,EURUSD,H1,2,SELL,23.212951894509004,21,"hit_tp=True,hit_sl=False,regime=2"
0.4103547104529165,0.4170968274013354,0.4732589467301948,0.4650908653902684,0.36332066088278064,0.6502320718996237,0.5935196077124634,0.46445225863424255,0.276594267625457,0.3287707396837368,0.038244173,0.24087305434461692,0.18278019968736814,0.2551534618271733,0.5,0.32217672,0.00990169045434512,0.968776504705125,0.9687766271239765,0.0,1.0,0.0,0.9130435,0.5,0.046625968,0.6511692370381101,1.0,0.3333333333333333,0.8000001028571486,0.1999999519999923,0.8000000000000003,0.20000000000000007,0.7999999999999998,0.8000000000000003,1.0,2.0,2020-02-06T21:00:00,EURUSD,H1,3,BUY,12.9921704843583,60,"hit_tp=True,hit_sl=False,regime=3"
0.4312830530492812,0.44812171819685487,0.5141973189938276,0.5447977651736369,0.19156036242072289,0.1507179505055235,0.3334579738214529,0.3965457149392501,0.6341036557239046,0.6552772961237223,0.84890413,0.9197058297584614,0.035110679608417496,0.7181446252355161,0.5,0.40758505,0.1879338860538325,0.8398793539108521,0.8398793192535877,0.0,0.0,1.0,0.26086956,0.8333333,0.57547146,0.5222769554643059,0.08333333333333331,1.0,0.2000000400000022,0.7999999279999885,0.20000000000000018,0.7999999999999999,0.1999999999999999,0.20000000000000018,-1.0,1.56,2020-04-18T06:00:00,EURUSD,H1,4,SELL,-40.32231983843282,25,"hit_tp=False,hit_sl=True,regime=4"
0.41579040015970115,0.41371642834164757,0.4739410950965405,0.468592047043225,0.26765425147663297,0.2132589891485271,0.36259722734816624,0.3401389272438236,0.3840027600448304,0.45236916322855114,0.30641663,0.3034886119446787,0.14812822808008916,0.7534311167979781,0.5,0.41251126,0.017752105964890883,0.7914158703262372,0.7914159094830944,1.0,0.0,0.0,0.3478261,0.8333333,0.24845602,0.6625929152429265,1.0,0.41666666666666663,1.0,0.0,1.0,0.0,1.0,1.0,-1.0,1.3,2020-06-06T08:00:00,EURUSD,H1,1,BUY,-11.806113065888637,4,"hit_tp=False,hit_sl=True,regime=1"
0.4577094363406785,0.43316115248155224,0.44887643587490755,0.40783081377010194,0.19576699100151043,0.17473585821966064,0.3024994128464149,0.47294902456570675,0.28590280957768516,0.321374260368289,0.2511652,0.21073415227382825,0.18978130108607144,0.25296757600560854,0.5,0.2600998,0.029792295545619768,0.4766396142609428,0.4766396450554797,0.0,0.0,1.0,0.82608694,0.5,0.2302284,0.67637582290713,1.0,0.08333333333333331,0.2000000400000022,0.7999999279999885,0.20000000000000018,0.7999999999999999,0.1999999999999999,0.20000000000000018,-1.0,1.3,2020-02-13T19:00:00,EURUSD,H1,4,BUY,-51.827859104705,6,"hit_tp=False,hit_sl=True,regime=4"
0.4130648749926189,0.4221035035251912,0.4856608595140954,0.4688262327257866,0.41123953910962807,0.5463979920697923,0.6896477032528079,0.48310360761449156,0.4034171771603837,0.48064643822963665,0.33723977,0.5538728421709578,0.11653444856388508,0.2758367927462888,0.5,0.3003232,0.01277264818905961,0.9951175113649844,0.9951175114245693,0.0,1.0,0.0,0.8695652,0.5,0.3253505,0.5133591108721711,1.0,0.3333333333333333,0.8000001028571486,0.1999999519999923,0.8000000000000003,0.20000000000000007,0.7999999999999998,0.8000000000000003,-1.0,1.56,2020-02-13T20:00:00,EURUSD,H1,3,BUY,-7.392083917738823,63,"hit_tp=False,hit_sl=True,regime=3"
0.41852166553170994,0.42264398637565326,0.47496561438207113,0.470013208826118,0.38140449700106677,0.40175174970714,0.5410135259043889,0.4883858078156023,0.36631580466143365,0.47282241175670103,0.37245739,0.4846914145300816,0.031923542376470104,0.7171495185059296,0.5,0.17711468,0.013171737429119739,0.9002092448057566,0.9002091972084585,0.0,1.0,0.0,0.04347826,0.8333333,0.27969232,0.6207186100194731,1.0,0.3333333333333333,0.8000001028571486,0.1999999519999923,0.8000000000000003,0.20000000000000007,0.7999999999999998,0.8000000000000003,1.0,1.95,2020-05-02T01:00:00,EURUSD,H1,3,BUY,10.7617380026781,14,"hit_tp=True,hit_sl=False,regime=3"
0.4092797318669947,0.42138624301880945,0.48341735765734895,0.46355794787010485,0.3754129992747521,0.43261791960676715,0.40043753168446206,0.4499986235296722,0.3537525171262463,0.3194453479171002,0.21918553,0.35674702929921953,0.5008908684732738,0.15583250087198913,0.5,0.2797377,0.00922460022009031,0.9034600391284943,0.9034599426764014,0.0,1.0,0.0,0.8695652,0.8333333,0.27910215,0.5816246582756446,1.0,0.3333333333333333,0.8000001028571486,0.1999999519999923,0.8000000000000003,0.20000000000000007,0.7999999999999998,0.8000000000000003,-1.0,1.56,2020-03-21T20:00:00,EURUSD,H1,3,BUY,-6.625210171065099,39,"hit_tp=False,hit_sl=True,regime=3"
0.42484506211675743,0.42761327592676524,0.4914237448118832,0.4847360136133216,0.1737618281651429,0.20556116100460234,0.25789366522180157,0.3353280904109159,0.5113820810099252,0.726045193839601,0.77914494,0.8456156655516939,0.2227900083980842,0.24266154706935117,0.5,0.42971134,0.014897612962598507,0.9729074845165445,0.9729074848471759,0.0,1.0,0.0,0.7826087,0.16666667,0.58585286,0.6346077787050607,1.0,0.3333333333333333,0.8000001028571486,0.1999999519999923,0.8000000000000003,0.20000000000000007,0.7999999999999998,0.8000000000000003,-1.0,1.3,2020-02-18T18:00:00,EURUSD,H1,3,BUY,-4.80271905069829,5,"hit_tp=False,hit_sl=True,regime=3"
0.40467600595190306,0.40465224260853866,0.4732898570866764,0.45686597251216116,0.27315014336284393,0.3846107316633073,0.48542907713244754,0.4343909257382834,0.4321928930460267,0.3563972260090643,0.09823986,0.11991370133782278,0.3611845433441136,0.1994518098656711,0.5,0.49246666,0.009162396988588012,0.9281612237580422,0.9281612246347472,0.0,1.0,0.0,0.95652175,0.33333334,0.14031975,0.46720742744624705,1.0,0.3333333333333333,0.8000001028571486,0.1999999519999923,0.8000000000000003,0.20000000000000007,0.7999999999999998,0.8000000000000003,-1.0,1.3,2020-03-18T22:00:00,EURUSD,H1,3,BUY,-6.269860565555341,20,"hit_tp=False,hit_sl=True,regime=3"
0.4124002689486449,0.4927149475664062,0.549322325134635,0.4856891930850071,0.18325116528254068,0.2154081798266609,0.3093740046540252,0.33268209119964276,0.36566787255303684,0.44003522554109825,0.35131833,0.6901364480372268,0.44362498091029157,0.1737121538147123,0.5,0.21822739,0.05783829183309725,0.7826304539321978,0.7826304077698056,0.0,0.0,1.0,0.3478261,0.6666667,0.3825544,0.6237644588306882,1.0,0.08333333333333331,0.2000000400000022,0.7999999279999885,0.20000000000000018,0.7999999999999999,0.1999999999999999,0.20000000000000018,-1.0,1.3,2020-04-24T08:00:00,EURUSD,H1,4,BUY,-33.76236414768697,5,"hit_tp=False,hit_sl=True,regime=4"
0.4273672397950536,0.43159071743224153,0.49146958118360395,0.4714246478790067,0.4109600691957063,0.39689708032777593,0.5441305553806479,0.4456233730729369,0.6335899682325193,0.6091251760850517,0.86585665,0.5569967034945722,0.10614479096318413,0.7403229769416072,0.5,0.519651,0.06526251451792184,0.8435521183633963,0.8435521690877749,1.0,0.0,0.0,0.17391305,0.0,0.73782796,0.5355726325525535,0.41666666666666663,1.0,1.0,0.0,1.0,0.0,1.0,1.0,-1.0,1.3,2020-05-11T04:00:00,EURUSD,H1,2,SELL,-14.069172111355057,11,"hit_tp=False,hit_sl=True,regime=2"
0.41547932037896657,0.4183719619971575,0.47133171661267,0.4656990450102741,0.3134733353235977,0.3465354670877772,0.4715719216031614,0.41946796481614496,0.14222163189337814,0.3564028010394452,0.30731177,0.44197008023480283,0.307285751959684,0.8031234937732876,0.5,0.21422489,0.017997643176507438,0.7792746582791871,0.779274612157748,1.0,0.0,0.0,0.4347826,0.5,0.25370845,0.5895776112870377,1.0,0.41666666666666663,1.0,0.0,1.0,0.0,1.0,1.0,-1.0,1.3,2020-02-27T10:00:00,EURUSD,H1,1,BUY,-12.034081273921691,3,"hit_tp=False,hit_sl=True,regime=1"
0.41861597279247376,0.4220783182005573,0.4780340797055736,0.4829139055537801,0.3196248456195922,0.2902759610672515,0.3329199343123363,0.3237170481899078,0.8904610058058053,0.8992960394719842,0.69260967,0.5681620886053637,0.09181657155960446,0.7358493576149386,0.5,0.91154766,0.0720760281737771,0.9543077021514497,0.9543078247468755,1.0,0.0,0.0,0.65217394,0.5,0.7417084,0.5908500602903947,0.41666666666666663,1.0,1.0,0.0,1.0,0.0,1.0,1.0,-1.0,1.3,2020-02-27T15:00:00,EURUSD,H1,2,SELL,-9.975880631012402,7,"hit_tp=False,hit_sl=True,regime=2"
0.41748309317987986,0.4158028549897773,0.47196580637584007,0.45705316014089675,0.38791606303048237,0.3884010421981744,0.3944121730841443,0.3864176200487192,0.31995312537238807,0.3255780495482268,0.10375178,0.10288456439718047,0.35932778881560934,0.20003154097868342,0.5,0.36353952,0.017895008976395267,0.998943884806853,0.9989438848197417,1.0,0.0,0.0,0.4347826,1.0,0.23749818,0.6360974664072939,1.0,0.41666666666666663,1.0,0.0,1.0,0.0,1.0,1.0,1.0,1.95,2020-05-31T10:00:00,EURUSD,H1,1,BUY,16.82499460370135,15,"hit_tp=True,hit_sl=False,regime=1"
0.41934423801636467,0.4268208280568023,0.47780891880078247,0.4633667956403992,0.23147806313074798,0.36880870704556307,0.31069948721154206,0.38669310888015135,0.2267196213714157,0.18773256377408226,0.2933175,0.27153442572113773,0.2411551172119656,0.782476097713104,0.5,0.18526544,0.011590254120225485,0.9035643814546025,0.9035643826314819,0.0,1.0,0.0,0.82608694,0.33333334,0.25836527,0.503527807213788,1.0,0.3333333333333333,0.8000001028571486,0.1999999519999923,0.8000000000000003,0.20000000000000007,0.7999999999999998,0.8000000000000003,-1.0,1.56,2020-04-01T19:00:00,EURUSD,H1,3,BUY,-5.532793158891103,23,"hit_tp=False,hit_sl=True,regime=3"
0.41384360957742083,0.4125252154435905,0.47436967975073,0.46121076226423985,0.27464242681004936,0.2746640292577626,0.3573075963196156,0.4197173550210622,0.373057736100128,0.393109233612829,0.2239675,0.15340131620901623,0.09052836890224306,0.28395644893564304,0.5,0.3673216,0.014191954414880395,0.9458364110760099,0.9458363263105458,1.0,0.0,0.0,0.82608694,0.16666667,0.2607005,0.506207800732893,1.0,0.41666666666666663,1.0,0.0,1.0,0.0,1.0,1.0,-1.0,1.3,2020-06-23T19:00:00,EURUSD,H1,1,BUY,-9.99502211255443,3,"hit_tp=False,hit_sl=True,regime=1"
0.40543470826654937,0.415435445183156,0.47127874551244525,0.45953052780105486,0.3230006411117422,0.27097247171596606,0.41661817000199014,0.3707077301037956,0.39095249353646744,0.3721913831994009,0.0,0.25210142789238366,0.3173909717496367,0.21312508751515463,0.5,0.33549407,0.012001277854313522,0.9270044273730365,0.9270043062260518,1.0,0.0,0.0,0.73913044,0.5,0.17644042,0.6104308912717062,1.0,0.41666666666666663,1.0,0.0,1.0,0.0,1.0,1.0,-1.0,1.3,2020-11-12T17:00:00,EURUSD,H1,1,BUY,-10.216460299508068,8,"hit_tp=False,hit_sl=True,regime=1"
0.4186635572532942,0.4268366957679454,0.4848370087862203,0.4678535249235109,0.30700387401228846,0.46470893576576,0.43549422705079766,0.30206145065440015,0.4242046391962844,0.39056608257730197,0.33512875,0.5571218080648866,0.3605286713775735,0.8197470555139593,0.5,0.53886324,0.011855381171098503,0.9045585014411262,0.9045586246436801,0.0,1.0,0.0,0.6956522,0.33333334,0.27533188,0.49496096568775233,1.0,0.3333333333333333,0.8000001028571486,0.1999999519999923,0.8000000000000003,0.20000000000000007,0.7999999999999998,0.8000000000000003,-1.0,1.56,2020-04-08T16:00:00,EURUSD,H1,3,BUY,-5.504450809337147,26,"hit_tp=False,hit_sl=True,regime=3"
0.5614789017696689,0.7302351162482351,0.8543383644992991,0.831669924665503,0.42414926538613584,0.42309127625112747,0.4977410558469237,0.3487917755467181,0.7598729904789141,0.7496895945638455,1.0,0.8798779671962246,0.018125626052246494,0.3065621281670898,0.5,0.7666979,0.5854766498226435,0.6594585238582511,0.6594586256443901,0.0,0.0,1.0,0.47826087,0.5,1.0,0.5386657108135965,0.0,1.0,0.0,1.0,0.0,1.0,0.0,0.0,-1.0,1.3,2020-01-09T11:00:00,EURUSD,H1,5,SELL,-113.1540691246924,2,"hit_tp=False,hit_sl=True,regime=5"
0.40877089793134835,0.3074825348414295,0.3633789807342227,0.40798030065871627,0.42829946559217935,0.25479810052300755,0.391548132116221,0.382947416623634,0.29663965383310115,0.33413062675861277,0.14627688,0.25112299736163546,0.014542680887878927,0.30768080303149203,0.5,0.35024935,0.1752591512571111,0.9081643525633718,0.908164353684114,0.0,0.0,1.0,0.95652175,0.8333333,0.13722491,0.4480686624382928,1.0,0.0,0.0,1.0,0.0,1.0,0.0,0.0,-1.0,1.56,2020-04-25T22:00:00,EURUSD,H1,5,BUY,-122.89564606218885,22,"hit_tp=False,hit_sl=True,regime=5"
0.4192721110889737,0.4383485509974011,0.49243980419047956,0.4803974100544509,0.2884240904334677,0.18527402181146205,0.3064774415822399,0.34038951600793793,0.6819917919203602,0.5837474936093211,0.7876282,0.5931918879936733,0.32847983761422256,0.20966293052647464,0.5,0.75640196,0.05418443928251668,0.7958427063963517,0.7958427088878428,1.0,0.0,0.0,0.5652174,0.16666667,0.82009834,0.5969746906539166,0.41666666666666663,1.0,1.0,0.0,1.0,0.0,1.0,1.0,-1.0,1.3,2020-02-18T13:00:00,EURUSD,H1,2,SELL,-9.11034189151172,6,"hit_tp=False,hit_sl=True,regime=2"
0.4263471920900523,0.4167657498717455,0.47427261262717385,0.46340477204776603,0.40477316458292645,0.4120997731725293,0.41662269257833273,0.3456244330487267,0.4034062563255778,0.49014590551385656,0.31849697,0.4520918453326497,0.2461490589178468,0.7840353273748073,0.5,0.27197215,0.025524010355886584,0.8796156819511171,0.8796157078278224,1.0,0.0,0.0,0.73913044,0.8333333,0.21945074,0.5515769804290426,1.0,0.41666666666666663,1.0,0.0,1.0,0.0,1.0,1.0,-1.0,1.56,2020-05-16T17:00:00,EURUSD,H1,1,BUY,-10.712980258809068,54,"hit_tp=False,hit_sl=True,regime=1"
0.4234891827928943,0.42660290997768713,0.4776593197219832,0.4655345250154393,0.25228030722559786,0.3233953742716355,0.40643777711695867,0.3417668253271889,0.3036959011864528,0.36915794188429735,0.29393688,0.2857768314789008,0.5428683855837111,0.8766774072499937,0.5,0.3511659,0.008149705991870888,0.897026327912003,0.8970263535762327,0.0,1.0,0.0,0.26086956,0.8333333,0.28363413,0.478017332432459,1.0,0.3333333333333333,0.8000001028571486,0.1999999519999923,0.8000000000000003,0.20000000000000007,0.7999999999999998,0.8000000000000003,-1.0,1.3,2020-01-11T06:00:00,EURUSD,H1,3,BUY,-5.612496062568084,4,"hit_tp=False,hit_sl=True,regime=3"
0.42020111179033875,0.42658803545750495,0.48081492740310994,0.469918973099006,0.31376073571180785,0.3318666807779925,0.5161273877387623,0.45741791470700677,0.33194944807255744,0.4697455717137185,0.31425256,0.514326145385364,0.5126970726215518,0.1521463605380734,0.5,0.44328624,0.009931300316091077,0.9199928671341797,0.9199929169256921,0.0,1.0,0.0,0.95652175,0.0,0.3516144,0.6178545306532022,1.0,0.3333333333333333,0.8000001028571486,0.1999999519999923,0.8000000000000003,0.20000000000000007,0.7999999999999998,0.8000000000000003,1.0,2.0,2020-03-02T22:00:00,EURUSD,H1,3,BUY,10.624211012153497,25,"hit_tp=True,hit_sl=False,regime=3"
0.3800667588934094,0.3516966000121912,0.39784875248202906,0.3724228963105642,0.32915816636746614,0.29672905355327023,0.44803104767043656,0.4191085019309725,0.28409790177589556,0.33415352763772055,0.014329176,0.07286593372597863,0.21342515941698664,0.24558544130898285,0.5,0.2337397,0.0,0.1578276899125219,0.15782768798642738,0.0,0.0,1.0,0.65217394,0.6666667,0.13647592,0.48207745097313737,1.0,0.08333333333333331,0.2000000400000022,0.7999999279999885,0.20000000000000018,0.7999999999999999,0.1999999999999999,0.20000000000000018,-1.0,1.0,2020-01-17T15:00:00,EURUSD,H1,4,BUY,-41.5050661843086,20,"hit_tp=False,hit_sl=True,regime=4"
0.41941160262126165,0.433278311141784,0.48563945637097583,0.4811581450816395,0.19946675246870477,0.354522803487222,0.3875930104134159,0.39157599410278915,0.6853530921905847,0.6228279759734455,0.8606853,0.6546105232882872,0.3526896115634006,0.8172995481159576,0.5,0.64384305,0.04423444006789352,0.9127557810255591,0.9127556600524618,1.0,0.0,0.0,0.82608694,0.16666667,0.80356413,0.4102924815222901,0.41666666666666663,1.0,1.0,0.0,1.0,0.0,1.0,1.0,1.0,1.95,2020-10-06T19:00:00,EURUSD,H1,2,SELL,18.95312974623753,18,"hit_tp=True,hit_sl=False,regime=2"
0.4159764601788772,0.4206050759632736,0.47591300825317073,0.46099597186316993,0.15272086459348375,0.30506905217473457,0.49997394003266,0.4616363336928137,0.23820306288482565,0.2173591403091687,0.23436001,0.10294130977731866,0.10013695564962405,0.28095643434521117,0.5,0.2796923,0.01192133596295978,0.9727568288421812,0.9727569146011159,0.0,1.0,0.0,0.39130434,0.16666667,0.21823634,0.4761330178358569,1.0,0.3333333333333333,0.8000001028571486,0.1999999519999923,0.8000000000000003,0.20000000000000007,0.7999999999999998,0.8000000000000003,-1.0,1.3,2020-05-05T09:00:00,EURUSD,H1,3,BUY,-6.373061728330853,10,"hit_tp=False,hit_sl=True,regime=3"
0.3936058125221345,0.39899960334395185,0.4580214685457902,0.4572082849031338,0.2016305030735407,0.2847505094982524,0.42582155770582203,0.4040630332769099,0.5068024442436414,0.5738484504407314,0.4272771,0.1347331765230954,0.07537051609228886,0.28868905131568096,0.5,0.5535612,0.02071849599411614,0.876681893039255,0.8766819433593249,1.0,0.0,0.0,0.6956522,0.8333333,0.5258406,0.5729247231956993,1.0,0.41666666666666663,1.0,0.0,1.0,0.0,1.0,1.0,1.0,1.95,2020-04-18T16:00:00,EURUSD,H1,1,BUY,19.89043625859166,4,"hit_tp=True,hit_sl=False,regime=1"
0.4115701447179622,0.4278024961089409,0.48431121181811965,0.4808332404939008,0.5148758067595239,0.45185522662952293,0.514853087508635,0.4481403923326221,0.6618212753998931,0.5178770678406465,0.66051245,0.47206458610774277,0.4747267986390275,0.1640014849663275,0.5,0.65274906,0.08243017306933584,0.8386461252464995,0.8386460784005043,1.0,0.0,0.0,0.5652174,1.0,0.7274349,0.6110963066339642,0.41666666666666663,1.0,1.0,0.0,1.0,0.0,1.0,1.0,1.0,2.0,2020-06-21T13:00:00,EURUSD,H1,2,SELL,21.402806005301755,38,"hit_tp=True,hit_sl=False,regime=2"
0.41690322914670935,0.41773888879039683,0.48323178180835136,0.47204311282876843,0.4048280800671909,0.31154400564915696,0.47655278568181747,0.38900114436184835,0.6476866736574985,0.5303495161967009,0.65352696,0.5187562306886365,0.28697730852270953,0.7967827208253484,0.5,0.6585374,0.06297398647119098,0.7823536843867233,0.7823536260239278,1.0,0.0,0.0,0.95652175,0.6666667,0.6931864,0.46390547468982585,0.41666666666666663,1.0,1.0,0.0,1.0,0.0,1.0,1.0,1.0,1.95,2020-03-06T22:00:00,EURUSD,H1,2,SELL,23.50923394186521,17,"hit_tp=True,hit_sl=False,regime=2"
0.4120421794681719,0.41330679828764993,0.46771131648324055,0.4478910046579376,0.13032253324335866,0.1689955664464427,0.2818367175287981,0.2874293800493754,0.21845679528059958,0.22333023815015887,0.19700894,0.14176935008359312,0.49423271119923695,0.1579113312770952,0.5,0.3181129,0.02244903273912646,0.9727172275733834,0.9727173255365821,1.0,0.0,0.0,0.6086956,0.6666667,0.14780405,0.5071948920417161,1.0,0.41666666666666663,1.0,0.0,1.0,0.0,1.0,1.0,-1.0,1.3,2020-01-24T14:00:00,EURUSD,H1,1,BUY,-7.841465423390481,2,"hit_tp=False,hit_sl=True,regime=1"
0.41420141206180794,0.4121461867392944,0.4764977551858607,0.4636313369663472,0.45884573703638004,0.5499689356301146,0.503771102483694,0.3453683608762861,0.286001882982789,0.33893421231056586,0.11494172,0.18162307746294548,0.41628005478595986,0.18224982934219944,0.5,0.3706171,0.012449239247036125,0.9649184014330948,0.9649184262687844,0.0,1.0,0.0,0.95652175,0.33333334,0.18532267,0.4661992474438921,1.0,0.3333333333333333,0.8000001028571486,0.1999999519999923,0.8000000000000003,0.20000000000000007,0.7999999999999998,0.8000000000000003,-1.0,1.3,2020-02-12T22:00:00,EURUSD,H1,3,BUY,-5.747021279900455,15,"hit_tp=False,hit_sl=True,regime=3"
0.4029868334394656,0.4071452645605076,0.47243078332757854,0.45117804883352847,0.20425137841708735,0.4235474232818895,0.40740807197147094,0.4184339827788767,0.5148476293238019,0.4169236006727813,0.21386527,0.19321259485910267,0.26939109680977325,0.22811167789169162,0.5,0.56394076,0.015901460847116695,0.8702333298214919,0.8702333680164782,1.0,0.0,0.0,0.82608694,0.0,0.4032528,0.5809859182240419,1.0,0.41666666666666663,1.0,0.0,1.0,0.0,1.0,1.0,-1.0,1.3,2020-03-16T19:00:00,EURUSD,H1,1,BUY,-11.84314475933812,9,"hit_tp=False,hit_sl=True,regime=1"
0.44699168840643433,0.48104537658343677,0.541640774014399,0.4679556033378781,0.48084006562479675,0.5027470871337042,0.439736661042555,0.40804614512836435,0.5684939338706911,0.6481897023277412,0.9457944,0.8240157437742038,0.3743351439611447,0.8240577599038506,0.5,0.5862673,0.24568957472306227,0.7673696748176897,0.7673697020642206,0.0,0.0,1.0,0.3478261,0.8333333,0.6968299,0.5485355757560271,0.08333333333333331,1.0,0.2000000400000022,0.7999999279999885,0.20000000000000018,0.7999999999999999,0.1999999999999999,0.20000000000000018,-1.0,1.3,2020-02-15T08:00:00,EURUSD,H1,4,SELL,-46.39332366922488,3,"hit_tp=False,hit_sl=True,regime=4"
0.42108902712752005,0.4233231706259953,0.48612821684309077,0.47401752108503786,0.25537311899368,0.34344149054717293,0.49195576148189746,0.4492425723882,0.31009356096268104,0.5751609856105825,0.43496525,0.6451612941507698,0.33962253853762336,0.8132197144944758,0.5,0.3774727,0.024911693614331928,0.7667073024092862,0.7667074028865846,1.0,0.0,0.0,0.17391305,0.16666667,0.33444816,0.39665054946842554,1.0,0.41666666666666663,1.0,0.0,1.0,0.0,1.0,1.0,-1.0,1.3,2020-11-24T04:00:00,EURUSD,H1,1,BUY,-12.800724969153077,10,"hit_tp=False,hit_sl=True,regime=1"
0.4238146127064464,0.4177228707293401,0.4761914056214816,0.45123352309805104,0.5115998498382995,0.47400155929099097,0.5141433371741527,0.4557213092176731,0.39981843548742546,0.381590547997371,0.23274237,0.36948636460447776,0.23604383912789426,0.23852341410236746,0.5,0.58297837,0.01654657400143955,0.91578951890243,0.9157895199301165,1.0,0.0,0.0,0.82608694,0.0,0.20131743,0.5123098749987606,1.0,0.41666666666666663,1.0,0.0,1.0,0.0,1.0,1.0,-1.0,1.3,2020-08-24T19:00:00,EURUSD,H1,1,BUY,-13.311737330818918,5,"hit_tp=False,hit_sl=True,regime=1"
0.4159156848724211,0.4157933189526334,0.47499600056414265,0.485957302093038,0.11328045642832105,0.2587871473160905,0.3814353388783918,0.29155185437146186,0.6405264844521249,0.6170775243779619,0.6428621,0.4650576042898562,0.45249333559896915,0.17094325778743508,0.5,0.45221803,0.057635976449782536,0.8836006191173277,0.8836007059643051,1.0,0.0,0.0,0.3043478,1.0,0.74599767,0.6488167157118544,0.41666666666666663,1.0,1.0,0.0,1.0,0.0,1.0,1.0,1.0,2.0,2020-05-03T07:00:00,EURUSD,H1,2,SELL,17.098787103515534,30,"hit_tp=True,hit_sl=False,regime=2"
0.4045171681150641,0.40693983695147706,0.4607828223161477,0.44788553063788444,0.4587683112058663,0.4417272325928725,0.4838581804627459,0.4089657396722682,0.4369857922826562,0.4239539062255379,0.0076778503,0.2774465143297979,0.030907428766365905,0.7168322776949877,0.5,0.4511466,0.013030281820928536,0.7921156717304505,0.7921156742674254,1.0,0.0,0.0,0.2173913,1.0,0.12724783,0.6228920241911212,1.0,0.41666666666666663,1.0,0.0,1.0,0.0,1.0,1.0,1.0,1.95,2020-07-19T05:00:00,EURUSD,H1,1,BUY,20.273174209266557,15,"hit_tp=True,hit_sl=False,regime=1"
0.41239683221742235,0.4238767343254338,0.4897374501217149,0.4733857399968674,0.35776774278607154,0.4094552875753088,0.4437726008169134,0.3844135541613732,0.486138346815497,0.6631940795676508,0.5836177,0.7508213542571359,0.25675960675987036,0.7873481525064947,0.5,0.5559896,0.033177572317037225,0.9857793003106264,0.9857793004841728,1.0,0.0,0.0,0.39130434,1.0,0.36610726,0.5278126851090995,1.0,0.41666666666666663,1.0,0.0,1.0,0.0,1.0,1.0,-1.0,1.3,2020-02-23T09:00:00,EURUSD,H1,1,BUY,-11.335965235672596,13,"hit_tp=False,hit_sl=True,regime=1"
0.4144330535165747,0.4180122987208895,0.479758793252821,0.4846180455973549,0.3797863264250809,0.5412140356378274,0.6450651751969779,0.49822448062403585,0.6870663874566566,0.7644474449215235,0.8338837,0.5402993614421935,0.8354037014285436,0.9680131640582929,0.5,0.57122594,0.05342242971570282,0.9576825845176807,0.9576826582567974,1.0,0.0,0.0,0.95652175,0.6666667,0.6895178,0.46234701814153817,0.41666666666666663,1.0,1.0,0.0,1.0,0.0,1.0,1.0,-1.0,1.3,2020-04-24T22:00:00,EURUSD,H1,2,SELL,-16.11943368978297,11,"hit_tp=False,hit_sl=True,regime=2"
0.4118848697164506,0.40555775883749773,0.47418399185945226,0.4714628611793103,0.2781794549448466,0.37571539138188104,0.41260043083974224,0.36780946414553234,0.38711666768434383,0.44704654715419573,0.32429934,0.324184289572747,0.4856432905652949,0.16059314622377152,0.5,0.26828763,0.01771727912200413,0.9644011685901188,0.9644010835980944,1.0,0.0,0.0,0.39130434,0.6666667,0.33971083,0.5374187946419708,1.0,0.41666666666666663,1.0,0.0,1.0,0.0,1.0,1.0,-1.0,1.3,2020-05-22T09:00:00,EURUSD,H1,1,BUY,-11.838362563960647,5,"hit_tp=False,hit_sl=True,regime=1"
0.41605725074529776,0.42957059166788525,0.4855259423818255,0.4850305200868288,0.2125957136567318,0.35520106194561846,0.4689548206573271,0.3991392771856541,0.6860870335278692,0.7089759647223614,0.8242372,0.7128597143227703,0.37097049903527013,0.8230072026019164,0.5,0.5543525,0.04851346644084773,0.9548178568015435,0.9548178695567173,1.0,0.0,0.0,0.6086956,0.33333334,0.6476976,0.6502201305331433,0.41666666666666663,1.0,1.0,0.0,1.0,0.0,1.0,1.0,-1.0,1.3,2020-09-02T14:00:00,EURUSD,H1,2,SELL,-12.893438209589103,13,"hit_tp=False,hit_sl=True,regime=2"
0.4109494458536411,0.41389172703599325,0.47079448355872605,0.45965625723290626,0.3885796851189323,0.3688090224999412,0.45312541738461803,0.40419921956566984,0.29163709498097323,0.4544943551976333,0.30369374,0.5102859595212752,0.4159171306394652,0.8370404717207914,0.5,0.2072553,0.020737055372762946,0.8358735238718583,0.8358735502823834,1.0,0.0,0.0,0.5652174,0.8333333,0.2678661,0.5376098401772608,1.0,0.41666666666666663,1.0,0.0,1.0,0.0,1.0,1.0,1.0,2.0,2020-06-27T13:00:00,EURUSD,H1,1,BUY,20.404943604068748,44,"hit_tp=True,hit_sl=False,regime=1"
0.38084928786595984,0.3717643645629857,0.41564960525125066,0.39349447846896585,0.3990959454522946,0.2892249459429491,0.45906743924281773,0.48322127616365773,0.09724724586785752,0.17076774632496763,0.11269437,0.12128935460107107,0.43245975621228366,0.1771981643688739,0.5,0.11888201,0.02528658631799631,0.5050391790789999,0.505039160711832,0.0,0.0,1.0,0.3478261,1.0,0.14339218,0.6131855756606458,1.0,0.08333333333333331,0.2000000400000022,0.7999999279999885,0.20000000000000018,0.7999999999999999,0.1999999999999999,0.20000000000000018,1.0,1.95,2020-01-26T08:00:00,EURUSD,H1,4,BUY,78.0839716457593,12,"hit_tp=True,hit_sl=False,regime=4"
0.551767905801562,0.6004492181167825,0.6372121152610088,0.5735354568048106,0.4284132617978525,0.409470350521864,0.4055619783697675,0.37841896033754124,0.5039638845306647,0.6203580452722747,0.7485722,0.7224725612504405,0.1361532574974338,0.26971138751090684,0.5,0.54033536,0.23681087802358533,0.9921771324114735,0.9921771325069422,0.0,0.0,1.0,0.65217394,0.16666667,0.5907664,0.5136513968104546,1.0,0.0,0.0,1.0,0.0,1.0,0.0,0.0,1.0,2.0,2020-04-28T15:00:00,EURUSD,H1,5,BUY,191.83126420491803,26,"hit_tp=True,hit_sl=False,regime=5"
0.3897938375458426,0.41211605358020365,0.5197010669078702,0.5152500889823195,0.07671239284602407,0.03507600321195649,0.18847835069362256,0.23999794297277818,0.724808027066864,0.5781725593496227,0.73741853,0.6790377637253967,0.15196050726685423,0.2647760208713182,0.5,0.5247116,0.5878227321319839,0.5679810817965854,0.5679810382537269,0.0,0.0,1.0,0.0,1.0,0.7744339,0.49127065394885683,0.0,1.0,0.0,1.0,0.0,1.0,0.0,0.0,1.0,1.95,2020-03-08T00:00:00,EURUSD,H1,5,SELL,123.3894718635753,14,"hit_tp=True,hit_sl=False,regime=5"
0.4573097641116617,0.4797034146342737,0.5431283110008974,0.6117271808703658,0.3380998493319692,0.37363413380407534,0.41958707591080047,0.3774377898148911,0.5815403509725826,0.5133760958989814,0.81648546,0.5980407196145121,0.21392502996309526,0.24542938202682216,0.5,0.6670369,0.6759174818416255,0.7299566537569785,0.7299566936638704,0.0,0.0,1.0,0.17391305,0.0,0.7250415,0.49463645974752224,0.0,1.0,0.0,1.0,0.0,1.0,0.0,0.0,-1.0,1.3,2020-03-23T04:00:00,EURUSD,H1,5,SELL,-106.42385636046248,4,"hit_tp=False,hit_sl=True,regime=5"
0.44968423173339134,0.5338188378549151,0.7168741019883469,0.6724545384010963,0.43823925364915595,0.5822707699500052,0.4857060389722905,0.4432225691093915,0.8083561896956407,0.805809123984182,0.91756386,0.7899939139273882,0.07777172621561096,0.7314643148014941,0.5,0.7211292,0.6061731543413321,0.7316985604139443,0.7316986613184817,0.0,0.0,1.0,0.3478261,0.0,0.8206752,0.49811577973652005,0.0,1.0,0.0,1.0,0.0,1.0,0.0,0.0,-1.0,1.3,2020-01-27T08:00:00,EURUSD,H1,5,SELL,-110.39005812928605,9,"hit_tp=False,hit_sl=True,regime=5"
0.4181512897725173,0.4218561283555333,0.47580899849911884,0.4566814275137959,0.352091109290464,0.3138245042121834,0.48784312175428163,0.41209427881625654,0.35695699624993527,0.31751787728411335,0.23180752,0.22671775723367246,0.41234463798651694,0.8359251065624262,0.5,0.32236117,0.009816370810592053,0.9025175411348875,0.9025175179169808,0.0,1.0,0.0,0.4347826,0.8333333,0.19487387,0.43249093086604284,1.0,0.3333333333333333,0.8000001028571486,0.1999999519999923,0.8000000000000003,0.20000000000000007,0.7999999999999998,0.8000000000000003,-1.0,1.3,2020-02-01T10:00:00,EURUSD,H1,3,BUY,-5.679977411641168,12,"hit_tp=False,hit_sl=True,regime=3"
0.5405538178373855,0.4605758692273754,0.594864996870366,0.5304416402937793,0.63121598657705,0.48989517608742245,0.4211079117049699,0.1664315480556879,0.4994550494756413,0.5329855203244341,0.67930603,0.5701007935795516,0.21287122256181068,0.7736452532767851,0.5,0.49654478,0.25731268993414846,0.9761237909546527,0.9761237912460331,0.0,0.0,1.0,0.3478261,0.33333334,0.5868479,0.5156602940170559,0.0,1.0,0.0,1.0,0.0,1.0,0.0,0.0,-1.0,1.3,2020-01-01T08:00:00,EURUSD,H1,5,SELL,-78.55174827376743,9,"hit_tp=False,hit_sl=True,regime=5"
0.41400760845846535,0.40929993554053534,0.47214394630452644,0.46882514749082443,0.2239354378380083,0.24464701522587867,0.4563950562357549,0.3668336272113089,0.43568928506343935,0.2657811628037914,0.23435965,0.16353063789068695,0.23707540025487484,0.23820133407376792,0.5,0.42610592,0.09656610147253537,0.8436137718641564,0.8436137981802211,1.0,0.0,0.0,0.39130434,0.8333333,0.51651824,0.5801227701562788,0.41666666666666663,1.0,1.0,0.0,1.0,0.0,1.0,1.0,-1.0,1.3,2020-04-11T09:00:00,EURUSD,H1,2,SELL,-12.094607646309097,2,"hit_tp=False,hit_sl=True,regime=2"
0.4336093975836396,0.4372850498216517,0.5617085232590704,0.5768114008841827,0.5395667894234949,0.4703972091120258,0.6250269079504042,0.5118544059204629,0.730894606353326,0.7220000767527891,0.93862855,0.8102638160934741,0.1963490395113257,0.76848666342689,0.5,0.5369944,0.25380552036759335,0.4677061049865149,0.46770611148251295,0.0,0.0,1.0,0.8695652,1.0,0.88434297,0.6056474682761379,0.08333333333333331,1.0,0.2000000400000022,0.7999999279999885,0.20000000000000018,0.7999999999999999,0.1999999999999999,0.20000000000000018,-1.0,1.3,2020-03-22T20:00:00,EURUSD,H1,4,SELL,-51.75696350932179,2,"hit_tp=False,hit_sl=True,regime=4"
0.4268313214224471,0.43089688539297855,0.4881298509865967,0.47478000069395265,0.46279079417367824,0.4169107363478048,0.498569569771541,0.5236165265282539,0.32447463676089644,0.4754825663393172,0.53497916,0.5385934296789792,0.2568966919096359,0.7873909360887215,0.5,0.20930326,0.013728219190359636,0.9925235489341528,0.9925234758027099,0.0,1.0,0.0,0.2173913,0.16666667,0.3993531,0.5733137425100288,1.0,0.3333333333333333,0.8000001028571486,0.1999999519999923,0.8000000000000003,0.20000000000000007,0.7999999999999998,0.8000000000000003,-1.0,1.3,2020-04-14T05:00:00,EURUSD,H1,3,BUY,-7.276468213495146,3,"hit_tp=False,hit_sl=True,regime=3"
0.42105617214695734,0.42788091901572495,0.4934851345403074,0.49293232308825125,0.29292775797890813,0.3070427082641634,0.4434320839103371,0.4284209323419701,0.6802856207128813,0.7278414590162094,0.8086644,0.7032897319900532,0.08934612511064166,0.7350780748101925,0.5,0.624729,0.04658112757938543,0.8517983473127438,0.8517983857327065,1.0,0.0,0.0,0.5652174,0.8333333,0.85788196,0.4286137032863165,0.41666666666666663,1.0,1.0,0.0,1.0,0.0,1.0,1.0,-1.0,1.3,2020-02-08T13:00:00,EURUSD,H1,2,SELL,-13.257932910792912,6,"hit_tp=False,hit_sl=True,regime=2"
0.41861904400814337,0.42519076449290727,0.477682365675356,0.4477089607204586,0.3940937926945472,0.4056313180582962,0.3948777778339525,0.39194080555837824,0.15489149452860615,0.3466216505391691,0.26700428,0.46496369978912877,0.2906120999937193,0.7979176092060611,0.5,0.19239675,0.02378509825988212,0.7750274496591295,0.7750274524046451,1.0,0.0,0.0,0.82608694,0.6666667,0.26297763,0.5019905651365283,1.0,0.41666666666666663,1.0,0.0,1.0,0.0,1.0,1.0,-1.0,1.3,2020-05-22T19:00:00,EURUSD,H1,1,BUY,-10.517726982333109,10,"hit_tp=False,hit_sl=True,regime=1"
0.019561312658570033,0.027102604364143815,0.07547926852235426,0.0,0.31499962220440564,0.4514605143388999,0.6193459086081082,0.4510395122643132,0.2598683865305325,0.03827251147404941,0.0,0.052412249355455603,0.07924710282745984,0.2874787062582059,0.5,0.46752042,0.10836507179730255,0.6814907172124163,0.6814907455069951,0.0,0.0,1.0,0.08695652,1.0,0.0,0.1514120609760078,1.0,0.0,0.0,1.0,0.0,1.0,0.0,0.0,-1.0,1.3,2020-04-12T02:00:00,EURUSD,H1,5,BUY,-132.6854261050636,8,"hit_tp=False,hit_sl=True,regime=5"
0.42405859301045057,0.42892915992010194,0.4755712581530527,0.47198873670562597,0.5024050749374307,0.7380619839462111,0.7372198565001234,0.5991785075263713,0.3907436402255948,0.4722008919904429,0.18123864,0.40028190845190176,0.2345280399718837,0.23899667434037125,0.5,0.4286898,0.016525040123516677,0.8639017276392167,0.8639017293001302,1.0,0.0,0.0,0.6956522,0.16666667,0.47741494,0.5483516890565633,1.0,0.41666666666666663,1.0,0.0,1.0,0.0,1.0,1.0,-1.0,1.56,2020-06-09T16:00:00,EURUSD,H1,1,BUY,-15.46544371584524,46,"hit_tp=False,hit_sl=True,regime=1"
0.4174166505946027,0.4267053007176213,0.4889239236938463,0.4736565436751624,0.3194876606151333,0.3759170929112511,0.3858964559823252,0.3330258679413244,0.3315610133706472,0.43671880337355673,0.4002371,0.6910277800642219,0.19196273096928365,0.7671171844685396,0.5,0.37374988,0.012648124381515741,0.9540529238190332,0.954052936583542,0.0,1.0,0.0,0.82608694,0.8333333,0.32019117,0.4148467274383,1.0,0.3333333333333333,0.8000001028571486,0.1999999519999923,0.8000000000000003,0.20000000000000007,0.7999999999999998,0.8000000000000003,-1.0,1.3,2020-02-08T19:00:00,EURUSD,H1,3,BUY,-5.121675222927724,11,"hit_tp=False,hit_sl=True,regime=3"
0.41222964593455375,0.42417931164944755,0.48113791191043537,0.49041797171119245,0.22400282246800002,0.32088776432908134,0.35003683785506706,0.35392370638850407,0.5160009103048584,0.4125810364909049,0.47087905,0.41907926064967893,0.15407034207184875,0.2641172911762347,0.5,0.5975247,0.07268543902103239,0.88814441622293,0.8881442955501844,1.0,0.0,0.0,0.3478261,0.5,0.64256954,0.57928460988443,0.41666666666666663,1.0,1.0,0.0,1.0,0.0,1.0,1.0,-1.0,1.3,2020-04-02T08:00:00,EURUSD,H1,2,SELL,-12.43977176172084,11,"hit_tp=False,hit_sl=True,regime=2"
0.419332663829204,0.42711309457636437,0.4835709000466262,0.4729216728683932,0.3258675319684434,0.23524707412121107,0.4002836721665301,0.36045435581319757,0.45776857979300445,0.6748335174575228,0.82234436,0.46324969414574824,0.21819871963210116,0.24409504486869701,0.5,0.4429425,0.014673133782938472,0.9079886669345234,0.9079886192422869,0.0,1.0,0.0,0.8695652,1.0,0.6451746,0.42475582447809096,1.0,0.3333333333333333,0.8000001028571486,0.1999999519999923,0.8000000000000003,0.20000000000000007,0.7999999999999998,0.8000000000000003,-1.0,1.3,2020-04-19T20:00:00,EURUSD,H1,3,BUY,-6.035093387455337,3,"hit_tp=False,hit_sl=True,regime=3"
0.41170418006772364,0.41977529854415896,0.46984862870539,0.4620551141274849,0.33498955391826374,0.5019539086453585,0.5443107965939117,0.48047016331080705,0.3846039468977029,0.3913855159220826,0.19359414,0.3020838886556057,0.17490714608605706,0.25761159551871116,0.5,0.4020562,0.02580220469137924,0.978480902407109,0.9784809758924076,1.0,0.0,0.0,0.7826087,0.0,0.3429032,0.5146071590412628,1.0,0.41666666666666663,1.0,0.0,1.0,0.0,1.0,1.0,-1.0,1.3,2020-07-20T18:00:00,EURUSD,H1,1,BUY,-12.74172974972343,6,"hit_tp=False,hit_sl=True,regime=1"
0.4120281348206861,0.4267880617336419,0.4932683243890862,0.4902773538885933,0.2605293913686743,0.24863735538191192,0.3383302776834297,0.3520886523299261,0.7174830047006346,0.6281401148355331,0.7235576,0.6848330650774814,0.10219216914494479,0.2803147614772259,0.5,0.79012907,0.052575407726075336,0.8979866434256237,0.8979866446705725,1.0,0.0,0.0,0.95652175,0.0,0.749631,0.31651173219992157,0.41666666666666663,1.0,1.0,0.0,1.0,0.0,1.0,1.0,-1.0,1.3,2020-05-25T22:00:00,EURUSD,H1,2,SELL,-9.55428953621773,4,"hit_tp=False,hit_sl=True,regime=2"
0.43095101978308237,0.43742884049591507,0.4954822539338805,0.47581503223320865,0.45214209491970037,0.4906172038407832,0.44119987994949783,0.3904876723879266,0.6335241370320538,0.5543255110770928,0.74229705,0.46129733660534966,0.2069366935783377,0.7717923608495901,0.5,0.5776101,0.04112298262099654,0.9454890792697682,0.9454891287501304,1.0,0.0,0.0,0.9130435,0.5,0.677684,0.3881470054673591,0.41666666666666663,1.0,1.0,0.0,1.0,0.0,1.0,1.0,-1.0,1.3,2020-04-09T21:00:00,EURUSD,H1,2,SELL,-12.24990658562186,5,"hit_tp=False,hit_sl=True,regime=2"
0.3685701017411214,0.4077824461888517,0.49764643009454446,0.48754685212583687,0.17563222442568757,0.2840141127979683,0.3087506061125561,0.27360659159615985,0.35958067067692695,0.5096820134837396,0.14906208,0.5598481220779038,0.41625803976190834,0.18225668557442617,0.5,0.38398892,0.1227944932148061,0.7733920209899171,0.7733920237553913,0.0,0.0,1.0,0.2173913,0.33333334,0.38602826,0.4770664440796291,1.0,0.0,0.0,1.0,0.0,1.0,0.0,0.0,1.0,1.95,2020-01-22T05:00:00,EURUSD,H1,5,BUY,122.409166181372,12,"hit_tp=True,hit_sl=False,regime=5"
0.49376939533496667,0.439605677069085,0.5344905391805406,0.5480117634279017,0.31264434454514106,0.2591981370526245,0.2504512143163441,0.33891642682685613,0.8724709819469626,0.6249702775185242,0.718262,0.6787968659189292,0.24638262167301417,0.7841082044447354,0.5,0.7795996,0.8110551953601784,0.4355396235467997,0.4355396792504732,0.0,0.0,1.0,0.7826087,0.0,0.70510733,0.5496673635927856,0.0,1.0,0.0,1.0,0.0,1.0,0.0,0.0,-1.0,1.3,2020-01-27T18:00:00,EURUSD,H1,5,SELL,-102.24870045457246,17,"hit_tp=False,hit_sl=True,regime=5"
0.40978305917365804,0.4077228269793109,0.4748532916983982,0.4741579573578819,0.22610692370545776,0.253944796430192,0.43274124658566165,0.4076024684776122,0.7038799720408216,0.5268403709961641,0.5613747,0.39227082400439667,0.37344085298413193,0.19562512139198865,0.5,0.6962402,0.07802333816571082,0.8505908564221646,0.8505908948568632,1.0,0.0,0.0,0.4347826,0.16666667,0.6649994,0.44826485436946933,0.41666666666666663,1.0,1.0,0.0,1.0,0.0,1.0,1.0,-1.0,1.3,2020-02-11T10:00:00,EURUSD,H1,2,SELL,-12.895682182656463,9,"hit_tp=False,hit_sl=True,regime=2"
0.45636811108500874,0.473330565001263,0.5897504603688332,0.5846339669210054,0.24592799732062215,0.21356994830175918,0.5333236202120556,0.4758709620681109,0.7984077786812743,0.8032769067366867,0.92728853,0.8588537252462657,0.63573173453692,0.9056713563102561,0.5,0.8126722,0.3365982603441059,0.43126245464480106,0.4312624005666459,0.0,0.0,1.0,0.08695652,0.16666667,0.80567694,0.4636139329350617,0.08333333333333331,1.0,0.2000000400000022,0.7999999279999885,0.20000000000000018,0.7999999999999999,0.1999999999999999,0.20000000000000018,-1.0,1.3,2020-01-14T02:00:00,EURUSD,H1,4,SELL,-53.49859952053615,19,"hit_tp=False,hit_sl=True,regime=4"
0.49412599691048203,0.49307215023002554,0.5350286697342485,0.6572619174535341,0.37958793035984556,0.25927053383240317,0.535582812555297,0.48123823000822924,0.9093960288925415,0.7772761905855857,0.76522285,0.7528798488352977,0.20739133157502979,0.7719343085386984,0.5,0.70333934,0.6476936947175554,0.5558584927190839,0.5558585347506317,0.0,0.0,1.0,0.13043478,0.6666667,0.8216011,0.537073755525484,0.0,1.0,0.0,1.0,0.0,1.0,0.0,0.0,1.0,2.0,2020-03-13T03:00:00,EURUSD,H1,5,SELL,250.6620679263349,28,"hit_tp=True,hit_sl=False,regime=5"
0.41546188707732423,0.4256456217925556,0.4836774361575299,0.4736888996429264,0.5274102995948955,0.40466195829977025,0.39575517602887456,0.4494141161732717,0.4282864185784577,0.5584581465287638,0.48652706,0.621895891155421,0.3716789110592103,0.8232284272811778,0.5,0.44308275,0.011334872671935158,0.9450988511739042,0.9450987542136605,0.0,1.0,0.0,0.9130435,0.16666667,0.3666343,0.5189962066974546,1.0,0.3333333333333333,0.8000001028571486,0.1999999519999923,0.8000000000000003,0.20000000000000007,0.7999999999999998,0.8000000000000003,-1.0,1.3,2020-02-25T21:00:00,EURUSD,H1,3,BUY,-6.1333535542384965,4,"hit_tp=False,hit_sl=True,regime=3"
0.41058903371211014,0.4245096008622804,0.489630959920746,0.47847443334421713,0.7463327382264757,0.6398024246138957,0.5870819776711581,0.45223455069367924,0.4506467972244296,0.636796887441314,0.61583126,0.5538971855282429,0.6114534642629096,0.898091147548324,0.5,0.42912441,0.025649199423810592,0.8817665495075231,0.8817665997655412,1.0,0.0,0.0,0.5652174,0.0,0.4179855,0.54680288593111,1.0,0.41666666666666663,1.0,0.0,1.0,0.0,1.0,1.0,-1.0,1.56,2020-08-10T13:00:00,EURUSD,H1,1,BUY,-12.99514805250368,79,"hit_tp=False,hit_sl=True,regime=1"
0.4161540167663489,0.40221694294320354,0.46353280358659193,0.4664955056211147,0.36382226948188423,0.31779522310589753,0.484804281372271,0.4177940270776247,0.3754670763860688,0.34793668486057006,0.15473478,0.12882463798737268,1.0,0.0,0.5,0.26784635,0.019835819282017733,0.9413020108816477,0.9413020115979852,1.0,0.0,0.0,0.95652175,0.6666667,0.2665117,0.4577668306169342,1.0,0.41666666666666663,1.0,0.0,1.0,0.0,1.0,1.0,1.0,2.0,2020-10-02T22:00:00,EURUSD,H1,1,BUY,21.965869130033955,42,"hit_tp=True,hit_sl=False,regime=1"
0.41870764161506263,0.418369465143813,0.4848833970302035,0.47000117240506123,0.5172023150982163,0.5350436533654802,0.5190560684563629,0.5447924606731191,0.40102466720770924,0.4756657493418761,0.36149395,0.5967800988575016,0.08177184683574264,0.7327132234215963,0.5,0.33410847,0.013595877880369553,0.9644462371527291,0.964446335216865,0.0,1.0,0.0,0.2173913,0.8333333,0.3002299,0.4895268013711508,1.0,0.3333333333333333,0.8000001028571486,0.1999999519999923,0.8000000000000003,0.20000000000000007,0.7999999999999998,0.8000000000000003,-1.0,1.3,2020-02-29T05:00:00,EURUSD,H1,3,BUY,-6.46281220851419,1,"hit_tp=False,hit_sl=True,regime=3"
0.41910517703838734,0.41709062779365563,0.47631965561264733,0.47061015818462937,0.3453000855478563,0.4862421670706322,0.5600448764587491,0.3707210191288924,0.4642003084912721,0.5415454748379536,0.44738725,0.1839359398386058,0.2877239693384365,0.22238778389696667,0.5,0.48098838,0.010742109503706515,0.9373798377602527,0.9373798629320169,0.0,1.0,0.0,0.39130434,1.0,0.60164887,0.5472514504084384,1.0,0.3333333333333333,0.8000001028571486,0.1999999519999923,0.8000000000000003,0.20000000000000007,0.7999999999999998,0.8000000000000003,-1.0,1.3,2020-02-09T09:00:00,EURUSD,H1,3,BUY,-6.354709221465527,7,"hit_tp=False,hit_sl=True,regime=3"
0.4179564692748158,0.440126886838362,0.5033229351723872,0.4959142352140538,0.1942449377738995,0.3391566737291644,0.32695160429663134,0.47572473784607605,0.6158382533193623,0.6958931706911138,1.0,0.9369398718375186,0.3482429467054192,0.8159112044108066,0.5,0.59149075,0.04413725892395981,0.9318953366168257,0.9318953374479602,1.0,0.0,0.0,0.5652174,0.16666667,0.6013509,0.46841365459784773,0.41666666666666663,1.0,1.0,0.0,1.0,0.0,1.0,1.0,1.0,2.0,2020-03-03T13:00:00,EURUSD,H1,2,SELL,20.082461263146723,21,"hit_tp=True,hit_sl=False,regime=2"
0.39324310427031206,0.44310374493393434,0.5572314617641348,0.6013195560533035,0.5445487743750905,0.5497064460420806,0.6256860826445673,0.5218703606161239,0.6655101803015201,0.7241698449346152,0.82050705,0.8092501282669246,0.28895435943263775,0.7974000127698047,0.5,0.61370564,0.2898326269561658,0.5383116891754623,0.5383116948098052,0.0,0.0,1.0,0.04347826,0.0,0.8180726,0.5275466028158604,0.08333333333333331,1.0,0.2000000400000022,0.7999999279999885,0.20000000000000018,0.7999999999999999,0.1999999999999999,0.20000000000000018,1.0,2.0,2020-05-25T01:00:00,EURUSD,H1,4,SELL,93.40696370051084,40,"hit_tp=True,hit_sl=False,regime=4"
0.42274116875483136,0.44359624456279373,0.5089624189433891,0.49807329568659936,0.20710156647486433,0.15462649334131012,0.43543723523509814,0.3389253560928738,0.6829835772293288,0.7671495564138165,1.0,1.0,0.009799599456062479,0.7102419367387756,0.5,0.6597207,0.05588649872537959,0.9184449395735284,0.9184448185310016,1.0,0.0,0.0,0.08695652,0.6666667,0.8433194,0.47207627432466026,0.41666666666666663,1.0,1.0,0.0,1.0,0.0,1.0,1.0,1.0,1.95,2020-04-10T02:00:00,EURUSD,H1,2,SELL,20.70702852674744,13,"hit_tp=True,hit_sl=False,regime=2"
0.3772526183657954,0.36625058593206056,0.48166616097238285,0.46184553558075675,0.7386985586582594,0.756123166638302,0.6120163198821924,0.4012891627813061,0.47949433546009995,0.6012709675510886,0.4391891,0.5100926326921691,0.21900781801604122,0.24384243632070712,0.5,0.45762444,0.11282630097673159,0.9825109325434915,0.9825109327569246,0.0,0.0,1.0,0.95652175,1.0,0.53384817,0.5320455171149946,1.0,0.08333333333333331,0.2000000400000022,0.7999999279999885,0.20000000000000018,0.7999999999999999,0.1999999999999999,0.20000000000000018,-1.0,1.3,2020-03-15T22:00:00,EURUSD,H1,4,BUY,-44.85953058452008,2,"hit_tp=False,hit_sl=True,regime=4"
0.42049596230102687,0.4218323775747667,0.4786558756429568,0.4702982723528679,0.20047121414133873,0.2501006536056987,0.38744266232670926,0.32942311885104014,0.39307115590159253,0.46241048982337085,0.14210202,0.19156507701030714,0.10214943409825679,0.2803281158233996,0.5,0.4884175,0.01754877351857139,0.8889823766299354,0.8889824512074544,1.0,0.0,0.0,0.47826087,0.16666667,0.5026589,0.6129231723591709,1.0,0.41666666666666663,1.0,0.0,1.0,0.0,1.0,1.0,1.0,1.95,2020-10-13T11:00:00,EURUSD,H1,1,BUY,16.206745725260152,14,"hit_tp=True,hit_sl=False,regime=1"
0.41331847304629904,0.42428042825140505,0.4845579000596263,0.4668491186650753,0.3425921091951641,0.34330224898467065,0.5581027424553637,0.5075769728761934,0.23275624039023757,0.33858606127539925,0.2681969,0.35611053165073764,0.22147817196490285,0.2430711188593531,0.5,0.3124287,0.008317885432922813,0.9316485029457303,0.9316485770025612,0.0,1.0,0.0,1.0,0.6666667,0.2985106,0.5990995966378585,1.0,0.3333333333333333,0.8000001028571486,0.1999999519999923,0.8000000000000003,0.20000000000000007,0.7999999999999998,0.8000000000000003,1.0,2.0,2020-03-27T23:00:00,EURUSD,H1,3,BUY,10.76506603242322,35,"hit_tp=True,hit_sl=False,regime=3"
0.4198480081898141,0.42643811047411284,0.48372776966275377,0.47810921461746353,0.3825968377099567,0.33688535488854127,0.5383863318918387,0.4805928058806408,0.38303045872992225,0.6052734548797292,0.5372186,0.6774387703021229,0.3585610092279026,0.8191327093811589,0.5,0.35488108,0.0136684711854478,0.9586928867175868,0.9586928872216898,0.0,1.0,0.0,0.6956522,0.6666667,0.41556025,0.49424636084301693,1.0,0.3333333333333333,0.8000001028571486,0.1999999519999923,0.8000000000000003,0.20000000000000007,0.7999999999999998,0.8000000000000003,1.0,2.0,2020-03-13T16:00:00,EURUSD,H1,3,BUY,11.36374347274538,31,"hit_tp=True,hit_sl=False,regime=3"
0.4158456411181739,0.4197834339273836,0.48164133586384483,0.4667617463052036,0.5639744711444263,0.4825474076668978,0.48277151199746665,0.34853582323019716,0.40454377864407326,0.5911017276514514,0.53010267,0.4664282975940577,0.38863293083147693,0.8285218197828903,0.5,0.5572303,0.026161498425088445,0.9433355268815792,0.9433355275731,1.0,0.0,0.0,0.2173913,0.6666667,0.35885528,0.5967159034554579,1.0,0.41666666666666663,1.0,0.0,1.0,0.0,1.0,1.0,-1.0,1.3,2020-02-14T05:00:00,EURUSD,H1,1,BUY,-11.62328863295814,2,"hit_tp=False,hit_sl=True,regime=1"
0.4150647033507634,0.42396801330888945,0.49247795872665584,0.4851248597626454,0.26994286434895676,0.267095568954305,0.45848134276394675,0.4461153816233083,0.8153527092683529,0.7154097660546637,0.89223343,0.7227293228114053,0.5582258998617957,0.881472322210707,0.5,0.82993764,0.059082714502583886,0.9221661164246304,0.922166092966937,1.0,0.0,0.0,0.82608694,0.8333333,0.7526423,0.4308064976738395,0.41666666666666663,1.0,1.0,0.0,1.0,0.0,1.0,1.0,1.0,1.95,2020-05-09T19:00:00,EURUSD,H1,2,SELL,20.94491124041697,5,"hit_tp=True,hit_sl=False,regime=2"
0.41358829060925584,0.45461690303272917,0.5620039431913474,0.5896782449400347,0.40653290022532435,0.3592941455926054,0.4553140501831322,0.3908476296787678,0.8287425713153092,0.8795557219840968,0.80702496,0.7938536140833389,0.2094845163618341,0.7725878455187256,0.5,0.6964085,0.253194774379714,0.6615176922054903,0.6615177207438158,0.0,0.0,1.0,0.3043478,0.33333334,0.8529312,0.5787353395584669,0.08333333333333331,1.0,0.2000000400000022,0.7999999279999885,0.20000000000000018,0.7999999999999999,0.1999999999999999,0.20000000000000018,-1.0,1.56,2020-03-25T07:00:00,EURUSD,H1,4,SELL,-41.70604575321812,40,"hit_tp=False,hit_sl=True,regime=4"
0.421766725177476,0.4292707604744344,0.4896527530674961,0.4773993323976377,0.13661658466413912,0.172215409283917,0.34027800056164514,0.29285299525374303,0.7898674817352863,0.6440855427855587,0.64179957,0.3940567034101616,0.1654341644868247,0.2605692689762747,0.5,0.8696844,0.05963366559393431,0.8287592688173055,0.828759234295748,1.0,0.0,0.0,0.5652174,0.0,0.7115864,0.5950689519571262,0.41666666666666663,1.0,1.0,0.0,1.0,0.0,1.0,1.0,-1.0,1.3,2020-01-27T13:00:00,EURUSD,H1,2,SELL,-11.182540148504394,18,"hit_tp=False,hit_sl=True,regime=2"
0.41364799992013535,0.4209072337440971,0.4953808842616797,0.4809233691329788,0.4331194492551583,0.5697318211922566,0.6835571717535692,0.4769652466149786,0.7397435444624275,0.6641622604902667,0.83364356,0.6416533656506548,0.016716664512956034,0.7124016210096858,0.5,0.69475615,0.031145451328349425,0.9808841685586696,0.9808841687919553,1.0,0.0,0.0,0.26086956,0.6666667,0.7766123,0.5851217338545245,0.41666666666666663,1.0,1.0,0.0,1.0,0.0,1.0,1.0,-1.0,1.3,2020-06-05T06:00:00,EURUSD,H1,2,SELL,-15.521501746695863,17,"hit_tp=False,hit_sl=True,regime=2"
0.4217919970821062,0.4255506581098139,0.48276210819433363,0.4689182264117352,0.24459115116946864,0.3167280882628732,0.3741034520953914,0.37345175647539397,0.28937201177834737,0.3636726166258509,0.3505536,0.43268201426557856,0.4418600327320858,0.8451404140764558,0.5,0.2500676,0.0097243184084015,0.9431887153981777,0.9431887160914905,0.0,1.0,0.0,0.65217394,0.5,0.28116924,0.4329231023430314,1.0,0.3333333333333333,0.8000001028571486,0.1999999519999923,0.8000000000000003,0.20000000000000007,0.7999999999999998,0.8000000000000003,-1.0,1.3,2020-05-07T15:00:00,EURUSD,H1,3,BUY,-5.372167857244925,4,"hit_tp=False,hit_sl=True,regime=3"
0.4147036815328303,0.4113233629628773,0.47393892394230797,0.45926542190124753,0.5885414455919868,0.5700740734197982,0.6576583809452461,0.44093645227900974,0.4068092394830429,0.3468173533297819,0.045243837,0.2518532575079273,0.25033769474393147,0.23406055680761534,0.5,0.46792585,0.010965807926392634,0.951600049298393,0.9516000498890556,0.0,1.0,0.0,0.9130435,1.0,0.24502784,0.3111930525877598,1.0,0.3333333333333333,0.8000001028571486,0.1999999519999923,0.8000000000000003,0.20000000000000007,0.7999999999999998,0.8000000000000003,1.0,1.95,2020-03-15T21:00:00,EURUSD,H1,3,BUY,13.908747110411568,14,"hit_tp=True,hit_sl=False,regime=3"
0.4504292657134163,0.3986776782225186,0.4984990399790354,0.4867325523180843,0.4787134296396304,0.3718676839229149,0.3093063866223662,0.2819546462952554,0.721741824083316,0.5359455490627547,0.77991706,0.5439628947106881,0.4579892753532833,0.8501763079828296,0.5,0.7508294,0.6010982571102013,0.7006486150862723,0.7006485821281491,0.0,0.0,1.0,0.6956522,1.0,0.71052855,0.48937692700295476,0.0,1.0,0.0,1.0,0.0,1.0,0.0,0.0,-1.0,1.56,2020-02-23T16:00:00,EURUSD,H1,5,SELL,-91.65708758833048,24,"hit_tp=False,hit_sl=True,regime=5"
0.44228707488859653,0.4600833516414145,0.5329381088064263,0.49102717797212386,0.3638409243975564,0.27587439616117254,0.4526482488115598,0.34603917947686114,0.8293702233314076,0.5081397486137099,0.7638798,0.5988598735871568,0.03540825243351579,0.7182375338247048,0.5,0.71546084,0.895664535061532,0.5238703207210961,0.5238702289014329,0.0,0.0,1.0,0.0,0.16666667,0.7151444,0.6878125610086365,0.0,1.0,0.0,1.0,0.0,1.0,0.0,0.0,-1.0,1.3,2020-03-24T00:00:00,EURUSD,H1,5,SELL,-96.75131725307428,5,"hit_tp=False,hit_sl=True,regime=5"
0.4099946834745056,0.4288232384875144,0.4902261852785884,0.46914541961044354,0.3439235748245313,0.34648857479446965,0.7093201565804175,0.5106882977137146,0.5121542656818057,0.4788860262656503,0.33823526,0.39531570127668647,0.09709680107825526,0.2819056499500789,0.5,0.49831593,0.013733900929793779,0.9105841182266163,0.9105841193178281,1.0,0.0,0.0,0.3478261,1.0,0.58462393,0.5164275681883305,1.0,0.41666666666666663,1.0,0.0,1.0,0.0,1.0,1.0,-1.0,1.3,2020-07-26T08:00:00,EURUSD,H1,1,BUY,-13.62741058404504,8,"hit_tp=False,hit_sl=True,regime=1"
0.41678557703595176,0.4273301262276495,0.48581785466403754,0.4710191414657583,0.2717040640789155,0.33912859828951164,0.45168523420189166,0.36828676038176056,0.32102561258865603,0.5240056122292907,0.5923814,0.5568619021536058,0.3487224672292954,0.816060863195132,0.5,0.4519147,0.008796587861030802,0.8841107493598598,0.8841107019590242,0.0,1.0,0.0,0.2173913,1.0,0.41521955,0.3577150249625356,1.0,0.3333333333333333,0.8000001028571486,0.1999999519999923,0.8000000000000003,0.20000000000000007,0.7999999999999998,0.8000000000000003,1.0,1.95,2020-05-24T05:00:00,EURUSD,H1,3,BUY,9.538311111418896,18,"hit_tp=True,hit_sl=False,regime=3"
0.41467518684305443,0.42131351773709436,0.47718592530356807,0.4636135994897312,0.4424279715587815,0.4976595335596928,0.4636357009602662,0.34364564177844764,0.5868106233732708,0.5551556379068713,0.3391241,0.27834229916256303,0.3815174068077669,0.826300215706192,0.5,0.62394345,0.010918841929513815,0.9531262175178219,0.9531262547012016,0.0,1.0,0.0,0.3043478,0.33333334,0.3866328,0.48256387447682586,1.0,0.3333333333333333,0.8000001028571486,0.1999999519999923,0.8000000000000003,0.20000000000000007,0.7999999999999998,0.8000000000000003,1.0,1.95,2020-06-03T07:00:00,EURUSD,H1,3,BUY,9.0896645338856,15,"hit_tp=True,hit_sl=False,regime=3"
0.4250856952541249,0.424576919260725,0.4882669053208929,0.49380816891840146,0.5716248532816505,0.6493946351620276,0.6506995515571405,0.5105999639008951,0.5866219685035953,0.5394054561716944,0.72903293,0.5396625595017455,0.14567105539562802,0.26673973935389156,0.5,0.52320576,0.08148831682656014,0.7908916325130639,0.7908916350649768,1.0,0.0,0.0,0.2173913,0.8333333,0.81314325,0.5040773186132855,0.41666666666666663,1.0,1.0,0.0,1.0,0.0,1.0,1.0,-1.0,1.3,2020-03-21T05:00:00,EURUSD,H1,2,SELL,-15.097166083337664,8,"hit_tp=False,hit_sl=True,regime=2"
0.46916800376327034,0.4364505816811249,0.4759343388755693,0.3609937742590945,0.07467339470210888,0.032135085135616186,0.26712275439606825,0.28552337128633454,0.2867533180685381,0.38224186533980303,0.26454633,0.23748964211701531,0.28727076509331084,0.2225292802415205,0.5,0.35859174,0.07708447097478201,0.6625462390577392,0.6625462797872931,0.0,0.0,1.0,0.82608694,0.16666667,0.24446762,0.49473240701421684,1.0,0.0,0.0,1.0,0.0,1.0,0.0,0.0,-1.0,1.3,2020-01-21T19:00:00,EURUSD,H1,5,BUY,-91.70830710251376,6,"hit_tp=False,hit_sl=True,regime=5"
0.4116595365468116,0.4224722266815691,0.47892672906933237,0.46817978399039734,0.2154628241265672,0.27138950240384113,0.387921742883262,0.4138739894039127,0.7417803311856711,0.5550191457837524,0.61372244,0.44557709634213394,0.36899418812615054,0.19701347722695248,0.5,0.73790807,0.05677705138120066,0.832207080977785,0.832207119636835,1.0,0.0,0.0,0.3478261,0.16666667,0.6754065,0.32499157762440983,0.41666666666666663,1.0,1.0,0.0,1.0,0.0,1.0,1.0,-1.0,1.56,2020-05-12T08:00:00,EURUSD,H1,2,SELL,-11.743996693289738,28,"hit_tp=False,hit_sl=True,regime=2"
0.407675672261869,0.41161258722294763,0.47276938808340996,0.45770091262636864,0.16897183389570364,0.12104522338192014,0.3388693467221204,0.38376255673351867,0.3067228504030256,0.24387009189163986,0.07203764,0.07675665137633686,0.31920702623367614,0.8068455556811023,0.5,0.39387357,0.008638474872099072,0.9810873126943886,0.9810874105554406,0.0,1.0,0.0,0.47826087,0.16666667,0.048092503,0.5020291054576596,1.0,0.3333333333333333,0.8000001028571486,0.1999999519999923,0.8000000000000003,0.20000000000000007,0.7999999999999998,0.8000000000000003,-1.0,1.3,2020-04-21T11:00:00,EURUSD,H1,3,BUY,-5.849850961234804,14,"hit_tp=False,hit_sl=True,regime=3"
0.42158204300147994,0.4202735168568699,0.469912994940332,0.4562877535828975,0.32526972061585724,0.5752200491446375,0.5759709635891239,0.4640032184310838,0.5173154317983113,0.4702517940844267,0.4090916,0.22936149655016538,0.2916226635977599,0.2211705202080427,0.5,0.38770503,0.017115750686280757,0.9788842861787093,0.978884286436401,1.0,0.0,0.0,0.3478261,0.0,0.46689928,0.5269033662187681,1.0,0.41666666666666663,1.0,0.0,1.0,0.0,1.0,1.0,-1.0,1.56,2020-05-25T08:00:00,EURUSD,H1,1,BUY,-12.942685434353953,50,"hit_tp=False,hit_sl=True,regime=1"
0.41605599505334445,0.42648967429115403,0.48847162029651564,0.4814942389019388,0.21689140756414252,0.32750744827218536,0.4215814585400627,0.3491344885671124,0.6747647406693663,0.6652730852936636,0.9777847,0.8061582683150745,0.16444593965718907,0.758525846072053,0.5,0.5817737,0.04470232138913759,0.8408729491348,0.840872951076752,1.0,0.0,0.0,0.4347826,0.5,0.64752066,0.4471631902430539,0.41666666666666663,1.0,1.0,0.0,1.0,0.0,1.0,1.0,-1.0,1.56,2020-07-16T10:00:00,EURUSD,H1,2,SELL,-11.81478884045406,36,"hit_tp=False,hit_sl=True,regime=2"
0.4108876958508445,0.423937672075966,0.4835603405382446,0.44850844554386254,0.20572770330987858,0.3162517363791925,0.4066535003316097,0.4391994553447369,0.20118162681409993,0.3734347591561645,0.30008787,0.4647757893570187,0.3861066605715266,0.8277330353912469,0.5,0.23365377,0.018302767621777297,0.7628848341772837,0.7628848370709852,1.0,0.0,0.0,0.73913044,1.0,0.2224395,0.45824787713265963,1.0,0.41666666666666663,1.0,0.0,1.0,0.0,1.0,1.0,1.0,1.95,2020-05-24T17:00:00,EURUSD,H1,1,BUY,19.543560519474923,8,"hit_tp=True,hit_sl=False,regime=1"
0.40953099858636643,0.4139520997908128,0.4790225122634102,0.4760657439246341,0.28335238131584656,0.5417510967165773,0.5114693179504456,0.3968088286469731,0.38697094088120465,0.5118318365137721,0.3234053,0.5628405901305719,0.2739501030404875,0.22668827902783456,0.5,0.37047163,0.008756881287057082,0.9067765996261323,0.906776539744907,0.0,1.0,0.0,0.39130434,0.8333333,0.38475078,0.5686418422277694,1.0,0.3333333333333333,0.8000001028571486,0.1999999519999923,0.8000000000000003,0.20000000000000007,0.7999999999999998,0.8000000000000003,-1.0,1.56,2020-04-25T09:00:00,EURUSD,H1,3,BUY,-6.748812439896224,22,"hit_tp=False,hit_sl=True,regime=3"
0.422423274125832,0.43132914988371474,0.49237338474054726,0.4729877609903897,0.18949543772624958,0.10181185953889087,0.16419937759421918,0.27920127116192034,0.6635976665545352,0.5181454863292445,0.9738025,0.7758882164069122,0.2494273549993853,0.7850588351944182,0.5,0.5291844,0.04251866424955395,0.9915342738486193,0.9915342373405912,1.0,0.0,0.0,0.3043478,0.33333334,0.47393072,0.42086041156870385,0.41666666666666663,1.0,1.0,0.0,1.0,0.0,1.0,1.0,-1.0,1.3,2020-04-29T07:00:00,EURUSD,H1,2,SELL,-7.966453973002885,2,"hit_tp=False,hit_sl=True,regime=2"
0.4132497971875446,0.42954491448191595,0.4781029041034383,0.45487673512245963,0.31636410300827167,0.39675091454167394,0.5519556235984724,0.46801295327870174,0.2619523573839704,0.30933776977590044,0.3115025,0.4518580983873847,0.061223180636324814,0.7262974940072661,0.5,0.34022027,0.019185855270756356,0.7585861500096794,0.7585861773634027,1.0,0.0,0.0,0.82608694,0.0,0.23663111,0.5521697068799473,1.0,0.41666666666666663,1.0,0.0,1.0,0.0,1.0,1.0,-1.0,1.3,2020-05-25T19:00:00,EURUSD,H1,1,BUY,-13.435157839445376,7,"hit_tp=False,hit_sl=True,regime=1"
0.40311456422120656,0.39863254876144805,0.45568696250623625,0.4281819462021017,0.2602023874119411,0.6054607361033276,0.6371571195417123,0.4932989117119946,0.2542901874138679,0.05746421713609105,0.11447617,0.09527377095950003,0.122359873678162,0.2740179735405811,0.5,0.31073233,0.025848509585755297,0.9644929776333132,0.9644928560288263,1.0,0.0,0.0,0.3043478,0.0,0.1659896,0.5693903231448182,1.0,0.41666666666666663,1.0,0.0,1.0,0.0,1.0,1.0,-1.0,1.3,2020-07-06T07:00:00,EURUSD,H1,1,BUY,-14.695765081629286,14,"hit_tp=False,hit_sl=True,regime=1"
0.41830156852724526,0.4241366565137214,0.4824965227133334,0.46592963889150735,0.5000665610807387,0.6297374741347125,0.6089034820620558,0.5014774302126735,0.26696596975394393,0.29010948999213565,0.18695508,0.33643556085056936,0.8308078339075584,0.052825392073957575,0.5,0.23176272,0.01388326343479478,0.9967171829563607,0.9967170853661783,0.0,1.0,0.0,0.47826087,1.0,0.30960748,0.6718347312209324,1.0,0.3333333333333333,0.8000001028571486,0.1999999519999923,0.8000000000000003,0.20000000000000007,0.7999999999999998,0.8000000000000003,-1.0,1.56,2020-06-28T11:00:00,EURUSD,H1,3,BUY,-6.925552738576979,26,"hit_tp=False,hit_sl=True,regime=3"
0.4411102457921284,0.4693545688792134,0.3690438169749147,0.3226379999996592,0.3055810737205787,0.3139012384896612,0.44138626157129196,0.3161899765767824,0.3363891450575104,0.2349266617970058,0.0,0.15125290335488253,0.13088412799090982,0.271356507798736,0.5,0.3855672,0.17717609442262328,0.9391151421717889,0.9391150940996918,0.0,0.0,1.0,0.9130435,0.33333334,0.20949763,0.41539435217535425,1.0,0.0,0.0,1.0,0.0,1.0,0.0,0.0,1.0,1.95,2020-02-19T21:00:00,EURUSD,H1,5,BUY,166.15055756276308,9,"hit_tp=True,hit_sl=False,regime=5"
0.42022138312359647,0.42181634934346063,0.4695984917834395,0.4590755234790565,0.27390913855515864,0.24719956164459608,0.35511874290762135,0.4151103781255755,0.3226520617020516,0.36376880993022487,0.22900268,0.26557185507530756,0.6665270531808056,0.915286254511265,0.5,0.34574378,0.016209542698166747,0.9337558030045684,0.9337557794054369,1.0,0.0,0.0,0.2173913,0.6666667,0.23811069,0.5450118667923239,1.0,0.41666666666666663,1.0,0.0,1.0,0.0,1.0,1.0,-1.0,1.3,2020-05-15T05:00:00,EURUSD,H1,1,BUY,-10.723876948763866,7,"hit_tp=False,hit_sl=True,regime=1"
0.3476693931825845,0.4558682828319237,0.5638565721218346,0.532878604285332,0.25331153729913747,0.34859096781560933,0.5374964506508327,0.4104633393889288,0.5052835296307273,0.5716894718651168,0.7244919,0.7273820078309192,0.040255812729475475,0.7197510167642213,0.5,0.47599345,0.35619874838651255,0.9152797669771036,0.9152797680110109,0.0,0.0,1.0,0.4347826,0.5,0.68456566,0.4962666618759416,0.0,1.0,0.0,1.0,0.0,1.0,0.0,0.0,1.0,2.0,2020-01-23T10:00:00,EURUSD,H1,5,SELL,189.2855169349894,72,"hit_tp=True,hit_sl=False,regime=5"
0.4203471174646978,0.3019039816803609,0.3728211785999066,0.48408739598100226,0.41536933969565604,0.33419326722566234,0.49107056827734424,0.40023207851551557,0.40701753144259367,0.44478938075902746,0.28315845,0.32157274434626365,0.05522006282791869,0.7244231895726031,0.5,0.53674734,0.08340450233441715,0.5102634590037597,0.5102635015917393,0.0,0.0,1.0,0.6956522,0.6666667,0.2485012,0.2957094759528835,1.0,0.0,0.0,1.0,0.0,1.0,0.0,0.0,-1.0,1.56,2020-02-14T16:00:00,EURUSD,H1,5,BUY,-126.13757241227042,67,"hit_tp=False,hit_sl=True,regime=5"
0.47238121116242376,0.3878362675400478,0.5253921327169101,0.419532151655471,0.1457986708061465,0.1820754248263542,0.2828378247327015,0.3774621055846004,0.33875580223021906,0.4501679153493155,0.33101353,0.40012821057984277,0.5136308611417157,0.8675487990162699,0.5,0.28667465,0.12273466597923094,0.6348206158323139,0.6348206569002252,0.0,0.0,1.0,0.3478261,0.0,0.2740701,0.5543937674567373,1.0,0.0,0.0,1.0,0.0,1.0,0.0,0.0,-1.0,1.3,2020-04-27T08:00:00,EURUSD,H1,5,BUY,-99.2833639423707,4,"hit_tp=False,hit_sl=True,regime=5"
0.4075658720978066,0.42465882258027815,0.47746339955904715,0.4629613187470099,0.25068667231698727,0.21764243277785497,0.47170101725794905,0.5069154431093952,0.4742224300373847,0.4530155062981864,0.288686,0.20609041343811665,0.08800209864229273,0.28474521599898267,0.5,0.39834717,0.01809223557978828,0.9741818887374224,0.9741819256638432,1.0,0.0,0.0,0.5217391,0.33333334,0.4396195,0.65514997949722,1.0,0.41666666666666663,1.0,0.0,1.0,0.0,1.0,1.0,-1.0,1.3,2020-02-19T12:00:00,EURUSD,H1,1,BUY,-12.722974561989451,14,"hit_tp=False,hit_sl=True,regime=1"
0.40803030589456757,0.42423063582080656,0.48256148195780507,0.4601178904149162,0.35629394344432286,0.3679014760268079,0.41498814891961444,0.3494994498426011,0.38743836281728594,0.4036007198806041,0.18747987,0.39217680792994847,0.3926750464974883,0.1896198053456177,0.5,0.45796546,0.017229544629269792,0.9497992960102583,0.9497993576418,1.0,0.0,0.0,0.0,0.16666667,0.2408893,0.4797786156748486,1.0,0.41666666666666663,1.0,0.0,1.0,0.0,1.0,1.0,1.0,1.95,2020-10-06T00:00:00,EURUSD,H1,1,BUY,16.94245728332877,11,"hit_tp=True,hit_sl=False,regime=1"
0.4300391938875746,0.4917327300269608,0.4975234754562256,0.5351717821816636,0.3272168106631352,0.2132730584137913,0.35084457734363905,0.3274858426749474,0.5984788719482049,0.4414993919251885,1.0,0.5957088288479073,0.10369566578751489,0.7395583077728337,0.5,0.34904948,0.9442439269581061,0.5429363363290727,0.5429363663145389,0.0,0.0,1.0,0.73913044,0.16666667,0.6763142,0.782530667121534,0.0,1.0,0.0,1.0,0.0,1.0,0.0,0.0,-1.0,1.3,2020-01-28T17:00:00,EURUSD,H1,5,SELL,-92.05348395467496,6,"hit_tp=False,hit_sl=True,regime=5"
0.41142009819393904,0.4103164397166552,0.45822818536135446,0.4522570023052362,0.45137125281887186,0.5339266925034317,0.6984434340142782,0.5470217807795527,0.21250287862106035,0.3120374061469468,0.13936901,0.23492343639347554,0.20825440376793605,0.7722037925442061,0.5,0.35529417,0.015606538908954496,0.780402421869595,0.7804024855684192,1.0,0.0,0.0,0.08695652,0.16666667,0.19161807,0.4337211605565042,1.0,0.41666666666666663,1.0,0.0,1.0,0.0,1.0,1.0,1.0,1.95,2020-09-01T02:00:00,EURUSD,H1,1,BUY,26.935844066673376,14,"hit_tp=True,hit_sl=False,regime=1"
0.4093382948927795,0.4218288570033888,0.47952076744017974,0.4706621844850411,0.37368261858795077,0.5011646102458636,0.6913416470910504,0.44705145635617105,0.2911736637424705,0.4509944856941957,0.34267408,0.4824703063252551,0.03242327417242708,0.7173055310016698,0.5,0.24610987,0.020273925581386753,0.7646456566945382,0.7646455985478476,1.0,0.0,0.0,0.3478261,0.16666667,0.2715233,0.5135595792382189,1.0,0.41666666666666663,1.0,0.0,1.0,0.0,1.0,1.0,-1.0,1.3,2020-02-04T08:00:00,EURUSD,H1,1,BUY,-14.75489035866584,8,"hit_tp=False,hit_sl=True,regime=1"
0.422331831338769,0.4407822198314246,0.5594330761885569,0.5181373199614664,0.36725206540357314,0.569762136357994,0.6689480184083565,0.4776530697741611,0.511937175816084,0.5422469193932071,0.61129767,0.7940952219043939,0.22984457485519805,0.7789446760282405,0.5,0.5753585,0.20349261699573953,0.835128409829418,0.8351283874339135,0.0,0.0,1.0,0.8695652,0.5,0.53655994,0.5025903141643049,0.08333333333333331,1.0,0.2000000400000022,0.7999999279999885,0.20000000000000018,0.7999999999999999,0.1999999999999999,0.20000000000000018,1.0,1.95,2020-05-07T20:00:00,EURUSD,H1,4,SELL,88.91288019786225,19,"hit_tp=True,hit_sl=False,regime=4"
0.42735883984053685,0.41061194422811575,0.506487320987924,0.5013638633693508,0.42570250367879453,0.3423548290781429,0.4292755007351484,0.44540376706406526,0.392952333136349,0.5239754782288698,0.41134915,0.5212655236714568,0.41735393470917365,0.18191452666253552,0.5,0.33049682,0.07656808108415267,0.8804739738569874,0.8804739753156571,0.0,0.0,1.0,0.3043478,0.33333334,0.40733424,0.542381324792147,1.0,0.08333333333333331,0.2000000400000022,0.7999999279999885,0.20000000000000018,0.7999999999999999,0.1999999999999999,0.20000000000000018,1.0,1.95,2020-05-06T07:00:00,EURUSD,H1,4,BUY,63.10477599850817,5,"hit_tp=True,hit_sl=False,regime=4"
0.3772320255912573,0.48374471583719386,0.5389996408362899,0.5142836413039824,0.2588784740342424,0.20822118272994536,0.2045951581775672,0.2512169814264151,0.812178175686085,0.6671331268954052,0.7871936,0.805490144588253,0.22783542641020338,0.7783173741002553,0.5,0.7822875,0.6359281029083891,0.32734067814628326,0.3273406668292211,0.0,0.0,1.0,0.39130434,0.16666667,0.78125405,0.5513197654492866,0.0,1.0,0.0,1.0,0.0,1.0,0.0,0.0,-1.0,1.3,2020-04-21T09:00:00,EURUSD,H1,5,SELL,-80.62213872330082,8,"hit_tp=False,hit_sl=True,regime=5"
0.42264024486603763,0.4221274983919416,0.4886615863146758,0.47170603877873934,0.2050948636623972,0.15800101923309567,0.3825318430279936,0.4349500835676673,0.6496435443652933,0.7170750660779275,0.73924696,0.6104842324134283,0.47719724508799016,0.8561734606652528,0.5,0.56353515,0.054587219793713844,0.9610178778188949,0.9610178050719401,1.0,0.0,0.0,0.9130435,0.5,0.72357583,0.4893463421084589,0.41666666666666663,1.0,1.0,0.0,1.0,0.0,1.0,1.0,-1.0,1.56,2020-07-30T21:00:00,EURUSD,H1,2,SELL,-12.181634265939769,39,"hit_tp=False,hit_sl=True,regime=2"
0.4117769344782307,0.4184650751189633,0.4744372608724159,0.4611362088900734,0.23215325151092925,0.20333708145710266,0.43005886243416636,0.35972154173815735,0.2597244356388476,0.2157260408924154,0.120246895,0.15313635905109865,0.22475771679780557,0.24204718938434835,0.5,0.250621,0.009807090197295901,0.9040231581873963,0.9040232447851415,0.0,1.0,0.0,0.65217394,0.5,0.10861073,0.7546042896373159,1.0,0.3333333333333333,0.8000001028571486,0.1999999519999923,0.8000000000000003,0.20000000000000007,0.7999999999999998,0.8000000000000003,-1.0,1.56,2020-02-06T15:00:00,EURUSD,H1,3,BUY,-5.773484895101877,21,"hit_tp=False,hit_sl=True,regime=3"
0.4095613160216672,0.4175046811714991,0.4746870214907487,0.4623527639678712,0.06587166630770086,0.22090350550254953,0.33770932427469874,0.3727634389105427,0.35066935112639214,0.31314388146543426,0.03907438,0.13042545716244291,0.28247676235586283,0.2240260679378795,0.5,0.3049453,0.00853789327745146,0.9086291945752387,0.9086290736525013,0.0,1.0,0.0,0.4347826,0.6666667,0.12115208,0.6853718801389934,1.0,0.3333333333333333,0.8000001028571486,0.1999999519999923,0.8000000000000003,0.20000000000000007,0.7999999999999998,0.8000000000000003,1.0,1.95,2020-03-27T10:00:00,EURUSD,H1,3,BUY,8.38675631612995,12,"hit_tp=True,hit_sl=False,regime=3"
0.40968394463110225,0.41188033021869036,0.46639350627723425,0.46123834209707426,0.6933310360172739,0.5399373444514177,0.6553656369685685,0.4342018829889355,0.3207675746956061,0.4469404053042282,0.15207869,0.41652346171137855,0.1925912691559616,0.7673133986292318,0.5,0.32081133,0.019905641592818143,0.7796729164628381,0.7796728459289776,1.0,0.0,0.0,0.3043478,0.6666667,0.18659455,0.5652054542908124,1.0,0.41666666666666663,1.0,0.0,1.0,0.0,1.0,1.0,-1.0,1.3,2020-02-28T07:00:00,EURUSD,H1,1,BUY,-14.241122617189015,5,"hit_tp=False,hit_sl=True,regime=1"
0.41715658725226196,0.42161942545045633,0.4834391120271058,0.4722735160054199,0.35529703402335744,0.6230331853273967,0.573463268544976,0.44480456237551136,0.26709658089694527,0.407811477848518,0.2957107,0.4627479471229051,0.1421144727600615,0.2678501601695558,0.5,0.326937,0.011041436019968898,0.9784558114337198,0.9784558116966405,0.0,1.0,0.0,0.3478261,0.8333333,0.27821404,0.40336392332880544,1.0,0.3333333333333333,0.8000001028571486,0.1999999519999923,0.8000000000000003,0.20000000000000007,0.7999999999999998,0.8000000000000003,1.0,2.0,2020-05-02T08:00:00,EURUSD,H1,3,BUY,11.065837426711411,32,"hit_tp=True,hit_sl=False,regime=3"
0.4025177599847521,0.41144241283239286,0.4697463804453996,0.4528570996185266,0.16981297660091604,0.3371151318575641,0.5685049438102062,0.41798864312723877,0.36099000951182564,0.3477961075858791,0.14492355,0.2961608151069706,0.6720849680028274,0.9170215686206781,0.5,0.32864183,0.012332347454408874,0.9383642435372347,0.9383643175121082,1.0,0.0,0.0,0.8695652,0.5,0.13703258,0.6248377601317074,1.0,0.41666666666666663,1.0,0.0,1.0,0.0,1.0,1.0,-1.0,1.3,2020-05-14T20:00:00,EURUSD,H1,1,BUY,-12.613379344887932,8,"hit_tp=False,hit_sl=True,regime=1"
0.45009458622081777,0.489177705468339,0.5219321423167476,0.46641568822163,0.45651011475262093,0.513528024414907,0.3518042643666486,0.33447843179615744,0.2663992906977807,0.3822902383404788,0.34730935,0.5378664355997897,0.4613578977835033,0.1681755556802937,0.5,0.23417464,0.04986338138915607,0.6770584504598316,0.6770585276236237,0.0,0.0,1.0,0.13043478,0.0,0.37553337,0.46964069792507174,1.0,0.08333333333333331,0.2000000400000022,0.7999999279999885,0.20000000000000018,0.7999999999999999,0.1999999999999999,0.20000000000000018,-1.0,1.3,2020-04-20T03:00:00,EURUSD,H1,4,BUY,-33.73662262742716,4,"hit_tp=False,hit_sl=True,regime=4"
0.4170980781245332,0.4088759977577784,0.4695872071423051,0.4733711831146616,0.18051532246327215,0.16110592626790185,0.26431202835250905,0.27481085893134294,0.5669443388564438,0.4438642861703466,0.43406335,0.18960604533278622,0.16296371803786192,0.2613405806615274,0.5,0.5642115,0.06404155613642643,0.9070380656304444,0.9070380179498089,1.0,0.0,0.0,0.73913044,0.8333333,0.6177746,0.3453768709900431,0.41666666666666663,1.0,1.0,0.0,1.0,0.0,1.0,1.0,-1.0,1.3,2020-05-23T17:00:00,EURUSD,H1,2,SELL,-10.019878601303931,7,"hit_tp=False,hit_sl=True,regime=2"
0.41953236010967526,0.42231309517384613,0.4814284053478239,0.45894587729147746,0.12484951772528718,0.3712103558625066,0.47987676898689235,0.46522907481380293,0.4288669579090756,0.4957792814713409,0.36473987,0.40410659474562405,0.2749489653817447,0.7930272557237958,0.5,0.2758376,0.01813428119077912,0.7577373770528574,0.7577373800093775,1.0,0.0,0.0,0.5217391,0.33333334,0.24743378,0.4904539806659445,1.0,0.41666666666666663,1.0,0.0,1.0,0.0,1.0,1.0,-1.0,1.3,2020-08-26T12:00:00,EURUSD,H1,1,BUY,-13.485490323923432,18,"hit_tp=False,hit_sl=True,regime=1"
0.4197445033895063,0.4278586957966114,0.4914903813772387,0.4886441834139107,0.2307722265176247,0.1618172285724065,0.38607938132626385,0.33291405735023355,0.6167569200670694,0.5962804983298581,0.77530086,0.5712745896955783,0.50980639821349,0.1530489110206499,0.5,0.5994512,0.05656067544255985,0.8065698785622515,0.8065698321077076,1.0,0.0,0.0,0.17391305,0.5,0.84450096,0.4074273749731334,0.41666666666666663,1.0,1.0,0.0,1.0,0.0,1.0,1.0,-1.0,1.3,2020-01-23T04:00:00,EURUSD,H1,2,SELL,-10.090067213333054,2,"hit_tp=False,hit_sl=True,regime=2"
0.4210488306830005,0.42578149322179815,0.4808815669467291,0.4755884485697792,0.3692091966513731,0.6636068643503588,0.6370631565836349,0.41761581630701966,0.33907980400677434,0.6116473967263469,0.41248143,0.5661820100668565,0.6012433956084096,0.8949033172484699,0.5,0.3632232,0.02147334846800698,0.9020825983860573,0.9020824775432131,0.0,1.0,0.0,0.65217394,0.8333333,0.33518186,0.5710480705449081,1.0,0.3333333333333333,0.8000001028571486,0.1999999519999923,0.8000000000000003,0.20000000000000007,0.7999999999999998,0.8000000000000003,-1.0,1.56,2020-02-22T15:00:00,EURUSD,H1,3,BUY,-6.8683191834972845,68,"hit_tp=False,hit_sl=True,regime=3"
0.4153803832334105,0.414180999453745,0.47276950364004133,0.4608339737713955,0.4447203544565746,0.5316303739033426,0.5459830283888184,0.36364132471803995,0.25421919178124164,0.27708177341620305,0.22017634,0.23457786215068205,0.66420960189899,0.9145627400641556,0.5,0.32575953,0.01033027082565281,0.9834636328978734,0.9834636330996799,0.0,1.0,0.0,0.13043478,0.16666667,0.18876494,0.6188751731091402,1.0,0.3333333333333333,0.8000001028571486,0.1999999519999923,0.8000000000000003,0.20000000000000007,0.7999999999999998,0.8000000000000003,1.0,1.95,2020-05-26T03:00:00,EURUSD,H1,3,BUY,10.101699200921743,10,"hit_tp=True,hit_sl=False,regime=3"
0.4612272022728023,0.45279980597188546,0.3893269840325306,0.3078595563078663,0.1738927297938195,0.1276349076136649,0.4420159843658581,0.36275446582220433,0.22869110762635256,0.3999136062533386,0.1941816,0.19282918698186183,0.6234387023567822,0.11757047961244763,0.5,0.33739564,0.04943392347472888,0.3924723223437351,0.39247236636921173,0.0,0.0,1.0,0.5652174,0.6666667,0.2118244,0.4837609513155771,1.0,0.0,0.0,1.0,0.0,1.0,0.0,0.0,-1.0,1.3,2020-05-01T13:00:00,EURUSD,H1,5,BUY,-108.08378399440376,5,"hit_tp=False,hit_sl=True,regime=5"
0.41354053640053456,0.4205789622564907,0.4795032408050836,0.4617139814822134,0.2962862162341909,0.3733295783747191,0.2744397130002468,0.32570587739346185,0.30607335671731534,0.31928319142998646,0.28399366,0.2650941268316524,0.07193330483713552,0.7296414349965821,0.5,0.18094057,0.008364101625914848,0.9468619313906126,0.9468619808542208,0.0,1.0,0.0,0.26086956,1.0,0.18207988,0.4392559678329923,1.0,0.3333333333333333,0.8000001028571486,0.1999999519999923,0.8000000000000003,0.20000000000000007,0.7999999999999998,0.8000000000000003,-1.0,1.3,2020-01-19T06:00:00,EURUSD,H1,3,BUY,-4.13971847288197,2,"hit_tp=False,hit_sl=True,regime=3"
0.4156384789037522,0.40926824452126376,0.4730161536108595,0.46740585350754194,0.4735989081615818,0.5108885387695796,0.650660392664418,0.4459565725297049,0.4910144383180173,0.5663002918504375,0.33539736,0.3988491700158198,0.1506545908401405,0.7542198723091151,0.5,0.4284796,0.02580004028521191,0.8502312964275298,0.8502312982552745,1.0,0.0,0.0,0.13043478,1.0,0.23714769,0.5683357836536506,1.0,0.41666666666666663,1.0,0.0,1.0,0.0,1.0,1.0,-1.0,1.3,2020-05-24T03:00:00,EURUSD,H1,1,BUY,-13.537086742674289,7,"hit_tp=False,hit_sl=True,regime=1"
0.4118709902147327,0.42319269715044633,0.4788697438653017,0.4637295893343229,0.24173560699136465,0.33349799000356617,0.3883205201330483,0.40707471289918995,0.3640192449592363,0.3574150295081312,0.121374935,0.26479734073408445,0.1440822274098334,0.26723580537260366,0.5,0.36419582,0.010504996151653494,0.9541512496811915,0.9541512746482812,0.0,1.0,0.0,1.0,0.5,0.17900756,0.5207082480500768,1.0,0.3333333333333333,0.8000001028571486,0.1999999519999923,0.8000000000000003,0.20000000000000007,0.7999999999999998,0.8000000000000003,1.0,1.95,2020-03-26T23:00:00,EURUSD,H1,3,BUY,8.637499236390234,9,"hit_tp=True,hit_sl=False,regime=3"
0.4464028649763954,0.5029500677325545,0.6151089669995129,0.5925927804780191,0.2670835013424646,0.388730376568932,0.5809902879511488,0.4830161727210699,0.689498008286879,0.7075682935814844,0.87396497,0.8688289230471249,0.5010927961938799,0.15576946627865285,0.5,0.61127776,0.33121755123197905,0.6066495057914201,0.6066494495728798,0.0,0.0,1.0,0.47826087,1.0,0.9180088,0.4818704421772864,0.08333333333333331,1.0,0.2000000400000022,0.7999999279999885,0.20000000000000018,0.7999999999999999,0.1999999999999999,0.20000000000000018,1.0,1.95,2020-06-07T11:00:00,EURUSD,H1,4,SELL,75.56178640747868,19,"hit_tp=True,hit_sl=False,regime=4"
0.4204226543955396,0.4329550882116493,0.4895163427827237,0.47538252172924456,0.3832040070222032,0.32049533908269967,0.3992922903402089,0.410771668742359,0.29773414602118375,0.43034404449662444,0.44118562,0.6422548494369082,0.13424368541122628,0.749096037260659,0.5,0.25606146,0.01335969196596454,0.9860834917516292,0.9860835407365862,0.0,1.0,0.0,0.2173913,0.6666667,0.36894298,0.6083514328897294,1.0,0.3333333333333333,0.8000001028571486,0.1999999519999923,0.8000000000000003,0.20000000000000007,0.7999999999999998,0.8000000000000003,-1.0,1.3,2020-01-31T05:00:00,EURUSD,H1,3,BUY,-5.669611327911994,14,"hit_tp=False,hit_sl=True,regime=3"
0.42165570898830534,0.42596418616081444,0.47607525586896265,0.46938671548926275,0.2470281005131737,0.4113486132073493,0.46818590914125746,0.39354372866447584,0.5574807312563592,0.650405873025367,0.45006138,0.3507315524235563,0.4295591842934088,0.8412998265702484,0.5,0.63401514,0.020533109177544136,0.8185669151425599,0.8185668807453875,1.0,0.0,0.0,0.39130434,1.0,0.44077232,0.5704307126676617,1.0,0.41666666666666663,1.0,0.0,1.0,0.0,1.0,1.0,-1.0,1.3,2020-11-22T09:00:00,EURUSD,H1,1,BUY,-12.329312802459302,14,"hit_tp=False,hit_sl=True,regime=1"
0.440308136514271,0.448838082480624,0.4883750392255943,0.48088958514858515,0.6300075043028008,0.4336995338057472,0.5225225313006865,0.4271680184853785,0.6722330870335992,0.6183370486985874,0.68827456,0.5561610771834979,0.2646537041341717,0.22959081440013013,0.5,0.63552946,0.23490007927686196,0.7882495993895375,0.7882496385850352,0.0,0.0,1.0,0.2173913,0.0,0.69672245,0.5321186776919586,0.08333333333333331,1.0,0.2000000400000022,0.7999999279999885,0.20000000000000018,0.7999999999999999,0.1999999999999999,0.20000000000000018,-1.0,1.3,2020-01-27T05:00:00,EURUSD,H1,4,SELL,-44.22900609688307,9,"hit_tp=False,hit_sl=True,regime=4"
0.40633533858882753,0.4649357718554821,0.5341565447769065,0.5552828901074613,0.3787820355626625,0.337024517587449,0.4188333131870328,0.382246154619455,0.45250870770135104,0.596402956755811,0.8655512,0.7721556697205142,0.3791636492362868,0.825565264578536,0.5,0.77407074,0.4631279665300111,0.9264028419969539,0.9264029039140209,0.0,0.0,1.0,0.4347826,0.16666667,0.5174168,0.0,0.0,1.0,0.0,1.0,0.0,1.0,0.0,0.0,1.0,1.95,2020-04-14T10:00:00,EURUSD,H1,5,SELL,176.68884814389995,9,"hit_tp=True,hit_sl=False,regime=5"
0.38322243078144363,0.4157636378227622,0.5903187577554917,0.5338541596004814,0.38297042405258686,0.41883404591848555,0.3931860768994246,0.40716562361428305,0.8132655234027991,0.7327034141750388,0.74653673,0.7726193599614681,0.14900984654325733,0.7537063711286707,0.5,0.66030145,0.5034917854202644,0.8991876174972391,0.8991876187275314,0.0,0.0,1.0,0.2173913,0.0,0.71002823,0.5031024172401369,0.0,1.0,0.0,1.0,0.0,1.0,0.0,0.0,-1.0,1.3,2020-01-27T05:00:00,EURUSD,H1,5,SELL,-118.66711493974114,2,"hit_tp=False,hit_sl=True,regime=5"
0.40434928938820386,0.4251983056593177,0.49135969665550366,0.4778451543655959,0.309367960598378,0.45440701595773286,0.4691252261862685,0.38891818908342546,0.7199990833888187,0.536768851286377,0.60627747,0.6030230948361909,0.0824290600537481,0.2864852260787415,0.5,0.7904473,0.08469106278117645,0.8088143125062918,0.8088143514508221,1.0,0.0,0.0,0.3043478,0.8333333,0.7276994,0.53702179893809,0.41666666666666663,1.0,1.0,0.0,1.0,0.0,1.0,1.0,-1.0,1.56,2020-06-27T07:00:00,EURUSD,H1,2,SELL,-13.264781825055303,51,"hit_tp=False,hit_sl=True,regime=2"
0.4147026363707552,0.42008874138381536,0.49381379293779515,0.4913270116528857,0.40668354263461415,0.5703737866244504,0.5393100589175875,0.4786282475008262,0.7543098968159998,0.7342120366203562,0.7741595,0.5894522817336625,0.33391468105178906,0.8114376139646443,0.5,0.5889603,0.04757002789473732,0.961239327625861,0.9612393280988879,1.0,0.0,0.0,0.39130434,0.6666667,0.8261037,0.5693241851447259,0.41666666666666663,1.0,1.0,0.0,1.0,0.0,1.0,1.0,1.0,2.0,2020-10-02T09:00:00,EURUSD,H1,2,SELL,22.511820329840223,52,"hit_tp=True,hit_sl=False,regime=2"
0.4594434120326375,0.5802155070933652,0.7207258755317187,0.70607607181175,0.23339079592326287,0.3365206423092774,0.4024644915709564,0.36535174360211914,1.0,0.8258970157799553,0.9153162,0.9527777716609458,0.1863149985491359,0.7653538273873819,0.5,1.0,0.6317869263399684,0.2904998167053138,0.29049977166726354,0.0,0.0,1.0,0.95652175,0.8333333,0.8457355,0.4331120515867177,0.0,1.0,0.0,1.0,0.0,1.0,0.0,0.0,-1.0,1.2,2020-02-29T22:00:00,EURUSD,H1,5,SELL,-104.35540473639148,38,"hit_tp=False,hit_sl=True,regime=5"
0.0,0.0,0.0,0.005350015671610827,0.48146064353895535,0.4094869118767154,0.502630530791437,0.5052214744502949,0.27929873581723724,0.15218443988354627,0.0,0.07005746088212414,0.2876922418037741,0.22239767050297216,0.5,0.48374015,0.14681339584932962,0.703978587539044,0.7039786521705278,0.0,0.0,1.0,0.3478261,0.8333333,0.0,0.15012948688420572,1.0,0.0,0.0,1.0,0.0,1.0,0.0,0.0,-1.0,1.56,2020-03-14T08:00:00,EURUSD,H1,5,BUY,-134.82100301665412,24,"hit_tp=False,hit_sl=True,regime=5"
0.33262230026495543,0.34338698556128233,0.3603776057145494,0.456637813626055,0.47656860236651943,0.3467312065294008,0.37069217939001287,0.3124430707790781,0.4756318301106094,0.4119215248150251,0.39223143,0.453831381071983,0.13004108206988213,0.7477839380924858,0.5,0.5150273,0.5953362475433874,0.936620640554733,0.9366206413282011,0.0,0.0,1.0,0.26086956,0.16666667,0.46575093,0.5842926505253191,0.0,1.0,0.0,1.0,0.0,1.0,0.0,0.0,-1.0,1.3,2020-03-03T06:00:00,EURUSD,H1,5,SELL,-93.4082516885404,3,"hit_tp=False,hit_sl=True,regime=5"
0.48293742069286033,0.5279489143968972,0.5828638212305557,0.5907166702144242,0.15016725187263205,0.14441633921187821,0.08743875562966535,0.07285106482433634,0.9003163549774049,0.7675785934501133,1.0,0.9868277282284913,0.3277040855167135,0.8094985190018541,0.5,0.7859697,0.1316398622171835,0.11530078432845137,0.1153008073289073,0.0,0.0,1.0,0.3043478,0.33333334,1.0,0.8441629609297153,0.08333333333333331,1.0,0.2000000400000022,0.7999999279999885,0.20000000000000018,0.7999999999999999,0.1999999999999999,0.20000000000000018,-1.0,1.0,2020-01-01T07:00:00,EURUSD,H1,4,SELL,-15.579309499402784,1,"hit_tp=False,hit_sl=True,regime=4"
0.4254233979940082,0.43152542475809574,0.49083838361230653,0.4727153673294885,0.13759333847968244,0.061729090619159654,0.4446356039822572,0.38217958963805126,0.5604693248680716,0.510387639311779,0.87043196,0.6973712532501056,0.11256781298033564,0.7423283873232644,0.5,0.45808628,0.05339303352265535,0.7654631025459662,0.7654631786308872,1.0,0.0,0.0,0.7826087,0.16666667,0.5674743,0.6246453205625013,0.41666666666666663,1.0,1.0,0.0,1.0,0.0,1.0,1.0,-1.0,1.3,2020-09-08T18:00:00,EURUSD,H1,2,SELL,-12.169910087431736,8,"hit_tp=False,hit_sl=True,regime=2"
0.41837542868867683,0.4111805393601545,0.5176391017789005,0.5528773230815005,0.6267906599168488,0.6350684007614437,0.7612681965905105,0.5194284011261513,0.8780843931010857,0.8945185508294866,0.79388803,0.6239293323617101,0.22721743323504584,0.7781244349889923,0.5,0.76563746,0.24885235654630072,0.920957331933283,0.9209573328979026,0.0,0.0,1.0,0.73913044,0.5,0.7703008,0.5379302793117798,0.08333333333333331,1.0,0.2000000400000022,0.7999999279999885,0.20000000000000018,0.7999999999999999,0.1999999999999999,0.20000000000000018,-1.0,1.3,2020-01-23T17:00:00,EURUSD,H1,4,SELL,-51.606413056888286,20,"hit_tp=False,hit_sl=True,regime=4"
0.4601797975429709,0.42626347880446575,0.45272143237924506,0.3986394307428124,0.5530575388485568,0.41115842576278044,0.4637315391329247,0.3649435143396184,0.19891541070244276,0.28916841525171644,0.24448054,0.33575187766121645,0.43935591624633846,0.17504503828336396,0.5,0.15495586,0.08395454331260863,0.8290200270023295,0.8290201511267384,0.0,0.0,1.0,0.8695652,0.6666667,0.27483273,0.5036129271343502,1.0,0.08333333333333331,0.2000000400000022,0.7999999279999885,0.20000000000000018,0.7999999999999999,0.1999999999999999,0.20000000000000018,-1.0,1.3,2020-05-01T20:00:00,EURUSD,H1,4,BUY,-45.27399771389496,2,"hit_tp=False,hit_sl=True,regime=4"
0.406520972698307,0.39981219157249714,0.46205496382667927,0.4437053901283363,0.34188233174635596,0.3531508608513388,0.4018983422275802,0.3522326442354565,0.17507304415414365,0.08927690245929253,0.12581354,0.042291589851752166,0.2683806257058336,0.22842718471702747,0.5,0.22717272,0.021256912471137403,0.8933950197029431,0.8933950210039269,1.0,0.0,0.0,0.73913044,0.8333333,0.10091509,0.5299985302899568,1.0,0.41666666666666663,1.0,0.0,1.0,0.0,1.0,1.0,1.0,1.95,2020-05-02T17:00:00,EURUSD,H1,1,BUY,16.61089896233925,3,"hit_tp=True,hit_sl=False,regime=1"
0.4104321779784969,0.4210197607781053,0.47575082213852404,0.4615992485911247,0.21283689768093536,0.13702764058579248,0.3344444286133846,0.31212774483633543,0.44947888028345556,0.4034578837573965,0.2087807,0.2625925831509013,0.4549780270634946,0.8492361319764747,0.5,0.36736178,0.007056314060185737,0.9365903751782714,0.9365903759521086,0.0,1.0,0.0,0.5652174,1.0,0.14304408,0.5188053079025771,1.0,0.3333333333333333,0.8000001028571486,0.1999999519999923,0.8000000000000003,0.20000000000000007,0.7999999999999998,0.8000000000000003,-1.0,1.3,2020-02-16T13:00:00,EURUSD,H1,3,BUY,-5.387040335660398,11,"hit_tp=False,hit_sl=True,regime=3"
0.3899532076370484,0.41026440493381483,0.47328882809657036,0.46824529356510197,0.49917656665390997,0.4039900089289361,0.40639928006467657,0.3126845205293152,0.38082911441828976,0.4209912101235439,0.0,0.4003752956562868,0.07486523429026846,0.2888468081940096,0.5,0.4933619,0.01768157912486845,0.9840926157619225,0.9840926159560527,1.0,0.0,0.0,0.3043478,0.5,0.27285028,0.4114143119739317,1.0,0.41666666666666663,1.0,0.0,1.0,0.0,1.0,1.0,1.0,2.0,2020-04-09T07:00:00,EURUSD,H1,1,BUY,16.23414518483024,22,"hit_tp=True,hit_sl=False,regime=1"
0.4160338817164059,0.424620064625323,0.48205521980844374,0.4691301320724002,0.40322309847998306,0.4465896621499383,0.3957651587888504,0.32251435396367084,0.22013092863718514,0.38914697301202295,0.29306415,0.5274849471658417,0.3946354011391757,0.18900775001458756,0.5,0.147523,0.013816473371567325,0.9970485156059326,0.9970484912343904,0.0,1.0,0.0,0.3043478,0.0,0.29521564,0.5225673023328561,1.0,0.3333333333333333,0.8000001028571486,0.1999999519999923,0.8000000000000003,0.20000000000000007,0.7999999999999998,0.8000000000000003,1.0,1.95,2020-01-13T07:00:00,EURUSD,H1,3,BUY,9.02943435145076,3,"hit_tp=True,hit_sl=False,regime=3"
0.4105458894244828,0.42144247747795843,0.49340290319060043,0.4788153356769113,0.17110670537340023,0.27438269127063597,0.3864762282080991,0.3226557689669277,0.4648838915117971,0.4194727352538464,0.4182132,0.6469272018604955,0.19458473883382724,0.25146783729910244,0.5,0.43616605,0.06385055248950598,0.8273011244722306,0.8273011265798099,1.0,0.0,0.0,0.08695652,1.0,0.59991103,0.460655027818104,0.41666666666666663,1.0,1.0,0.0,1.0,0.0,1.0,1.0,-1.0,1.3,2020-05-24T02:00:00,EURUSD,H1,2,SELL,-10.588225806928977,5,"hit_tp=False,hit_sl=True,regime=2"
0.4132082882501318,0.4284132858586748,0.4943784379307733,0.4835748751235899,0.14263510700668264,0.2027538536301149,0.35697189614068886,0.3588952400457505,0.7613328101072241,0.749587585926057,1.0,0.9206089683137397,0.40110929821190827,0.8324172224903039,0.5,0.5787468,0.04463946121300991,0.895608211968055,0.8956082010382488,1.0,0.0,0.0,1.0,0.6666667,0.85085857,0.48374661268100877,0.41666666666666663,1.0,1.0,0.0,1.0,0.0,1.0,1.0,-1.0,1.3,2020-01-17T23:00:00,EURUSD,H1,2,SELL,-10.802283456754491,6,"hit_tp=False,hit_sl=True,regime=2"
0.41106341997521084,0.43017107697977613,0.4968252438702828,0.4778150673109809,0.3330651938303692,0.2645180227761216,0.4941272231978751,0.34099335013139015,0.5908880752470724,0.47140870900967935,0.5935758,0.5021366656627838,0.24053397903337212,0.23712150349051536,0.5,0.4247155,0.08630065334113166,0.8316655015920503,0.8316654426274643,1.0,0.0,0.0,0.26086956,0.8333333,0.6900289,0.5549587914141011,0.41666666666666663,1.0,1.0,0.0,1.0,0.0,1.0,1.0,-1.0,1.3,2020-05-30T06:00:00,EURUSD,H1,2,SELL,-11.87135524545635,18,"hit_tp=False,hit_sl=True,regime=2"
0.4246953069431459,0.433864280096045,0.48463504483277126,0.4735705015441102,0.41803497951637797,0.41752774933868925,0.43763267028258285,0.32236080354854424,0.5198086787972797,0.5959100952337745,0.51224315,0.6099221442937146,0.8039158807780995,0.9581820663861415,0.5,0.46958232,0.012886162861284894,0.9354950858486555,0.9354949645980527,0.0,1.0,0.0,0.17391305,0.33333334,0.5552791,0.5898252881399976,1.0,0.3333333333333333,0.8000001028571486,0.1999999519999923,0.8000000000000003,0.20000000000000007,0.7999999999999998,0.8000000000000003,1.0,1.95,2020-02-19T04:00:00,EURUSD,H1,3,BUY,8.93841374331128,6,"hit_tp=True,hit_sl=False,regime=3"
0.41232272318680574,0.4135610985971879,0.4886268523143513,0.4698643253118884,0.19848017706577356,0.20859628953096823,0.40187778840501504,0.44513729739059055,0.6066905232112483,0.538843988133548,0.61477125,0.3838255656366458,0.10268621218468685,0.2801604991401753,0.5,0.4913133,0.08113747282365148,0.7579555196352181,0.7579555836079795,1.0,0.0,0.0,0.7826087,1.0,0.6952241,0.5974641747433463,0.41666666666666663,1.0,1.0,0.0,1.0,0.0,1.0,1.0,-1.0,1.56,2020-02-16T18:00:00,EURUSD,H1,2,SELL,-11.91494873461929,42,"hit_tp=False,hit_sl=True,regime=2"
0.4156519414451519,0.4195990608566497,0.4700097304342259,0.45524942727606404,0.3072917014260372,0.4936747138552767,0.5246109504258529,0.4356726050156032,0.4035121373912569,0.39138967316456486,0.22182696,0.2884256727573581,0.24109647214789579,0.7824577816959255,0.5,0.42770243,0.014181600376241702,0.8685813650292532,0.8685812934103734,1.0,0.0,0.0,0.3478261,0.33333334,0.25797677,0.4459054362438379,1.0,0.41666666666666663,1.0,0.0,1.0,0.0,1.0,1.0,-1.0,1.56,2020-07-01T08:00:00,EURUSD,H1,1,BUY,-14.059669292658672,61,"hit_tp=False,hit_sl=True,regime=1"
0.4082933436307827,0.4171910244790881,0.473759010308679,0.4678996465573638,0.6103722600013072,0.5510120486222451,0.5839647091969624,0.49816572125940256,0.4477019686030423,0.4927214974589277,0.032893274,0.3626344702586285,0.24902590456080068,0.2344701280200071,0.5,0.49321246,0.009163451934475549,0.991137699786723,0.991137614468412,0.0,1.0,0.0,0.3478261,1.0,0.20642132,0.5141121407419996,1.0,0.3333333333333333,0.8000001028571486,0.1999999519999923,0.8000000000000003,0.20000000000000007,0.7999999999999998,0.8000000000000003,-1.0,1.56,2020-07-05T08:00:00,EURUSD,H1,3,BUY,-6.939786777369061,36,"hit_tp=False,hit_sl=True,regime=3"
0.4168899572681343,0.4255729988663192,0.48781807949316386,0.4722353213975315,0.43012636625143474,0.3762997706173489,0.5868866979723323,0.5712367516603697,0.4488890021081205,0.6931130087734879,0.7051686,0.5822426921817049,0.21885459159864137,0.7755133830591733,0.5,0.50920874,0.015620505450053267,0.8888535779270411,0.8888535792834477,0.0,1.0,0.0,0.95652175,0.16666667,0.42837077,0.4400214916007779,1.0,0.3333333333333333,0.8000001028571486,0.1999999519999923,0.8000000000000003,0.20000000000000007,0.7999999999999998,0.8000000000000003,-1.0,1.3,2020-03-31T22:00:00,EURUSD,H1,3,BUY,-7.506688849632237,17,"hit_tp=False,hit_sl=True,regime=3"
0.4074683093590532,0.4144400832086376,0.47150649705991016,0.4509992872107557,0.5506237494938375,0.5703413894598174,0.6044764313563454,0.5020576826839247,0.5027710231782274,0.4742953732318233,0.21217868,0.36343307438049827,0.47250647246332117,0.16469473841879853,0.5,0.43026105,0.021128872947279036,0.8660826287002488,0.8660826669458892,1.0,0.0,0.0,0.5652174,1.0,0.46444952,0.5693651257197434,1.0,0.41666666666666663,1.0,0.0,1.0,0.0,1.0,1.0,-1.0,1.3,2020-04-26T13:00:00,EURUSD,H1,1,BUY,-15.445613756288612,11,"hit_tp=False,hit_sl=True,regime=1"
0.4079553325479971,0.413576397231459,0.4863029298326583,0.45239889818567824,0.3357860541535975,0.30458591802192436,0.4364715447677607,0.40478444605758857,0.4609092383745986,0.48645023709859275,0.2652579,0.41804180762057985,0.07991786731027,0.7321343425506933,0.5,0.55594546,0.016986350612547736,0.7754598662253275,0.7754598811693468,1.0,0.0,0.0,1.0,0.8333333,0.17032324,0.5401226858853563,1.0,0.41666666666666663,1.0,0.0,1.0,0.0,1.0,1.0,-1.0,1.3,2020-04-25T23:00:00,EURUSD,H1,1,BUY,-10.235965471248054,2,"hit_tp=False,hit_sl=True,regime=1"
0.44404555693808356,0.395630353195618,0.41119659025737576,0.3923197401329576,0.5707980952367242,0.5127938043498319,0.3670375700160542,0.4053183292699055,0.404146923672336,0.48090524459688855,0.26839814,0.3922054925192828,0.021708617466664564,0.7139601864197412,0.5,0.29805508,0.15050885489285148,0.9404670892160693,0.9404670289236926,0.0,0.0,1.0,0.4347826,0.0,0.24183638,0.6077657394971545,1.0,0.0,0.0,1.0,0.0,1.0,0.0,0.0,-1.0,1.56,2020-03-16T10:00:00,EURUSD,H1,5,BUY,-87.68698028263077,34,"hit_tp=False,hit_sl=True,regime=5"
0.35345065444453466,0.38344711932340514,0.4692611423657549,0.4812772941541359,0.41419401900466185,0.3783236785892123,0.5143284318839794,0.5798054461256443,0.5430559414997571,0.46414554981730605,0.46580917,0.46657545318884625,0.13592570724883515,0.2697824370223879,0.5,0.59433097,0.30975576628294077,0.9817657208708046,0.981765599055525,0.0,0.0,1.0,0.5217391,0.0,0.5942042,0.43062968595853784,0.08333333333333331,1.0,0.2000000400000022,0.7999999279999885,0.20000000000000018,0.7999999999999999,0.1999999999999999,0.20000000000000018,-1.0,1.56,2020-03-02T12:00:00,EURUSD,H1,4,SELL,-54.14699903463882,26,"hit_tp=False,hit_sl=True,regime=4"
0.38570787458918887,0.36296126121016953,0.36047588841643197,0.3594834454609527,0.2942703872759274,0.3513404366298683,0.417521214513977,0.3048685362217511,0.3126302259347937,0.4915966870189719,0.2022196,0.20355101583678714,0.3488137185789876,0.8160893971354858,0.5,0.3489867,0.13367142420235742,0.5812995803766572,0.5812995122637012,0.0,0.0,1.0,0.4347826,1.0,0.22239758,0.6240143367898318,1.0,0.0,0.0,1.0,0.0,1.0,0.0,0.0,1.0,2.0,2020-04-05T10:00:00,EURUSD,H1,5,BUY,165.4874661173089,23,"hit_tp=True,hit_sl=False,regime=5"
0.4130089852750157,0.4321554792128429,0.49042722909746944,0.4801593832509694,0.2100626591653815,0.2862508736114684,0.2952555140730717,0.3749530567435754,0.8224958742190944,0.5646071166752693,0.69419736,0.6376094268523177,0.17136305096413315,0.25871813248387066,0.5,0.7831963,0.05893723499306558,0.8121111516941063,0.812111178394622,1.0,0.0,0.0,0.6086956,0.16666667,0.7297169,0.43290428812588955,0.41666666666666663,1.0,1.0,0.0,1.0,0.0,1.0,1.0,-1.0,1.3,2020-01-14T14:00:00,EURUSD,H1,2,SELL,-10.592212280546851,20,"hit_tp=False,hit_sl=True,regime=2"
0.41495807933100004,0.4185762974879223,0.4755858814277873,0.4586439698799387,0.6107870360073181,0.6902101572839756,0.5872312594593775,0.3905658034655815,0.3138709144198483,0.3207069869044219,0.12129894,0.3243876377506021,0.17490941233853305,0.7617927454224138,0.5,0.3541025,0.009571134352105689,0.9624695541601291,0.962469542414362,0.0,1.0,0.0,0.5652174,0.16666667,0.1578834,0.4424291558776652,1.0,0.3333333333333333,0.8000001028571486,0.1999999519999923,0.8000000000000003,0.20000000000000007,0.7999999999999998,0.8000000000000003,-1.0,1.3,2020-02-25T13:00:00,EURUSD,H1,3,BUY,-6.500613078010975,3,"hit_tp=False,hit_sl=True,regime=3"
0.4198871787127141,0.4217627574023988,0.4724936401784808,0.45487664860777494,0.25828281001007897,0.4454706350617131,0.37666378183900634,0.34722936374147934,0.2720056492380244,0.3826797455277383,0.3015145,0.23675501030947774,0.26989637861179366,0.7914497042688126,0.5,0.3165324,0.018743267703548887,0.7778156718732349,0.7778156501771624,1.0,0.0,0.0,0.2173913,0.33333334,0.23826654,0.4794637107501628,1.0,0.41666666666666663,1.0,0.0,1.0,0.0,1.0,1.0,1.0,1.95,2020-03-18T05:00:00,EURUSD,H1,1,BUY,15.888702998780868,7,"hit_tp=True,hit_sl=False,regime=1"
0.4579501756811121,0.47197128587637066,0.5311652586254946,0.5151945282031122,0.7994324488971523,0.5631592030423682,0.5751118579285956,0.4416639777115932,0.8021408466223455,0.7839300133755074,0.9285343,0.6446680875891075,0.6426279408210253,0.9078245135867129,0.5,0.81583875,0.22830807653820673,0.9785747372779214,0.9785746765204875,0.0,0.0,1.0,0.2173913,0.6666667,0.83362234,0.440015024541181,0.08333333333333331,1.0,0.2000000400000022,0.7999999279999885,0.20000000000000018,0.7999999999999999,0.1999999999999999,0.20000000000000018,-1.0,1.3,2020-03-06T05:00:00,EURUSD,H1,4,SELL,-54.73927315262861,4,"hit_tp=False,hit_sl=True,regime=4"
0.41816524874952976,0.42663904717529727,0.48701570100412606,0.4845444307764351,0.11871719917707053,0.08476093526544932,0.3832117737737452,0.291295887072951,0.47858020034851784,0.4241266841067395,0.6344359,0.8838543531780954,0.11059145582116553,0.741711332198961,0.5,0.5146761,0.056378454156630016,0.9612797221404128,0.96127960057514,1.0,0.0,0.0,0.7826087,0.8333333,0.42931753,0.5555012383108946,0.41666666666666663,1.0,1.0,0.0,1.0,0.0,1.0,1.0,1.0,1.95,2020-01-04T18:00:00,EURUSD,H1,2,SELL,17.224968643263505,10,"hit_tp=True,hit_sl=False,regime=2"
0.43484944228521816,0.4781822587689506,0.5940375816075896,0.6319159986454946,0.282486776147637,0.46559473165952187,0.5451555991471451,0.44736014527736023,0.9410263693453523,0.9402730894989665,0.81303316,0.9416308773586254,0.2538168547949139,0.7864293480748988,0.5,1.0,0.4510925746777876,0.2738372075923772,0.2738372176746868,0.0,0.0,1.0,0.5217391,1.0,0.8361827,0.40727671449558606,0.08333333333333331,1.0,0.2000000400000022,0.7999999279999885,0.20000000000000018,0.7999999999999999,0.1999999999999999,0.20000000000000018,1.0,1.5,2020-02-16T12:00:00,EURUSD,H1,4,SELL,77.53576437614207,14,"hit_tp=True,hit_sl=False,regime=4"
0.42263909592586635,0.43440794179261044,0.5044387520890472,0.48345026645015454,0.10165758991349086,0.24341179051747294,0.4189965671623269,0.3513398225076158,0.39260138649634735,0.4535337678508809,0.4355549,0.803451591276934,0.2749489653817447,0.22637638804190388,0.5,0.34453717,0.018462094941895973,0.8976415937263974,0.8976415217528729,1.0,0.0,0.0,0.5652174,0.6666667,0.4361733,0.6145762555104431,1.0,0.41666666666666663,1.0,0.0,1.0,0.0,1.0,1.0,-1.0,1.3,2020-07-10T13:00:00,EURUSD,H1,1,BUY,-11.133066090533994,7,"hit_tp=False,hit_sl=True,regime=1"
0.4146597271459144,0.4144996124694244,0.46796265960198685,0.469201579700467,0.43109193199786666,0.5141176875112085,0.6582071569770621,0.46214886756943396,0.24718635788120288,0.285393783259592,0.26129162,0.37262247875125903,0.1102335729301784,0.2778040548670013,0.5,0.25086346,0.019871646325406573,0.9585008480224243,0.9585007997137481,1.0,0.0,0.0,0.3043478,0.33333334,0.22906108,0.4537802185413345,1.0,0.41666666666666663,1.0,0.0,1.0,0.0,1.0,1.0,-1.0,1.3,2020-03-04T07:00:00,EURUSD,H1,1,BUY,-15.072790801071712,6,"hit_tp=False,hit_sl=True,regime=1"
0.4091586578934438,0.4166470002123182,0.4774982093561826,0.46648600172082955,0.32283527242173543,0.3101444292097505,0.39624554464182715,0.37383944542965597,0.32157132772454694,0.4047035666232833,0.104068525,0.2237779824064613,0.3972589815054372,0.18818860758980405,0.5,0.4494225,0.007197398924310924,0.9003085347666007,0.9003085359832136,0.0,1.0,0.0,0.6086956,0.8333333,0.29849797,0.549057028292411,1.0,0.3333333333333333,0.8000001028571486,0.1999999519999923,0.8000000000000003,0.20000000000000007,0.7999999999999998,0.8000000000000003,-1.0,1.3,2020-05-23T14:00:00,EURUSD,H1,3,BUY,-4.766504734159405,4,"hit_tp=False,hit_sl=True,regime=3"
0.4404441560913194,0.4448777694380645,0.4932921668790839,0.48051661378849814,0.37706109824062917,0.36691019218900256,0.522409264663098,0.41876207337706756,0.7378348479044309,0.6156894139040248,0.8786849,0.5503578642402955,0.17037487238454815,0.7603769941166596,0.5,0.8252019,0.044343064614338394,0.9896353899588194,0.9896353290664036,1.0,0.0,0.0,0.39130434,0.8333333,0.7582149,0.6063763488666933,0.41666666666666663,1.0,1.0,0.0,1.0,0.0,1.0,1.0,1.0,1.95,2020-09-05T09:00:00,EURUSD,H1,2,SELL,23.643000599182784,9,"hit_tp=True,hit_sl=False,regime=2"
0.4136388045046526,0.41443861970486295,0.4684841952703951,0.45975225445143286,0.10850664032643002,0.08308532047246864,0.35870358326848983,0.2970754893408198,0.134219711690547,0.09998564669979952,0.21207514,0.037273642899240414,0.15772821231807194,0.2629752196359626,0.5,0.05611093,0.02405534873965497,0.9063966349099475,0.9063966116447013,1.0,0.0,0.0,0.73913044,0.5,0.21977006,0.5269637918242406,1.0,0.41666666666666663,1.0,0.0,1.0,0.0,1.0,1.0,-1.0,1.56,2020-04-23T17:00:00,EURUSD,H1,1,BUY,-9.754732094005014,23,"hit_tp=False,hit_sl=True,regime=1"
0.4242017559827374,0.42585934199107234,0.4863576327932207,0.4570557791763532,0.40277240352581084,0.38674252503248785,0.3595230336559652,0.3828513371220039,0.5390422795488874,0.5367897576503056,0.3816956,0.4702832102230756,0.39419079940344837,0.8302570761312907,0.5,0.508472,0.022578863384161076,0.8991968435555476,0.8991969180084115,1.0,0.0,0.0,0.08695652,0.8333333,0.39968815,0.5856525148885443,1.0,0.41666666666666663,1.0,0.0,1.0,0.0,1.0,1.0,1.0,1.95,2020-02-15T02:00:00,EURUSD,H1,1,BUY,16.512449799728213,16,"hit_tp=True,hit_sl=False,regime=1"
0.4073935491266356,0.4167427259291502,0.48523877328237164,0.4720066595727247,0.18556165406317057,0.16829099909291093,0.30295727773996195,0.3565412697828282,0.5651588946359393,0.5118608410899349,0.5623801,0.45287199921831045,0.3235390372163982,0.21120554696565863,0.5,0.73632914,0.06570589670169447,0.7656020792020739,0.7656021308777373,1.0,0.0,0.0,0.5652174,1.0,0.6845622,0.55705954811877,0.41666666666666663,1.0,1.0,0.0,1.0,0.0,1.0,1.0,-1.0,1.3,2020-05-24T13:00:00,EURUSD,H1,2,SELL,-10.197428339904224,8,"hit_tp=False,hit_sl=True,regime=2"
0.46725829031755145,0.4406013771268513,0.5221334103988846,0.5495788694541515,0.3947989826689977,0.2962634902093213,0.3087686228800998,0.31291979769968775,0.5956633378458097,0.530393251348827,0.80481786,0.5517433055617855,0.14858827733269303,0.26582890016596933,0.5,0.58400023,0.44509317341212973,0.8569079849203738,0.8569079866666374,0.0,0.0,1.0,0.17391305,0.16666667,0.78087026,0.6318008023220706,0.0,1.0,0.0,1.0,0.0,1.0,0.0,0.0,1.0,1.95,2020-02-25T04:00:00,EURUSD,H1,5,SELL,145.8346868462712,3,"hit_tp=True,hit_sl=False,regime=5"
0.4308112158367747,0.4318359787898553,0.489268080528855,0.4696273154492012,0.1737861076171949,0.24682139493610547,0.5971292303209329,0.5125732417988681,0.40486106461754223,0.4337227532104907,0.4204249,0.36696215117225484,0.24210694325183543,0.2366303714175219,0.5,0.49298623,0.016855979443454253,0.9388889572978603,0.938889080081453,1.0,0.0,0.0,0.39130434,0.0,0.4003105,0.520616409514925,1.0,0.41666666666666663,1.0,0.0,1.0,0.0,1.0,1.0,-1.0,1.56,2020-08-03T09:00:00,EURUSD,H1,1,BUY,-14.561627962992318,29,"hit_tp=False,hit_sl=True,regime=1"
0.4102779782065644,0.41494092554362105,0.4764983182266119,0.4567496967758612,0.25139604714171615,0.3489156965524464,0.36768257029411916,0.4076131056904857,0.5969845139040229,0.5004711982035522,0.41805577,0.514650378618271,0.22571157783989876,0.7776542950009033,0.5,0.41868994,0.04107921403181977,0.871695159708378,0.8716951612741823,1.0,0.0,0.0,1.0,0.0,0.3914228,0.5197901771423005,0.41666666666666663,1.0,1.0,0.0,1.0,0.0,1.0,1.0,-1.0,1.3,2020-09-07T23:00:00,EURUSD,H1,2,SELL,-12.552488036607912,11,"hit_tp=False,hit_sl=True,regime=2"
0.39160325458588385,0.373020215680461,0.4638602547448915,0.4436922320312834,0.3945565297689081,0.30047644651999406,0.36120644320053175,0.3838213610441218,0.6118314806801691,0.3884381751839394,0.48594117,0.44502596273319855,0.48201631535282446,0.857678077289295,0.5,0.28157225,0.8686593986970136,0.6124714780861771,0.6124714828154902,0.0,0.0,1.0,0.5217391,0.16666667,0.56383616,0.7106811109263813,0.0,1.0,0.0,1.0,0.0,1.0,0.0,0.0,-1.0,1.3,2020-01-28T12:00:00,EURUSD,H1,5,SELL,-92.12801666891536,4,"hit_tp=False,hit_sl=True,regime=5"
0.4190731992951516,0.42092709511462034,0.4742800825592565,0.4708441455388303,0.5877061592370181,0.5631319635568175,0.502165826880006,0.47239538010862925,0.42624067064684057,0.5190927608879322,0.36053702,0.4904967372309153,0.7109901405067284,0.9291686518645444,0.5,0.4820365,0.022607296335616468,0.8292361193495106,0.8292361580448178,1.0,0.0,0.0,0.47826087,1.0,0.27132744,0.5690989805377563,1.0,0.41666666666666663,1.0,0.0,1.0,0.0,1.0,1.0,-1.0,1.56,2020-08-02T11:00:00,EURUSD,H1,1,BUY,-13.168334942361692,78,"hit_tp=False,hit_sl=True,regime=1"
0.38418355968038825,0.29427036884637475,0.3583067594032459,0.3191277138558786,0.6201177880404078,0.7501609211646385,0.7308707292332624,0.6228073230318919,0.3149115372938135,0.2316013724475222,0.17278418,0.19314670550538424,0.5559335623574169,0.8807566632613468,0.5,0.21619183,0.09167638224013498,0.7652890400199682,0.7652890794956714,0.0,0.0,1.0,0.5217391,0.8333333,0.14354311,0.5252578297172688,1.0,0.08333333333333331,0.2000000400000022,0.7999999279999885,0.20000000000000018,0.7999999999999999,0.1999999999999999,0.20000000000000018,1.0,2.0,2020-01-11T12:00:00,EURUSD,H1,4,BUY,97.36591892691492,27,"hit_tp=True,hit_sl=False,regime=4"
0.45881245961628414,0.48822108822581906,0.5322812348792622,0.4614631675461605,0.4643638830535171,0.42925874057047714,0.39976723439400924,0.37348591541250864,0.5465923527632203,0.49397806605223915,0.71962357,0.49302276627186914,0.2216348671360924,0.7763814386648685,0.5,0.68337864,0.3128428285393007,0.6180253455198498,0.6180253257738234,0.0,0.0,1.0,0.08695652,0.16666667,0.7265928,0.28607467866941744,0.08333333333333331,1.0,0.2000000400000022,0.7999999279999885,0.20000000000000018,0.7999999999999999,0.1999999999999999,0.20000000000000018,1.0,1.95,2020-01-21T02:00:00,EURUSD,H1,4,SELL,65.6829925932012,4,"hit_tp=True,hit_sl=False,regime=4"
0.4197083074374858,0.42982962448990814,0.48687608774566443,0.47476726363503224,0.06505651115669495,0.19675130885964662,0.49504721817891845,0.412075671184723,0.48520559525280654,0.6019403556816517,0.7941489,0.6532330949885703,0.19130685900274344,0.7669123927974374,0.5,0.5066151,0.011560730880924859,0.9592557250895296,0.9592557255867641,0.0,1.0,0.0,0.65217394,0.33333334,0.45581266,0.43540957670275426,1.0,0.3333333333333333,0.8000001028571486,0.1999999519999923,0.8000000000000003,0.20000000000000007,0.7999999999999998,0.8000000000000003,1.0,2.0,2020-04-22T15:00:00,EURUSD,H1,3,BUY,9.638149099997497,23,"hit_tp=True,hit_sl=False,regime=3"
0.44087712475164414,0.49944892593841606,0.5751799857820669,0.5725142164928003,0.36984902731695796,0.46690402505591033,0.3928637422205023,0.4374070699935724,0.724646255822309,0.6745508009384219,0.97406155,0.8521091952491093,0.24396527028205775,0.2360501822596776,0.5,0.69638705,0.24702332938796967,0.5709552652229992,0.5709553436816511,0.0,0.0,1.0,0.3478261,1.0,0.9472086,0.5699303278618935,0.08333333333333331,1.0,0.2000000400000022,0.7999999279999885,0.20000000000000018,0.7999999999999999,0.1999999999999999,0.20000000000000018,1.0,1.95,2020-04-19T08:00:00,EURUSD,H1,4,SELL,71.13610103895995,10,"hit_tp=True,hit_sl=False,regime=4"
0.4275952577782064,0.43159815983459354,0.4878470579989007,0.46268953155404874,0.294695887723322,0.21577021104371077,0.3127629770134542,0.4158445106157325,0.3243906177776045,0.3765408440783434,0.33893386,0.5180844554582222,0.2405911903458754,0.7823000132653942,0.5,0.44116017,0.018432538901562715,0.8804941100953593,0.8804941115537829,1.0,0.0,0.0,0.5217391,1.0,0.30091327,0.49867017549545384,1.0,0.41666666666666663,1.0,0.0,1.0,0.0,1.0,1.0,1.0,2.0,2020-03-01T12:00:00,EURUSD,H1,1,BUY,20.78385669418648,54,"hit_tp=True,hit_sl=False,regime=1"
0.40490078120143425,0.4078664756292258,0.46168717208665233,0.4570113473315929,0.1853806074355322,0.22819550158902255,0.4657771040895764,0.4384434042032647,0.4708313577343294,0.44308755467464744,0.26880953,0.07538150526636533,0.49726426326120754,0.1569648131115281,0.5,0.50220126,0.016545651645641667,0.9138260526044704,0.9138261756939253,1.0,0.0,0.0,0.65217394,0.0,0.45065698,0.5994056028046872,1.0,0.41666666666666663,1.0,0.0,1.0,0.0,1.0,1.0,-1.0,1.56,2020-07-06T15:00:00,EURUSD,H1,1,BUY,-11.831658853629357,42,"hit_tp=False,hit_sl=True,regime=1"
0.4141161428589838,0.41666694075733457,0.47710020417337834,0.4605064462157147,0.6939486613548512,0.5578465885422869,0.6243755098814157,0.4708578084427484,0.1397161576419822,0.2584494691862184,0.15035675,0.33514186355684766,0.12791778850018393,0.2722826825355731,0.5,0.1750366,0.018511724752213608,0.876274164721679,0.876274166231602,1.0,0.0,0.0,0.7826087,0.0,0.22230169,0.4655239585481814,1.0,0.41666666666666663,1.0,0.0,1.0,0.0,1.0,1.0,1.0,1.95,2020-08-10T18:00:00,EURUSD,H1,1,BUY,22.710145694837536,12,"hit_tp=True,hit_sl=False,regime=1"
0.381686314941936,0.3628463080084983,0.40944128800612556,0.41397022743937234,0.10840555728107763,0.11292509646200562,0.3268551410524458,0.3936572621844123,0.23621665489111662,0.34121795622125695,0.1299589,0.06362583431367161,0.2991343655542944,0.21882520118536228,0.5,0.3090577,0.0,0.18642782386854262,0.18642783379719904,0.0,0.0,1.0,0.7826087,0.16666667,0.16761047,0.7533368717338074,1.0,0.08333333333333331,0.2000000400000022,0.7999999279999885,0.20000000000000018,0.7999999999999999,0.1999999999999999,0.20000000000000018,1.0,1.7999999999999998,2020-05-26T18:00:00,EURUSD,H1,4,BUY,67.38807090582056,21,"hit_tp=True,hit_sl=False,regime=4"
0.4202423723895818,0.43144966717491795,0.490505307258456,0.4588393593629541,0.41247930405476246,0.390885576652969,0.5682369903541352,0.42548739877933495,0.16056642978759847,0.3010285714780052,0.29235494,0.39825367063823236,0.06678109545834686,0.29137086279669655,0.5,0.2047392,0.015819195395289403,0.77249825269317,0.7724981944506482,1.0,0.0,0.0,0.39130434,0.8333333,0.27206516,0.5076466114379079,1.0,0.41666666666666663,1.0,0.0,1.0,0.0,1.0,1.0,-1.0,1.56,2020-08-01T09:00:00,EURUSD,H1,1,BUY,-12.6954462184381,22,"hit_tp=False,hit_sl=True,regime=1"
0.41939846211587944,0.4213723344274432,0.4712480656735736,0.45318503090940293,0.43296691573276896,0.34626190505107124,0.5193986811910002,0.5427022183795083,0.13539865153020358,0.24297063763665053,0.2731405,0.3809177516089369,0.2921278991497298,0.7983908625127434,0.5,0.22345147,0.021017805185889457,0.8578054143513705,0.8578054526980242,1.0,0.0,0.0,0.39130434,0.6666667,0.21327463,0.5733584983357647,1.0,0.41666666666666663,1.0,0.0,1.0,0.0,1.0,1.0,-1.0,1.3,2020-11-13T09:00:00,EURUSD,H1,1,BUY,-15.30198196539656,19,"hit_tp=False,hit_sl=True,regime=1"
0.46124222646656876,0.41228836780427514,0.44464943982359384,0.44129626682450096,0.42521587757573115,0.6627754843368227,0.5283445026567838,0.40886468614997057,0.30862236121212,0.33994045723371363,0.28571033,0.43094238723865547,0.16909286723395747,0.2594269409771054,0.5,0.21909681,0.08187209121828579,0.7848837600249025,0.7848838114652569,0.0,0.0,1.0,1.0,0.6666667,0.29704684,0.5307181452716246,1.0,0.08333333333333331,0.2000000400000022,0.7999999279999885,0.20000000000000018,0.7999999999999999,0.1999999999999999,0.20000000000000018,1.0,2.0,2020-05-01T23:00:00,EURUSD,H1,4,BUY,75.58391777630513,43,"hit_tp=True,hit_sl=False,regime=4"
0.41813827405573795,0.4191057095714387,0.47515923026238754,0.4720253571395005,0.11384145817947959,0.23934372240267085,0.4400386073590222,0.40577285288139064,0.41274388648266286,0.5540429147095086,0.3884048,0.18921370141480862,0.30674495011885805,0.8029546583326921,0.5,0.3737638,0.010582180446334277,0.9529491772693013,0.9529491778434993,0.0,1.0,0.0,0.8695652,0.16666667,0.3223431,0.48573007138900093,1.0,0.3333333333333333,0.8000001028571486,0.1999999519999923,0.8000000000000003,0.20000000000000007,0.7999999999999998,0.8000000000000003,-1.0,1.3,2020-01-28T20:00:00,EURUSD,H1,3,BUY,-5.267858442281614,1,"hit_tp=False,hit_sl=True,regime=3"
0.21746440745840065,0.0755855541452157,0.10521365758464515,0.2348281196372775,0.3435435586973628,0.41225360450001974,0.6740817676287406,0.44911335272477265,0.22013349044049008,0.2096917193232692,0.038976148,0.07839169325452376,0.06807660562369171,0.2909663658892847,0.5,0.31122535,0.0,0.17346589535680185,0.17346590544364285,0.0,0.0,1.0,0.82608694,0.8333333,0.01747064,0.43390222774376114,1.0,0.0,0.0,1.0,0.0,1.0,0.0,0.0,-1.0,1.2,2020-05-02T19:00:00,EURUSD,H1,5,BUY,-155.06419585916697,40,"hit_tp=False,hit_sl=True,regime=5"
0.40980155850875605,0.4168657849664517,0.48485211647554477,0.47394937294353123,0.34437731996112214,0.37156035249503117,0.3890025099379479,0.3986444969671396,0.5891422318107238,0.5537919422211541,0.61980236,0.4893941251488164,0.07304159479794238,0.28941619893049936,0.5,0.65455955,0.057606929056448264,0.9217957316763983,0.9217957326307861,1.0,0.0,0.0,0.95652175,0.16666667,0.67442816,0.5787385888104525,0.41666666666666663,1.0,1.0,0.0,1.0,0.0,1.0,1.0,-1.0,1.56,2020-01-28T22:00:00,EURUSD,H1,2,SELL,-11.73453190701057,43,"hit_tp=False,hit_sl=True,regime=2"
0.4137028515027663,0.4232516468376189,0.4796130821483604,0.4760927387346837,0.2672920484147891,0.19611817615004018,0.24519094326510707,0.39729903935854916,0.3959172173095061,0.5734339277076679,0.572095,0.6972887394119747,0.43923645236582415,0.8443213051530598,0.5,0.3472265,0.011286711516303961,0.9454022981842763,0.9454023598694783,0.0,1.0,0.0,0.0,1.0,0.36902744,0.5676823171535328,1.0,0.3333333333333333,0.8000001028571486,0.1999999519999923,0.8000000000000003,0.20000000000000007,0.7999999999999998,0.8000000000000003,1.0,1.95,2020-01-12T00:00:00,EURUSD,H1,3,BUY,8.173960882964515,11,"hit_tp=True,hit_sl=False,regime=3"
0.42397454567390314,0.44322035182141,0.49936350335302604,0.47520908102174947,0.3468252133593452,0.27431392221620576,0.40842397866299956,0.3855648451800485,0.430471759274225,0.5269634061493979,0.57839835,0.6816595433050053,0.1414585545434709,0.2680549460645568,0.5,0.3571894,0.012205532194444521,0.9053906772560174,0.9053906051879249,0.0,1.0,0.0,0.82608694,0.5,0.5494148,0.6000737433460298,1.0,0.3333333333333333,0.8000001028571486,0.1999999519999923,0.8000000000000003,0.20000000000000007,0.7999999999999998,0.8000000000000003,-1.0,1.56,2020-04-30T19:00:00,EURUSD,H1,3,BUY,-5.987994429499377,33,"hit_tp=False,hit_sl=True,regime=3"
0.42774870350836874,0.4294998921104691,0.4927877840736783,0.48209742977062325,0.30711241170347187,0.33532748344219393,0.32374118178045186,0.3258314863973082,0.4660168617813922,0.5213499272831007,0.6540111,0.39091404698610993,0.0768863152482994,0.2882157922328974,0.5,0.5073345,0.013012190434479706,0.9294050331003758,0.9294050339619014,1.0,0.0,0.0,0.9130435,1.0,0.741159,0.6535748155048519,1.0,0.41666666666666663,1.0,0.0,1.0,0.0,1.0,1.0,-1.0,1.3,2020-03-22T21:00:00,EURUSD,H1,1,BUY,-10.4685420703321,15,"hit_tp=False,hit_sl=True,regime=1"
0.4166515414029822,0.43273973195793686,0.4893149905646372,0.46648561895889096,0.49723106270148976,0.7839004388128126,0.6302601722347825,0.4850598060439071,0.4337565014305437,0.5201013848111135,0.3666121,0.5963809083702876,0.21819871963210116,0.24409504486869701,0.5,0.51850194,0.013991896296994408,0.9826614783838273,0.9826615030029845,0.0,1.0,0.0,0.95652175,0.33333334,0.4294345,0.5447829622306739,1.0,0.3333333333333333,0.8000001028571486,0.1999999519999923,0.8000000000000003,0.20000000000000007,0.7999999999999998,0.8000000000000003,-1.0,1.56,2020-01-08T22:00:00,EURUSD,H1,3,BUY,-7.188573661127684,55,"hit_tp=False,hit_sl=True,regime=3"
0.3900982350041625,0.34859184980706404,0.415927167514422,0.41905270300254593,0.3455136349193473,0.19623508354257158,0.2345006942430453,0.3120330436777819,0.17997056907076897,0.31305242213082324,0.18598771,0.29683467980888517,0.03708097801096852,0.7187597800224965,0.5,0.07317272,0.07264803891403634,0.8485212538423146,0.8485213045060508,0.0,0.0,1.0,0.04347826,0.0,0.2105275,0.529322643951139,1.0,0.08333333333333331,0.2000000400000022,0.7999999279999885,0.20000000000000018,0.7999999999999999,0.1999999999999999,0.20000000000000018,-1.0,1.3,2020-04-20T01:00:00,EURUSD,H1,4,BUY,-28.111881790184867,1,"hit_tp=False,hit_sl=True,regime=4"
0.41698753574264197,0.424988295887716,0.48486683207645387,0.4647111464091025,0.5223425313129593,0.9604880300047587,0.8239393570312045,0.5371087973009047,0.3414305188019439,0.4369656666800356,0.22863923,0.4219946616904084,0.5887812269934904,0.1283912429267741,0.5,0.46876895,0.011606533365117995,0.9590939639746098,0.9590939034549147,0.0,1.0,0.0,0.3478261,0.0,0.31113103,0.37780281262379256,1.0,0.3333333333333333,0.8000001028571486,0.1999999519999923,0.8000000000000003,0.20000000000000007,0.7999999999999998,0.8000000000000003,-1.0,1.56,2020-02-10T08:00:00,EURUSD,H1,3,BUY,-8.245416289995866,23,"hit_tp=False,hit_sl=True,regime=3"
0.4050745848203533,0.414696486458011,0.4724734514223822,0.4573907522382365,0.12779721401462193,0.10783189625462596,0.3540559190826524,0.26413268529734557,0.33173448113547105,0.2706978589936883,0.093862385,0.10766591927454458,0.32576602339938054,0.8088934146311118,0.5,0.35978112,0.00931903254509218,0.9917145236914986,0.9917144627737094,0.0,1.0,0.0,0.47826087,0.8333333,0.21837129,0.4943723270054745,1.0,0.3333333333333333,0.8000001028571486,0.1999999519999923,0.8000000000000003,0.20000000000000007,0.7999999999999998,0.8000000000000003,-1.0,1.3,2020-01-18T11:00:00,EURUSD,H1,3,BUY,-4.749941077273334,3,"hit_tp=False,hit_sl=True,regime=3"
0.4048783227930331,0.41479195995918966,0.47423610626212553,0.46344724551466254,0.3078963573879707,0.32275295143059346,0.303638329937571,0.3517095780198926,0.37099425967312966,0.3644042432421321,0.0,0.34231585094877576,0.7817268177865483,0.06814955051708296,0.5,0.25752923,0.016316061741707112,0.8879407351208545,0.8879407364884011,1.0,0.0,0.0,0.8695652,0.16666667,0.2685376,0.5303230991189349,1.0,0.41666666666666663,1.0,0.0,1.0,0.0,1.0,1.0,1.0,1.95,2020-01-28T20:00:00,EURUSD,H1,1,BUY,16.35791795740138,9,"hit_tp=True,hit_sl=False,regime=1"
0.4197765165337642,0.4278820499866285,0.48812219297716186,0.4705258602420547,0.18506901300037767,0.041052191769132815,0.0,0.0,0.12358577844199842,0.4683173786937671,0.0,0.30887019793970255,0.048686318189802597,0.2970204189454782,0.5,0.5431562,0.017710426940088682,0.47608113263875673,0.47608120005145116,0.0,0.0,1.0,0.04347826,0.33333334,0.38522583,0.43504392055834645,1.0,0.0,0.0,1.0,0.0,1.0,0.0,0.0,-1.0,1.3,2020-01-01T01:00:00,EURUSD,H1,5,BUY,-25.159401487304667,5,"hit_tp=False,hit_sl=True,regime=5"
0.4183928063423905,0.4218671319776114,0.487187381525601,0.4804295319082346,0.3098190825780889,0.33525805193356967,0.5078637950758152,0.40617153861628513,0.6992004351520328,0.6858126026108975,0.69479334,0.605669866929279,0.028080486927931993,0.3034540080649854,0.5,0.86058414,0.05887759024210858,0.7843950962328528,0.7843950744564863,1.0,0.0,0.0,0.2173913,0.0,0.7694808,0.5396402767800886,0.41666666666666663,1.0,1.0,0.0,1.0,0.0,1.0,1.0,1.0,2.0,2020-02-10T05:00:00,EURUSD,H1,2,SELL,24.002668251641435,93,"hit_tp=True,hit_sl=False,regime=2"
0.4134629686900617,0.4064416710408533,0.4552201837049633,0.46021011769051356,0.2055851133821739,0.24466625794294403,0.5062736866488858,0.38260792473108174,0.48642792244644445,0.4479026267116094,0.08660662,0.06690427595604664,0.7357479313046148,0.08250512608772798,0.5,0.38565296,0.018876382147737698,0.9773913244469224,0.9773912759077114,1.0,0.0,0.0,0.39130434,0.0,0.39752212,0.4871941633707547,1.0,0.41666666666666663,1.0,0.0,1.0,0.0,1.0,1.0,-1.0,1.3,2020-09-14T09:00:00,EURUSD,H1,1,BUY,-12.146284609753089,17,"hit_tp=False,hit_sl=True,regime=1"
0.4060623830792744,0.40896379329208227,0.4693293699195754,0.4678830247269325,0.3071942908003168,0.3696169800259019,0.5585611588826112,0.4218190885009744,0.2562630004992017,0.35554556802747,0.15398397,0.26436092519635535,0.04897690725727122,0.29692969949867715,0.5,0.3352717,0.010224528843195356,0.9192361961112921,0.919236111670451,0.0,1.0,0.0,0.8695652,0.16666667,0.19690472,0.5307569266662903,1.0,0.3333333333333333,0.8000001028571486,0.1999999519999923,0.8000000000000003,0.20000000000000007,0.7999999999999998,0.8000000000000003,-1.0,1.3,2020-01-14T20:00:00,EURUSD,H1,3,BUY,-7.57129281084401,16,"hit_tp=False,hit_sl=True,regime=3"
0.41790612902143226,0.4227438941251253,0.48445014796833047,0.4659303068897398,0.07190382906602037,0.40526105348197744,0.4233300225990934,0.41076787829889844,0.33266718166622317,0.34950547918551605,0.22731672,0.4348118653097824,0.2293490055637886,0.24061369274022276,0.5,0.42084587,0.010261805368836063,0.8802906730689002,0.8802905768995611,0.0,1.0,0.0,0.6086956,0.0,0.2843647,0.42084123050053135,1.0,0.3333333333333333,0.8000001028571486,0.1999999519999923,0.8000000000000003,0.20000000000000007,0.7999999999999998,0.8000000000000003,-1.0,1.3,2020-01-06T14:00:00,EURUSD,H1,3,BUY,-5.6147929402672325,4,"hit_tp=False,hit_sl=True,regime=3"
0.41129809441254345,0.3743888602500327,0.4782029998233443,0.40189616069719936,0.7152659592529059,0.6895799583000857,0.5363598132323046,0.4230274609014072,0.34480022913560776,0.30804510766693316,0.2011559,0.3428765697546422,0.23457979377842472,0.23898050241199018,0.5,0.26801923,0.15545502655035698,0.8720399409244258,0.8720399424860225,0.0,0.0,1.0,0.3478261,0.33333334,0.2572927,0.5215748340360696,1.0,0.0,0.0,1.0,0.0,1.0,0.0,0.0,-1.0,1.56,2020-04-22T08:00:00,EURUSD,H1,5,BUY,-113.8434297483637,55,"hit_tp=False,hit_sl=True,regime=5"
0.4234069173667927,0.42730344409697996,0.4857352828987905,0.47477520070194346,0.20053901359613935,0.17654987862104163,0.41548263565086263,0.3546261070239202,0.4795328441607754,0.5607081999541358,0.49528086,0.6493164516627034,0.3185511542671361,0.8066407928905065,0.5,0.38919598,0.013203903230485927,0.9120447277354192,0.9120446677899029,0.0,1.0,0.0,0.13043478,0.6666667,0.3813479,0.6172834588945622,1.0,0.3333333333333333,0.8000001028571486,0.1999999519999923,0.8000000000000003,0.20000000000000007,0.7999999999999998,0.8000000000000003,1.0,1.95,2020-06-12T03:00:00,EURUSD,H1,3,BUY,9.773813930069595,7,"hit_tp=True,hit_sl=False,regime=3"
0.4187281143801359,0.422584324059274,0.483338421577723,0.4681958173898894,0.31080847634957487,0.2171939039703245,0.3667336565627225,0.2732359970924453,0.396822258529675,0.42496399599722434,0.24435395,0.27904402686550356,0.39988251562164834,0.1873694651650205,0.5,0.4039983,0.00879252422887544,0.9176136180232953,0.9176137410665275,0.0,1.0,0.0,0.7826087,0.8333333,0.3544713,0.49916403035287693,1.0,0.3333333333333333,0.8000001028571486,0.1999999519999923,0.8000000000000003,0.20000000000000007,0.7999999999999998,0.8000000000000003,-1.0,1.3,2020-07-11T18:00:00,EURUSD,H1,3,BUY,-4.813452988259304,7,"hit_tp=False,hit_sl=True,regime=3"
0.4213439918376572,0.4545123306682056,0.5428911801564961,0.5511615140421133,0.2487161568687345,0.2995474018309919,0.358210383449209,0.3819797298919503,0.6114437910445587,0.617493729232261,1.0,0.8681793307010367,0.16418481187190692,0.758444310626297,0.5,0.39436406,0.5612446790719248,0.6065235017543361,0.6065235065562372,0.0,0.0,1.0,0.26086956,0.16666667,0.53019947,0.6173473957884705,0.0,1.0,0.0,1.0,0.0,1.0,0.0,0.0,-1.0,1.3,2020-04-07T06:00:00,EURUSD,H1,5,SELL,-101.047023117129,14,"hit_tp=False,hit_sl=True,regime=5"
0.43174708787652355,0.44233305878557555,0.49725972042353705,0.49316082410061074,0.1845083772711094,0.16744252145208063,0.380932799755119,0.3830851310753702,0.6154627092850781,0.7834776909752491,0.86258006,0.9064134438048816,0.5206760388385724,0.8697485116690935,0.5,0.5594707,0.06358794326437725,0.7946729251885414,0.7946728544716238,1.0,0.0,0.0,1.0,1.0,0.72967553,0.5266746083975303,0.41666666666666663,1.0,1.0,0.0,1.0,0.0,1.0,1.0,1.0,1.95,2020-10-04T23:00:00,EURUSD,H1,2,SELL,20.262657736278555,10,"hit_tp=True,hit_sl=False,regime=2"
0.4115101130807768,0.4118545536156771,0.4744603638595384,0.4560123622668195,0.3898294302609403,0.3183748232075369,0.38305201284521984,0.3766808247720313,0.4122292395908366,0.3909830323710055,0.17140134,0.2660243473719105,0.2306607957469194,0.7791995176169877,0.5,0.5535194,0.009596812940792749,0.8903575718766995,0.8903576708449972,0.0,1.0,0.0,0.5652174,0.0,0.119685285,0.4682107650149978,1.0,0.3333333333333333,0.8000001028571486,0.1999999519999923,0.8000000000000003,0.20000000000000007,0.7999999999999998,0.8000000000000003,1.0,1.95,2020-05-04T13:00:00,EURUSD,H1,3,BUY,8.417814805212753,5,"hit_tp=True,hit_sl=False,regime=3"
0.42229174162833094,0.4307488656580587,0.4927566840017994,0.49556777798318463,0.4577895930728454,0.43117361173654317,0.5082466697705759,0.37444642577100035,0.8185584641905004,0.7710389571348172,0.872253,0.6855897783386897,0.493007686110897,0.8611098323464652,0.5,0.79744256,0.044344432094008686,0.8600459430855445,0.8600459692010748,1.0,0.0,0.0,0.95652175,0.8333333,0.8736891,0.48537930939643636,0.41666666666666663,1.0,1.0,0.0,1.0,0.0,1.0,1.0,1.0,2.0,2020-04-18T22:00:00,EURUSD,H1,2,SELL,21.26032464661698,27,"hit_tp=True,hit_sl=False,regime=2"
0.3415749443885345,0.315263151038389,0.33760034533563177,0.329464291765164,0.18406644244084336,0.2893748183179941,0.3643394487696432,0.3998957328408554,0.2685235563697361,0.22601785936952232,0.004836794,0.03748627705359327,0.4909127900722231,0.8604557466368159,0.5,0.32304087,0.008989013733006986,0.33308076795317415,0.3330807150732068,0.0,0.0,1.0,0.6956522,0.16666667,0.13568613,0.4582068107801461,1.0,0.08333333333333331,0.2000000400000022,0.7999999279999885,0.20000000000000018,0.7999999999999999,0.1999999999999999,0.20000000000000018,-1.0,1.3,2020-04-07T16:00:00,EURUSD,H1,4,BUY,-41.070316254929736,8,"hit_tp=False,hit_sl=True,regime=4"
0.40980312889809506,0.40365121582147323,0.47027598720841696,0.46588235599463595,0.3463677225987442,0.2961104475177762,0.6535331846337196,0.4263704672317099,0.620003327031303,0.5057573843380047,0.39841083,0.29683914275772083,0.5350043044922027,0.8742221021152556,0.5,0.5658376,0.05281157516102535,0.9036566420376877,0.9036566188058796,1.0,0.0,0.0,0.9130435,0.33333334,0.48607194,0.4143322450714979,0.41666666666666663,1.0,1.0,0.0,1.0,0.0,1.0,1.0,-1.0,1.56,2020-05-13T21:00:00,EURUSD,H1,2,SELL,-14.189668669672972,34,"hit_tp=False,hit_sl=True,regime=2"
0.40258021889301576,0.40630527869242,0.4692712029405112,0.4664456693612976,0.4857389148043911,0.39027999888329146,0.30488442841115554,0.3527426311737831,0.30397478052312304,0.36389713175019944,0.030247552,0.2548549050349048,0.0763809871962285,0.2883735491112261,0.5,0.26436302,0.02480725235451356,0.9917508543470337,0.9917508300401432,1.0,0.0,0.0,0.9130435,0.6666667,0.30661377,0.638592336414889,1.0,0.41666666666666663,1.0,0.0,1.0,0.0,1.0,1.0,-1.0,1.3,2020-06-05T21:00:00,EURUSD,H1,1,BUY,-9.901887752994387,10,"hit_tp=False,hit_sl=True,regime=1"
0.4066081967455699,0.4224259511329805,0.4893152660540289,0.49118643053348615,0.3062523578672641,0.2694745681468995,0.3202019900255131,0.29753323408014687,0.7083760899368093,0.651204400006219,0.7091556,0.5697195563183353,0.10268621218468685,0.2801604991401753,0.5,0.6712908,0.06356164007011104,0.9277098425164322,0.9277097823797422,1.0,0.0,0.0,0.2173913,0.33333334,0.7934096,0.45006623967023485,0.41666666666666663,1.0,1.0,0.0,1.0,0.0,1.0,1.0,-1.0,1.3,2020-04-01T05:00:00,EURUSD,H1,2,SELL,-10.17944616942268,9,"hit_tp=False,hit_sl=True,regime=2"
0.4388214015604488,0.48705309304380734,0.5392411482391887,0.5882148962373676,0.752282851077735,0.8925127691989083,0.7910692170197784,0.6293090122699877,0.8191488322724436,0.8088520812994185,0.8656439,0.7196572925526772,0.3749919409286955,0.8242628114995106,0.5,0.79966074,0.3848350200455888,0.4297881402901246,0.42978811063752304,0.0,0.0,1.0,0.3478261,0.6666667,0.8492155,0.5052395655670436,0.08333333333333331,1.0,0.2000000400000022,0.7999999279999885,0.20000000000000018,0.7999999999999999,0.1999999999999999,0.20000000000000018,-1.0,1.3,2020-01-03T08:00:00,EURUSD,H1,4,SELL,-61.106473955823134,4,"hit_tp=False,hit_sl=True,regime=4"
0.41724116631216085,0.43016836806938724,0.4879739579431342,0.4760295712173614,0.1055576507597498,0.2728038894263004,0.3988002487416989,0.49187211687989724,0.37743176518681804,0.48577834981647944,0.36662474,0.626349609801391,0.16441499837338572,0.26088745706782757,0.5,0.36760387,0.010832708265767824,0.9813629961033694,0.9813628742930045,0.0,1.0,0.0,0.3043478,0.0,0.41758996,0.6018660726670679,1.0,0.3333333333333333,0.8000001028571486,0.1999999519999923,0.8000000000000003,0.20000000000000007,0.7999999999999998,0.8000000000000003,-1.0,1.3,2020-03-30T07:00:00,EURUSD,H1,3,BUY,-5.396428419126576,15,"hit_tp=False,hit_sl=True,regime=3"
0.43996388104520245,0.41809752443071824,0.5077968694904448,0.4836652187385512,0.19420454115794755,0.44818190235078176,0.5905046119707632,0.49803879384043953,0.7416200908992663,0.5505777449641317,0.99392706,0.5927720766542256,0.054157190416730595,0.724091335225407,0.5,0.5874334,0.2228871053134901,0.8617324811888786,0.8617325072838266,0.0,0.0,1.0,0.95652175,0.5,0.65517896,0.5628416758786454,0.08333333333333331,1.0,0.2000000400000022,0.7999999279999885,0.20000000000000018,0.7999999999999999,0.1999999999999999,0.20000000000000018,-1.0,1.56,2020-05-28T22:00:00,EURUSD,H1,4,SELL,-48.7639501836612,80,"hit_tp=False,hit_sl=True,regime=4"
0.40121145572118044,0.4206481738231756,0.4756868590115729,0.47500138587349167,0.35912927101335634,0.41927300068564005,0.44828377879637876,0.45455368782993855,0.6577905381624529,0.598410928905074,0.6476829,0.46231166344502783,0.5186997741795033,0.1502722005059426,0.5,0.7896883,0.05350716494669139,0.9648686100073027,0.9648687324738454,1.0,0.0,0.0,0.2173913,1.0,0.6841148,0.48550860866254353,0.41666666666666663,1.0,1.0,0.0,1.0,0.0,1.0,1.0,1.0,2.0,2020-03-01T05:00:00,EURUSD,H1,2,SELL,23.19962902808781,61,"hit_tp=True,hit_sl=False,regime=2"
0.39941786382303,0.4123988500141584,0.45860166111764017,0.4552630533389117,0.30085453544617596,0.5137202465402146,0.5607180784933571,0.4869580391541573,0.32933455113896115,0.34563104934351263,0.08713174,0.23870208331273232,0.0763809871962285,0.7310301079395065,0.5,0.3366527,0.01398062475341477,0.9052479540391944,0.9052480406219927,1.0,0.0,0.0,0.8695652,0.5,0.1383113,0.4844246477187201,1.0,0.41666666666666663,1.0,0.0,1.0,0.0,1.0,1.0,-1.0,1.56,2020-07-23T20:00:00,EURUSD,H1,1,BUY,-14.511908522434336,24,"hit_tp=False,hit_sl=True,regime=1"
0.40932559282905573,0.412840445014849,0.46442591636818137,0.4556131572948258,0.5606795420885583,0.46805742089863167,0.5472432645095877,0.4505859025542158,0.33306314868223325,0.43496471137935555,0.20710371,0.4013477722075657,0.3679172094495513,0.8220539726066548,0.5,0.31909105,0.018769280539378333,0.8528810545443225,0.8528809831170457,1.0,0.0,0.0,0.13043478,0.5,0.24223536,0.5725711836167601,1.0,0.41666666666666663,1.0,0.0,1.0,0.0,1.0,1.0,-1.0,1.56,2020-02-20T03:00:00,EURUSD,H1,1,BUY,-12.819557453442876,38,"hit_tp=False,hit_sl=True,regime=1"
0.41388008578163266,0.4188778231787719,0.4863093339930783,0.46636677858651965,0.2959322486648772,0.3899499074220263,0.5505944384260884,0.4003745572400597,0.3381581569938678,0.4685746230913001,0.31983268,0.46699671498666545,0.786862562147349,0.9528575984595091,0.5,0.305426,0.01020427697746338,0.9441574515205722,0.944157354571817,0.0,1.0,0.0,0.5217391,0.0,0.30077368,0.6377405397661592,1.0,0.3333333333333333,0.8000001028571486,0.1999999519999923,0.8000000000000003,0.20000000000000007,0.7999999999999998,0.8000000000000003,-1.0,1.3,2020-05-18T12:00:00,EURUSD,H1,3,BUY,-6.055631187620314,9,"hit_tp=False,hit_sl=True,regime=3"
0.40356106138211545,0.4024739204933332,0.46198142007216597,0.4534117426407824,0.20685480671719958,0.28781142642002966,0.38839310196801013,0.3420064322926606,0.28007878961401045,0.23472776297604553,0.14799133,0.06952544695172312,0.42703291403345855,0.17889255711111485,0.5,0.28043157,0.02318815411495884,0.9877589122106258,0.9877588757486716,1.0,0.0,0.0,0.9130435,1.0,0.112152934,0.4655906835099225,1.0,0.41666666666666663,1.0,0.0,1.0,0.0,1.0,1.0,-1.0,1.56,2020-10-18T21:00:00,EURUSD,H1,1,BUY,-9.80100530765915,40,"hit_tp=False,hit_sl=True,regime=1"
0.41441068210618526,0.4358828499591769,0.5098847931657663,0.49712190811755097,0.40095395797221967,0.4012669594188446,0.46500124324888287,0.4148227988282436,0.7632349745771125,0.8294981970423839,0.90039235,0.7914727323101978,0.11652038854852446,0.7435624744674663,0.5,0.726595,0.06738151666431054,0.8667756325985392,0.8667755976130381,1.0,0.0,0.0,0.17391305,0.8333333,0.8277155,0.6348536317843254,0.41666666666666663,1.0,1.0,0.0,1.0,0.0,1.0,1.0,-1.0,1.3,2020-02-01T04:00:00,EURUSD,H1,2,SELL,-12.010056369551323,17,"hit_tp=False,hit_sl=True,regime=2"
0.42051367573343484,0.4377690981855459,0.486812569422396,0.48314942605306105,0.3476670393054193,0.29990982736601424,0.34806129929389895,0.4334520044273279,0.5351877351817786,0.4823641964051483,0.6632348,0.7075926739668386,0.1609874533787928,0.7574460039365979,0.5,0.45296517,0.06277540162785519,0.8701928498804743,0.8701929246872966,1.0,0.0,0.0,0.5652174,0.5,0.52445966,0.46211623739890295,0.41666666666666663,1.0,1.0,0.0,1.0,0.0,1.0,1.0,1.0,2.0,2020-09-03T13:00:00,EURUSD,H1,2,SELL,21.689271771581087,24,"hit_tp=True,hit_sl=False,regime=2"
0.4052190937394992,0.405808379573686,0.47354366069797305,0.46556181869439983,0.38121702058888995,0.45027868028399093,0.5337362777266332,0.5485599517250319,0.3053214725505088,0.31864992084538224,0.090933904,0.2737743493125325,0.06537440017153225,0.29181006367585605,0.5,0.33133572,0.010715725923811054,0.8919829934456299,0.891982994763846,0.0,1.0,0.0,0.73913044,0.6666667,0.11438323,0.5122858305340678,1.0,0.3333333333333333,0.8000001028571486,0.1999999519999923,0.8000000000000003,0.20000000000000007,0.7999999999999998,0.8000000000000003,-1.0,1.56,2020-03-20T17:00:00,EURUSD,H1,3,BUY,-7.473741305370485,42,"hit_tp=False,hit_sl=True,regime=3"
0.4191165335092623,0.5359444134330742,0.641072704464913,0.623116555978337,0.5104744423324032,0.7230893362067021,0.6742896406803903,0.5477933532626261,0.8378704704121821,0.9467987586810374,0.8796573,0.8836179183204635,0.4580740054458509,0.8502028202877332,0.5,0.76780254,0.33961734130537025,0.5309544324369952,0.5309545235875895,0.0,0.0,1.0,1.0,1.0,0.9247951,0.7041752699347531,0.08333333333333331,1.0,0.2000000400000022,0.7999999279999885,0.20000000000000018,0.7999999999999999,0.1999999999999999,0.20000000000000018,-1.0,1.56,2020-03-22T23:00:00,EURUSD,H1,4,SELL,-55.55705125568133,55,"hit_tp=False,hit_sl=True,regime=4"
0.4107691718129133,0.4119683895591404,0.46907881752983965,0.4670179844498244,0.42527706423504824,0.39275666275135207,0.47002814200705867,0.46722695313929435,0.3077580536851384,0.48257078492318595,0.3210638,0.4176604993579049,0.37903299284354464,0.8255245430644682,0.5,0.4560895,0.015635882666548397,0.7673878584511286,0.7673878856974375,1.0,0.0,0.0,0.9130435,0.0,0.22678171,0.4493540455608437,1.0,0.41666666666666663,1.0,0.0,1.0,0.0,1.0,1.0,-1.0,1.56,2020-07-13T21:00:00,EURUSD,H1,1,BUY,-13.047315387435532,95,"hit_tp=False,hit_sl=True,regime=1"
0.4535742854339097,0.46867316054226654,0.5602966237464618,0.6314434318424926,0.6555469257083295,0.6159260928246589,0.43776636205153996,0.3985397728573011,0.7437188712212122,0.6254650614648303,0.81563175,0.6322527725123801,0.21392502996309526,0.24542938202682216,0.5,0.7653799,0.5335250807783177,0.6408661613919018,0.6408661657746924,0.0,0.0,1.0,0.7826087,0.33333334,0.7728993,0.4989904574081027,0.0,1.0,0.0,1.0,0.0,1.0,0.0,0.0,1.0,1.95,2020-04-29T18:00:00,EURUSD,H1,5,SELL,195.0464699443555,12,"hit_tp=True,hit_sl=False,regime=5"
0.41263746942590734,0.41673489957131826,0.47352247481918996,0.4571029768693684,0.2669089577037427,0.25994694688268766,0.29294482686667733,0.38462769174390854,0.24718167314926281,0.2296340595715547,0.097483896,0.055137143339297826,0.20442485333415225,0.24839554057717508,0.5,0.49346295,0.010637422929122974,0.9110566974355304,0.9110567717436592,0.0,1.0,0.0,0.47826087,0.33333334,0.26752838,0.6131682707734585,1.0,0.3333333333333333,0.8000001028571486,0.1999999519999923,0.8000000000000003,0.20000000000000007,0.7999999999999998,0.8000000000000003,-1.0,1.3,2020-03-04T11:00:00,EURUSD,H1,3,BUY,-5.317324468243623,3,"hit_tp=False,hit_sl=True,regime=3"
0.4193642164061647,0.4290735774604551,0.48138306731407565,0.4651088234793304,0.5344676164633768,0.632963152878182,0.7150798413972922,0.5415273457086318,0.4468507660778278,0.38834580269780045,0.28624794,0.4861659728253662,0.243122825611687,0.23631319703174475,0.5,0.6335515,0.013052888431214387,0.9703180862997439,0.9703180622544142,0.0,1.0,0.0,0.47826087,0.0,0.30977535,0.5997883856514961,1.0,0.3333333333333333,0.8000001028571486,0.1999999519999923,0.8000000000000003,0.20000000000000007,0.7999999999999998,0.8000000000000003,-1.0,1.56,2020-05-11T11:00:00,EURUSD,H1,3,BUY,-8.25148763132777,65,"hit_tp=False,hit_sl=True,regime=3"
0.41864767440773737,0.4308699561072935,0.49405204554521664,0.4739407162317423,0.1473641952335873,0.1378249672992105,0.33189395293854856,0.2900286654159452,0.36160243359752176,0.4292051522988963,0.41003895,0.6575707161064214,0.29364369830574033,0.7988641389238308,0.5,0.5207902,0.018453699263501322,0.9925422695339483,0.9925422696249607,1.0,0.0,0.0,0.8695652,0.16666667,0.3373347,0.3889615405328358,1.0,0.41666666666666663,1.0,0.0,1.0,0.0,1.0,1.0,-1.0,1.3,2020-10-20T20:00:00,EURUSD,H1,1,BUY,-9.62770452066275,6,"hit_tp=False,hit_sl=True,regime=1"
0.41211604016061876,0.4314491583359591,0.48691513129355324,0.46149431873139796,0.2923271770606859,0.3132395729315538,0.4086555308948496,0.45741201180296154,0.37520832404588206,0.40558192227191714,0.17842431,0.3363581084021405,0.4982748268652483,0.156649305130972,0.5,0.5234754,0.017308468764639193,0.8526746886104639,0.8526746171857057,1.0,0.0,0.0,0.73913044,1.0,0.44876456,0.4971350506727136,1.0,0.41666666666666663,1.0,0.0,1.0,0.0,1.0,1.0,1.0,2.0,2020-06-28T17:00:00,EURUSD,H1,1,BUY,19.57540997290064,31,"hit_tp=True,hit_sl=False,regime=1"
0.4238955730738694,0.4276612024512684,0.4878422902454671,0.476909400262247,0.20869981325929185,0.3447707206602586,0.508906120231589,0.38229195456277065,0.3734527233029218,0.4765815682334577,0.44322053,0.6833131064208601,0.049632779223811305,0.7226787492231577,0.5,0.41348547,0.013427307367851107,0.882737848423892,0.8827378498549339,0.0,1.0,0.0,0.82608694,0.16666667,0.34597054,0.5278311324752107,1.0,0.3333333333333333,0.8000001028571486,0.1999999519999923,0.8000000000000003,0.20000000000000007,0.7999999999999998,0.8000000000000003,-1.0,1.56,2020-02-11T19:00:00,EURUSD,H1,3,BUY,-6.273646369963082,26,"hit_tp=False,hit_sl=True,regime=3"
0.4223758079044252,0.4312457099260098,0.4905333818611619,0.4712685366920641,0.37310669534440044,0.38779197865761855,0.6083781645969599,0.5193489965793495,0.40088602363761233,0.5628923142270714,0.672583,0.6021237396443573,0.8294960437244278,0.053234963863959484,0.5,0.4649401,0.011158553723933573,0.9960612297366744,0.996061254192304,0.0,1.0,0.0,0.08695652,0.33333334,0.5162529,0.5445201291894204,1.0,0.3333333333333333,0.8000001028571486,0.1999999519999923,0.8000000000000003,0.20000000000000007,0.7999999999999998,0.8000000000000003,1.0,2.0,2020-04-08T02:00:00,EURUSD,H1,3,BUY,12.598811087685124,44,"hit_tp=True,hit_sl=False,regime=3"
0.3987505492468575,0.3191537366557105,0.3849369488918484,0.3980879782772638,0.4345911622721326,0.33343448903725054,0.502926575697311,0.48419909072055617,0.3418287108104658,0.46364860314369727,0.0,0.14829631132501353,0.027557722606812034,0.7157864163633992,0.5,0.35969955,0.042997175877289025,0.5222656455795789,0.5222656758173055,0.0,0.0,1.0,0.82608694,0.8333333,0.12358002,0.4509218934955153,1.0,0.08333333333333331,0.2000000400000022,0.7999999279999885,0.20000000000000018,0.7999999999999999,0.1999999999999999,0.20000000000000018,1.0,1.95,2020-02-08T19:00:00,EURUSD,H1,4,BUY,84.50219812358162,14,"hit_tp=True,hit_sl=False,regime=4"
0.4204349652779696,0.4233574582094987,0.4818665042142952,0.4717726354366744,0.23054243797493706,0.44954946017080905,0.3964505681026919,0.38440396568779717,0.36497291961664846,0.38359477141930887,0.0029465375,0.32650576341104687,0.031267670409929886,0.30245890711150014,0.5,0.25841257,0.009435371109035251,0.9678557294413979,0.9678558274639252,0.0,1.0,0.0,0.8695652,0.16666667,0.37621486,0.5317980498911952,1.0,0.3333333333333333,0.8000001028571486,0.1999999519999923,0.8000000000000003,0.20000000000000007,0.7999999999999998,0.8000000000000003,-1.0,1.3,2020-01-28T20:00:00,EURUSD,H1,3,BUY,-5.340188366964593,7,"hit_tp=False,hit_sl=True,regime=3"
0.44110878195986575,0.47209583959750495,0.5488107011277985,0.48702286938352407,0.3508553949875816,0.37900720513572345,0.561471988292778,0.3607205258468729,0.5850384372503483,0.6112356134478673,1.0,0.8209649125224447,0.32409181782031093,0.8083707352257234,0.5,0.6400735,0.17787332425992092,0.9210194491777147,0.9210194257340147,0.0,0.0,1.0,0.0,0.0,0.7865818,0.4517298776497309,0.08333333333333331,1.0,0.2000000400000022,0.7999999279999885,0.20000000000000018,0.7999999999999999,0.1999999999999999,0.20000000000000018,1.0,2.0,2020-04-27T00:00:00,EURUSD,H1,4,SELL,76.2735613323473,79,"hit_tp=True,hit_sl=False,regime=4"
0.41026038354458544,0.41827326340054416,0.4736490142446033,0.4830307868928732,0.22389218625131255,0.28136051056922007,0.288674080811637,0.30105795696670584,0.6565125249176924,0.6109182212010092,0.61541975,0.3433915737641402,0.0552547503658148,0.29496961995991405,0.5,0.6743968,0.061901681445610805,0.9445176339080293,0.9445177078078081,1.0,0.0,0.0,0.04347826,0.33333334,0.7252601,0.5406541482141473,0.41666666666666663,1.0,1.0,0.0,1.0,0.0,1.0,1.0,-1.0,1.56,2020-01-22T01:00:00,EURUSD,H1,2,SELL,-10.261558264261785,25,"hit_tp=False,hit_sl=True,regime=2"
0.42466121575889243,0.4325896099361671,0.494608337550927,0.483667678508338,0.30269433227669734,0.3859507503161247,0.4930885381645234,0.3817085558736274,0.45705735787467155,0.6946591184920562,0.7398814,0.8414714929797352,0.02995588022679921,0.7165351723731294,0.5,0.44189557,0.01740642234979206,0.8985029853925991,0.8985029866312464,0.0,1.0,0.0,0.47826087,0.8333333,0.53583765,0.42649692043233833,1.0,0.3333333333333333,0.8000001028571486,0.1999999519999923,0.8000000000000003,0.20000000000000007,0.7999999999999998,0.8000000000000003,-1.0,1.3,2020-07-04T11:00:00,EURUSD,H1,3,BUY,-6.312912229990975,19,"hit_tp=False,hit_sl=True,regime=3"
0.4514645491332909,0.3980823431705927,0.4427629316544623,0.45568501429465097,0.28396765191259676,0.28114530759246636,0.36903187910748975,0.3680201558703763,0.2883049135347686,0.43102241996064666,0.26999825,0.3905638373623667,0.16515222417880493,0.2606572990703169,0.5,0.17048365,0.07292105438226416,0.6978674222499259,0.6978674625484276,0.0,0.0,1.0,0.2173913,0.5,0.23883462,0.5654031241075693,1.0,0.08333333333333331,0.2000000400000022,0.7999999279999885,0.20000000000000018,0.7999999999999999,0.1999999999999999,0.20000000000000018,1.0,1.95,2020-03-12T05:00:00,EURUSD,H1,4,BUY,78.87691441090139,9,"hit_tp=True,hit_sl=False,regime=4"
0.41931486348728675,0.4130072632231279,0.46690612800240805,0.4524791208933528,0.4209834200502228,0.35234129450804963,0.40346012020677,0.3558519634066393,0.42976373195523254,0.48739270559660725,0.19634227,0.2988835993331815,0.18046501465802847,0.7635273375191661,0.5,0.32851142,0.01986716967743187,0.7919356415556262,0.7919356685023594,1.0,0.0,0.0,0.2173913,0.8333333,0.2054057,0.6217820482684977,1.0,0.41666666666666663,1.0,0.0,1.0,0.0,1.0,1.0,-1.0,1.3,2020-11-28T05:00:00,EURUSD,H1,1,BUY,-11.158063016436516,6,"hit_tp=False,hit_sl=True,regime=1"
0.4202818084201473,0.42440316406087897,0.4763235700935328,0.4586053895738558,0.2910583011745484,0.28926387301320916,0.3627002354589289,0.3137056030732256,0.24353254254038223,0.2989340902366248,0.3040211,0.4506762486773227,0.6685481341388364,0.9159173513377953,0.5,0.30547515,0.017576230061823017,0.9167898628171776,0.9167898638326559,1.0,0.0,0.0,0.8695652,1.0,0.22247182,0.6972315765158907,1.0,0.41666666666666663,1.0,0.0,1.0,0.0,1.0,1.0,1.0,1.95,2020-02-09T20:00:00,EURUSD,H1,1,BUY,16.847763340317456,17,"hit_tp=True,hit_sl=False,regime=1"
0.43409771043181744,0.5179671575060798,0.6706063436629495,0.5241689324010563,0.39242999138957907,0.3717743409724291,0.4059323516339875,0.3740109592507477,0.46429426849615374,0.5673376800467477,0.4122994,0.6002469377991324,0.30602872183637864,0.21667264497000524,0.5,0.57025546,0.19404154227683518,0.8351051250155919,0.8351051026203714,0.0,0.0,1.0,0.3043478,0.16666667,0.4849279,0.4937049725734832,1.0,0.0,0.0,1.0,0.0,1.0,0.0,0.0,-1.0,1.3,2020-04-28T07:00:00,EURUSD,H1,5,BUY,-92.6502442140409,6,"hit_tp=False,hit_sl=True,regime=5"
0.4119891159911656,0.42642037750985995,0.48457212975681385,0.48792287509480403,0.2391495403295791,0.32901371138227214,0.3769765014470865,0.4130559128239954,0.7577375794316241,0.6643299920077614,0.6525245,0.4677230801957917,0.14912954167402429,0.265659908770639,0.5,0.72074383,0.0645353248641991,0.8254817482145471,0.8254817137329877,1.0,0.0,0.0,0.9130435,0.16666667,0.7687906,0.4705917539812298,0.41666666666666663,1.0,1.0,0.0,1.0,0.0,1.0,1.0,-1.0,1.3,2020-10-13T21:00:00,EURUSD,H1,2,SELL,-12.715634338440474,6,"hit_tp=False,hit_sl=True,regime=2"
0.41502822059736255,0.41925950104528287,0.48126834541562796,0.46415050306912814,0.292493619414904,0.3911497854673638,0.37323759933926265,0.43277072839775893,0.46038456881008133,0.5145344526424359,0.34348384,0.5008362739458088,0.5428683855837111,0.8766774072499937,0.5,0.5186344,0.011289786497616612,0.9894357239006373,0.9894357972522457,0.0,1.0,0.0,0.9130435,0.6666667,0.24354902,0.4683272140135752,1.0,0.3333333333333333,0.8000001028571486,0.1999999519999923,0.8000000000000003,0.20000000000000007,0.7999999999999998,0.8000000000000003,-1.0,1.3,2020-01-03T21:00:00,EURUSD,H1,3,BUY,-6.087663631622053,9,"hit_tp=False,hit_sl=True,regime=3"
0.41287885518900397,0.42208131385320835,0.4722028664864787,0.4595552827983495,0.3649132221271799,0.5812678300729283,0.48772016650802413,0.523979704946937,0.3457841963516218,0.22523435132827388,0.22865507,0.24206575713480194,0.23525203826285176,0.7806330304341969,0.5,0.38932523,0.009085095118374768,0.9085129779703816,0.9085130401057728,0.0,1.0,0.0,0.47826087,0.0,0.19170804,0.42908835611265106,1.0,0.3333333333333333,0.8000001028571486,0.1999999519999923,0.8000000000000003,0.20000000000000007,0.7999999999999998,0.8000000000000003,-1.0,1.56,2020-02-24T11:00:00,EURUSD,H1,3,BUY,-7.273757709576056,24,"hit_tp=False,hit_sl=True,regime=3"
0.40177274618330966,0.44522147652365274,0.4687777746357095,0.4445419700890684,0.09551481533994327,0.5025394550620254,0.6910278060311129,0.5170063826648189,0.7951174842500636,0.6899235627289322,0.7027808,0.49519155654466357,0.09159332256570499,0.7357796978334272,0.5,0.8169531,0.267423954732727,0.9920187273362824,0.992018727433684,0.0,0.0,1.0,0.95652175,0.0,0.66399634,0.5109726505848539,0.08333333333333331,1.0,0.2000000400000022,0.7999999279999885,0.20000000000000018,0.7999999999999999,0.1999999999999999,0.20000000000000018,-1.0,1.3,2020-01-13T22:00:00,EURUSD,H1,4,SELL,-52.36672517565432,3,"hit_tp=False,hit_sl=True,regime=4"
0.44588198495796416,0.45849209451664885,0.49320940837670313,0.4842140384049434,0.4483597223118807,0.6300632596437162,0.6336603223438712,0.5254227402561539,0.682070819980082,0.5978806762309999,1.0,0.5752384997068406,0.21572392567838883,0.7745358934385095,0.5,0.62780434,0.2345450773965774,0.48223829397782825,0.482238251481356,0.0,0.0,1.0,0.47826087,0.6666667,0.750127,0.6392068957428447,0.08333333333333331,1.0,0.2000000400000022,0.7999999279999885,0.20000000000000018,0.7999999999999999,0.1999999999999999,0.20000000000000018,-1.0,1.56,2020-03-27T11:00:00,EURUSD,H1,4,SELL,-62.08777698718748,65,"hit_tp=False,hit_sl=True,regime=4"
0.40020816331992487,0.4086254488499962,0.45875135162913483,0.46035423542535936,0.2558320494403824,0.309642210067064,0.297804666067027,0.35889541982963,0.3233774807056322,0.3665254942414623,0.16160838,0.2890452517725268,0.7749681591527138,0.0702597335999705,0.5,0.38105857,0.053525625922240305,0.7065470318641571,0.706546913407586,0.0,0.0,1.0,0.2173913,0.0,0.2933923,0.5958254511895585,1.0,0.08333333333333331,0.2000000400000022,0.7999999279999885,0.20000000000000018,0.7999999999999999,0.1999999999999999,0.20000000000000018,-1.0,1.3,2020-04-06T05:00:00,EURUSD,H1,4,BUY,-30.497457923459592,4,"hit_tp=False,hit_sl=True,regime=4"
0.4078422007937476,0.4005690654448524,0.46315345171603906,0.4436547410237312,0.47714801501875664,0.5172861901486436,0.5846929175259484,0.5040333876642714,0.23438776207830464,0.2754437477872596,0.13474411,0.2300350873893105,0.4891800781792354,0.8599147569903504,0.5,0.38199154,0.018779406587740913,0.836436020537938,0.8364359004962302,1.0,0.0,0.0,0.4347826,0.16666667,0.1196131,0.556879550040231,1.0,0.41666666666666663,1.0,0.0,1.0,0.0,1.0,1.0,1.0,2.0,2020-09-29T10:00:00,EURUSD,H1,1,BUY,26.05079689667944,28,"hit_tp=True,hit_sl=False,regime=1"
0.4203781917738504,0.4300033107997829,0.50352690900709,0.48401992239187097,0.16583347680374702,0.11457173677035597,0.2708696537425468,0.41058825922123693,0.5762407556201211,0.6123063076446427,0.8904651,0.7167979623782278,0.22373531318082965,0.24236639811299854,0.5,0.6851029,0.04356170012833981,0.8306193080727192,0.8306193345473656,1.0,0.0,0.0,0.04347826,0.33333334,0.8951608,0.6573711891174292,0.41666666666666663,1.0,1.0,0.0,1.0,0.0,1.0,1.0,1.0,2.0,2020-04-15T01:00:00,EURUSD,H1,2,SELL,19.407849848784853,27,"hit_tp=True,hit_sl=False,regime=2"
0.4160965366932302,0.42442913460058884,0.4847499270362623,0.47197453210859475,0.2791261827646612,0.1310862466465228,0.3372584638591456,0.42525236132080174,0.32898490071019343,0.42365641106986696,0.26188764,0.3849737403691301,0.09357800473397014,0.2830042875191193,0.5,0.38685867,0.01048519934250099,0.9508629043248357,0.9508629415358361,0.0,1.0,0.0,0.5652174,0.0,0.33980694,0.48229551770719703,1.0,0.3333333333333333,0.8000001028571486,0.1999999519999923,0.8000000000000003,0.20000000000000007,0.7999999999999998,0.8000000000000003,-1.0,1.56,2020-03-23T13:00:00,EURUSD,H1,3,BUY,-6.13515710706336,60,"hit_tp=False,hit_sl=True,regime=3"
0.4129335442809437,0.4121893196971675,0.4839142110547459,0.46776738919929967,0.15424247859482634,0.21438563445998388,0.3374020280813384,0.34937243253169825,0.4839250508239041,0.4300270847952269,0.4563788,0.28022741832152703,0.12244936752593404,0.2739900345386597,0.5,0.4528037,0.07655914164779451,0.8171126515997893,0.8171126782392679,1.0,0.0,0.0,0.13043478,1.0,0.6248625,0.5990575031024592,0.41666666666666663,1.0,1.0,0.0,1.0,0.0,1.0,1.0,-1.0,1.3,2020-02-02T03:00:00,EURUSD,H1,2,SELL,-11.139540733171582,3,"hit_tp=False,hit_sl=True,regime=2"
0.41747045855510306,0.41749599907615603,0.48170385311822944,0.3669750797203326,0.20167188794859628,0.13516770579967605,0.38269314825087986,0.45677258047135816,0.2629746291729064,0.22906333986661223,0.27176085,0.27492775786683304,0.2285310271701472,0.7785345728369203,0.5,0.42538396,0.055809788197726466,0.6123473168199988,0.6123473947735112,0.0,0.0,1.0,0.6086956,0.5,0.21627195,0.5253364406524019,1.0,0.08333333333333331,0.2000000400000022,0.7999999279999885,0.20000000000000018,0.7999999999999999,0.1999999999999999,0.20000000000000018,1.0,1.95,2020-03-05T14:00:00,EURUSD,H1,4,BUY,75.51965895436163,13,"hit_tp=True,hit_sl=False,regime=4"
0.42188870559419694,0.4316887795312289,0.486172259406589,0.46996896298792995,0.10220924590571878,0.13109011096265474,0.34504258989194997,0.4412120310023817,0.5673210157997592,0.5602473948567894,0.82393086,0.5727123185199038,0.20940704752719946,0.7725636436543364,0.5,0.44966882,0.04262115361693753,0.9152989269130087,0.9152989279466823,1.0,0.0,0.0,0.6086956,0.16666667,0.5781097,0.5250866675078386,0.41666666666666663,1.0,1.0,0.0,1.0,0.0,1.0,1.0,-1.0,1.56,2020-03-24T14:00:00,EURUSD,H1,2,SELL,-12.115846127289664,44,"hit_tp=False,hit_sl=True,regime=2"
0.4189113773291572,0.4246547497464049,0.4851663344636886,0.47089143472767875,0.14277247502208668,0.2135547591734527,0.5043553237479841,0.4289819179741293,0.43784782378518755,0.5537389313719289,0.408655,0.42767886604568306,0.22541358876434567,0.7775612246808787,0.5,0.42167273,0.014173486971522237,0.8781102601591013,0.8781102738503979,0.0,1.0,0.0,0.04347826,1.0,0.33886102,0.4768476226805923,1.0,0.3333333333333333,0.8000001028571486,0.1999999519999923,0.8000000000000003,0.20000000000000007,0.7999999999999998,0.8000000000000003,-1.0,1.56,2020-01-12T01:00:00,EURUSD,H1,3,BUY,-6.911995111051894,28,"hit_tp=False,hit_sl=True,regime=3"
0.4149260079697613,0.4238595296264587,0.501820563454432,0.49022776131180484,0.3000296929158086,0.28627760837001404,0.3696251455244649,0.3718841459196382,0.7923603715106862,0.6753003061004075,0.78929234,0.6613001793008967,0.5715660794359417,0.13376619975474907,0.5,0.6369365,0.062364815856850754,0.7907020345740676,0.7907019883131715,1.0,0.0,0.0,0.65217394,0.0,0.8162195,0.49040341811246674,0.41666666666666663,1.0,1.0,0.0,1.0,0.0,1.0,1.0,-1.0,1.3,2020-05-25T15:00:00,EURUSD,H1,2,SELL,-10.800750746484676,6,"hit_tp=False,hit_sl=True,regime=2"
0.42449920014930737,0.4335063353143934,0.49760847584660156,0.49057994030932434,0.23428748855068277,0.2629948355386486,0.31168437932465615,0.33949610998248864,0.5842783675606311,0.5983847118441018,0.81865513,0.7947196797340852,0.4717623554003733,0.8544766153904056,0.5,0.58853316,0.04416266355472644,0.990283715815486,0.9902838379718684,1.0,0.0,0.0,1.0,0.6666667,0.6058707,0.31690447243184733,0.41666666666666663,1.0,1.0,0.0,1.0,0.0,1.0,1.0,-1.0,1.3,2020-04-10T23:00:00,EURUSD,H1,2,SELL,-9.724927047076726,6,"hit_tp=False,hit_sl=True,regime=2"
0.41279822883022427,0.40897755332924496,0.47311870654722576,0.4593400919391555,0.38978697172167337,0.27622068620475415,0.4046856097044193,0.360210269232727,0.23740815879399388,0.39211106287161224,0.0,0.22291218047541903,0.08749677059022185,0.2849029671012101,0.5,0.34717876,0.013984392252303694,0.825365604832375,0.8253656069635751,1.0,0.0,0.0,0.13043478,0.16666667,0.16236776,0.697812783844434,1.0,0.41666666666666663,1.0,0.0,1.0,0.0,1.0,1.0,1.0,2.0,2020-05-19T03:00:00,EURUSD,H1,1,BUY,18.29414310444255,23,"hit_tp=True,hit_sl=False,regime=1"
0.4111411606196765,0.34439574369678805,0.39962639320011173,0.3885767216222364,0.31881203300868377,0.2118424097181399,0.3245132921919834,0.29822736465710364,0.21553127714468218,0.331199530505545,0.13344473,0.1336790077219939,0.30077633484814575,0.2183125530195557,0.5,0.30586034,0.00860877884989416,0.3202863973522481,0.32028651548135,0.0,0.0,1.0,0.17391305,0.5,0.14641243,0.4434323362245457,1.0,0.08333333333333331,0.2000000400000022,0.7999999279999885,0.20000000000000018,0.7999999999999999,0.1999999999999999,0.20000000000000018,1.0,1.5,2020-02-27T04:00:00,EURUSD,H1,4,BUY,60.79291514961449,9,"hit_tp=True,hit_sl=False,regime=4"
0.4198237606137575,0.428163745487013,0.4966806223635944,0.4785026194352591,0.3360896083078965,0.33598424368472163,0.6322097519431222,0.4736719055814018,0.45604734395732605,0.4363911501871613,0.5489467,0.7001220526233255,0.10070994752561775,0.7386261027862538,0.5,0.5798032,0.06816401070699624,0.9174099735325622,0.9174099379291307,1.0,0.0,0.0,0.73913044,0.16666667,0.37956458,0.49844196271003294,0.41666666666666663,1.0,1.0,0.0,1.0,0.0,1.0,1.0,-1.0,1.3,2020-06-02T17:00:00,EURUSD,H1,2,SELL,-15.673451213418232,14,"hit_tp=False,hit_sl=True,regime=2"
0.4403075028359759,0.44645233462072687,0.512987192379052,0.502247259571988,0.237548389771489,0.2887234050271756,0.42248911755067564,0.3901532444079816,0.7954989990211343,0.9423630049827076,1.0,0.9353423390156819,0.10169807985515224,0.7389346274603549,0.5,0.7376794,0.06510119580553331,0.9631256660289662,0.9631256664789726,1.0,0.0,0.0,0.3478261,0.8333333,0.97840333,0.6277158008000581,0.41666666666666663,1.0,1.0,0.0,1.0,0.0,1.0,1.0,1.0,2.0,2020-09-26T08:00:00,EURUSD,H1,2,SELL,19.75189145221989,22,"hit_tp=True,hit_sl=False,regime=2"
0.4085990311023468,0.4214340753501528,0.48424874675780627,0.472838450853898,0.737910025499403,0.7587436461573477,0.659276084441648,0.5629557263843669,0.43377359712988944,0.4992518525501547,0.30784824,0.5039598816927847,0.21885459159864137,0.7755133830591733,0.5,0.395254,0.012080735814939346,0.8826971366110385,0.8826971136350158,0.0,1.0,0.0,0.3043478,0.8333333,0.27981088,0.5602993353476878,1.0,0.3333333333333333,0.8000001028571486,0.1999999519999923,0.8000000000000003,0.20000000000000007,0.7999999999999998,0.8000000000000003,-1.0,1.3,2020-02-29T07:00:00,EURUSD,H1,3,BUY,-7.846618239992775,18,"hit_tp=False,hit_sl=True,regime=3"
0.41457837460596897,0.41503213880408507,0.45992426930645663,0.4365571169227744,0.43278939511600645,0.5643663680838402,0.6989326811753734,0.4954837952361991,0.342260634930234,0.29069515654577177,0.19671601,0.20049457546978694,0.2562542787077995,0.7871904071803685,0.5,0.48696452,0.016861919895258447,0.9063176032252834,0.906317677591247,1.0,0.0,0.0,0.95652175,0.16666667,0.131328,0.4755534665776805,1.0,0.41666666666666663,1.0,0.0,1.0,0.0,1.0,1.0,-1.0,1.3,2020-05-12T22:00:00,EURUSD,H1,1,BUY,-13.58438529306616,3,"hit_tp=False,hit_sl=True,regime=1"
0.4126055663788281,0.4206835951854203,0.48178460489631614,0.4640383924905674,0.42679499361602924,0.6265341926520895,0.6070578848406826,0.44111783923148684,0.2128559175705342,0.2897619637448566,0.18038483,0.413537819941816,0.5658247831635754,0.13555874347570587,0.5,0.32078457,0.009664829808839277,0.8887497237521662,0.8887496762947175,0.0,1.0,0.0,0.5652174,0.33333334,0.24134627,0.6004705713465824,1.0,0.3333333333333333,0.8000001028571486,0.1999999519999923,0.8000000000000003,0.20000000000000007,0.7999999999999998,0.8000000000000003,-1.0,1.3,2020-01-22T13:00:00,EURUSD,H1,3,BUY,-7.542214652462853,3,"hit_tp=False,hit_sl=True,regime=3"
0.41352147064908346,0.4129393470164488,0.47705387058053406,0.469887037645043,0.47191962413065686,0.5670399070292856,0.5337995018731463,0.38581341137551783,0.4175045131214827,0.4669464258564334,0.27644622,0.2711583005649514,0.42087129730189227,0.18081633385329413,0.5,0.49704105,0.01003681246032692,0.997931410333959,0.9979314591743264,0.0,1.0,0.0,0.39130434,0.8333333,0.38252392,0.4587532091866123,1.0,0.3333333333333333,0.8000001028571486,0.1999999519999923,0.8000000000000003,0.20000000000000007,0.7999999999999998,0.8000000000000003,-1.0,1.56,2020-02-22T09:00:00,EURUSD,H1,3,BUY,-6.800789062986201,49,"hit_tp=False,hit_sl=True,regime=3"
0.4587860345233599,0.403588016618873,0.42916379245606107,0.3153493029741245,0.6383290119772245,0.5689099521282208,0.6371032714681046,0.5431619257595204,0.5386436792848587,0.4898034977211944,0.7454065,0.47637302562604833,0.21940482844977513,0.7756851931919312,0.5,0.35962906,0.4645937338016027,0.8336626869364469,0.8336627133739524,0.0,0.0,1.0,0.04347826,0.33333334,0.29195246,0.7272198035326162,0.0,1.0,0.0,1.0,0.0,1.0,0.0,0.0,-1.0,1.56,2020-04-08T01:00:00,EURUSD,H1,5,SELL,-142.3111093916507,45,"hit_tp=False,hit_sl=True,regime=5"
0.4178246572862455,0.41776819935099113,0.48141430371597516,0.47012471838978553,0.22492751577002268,0.27485308106657014,0.4389766108346038,0.3907721803773162,0.6218998779879733,0.5447705818527043,0.59558463,0.3737295639252591,0.6822394903466432,0.09921159221016036,0.5,0.37661892,0.05822553343256801,0.9089817618034571,0.9089817629142238,1.0,0.0,0.0,0.39130434,0.16666667,0.7052436,0.5782597329194528,0.41666666666666663,1.0,1.0,0.0,1.0,0.0,1.0,1.0,-1.0,1.56,2020-06-30T09:00:00,EURUSD,H1,2,SELL,-12.762201280425156,21,"hit_tp=False,hit_sl=True,regime=2"
0.41423976105088933,0.4174646965832631,0.47938892313147563,0.45990463564950057,0.32138658218165667,0.49741614473425405,0.4353440260397444,0.4359858184977611,0.5661791251473415,0.5429742205548825,0.61563414,0.30933225514710544,0.36751196650682333,0.8219274182274742,0.5,0.5122318,0.060171715715760105,0.9802735645885526,0.9802735648292898,1.0,0.0,0.0,0.47826087,0.33333334,0.5759579,0.537474912368198,0.41666666666666663,1.0,1.0,0.0,1.0,0.0,1.0,1.0,-1.0,1.3,2020-06-03T11:00:00,EURUSD,H1,2,SELL,-11.355317692862688,13,"hit_tp=False,hit_sl=True,regime=2"
0.41931399315315915,0.4289254150482012,0.49081712923345844,0.4769961037063062,0.20244208341075207,0.2591484845335084,0.4997012985401363,0.4163551567616174,0.3333968567334618,0.574782123847714,0.57823545,0.6750924763824576,0.2621438988922095,0.2303744176289199,0.5,0.32314083,0.011671324875286777,0.8918364260378452,0.8918363297276043,0.0,1.0,0.0,0.95652175,1.0,0.44645065,0.46592770431102576,1.0,0.3333333333333333,0.8000001028571486,0.1999999519999923,0.8000000000000003,0.20000000000000007,0.7999999999999998,0.8000000000000003,-1.0,1.3,2020-04-26T22:00:00,EURUSD,H1,3,BUY,-5.945590357163688,12,"hit_tp=False,hit_sl=True,regime=3"
0.4219581335476653,0.43235600992028644,0.4952993662061273,0.4930781724276206,0.3879799216495982,0.2905505167852486,0.4880884071752696,0.41954257512615867,0.7183004342890521,0.6739901739608931,0.75494504,0.5487358257721251,0.3704764097454776,0.19655069021580082,0.5,0.68283975,0.09124585482724944,0.7974216315603148,0.797421634032537,1.0,0.0,0.0,0.9130435,0.16666667,0.78194517,0.5616528060215221,0.41666666666666663,1.0,1.0,0.0,1.0,0.0,1.0,1.0,1.0,2.0,2020-07-07T21:00:00,EURUSD,H1,2,SELL,20.44458253335879,58,"hit_tp=True,hit_sl=False,regime=2"
0.4173992508152502,0.4277159110465265,0.4915438803747031,0.4906335204265825,0.6107507266358071,0.5641919691308963,0.7740217515699176,0.48679819630324644,0.7162639945829891,0.5138153698445116,0.81136376,0.5884216854168655,0.07106523763877215,0.2900332482787016,0.5,0.6434113,0.07950596101019788,0.8813057347433305,0.881305785006972,1.0,0.0,0.0,1.0,0.6666667,0.82720256,0.5139012328437661,0.41666666666666663,1.0,1.0,0.0,1.0,0.0,1.0,1.0,1.0,2.0,2020-04-17T23:00:00,EURUSD,H1,2,SELL,29.837887876442704,60,"hit_tp=True,hit_sl=False,regime=2"
0.41716909903549215,0.42558950405456664,0.4705693089539219,0.462037948827534,0.41032051914690404,0.41383234325347973,0.360533572086144,0.3552724450528964,0.5474105274179375,0.420057440595348,0.553263,0.3729755487194833,0.02165746491078049,0.7139442443801913,0.5,0.55547386,0.0637899352572294,0.7713173172296797,0.7713172590015698,1.0,0.0,0.0,0.47826087,0.33333334,0.54056084,0.4201161651606943,0.41666666666666663,1.0,1.0,0.0,1.0,0.0,1.0,1.0,1.0,2.0,2020-05-13T11:00:00,EURUSD,H1,2,SELL,19.840662678163312,49,"hit_tp=True,hit_sl=False,regime=2"
0.39738738864077494,0.4009152473455241,0.4547907136129776,0.4418907026692546,0.21586837638094417,0.26621166578681177,0.26880131044407196,0.38993187052429434,0.3537367380509099,0.4035281483644388,0.0,0.08972714714514844,0.6281272087289754,0.9032970321155506,0.5,0.56449485,0.017517500043888704,0.8216484064138239,0.8216484574055105,1.0,0.0,0.0,0.5217391,0.5,0.11175398,0.565016515528584,1.0,0.41666666666666663,1.0,0.0,1.0,0.0,1.0,1.0,-1.0,1.3,2020-02-13T12:00:00,EURUSD,H1,1,BUY,-7.905741930873678,5,"hit_tp=False,hit_sl=True,regime=1"
0.4145842352982742,0.41586308963816143,0.4794116197345173,0.46840605724962453,0.35919657023824036,0.3895970717000987,0.50768699175595,0.3579696527058616,0.35787252963662797,0.4447654946374817,0.054680184,0.4184767118415443,0.5507392191825969,0.14026880173242376,0.5,0.2703722,0.00837289045471471,0.9824341219469389,0.9824341221613092,0.0,1.0,0.0,0.04347826,0.8333333,0.22017652,0.5104899479987616,1.0,0.3333333333333333,0.8000001028571486,0.1999999519999923,0.8000000000000003,0.20000000000000007,0.7999999999999998,0.8000000000000003,-1.0,1.3,2020-05-30T01:00:00,EURUSD,H1,3,BUY,-5.921927049146181,4,"hit_tp=False,hit_sl=True,regime=3"
0.4152740822355831,0.4232756349786185,0.48709524283280464,0.47949058501977004,0.3569691318245041,0.39637896228443226,0.3688414712896834,0.38195839553824357,0.7581633184804649,0.5552213607865772,0.7184068,0.6014722201158174,0.19606696045315428,0.2510050502879508,0.5,0.6340418,0.06280696222707,0.814605592292258,0.8146055335358673,1.0,0.0,0.0,0.13043478,0.6666667,0.77595073,0.476496493836997,0.41666666666666663,1.0,1.0,0.0,1.0,0.0,1.0,1.0,-1.0,1.56,2020-02-14T03:00:00,EURUSD,H1,2,SELL,-12.974459431849272,28,"hit_tp=False,hit_sl=True,regime=2"
0.4095429873194955,0.42658039177236956,0.5016266591292768,0.4652167926261489,0.1820698174310873,0.3156585086484184,0.4799541307805903,0.4592823933938713,0.405982879305415,0.5144582044898556,0.3503561,0.6684976986048671,0.0981073184322454,0.28159014196952276,0.5,0.41751477,0.02619837186761688,0.9968141297912851,0.9968140810150422,1.0,0.0,0.0,0.3478261,0.5,0.36474115,0.5739039534110092,1.0,0.41666666666666663,1.0,0.0,1.0,0.0,1.0,1.0,1.0,2.0,2020-01-09T08:00:00,EURUSD,H1,1,BUY,24.431644663109875,52,"hit_tp=True,hit_sl=False,regime=1"
0.41859524868014375,0.4245125975760329,0.4798582440297242,0.47107567561381875,0.4411281302207304,0.37929248630257656,0.4365082217588318,0.3936969944217932,0.370013242103152,0.5246226142985159,0.41836745,0.47836228363886496,0.4582575718963973,0.8502601192124922,0.5,0.37870634,0.011064233661620852,0.961641198128638,0.9616411741891991,0.0,1.0,0.0,0.65217394,0.16666667,0.35245866,0.5132702909969286,1.0,0.3333333333333333,0.8000001028571486,0.1999999519999923,0.8000000000000003,0.20000000000000007,0.7999999999999998,0.8000000000000003,-1.0,1.3,2020-03-03T15:00:00,EURUSD,H1,3,BUY,-5.8028492866757375,11,"hit_tp=False,hit_sl=True,regime=3"
0.42022552486617354,0.43233391778801417,0.4847764545798927,0.4820644554850291,0.19144443108735676,0.354992877828778,0.43995106057632516,0.41310650700409907,0.5017916182175015,0.49720547997611303,0.5994655,0.7133340649256021,0.35516001176231277,0.8180708886817167,0.5,0.48763078,0.05175912168998312,0.9300258394312676,0.9300258158776559,1.0,0.0,0.0,1.0,0.16666667,0.42295057,0.43544993031612267,0.41666666666666663,1.0,1.0,0.0,1.0,0.0,1.0,1.0,1.0,1.95,2020-06-09T23:00:00,EURUSD,H1,2,SELL,20.38364492999767,7,"hit_tp=True,hit_sl=False,regime=2"
0.4281691897683117,0.4385107019917462,0.5034555423633366,0.48222849820718633,0.2079246398994289,0.3630527687351904,0.3763233752391703,0.3947958334936094,0.3062620932380922,0.5225838833609446,0.48253873,0.6727826366403269,0.25524380760385984,0.23252877806727468,0.5,0.33293214,0.02285119280262186,0.9809815669334847,0.9809814817391169,1.0,0.0,0.0,0.47826087,0.6666667,0.4736809,0.6182027875773005,1.0,0.41666666666666663,1.0,0.0,1.0,0.0,1.0,1.0,1.0,2.0,2020-02-07T11:00:00,EURUSD,H1,1,BUY,18.84991985635187,25,"hit_tp=True,hit_sl=False,regime=1"
0.579949995702316,0.6119472873529015,0.6069968408514611,0.7287841709901397,0.546901550884772,0.483166486883959,0.6477300941146299,0.4815456005143018,0.6161811369131053,0.59849385748199,0.99082965,0.8071403199202188,0.28221239706704376,0.7952950281780747,0.5,0.4599319,0.45629585792255817,0.9880866081335099,0.988086669297802,0.0,0.0,1.0,0.17391305,0.8333333,0.78830254,0.6250624511472344,0.0,1.0,0.0,1.0,0.0,1.0,0.0,0.0,-1.0,1.3,2020-01-11T04:00:00,EURUSD,H1,5,SELL,-133.39975237593114,18,"hit_tp=False,hit_sl=True,regime=5"
0.4613174200074966,0.5480442006544809,0.6067239872231892,0.48197109263865295,0.4122002001627309,0.313270582096923,0.43624199644168843,0.43521181893231375,0.3848918793002356,0.44958695873513915,0.4136863,0.583824604682617,0.3627241150260957,0.19897112964795505,0.5,0.4572354,0.14579180075821205,0.9380288348248652,0.9380288355811477,0.0,0.0,1.0,0.2173913,0.5,0.3957152,0.5023106688643908,1.0,0.0,0.0,1.0,0.0,1.0,0.0,0.0,-1.0,1.3,2020-02-06T05:00:00,EURUSD,H1,5,BUY,-105.15693498620138,5,"hit_tp=False,hit_sl=True,regime=5"
0.4243349032978601,0.43729394348429995,0.4876296839134492,0.4862338357962033,0.30078220952066614,0.41387022932429196,0.4780505122139436,0.43894440194761375,0.2989419699379439,0.36390184168965906,0.32123247,0.6230698089882343,0.17945449730403834,0.2561918159599201,0.5,0.19423267,0.019517167644691823,0.9228407414289888,0.9228406203328168,1.0,0.0,0.0,0.65217394,0.16666667,0.39901683,0.40011490193537397,1.0,0.41666666666666663,1.0,0.0,1.0,0.0,1.0,1.0,-1.0,1.3,2020-08-25T15:00:00,EURUSD,H1,1,BUY,-13.335724068277433,16,"hit_tp=False,hit_sl=True,regime=1"
0.4231525180109781,0.3834545241790903,0.4339238768606497,0.4005848366472325,0.2107750597710697,0.3933479031195441,0.5971457211785723,0.4735969956315888,0.6339248398119423,0.47209789811021613,0.5216886,0.32526408990045663,0.4045468332174153,0.8334904798702927,0.5,0.61041296,0.23723106618139617,0.9693077352847146,0.9693077356592764,0.0,0.0,1.0,0.5652174,0.8333333,0.5506614,0.6291766644927423,0.08333333333333331,1.0,0.2000000400000022,0.7999999279999885,0.20000000000000018,0.7999999999999999,0.1999999999999999,0.20000000000000018,1.0,2.0,2020-04-11T13:00:00,EURUSD,H1,4,SELL,81.10189468065299,36,"hit_tp=True,hit_sl=False,regime=4"
0.41108918059095073,0.4172199092931298,0.48186053354015584,0.48642180730041584,0.17005301375653012,0.3328474284395686,0.5753506168674631,0.5380756899871204,0.35086654874254664,0.4990070798800687,0.30164406,0.514427373179408,0.16075981063009315,0.2620286968495145,0.5,0.359519,0.019485802234720493,0.8903646500695817,0.8903646514075476,1.0,0.0,0.0,0.2173913,0.33333334,0.47067058,0.3488418209000986,1.0,0.41666666666666663,1.0,0.0,1.0,0.0,1.0,1.0,1.0,2.0,2020-05-06T05:00:00,EURUSD,H1,1,BUY,25.663732147491736,33,"hit_tp=True,hit_sl=False,regime=1"
0.40239323565058516,0.3289333618818598,0.4494546851296976,0.42477579490052825,0.535136094442237,0.5504489152391435,0.5707522046410642,0.4440263978168544,0.7324675127570096,0.5996998663170194,0.6386981,0.379131283905371,0.05585234726868937,0.7246205993862614,0.5,0.8068914,0.552683239965887,0.9450682684991408,0.9450681959468316,0.0,0.0,1.0,0.9130435,0.33333334,0.66039187,0.3585884763035302,0.0,1.0,0.0,1.0,0.0,1.0,0.0,0.0,1.0,1.95,2020-01-15T21:00:00,EURUSD,H1,5,SELL,190.4795914168922,13,"hit_tp=True,hit_sl=False,regime=5"
0.4283321082809647,0.3992705139724043,0.45372440586282525,0.4547513032486907,0.6370945909516874,0.6161659958792194,0.5994082778773857,0.4459746108456199,0.3436532352893554,0.4156225519879393,0.3060856,0.42132204458555467,0.17139158724530903,0.25870923728788986,0.5,0.3444134,0.06388870563429343,0.8668810366535797,0.8668810626856958,0.0,0.0,1.0,0.47826087,0.5,0.3238505,0.42878449864471607,1.0,0.08333333333333331,0.2000000400000022,0.7999999279999885,0.20000000000000018,0.7999999999999999,0.1999999999999999,0.20000000000000018,-1.0,1.3,2020-04-16T11:00:00,EURUSD,H1,4,BUY,-47.69152361047357,8,"hit_tp=False,hit_sl=True,regime=4"
0.4140586585023414,0.41670158669928586,0.477354526300384,0.45889206253590775,0.4797197214217155,0.46906255318363654,0.4696106309959182,0.4576032119588641,0.22575163735849155,0.32068495111623524,0.12689306,0.3593394954194306,0.3573066616075277,0.20066255578457542,0.5,0.2309711,0.017059620727665502,0.8608291573317404,0.8608290613999056,1.0,0.0,0.0,0.5652174,0.6666667,0.19916372,0.447275918324035,1.0,0.41666666666666663,1.0,0.0,1.0,0.0,1.0,1.0,-1.0,1.3,2020-03-13T13:00:00,EURUSD,H1,1,BUY,-12.359901541649789,4,"hit_tp=False,hit_sl=True,regime=1"
0.413423543633813,0.41933479827367603,0.47334057944889935,0.46328450614933925,0.3319721060573804,0.5612760823594599,0.6184763789606439,0.497814738180549,0.31834363927529846,0.3985575522040919,0.25765368,0.3115174771860674,0.026676381643947006,0.7155112428981245,0.5,0.19213675,0.011590842459874172,0.8903638568238277,0.8903637971428996,0.0,1.0,0.0,0.08695652,1.0,0.15168272,0.5784962994269137,1.0,0.3333333333333333,0.8000001028571486,0.1999999519999923,0.8000000000000003,0.20000000000000007,0.7999999999999998,0.8000000000000003,-1.0,1.3,2020-05-17T02:00:00,EURUSD,H1,3,BUY,-7.536235049541151,5,"hit_tp=False,hit_sl=True,regime=3"
0.4217771667089355,0.42840835173691366,0.483346010908397,0.4732850185522221,0.27774230280061285,0.4508322553994354,0.49832240913597187,0.40119267876594694,0.4487772931950823,0.574228369536948,0.46034148,0.5871424622776628,0.3972589815054372,0.831215042529607,0.5,0.35397238,0.011949351509725275,0.8846225271128042,0.8846225285208458,0.0,1.0,0.0,1.0,0.6666667,0.35850587,0.5961168357224524,1.0,0.3333333333333333,0.8000001028571486,0.1999999519999923,0.8000000000000003,0.20000000000000007,0.7999999999999998,0.8000000000000003,-1.0,1.56,2020-03-20T23:00:00,EURUSD,H1,3,BUY,-6.186369882357212,27,"hit_tp=False,hit_sl=True,regime=3"
0.42008231038539967,0.4259701493877395,0.48194998655388394,0.4668018005069158,0.5841147890522511,0.6305494537039943,0.6679110063605624,0.5097913259746544,0.4983937892858093,0.5807713405374421,0.39125714,0.4458829199110939,0.5750074531956425,0.8867119392094451,0.5,0.34767148,0.013824996558201505,0.8861512581262078,0.8861512473118123,0.0,1.0,0.0,0.04347826,0.6666667,0.32905018,0.3824336884793704,1.0,0.3333333333333333,0.8000001028571486,0.1999999519999923,0.8000000000000003,0.20000000000000007,0.7999999999999998,0.8000000000000003,-1.0,1.3,2020-01-17T01:00:00,EURUSD,H1,3,BUY,-7.880640085005108,12,"hit_tp=False,hit_sl=True,regime=3"
0.41165066363464,0.41705195097215014,0.46681727597251066,0.46435973057596874,0.29909819160662765,0.278380286877366,0.26587625146443683,0.2856546434823868,0.601024008222083,0.32952329669424973,0.3232759,0.324094939308445,0.43717693761580423,0.17572537059725776,0.5,0.45411545,0.07943235272105355,0.7930791602270874,0.7930791627523041,1.0,0.0,0.0,0.47826087,0.5,0.52309984,0.4124851710952329,0.41666666666666663,1.0,1.0,0.0,1.0,0.0,1.0,1.0,1.0,1.95,2020-09-10T11:00:00,EURUSD,H1,2,SELL,15.595488510087296,5,"hit_tp=True,hit_sl=False,regime=2"
0.2002768749337116,0.3407476817953288,0.40016692572348833,0.42547762037479553,0.7216658520036117,0.5339665501641072,0.4559381657184117,0.4161769310090224,0.26558212647544266,0.3492306205756157,0.19926016,0.4498449027399044,0.542505507687267,0.14283955957967034,0.5,0.3978016,0.16205431943401125,0.9356358320529838,0.9356357962271282,0.0,0.0,1.0,0.73913044,0.8333333,0.18930896,0.4957476515192758,1.0,0.0,0.0,1.0,0.0,1.0,0.0,0.0,-1.0,1.56,2020-04-18T17:00:00,EURUSD,H1,5,BUY,-101.72968504873036,26,"hit_tp=False,hit_sl=True,regime=5"
0.4169386027329873,0.41284976768897746,0.47740766358772274,0.4635977089705517,0.3264241048547301,0.33151507532813956,0.4010459101248259,0.40340622283695,0.1256819255159255,0.3927722806990311,0.266591,0.4829208815824718,0.43915916853139153,0.17510647636230475,0.5,0.22467643,0.019165173295709163,0.8391003865803857,0.8391004739704343,1.0,0.0,0.0,0.9130435,0.33333334,0.25855705,0.5163560636817333,1.0,0.41666666666666663,1.0,0.0,1.0,0.0,1.0,1.0,-1.0,1.56,2020-01-01T21:00:00,EURUSD,H1,1,BUY,-11.000055667034214,25,"hit_tp=False,hit_sl=True,regime=1"
0.41472340482286535,0.4213132946609195,0.4777249287863645,0.4623914248899104,0.5690122744342824,0.5230837368914905,0.4874307583910107,0.4769757789539223,0.34919550792142484,0.39243246817913247,0.25495088,0.4811485228830657,0.1335878134446862,0.7488912744700632,0.5,0.25385487,0.01469873175500308,0.989778357251259,0.9897782597457562,0.0,1.0,0.0,0.9130435,0.6666667,0.22727679,0.5815704062489446,1.0,0.3333333333333333,0.8000001028571486,0.1999999519999923,0.8000000000000003,0.20000000000000007,0.7999999999999998,0.8000000000000003,-1.0,1.3,2020-05-01T21:00:00,EURUSD,H1,3,BUY,-6.203782053366691,2,"hit_tp=False,hit_sl=True,regime=3"
0.4068035854296757,0.4028691611953827,0.4643949722084068,0.45217812450766104,0.3581423539899942,0.5067733575434052,0.5972102690059662,0.437912232731131,0.3281320243374013,0.2596875584762414,0.028428698,0.19737573496361258,0.4255170686273974,0.17936582196999967,0.5,0.40993604,0.01665256222263493,0.9980718758513281,0.9980719490975426,1.0,0.0,0.0,0.3478261,0.33333334,0.14379539,0.5576561841535155,1.0,0.41666666666666663,1.0,0.0,1.0,0.0,1.0,1.0,1.0,1.95,2020-01-22T08:00:00,EURUSD,H1,1,BUY,22.679964069118878,14,"hit_tp=True,hit_sl=False,regime=1"
0.4100069984280531,0.4167888017294713,0.4768568733285332,0.45943679569427426,0.4334357897741561,0.5645897886471439,0.5425357037638958,0.4134224921544001,0.2681749776116737,0.38263033922401785,0.29005325,0.43738115452524495,0.37903299284354464,0.8255245430644682,0.5,0.23840311,0.016503468824697422,0.8233324915572108,0.8233324571018803,1.0,0.0,0.0,0.17391305,0.33333334,0.24628948,0.5423339695648227,1.0,0.41666666666666663,1.0,0.0,1.0,0.0,1.0,1.0,-1.0,1.3,2020-06-03T04:00:00,EURUSD,H1,1,BUY,-11.008709803237426,6,"hit_tp=False,hit_sl=True,regime=1"
0.4433227671902762,0.4672760425395246,0.529358456238458,0.5230701749315129,0.53802315310509,0.40951194318161915,0.5706345073494163,0.5023669109567526,0.5195835258852995,0.571615698833783,0.70531464,0.7199610773654646,0.07320360872494255,0.7300380567675003,0.5,0.57982033,0.20247292066862363,0.8660951131680392,0.8660949927643786,0.0,0.0,1.0,0.13043478,0.33333334,0.61906874,0.5354153058677068,0.08333333333333331,1.0,0.2000000400000022,0.7999999279999885,0.20000000000000018,0.7999999999999999,0.1999999999999999,0.20000000000000018,1.0,2.0,2020-04-22T03:00:00,EURUSD,H1,4,SELL,78.75861383570104,50,"hit_tp=True,hit_sl=False,regime=4"
0.4146845374212168,0.4178980892697144,0.4751618858312097,0.46603267788104097,0.32067020413809466,0.29489960743279914,0.5068048687556618,0.40043319674877337,0.5870844607544325,0.39765261903993515,0.4489205,0.2152562351815074,0.043396884911096785,0.29867189872082345,0.5,0.65294427,0.07084447875463257,0.9461561013186685,0.9461561141795485,1.0,0.0,0.0,0.82608694,0.6666667,0.61794484,0.5000904864270674,0.41666666666666663,1.0,1.0,0.0,1.0,0.0,1.0,1.0,-1.0,1.3,2020-03-20T19:00:00,EURUSD,H1,2,SELL,-14.192932795136226,6,"hit_tp=False,hit_sl=True,regime=2"
0.39406632848778306,0.4555018143039153,0.420820314784305,0.32290139264654283,0.27972357929243846,0.31105935731533174,0.28617304094080614,0.33003417429365445,0.40861614773681565,0.419321104039607,0.2161598,0.29706634742571536,0.02971764621652853,0.716460793516867,0.5,0.589577,0.08985984719338656,0.7574407763635317,0.7574408281387942,0.0,0.0,1.0,0.5217391,0.6666667,0.19661658,0.46017153912266046,1.0,0.0,0.0,1.0,0.0,1.0,0.0,0.0,1.0,1.95,2020-03-20T12:00:00,EURUSD,H1,5,BUY,149.17758051797847,17,"hit_tp=True,hit_sl=False,regime=5"
0.41969257840936985,0.42162238228311877,0.4854296174415818,0.4647925292000497,0.09626841780974185,0.2591345256772766,0.37034886804602185,0.39897805599166675,0.32576452003451606,0.40006694361911704,0.33773106,0.432286089845467,0.2901068644417494,0.2216437809832239,0.5,0.40885925,0.011782472791312438,0.8677374735847638,0.8677374996064283,1.0,0.0,0.0,0.8695652,1.0,0.3419897,0.43727452156493957,1.0,0.41666666666666663,1.0,0.0,1.0,0.0,1.0,1.0,-1.0,1.3,2020-04-12T20:00:00,EURUSD,H1,1,BUY,-11.068603924497822,12,"hit_tp=False,hit_sl=True,regime=1"
0.40924009351958807,0.3993069375041607,0.46431684788433303,0.4448638702577549,0.5545537997336362,0.5518071513822974,0.470095171736104,0.3730470479805345,0.1661029970489609,0.2873518444687637,0.15639754,0.2668881105467801,0.13953880744614713,0.7507492960752004,0.5,0.22249807,0.014904334171376616,0.7735590297305945,0.773559093512934,1.0,0.0,0.0,0.65217394,0.6666667,0.17090748,0.4300722505767789,1.0,0.41666666666666663,1.0,0.0,1.0,0.0,1.0,1.0,1.0,1.95,2020-08-07T15:00:00,EURUSD,H1,1,BUY,20.209579170173964,20,"hit_tp=True,hit_sl=False,regime=1"
0.4270747310619755,0.4364237145923096,0.49090294120069083,0.4672247558571982,0.6097752782983389,0.5872290503198628,0.6547782351932735,0.5056057774748254,0.3282928770070661,0.37211131422858545,0.42140266,0.5045713563985906,0.11225465388820934,0.7422306210328943,0.5,0.24583729,0.02735731319811916,0.9264958958257932,0.9264958967228213,1.0,0.0,0.0,0.39130434,1.0,0.31148407,0.6212398948525287,1.0,0.41666666666666663,1.0,0.0,1.0,0.0,1.0,1.0,1.0,2.0,2020-03-29T09:00:00,EURUSD,H1,1,BUY,25.171743726049023,31,"hit_tp=True,hit_sl=False,regime=1"
0.4186747439762683,0.43353715019035666,0.49032811054588127,0.476925026911638,0.6646319550457771,0.5474355846103057,0.5652155048992279,0.38588238845730566,0.243711164530979,0.38618920312221894,0.42504397,0.6943441567716996,0.14277034472660158,0.2676453765849954,0.5,0.26089263,0.014760555464698236,0.9605352915096991,0.9605351699535111,0.0,1.0,0.0,0.47826087,0.5,0.36794809,0.598534646050701,1.0,0.3333333333333333,0.8000001028571486,0.1999999519999923,0.8000000000000003,0.20000000000000007,0.7999999999999998,0.8000000000000003,-1.0,1.3,2020-05-14T11:00:00,EURUSD,H1,3,BUY,-6.372904695601811,16,"hit_tp=False,hit_sl=True,regime=3"
0.41449535666034126,0.42268104781434157,0.48361016666646567,0.4714048828258874,0.20852862482123033,0.34546292220216807,0.3617518732612326,0.3670896544377797,0.5526112636994361,0.6309070600863077,0.5355339,0.5038289854320495,0.2778854273398293,0.2254595659682694,0.5,0.55402154,0.011926750443275928,0.9328291699260423,0.9328290731155351,0.0,1.0,0.0,0.39130434,1.0,0.59960693,0.5815172023680465,1.0,0.3333333333333333,0.8000001028571486,0.1999999519999923,0.8000000000000003,0.20000000000000007,0.7999999999999998,0.8000000000000003,-1.0,1.3,2020-04-05T09:00:00,EURUSD,H1,3,BUY,-4.727814106153527,3,"hit_tp=False,hit_sl=True,regime=3"
0.41578570398401693,0.4241891009470216,0.48324647309173746,0.46815430056567364,0.4166604209098009,0.47570949238501015,0.8141381067962281,0.504660758493955,0.6318471254741456,0.6696634217186317,0.47716847,0.48867643226072305,0.44776315793125,0.8469835102358695,0.5,0.6439402,0.014674546768266709,0.9177221096348861,0.9177221106389877,0.0,1.0,0.0,0.3043478,0.8333333,0.4145862,0.5094706157250757,1.0,0.3333333333333333,0.8000001028571486,0.1999999519999923,0.8000000000000003,0.20000000000000007,0.7999999999999998,0.8000000000000003,1.0,1.95,2020-02-29T07:00:00,EURUSD,H1,3,BUY,12.791293810772151,11,"hit_tp=True,hit_sl=False,regime=3"
0.4024127290463829,0.41775190752575925,0.47013427397622515,0.45615983310111347,0.35097632862011424,0.4205670891810031,0.34846603310764884,0.3387027536860096,0.2648893168804648,0.26432444581374454,0.07593704,0.2929331496506662,0.7888004392644797,0.06594098887708882,0.5,0.20321845,0.02041677638843075,0.810481226930049,0.8104812170391138,1.0,0.0,0.0,0.39130434,0.6666667,0.1984443,0.4666309472552699,1.0,0.41666666666666663,1.0,0.0,1.0,0.0,1.0,1.0,-1.0,1.3,2020-10-16T09:00:00,EURUSD,H1,1,BUY,-10.168889551485094,8,"hit_tp=False,hit_sl=True,regime=1"
0.5147009523441353,0.5780674475916278,0.6414346602972327,0.6474468002524184,0.5447277468786843,0.501057639666243,0.6181379211132156,0.42014885131397484,0.7570886573036233,0.8300755731413589,1.0,0.8988363709885739,0.3749919409286955,0.19514085132732326,0.5,0.6613362,0.3101319386888642,0.4139796005748908,0.41397957721710354,0.0,0.0,1.0,0.39130434,0.0,0.9799312,0.6124096857308806,0.08333333333333331,1.0,0.2000000400000022,0.7999999279999885,0.20000000000000018,0.7999999999999999,0.1999999999999999,0.20000000000000018,1.0,2.0,2020-03-30T09:00:00,EURUSD,H1,4,SELL,78.0413953910486,21,"hit_tp=True,hit_sl=False,regime=4"
0.4359357845992244,0.40210318796994343,0.45343497670796756,0.4078186191320383,0.3883874260207232,0.30531461763538237,0.4434512037452815,0.417700973937967,0.47375263001297646,0.5075033781199716,0.22601588,0.38660435987074354,0.2393678302593545,0.7819180396873378,0.5,0.45281148,0.07801101005929133,0.8361511842933338,0.8361510642551021,0.0,0.0,1.0,0.5217391,0.8333333,0.28809202,0.5539632625315736,1.0,0.08333333333333331,0.2000000400000022,0.7999999279999885,0.20000000000000018,0.7999999999999999,0.1999999999999999,0.20000000000000018,1.0,2.0,2020-01-18T12:00:00,EURUSD,H1,4,BUY,82.50365073585454,31,"hit_tp=True,hit_sl=False,regime=4"
0.38373953351081996,0.4289517197532459,0.5480625866032547,0.49921337833722373,0.6879706088326377,0.6422162184243968,0.6493243941976816,0.4745261486850888,0.36670023845937766,0.4365739006442597,0.37179556,0.48995651756049613,0.13067147025858125,0.2714229127471728,0.5,0.34926808,0.06995168084502852,0.8759647134511378,0.8759646783534953,0.0,0.0,1.0,0.73913044,0.16666667,0.34035164,0.5628817569741054,1.0,0.08333333333333331,0.2000000400000022,0.7999999279999885,0.20000000000000018,0.7999999999999999,0.1999999999999999,0.20000000000000018,-1.0,1.3,2020-05-05T17:00:00,EURUSD,H1,4,BUY,-57.33793809099774,13,"hit_tp=False,hit_sl=True,regime=4"
0.510058768528718,0.5211311106424851,0.5806129835529408,0.5568325778438488,0.390849899290907,0.43123597706709754,0.46110901477237054,0.4128719489692447,0.7988230153572036,0.7195224082939342,0.8765801,0.7866046694371036,0.3753203162874455,0.19503832206383243,0.5,0.8169698,0.2800485178091128,0.3387756110222547,0.3387755605135448,0.0,0.0,1.0,0.2173913,0.8333333,0.9239996,0.603986848956551,0.08333333333333331,1.0,0.2000000400000022,0.7999999279999885,0.20000000000000018,0.7999999999999999,0.1999999999999999,0.20000000000000018,-1.0,1.3,2020-04-11T05:00:00,EURUSD,H1,4,SELL,-43.75054666321488,5,"hit_tp=False,hit_sl=True,regime=4"
0.4167688810466185,0.41994991290969,0.48490521087588634,0.4861651732855709,0.3896816428223943,0.5122588252699777,0.5587882988448587,0.47127230017705346,0.6514025642481226,0.540367100851795,0.66077924,0.49023094834162384,0.10070994752561775,0.28077754502271673,0.5,0.65211505,0.06624836110333435,0.8455555642473593,0.8455555417246041,1.0,0.0,0.0,0.7826087,0.8333333,0.7322282,0.43824799745979764,0.41666666666666663,1.0,1.0,0.0,1.0,0.0,1.0,1.0,-1.0,1.3,2020-08-08T18:00:00,EURUSD,H1,2,SELL,-14.59502929495482,6,"hit_tp=False,hit_sl=True,regime=2"
0.42261137904964685,0.4225814135640958,0.47887674859259544,0.46047486049081066,0.8306788836151776,0.6029895769141653,0.6349003907156655,0.40807263328661825,0.33878043024366455,0.43753559338496706,0.2553556,0.360927057607846,0.7350466417884561,0.08272407498308267,0.5,0.46795353,0.015538243463123784,0.8791684133836473,0.8791684880809335,0.0,1.0,0.0,0.6956522,0.5,0.23543702,0.5905282795292492,1.0,0.3333333333333333,0.8000001028571486,0.1999999519999923,0.8000000000000003,0.20000000000000007,0.7999999999999998,0.8000000000000003,1.0,2.0,2020-01-23T16:00:00,EURUSD,H1,3,BUY,10.9981335378051,28,"hit_tp=True,hit_sl=False,regime=3"
0.4226581958393038,0.4370872670404813,0.4949923548715556,0.48779410060821526,0.42135782384174114,0.32863179076668186,0.4453955806523816,0.31999137187198057,0.6520855144726121,0.6262975672946418,0.7701767,0.6345362808563807,0.03944430934290795,0.29990598586502526,0.5,0.70010877,0.05393393641034739,0.841755526564525,0.8417555284957059,1.0,0.0,0.0,0.13043478,0.5,0.85521746,0.7114634888786594,0.41666666666666663,1.0,1.0,0.0,1.0,0.0,1.0,1.0,-1.0,1.3,2020-04-16T03:00:00,EURUSD,H1,2,SELL,-11.078507711173025,12,"hit_tp=False,hit_sl=True,regime=2"
0.4143076990284402,0.4263634487638674,0.48575527151556885,0.478436158461188,0.04370278920027036,0.13625310545119357,0.3381568571035932,0.4213664076742547,0.49753922885905166,0.65252678760045,0.7521788,0.754558465323025,0.21951050981523196,0.7757181747302755,0.5,0.6526395,0.014033907951986679,0.9629856886628303,0.9629856891145451,0.0,1.0,0.0,0.3478261,1.0,0.47262636,0.51777582957753,1.0,0.3333333333333333,0.8000001028571486,0.1999999519999923,0.8000000000000003,0.20000000000000007,0.7999999999999998,0.8000000000000003,-1.0,1.3,2020-06-07T08:00:00,EURUSD,H1,3,BUY,-5.610878576598477,9,"hit_tp=False,hit_sl=True,regime=3"
0.41170365790264807,0.41313637135494913,0.47313437325664537,0.4532312861166858,0.6248250003590065,0.4988503107462215,0.7288808140269727,0.46132124746191044,0.39530120057535045,0.20564756344859184,0.16186762,0.14786706693461793,0.06012719318895864,0.29344834505976236,0.5,0.32059965,0.013252612763944365,0.969255381064948,0.9692553326250262,0.0,1.0,0.0,0.08695652,0.33333334,0.17397273,0.6231606639601167,1.0,0.3333333333333333,0.8000001028571486,0.1999999519999923,0.8000000000000003,0.20000000000000007,0.7999999999999998,0.8000000000000003,-1.0,1.3,2020-02-05T02:00:00,EURUSD,H1,3,BUY,-7.745741064890677,20,"hit_tp=False,hit_sl=True,regime=3"
0.41335417143695447,0.4232494589770179,0.48978150876783705,0.48439353474712227,0.2081120431072277,0.40917145749859496,0.45600686843301463,0.49380134772738005,0.5365175254311845,0.7263299289041849,0.7094682,0.6929006971153467,0.15982375585745331,0.2623209525567329,0.5,0.5681826,0.01440346702295056,0.8917298870311873,0.891730010390299,0.0,1.0,0.0,0.04347826,0.16666667,0.7137859,0.5655149507831608,1.0,0.3333333333333333,0.8000001028571486,0.1999999519999923,0.8000000000000003,0.20000000000000007,0.7999999999999998,0.8000000000000003,-1.0,1.3,2020-06-02T01:00:00,EURUSD,H1,3,BUY,-6.8647421592782365,8,"hit_tp=False,hit_sl=True,regime=3"
0.4129047416553773,0.42943206879097867,0.4911933329303742,0.49573871264864483,0.37970136054362846,0.41348576930095776,0.5395443688179392,0.5015588872921001,0.6585280517354214,0.6262145666268156,0.73712003,0.6028711212852731,0.11009741278142347,0.2778465779470602,0.5,0.55991614,0.06563701684309926,0.955475603977012,0.9554755801128167,1.0,0.0,0.0,0.8695652,0.6666667,0.82831115,0.5757938022174447,0.41666666666666663,1.0,1.0,0.0,1.0,0.0,1.0,1.0,1.0,2.0,2020-02-21T20:00:00,EURUSD,H1,2,SELL,23.66118367467473,22,"hit_tp=True,hit_sl=False,regime=2"
0.38643616388577484,0.3944557269457507,0.43991688202119145,0.40291101465248097,0.527082331780518,0.531702455228743,0.5371296255867515,0.545346419751986,0.31991570875519315,0.31067957385525113,0.09015707,0.3090836080385689,0.5464103994533613,0.1416203747767869,0.5,0.1760314,0.0683927170619884,0.7995354240305551,0.7995354264769808,0.0,0.0,1.0,0.73913044,0.16666667,0.22325094,0.7185243859610764,1.0,0.08333333333333331,0.2000000400000022,0.7999999279999885,0.20000000000000018,0.7999999999999999,0.1999999999999999,0.20000000000000018,1.0,2.0,2020-03-31T17:00:00,EURUSD,H1,4,BUY,91.90459919453444,40,"hit_tp=True,hit_sl=False,regime=4"
0.4069257214338887,0.4074381367241304,0.4673572292235989,0.4604830217094051,0.7336290334712499,0.5794952761495512,0.44491804439018984,0.3666550269089649,0.305909095114169,0.44766393370827506,0.2375647,0.3828923731781858,0.5189905482471739,0.8692222510809078,0.5,0.34202683,0.02827310185967995,0.8735367590509553,0.8735368582245306,1.0,0.0,0.0,0.26086956,0.8333333,0.20899493,0.5630121043860143,1.0,0.41666666666666663,1.0,0.0,1.0,0.0,1.0,1.0,-1.0,1.3,2020-07-11T06:00:00,EURUSD,H1,1,BUY,-11.389626020661405,11,"hit_tp=False,hit_sl=True,regime=1"
0.426561695910035,0.4219978785969993,0.4882897203099163,0.4627996332878463,0.20797243015756356,0.26128127158397996,0.5051097299277353,0.39253274398180016,0.43100756400768925,0.47850766913915266,0.4060357,0.51191584872217,0.1678334783580751,0.7595834733219614,0.5,0.35397115,0.021917018238298117,0.9711295645023452,0.9711295160395512,1.0,0.0,0.0,1.0,1.0,0.31602278,0.49137578297277507,1.0,0.41666666666666663,1.0,0.0,1.0,0.0,1.0,1.0,1.0,1.95,2020-03-08T23:00:00,EURUSD,H1,1,BUY,18.59874403221662,15,"hit_tp=True,hit_sl=False,regime=1"
0.41376583356733415,0.4167761816417629,0.4828078154136493,0.4728335608079669,0.6280929169993754,0.586408679664123,0.5206665100923773,0.48374089652153024,0.36299046149496733,0.5864348024347408,0.51900536,0.4309463734634109,0.15419137845408096,0.26407949236941786,0.5,0.3297833,0.021585026744391254,0.8875145790942229,0.8875145804669705,1.0,0.0,0.0,0.73913044,0.6666667,0.45447436,0.5012373675633714,1.0,0.41666666666666663,1.0,0.0,1.0,0.0,1.0,1.0,-1.0,1.3,2020-09-11T17:00:00,EURUSD,H1,1,BUY,-14.177002751656342,6,"hit_tp=False,hit_sl=True,regime=1"
0.4381251254081207,0.4384318850082069,0.4922764217073072,0.4773201229604377,0.51802542512497,0.6172260803168929,0.7222919350605836,0.5719473174803155,0.5308375992486221,0.7434826873559248,0.70060927,0.6266531917528677,0.3310330716536307,0.8105379284283059,0.5,0.4324164,0.031463429620533626,0.7815445126986991,0.7815445153646818,1.0,0.0,0.0,0.6086956,1.0,0.46829668,0.5365194750625885,1.0,0.41666666666666663,1.0,0.0,1.0,0.0,1.0,1.0,-1.0,1.3,2020-05-03T14:00:00,EURUSD,H1,1,BUY,-15.480015117343982,7,"hit_tp=False,hit_sl=True,regime=1"
0.3992475795967201,0.4161779257856501,0.48914479321848164,0.48301641234691967,0.31373255202626,0.31016215774580086,0.46179558230698275,0.4300373092750541,0.6263685815266818,0.6364799277399167,0.753964,0.6701804331772018,0.19063207076553726,0.7667017268313271,0.5,0.503794,0.0551624436492119,0.7589330790911536,0.7589330088103974,1.0,0.0,0.0,0.08695652,0.5,0.7132553,0.5283160047231127,0.41666666666666663,1.0,1.0,0.0,1.0,0.0,1.0,1.0,-1.0,1.3,2020-01-09T02:00:00,EURUSD,H1,2,SELL,-13.989565197665144,10,"hit_tp=False,hit_sl=True,regime=2"
0.4320786237583623,0.37681200948748766,0.35623379852472004,0.303393891122082,0.3207944807705581,0.2918292426523972,0.29926564207025524,0.30760396293111103,0.4376866751302803,0.4017221989755739,0.2083656,0.2916554073990318,0.5743306299562132,0.886500591663383,0.5,0.3946935,0.18152188475657474,0.9746450588313154,0.9746450835483029,0.0,0.0,1.0,0.47826087,1.0,0.18886372,0.6171381439606037,1.0,0.0,0.0,1.0,0.0,1.0,0.0,0.0,-1.0,1.3,2020-01-26T11:00:00,EURUSD,H1,5,BUY,-89.5325285870241,3,"hit_tp=False,hit_sl=True,regime=5"
0.4382201824625319,0.45992502714215894,0.4849752341738008,0.5309528542551205,0.3781246602478059,0.5841227710585118,0.6587531385714633,0.4382789918454153,0.6507755858536104,0.720510197944097,0.76734626,0.4624484832560358,0.34510862703117506,0.20447104953920633,0.5,0.5892624,0.11058558620989149,0.9637346346924517,0.9637346351350263,0.0,0.0,1.0,0.39130434,0.33333334,0.74649704,0.49633616442405737,1.0,0.08333333333333331,0.2000000400000022,0.7999999279999885,0.20000000000000018,0.7999999999999999,0.1999999999999999,0.20000000000000018,-1.0,1.3,2020-02-26T09:00:00,EURUSD,H1,4,BUY,-52.32192477932385,12,"hit_tp=False,hit_sl=True,regime=4"
0.4188060925654597,0.42156616648303086,0.48242911064534044,0.46238075146838686,0.23790872612169267,0.4564582265060225,0.6310900098402804,0.4108317764860889,0.39658752181967355,0.26318262191900577,0.27613685,0.3121755187057466,0.06603027213807233,0.7277983619415737,0.5,0.42538273,0.009099731770710618,0.9252990100207563,0.9252989499134875,0.0,1.0,0.0,0.26086956,0.5,0.2334168,0.4548572302784921,1.0,0.3333333333333333,0.8000001028571486,0.1999999519999923,0.8000000000000003,0.20000000000000007,0.7999999999999998,0.8000000000000003,-1.0,1.3,2020-07-23T06:00:00,EURUSD,H1,3,BUY,-6.67635311446535,9,"hit_tp=False,hit_sl=True,regime=3"
0.443615363717889,0.49003857054811367,0.5167869162969859,0.4980055455126426,0.3431984854599818,0.43057825468871663,0.5295956200870412,0.47323548021379147,0.7639763665773953,0.7277413968329935,0.8797773,0.7443718860364065,0.22918777788764735,0.7787396244325803,0.5,0.5335151,0.22671491652368186,0.6548557458798906,0.6548557500919556,0.0,0.0,1.0,0.4347826,0.33333334,0.7723095,0.5002708723195531,0.08333333333333331,1.0,0.2000000400000022,0.7999999279999885,0.20000000000000018,0.7999999999999999,0.1999999999999999,0.20000000000000018,1.0,1.95,2020-01-22T10:00:00,EURUSD,H1,4,SELL,88.34264220288546,13,"hit_tp=True,hit_sl=False,regime=4"
0.41835184912990664,0.42193367544550175,0.4826382072008132,0.4766474432347988,0.9976905238799331,0.8329940358618002,0.570690065177495,0.4584513723746263,0.4668298617975612,0.7086167357173428,0.6987182,0.5072372583132786,0.367743540509818,0.8219996772545646,0.5,0.4979532,0.016861067299403204,0.9969307491209097,0.9969306515281208,0.0,1.0,0.0,0.08695652,0.8333333,0.45253003,0.5443439358801417,1.0,0.3333333333333333,0.8000001028571486,0.1999999519999923,0.8000000000000003,0.20000000000000007,0.7999999999999998,0.8000000000000003,-1.0,1.3,2020-02-29T02:00:00,EURUSD,H1,3,BUY,-6.657296971757098,3,"hit_tp=False,hit_sl=True,regime=3"
0.3760570515083455,0.38436885244750885,0.44472538256951216,0.4385120840106876,0.1211705951043767,0.2624570331421101,0.4768704690932004,0.40169737706181674,0.35190910062378117,0.3906470166390387,0.0,0.48837409790630726,0.26826592558052365,0.2284629884584601,0.5,0.3811657,0.07747807181670598,0.9635216787169443,0.9635216791621178,0.0,0.0,1.0,0.39130434,0.33333334,0.19304428,0.4847760281173077,1.0,0.08333333333333331,0.2000000400000022,0.7999999279999885,0.20000000000000018,0.7999999999999999,0.1999999999999999,0.20000000000000018,-1.0,1.3,2020-06-10T09:00:00,EURUSD,H1,4,BUY,-47.85050855348416,7,"hit_tp=False,hit_sl=True,regime=4"
0.41184041771506796,0.4286676082064737,0.49036954906451913,0.4773546973744511,0.17262551320691777,0.13738071289850365,0.25567968025752946,0.330939461037144,0.5189701934311008,0.5908309061325167,0.5963887,0.8542962024676055,0.27899108104775605,0.7942892934221215,0.5,0.5245391,0.022280910584385045,0.9028801886860724,0.9028801898713016,1.0,0.0,0.0,0.13043478,0.0,0.38295618,0.3793542361137504,1.0,0.41666666666666663,1.0,0.0,1.0,0.0,1.0,1.0,1.0,1.95,2020-06-22T03:00:00,EURUSD,H1,1,BUY,13.610278600069137,4,"hit_tp=True,hit_sl=False,regime=1"
0.45254171196227444,0.4758345995538607,0.5553600682832474,0.5378010040868095,0.3659981110098275,0.4030818473197655,0.5687473796404092,0.5962523451027977,0.8529639214505369,0.6669058002255629,0.7606851,0.7227754737595918,0.22623235340884615,0.24158678328214686,0.5,0.9383627,0.47082967209131066,0.5455511916326876,0.5455512215862427,0.0,0.0,1.0,0.95652175,0.6666667,0.7492465,0.5171699488968129,0.08333333333333331,1.0,0.2000000400000022,0.7999999279999885,0.20000000000000018,0.7999999999999999,0.1999999999999999,0.20000000000000018,1.0,2.0,2020-01-03T22:00:00,EURUSD,H1,4,SELL,85.07837180983246,37,"hit_tp=True,hit_sl=False,regime=4"
0.4188711642461572,0.42411594634365823,0.4849615545619174,0.4767984599914217,0.3226055082805071,0.33146783603501606,0.4019769725487889,0.43090087117649783,0.36067691836368865,0.5300263086164281,0.43920115,0.5278795124151715,0.4412041607655456,0.84493565128586,0.5,0.5231433,0.01271688181372155,0.9208510370022417,0.9208511600059651,0.0,1.0,0.0,0.3043478,0.33333334,0.3496603,0.4109651081276643,1.0,0.3333333333333333,0.8000001028571486,0.1999999519999923,0.8000000000000003,0.20000000000000007,0.7999999999999998,0.8000000000000003,-1.0,1.3,2020-01-29T07:00:00,EURUSD,H1,3,BUY,-6.01778334683889,18,"hit_tp=False,hit_sl=True,regime=3"
0.41126604816832996,0.40766568584978113,0.46867601778922857,0.4496957337524734,0.2676107192731547,0.39777251354521664,0.4268861096697187,0.34233693499123535,0.20288934939250444,0.25714017810732187,0.07102001,0.14531045655107472,0.24109647214789579,0.23694587824285776,0.5,0.26670292,0.015173264756075814,0.8938367477539155,0.8938368710873154,1.0,0.0,0.0,0.6086956,0.0,0.16562487,0.4830841111640798,1.0,0.41666666666666663,1.0,0.0,1.0,0.0,1.0,1.0,-1.0,1.3,2020-08-10T14:00:00,EURUSD,H1,1,BUY,-11.69599831986945,3,"hit_tp=False,hit_sl=True,regime=1"
0.39901205128673517,0.40401630002020006,0.46698097325815535,0.4622341573162317,0.44514483004267663,0.467233674881046,0.5416892833784748,0.4354803860843831,0.30985616038549796,0.45269179408154303,0.013590703,0.2325439645064438,0.08901256974623252,0.28442970801842654,0.5,0.45279577,0.019811936896357053,0.889447535940104,0.8894475616968235,1.0,0.0,0.0,0.47826087,0.0,0.35422304,0.5053267084090034,1.0,0.41666666666666663,1.0,0.0,1.0,0.0,1.0,1.0,-1.0,1.3,2020-05-25T11:00:00,EURUSD,H1,1,BUY,-13.325277652094236,5,"hit_tp=False,hit_sl=True,regime=1"
0.41441190370695435,0.4254041652182632,0.47420479160634754,0.45564446053617585,0.44449382350871003,0.42725756108655727,0.4365304117980412,0.3500152947390031,0.30396269616012284,0.44189805465803045,0.24771866,0.47222337579870055,0.5220221003091445,0.8701687230376646,0.5,0.3177655,0.02198054944963563,0.8711337125674499,0.8711336897325445,1.0,0.0,0.0,0.0,0.8333333,0.28710315,0.41216586395817967,1.0,0.41666666666666663,1.0,0.0,1.0,0.0,1.0,1.0,1.0,1.95,2020-01-11T00:00:00,EURUSD,H1,1,BUY,19.559967635971454,15,"hit_tp=True,hit_sl=False,regime=1"
0.4164811127405022,0.4193030013075055,0.49024523484882426,0.44674008932012,0.05158625895748596,0.0,0.1395086294341586,0.3176858683465872,0.07580673832333776,0.2965589350519295,0.19771878,0.08735002844932092,0.31752407939505667,0.2130835405962131,0.5,0.07311902,0.06482141916670593,0.7857906962011667,0.7857906988153301,0.0,0.0,1.0,1.0,1.0,0.28863537,0.541974864331676,1.0,0.08333333333333331,0.2000000400000022,0.7999999279999885,0.20000000000000018,0.7999999999999999,0.1999999999999999,0.20000000000000018,-1.0,1.3,2020-04-19T23:00:00,EURUSD,H1,4,BUY,-26.12179818668237,1,"hit_tp=False,hit_sl=True,regime=4"
0.4199256475873567,0.42065168411003184,0.48109951047619887,0.47222748873811476,0.4330701583072737,0.3412713852437697,0.31473463645426336,0.33264628424363213,0.3115429802819562,0.42932861999759075,0.05384125,0.2585176572873533,0.2568966919096359,0.23201270190087683,0.5,0.46522424,0.007990741100063476,0.9166596484757069,0.9166596494927745,0.0,1.0,0.0,0.3478261,0.16666667,0.5154631,0.5794211203936533,1.0,0.3333333333333333,0.8000001028571486,0.1999999519999923,0.8000000000000003,0.20000000000000007,0.7999999999999998,0.8000000000000003,1.0,1.95,2020-06-23T08:00:00,EURUSD,H1,3,BUY,7.482559694815816,13,"hit_tp=True,hit_sl=False,regime=3"
0.4281784014682645,0.42952690122363285,0.49430321294640506,0.48950218755657454,0.32363041837607537,0.36667719758532286,0.42772341136462766,0.36226283182158187,0.665683954257974,0.681886771949994,1.0,0.8003946336135915,0.20940704752719946,0.7725636436543364,0.5,0.64676857,0.042095135930251146,0.8708066024260457,0.8708066284102551,1.0,0.0,0.0,0.13043478,0.6666667,0.62250197,0.4790516636725683,0.41666666666666663,1.0,1.0,0.0,1.0,0.0,1.0,1.0,-1.0,1.3,2020-06-12T03:00:00,EURUSD,H1,2,SELL,-10.590989203107526,12,"hit_tp=False,hit_sl=True,regime=2"
0.4158388430068043,0.4201017919522213,0.4802115889571403,0.4714715347352461,0.8152692400291153,0.7154306559511021,0.6043063751320809,0.43663043359789155,0.2977522521529087,0.4651884649833905,0.37698403,0.5032107655876625,0.641253158069075,0.9073952337391225,0.5,0.33128253,0.013532837529555579,0.9496592820327798,0.9496592826471272,0.0,1.0,0.0,0.3043478,0.8333333,0.31456637,0.5153989703057569,1.0,0.3333333333333333,0.8000001028571486,0.1999999519999923,0.8000000000000003,0.20000000000000007,0.7999999999999998,0.8000000000000003,-1.0,1.56,2020-03-07T07:00:00,EURUSD,H1,3,BUY,-7.338469575497442,22,"hit_tp=False,hit_sl=True,regime=3"
0.414314995356094,0.42057939126797084,0.48051623421012074,0.47502729767698765,0.2829311023209192,0.4297075690596667,0.4682760297478894,0.42854120775738974,0.4907154626040266,0.6407382416781918,0.7102996,0.519219018196758,0.8380227030398031,0.9688308289563674,0.5,0.4720024,0.015018461899521659,0.9296516715109778,0.9296516479619321,0.0,1.0,0.0,0.08695652,1.0,0.3887106,0.5434416395666823,1.0,0.3333333333333333,0.8000001028571486,0.1999999519999923,0.8000000000000003,0.20000000000000007,0.7999999999999998,0.8000000000000003,-1.0,1.3,2020-03-15T02:00:00,EURUSD,H1,3,BUY,-7.020402613129306,11,"hit_tp=False,hit_sl=True,regime=3"
0.421545761378986,0.42661111882178165,0.4761588234166757,0.46629010049034564,0.3642189030028692,0.490359793068237,0.5456987863041313,0.40770021098012815,0.3847988378702441,0.4326551108622427,0.17994589,0.2912757930283012,0.5639589173751172,0.1361413383797359,0.5,0.39686686,0.016404876543380985,0.9355791698985837,0.9355791706847617,1.0,0.0,0.0,0.73913044,0.16666667,0.4341637,0.6800488402402962,1.0,0.41666666666666663,1.0,0.0,1.0,0.0,1.0,1.0,1.0,2.0,2020-08-18T17:00:00,EURUSD,H1,1,BUY,21.246371972942768,94,"hit_tp=True,hit_sl=False,regime=1"
0.4199899216830269,0.42422431557405377,0.48357154930811136,0.47119088534501147,0.19124289943459505,0.15788133584203687,0.24834156114371542,0.367320601813053,0.5824019231876688,0.6910230932897468,0.748349,0.46759413140363915,0.2791972175229601,0.7943536391904498,0.5,0.64345133,0.017305141076779364,0.9987538109204044,0.9987537499167094,0.0,1.0,0.0,0.08695652,0.5,0.4466939,0.4352257109662066,1.0,0.3333333333333333,0.8000001028571486,0.1999999519999923,0.8000000000000003,0.20000000000000007,0.7999999999999998,0.8000000000000003,1.0,1.95,2020-03-19T02:00:00,EURUSD,H1,3,BUY,9.072285033706606,4,"hit_tp=True,hit_sl=False,regime=3"
0.41407819933550866,0.41729555358332165,0.4676700109440766,0.4537996941496162,0.426494294432474,0.38470418502282544,0.4807192550985844,0.46991641510344895,0.20224608160327237,0.20385639269629693,0.1824382,0.25243600705213676,0.6791585894807588,0.10017351523785771,0.5,0.39952633,0.021194482866311308,0.8515196495698979,0.8515196513819198,1.0,0.0,0.0,0.13043478,0.6666667,0.23076765,0.6777997289788438,1.0,0.41666666666666663,1.0,0.0,1.0,0.0,1.0,1.0,-1.0,1.56,2020-04-03T03:00:00,EURUSD,H1,1,BUY,-14.104220339787863,66,"hit_tp=False,hit_sl=True,regime=1"
0.41583461499193636,0.41829656404574933,0.4828294474363336,0.47465451324105284,0.2356636088506582,0.3029843088260507,0.44613349597449337,0.42638604850127104,0.6969196239060087,0.6155032030832419,0.78058475,0.6230390146412685,0.36405338772832607,0.8208475760920191,0.5,0.50413084,0.03449235551145126,0.7807049902077472,0.7807050172915369,1.0,0.0,0.0,0.39130434,0.16666667,0.69722205,0.479177147687957,0.41666666666666663,1.0,1.0,0.0,1.0,0.0,1.0,1.0,-1.0,1.3,2020-03-31T09:00:00,EURUSD,H1,2,SELL,-13.211075058261468,16,"hit_tp=False,hit_sl=True,regime=2"
0.41457141097712064,0.42650962283524285,0.4881219136160274,0.478767870181622,0.5620625680015294,0.4425731865986778,0.47405562493134557,0.4208067104932322,0.6671105623008088,0.5703969779682732,0.7931621,0.6176352964772464,0.11652038854852446,0.2758411768071651,0.5,0.8211987,0.05938548882316362,0.8590975018506728,0.8590974425513126,1.0,0.0,0.0,0.5652174,0.33333334,0.7295163,0.720071522534705,0.41666666666666663,1.0,1.0,0.0,1.0,0.0,1.0,1.0,-1.0,1.3,2020-05-13T13:00:00,EURUSD,H1,2,SELL,-11.378628030398463,6,"hit_tp=False,hit_sl=True,regime=2"
0.42136133922349706,0.4313008659795887,0.4899877198742261,0.4787544722029432,0.08641856133119527,0.1549010175138693,0.19897102195977387,0.37751127647565763,0.4013037098465822,0.5196197454407486,0.5193826,0.6818378583971189,0.06425477894834603,0.7272440063967318,0.5,0.42982617,0.019942113107200243,0.9151219354796114,0.9151219731267869,1.0,0.0,0.0,0.6086956,0.16666667,0.3643587,0.35629368684803625,1.0,0.41666666666666663,1.0,0.0,1.0,0.0,1.0,1.0,1.0,1.95,2020-01-07T14:00:00,EURUSD,H1,1,BUY,16.180977786319772,7,"hit_tp=True,hit_sl=False,regime=1"
0.3514978685752632,0.32419284705959484,0.37070178063387305,0.33268169424119065,0.3128513055226078,0.2626643813048486,0.31912171935115735,0.29751506092632224,0.1580727132947973,0.3582911022779454,0.13731922,0.16080804638272128,0.7608565287357576,0.07466568590007122,0.5,0.061359443,0.0,0.2436008761289519,0.24360088658025902,0.0,0.0,1.0,0.9130435,0.5,0.13064435,0.6435805985444986,1.0,0.0,0.0,1.0,0.0,1.0,0.0,0.0,-1.0,1.0,2020-02-13T21:00:00,EURUSD,H1,5,BUY,-92.9231532176522,18,"hit_tp=False,hit_sl=True,regime=5"
0.41598963150084906,0.4178835263868669,0.47815902590882425,0.47331731146913253,0.1261861320625769,0.19566589343541013,0.35890586744530967,0.37164281602532073,0.6112588002680563,0.6877793868201909,0.7370695,0.538834428916102,0.4821380454858146,0.8577160840357583,0.5,0.60731816,0.047993999720960225,0.8096699561917218,0.8096698364766612,1.0,0.0,0.0,0.3478261,0.5,0.68555814,0.37705598777711063,0.41666666666666663,1.0,1.0,0.0,1.0,0.0,1.0,1.0,1.0,1.95,2020-06-11T08:00:00,EURUSD,H1,2,SELL,19.475489610463192,5,"hit_tp=True,hit_sl=False,regime=2"
0.41504866047488637,0.413284791043494,0.4676781267126412,0.46423294094598067,0.18692918504945524,0.10604708692865887,0.35717506277142924,0.3627949921050531,0.4566358340639381,0.46936168761744673,0.20416236,0.3697466863814456,0.39014877623753796,0.8289951135222817,0.5,0.24041718,0.01223300652417159,0.7682157507389481,0.7682156681411276,1.0,0.0,0.0,0.95652175,1.0,0.2532135,0.4097298892631864,1.0,0.41666666666666663,1.0,0.0,1.0,0.0,1.0,1.0,-1.0,1.56,2020-04-05T22:00:00,EURUSD,H1,1,BUY,-10.481221995115586,26,"hit_tp=False,hit_sl=True,regime=1"
0.4135809942816021,0.419380733029127,0.4589659980717827,0.46147828271024866,0.45322606874762233,0.5770100634678436,0.5607069558970672,0.5554328197644509,0.3918456341086142,0.2898764441100922,0.010645589,0.3027172013815094,0.2916226635977599,0.2211705202080427,0.5,0.43740347,0.013846532284069879,0.8299058750453171,0.82990590152867,1.0,0.0,0.0,0.08695652,0.5,0.18172109,0.4018293540233402,1.0,0.41666666666666663,1.0,0.0,1.0,0.0,1.0,1.0,-1.0,1.56,2020-11-05T02:00:00,EURUSD,H1,1,BUY,-13.72525930702917,33,"hit_tp=False,hit_sl=True,regime=1"
0.41356936309879594,0.42215769208278897,0.4809191410193116,0.4620558367872683,0.41149100834894714,0.584668696405287,0.5153762723767563,0.4370397865096395,0.29909895438668216,0.3261181306163776,0.17107308,0.22828116878304788,0.5481156388163354,0.14108794531242755,0.5,0.2746964,0.009878453232657262,0.9637470093262147,0.9637469609535155,0.0,1.0,0.0,1.0,1.0,0.22246234,0.614261130475139,1.0,0.3333333333333333,0.8000001028571486,0.1999999519999923,0.8000000000000003,0.20000000000000007,0.7999999999999998,0.8000000000000003,1.0,2.0,2020-02-02T23:00:00,EURUSD,H1,3,BUY,11.223003656453123,42,"hit_tp=True,hit_sl=False,regime=3"
0.41456798274214335,0.4492902014855355,0.48345764114576123,0.46305590420318093,0.28140069159348136,0.3326178880613293,0.7866350699137907,0.5578171585210274,0.5338756019830404,0.47753225509522335,0.36996686,0.26156999985587714,0.12968629793228054,0.2717305045809162,0.5,0.413739,0.07630947266103227,0.9304562179660668,0.9304562676298869,0.0,0.0,1.0,0.6956522,0.6666667,0.5941757,0.6501447164427054,1.0,0.08333333333333331,0.2000000400000022,0.7999999279999885,0.20000000000000018,0.7999999999999999,0.1999999999999999,0.20000000000000018,-1.0,1.3,2020-02-07T16:00:00,EURUSD,H1,4,BUY,-61.76410475940308,10,"hit_tp=False,hit_sl=True,regime=4"
0.41592790955336234,0.4205714282729208,0.48009490520194104,0.46730123549392877,0.37450369109284876,0.25358039930530635,0.372606883784036,0.4158173033219604,0.7573044509581108,0.5140656214237652,0.5559677,0.43569486987997286,0.013258178234559761,0.3080818608481981,0.5,0.6337248,0.0475113371456449,0.869320011067853,0.8693200370702044,1.0,0.0,0.0,0.5652174,0.33333334,0.6364911,0.4247404376977209,0.41666666666666663,1.0,1.0,0.0,1.0,0.0,1.0,1.0,1.0,1.95,2020-08-19T13:00:00,EURUSD,H1,2,SELL,21.850724723586623,17,"hit_tp=True,hit_sl=False,regime=2"
0.38204261560876385,0.3427841787226565,0.38787377004596696,0.362267258621113,0.4277474313773315,0.4173304641706128,0.3791252767435244,0.36608473746103887,0.16849085288885826,0.3560519586103017,0.11714223,0.20090373659042232,0.3395260609322215,0.8131895632457619,0.5,0.21296844,0.05915443788731783,0.5863447942252783,0.5863447992734357,0.0,0.0,1.0,0.04347826,0.33333334,0.17751604,0.5362361612523683,1.0,0.08333333333333331,0.2000000400000022,0.7999999279999885,0.20000000000000018,0.7999999999999999,0.1999999999999999,0.20000000000000018,1.0,1.95,2020-04-08T01:00:00,EURUSD,H1,4,BUY,65.82687906069972,17,"hit_tp=True,hit_sl=False,regime=4"
0.411378163913246,0.4309170437086626,0.48443614164091997,0.4546770172835498,0.4121427347259645,0.3810516018694457,0.5580762136843784,0.4397007377468953,0.43588994264501363,0.3884874373058397,0.28136164,0.3671550114203463,0.4831169278052436,0.8580217553158239,0.5,0.4385957,0.016933279003735622,0.7664224783684628,0.7664224934227724,1.0,0.0,0.0,0.4347826,0.8333333,0.23760036,0.5141268357461405,1.0,0.41666666666666663,1.0,0.0,1.0,0.0,1.0,1.0,-1.0,1.3,2020-05-30T10:00:00,EURUSD,H1,1,BUY,-12.639642671554707,7,"hit_tp=False,hit_sl=True,regime=1"
0.42051978117070615,0.4359521978365871,0.4904490207550878,0.4725628322401482,0.4162925933115771,0.4094443255356691,0.5365040392949377,0.4114599413612404,0.5923946401309068,0.6381378264297437,0.5157934,0.7118426691415286,0.2077491682159663,0.7720460241136748,0.5,0.5623272,0.028459270819185,0.8572795046202233,0.8572794697506109,1.0,0.0,0.0,0.9130435,0.8333333,0.437461,0.5058605605102223,1.0,0.41666666666666663,1.0,0.0,1.0,0.0,1.0,1.0,-1.0,1.3,2020-08-08T21:00:00,EURUSD,H1,1,BUY,-12.455309945864634,9,"hit_tp=False,hit_sl=True,regime=1"
0.4163956592753581,0.42514498694371794,0.4830164822175842,0.46922684120191605,0.33510984091212365,0.43753711517917565,0.5091251710328986,0.49024588179741785,0.31262411230857995,0.475226883911503,0.2905375,0.4821301991947852,0.11915802893014657,0.2750176520543357,0.5,0.39510408,0.009519182136280436,0.9983175257556828,0.9983175867951187,0.0,1.0,0.0,0.6086956,1.0,0.397132,0.5385380466549402,1.0,0.3333333333333333,0.8000001028571486,0.1999999519999923,0.8000000000000003,0.20000000000000007,0.7999999999999998,0.8000000000000003,-1.0,1.3,2020-02-16T14:00:00,EURUSD,H1,3,BUY,-6.90903281000077,16,"hit_tp=False,hit_sl=True,regime=3"
0.413489026674387,0.4222944850051836,0.48430418847667783,0.4668918473502918,0.5410123318753176,0.5092214096993704,0.8442311459353575,0.696038945383268,0.20144501285428848,0.34776779988851386,0.2667317,0.4114931097897169,0.06275077355522013,0.2926292072558599,0.5,0.25114405,0.015656727491792814,0.9981049969125044,0.9981049969356306,0.0,1.0,0.0,0.9130435,0.33333334,0.26395556,0.49935338837342597,1.0,0.3333333333333333,0.8000001028571486,0.1999999519999923,0.8000000000000003,0.20000000000000007,0.7999999999999998,0.8000000000000003,-1.0,1.3,2020-01-22T21:00:00,EURUSD,H1,3,BUY,-10.190617552163772,18,"hit_tp=False,hit_sl=True,regime=3"
0.4268624052898757,0.42562912803155456,0.4799145801211828,0.457851866332138,0.4248965844801521,0.3809073761277691,0.3995731680693241,0.33280359513823937,0.2835516354950705,0.35927596023109754,0.3198216,0.38909312328892,0.037475860942378106,0.7188830651283492,0.5,0.22760284,0.024115748838335258,0.9151656616263303,0.91516566266163,1.0,0.0,0.0,0.82608694,0.8333333,0.25775263,0.6710658114607491,1.0,0.41666666666666663,1.0,0.0,1.0,0.0,1.0,1.0,-1.0,1.3,2020-07-25T19:00:00,EURUSD,H1,1,BUY,-10.58044844148176,4,"hit_tp=False,hit_sl=True,regime=1"
0.4160957866871766,0.42735339797824584,0.48929222322783295,0.4722421430148824,0.37161662022926617,0.36276926988557356,0.37470844779572665,0.30412363168081114,0.6150206706351298,0.48156795230311605,0.6248409,0.5241666128467156,0.5211701281283649,0.14950088882068982,0.5,0.7700688,0.050784547572122994,0.8459607663823034,0.8459608292810681,1.0,0.0,0.0,0.26086956,0.16666667,0.65466857,0.5559583766208815,0.41666666666666663,1.0,1.0,0.0,1.0,0.0,1.0,1.0,1.0,1.95,2020-06-09T06:00:00,EURUSD,H1,2,SELL,16.286091049428908,13,"hit_tp=True,hit_sl=False,regime=2"
0.41563768850513244,0.42478220207021866,0.48055121600198447,0.46962281917616866,0.22454797547131145,0.22474894168999313,0.41040705485140533,0.37950684757469483,0.6645674264789139,0.4372739033813112,0.5914437,0.2780703331463605,0.3724527206545973,0.19593364433325935,0.5,0.65715957,0.08884296898315874,0.7771593281325619,0.7771593796671834,1.0,0.0,0.0,0.13043478,1.0,0.68733174,0.5866206871656454,0.41666666666666663,1.0,1.0,0.0,1.0,0.0,1.0,1.0,1.0,2.0,2020-04-12T03:00:00,EURUSD,H1,2,SELL,20.17451657313929,24,"hit_tp=True,hit_sl=False,regime=2"
0.4205803747991169,0.422379793693146,0.4789299877365525,0.4724150543049399,0.35040167425245006,0.3458906783388992,0.602143811493135,0.49457963214195677,0.425644454304763,0.502432022897611,0.4313191,0.5440202131740292,0.051600533873583335,0.7232930953559579,0.5,0.3400129,0.012913858944472008,0.9781126411167417,0.9781126169762889,0.0,1.0,0.0,0.8695652,0.16666667,0.36602324,0.45136914779059145,1.0,0.3333333333333333,0.8000001028571486,0.1999999519999923,0.8000000000000003,0.20000000000000007,0.7999999999999998,0.8000000000000003,-1.0,1.56,2020-05-05T20:00:00,EURUSD,H1,3,BUY,-6.889534450955637,41,"hit_tp=False,hit_sl=True,regime=3"
0.4219986932066714,0.42899553932538304,0.542628002906964,0.5369278362794009,0.28650972274317643,0.4049231229794161,0.5505289529914039,0.47668261137433426,0.4799096537871306,0.6091567519036748,0.6603235,0.6246708310246153,0.13067341276070343,0.2714223149206897,0.5,0.4291073,0.2327736368399023,0.9852555628524673,0.9852555630324054,0.0,0.0,1.0,0.6956522,1.0,0.48981372,0.27949237544154976,1.0,0.0,0.0,1.0,0.0,1.0,0.0,0.0,1.0,2.0,2020-04-12T16:00:00,EURUSD,H1,5,BUY,205.31910755361204,26,"hit_tp=True,hit_sl=False,regime=5"
0.4266129597760843,0.42848878110492394,0.4825512742568223,0.47852993552938805,0.38471293226468445,0.43582511272367874,0.4016781883588701,0.35952280564130357,0.3377032174699057,0.47281914363544325,0.4402318,0.47324459992294293,0.45684333785134656,0.8498185362691624,0.5,0.3520555,0.02191076756264304,0.943044466708751,0.9430444674038239,1.0,0.0,0.0,0.5217391,0.16666667,0.3560274,0.5970152538964453,1.0,0.41666666666666663,1.0,0.0,1.0,0.0,1.0,1.0,-1.0,1.3,2020-07-14T12:00:00,EURUSD,H1,1,BUY,-10.699898620911696,4,"hit_tp=False,hit_sl=True,regime=1"
0.47653877976641845,0.3871166644481484,0.3887460662534713,0.3348154085327625,0.33867889596231615,0.33131689111508544,0.3121149800689509,0.369766801206185,0.18322282429513695,0.2531175774147638,0.21169907,0.20442176758381073,0.09884810549155522,0.28135885301138025,0.5,0.2720154,0.21773383209382388,0.9087480594005363,0.9087481825519619,0.0,0.0,1.0,0.3043478,0.5,0.2221922,0.5517923743913077,1.0,0.0,0.0,1.0,0.0,1.0,0.0,0.0,-1.0,1.56,2020-04-30T07:00:00,EURUSD,H1,5,BUY,-109.99517836280724,23,"hit_tp=False,hit_sl=True,regime=5"
0.40762538422499306,0.4185673257935056,0.4790263563083593,0.4663658935150782,0.38686373789533585,0.5575199828519,0.5474557520598635,0.5276448690074054,0.49926774184913814,0.5156894211131159,0.39164943,0.4405114059801467,0.08898671596798727,0.28443778878412596,0.5,0.45151398,0.009444921060388087,0.955083130385475,0.9550832529714377,0.0,1.0,0.0,0.0,0.33333334,0.38499248,0.4326203978354783,1.0,0.3333333333333333,0.8000001028571486,0.1999999519999923,0.8000000000000003,0.20000000000000007,0.7999999999999998,0.8000000000000003,1.0,2.0,2020-06-17T00:00:00,EURUSD,H1,3,BUY,12.09488360728983,32,"hit_tp=True,hit_sl=False,regime=3"
0.4053593766616355,0.4088864520557959,0.47749261200739723,0.47576359440306093,0.19720151619443724,0.36630838409914346,0.42671774481546826,0.33031164074776165,0.6038457682209564,0.5116724435115454,0.6140026,0.46517497984423267,0.054760707326072744,0.29512387652086336,0.5,0.5444658,0.0852107235353415,0.8065572842604336,0.8065573842514115,1.0,0.0,0.0,0.04347826,0.5,0.6889148,0.5882953097131441,0.41666666666666663,1.0,1.0,0.0,1.0,0.0,1.0,1.0,-1.0,1.3,2020-04-02T01:00:00,EURUSD,H1,2,SELL,-11.644301329361006,4,"hit_tp=False,hit_sl=True,regime=2"
0.4034361478137108,0.40939438826211527,0.4721327871972068,0.47196087051442825,0.0970738367784676,0.06651142630962066,0.23742591868279045,0.23573621105398934,0.624987871609195,0.5240636694422229,0.52604866,0.34442107462985944,0.06365408329208604,0.2923471717822573,0.5,0.67859113,0.061232089943203394,0.7689251077035525,0.7689250739121978,1.0,0.0,0.0,0.6086956,0.8333333,0.61192137,0.6154055379873508,0.41666666666666663,1.0,1.0,0.0,1.0,0.0,1.0,1.0,-1.0,1.3,2020-01-18T14:00:00,EURUSD,H1,2,SELL,-7.779813667601054,4,"hit_tp=False,hit_sl=True,regime=2"
0.41937544720341136,0.4290680972795612,0.5019244557159811,0.4973248414189106,0.15414565360413035,0.1831148470022607,0.31889831143361536,0.27638630506784917,0.6902625279616199,0.6773611449170756,0.8244016,0.7701647381018841,0.16345780732765447,0.26118631832447686,0.5,0.4957829,0.03799155581303596,0.8084277699522389,0.8084277356788024,1.0,0.0,0.0,0.73913044,0.0,0.893052,0.4586838009716186,0.41666666666666663,1.0,1.0,0.0,1.0,0.0,1.0,1.0,-1.0,1.3,2020-02-03T17:00:00,EURUSD,H1,2,SELL,-10.290354865061246,16,"hit_tp=False,hit_sl=True,regime=2"
0.43405991984075776,0.43981747944915833,0.545913717228843,0.5337874056562278,0.42366126060061926,0.337215840667779,0.3104230033675728,0.33703136288578295,0.7435111712321462,0.6251240714600667,0.9001538,0.6258276882211978,0.02444856296005506,0.7148156847812404,0.5,0.76806384,0.40584061654853676,0.6056996245104103,0.6056996537299271,0.0,0.0,1.0,0.7826087,0.33333334,0.7293485,0.517541610916665,0.0,1.0,0.0,1.0,0.0,1.0,0.0,0.0,-1.0,1.3,2020-01-01T18:00:00,EURUSD,H1,5,SELL,-109.7343812285545,14,"hit_tp=False,hit_sl=True,regime=5"
0.4059455998866035,0.3967341223553148,0.4621062793101168,0.4655087576652502,0.7771633110735494,0.8563316031186451,0.6260446347031439,0.47850828670719575,0.41607824188944104,0.47269418605794006,0.070902325,0.3619194652829021,0.5038326954372198,0.8644896602530725,0.5,0.4751397,0.027600047769391182,0.9682206835071601,0.9682206228760846,1.0,0.0,0.0,0.13043478,0.33333334,0.14777015,0.4513108918469287,1.0,0.41666666666666663,1.0,0.0,1.0,0.0,1.0,1.0,-1.0,1.3,2020-02-12T03:00:00,EURUSD,H1,1,BUY,-14.6211697655807,17,"hit_tp=False,hit_sl=True,regime=1"
0.413585632877524,0.42290882462902013,0.48897344775167223,0.4757921641736215,0.17833234350846938,0.3037439545140023,0.42634101052923795,0.3143710431394041,0.5503658175866857,0.726521714755349,0.7938773,0.7671885090971385,0.27595952898578546,0.7933427637043519,0.5,0.56483036,0.029382379654859216,0.8820734013727471,0.8820733051816521,1.0,0.0,0.0,0.17391305,1.0,0.44004756,0.4855111975826739,1.0,0.41666666666666663,1.0,0.0,1.0,0.0,1.0,1.0,-1.0,1.3,2020-11-22T04:00:00,EURUSD,H1,1,BUY,-11.097708503367,2,"hit_tp=False,hit_sl=True,regime=1"
0.41324116181623105,0.42820099210700496,0.4839779230693938,0.46949566382501323,0.7058954328410774,0.8588022575808025,0.6201793679515717,0.5020259658111739,0.2522932056025336,0.3808666591387737,0.31775814,0.5002663350933706,0.11128724158131148,0.2774750799062964,0.5,0.31877455,0.01315263567846857,0.9927397999304848,0.9927398000190867,0.0,1.0,0.0,0.4347826,0.0,0.267378,0.722913182062276,1.0,0.3333333333333333,0.8000001028571486,0.1999999519999923,0.8000000000000003,0.20000000000000007,0.7999999999999998,0.8000000000000003,1.0,2.0,2020-02-17T10:00:00,EURUSD,H1,3,BUY,13.0048616032985,25,"hit_tp=True,hit_sl=False,regime=3"
0.37984878949037115,0.39157664690046873,0.434441108938021,0.38229017662326814,0.42251201286893925,0.3578934966083134,0.5723001391243758,0.4717876506677866,0.17453562681142767,0.2526167138017063,0.16001588,0.13426618978584232,0.3690809532209414,0.19698638615669992,0.5,0.21701838,0.005628821204805027,0.3087996252560612,0.3087995848761964,0.0,0.0,1.0,0.73913044,0.8333333,0.14363033,0.49298556722097575,1.0,0.08333333333333331,0.2000000400000022,0.7999999279999885,0.20000000000000018,0.7999999999999999,0.1999999999999999,0.20000000000000018,-1.0,1.0,2020-06-13T17:00:00,EURUSD,H1,4,BUY,-50.42380876998376,13,"hit_tp=False,hit_sl=True,regime=4"
0.3802067062138565,0.39427517645219323,0.42504161788456873,0.45382080504352296,0.38096560015248965,0.3028408559476005,0.46131552737422615,0.36540898978576614,0.44325403506324035,0.3982998752610984,0.26056966,0.383223828273754,0.5257218268510958,0.1480797426363344,0.5,0.53155196,0.28398771393434064,0.892571154662798,0.8925710949549329,0.0,0.0,1.0,0.82608694,0.5,0.50991684,0.629925082521043,0.08333333333333331,1.0,0.2000000400000022,0.7999999279999885,0.20000000000000018,0.7999999999999999,0.1999999999999999,0.20000000000000018,1.0,1.95,2020-01-09T19:00:00,EURUSD,H1,4,SELL,62.671905072060326,10,"hit_tp=True,hit_sl=False,regime=4"
0.4349450303549604,0.4701876624852413,0.5545954750256878,0.5597451864638547,0.38536567130226485,0.3164603621321624,0.43044225189371393,0.3748159865174076,0.6970942143734762,0.5924649667614046,0.8441715,0.7282674061645761,0.11760606223462301,0.7439014160909404,0.5,0.6463822,0.6901756056410384,0.42946801071135604,0.4294680542853454,0.0,0.0,1.0,0.7826087,0.8333333,0.73964006,0.48722961166177087,0.0,1.0,0.0,1.0,0.0,1.0,0.0,0.0,1.0,1.95,2020-04-11T18:00:00,EURUSD,H1,5,SELL,191.2412637300287,7,"hit_tp=True,hit_sl=False,regime=5"
0.38351783815020885,0.37288610878131323,0.41737436243006126,0.431918949320576,0.5200172430472343,0.38688993686338347,0.6783570362601234,0.5410509334098114,0.32616314071132,0.360844922768167,0.0,0.21154245316634998,0.22426196250619398,0.2422019623287526,0.5,0.5912783,0.07916859545978269,0.8510233706186092,0.8510234212518102,0.0,0.0,1.0,0.08695652,0.16666667,0.37710077,0.5412077788266456,1.0,0.08333333333333331,0.2000000400000022,0.7999999279999885,0.20000000000000018,0.7999999999999999,0.1999999999999999,0.20000000000000018,-1.0,1.3,2020-04-07T02:00:00,EURUSD,H1,4,BUY,-55.62637028411199,13,"hit_tp=False,hit_sl=True,regime=4"
0.42214051554225235,0.41922032273090554,0.47328591877968146,0.4649433813166059,0.3606806425943749,0.32925445039093465,0.513519001025393,0.4106251748445048,0.4093709407241079,0.5183913163326787,0.3516247,0.4412121903779924,0.22998068875390246,0.7789871881337068,0.5,0.25462458,0.019859194868624933,0.8583516555813827,0.8583516939213702,1.0,0.0,0.0,0.5217391,0.33333334,0.29841825,0.6365162530623938,1.0,0.41666666666666663,1.0,0.0,1.0,0.0,1.0,1.0,1.0,2.0,2020-06-03T12:00:00,EURUSD,H1,1,BUY,22.46330711016098,35,"hit_tp=True,hit_sl=False,regime=1"
0.4116442802993454,0.4174668693925481,0.49566671418486385,0.5211276856206315,0.2159596378389087,0.17033448100893664,0.5243246125131046,0.4314739622565469,0.5573068144104779,0.6393863929320341,0.703611,0.8839641011471892,0.028214519574362714,0.7159914679590593,0.5,0.63038516,0.23714855541480367,0.9014399472874771,0.9014399484902825,0.0,0.0,1.0,0.5652174,1.0,0.57634604,0.4429012197838694,0.08333333333333331,1.0,0.2000000400000022,0.7999999279999885,0.20000000000000018,0.7999999999999999,0.1999999999999999,0.20000000000000018,-1.0,1.3,2020-03-01T13:00:00,EURUSD,H1,4,SELL,-49.46917542431039,7,"hit_tp=False,hit_sl=True,regime=4"
0.41875336380511713,0.43613119993825367,0.49609576136340494,0.4709637464014971,0.2777834192596156,0.3352640613394729,0.48158029112706374,0.3089755491301962,0.2895311803940468,0.39985787997983285,0.34591177,0.5742559409484194,0.0763809871962285,0.2883735491112261,0.5,0.3981312,0.011790170408294318,0.7708011949307593,0.7708011611165094,1.0,0.0,0.0,0.73913044,0.16666667,0.38950166,0.4320888411735653,1.0,0.41666666666666663,1.0,0.0,1.0,0.0,1.0,1.0,-1.0,1.3,2020-03-17T17:00:00,EURUSD,H1,1,BUY,-10.468994042269752,5,"hit_tp=False,hit_sl=True,regime=1"
0.4089138849605555,0.41294006595349547,0.4698175996651001,0.4510968141662081,0.17694940300060594,0.3436341069904532,0.3674341411310394,0.3659624844229441,0.4343797851127197,0.42258663002461927,0.14755327,0.3303126181955578,0.42450655127340725,0.8397223155479742,0.5,0.26943693,0.013971965973779499,0.8199435260279003,0.8199435648366122,1.0,0.0,0.0,0.65217394,0.0,0.1666634,0.42298105159923255,1.0,0.41666666666666663,1.0,0.0,1.0,0.0,1.0,1.0,1.0,1.95,2020-03-23T15:00:00,EURUSD,H1,1,BUY,15.80552364379484,13,"hit_tp=True,hit_sl=False,regime=1"
0.26086913155487096,0.15325290771998978,0.11602199989781578,0.12737125772702307,0.24542472942228288,0.25720143702087406,0.49625408422195366,0.5413576896542955,0.23921529158829535,0.11702469375601174,0.078466974,0.06487553098910041,0.36651782167072017,0.8216170105443538,0.5,0.46729442,0.20549408056857588,0.930999212990378,0.9309992382400097,0.0,0.0,1.0,0.47826087,0.5,0.015283014,0.49948795981291605,1.0,0.0,0.0,1.0,0.0,1.0,0.0,0.0,-1.0,1.56,2020-01-16T11:00:00,EURUSD,H1,5,BUY,-133.530814468652,31,"hit_tp=False,hit_sl=True,regime=5"
0.41293564603962396,0.42115171298831605,0.4868360500533548,0.4656027077628198,0.22941533456761612,0.4721335331000758,0.34990711712875233,0.34027541317238286,0.6250482423922576,0.3884992602150958,0.39975405,0.501373085546208,0.40456778449030456,0.18590663863378384,0.5,0.635758,0.09145336755728399,0.7751042846632438,0.7751043362229446,1.0,0.0,0.0,0.08695652,1.0,0.60220844,0.46485761033615985,0.41666666666666663,1.0,1.0,0.0,1.0,0.0,1.0,1.0,-1.0,1.56,2020-04-26T02:00:00,EURUSD,H1,2,SELL,-10.556220726389842,60,"hit_tp=False,hit_sl=True,regime=2"
0.4150030648788868,0.4178676781020428,0.4778534987919641,0.4632043627467925,0.15452061862921365,0.10316094750507918,0.16992273472469965,0.21532161669305308,0.2520838011467269,0.23459256848930835,0.14503689,0.041637024360631936,0.0378266675756343,0.3004110597136932,0.5,0.24204567,0.008785537146938463,0.9211436836665781,0.9211436602213621,0.0,1.0,0.0,0.13043478,0.6666667,0.15177685,0.5180512194054887,1.0,0.3333333333333333,0.8000001028571486,0.1999999519999923,0.8000000000000003,0.20000000000000007,0.7999999999999998,0.8000000000000003,-1.0,1.3,2020-07-24T03:00:00,EURUSD,H1,3,BUY,-4.2213733972529255,5,"hit_tp=False,hit_sl=True,regime=3"
0.4034230186366557,0.3767263720702948,0.3569026123110312,0.36768560778538834,0.45201935557917594,0.4593486561091446,0.5062146357740385,0.47283785820018437,0.19469030301823245,0.42413790625841147,0.075315654,0.13748705938823802,0.5500226208997134,0.1404925505679473,0.5,0.3584546,0.03848800868164796,0.47061926950877175,0.47061927596921826,0.0,0.0,1.0,0.65217394,0.5,0.16318482,0.3832456660690908,1.0,0.08333333333333331,0.2000000400000022,0.7999999279999885,0.20000000000000018,0.7999999999999999,0.1999999999999999,0.20000000000000018,-1.0,1.56,2020-02-20T15:00:00,EURUSD,H1,4,BUY,-44.51653912327159,48,"hit_tp=False,hit_sl=True,regime=4"
0.42648370285628195,0.42489900779178225,0.49903163394053723,0.4743682164867968,0.334647543064031,0.3917192594834655,0.4449660278221175,0.4598922652592785,0.6733489922230116,0.6029866350902072,0.77411497,0.5383170311431376,0.4421177380136287,0.8452209329283855,0.5,0.5485547,0.0513458194390931,0.8835378550725118,0.8835378564937904,1.0,0.0,0.0,0.2173913,0.16666667,0.6821693,0.4370310687395609,0.41666666666666663,1.0,1.0,0.0,1.0,0.0,1.0,1.0,-1.0,1.56,2020-01-14T05:00:00,EURUSD,H1,2,SELL,-11.762681212696968,84,"hit_tp=False,hit_sl=True,regime=2"
0.41058510402165527,0.42766608074276835,0.4911613795859472,0.4758794135777746,0.3907600409168551,0.30943858426598736,0.33788498775824993,0.35583561805559016,0.5276091861458491,0.6442718977881621,0.69473594,0.5868899405180917,0.12741246044811302,0.7469632118607296,0.5,0.42216545,0.018571933126548233,0.8186619459838936,0.8186620702347106,1.0,0.0,0.0,0.95652175,0.8333333,0.6512954,0.5446079114003193,1.0,0.41666666666666663,1.0,0.0,1.0,0.0,1.0,1.0,-1.0,1.3,2020-02-29T22:00:00,EURUSD,H1,1,BUY,-11.510108305392563,10,"hit_tp=False,hit_sl=True,regime=1"
0.4211584956151586,0.426008807599158,0.4883563549394004,0.46501433751504684,0.21497150074257912,0.40493242888357067,0.6190138669360602,0.4371486606306976,0.22883920231143107,0.22547809069531524,0.33620232,0.5696328026788104,0.16638275302315775,0.7591305461157053,0.5,0.24261823,0.01340706404886707,0.8834900162516528,0.8834900176735152,0.0,1.0,0.0,0.08695652,0.8333333,0.2825431,0.480924490591183,1.0,0.3333333333333333,0.8000001028571486,0.1999999519999923,0.8000000000000003,0.20000000000000007,0.7999999999999998,0.8000000000000003,-1.0,1.56,2020-04-25T02:00:00,EURUSD,H1,3,BUY,-7.1020782420117,28,"hit_tp=False,hit_sl=True,regime=3"
0.42241619232837196,0.4393233506214512,0.49341737159562304,0.49350428477739905,0.13192409862625762,0.24530435905900586,0.483887227904296,0.49656396674852205,0.6225210795670648,0.7316598742210669,0.86787254,0.8862469603349955,0.1096033234916309,0.7414028190770624,0.5,0.6252075,0.06436116293058285,0.8022794441504892,0.8022794709709891,1.0,0.0,0.0,0.39130434,0.6666667,0.7789266,0.5663763798918091,0.41666666666666663,1.0,1.0,0.0,1.0,0.0,1.0,1.0,1.0,2.0,2020-02-14T09:00:00,EURUSD,H1,2,SELL,26.301241299899747,61,"hit_tp=True,hit_sl=False,regime=2"
0.41596116987562776,0.4342041688488626,0.4890537021299395,0.4702386684540601,0.16998536071048556,0.1969030108700847,0.45552311822446595,0.39356609677549,0.663745659175737,0.6369163420793467,0.78448373,0.768104285912074,0.17531567278237248,0.7619196174871652,0.5,0.66694534,0.051459941623401645,0.9610438230569424,0.9610438235323552,1.0,0.0,0.0,0.26086956,0.0,0.70511127,0.5628504803033803,0.41666666666666663,1.0,1.0,0.0,1.0,0.0,1.0,1.0,-1.0,1.56,2020-05-11T06:00:00,EURUSD,H1,2,SELL,-12.88997987324514,21,"hit_tp=False,hit_sl=True,regime=2"
0.3638948569111929,0.05874495989052832,0.19671939488948711,0.22822821582849864,0.580929276140103,0.4249538608540201,0.5326617797716742,0.40980267857754843,0.3613123986791292,0.3490386184517213,0.07667489,0.18536468190686672,0.2790509748631901,0.7943079848858837,0.5,0.38801044,0.08203857955821167,0.6731239271122355,0.6731240043240436,0.0,0.0,1.0,0.5217391,1.0,0.08176653,0.2786527896914106,1.0,0.0,0.0,1.0,0.0,1.0,0.0,0.0,-1.0,1.3,2020-01-05T12:00:00,EURUSD,H1,5,BUY,-122.75371902343625,9,"hit_tp=False,hit_sl=True,regime=5"
0.40055139038930226,0.4086760405348591,0.48239425635294547,0.47334055809600684,0.3015276253008532,0.25918337378772854,0.35337483011613,0.3831038885268034,0.6270336909855259,0.43879172943281786,0.4833753,0.3623835612464775,0.2069366935783377,0.247611293890702,0.5,0.7185283,0.08008057504368081,0.9824420544044794,0.9824421766565598,1.0,0.0,0.0,0.65217394,0.6666667,0.65237164,0.4763201852316801,0.41666666666666663,1.0,1.0,0.0,1.0,0.0,1.0,1.0,-1.0,1.3,2020-05-01T15:00:00,EURUSD,H1,2,SELL,-10.944007257600584,9,"hit_tp=False,hit_sl=True,regime=2"
