f0,f1,f2,f3,f4,f5,f6,f7,f8,f9,f10,f11,f12,f13,f14,f15,f16,f17,f18,f19,f20,f21,f22,f23,f24,f25,f26,f27,f28,f29,f30,f31,f32,f33,label,weight,timestamp,symbol,timeframe,regime,trade_type,profit_pips,duration_bars,notes
0.00033706555,-0.003887897,-0.0061295084,-0.0021386144,0.40201625,0.5177543,0.35988784,0.30926886,0.4979742,0.49958134,0.20426363,0.18937936,0.20052743,-0.0013185621,0.0,0.47527143,0.0005425503,0.515048,0.757524,0.0,1.0,0.0,0.08695652,0.6666667,0.48027653,0.6243277,0.7,0.3,0.42000002,0.39999998,0.9,0.2,0.5,0.8,1.0,1.9500000000000002,2020-01-03T02:00:00,EURUSD,H1,3,BUY,9.494273502332895,10,"hit_tp=True,hit_sl=False,regime=3"
0.001372121,3.3558423e-05,0.0011913185,-0.0045566554,0.13905443,0.37567818,0.32102793,0.33893317,0.3300953,0.43238014,0.22731672,0.44278365,0.18634586,0.034135368,0.0,0.42084587,0.0004442471,0.501821,0.75091046,0.0,1.0,0.0,0.6086956,0.0,0.2843647,0.4015102,0.7,0.3,0.42000002,0.39999998,0.9,0.2,0.5,0.8,-1.0,1.3,2020-01-06T14:00:00,EURUSD,H1,3,BUY,-5.6147929402672325,4,"hit_tp=False,hit_sl=True,regime=3"
0.0046002553,0.0024608667,0.004075851,0.0028953957,0.48838797,0.46311516,0.36791006,0.33197433,0.3221714,0.4960106,0.4532947,0.6344176,0.14578655,0.1355336,0.0,0.36883712,0.00060886296,0.50381875,0.7519094,0.0,1.0,0.0,0.2173913,0.16666667,0.37603897,0.4978059,0.7,0.3,0.42000002,0.39999998,0.9,0.2,0.5,0.8,-1.0,1.3,2020-01-07T05:00:00,EURUSD,H1,3,BUY,-5.947014454914523,4,"hit_tp=False,hit_sl=True,regime=3"
6.8622714e-05,0.004187018,-0.0002755655,-0.0044917115,0.41373092,0.32331407,0.40764484,0.32783934,0.43234736,0.5273479,0.4148975,0.6999815,0.23754133,1.0938534,0.0,0.33300743,0.0006875186,0.5199871,0.75999355,0.0,1.0,0.0,0.47826087,0.16666667,0.35135934,0.55664486,0.7,0.3,0.42000002,0.39999998,0.9,0.2,0.5,0.8,1.0,2.34,2020-01-07T11:00:00,EURUSD,H1,3,BUY,10.432935014066391,25,"hit_tp=True,hit_sl=False,regime=3"
0.001056845,0.001965076,-0.0007457213,-0.0014938398,0.48698562,0.3267216,0.40586334,0.36190912,0.33491927,0.45853028,0.30325958,0.5377562,0.18790583,0.030235436,0.0,0.27337527,0.00042316085,0.5548971,0.7774486,0.0,1.0,0.0,0.6956522,0.6666667,0.34264427,0.49490544,0.7,0.3,0.42000002,0.39999998,0.9,0.2,0.5,0.8,1.0,1.9500000000000002,2020-01-10T16:00:00,EURUSD,H1,3,BUY,10.727767816385292,13,"hit_tp=True,hit_sl=False,regime=3"
-0.0051459894,-0.0035936902,-0.0011659751,-0.005569127,0.20631666,0.28022224,0.28983074,0.36977315,0.33330077,0.43484753,0.12343569,0.4202141,0.19953471,0.0011632129,0.0,0.36867276,0.00045885748,0.5723668,0.7861834,0.0,1.0,0.0,0.47826087,0.0,0.2296901,0.49425185,0.7,0.3,0.42000002,0.39999998,0.9,0.2,0.5,0.8,-1.0,1.3,2020-01-13T11:00:00,EURUSD,H1,3,BUY,-6.4193258917133456,5,"hit_tp=False,hit_sl=True,regime=3"
-0.003204433,-0.0015727676,0.0028835405,0.0010010852,0.5035547,0.55236787,0.40075758,0.3593865,0.3664997,0.47339866,0.37941316,0.6452622,0.16975342,0.075616464,0.0,0.27366742,0.00050314324,0.5757674,0.7878837,0.0,1.0,0.0,0.82608694,0.0,0.3526123,0.5201511,0.7,0.3,0.42000002,0.39999998,0.9,0.2,0.5,0.8,-1.0,1.56,2020-01-13T19:00:00,EURUSD,H1,3,BUY,-7.008929929048779,27,"hit_tp=False,hit_sl=True,regime=3"
-0.001350233,0.001346577,0.0008443324,-0.0023924576,0.2409893,0.27801833,0.2651204,0.30858314,0.42557603,0.5245605,0.53197056,0.4233943,0.15883361,0.10291599,0.0,0.44804528,0.00038524857,0.57139575,0.7856979,0.0,1.0,0.0,0.3478261,0.33333334,0.52037936,0.63471043,0.7,0.3,0.42000002,0.39999998,0.9,0.2,0.5,0.8,-1.0,1.3,2020-01-15T08:00:00,EURUSD,H1,3,BUY,-4.949394226221315,7,"hit_tp=False,hit_sl=True,regime=3"
-0.0010942443,-0.0012926161,-0.002130689,-0.00777319,0.32296342,0.35543343,0.24004087,0.282157,0.30403924,0.4198034,0.28399366,0.27545974,0.15231007,0.8807752,0.0,0.18094057,0.000362093,0.5563707,0.77818537,0.0,1.0,0.0,0.26086956,1.0,0.18207988,0.41907907,0.7,0.3,0.42000002,0.39999998,0.9,0.2,0.5,0.8,-1.0,1.3,2020-01-19T06:00:00,EURUSD,H1,3,BUY,-4.13971847288197,2,"hit_tp=False,hit_sl=True,regime=3"
0.0015409793,-0.003418448,-0.0034006746,-0.00258835,0.29305348,0.3711767,0.29281005,0.3647857,0.56953496,0.54511094,0.454597,0.15035412,0.1886149,0.028462738,0.0,0.584218,0.00057539303,0.56082755,0.7804138,0.0,1.0,0.0,0.04347826,0.0,0.54750687,0.42819056,0.7,0.3,0.42000002,0.39999998,0.9,0.2,0.5,0.8,1.0,1.9500000000000002,2020-01-20T01:00:00,EURUSD,H1,3,BUY,9.314775169950718,14,"hit_tp=True,hit_sl=False,regime=3"
0.00043382208,-0.0038285498,-0.003051252,-0.0076144175,0.28199396,0.21713445,0.27242088,0.30926046,0.35318312,0.46002132,0.11611856,0.18859662,0.18379317,0.040517073,0.0,0.50499415,0.0004914509,0.598326,0.79916304,0.0,1.0,0.0,0.6956522,1.0,0.3565808,0.7491796,0.7,0.3,0.42000002,0.39999998,0.9,0.2,0.5,0.8,-1.0,1.3,2020-01-26T16:00:00,EURUSD,H1,3,BUY,-4.6353407472854435,5,"hit_tp=False,hit_sl=True,regime=3"
0.00024283388,0.0023581989,0.0026340077,-0.0028806268,0.38861778,0.41028866,0.32049128,0.29589987,0.34340352,0.46556494,0.29914525,0.5016299,0.15684818,0.10787954,0.0,0.38199282,0.00038964354,0.5329505,0.76647526,0.0,1.0,0.0,1.0,1.0,0.32579184,0.3992487,0.7,0.3,0.42000002,0.39999998,0.9,0.2,0.5,0.8,-1.0,1.3,2020-01-26T23:00:00,EURUSD,H1,3,BUY,-5.795293987078676,17,"hit_tp=False,hit_sl=True,regime=3"
-0.0013178394,-0.0023933456,-0.0026710331,0.0004096608,0.16959973,0.30855715,0.27273235,0.33899936,0.40722945,0.48493156,0.035853546,0.3123521,0.19712384,0.007190381,0.0,0.3613516,0.0003882527,0.5419877,0.7709938,0.0,1.0,0.0,0.26086956,0.16666667,0.35600027,0.5430734,0.7,0.3,0.42000002,0.39999998,0.9,0.2,0.5,0.8,-1.0,1.3,2020-01-28T06:00:00,EURUSD,H1,3,BUY,-5.810590657502335,3,"hit_tp=False,hit_sl=True,regime=3"
-0.0010779585,-0.00032553196,-0.0011798664,-0.0075123967,0.41738793,0.48942372,0.37109536,0.35646883,0.29720587,0.4226477,0.17107308,0.23916602,0.2552683,-0.13817073,0.0,0.2746964,0.00042765128,0.57020664,0.7851033,0.0,1.0,0.0,1.0,1.0,0.22246234,0.5860455,0.7,0.3,0.42000002,0.39999998,0.9,0.2,0.5,0.8,1.0,2.34,2020-02-02T23:00:00,EURUSD,H1,3,BUY,11.223003656453123,42,"hit_tp=True,hit_sl=False,regime=3"
-0.0021319988,-0.0058517316,-0.0064075887,-0.014244437,0.5922414,0.43501434,0.48722854,0.37267593,0.39146277,0.37251493,0.16186762,0.15988614,0.1497574,0.1256065,0.0,0.32059965,0.0005737231,0.5747203,0.78736013,0.0,1.0,0.0,0.08695652,0.33333334,0.17397273,0.59453624,0.7,0.3,0.42000002,0.39999998,0.9,0.2,0.5,0.8,-1.0,1.3,2020-02-05T02:00:00,EURUSD,H1,3,BUY,-7.745741064890677,20,"hit_tp=False,hit_sl=True,regime=3"
0.0015244149,-0.0028569773,-0.003073887,0.0015066188,0.3788602,0.41558456,0.44202286,0.42767018,0.50699914,0.5920058,0.60005164,0.47132698,0.3185181,1.2962953,0.0,0.60130996,0.00080214744,0.5198373,0.7599187,0.0,1.0,0.0,0.8695652,0.6666667,0.4304344,0.5174289,0.7,0.3,0.42000002,0.39999998,0.9,0.2,0.5,0.8,-1.0,1.3,2020-02-07T20:00:00,EURUSD,H1,3,BUY,-7.8835006085653525,19,"hit_tp=False,hit_sl=True,regime=3"
0.0010955875,0.0024602013,0.004195603,0.0013375073,0.34197986,0.35707393,0.3006664,0.28704286,0.3290115,0.4686732,0.4002371,0.6953857,0.17826235,0.9456559,0.0,0.37374988,0.000547554,0.56226313,0.78113157,0.0,1.0,0.0,0.82608694,0.8333333,0.32019117,0.39579105,0.7,0.3,0.42000002,0.39999998,0.9,0.2,0.5,0.8,-1.0,1.3,2020-02-08T19:00:00,EURUSD,H1,3,BUY,-5.121675222927724,11,"hit_tp=False,hit_sl=True,regime=3"
-0.000720879,-0.00645829,-0.0041489694,-0.006310485,0.45620096,0.46742386,0.36478287,0.29528108,0.28437364,0.427981,0.11494172,0.19316603,0.22676334,-0.06690833,0.0,0.3706171,0.000538944,0.5711665,0.78558326,0.0,1.0,0.0,0.95652175,0.33333334,0.18532267,0.44478473,0.7,0.3,0.42000002,0.39999998,0.9,0.2,0.5,0.8,-1.0,1.3,2020-02-12T22:00:00,EURUSD,H1,3,BUY,-5.747021279900455,15,"hit_tp=False,hit_sl=True,regime=3"
5.78521e-05,-0.00031271606,-0.002487432,-0.011004044,0.50112003,0.4114674,0.39946714,0.37135214,0.3982206,0.4576187,0.24128939,0.36038604,0.15670636,0.8917659,0.0,0.3076018,0.0005146015,0.5226908,0.7613454,0.0,1.0,0.0,0.6086956,0.5,0.22829472,0.49179083,0.7,0.3,0.42000002,0.39999998,0.9,0.2,0.5,0.8,-1.0,1.3,2020-02-13T14:00:00,EURUSD,H1,3,BUY,-6.457087721758459,3,"hit_tp=False,hit_sl=True,regime=3"
-0.0013629718,-0.0003587263,0.0020043503,-0.0023474223,0.41718182,0.46515986,0.46588817,0.38721496,0.39941463,0.4869533,0.33723977,0.5601653,0.16195355,0.09511612,0.0,0.3003232,0.0005529448,0.5959122,0.7979561,0.0,1.0,0.0,0.8695652,0.5,0.3253505,0.48977834,0.7,0.3,0.42000002,0.39999998,0.9,0.2,0.5,0.8,-1.0,1.56,2020-02-13T20:00:00,EURUSD,H1,3,BUY,-7.392083917738823,63,"hit_tp=False,hit_sl=True,regime=3"
0.0005187729,0.0015043983,0.00022856577,-0.0020418076,0.35478416,0.3961414,0.36769515,0.3919822,0.31045753,0.484698,0.2905375,0.48943457,0.16252081,0.093697965,0.0,0.39510408,0.00041209796,0.59853435,0.7992672,0.0,1.0,0.0,0.6086956,1.0,0.397132,0.5138007,0.7,0.3,0.42000002,0.39999998,0.9,0.2,0.5,0.8,-1.0,1.3,2020-02-16T14:00:00,EURUSD,H1,3,BUY,-6.90903281000077,16,"hit_tp=False,hit_sl=True,regime=3"
-0.0012633776,0.0033764185,0.00087420427,-0.0018367292,0.6586886,0.66322607,0.42810172,0.39984503,0.2513466,0.44543082,0.31775814,0.5073149,0.16081902,0.09795244,0.0,0.31877455,0.00056939496,0.59396386,0.79698193,0.0,1.0,0.0,0.4347826,0.0,0.267378,0.6897067,0.7,0.3,0.42000002,0.39999998,0.9,0.2,0.5,0.8,1.0,2.34,2020-02-17T10:00:00,EURUSD,H1,3,BUY,13.004861603298501,25,"hit_tp=True,hit_sl=False,regime=3"
0.0006126664,-0.005032629,-0.00417709,-0.010334736,0.2647884,0.2936674,0.24814901,0.32865766,0.3323315,0.4079933,0.16718675,0.21795875,0.26562083,1.1640521,0.0,0.5627547,0.00057019596,0.54740417,0.7737021,0.0,1.0,0.0,0.95652175,0.6666667,0.19466591,0.43744856,0.7,0.3,0.42000002,0.39999998,0.9,0.2,0.5,0.8,1.0,1.9500000000000002,2020-02-21T22:00:00,EURUSD,H1,3,BUY,9.77397767846,16,"hit_tp=True,hit_sl=False,regime=3"
-0.000858416,-0.008415641,-0.0127141,-0.012697369,0.2831547,0.34682202,0.42572317,0.45060876,0.3773731,0.41774923,0.2030516,0.121021114,0.21045452,1.0261363,0.0,0.5360723,0.0004908468,0.5884066,0.7942033,0.0,1.0,0.0,1.0,1.0,0.13806084,0.52942026,0.7,0.3,0.42000002,0.39999998,0.9,0.2,0.5,0.8,-1.0,1.3,2020-02-23T23:00:00,EURUSD,H1,3,BUY,-8.258671483614144,7,"hit_tp=False,hit_sl=True,regime=3"
-0.0012070566,0.0034845232,0.0019753063,-0.002794419,0.45764515,0.45372185,0.40139455,0.4338968,0.3639425,0.5285562,0.45018026,0.6692603,0.17230609,0.9307653,0.0,0.26660123,0.0007510887,0.5636822,0.7818411,0.0,1.0,0.0,0.26086956,0.16666667,0.31653768,0.60415375,0.7,0.3,0.42000002,0.39999998,0.9,0.2,0.5,0.8,-1.0,1.56,2020-02-25T06:00:00,EURUSD,H1,3,BUY,-7.505140939765287,27,"hit_tp=False,hit_sl=True,regime=3"
0.00041692154,-0.0035324378,-0.0040025827,-0.0061408975,0.37193206,0.3322198,0.48368365,0.3657752,0.32185817,0.44965294,0.21731405,0.3043532,0.17102976,0.9275744,0.0,0.44043294,0.00048510957,0.53589284,0.7679464,0.0,1.0,0.0,0.82608694,0.6666667,0.20920193,0.42708012,0.7,0.3,0.42000002,0.39999998,0.9,0.2,0.5,0.8,-1.0,1.3,2020-02-28T19:00:00,EURUSD,H1,3,BUY,-7.716024214914352,7,"hit_tp=False,hit_sl=True,regime=3"
0.0018249399,-0.00264609,0.0014822592,-0.0014510887,0.50403136,0.45796114,0.37309694,0.4283903,0.3970705,0.48488063,0.36149395,0.60246736,0.15443732,0.8860933,0.0,0.33410847,0.0005885835,0.5707796,0.78538984,0.0,1.0,0.0,0.2173913,0.8333333,0.3002299,0.46704075,0.7,0.3,0.42000002,0.39999998,0.9,0.2,0.5,0.8,-1.0,1.3,2020-02-29T05:00:00,EURUSD,H1,3,BUY,-6.46281220851419,1,"hit_tp=False,hit_sl=True,regime=3"
-0.0038859746,-0.0007687986,0.0010560711,0.0007134037,0.6849285,0.5997883,0.4493679,0.4405137,0.4291572,0.49469578,0.30784824,0.51095635,0.1840768,0.960192,0.0,0.395254,0.000522991,0.5037929,0.75189644,0.0,1.0,0.0,0.3043478,0.8333333,0.27981088,0.5345624,0.7,0.3,0.42000002,0.39999998,0.9,0.2,0.5,0.8,-1.0,1.3,2020-02-29T07:00:00,EURUSD,H1,3,BUY,-7.846618239992775,18,"hit_tp=False,hit_sl=True,regime=3"
-0.001652894,0.0033491545,0.0064046197,0.0033187184,0.31424543,0.40184823,0.37950462,0.40208063,0.3752966,0.5054177,0.4357293,0.7627144,0.21797076,-0.044926897,0.0,0.28152966,0.00065248285,0.59503233,0.79751617,0.0,1.0,0.0,0.2173913,1.0,0.41061926,0.5941293,0.7,0.3,0.42000002,0.39999998,0.9,0.2,0.5,0.8,1.0,2.34,2020-03-01T05:00:00,EURUSD,H1,3,BUY,11.350624176640345,21,"hit_tp=True,hit_sl=False,regime=3"
0.0043326616,0.0038630052,0.0028862224,0.005727994,0.16480564,0.15199038,0.17743626,0.27500004,0.3329626,0.5038917,0.5007282,0.7434342,0.2281815,-0.070453726,0.0,0.47014394,0.0005540847,0.5407447,0.77037233,0.0,1.0,0.0,0.26086956,0.6666667,0.47133398,0.6079703,0.7,0.3,0.42000002,0.39999998,0.9,0.2,0.5,0.8,-1.0,1.3,2020-03-06T06:00:00,EURUSD,H1,3,BUY,-3.9584404089043623,4,"hit_tp=False,hit_sl=True,regime=3"
0.0009745479,-8.208617e-05,0.00032119485,-0.00016552392,0.3413769,0.34085712,0.28740478,0.26216185,0.5087422,0.521565,0.5779251,0.4616586,0.17840417,0.053989567,0.0,0.45858103,0.0005051012,0.565878,0.782939,0.0,1.0,0.0,0.5217391,0.6666667,0.460976,0.63639313,0.7,0.3,0.42000002,0.39999998,0.9,0.2,0.5,0.8,1.0,1.9500000000000002,2020-03-06T12:00:00,EURUSD,H1,3,BUY,7.541319948316527,14,"hit_tp=True,hit_sl=False,regime=3"
-0.0047888127,-0.00092280837,0.00011220612,-0.00097058347,0.3649945,0.36365736,0.33742088,0.28291142,0.4420598,0.4526472,0.16548698,0.46625635,0.18095686,0.04760786,0.0,0.6399837,0.0003337987,0.58178383,0.79089195,0.0,1.0,0.0,0.47826087,0.8333333,0.37712532,0.29398832,0.7,0.3,0.42000002,0.39999998,0.9,0.2,0.5,0.8,-1.0,1.3,2020-03-07T11:00:00,EURUSD,H1,3,BUY,-5.663222911900245,15,"hit_tp=False,hit_sl=True,regime=3"
-0.00043711913,-0.006962328,-0.005867307,-0.009641138,0.56250256,0.48017064,0.44848797,0.35906973,0.4027381,0.4312615,0.045243837,0.26240563,0.19088395,0.02279011,0.0,0.46792585,0.0004747243,0.5602532,0.7801266,0.0,1.0,0.0,0.9130435,1.0,0.24502784,0.29689863,0.7,0.3,0.42000002,0.39999998,0.9,0.2,0.5,0.8,1.0,1.9500000000000002,2020-03-15T21:00:00,EURUSD,H1,3,BUY,13.908747110411568,14,"hit_tp=True,hit_sl=False,regime=3"
0.0006995663,0.0037399754,0.0057487376,0.0028729092,0.44236887,0.36728632,0.37802124,0.3891717,0.41112417,0.49808562,0.5158367,0.6654298,0.16549894,0.9137474,0.0,0.4969723,0.0006077308,0.53258437,0.76629215,0.0,1.0,0.0,0.65217394,0.16666667,0.4028988,0.44792518,0.7,0.3,0.42000002,0.39999998,0.9,0.2,0.5,0.8,-1.0,1.3,2020-03-17T15:00:00,EURUSD,H1,3,BUY,-7.1705710099734254,9,"hit_tp=False,hit_sl=True,regime=3"
0.002549371,0.0009404217,0.0006013112,-0.00054348493,0.23686749,0.21883793,0.2258451,0.3099335,0.57478005,0.5744997,0.748349,0.47510353,0.19712384,0.9928096,0.0,0.64345133,0.0007491624,0.59889185,0.7994459,0.0,1.0,0.0,0.08695652,0.5,0.4466939,0.41523394,0.7,0.3,0.42000002,0.39999998,0.9,0.2,0.5,0.8,1.0,1.9500000000000002,2020-03-19T02:00:00,EURUSD,H1,3,BUY,9.072285033706606,4,"hit_tp=True,hit_sl=False,regime=3"
-0.003501409,-0.0007980993,0.00049776654,-0.0063664718,0.38781756,0.3930226,0.30857584,0.36511844,0.35075426,0.41987088,0.21918553,0.3658199,0.24505755,-0.1126439,0.0,0.2797377,0.00039934512,0.5208064,0.76040316,0.0,1.0,0.0,0.8695652,0.8333333,0.27910215,0.55490816,0.7,0.3,0.42000002,0.39999998,0.9,0.2,0.5,0.8,-1.0,1.56,2020-03-21T20:00:00,EURUSD,H1,3,BUY,-6.625210171065099,39,"hit_tp=False,hit_sl=True,regime=3"
-0.0020374635,0.00030848215,-0.0025561026,-0.0062355306,0.27825248,0.33017996,0.30198494,0.3364681,0.36081338,0.43567163,0.121374935,0.27516714,0.16790982,0.080225475,0.0,0.36419582,0.00045477515,0.5623437,0.78117186,0.0,1.0,0.0,1.0,0.5,0.17900756,0.4967899,0.7,0.3,0.42000002,0.39999998,0.9,0.2,0.5,0.8,1.0,1.9500000000000002,2020-03-26T23:00:00,EURUSD,H1,3,BUY,8.637499236390234,9,"hit_tp=True,hit_sl=False,regime=3"
-0.0012197002,0.0009747947,0.0012636775,-0.0038557157,0.3609168,0.33639592,0.3943359,0.40355015,0.2322047,0.42783612,0.2681969,0.36519238,0.18464406,0.03838984,0.0,0.3124287,0.00036009224,0.54390454,0.7719523,0.0,1.0,0.0,1.0,0.6666667,0.2985106,0.5715804,0.7,0.3,0.42000002,0.39999998,0.9,0.2,0.5,0.8,1.0,2.34,2020-03-27T23:00:00,EURUSD,H1,3,BUY,10.76506603242322,35,"hit_tp=True,hit_sl=False,regime=3"
0.0021845885,0.00253097,-0.0032684808,-0.0065122973,0.26984516,0.35256717,0.25976393,0.32286403,0.22629015,0.36505976,0.2933175,0.2818092,0.18889853,0.97224635,0.0,0.18526544,0.0005017574,0.5208919,0.76044595,0.0,1.0,0.0,0.82608694,0.33333334,0.25836527,0.48039863,0.7,0.3,0.42000002,0.39999998,0.9,0.2,0.5,0.8,-1.0,1.56,2020-04-01T19:00:00,EURUSD,H1,3,BUY,-5.532793158891103,23,"hit_tp=False,hit_sl=True,regime=3"
-0.0006155394,-0.0043568504,-0.005085553,-0.006186332,0.27339438,0.30449462,0.22458167,0.30669808,0.31592223,0.4814242,0.018065887,0.1065339,0.18365136,0.040871613,0.0,0.5562262,0.0005862669,0.53221816,0.76610905,0.0,1.0,0.0,0.9130435,0.6666667,0.40601632,0.43980828,0.7,0.3,0.42000002,0.39999998,0.9,0.2,0.5,0.8,-1.0,1.3,2020-04-03T21:00:00,EURUSD,H1,3,BUY,-4.6515614961739615,10,"hit_tp=False,hit_sl=True,regime=3"
-0.0005548134,-4.9394057e-06,0.000627244,-0.00038023133,0.25103527,0.3377658,0.28753325,0.30977935,0.5455918,0.54948294,0.5355339,0.5108273,0.19684021,0.007899459,0.0,0.55402154,0.00051632477,0.544872,0.77243596,0.0,1.0,0.0,0.39130434,1.0,0.59960693,0.55480564,0.7,0.3,0.42000002,0.39999998,0.9,0.2,0.5,0.8,-1.0,1.3,2020-04-05T09:00:00,EURUSD,H1,3,BUY,-4.727814106153527,3,"hit_tp=False,hit_sl=True,regime=3"
0.0024166654,-0.00055654463,-0.00035583382,-0.0028503637,0.3541157,0.27197993,0.30481002,0.27028075,0.59106666,0.52327293,0.3948015,0.46550512,0.18237501,0.9559375,0.0,0.4844516,0.0005331716,0.57752466,0.78876233,0.0,1.0,0.0,0.5652174,1.0,0.47974396,0.53227663,0.7,0.3,0.42000002,0.39999998,0.9,0.2,0.5,0.8,1.0,1.9500000000000002,2020-04-05T13:00:00,EURUSD,H1,3,BUY,8.855353012058309,8,"hit_tp=True,hit_sl=False,regime=3"
-0.0012002384,-0.00035498204,0.0014550454,0.0021340495,0.14549166,0.18128389,0.26765442,0.31326124,0.41116932,0.5221799,0.5590623,0.8343033,0.19315301,0.9828825,0.0,0.37987676,0.000465294,0.5074669,0.75373346,0.0,1.0,0.0,0.2173913,0.33333334,0.37522414,0.51725394,0.7,0.3,0.42000002,0.39999998,0.9,0.2,0.5,0.8,1.0,1.9500000000000002,2020-04-08T05:00:00,EURUSD,H1,3,BUY,9.211301552551898,7,"hit_tp=True,hit_sl=False,regime=3"
-0.004401954,-0.007412639,-0.0057140114,-0.0014881584,0.6642721,0.62434834,0.4276974,0.34767592,0.57610756,0.54367834,0.46565896,0.3250304,0.24250488,-0.10626219,0.0,0.70748866,0.00048454737,0.5284756,0.76423776,0.0,1.0,0.0,0.65217394,0.33333334,0.58354276,0.45998245,0.7,0.3,0.42000002,0.39999998,0.9,0.2,0.5,0.8,-1.0,1.3,2020-04-08T15:00:00,EURUSD,H1,3,BUY,-6.493078307130418,4,"hit_tp=False,hit_sl=True,regime=3"
0.00032749542,-0.0016855664,0.0017179883,-0.00061511685,0.26081952,0.26656553,0.2984914,0.2707235,0.53807116,0.56973946,0.806971,0.6508443,0.24066128,1.1016532,0.0,0.50016224,0.00068459,0.5476943,0.77384716,0.0,1.0,0.0,0.73913044,0.5,0.4165361,0.43687317,0.7,0.3,0.42000002,0.39999998,0.9,0.2,0.5,0.8,1.0,1.9500000000000002,2020-04-09T17:00:00,EURUSD,H1,3,BUY,9.089813466638397,6,"hit_tp=True,hit_sl=False,regime=3"
0.006414457,0.0050278446,0.0036623576,0.002194566,0.45943442,0.38306415,0.36195356,0.41425604,0.32206842,0.4848044,0.53497916,0.5451014,0.19230211,0.98075527,0.0,0.20930326,0.00059431273,0.59378666,0.7968933,0.0,1.0,0.0,0.2173913,0.16666667,0.3993531,0.546979,0.7,0.3,0.42000002,0.39999998,0.9,0.2,0.5,0.8,-1.0,1.3,2020-04-14T05:00:00,EURUSD,H1,3,BUY,-7.276468213495146,3,"hit_tp=False,hit_sl=True,regime=3"
0.0019742332,0.0058609084,0.0039834525,0.005119352,0.1500124,0.2440969,0.3671877,0.35326028,0.4642253,0.53665197,0.5370838,0.84890014,0.26434448,1.1608613,0.0,0.4202612,0.00066832703,0.55722564,0.77861285,0.0,1.0,0.0,0.6086956,0.16666667,0.43157762,0.5264028,0.7,0.3,0.42000002,0.39999998,0.9,0.2,0.5,0.8,-1.0,1.3,2020-04-14T14:00:00,EURUSD,H1,3,BUY,-6.533971864166599,9,"hit_tp=False,hit_sl=True,regime=3"
-0.0015804301,0.00041090604,0.00057373155,0.001743619,0.31185392,0.30761,0.36959672,0.3768331,0.4061316,0.5707526,0.6529304,0.6078228,0.23144326,1.0786082,0.0,0.44184205,0.00079088315,0.5234163,0.76170814,0.0,1.0,0.0,0.6956522,0.33333334,0.40144616,0.55395,0.7,0.3,0.42000002,0.39999998,0.9,0.2,0.5,0.8,-1.0,1.56,2020-04-15T16:00:00,EURUSD,H1,3,BUY,-7.315334039519339,62,"hit_tp=False,hit_sl=True,regime=3"
0.0021780496,0.002710004,0.0006008752,0.0007768918,0.34720895,0.26788828,0.30849215,0.3053505,0.45266697,0.56776255,0.82234436,0.47082037,0.18393499,0.040162534,0.0,0.4429425,0.00063521933,0.52451724,0.7622586,0.0,1.0,0.0,0.8695652,1.0,0.6451746,0.40524498,0.7,0.3,0.42000002,0.39999998,0.9,0.2,0.5,0.8,-1.0,1.3,2020-04-19T20:00:00,EURUSD,H1,3,BUY,-6.035093387455337,3,"hit_tp=False,hit_sl=True,regime=3"
-0.0022711835,-0.0035712707,-0.0055287587,-0.0089436965,0.29197448,0.27623463,0.2416403,0.28375575,0.34648818,0.44255292,0.14272049,0.20144865,0.15287735,0.11780664,0.0,0.2466745,0.00033806454,0.55218714,0.7760936,0.0,1.0,0.0,0.73913044,0.8333333,0.23372264,0.66419506,0.7,0.3,0.42000002,0.39999998,0.9,0.2,0.5,0.8,-1.0,1.3,2020-04-25T17:00:00,EURUSD,H1,3,BUY,-4.6342204775884355,9,"hit_tp=False,hit_sl=True,regime=3"
0.00019584854,-0.004073097,-0.0025536611,0.00465251,0.26008886,0.24309123,0.346597,0.33049053,0.30232123,0.4787421,0.4095546,0.4230806,0.14777198,0.13057005,0.0,0.3109322,0.0004725656,0.56981564,0.7849078,0.0,1.0,0.0,0.39130434,0.16666667,0.42126003,0.4952191,0.7,0.3,0.42000002,0.39999998,0.9,0.2,0.5,0.8,1.0,1.9500000000000002,2020-04-28T09:00:00,EURUSD,H1,3,BUY,10.737158764877464,19,"hit_tp=True,hit_sl=False,regime=3"
-0.0019487204,-0.0028084686,-0.007993234,-0.008766998,0.38635868,0.37830964,0.4878439,0.4240322,0.42565107,0.44898444,0.09596683,0.15737583,0.16266263,0.09334343,0.0,0.5066594,0.00041911827,0.50534225,0.7526711,0.0,1.0,0.0,0.39130434,0.33333334,0.35861737,0.4790268,0.7,0.3,0.42000002,0.39999998,0.9,0.2,0.5,0.8,-1.0,1.56,2020-04-29T09:00:00,EURUSD,H1,3,BUY,-7.644074008947843,31,"hit_tp=False,hit_sl=True,regime=3"
0.004800506,0.012576843,0.011206117,0.0025219012,0.36438635,0.2926569,0.31291997,0.32211095,0.42592213,0.5062277,0.57839835,0.6861496,0.16734254,0.08164363,0.0,0.3571894,0.0005283936,0.5223884,0.76119417,0.0,1.0,0.0,0.82608694,0.5,0.5494148,0.5725098,0.7,0.3,0.42000002,0.39999998,0.9,0.2,0.5,0.8,-1.0,1.56,2020-04-30T19:00:00,EURUSD,H1,3,BUY,-5.987994429499377,33,"hit_tp=False,hit_sl=True,regime=3"
0.0009486633,-0.0006552585,0.0005123753,0.00028242831,0.37133005,0.51374704,0.40269107,0.36165157,0.26585063,0.45664367,0.2957107,0.4703257,0.16748436,0.08128909,0.0,0.326937,0.00047799834,0.5822593,0.79112965,0.0,1.0,0.0,0.3478261,0.8333333,0.27821404,0.3848357,0.7,0.3,0.42000002,0.39999998,0.9,0.2,0.5,0.8,1.0,2.34,2020-05-02T08:00:00,EURUSD,H1,3,BUY,11.065837426711411,32,"hit_tp=True,hit_sl=False,regime=3"
-0.002806708,-0.0018556854,-0.0023870636,-0.0033396962,0.30020234,0.50416064,0.43725362,0.39921495,0.26806167,0.42371783,0.21370497,0.3894682,0.22577062,-0.064426556,0.0,0.3036658,0.0005031226,0.54443467,0.77221733,0.0,1.0,0.0,0.13043478,0.0,0.23427199,0.47284788,0.7,0.3,0.42000002,0.39999998,0.9,0.2,0.5,0.8,-1.0,1.56,2020-05-04T03:00:00,EURUSD,H1,3,BUY,-7.798296830741069,26,"hit_tp=False,hit_sl=True,regime=3"
-0.0003655755,0.0013480429,0.0013905248,-0.0030647505,0.5720554,0.46567667,0.37313536,0.3246555,0.452025,0.50290596,0.35062987,0.6080786,0.2066255,1.0165638,0.0,0.5311549,0.0006471138,0.5392482,0.7696241,0.0,1.0,0.0,0.5217391,0.16666667,0.32804617,0.5758213,0.7,0.3,0.42000002,0.39999998,0.9,0.2,0.5,0.8,1.0,2.34,2020-05-05T12:00:00,EURUSD,H1,3,BUY,10.791997084764748,23,"hit_tp=True,hit_sl=False,regime=3"
-0.003720454,-0.0033112573,-0.004803963,-0.011572473,0.34502792,0.30540416,0.30658814,0.35616168,0.2930572,0.40002477,0.15789393,0.23858339,0.15996812,0.89992034,0.0,0.19157368,0.0004782713,0.5911488,0.79557437,0.0,1.0,0.0,0.9130435,1.0,0.15568909,0.4099382,0.7,0.3,0.42000002,0.39999998,0.9,0.2,0.5,0.8,-1.0,1.3,2020-05-10T21:00:00,EURUSD,H1,3,BUY,-6.652736906649359,8,"hit_tp=False,hit_sl=True,regime=3"
-0.0026937304,0.0027886212,0.00150458,0.0019764397,0.2145187,0.29984927,0.3362586,0.33735022,0.42904267,0.5144715,0.45893353,0.7870648,0.17613512,0.9403378,0.0,0.39758143,0.00046721482,0.50526106,0.75263053,0.0,1.0,0.0,0.5217391,0.0,0.39546248,0.49977887,0.7,0.3,0.42000002,0.39999998,0.9,0.2,0.5,0.8,1.0,1.9500000000000002,2020-05-11T12:00:00,EURUSD,H1,3,BUY,11.116240535478106,16,"hit_tp=True,hit_sl=False,regime=3"
-0.0005183574,0.0014573276,0.0066351136,0.006649398,0.33276936,0.33376157,0.44136402,0.3957792,0.5269347,0.5946132,0.7818898,0.88056314,0.14493567,0.86233914,0.0,0.3259807,0.0008041757,0.55151737,0.7757587,0.0,1.0,0.0,0.6086956,0.33333334,0.48704362,0.6001525,0.7,0.3,0.42000002,0.39999998,0.9,0.2,0.5,0.8,1.0,1.9500000000000002,2020-05-13T14:00:00,EURUSD,H1,3,BUY,12.624487472299162,19,"hit_tp=True,hit_sl=False,regime=3"
-0.0035598716,-0.0036038293,-0.007024747,-0.0056150593,0.3676835,0.3905281,0.3502981,0.38418174,0.5400709,0.48081696,0.17046866,0.24190912,0.22959964,1.0739992,0.0,0.4182176,0.00036128127,0.5040824,0.7520412,0.0,1.0,0.0,0.8695652,1.0,0.28355363,0.7985227,0.7,0.3,0.42000002,0.39999998,0.9,0.2,0.5,0.8,1.0,2.34,2020-05-17T20:00:00,EURUSD,H1,3,BUY,11.129354073964315,23,"hit_tp=True,hit_sl=False,regime=3"
0.00028347064,-0.0042238277,-0.010416003,-0.009710935,0.44595805,0.37530786,0.36265197,0.377007,0.3795482,0.39454895,0.091777824,0.18040782,0.14195754,0.14510617,0.0,0.4819527,0.00045900219,0.58265245,0.7913262,0.0,1.0,0.0,0.6956522,0.6666667,0.3426926,0.458418,0.7,0.3,0.42000002,0.39999998,0.9,0.2,0.5,0.8,-1.0,1.56,2020-05-22T16:00:00,EURUSD,H1,3,BUY,-6.256837661848813,45,"hit_tp=False,hit_sl=True,regime=3"
-0.003982933,-0.001605579,-0.003841233,0.0007897966,0.27584133,0.36968195,0.3093238,0.40021136,0.46151093,0.47889048,0.3545204,0.5714462,0.22250886,-0.056272153,0.0,0.397601,0.00037169462,0.5472269,0.77361345,0.0,1.0,0.0,0.95652175,0.5,0.3898583,0.55589384,0.7,0.3,0.42000002,0.39999998,0.9,0.2,0.5,0.8,1.0,1.9500000000000002,2020-05-28T22:00:00,EURUSD,H1,3,BUY,10.11658007017413,14,"hit_tp=True,hit_sl=False,regime=3"
0.00027157282,0.0025526716,0.004898474,0.005191495,0.3839616,0.29030964,0.26953158,0.29927903,0.38158226,0.50087386,0.5954977,0.65548044,0.30433652,-0.26084134,0.0,0.42480087,0.00058846216,0.59110504,0.7955525,0.0,1.0,0.0,0.08695652,0.5,0.45288587,0.43532243,0.7,0.3,0.42000002,0.39999998,0.9,0.2,0.5,0.8,-1.0,1.3,2020-06-04T02:00:00,EURUSD,H1,3,BUY,-4.508116183712385,3,"hit_tp=False,hit_sl=True,regime=3"
0.0040178187,0.005987861,0.0062031127,0.0064383675,0.54434985,0.54237956,0.42824677,0.33732387,0.5699963,0.54053634,0.69378644,0.65846187,0.14380114,0.14049716,0.0,0.46240416,0.00059265754,0.58762664,0.79381335,0.0,1.0,0.0,0.47826087,0.5,0.63749224,0.36094046,0.7,0.3,0.42000002,0.39999998,0.9,0.2,0.5,0.8,1.0,2.34,2020-06-04T11:00:00,EURUSD,H1,3,BUY,11.231597950718264,22,"hit_tp=True,hit_sl=False,regime=3"
-0.0006608316,0.0022507927,0.002067751,0.004983762,0.115940206,0.2051255,0.27469903,0.34600735,0.4916334,0.5584798,0.7521788,0.7580203,0.18421862,0.96054655,0.0,0.6526395,0.0006075464,0.5695828,0.7847914,0.0,1.0,0.0,0.3478261,1.0,0.47262636,0.49399218,0.7,0.3,0.42000002,0.39999998,0.9,0.2,0.5,0.8,-1.0,1.3,2020-06-07T08:00:00,EURUSD,H1,3,BUY,-5.610878576598477,9,"hit_tp=False,hit_sl=True,regime=3"
-0.004004856,-0.0044277385,-0.0045319493,-0.008651372,0.5796445,0.45220444,0.44197205,0.35833555,0.523774,0.50186914,0.21252337,0.3644598,0.27285343,1.1821336,0.0,0.4219449,0.00060103065,0.58701783,0.79350895,0.0,1.0,0.0,0.7826087,1.0,0.19169754,0.5097886,0.7,0.3,0.42000002,0.39999998,0.9,0.2,0.5,0.8,-1.0,1.56,2020-06-07T18:00:00,EURUSD,H1,3,BUY,-6.283898453796066,30,"hit_tp=False,hit_sl=True,regime=3"
-0.0008080073,-0.0025273152,-0.002966375,-0.00361922,0.29624343,0.27231625,0.33398867,0.35625508,0.27869493,0.42369893,0.025716964,0.2214074,0.25654462,-0.14136158,0.0,0.2653192,0.00038995277,0.5021696,0.7510848,0.0,1.0,0.0,0.7826087,0.5,0.21872637,0.6665768,0.7,0.3,0.42000002,0.39999998,0.9,0.2,0.5,0.8,-1.0,1.3,2020-06-11T18:00:00,EURUSD,H1,3,BUY,-5.810983340384102,10,"hit_tp=False,hit_sl=True,regime=3"
0.0039676665,0.0028355054,0.0017629826,-0.0012013654,0.5187015,0.3639366,0.33967122,0.30164227,0.40747875,0.47647583,0.39805147,0.5344967,0.23697406,1.0924351,0.0,0.37150243,0.0005190365,0.51102716,0.75551355,0.0,1.0,0.0,0.39130434,0.6666667,0.32788143,0.5567202,0.7,0.3,0.42000002,0.39999998,0.9,0.2,0.5,0.8,-1.0,1.56,2020-06-12T09:00:00,EURUSD,H1,3,BUY,-5.80594829016956,21,"hit_tp=False,hit_sl=True,regime=3"
0.00033476725,0.0004084213,-0.00034718003,-0.0021089497,0.43788272,0.39307263,0.3268845,0.342655,0.44691578,0.5220867,0.43725917,0.55565006,0.1930112,0.982528,0.0,0.33368558,0.0004902509,0.5131206,0.75656027,0.0,1.0,0.0,0.0,1.0,0.3473488,0.33399504,0.7,0.3,0.42000002,0.39999998,0.9,0.2,0.5,0.8,-1.0,1.3,2020-06-14T00:00:00,EURUSD,H1,3,BUY,-6.4656922951455975,7,"hit_tp=False,hit_sl=True,regime=3"
-0.0013340899,-0.000438502,-0.0014361223,-0.0064093354,0.5645821,0.42183432,0.3719283,0.36964273,0.37859896,0.4895058,0.25733832,0.5170794,0.2868932,1.217233,0.0,0.42628464,0.00064464146,0.52564484,0.7628224,0.0,1.0,0.0,0.5217391,1.0,0.19368137,0.5172854,0.7,0.3,0.42000002,0.39999998,0.9,0.2,0.5,0.8,1.0,2.34,2020-06-14T12:00:00,EURUSD,H1,3,BUY,12.494211956335377,81,"hit_tp=True,hit_sl=False,regime=3"
0.0033987411,0.0024711122,0.00411362,0.001437779,0.2755033,0.26822054,0.3731343,0.36841753,0.2041067,0.4285949,0.36539713,0.5523278,0.20265466,-0.0066366517,0.0,0.29646623,0.000426396,0.51355124,0.7567756,0.0,1.0,0.0,0.5652174,0.6666667,0.40390182,0.5454279,0.7,0.3,0.42000002,0.39999998,0.9,0.2,0.5,0.8,-1.0,1.3,2020-06-19T13:00:00,EURUSD,H1,3,BUY,-6.487385922728794,13,"hit_tp=False,hit_sl=True,regime=3"
0.0004920648,0.0005669191,0.0033637756,-0.0014047583,0.3078389,0.28567365,0.24730596,0.23834628,0.49364313,0.5194828,0.57134396,0.64260584,0.14833924,0.8708481,0.0,0.5807805,0.00046106725,0.50242543,0.7512127,0.0,1.0,0.0,0.2173913,0.8333333,0.39773297,0.38657936,0.7,0.3,0.42000002,0.39999998,0.9,0.2,0.5,0.8,1.0,1.9500000000000002,2020-06-20T05:00:00,EURUSD,H1,3,BUY,6.976130580049755,9,"hit_tp=True,hit_sl=False,regime=3"
-0.0059651197,-0.0035570904,-0.0051708715,-0.008144683,0.22830085,0.3309693,0.41211736,0.3959672,0.25615525,0.39968258,0.0,0.27312636,0.16223718,0.094407044,0.0,0.4722021,0.00060886965,0.5481147,0.7740574,0.0,1.0,0.0,0.2173913,0.5,0.1983602,0.42529035,0.7,0.3,0.42000002,0.39999998,0.9,0.2,0.5,0.8,-1.0,1.56,2020-06-25T05:00:00,EURUSD,H1,3,BUY,-7.814504539804812,89,"hit_tp=False,hit_sl=True,regime=3"
0.0018002201,-0.0009797807,-0.004098998,0.003153086,0.2775986,0.29543278,0.26415128,0.29648417,0.4967672,0.5361787,0.5308166,0.420043,0.2076182,1.0190455,0.0,0.43163514,0.00043574808,0.5031423,0.7515711,0.0,1.0,0.0,1.0,1.0,0.3937733,0.5722049,0.7,0.3,0.42000002,0.39999998,0.9,0.2,0.5,0.8,-1.0,1.3,2020-06-28T23:00:00,EURUSD,H1,3,BUY,-6.468283958966925,8,"hit_tp=False,hit_sl=True,regime=3"
0.006666834,0.008363647,0.0039990484,0.0007806782,0.7693249,0.67258495,0.53428555,0.51943964,0.33522087,0.50146496,0.42999247,0.69696337,0.25214836,1.1303709,0.0,0.21571591,0.00096508913,0.50682193,0.75341094,0.0,1.0,0.0,0.08695652,0.16666667,0.36534193,0.7432394,0.7,0.3,0.42000002,0.39999998,0.9,0.2,0.5,0.8,-1.0,1.56,2020-06-30T02:00:00,EURUSD,H1,3,BUY,-9.019822208859996,52,"hit_tp=False,hit_sl=True,regime=3"
-0.00025685236,-0.0017806959,-0.0022962561,-0.0019050868,0.3590647,0.2611327,0.31793073,0.3942011,0.2662082,0.46803364,0.0798808,0.19730422,0.18365136,0.040871613,0.0,0.4330841,0.00049736124,0.5516854,0.7758427,0.0,1.0,0.0,0.0,0.6666667,0.38311258,0.54007137,0.7,0.3,0.42000002,0.39999998,0.9,0.2,0.5,0.8,-1.0,1.3,2020-07-03T00:00:00,EURUSD,H1,3,BUY,-6.223488973065017,8,"hit_tp=False,hit_sl=True,regime=3"
0.0013702672,0.0035654753,-0.00016820047,0.0006569897,0.45894045,0.43415642,0.36489773,0.33451363,0.35867348,0.4940212,0.4302897,0.50041145,0.15500458,0.88751143,0.0,0.35033104,0.0005939508,0.5481465,0.77407324,0.0,1.0,0.0,0.5652174,0.6666667,0.33614153,0.5444795,0.7,0.3,0.42000002,0.39999998,0.9,0.2,0.5,0.8,-1.0,1.3,2020-07-03T13:00:00,EURUSD,H1,3,BUY,-6.7916386353772396,8,"hit_tp=False,hit_sl=True,regime=3"
-0.0010969326,0.0015985358,0.0033147775,0.00013427706,0.23035966,0.26345396,0.29366982,0.3114516,0.41245022,0.5243474,0.41073436,0.69006205,0.18904035,0.9726009,0.0,0.35574862,0.00050007174,0.54667395,0.773337,0.0,1.0,0.0,0.13043478,0.8333333,0.3540035,0.5439758,0.7,0.3,0.42000002,0.39999998,0.9,0.2,0.5,0.8,-1.0,1.3,2020-07-04T03:00:00,EURUSD,H1,3,BUY,-4.738326813265026,4,"hit_tp=False,hit_sl=True,regime=3"
0.0015313091,0.0015593604,-0.0018221457,0.004365623,0.1679989,0.1752522,0.17983127,0.20390862,0.53551614,0.56797904,0.83386385,0.65691304,0.23059236,1.0764809,0.0,0.49185875,0.00046178498,0.5581821,0.77909106,0.0,1.0,0.0,0.9130435,0.8333333,0.5356235,0.46340945,0.7,0.3,0.42000002,0.39999998,0.9,0.2,0.5,0.8,1.0,1.9500000000000002,2020-07-04T21:00:00,EURUSD,H1,3,BUY,5.38743089215199,5,"hit_tp=True,hit_sl=False,regime=3"
0.0005484479,-0.00053032377,-0.0009695815,-0.0046910704,0.21606795,0.24476376,0.2975634,0.36171782,0.2773677,0.43409562,0.30875614,0.37127873,0.19896746,0.99741864,0.0,0.30992877,0.00044826925,0.5958922,0.7979461,0.0,1.0,0.0,0.13043478,0.0,0.25765243,0.56104374,0.7,0.3,0.42000002,0.39999998,0.9,0.2,0.5,0.8,1.0,1.9500000000000002,2020-07-06T03:00:00,EURUSD,H1,3,BUY,8.92785813603858,8,"hit_tp=True,hit_sl=False,regime=3"
0.0018365061,-6.4189575e-05,0.00044475842,-0.0028283512,0.3348662,0.25644246,0.29024303,0.24713503,0.39295307,0.46378154,0.24435395,0.28921288,0.22321793,-0.05804485,0.0,0.4039983,0.00038063998,0.5324041,0.7662021,0.0,1.0,0.0,0.7826087,0.8333333,0.3544713,0.4762353,0.7,0.3,0.42000002,0.39999998,0.9,0.2,0.5,0.8,-1.0,1.3,2020-07-11T18:00:00,EURUSD,H1,3,BUY,-4.813452988259304,7,"hit_tp=False,hit_sl=True,regime=3"
-0.0010438163,-0.0048138704,-0.00029983505,0.0002223899,0.41016197,0.39039752,0.33564174,0.26412416,0.51008534,0.51930356,0.33527008,0.30697343,0.16266263,0.09334343,0.0,0.5471457,0.00041654226,0.54834604,0.774173,0.0,1.0,0.0,0.6956522,1.0,0.4872504,0.52913964,0.7,0.3,0.42000002,0.39999998,0.9,0.2,0.5,0.8,-1.0,1.56,2020-07-12T16:00:00,EURUSD,H1,3,BUY,-5.349833545869043,21,"hit_tp=False,hit_sl=True,regime=3"
5.111898e-05,-0.0028405802,-0.00301758,-0.008384621,0.32231465,0.29244778,0.44740996,0.35289675,0.36274776,0.47475037,0.1797182,0.29524654,0.19272757,0.9818189,0.0,0.5400433,0.00043499676,0.57233536,0.7861677,0.0,1.0,0.0,0.82608694,0.0,0.173319,0.5367321,0.7,0.3,0.42000002,0.39999998,0.9,0.2,0.5,0.8,1.0,2.34,2020-07-13T19:00:00,EURUSD,H1,3,BUY,11.235436396772602,42,"hit_tp=True,hit_sl=False,regime=3"
-0.001903531,-0.00790475,-0.011105832,-0.009376746,0.7905883,0.56320286,0.47612423,0.37919143,0.18151748,0.36818424,0.048573215,0.23911522,0.2246361,-0.061590243,0.0,0.23299743,0.00041127746,0.50115925,0.7505796,0.0,1.0,0.0,0.26086956,0.5,0.101680376,0.41477343,0.7,0.3,0.42000002,0.39999998,0.9,0.2,0.5,0.8,1.0,1.9500000000000002,2020-07-16T06:00:00,EURUSD,H1,3,BUY,11.851324423333143,16,"hit_tp=True,hit_sl=False,regime=3"
-0.0007609748,-0.0010014703,-0.006008359,-0.010709651,0.15409555,0.32136595,0.36502942,0.4019433,0.19049777,0.4049874,0.1497415,0.04849304,0.19584751,0.010381235,0.0,0.28067642,0.00049105275,0.52665436,0.7633272,0.0,1.0,0.0,0.5217391,0.6666667,0.21400599,0.52913165,0.7,0.3,0.42000002,0.39999998,0.9,0.2,0.5,0.8,1.0,1.9500000000000002,2020-07-17T12:00:00,EURUSD,H1,3,BUY,11.291203287149276,9,"hit_tp=True,hit_sl=False,regime=3"
0.0076629557,0.00577312,0.0029840572,0.00535687,0.41455972,0.48946735,0.3454376,0.39959544,0.43549204,0.53578573,0.78144723,0.49640435,0.25994822,-0.14987053,0.0,0.47260016,0.000615074,0.5781291,0.7890646,0.0,1.0,0.0,0.9130435,0.0,0.47971073,0.659412,0.7,0.3,0.42000002,0.39999998,0.9,0.2,0.5,0.8,-1.0,1.3,2020-07-20T21:00:00,EURUSD,H1,3,BUY,-7.014064770085593,10,"hit_tp=False,hit_sl=True,regime=3"
0.004372339,0.0045250254,0.0029382491,0.008360797,0.2671646,0.30510396,0.3312689,0.34324467,0.45160443,0.5469276,0.6196027,0.7547148,0.1741497,0.93537426,0.0,0.40374917,0.000579598,0.5463891,0.77319455,0.0,1.0,0.0,0.6086956,0.16666667,0.4966245,0.6580391,0.7,0.3,0.42000002,0.39999998,0.9,0.2,0.5,0.8,1.0,2.34,2020-07-21T14:00:00,EURUSD,H1,3,BUY,9.887668015784445,38,"hit_tp=True,hit_sl=False,regime=3"
-0.00026798088,-0.0029534702,-0.0032385439,-0.0066362135,0.20676906,0.18414487,0.18319014,0.20847903,0.25114143,0.38456014,0.14503689,0.055154447,0.14493567,0.13766085,0.0,0.24204567,0.0003803375,0.5352967,0.76764834,0.0,1.0,0.0,0.13043478,0.6666667,0.15177685,0.49425492,0.7,0.3,0.42000002,0.39999998,0.9,0.2,0.5,0.8,-1.0,1.3,2020-07-24T03:00:00,EURUSD,H1,3,BUY,-4.2213733972529255,5,"hit_tp=False,hit_sl=True,regime=3"
0.0046741497,0.0027473315,0.004931234,0.00040682853,0.5365405,0.56737876,0.38435367,0.30885828,0.31626013,0.46118662,0.42436877,0.43642393,0.16393897,0.09015258,0.0,0.28018537,0.00037776845,0.51778525,0.75889266,0.0,1.0,0.0,0.47826087,0.6666667,0.3894139,0.5491286,0.7,0.3,0.42000002,0.39999998,0.9,0.2,0.5,0.8,-1.0,1.3,2020-07-24T11:00:00,EURUSD,H1,3,BUY,-5.744510634630995,17,"hit_tp=False,hit_sl=True,regime=3"
-0.004680935,-0.0022727787,-0.0021615603,-0.003477349,0.2738972,0.22479999,0.23920271,0.2651402,0.43763056,0.54700667,0.605014,0.57548726,0.1758515,0.9396287,0.0,0.5057841,0.00048663002,0.53307265,0.7665363,0.0,1.0,0.0,0.26086956,1.0,0.29301122,0.33803174,0.7,0.3,0.42000002,0.39999998,0.9,0.2,0.5,0.8,1.0,1.9500000000000002,2020-07-26T06:00:00,EURUSD,H1,3,BUY,7.891474352461625,9,"hit_tp=True,hit_sl=False,regime=3"
-0.002088649,-0.0008630431,-0.0018872689,-0.002878517,0.39703378,0.44399133,0.35307416,0.31225753,0.2642453,0.4412473,0.06309467,0.35321152,0.15491043,0.11272393,0.0,0.39863902,0.00073543814,0.5469742,0.7734871,1.0,0.0,0.0,0.0,0.16666667,0.24226752,0.59995157,0.7,0.35,0.48999998,0.35,0.95,0.15,0.55,0.85,-1.0,1.3,2020-01-07T00:00:00,EURUSD,H1,1,BUY,-10.928539393302295,8,"hit_tp=False,hit_sl=True,regime=1"
0.0033241608,0.0052753114,0.0049099764,0.005226596,0.15095104,0.21694839,0.1989906,0.31673545,0.3973439,0.5031717,0.5193826,0.6863254,0.15064985,0.8766246,0.0,0.42982617,0.0008633204,0.53036237,0.7651812,1.0,0.0,0.0,0.6086956,0.16666667,0.3643587,0.3399276,0.7,0.35,0.48999998,0.35,0.95,0.15,0.55,0.85,1.0,1.9500000000000002,2020-01-07T14:00:00,EURUSD,H1,1,BUY,16.180977786319772,7,"hit_tp=True,hit_sl=False,regime=1"
-0.017954193,-0.014385658,-0.00920037,-0.01406063,0.3925872,0.3037379,0.33496046,0.30857757,0.5478011,0.5082725,0.26035383,0.21883048,0.16168366,0.09579085,0.0,0.6655385,0.0008791972,0.5401245,0.77006227,1.0,0.0,0.0,0.13043478,0.33333334,0.49679062,0.25368705,0.7,0.35,0.48999998,0.35,0.95,0.15,0.55,0.85,-1.0,1.3,2020-01-08T03:00:00,EURUSD,H1,1,BUY,-11.508134112703239,14,"hit_tp=False,hit_sl=True,regime=1"
0.00078107824,-0.0032207388,-0.010609509,-0.009379093,0.28377685,0.26755345,0.30063367,0.31745985,0.38242942,0.43652007,0.2903927,0.36341548,0.14562455,0.86406136,0.0,0.31196666,0.00070405536,0.4648127,0.7324063,1.0,0.0,0.0,0.7826087,0.33333334,0.24244508,0.39220437,0.7,0.35,0.48999998,0.35,0.95,0.15,0.55,0.85,-1.0,1.3,2020-01-08T18:00:00,EURUSD,H1,1,BUY,-11.033523066859008,3,"hit_tp=False,hit_sl=True,regime=1"
-0.0018093752,-0.00035656255,-0.0033495869,0.003424224,0.71796125,0.5559015,0.4117275,0.38050076,0.34026173,0.48581538,0.26545763,0.47058198,0.17533937,0.061651558,0.0,0.17541848,0.0009508046,0.5391388,0.7695694,1.0,0.0,0.0,1.0,0.33333334,0.35140175,0.53200865,0.7,0.35,0.48999998,0.35,0.95,0.15,0.55,0.85,-1.0,1.3,2020-01-08T23:00:00,EURUSD,H1,1,BUY,-13.499677633865836,6,"hit_tp=False,hit_sl=True,regime=1"
-0.0033526814,0.0023836857,0.012725899,-0.0051009785,0.22934902,0.31886962,0.35182792,0.37131506,0.40192845,0.50102377,0.3503561,0.6731734,0.15796931,0.10507673,0.0,0.41751477,0.0011341621,0.59730244,0.7986512,1.0,0.0,0.0,0.3478261,0.5,0.36474115,0.5475421,0.7,0.35,0.48999998,0.35,0.95,0.15,0.55,0.85,1.0,2.34,2020-01-09T08:00:00,EURUSD,H1,1,BUY,24.431644663109875,52,"hit_tp=True,hit_sl=False,regime=1"
-0.00073021854,-0.008076061,-0.015897809,-0.015246946,0.43215656,0.3360417,0.2730652,0.28233966,0.17315014,0.40655467,0.08288917,0.25088063,0.16102819,0.09742953,0.0,0.09466158,0.0008287534,0.59271735,0.79635864,1.0,0.0,0.0,0.6086956,1.0,0.06288694,0.50590795,0.7,0.35,0.48999998,0.35,0.95,0.15,0.55,0.85,1.0,1.9500000000000002,2020-01-12T14:00:00,EURUSD,H1,1,BUY,13.648350935930864,11,"hit_tp=True,hit_sl=False,regime=1"
-0.0054397457,-0.009748066,-0.008929746,-0.008285224,0.18179911,0.1999597,0.1812779,0.3227012,0.17703287,0.4078457,0.096551225,0.14644076,0.21565105,-0.039127618,0.0,0.1876691,0.0008289232,0.55817133,0.77908564,1.0,0.0,0.0,0.2173913,0.16666667,0.17969768,0.4497379,0.7,0.35,0.48999998,0.35,0.95,0.15,0.55,0.85,1.0,1.9500000000000002,2020-01-14T05:00:00,EURUSD,H1,1,BUY,16.314371992403043,13,"hit_tp=True,hit_sl=False,regime=1"
-0.0049003214,-0.012141127,-0.012276378,-0.015047869,0.37366214,0.4400376,0.41560796,0.35705116,0.32565185,0.3950032,0.028428698,0.2086965,0.22876053,-0.07190133,0.0,0.40993604,0.0007209114,0.59833306,0.79916656,1.0,0.0,0.0,0.3478261,0.33333334,0.14379539,0.53204066,0.7,0.35,0.48999998,0.35,0.95,0.15,0.55,0.85,1.0,1.9500000000000002,2020-01-22T08:00:00,EURUSD,H1,1,BUY,22.679964069118874,14,"hit_tp=True,hit_sl=False,regime=1"
-0.008514032,-0.0071192905,-0.010317872,-0.01313478,0.21667913,0.4016645,0.3348901,0.31485638,0.55823153,0.49530005,0.32705975,0.28435588,0.18724716,0.9681179,0.0,0.433917,0.000742489,0.50507677,0.7525384,1.0,0.0,0.0,0.3043478,0.8333333,0.36077392,0.56824416,0.7,0.35,0.48999998,0.35,0.95,0.15,0.55,0.85,1.0,2.34,2020-01-25T07:00:00,EURUSD,H1,1,BUY,18.793907943412957,39,"hit_tp=True,hit_sl=False,regime=1"
-0.004998713,-0.0033456793,-0.005487096,-0.019901697,0.4472472,0.48699155,0.40457276,0.36264458,0.251635,0.40619117,0.15694347,0.24770355,0.14704473,0.13238816,0.0,0.22452492,0.00086032494,0.5039124,0.75195616,1.0,0.0,0.0,0.6086956,0.33333334,0.15162134,0.52927536,0.7,0.35,0.48999998,0.35,0.95,0.15,0.55,0.85,1.0,2.34,2020-01-29T14:00:00,EURUSD,H1,1,BUY,24.096223187133337,33,"hit_tp=True,hit_sl=False,regime=1"
0.0012284922,-0.006620956,-0.008503179,-0.001370314,0.36215562,0.29484063,0.37182122,0.34438708,0.28669503,0.3847407,0.22334956,0.22557123,0.1553474,0.111631475,0.0,0.4182175,0.00076677685,0.45296246,0.7264812,1.0,0.0,0.0,0.3478261,0.6666667,0.23534675,0.38578603,0.7,0.35,0.48999998,0.35,0.95,0.15,0.55,0.85,1.0,2.34,2020-01-31T08:00:00,EURUSD,H1,1,BUY,22.427193579082072,29,"hit_tp=True,hit_sl=False,regime=1"
-0.008938699,-0.00996248,-0.013535735,-0.016598616,0.24217092,0.21325837,0.3132441,0.384224,0.43264416,0.44030038,0.17889148,0.10360521,0.17916298,0.052092556,0.0,0.4210892,0.000671927,0.4739116,0.7369558,1.0,0.0,0.0,0.2173913,0.0,0.2880086,0.5117676,0.7,0.35,0.48999998,0.35,0.95,0.15,0.55,0.85,-1.0,1.3,2020-02-03T05:00:00,EURUSD,H1,1,BUY,-12.81086142138843,17,"hit_tp=False,hit_sl=True,regime=1"
-0.0034683235,-0.0005269668,-0.0021189193,-0.00094681827,0.3863993,0.43648162,0.46680957,0.3631513,0.28944084,0.4746139,0.34267408,0.48976988,0.14376737,0.8594184,0.0,0.24610987,0.000877685,0.40705937,0.70352966,1.0,0.0,0.0,0.3478261,0.16666667,0.2715233,0.4899696,0.7,0.35,0.48999998,0.35,0.95,0.15,0.55,0.85,-1.0,1.3,2020-02-04T08:00:00,EURUSD,H1,1,BUY,-14.75489035866584,8,"hit_tp=False,hit_sl=True,regime=1"
0.004908135,0.008374417,0.0015433402,-0.002700921,0.3206034,0.38352343,0.34607685,0.37395656,0.431978,0.5177957,0.42475578,0.63471955,0.19871797,0.9967949,0.0,0.31997046,0.001163995,0.45058826,0.7252941,1.0,0.0,0.0,0.8695652,0.16666667,0.32932976,0.5414574,0.7,0.35,0.48999998,0.35,0.95,0.15,0.55,0.85,-1.0,1.56,2020-02-04T20:00:00,EURUSD,H1,1,BUY,-12.631584822608843,73,"hit_tp=False,hit_sl=True,regime=1"
-0.012172387,-0.012716643,-0.019287314,-0.037570577,0.3419211,0.3286307,0.3078251,0.32356873,0.24196789,0.32464042,0.12658073,0.1277131,0.18713792,0.9678448,0.0,0.32982948,0.00069207774,0.42485884,0.7124294,1.0,0.0,0.0,1.0,0.8333333,0.08717708,0.46745467,0.7,0.35,0.48999998,0.35,0.95,0.15,0.55,0.85,1.0,1.9500000000000002,2020-02-08T23:00:00,EURUSD,H1,1,BUY,16.347119845883107,12,"hit_tp=True,hit_sl=False,regime=1"
-0.0040135575,-0.007982602,-0.009592289,-0.02205217,0.6108455,0.47611648,0.34194294,0.37576246,0.23894301,0.34434167,0.11202748,0.26723182,0.17315446,0.06711385,0.0,0.26632327,0.0011244786,0.5838009,0.79190046,1.0,0.0,0.0,0.65217394,0.16666667,0.09705861,0.63567126,0.7,0.35,0.48999998,0.35,0.95,0.15,0.55,0.85,-1.0,1.56,2020-02-11T15:00:00,EURUSD,H1,1,BUY,-12.34293731255498,53,"hit_tp=False,hit_sl=True,regime=1"
0.002868786,0.002594362,-0.0029091984,-0.010715858,0.3207569,0.30399767,0.33464444,0.33089384,0.25915188,0.45920086,0.23287654,0.36482823,0.18538998,0.036525045,0.0,0.4002276,0.0006997026,0.48291922,0.7414596,1.0,0.0,0.0,1.0,0.5,0.25723884,0.47774416,0.7,0.35,0.48999998,0.35,0.95,0.15,0.55,0.85,-1.0,1.3,2020-02-13T23:00:00,EURUSD,H1,1,BUY,-11.316316866594178,8,"hit_tp=False,hit_sl=True,regime=1"
-0.004295432,0.00071381405,0.00664682,0.0061643384,0.2442475,0.36382622,0.35823658,0.35810038,0.43655568,0.51982564,0.47207257,0.6762486,0.23422281,-0.08555704,0.0,0.5779406,0.00084715494,0.47600415,0.73800206,1.0,0.0,0.0,0.4347826,0.6666667,0.4111004,0.5341488,0.7,0.35,0.48999998,0.35,0.95,0.15,0.55,0.85,-1.0,1.3,2020-02-14T10:00:00,EURUSD,H1,1,BUY,-12.27883117669748,4,"hit_tp=False,hit_sl=True,regime=1"
0.0036577203,-0.0019252322,-0.0029213382,-0.0011520578,0.34375268,0.33403844,0.32111388,0.36025998,0.36395127,0.5322295,0.5181642,0.54889774,0.19161698,0.9790425,0.0,0.33965817,0.0010980654,0.54863024,0.7743151,1.0,0.0,0.0,0.95652175,0.6666667,0.33950362,0.46242315,0.7,0.35,0.48999998,0.35,0.95,0.15,0.55,0.85,-1.0,1.3,2020-02-14T22:00:00,EURUSD,H1,1,BUY,-11.977702136554136,4,"hit_tp=False,hit_sl=True,regime=1"
6.481498e-05,-0.0012812249,-0.0031121625,-0.010622139,0.18450508,0.30424634,0.29621598,0.3461374,0.5367857,0.53728586,0.5124412,0.53192633,0.15501967,0.88754916,0.0,0.41077477,0.0010440736,0.5074128,0.7537064,1.0,0.0,0.0,0.26086956,0.8333333,0.32194588,0.5200102,0.7,0.35,0.48999998,0.35,0.95,0.15,0.55,0.85,1.0,2.34,2020-02-15T06:00:00,EURUSD,H1,1,BUY,18.16091032806888,52,"hit_tp=True,hit_sl=False,regime=1"
-0.0044696634,0.0012065881,-0.0035005081,-0.006821626,0.28558898,0.25672683,0.34733874,0.4031086,0.4687881,0.47545493,0.288686,0.21728826,0.1557844,0.11053902,0.0,0.39834717,0.00078323676,0.57875717,0.7893786,1.0,0.0,0.0,0.5217391,0.33333334,0.4396195,0.62505615,0.7,0.35,0.48999998,0.35,0.95,0.15,0.55,0.85,-1.0,1.3,2020-02-19T12:00:00,EURUSD,H1,1,BUY,-12.722974561989453,14,"hit_tp=False,hit_sl=True,regime=1"
-0.0034754996,-0.0060330075,-0.012255598,-0.012427364,0.5396663,0.41549146,0.38842902,0.36551043,0.33048326,0.46794325,0.20710371,0.40979156,0.21630652,1.0407664,0.0,0.31909105,0.00081254693,0.47936106,0.7396805,1.0,0.0,0.0,0.13043478,0.5,0.24223536,0.54627055,0.7,0.35,0.48999998,0.35,0.95,0.15,0.55,0.85,-1.0,1.56,2020-02-20T03:00:00,EURUSD,H1,1,BUY,-12.819557453442876,38,"hit_tp=False,hit_sl=True,regime=1"
0.0013514202,0.0012944323,-0.0044614915,-0.019782206,0.20307599,0.29073846,0.29247808,0.2991031,0.26622102,0.4113232,0.29228434,0.43379772,0.15130532,0.8782633,0.0,0.36423108,0.0009305007,0.5810058,0.7905029,1.0,0.0,0.0,0.8695652,0.6666667,0.20554836,0.45115885,0.7,0.35,0.48999998,0.35,0.95,0.15,0.55,0.85,-1.0,1.3,2020-02-21T20:00:00,EURUSD,H1,1,BUY,-9.533381218229664,12,"hit_tp=False,hit_sl=True,regime=1"
-0.0020391827,-0.0047009136,-0.007974057,-0.013390612,0.3678989,0.40793458,0.30731007,0.29619756,0.32314873,0.46369874,0.27227902,0.43895766,0.16780142,0.91950357,0.0,0.34919286,0.0008424156,0.4495071,0.72475356,1.0,0.0,0.0,0.5217391,0.8333333,0.18280351,0.497007,0.7,0.35,0.48999998,0.35,0.95,0.15,0.55,0.85,-1.0,1.3,2020-02-22T12:00:00,EURUSD,H1,1,BUY,-10.270124216309462,2,"hit_tp=False,hit_sl=True,regime=1"
-0.0017403862,0.0007275035,0.0047419122,0.0011309176,0.3733551,0.37833735,0.33214742,0.3213425,0.48046306,0.5629189,0.5836177,0.7543359,0.19227247,0.9806812,0.0,0.5559896,0.0014363009,0.5882603,0.79413015,1.0,0.0,0.0,0.39130434,1.0,0.36610726,0.503568,0.7,0.35,0.48999998,0.35,0.95,0.15,0.55,0.85,-1.0,1.3,2020-02-23T09:00:00,EURUSD,H1,1,BUY,-11.335965235672596,13,"hit_tp=False,hit_sl=True,regime=1"
-0.00096551405,-0.00023326062,-0.0031897086,-0.009926797,0.51390254,0.5189727,0.4084098,0.39091903,0.25782067,0.4778534,0.29897046,0.51341134,0.18167563,0.95418906,0.0,0.32784694,0.000976852,0.47405526,0.73702765,1.0,0.0,0.0,0.04347826,0.0,0.24413367,0.7054317,0.7,0.35,0.48999998,0.35,0.95,0.15,0.55,0.85,1.0,2.34,2020-02-24T01:00:00,EURUSD,H1,1,BUY,22.272257710855836,36,"hit_tp=True,hit_sl=False,regime=1"
-0.015337175,-0.01202183,-0.011232726,-0.013778443,0.3432507,0.35555065,0.28573114,0.32068795,0.24591051,0.4026897,0.0,0.15671614,0.19675153,0.008121156,0.0,0.3155108,0.0010720568,0.56720257,0.7836013,1.0,0.0,0.0,0.0,0.5,0.10698585,0.30140936,0.7,0.35,0.48999998,0.35,0.95,0.15,0.55,0.85,-1.0,1.3,2020-02-27T00:00:00,EURUSD,H1,1,BUY,-10.60838942807063,4,"hit_tp=False,hit_sl=True,regime=1"
0.00422589,0.0080126645,-0.0020940036,-0.010183937,0.3124742,0.38199794,0.33066392,0.31338668,0.3718141,0.39526677,0.3250723,0.35805434,0.22406296,1.0601574,0.0,0.3717197,0.00093920954,0.49695507,0.7484775,1.0,0.0,0.0,0.26086956,0.5,0.24323076,0.37824693,0.7,0.35,0.48999998,0.35,0.95,0.15,0.55,0.85,-1.0,1.56,2020-02-27T06:00:00,EURUSD,H1,1,BUY,-11.291051200592594,23,"hit_tp=False,hit_sl=True,regime=1"
-0.0032730468,-0.006621146,-0.010934298,-0.008136044,0.64839053,0.46106377,0.44724086,0.35457462,0.31843632,0.47292683,0.15207869,0.4247532,0.17839825,0.9459956,0.0,0.32081133,0.0008617415,0.41937298,0.70968646,1.0,0.0,0.0,0.3043478,0.6666667,0.18659455,0.53924316,0.7,0.35,0.48999998,0.35,0.95,0.15,0.55,0.85,-1.0,1.3,2020-02-28T07:00:00,EURUSD,H1,1,BUY,-14.241122617189017,5,"hit_tp=False,hit_sl=True,regime=1"
-0.0021855072,0.0006015539,-0.0073086913,-0.006990077,0.20529869,0.33091027,0.39874956,0.42689353,0.28145197,0.4697923,0.38227108,0.45068684,0.23138243,1.078456,0.0,0.34830886,0.0010418092,0.46140766,0.73070383,1.0,0.0,0.0,0.7826087,0.6666667,0.25130624,0.53231335,0.7,0.35,0.48999998,0.35,0.95,0.15,0.55,0.85,-1.0,1.56,2020-02-28T18:00:00,EURUSD,H1,1,BUY,-15.591925801550222,27,"hit_tp=False,hit_sl=True,regime=1"
-0.0027639319,0.0030487473,0.0056981267,0.003033282,0.40039635,0.31492615,0.27455115,0.30226764,0.5210953,0.5550446,0.69473594,0.5927167,0.16430555,0.9107639,0.0,0.42216545,0.0008040035,0.4513213,0.7256607,1.0,0.0,0.0,0.95652175,0.8333333,0.6512954,0.51959175,0.7,0.35,0.48999998,0.35,0.95,0.15,0.55,0.85,-1.0,1.3,2020-02-29T22:00:00,EURUSD,H1,1,BUY,-11.510108305392563,10,"hit_tp=False,hit_sl=True,regime=1"
0.006846047,0.005457425,0.003472453,-0.007028966,0.32165995,0.25553983,0.26088634,0.34232166,0.3219861,0.44363067,0.33893386,0.5248817,0.1887766,0.9719415,0.0,0.44116017,0.00079796894,0.5019877,0.75099385,1.0,0.0,0.0,0.5217391,1.0,0.30091327,0.47576413,0.7,0.35,0.48999998,0.35,0.95,0.15,0.55,0.85,1.0,2.34,2020-03-01T12:00:00,EURUSD,H1,1,BUY,20.783856694186476,54,"hit_tp=True,hit_sl=False,regime=1"
-0.0004619514,-0.0050166496,-0.009880561,-0.002061079,0.4334533,0.44469395,0.44878647,0.37322834,0.24634302,0.40570062,0.26129162,0.38147143,0.1605912,0.098521985,0.0,0.25086346,0.0008602698,0.56590784,0.7829539,1.0,0.0,0.0,0.3043478,0.33333334,0.22906108,0.43293616,0.7,0.35,0.48999998,0.35,0.95,0.15,0.55,0.85,-1.0,1.3,2020-03-04T07:00:00,EURUSD,H1,1,BUY,-15.072790801071712,6,"hit_tp=False,hit_sl=True,regime=1"
0.0029618712,0.009235514,0.00548652,0.0009828724,0.41773984,0.3102675,0.36803526,0.40283802,0.3678645,0.5099065,0.5394119,0.47719517,0.21018876,1.0254719,0.0,0.3613655,0.00082670775,0.41753054,0.70876527,1.0,0.0,0.0,0.95652175,0.33333334,0.38359645,0.5784527,0.7,0.35,0.48999998,0.35,0.95,0.15,0.55,0.85,1.0,2.34,2020-03-04T22:00:00,EURUSD,H1,1,BUY,22.46722615234731,33,"hit_tp=True,hit_sl=False,regime=1"
-0.0048314505,-0.0003418234,-0.0059147887,-0.002079209,0.22108078,0.31118855,0.34687603,0.34100676,0.49705386,0.5047331,0.28508738,0.44610322,0.14999437,0.12501407,0.0,0.44951478,0.0010906826,0.5530609,0.77653044,1.0,0.0,0.0,0.82608694,0.5,0.3756614,0.26424426,0.7,0.35,0.48999998,0.35,0.95,0.15,0.55,0.85,-1.0,1.3,2020-03-12T19:00:00,EURUSD,H1,1,BUY,-11.987277801304153,4,"hit_tp=False,hit_sl=True,regime=1"
0.0061219004,0.0022622682,-0.006088954,-0.011034842,0.30590042,0.30653453,0.30886155,0.32448116,0.42676088,0.47134873,0.27679464,0.3336662,0.2243907,1.0609767,0.0,0.3832209,0.0008414984,0.42230177,0.7111509,1.0,0.0,0.0,0.0,0.6666667,0.2165579,0.4566897,0.7,0.35,0.48999998,0.35,0.95,0.15,0.55,0.85,1.0,1.9500000000000002,2020-03-13T00:00:00,EURUSD,H1,1,BUY,20.406187647414864,13,"hit_tp=True,hit_sl=False,regime=1"
-0.0070566162,-0.00952171,-0.006880072,-0.015810803,0.24752954,0.38727185,0.31236738,0.34405005,0.5085918,0.4604356,0.21386527,0.20459208,0.1950036,0.012490985,0.0,0.56394076,0.00068839523,0.49357983,0.74678993,1.0,0.0,0.0,0.82608694,0.0,0.4032528,0.55429876,0.7,0.35,0.48999998,0.35,0.95,0.15,0.55,0.85,-1.0,1.3,2020-03-16T19:00:00,EURUSD,H1,1,BUY,-11.84314475933812,9,"hit_tp=False,hit_sl=True,regime=1"
0.006128813,0.006170962,0.0024800878,0.005892916,0.57316166,0.46279588,0.47444275,0.44118363,0.31781983,0.51098627,0.45426953,0.4804577,0.21718049,-0.042951215,0.0,0.5886,0.0011519202,0.49124902,0.7456245,1.0,0.0,0.0,0.8695652,0.16666667,0.4126886,0.42099166,0.7,0.35,0.48999998,0.35,0.95,0.15,0.55,0.85,1.0,2.34,2020-03-17T20:00:00,EURUSD,H1,1,BUY,18.43966418522136,100,"hit_tp=False,hit_sl=False,regime=1"
0.006932737,0.004172087,0.0067903097,0.007776859,0.33183682,0.33133987,0.2668578,0.28224084,0.46074846,0.5038917,0.6540111,0.399505,0.15338099,0.11654753,0.0,0.5073345,0.0005633149,0.5420662,0.7710331,1.0,0.0,0.0,0.9130435,1.0,0.741159,0.62355334,0.7,0.35,0.48999998,0.35,0.95,0.15,0.55,0.85,-1.0,1.3,2020-03-22T21:00:00,EURUSD,H1,1,BUY,-10.468542070332099,15,"hit_tp=False,hit_sl=True,regime=1"
-0.0037080962,-0.0059719826,-0.008634909,-0.015872775,0.22515221,0.33660632,0.29062405,0.309027,0.42975113,0.46279222,0.14755327,0.33975834,0.22854204,1.0713551,0.0,0.26943693,0.00060486485,0.45237145,0.72618574,1.0,0.0,0.0,0.65217394,0.0,0.1666634,0.40355173,0.7,0.35,0.48999998,0.35,0.95,0.15,0.55,0.85,1.0,1.9500000000000002,2020-03-23T15:00:00,EURUSD,H1,1,BUY,15.805523643794839,13,"hit_tp=True,hit_sl=False,regime=1"
-0.0047387886,-0.011875654,-0.0081488555,-0.009159575,0.653559,0.52428186,0.49179637,0.4086092,0.23085567,0.3979031,0.13373652,0.4042726,0.25913084,-0.1478271,0.0,0.15924008,0.00058343826,0.4287975,0.71439874,1.0,0.0,0.0,0.17391305,0.33333334,0.16622299,0.48240712,0.7,0.35,0.48999998,0.35,0.95,0.15,0.55,0.85,-1.0,1.56,2020-03-25T04:00:00,EURUSD,H1,1,BUY,-16.16337020365677,22,"hit_tp=False,hit_sl=True,regime=1"
-0.0073164823,-0.0015572315,-0.004855925,-0.01346788,0.51411426,0.5145843,0.4650338,0.42279765,0.33236876,0.46529534,0.25820875,0.45193,0.18538998,0.9634749,0.0,0.22474287,0.0010074434,0.5292478,0.76462394,1.0,0.0,0.0,0.17391305,0.5,0.16113904,0.51478636,0.7,0.35,0.48999998,0.35,0.95,0.15,0.55,0.85,-1.0,1.3,2020-03-26T04:00:00,EURUSD,H1,1,BUY,-15.60452991604011,16,"hit_tp=False,hit_sl=True,regime=1"
-0.001109633,-0.0043018847,-0.011207353,-0.017286344,0.4324838,0.5471619,0.40678722,0.35995534,0.40115845,0.50112617,0.27640772,0.30855623,0.14824644,0.8706161,0.0,0.35519892,0.0009276144,0.5042695,0.75213474,1.0,0.0,0.0,0.0,0.6666667,0.13866489,0.46788967,0.7,0.35,0.48999998,0.35,0.95,0.15,0.55,0.85,-1.0,1.56,2020-03-27T00:00:00,EURUSD,H1,1,BUY,-13.78930145973678,50,"hit_tp=False,hit_sl=True,regime=1"
0.0065519726,0.00841342,0.005524577,-0.003569151,0.5799063,0.491047,0.44692135,0.40223444,0.32580945,0.44178736,0.42140266,0.5115592,0.16102819,0.9025705,0.0,0.24583729,0.0011843342,0.5396824,0.7698412,1.0,0.0,0.0,0.39130434,1.0,0.31148407,0.5927037,0.7,0.35,0.48999998,0.35,0.95,0.15,0.55,0.85,1.0,2.34,2020-03-29T09:00:00,EURUSD,H1,1,BUY,25.171743726049023,31,"hit_tp=True,hit_sl=False,regime=1"
0.0017924269,-0.002182738,-0.0026274151,-0.004439441,0.19741145,0.23037264,0.38406473,0.33917695,0.15320973,0.4238838,0.08719882,0.27502564,0.18364204,0.04089487,0.0,0.30803138,0.00093791465,0.4375108,0.7187554,1.0,0.0,0.0,0.6956522,0.6666667,0.30606887,0.49591154,0.7,0.35,0.48999998,0.35,0.95,0.15,0.55,0.85,1.0,2.34,2020-04-03T16:00:00,EURUSD,H1,1,BUY,21.74713177047316,25,"hit_tp=True,hit_sl=False,regime=1"
0.0009207751,-0.0023871146,-0.0074333637,-0.010698017,0.20698473,0.24146199,0.3139312,0.36170688,0.27866438,0.41843525,0.19055606,0.18645069,0.18637319,0.034067012,0.0,0.36568204,0.0008316448,0.575069,0.78753453,1.0,0.0,0.0,0.5217391,0.6666667,0.21046789,0.3655579,0.7,0.35,0.48999998,0.35,0.95,0.15,0.55,0.85,-1.0,1.3,2020-04-10T12:00:00,EURUSD,H1,1,BUY,-10.22484811992408,9,"hit_tp=False,hit_sl=True,regime=1"
0.001838209,-0.0016680089,-0.010448493,-0.012071956,0.34954295,0.41990504,0.42897797,0.35171703,0.36409372,0.46638858,0.2251151,0.36015347,0.19303718,0.98259294,0.0,0.45635685,0.000850401,0.46892193,0.73446095,1.0,0.0,0.0,0.08695652,0.8333333,0.26509035,0.4980327,0.7,0.35,0.48999998,0.35,0.95,0.15,0.55,0.85,1.0,2.34,2020-04-11T02:00:00,EURUSD,H1,1,BUY,22.75660270098845,21,"hit_tp=True,hit_sl=False,regime=1"
-0.00039774875,-0.010013037,-0.011413676,-0.016985148,0.27888876,0.28332448,0.3544644,0.3484471,0.4293688,0.44826198,0.22430632,0.039485168,0.25891235,-0.14728087,0.0,0.4234799,0.00075125747,0.5892072,0.7946036,1.0,0.0,0.0,0.17391305,0.0,0.33221993,0.5130059,0.7,0.35,0.48999998,0.35,0.95,0.15,0.55,0.85,-1.0,1.3,2020-04-13T04:00:00,EURUSD,H1,1,BUY,-12.908619496241336,17,"hit_tp=False,hit_sl=True,regime=1"
0.0027179439,0.003120429,0.0111828,0.0034285644,0.4191541,0.38419566,0.31339172,0.3138818,0.33042306,0.48508602,0.41789502,0.6100903,0.1464985,0.13375373,0.0,0.23860888,0.00073301536,0.47813505,0.7390675,1.0,0.0,0.0,0.95652175,0.0,0.39220408,0.5461393,0.7,0.35,0.48999998,0.35,0.95,0.15,0.55,0.85,-1.0,1.3,2020-04-13T22:00:00,EURUSD,H1,1,BUY,-10.866334195529515,20,"hit_tp=False,hit_sl=True,regime=1"
0.0048400667,0.000972642,0.0025410783,-0.0040280633,0.4834767,0.48255053,0.40298447,0.36330846,0.35914773,0.48647025,0.37462595,0.43727168,0.21095347,1.0273837,0.0,0.29269838,0.0010390484,0.5256319,0.76281595,1.0,0.0,0.0,0.3043478,0.33333334,0.3162504,0.43503466,0.7,0.35,0.48999998,0.35,0.95,0.15,0.55,0.85,-1.0,1.3,2020-04-15T07:00:00,EURUSD,H1,1,BUY,-14.283394160305996,19,"hit_tp=False,hit_sl=True,regime=1"
-0.0040551405,-0.0073441206,-0.006792418,0.002577408,0.47999558,0.38387397,0.31912255,0.38698876,0.49965894,0.5357504,0.2997253,0.5081838,0.25345007,1.1336251,0.0,0.40683752,0.0011730045,0.59625685,0.7981284,1.0,0.0,0.0,0.13043478,0.5,0.35981622,0.4451762,0.7,0.35,0.48999998,0.35,0.95,0.15,0.55,0.85,-1.0,1.3,2020-04-16T03:00:00,EURUSD,H1,1,BUY,-13.03876155667405,3,"hit_tp=False,hit_sl=True,regime=1"
-0.001792031,-0.003324482,-0.008206571,-0.01064773,0.6670824,0.49577925,0.42323002,0.42861843,0.4690892,0.4973656,0.15668747,0.41615102,0.21390311,1.0347577,0.0,0.3160607,0.001089311,0.57236874,0.7861844,1.0,0.0,0.0,0.3043478,0.5,0.15361038,0.48279834,0.7,0.35,0.48999998,0.35,0.95,0.15,0.55,0.85,-1.0,1.56,2020-04-16T07:00:00,EURUSD,H1,1,BUY,-13.46912075892659,47,"hit_tp=False,hit_sl=True,regime=1"
-0.0010387272,-0.005054012,-0.009530333,-0.009269745,0.16905494,0.1714168,0.28587517,0.26304713,0.13566072,0.32854465,0.21207514,0.05085261,0.1708603,0.072849244,0.0,0.05611093,0.0010413878,0.5232127,0.76160634,1.0,0.0,0.0,0.73913044,0.5,0.21977006,0.5027581,0.7,0.35,0.48999998,0.35,0.95,0.15,0.55,0.85,-1.0,1.56,2020-04-23T17:00:00,EURUSD,H1,1,BUY,-9.754732094005014,23,"hit_tp=False,hit_sl=True,regime=1"
-0.004988535,-0.0057883593,-0.006726747,-0.01323422,0.44429126,0.49378106,0.3935518,0.37580663,0.39796937,0.49269468,0.16104345,0.39391544,0.17380993,0.06547516,0.0,0.38643366,0.00087932387,0.43145293,0.7157265,1.0,0.0,0.0,0.73913044,0.6666667,0.22610629,0.6257389,0.7,0.35,0.48999998,0.35,0.95,0.15,0.55,0.85,-1.0,1.3,2020-04-24T17:00:00,EURUSD,H1,1,BUY,-13.067490429106154,3,"hit_tp=False,hit_sl=True,regime=1"
0.001035203,0.0013723565,-0.004387351,-0.003981674,0.4645598,0.38049728,0.36392197,0.38976023,0.21833381,0.483587,0.32898965,0.60969305,0.19991966,0.99979913,0.0,0.21192716,0.0009575601,0.41662642,0.7083132,1.0,0.0,0.0,0.17391305,0.8333333,0.29742157,0.52624476,0.7,0.35,0.48999998,0.35,0.95,0.15,0.55,0.85,-1.0,1.3,2020-04-25T04:00:00,EURUSD,H1,1,BUY,-13.2921373138295,17,"hit_tp=False,hit_sl=True,regime=1"
-0.0042496356,-0.0055821845,0.0024355212,-0.014879446,0.3553384,0.31184953,0.3281761,0.33493942,0.45574412,0.4893685,0.2652579,0.42625013,0.15403646,0.8850911,0.0,0.55594546,0.00073536154,0.41592073,0.70796037,1.0,0.0,0.0,1.0,0.8333333,0.17032324,0.51531255,0.7,0.35,0.48999998,0.35,0.95,0.15,0.55,0.85,-1.0,1.3,2020-04-25T23:00:00,EURUSD,H1,1,BUY,-10.235965471248054,2,"hit_tp=False,hit_sl=True,regime=1"
-0.004524782,-0.0050531155,-0.00750076,-0.015947176,0.53142434,0.48034012,0.4195603,0.3998662,0.4967594,0.48431036,0.21217868,0.37241164,0.23892039,-0.09730096,0.0,0.43026105,0.0009146968,0.49017867,0.74508935,1.0,0.0,0.0,0.5652174,1.0,0.46444952,0.54321176,0.7,0.35,0.48999998,0.35,0.95,0.15,0.55,0.85,-1.0,1.3,2020-04-26T13:00:00,EURUSD,H1,1,BUY,-15.445613756288612,11,"hit_tp=False,hit_sl=True,regime=1"
-0.0016367107,-0.006503742,-0.0126594035,-0.009137576,0.44696465,0.36332542,0.33707884,0.28081423,0.5043645,0.5474461,0.24261741,0.47753698,0.14704473,0.8676118,0.0,0.51547724,0.0011802138,0.40788418,0.70394206,1.0,0.0,0.0,0.26086956,0.5,0.19383264,0.5854332,0.7,0.35,0.48999998,0.35,0.95,0.15,0.55,0.85,-1.0,1.3,2020-04-30T06:00:00,EURUSD,H1,1,BUY,-10.771942279823588,2,"hit_tp=False,hit_sl=True,regime=1"
-0.00067640666,0.0041366126,0.010366835,0.00069601747,0.3726778,0.3484575,0.39564258,0.33482757,0.5090193,0.53760755,0.5129747,0.68909425,0.14857417,0.87143546,0.0,0.4954754,0.0012021414,0.5432515,0.77162576,1.0,0.0,0.0,0.5652174,0.5,0.34837493,0.47701174,0.7,0.35,0.48999998,0.35,0.95,0.15,0.55,0.85,1.0,2.34,2020-04-30T13:00:00,EURUSD,H1,1,BUY,20.460919453608728,30,"hit_tp=True,hit_sl=False,regime=1"
-0.005059985,-0.014013738,-0.013847769,-0.021511517,0.36033505,0.34264,0.30937043,0.29986277,0.17568794,0.3240883,0.12581354,0.05579978,0.19478512,0.013037213,0.0,0.22717272,0.0009202398,0.51255894,0.75627947,1.0,0.0,0.0,0.73913044,0.8333333,0.10091509,0.50565344,0.7,0.35,0.48999998,0.35,0.95,0.15,0.55,0.85,1.0,1.9500000000000002,2020-05-02T17:00:00,EURUSD,H1,1,BUY,16.61089896233925,3,"hit_tp=True,hit_sl=False,regime=1"
-0.0073216218,-0.0068894015,-0.008682735,-0.014529895,0.21930303,0.33247325,0.39999405,0.3437528,0.3578454,0.4316688,0.14492355,0.30608824,0.28207245,1.2051811,0.0,0.32864183,0.0005338836,0.54940754,0.7747038,1.0,0.0,0.0,0.8695652,0.5,0.13703258,0.5961363,0.7,0.35,0.48999998,0.35,0.95,0.15,0.55,0.85,-1.0,1.3,2020-05-14T20:00:00,EURUSD,H1,1,BUY,-12.613379344887932,8,"hit_tp=False,hit_sl=True,regime=1"
0.0026801364,-0.00053462863,-0.008782047,-0.009786007,0.30462265,0.27546623,0.28392524,0.34183165,0.3202827,0.4383157,0.22900268,0.27593073,0.28087074,1.2021768,0.0,0.34574378,0.0007017325,0.5456313,0.77281564,1.0,0.0,0.0,0.2173913,0.6666667,0.23811069,0.51997715,0.7,0.35,0.48999998,0.35,0.95,0.15,0.55,0.85,-1.0,1.3,2020-05-15T05:00:00,EURUSD,H1,1,BUY,-10.723876948763866,7,"hit_tp=False,hit_sl=True,regime=1"
-0.0043259235,-0.006164594,-0.004726514,-0.0028518175,0.55900407,0.4807847,0.45412016,0.35091138,0.3515406,0.4863867,0.23745319,0.38607436,0.24383645,-0.109591104,0.0,0.42149296,0.00068806496,0.45415482,0.7270774,1.0,0.0,0.0,0.5652174,0.6666667,0.29149443,0.48564437,0.7,0.35,0.48999998,0.35,0.95,0.15,0.55,0.85,-1.0,1.56,2020-05-15T13:00:00,EURUSD,H1,1,BUY,-13.70936936457845,22,"hit_tp=False,hit_sl=True,regime=1"
0.0061409455,-0.0036284795,-0.0056432243,-0.006483326,0.41188183,0.38001397,0.31737956,0.295452,0.39940393,0.49090642,0.31849697,0.4598199,0.1899783,0.9749458,0.0,0.27197215,0.0011049681,0.5012679,0.75063396,1.0,0.0,0.0,0.73913044,0.8333333,0.21945074,0.5262407,0.7,0.35,0.48999998,0.35,0.95,0.15,0.55,0.85,-1.0,1.56,2020-05-16T17:00:00,EURUSD,H1,1,BUY,-10.712980258809068,54,"hit_tp=False,hit_sl=True,regime=1"
-0.00035224055,0.011193042,0.0046585747,-0.0035715853,0.2901642,0.26288676,0.26771,0.2699868,0.30252752,0.45705193,0.34504175,0.64350814,0.26939994,-0.17349985,0.0,0.21971746,0.0006742074,0.49374697,0.7468735,1.0,0.0,0.0,0.04347826,0.16666667,0.33977348,0.6196456,0.7,0.35,0.48999998,0.35,0.95,0.15,0.55,0.85,1.0,2.34,2020-05-19T01:00:00,EURUSD,H1,1,BUY,15.255781222891507,24,"hit_tp=True,hit_sl=False,regime=1"
0.0011188943,-0.0038683584,-0.004920068,-0.0028948246,0.40397835,0.4471911,0.3792745,0.35155758,0.396516,0.43281618,0.17091866,0.30076262,0.19380191,0.015495243,0.0,0.42374262,0.00063737814,0.4278541,0.71392703,1.0,0.0,0.0,0.26086956,0.6666667,0.27906972,0.5949425,0.7,0.35,0.48999998,0.35,0.95,0.15,0.55,0.85,-1.0,1.3,2020-05-22T06:00:00,EURUSD,H1,1,BUY,-11.382034711915345,3,"hit_tp=False,hit_sl=True,regime=1"
0.0017748862,0.0015324403,-0.0033534653,-0.018457288,0.40312877,0.37591293,0.30555168,0.3263667,0.15591449,0.43118006,0.26700428,0.4725102,0.19959192,0.9989798,0.0,0.19239675,0.0010296883,0.4155664,0.7077832,1.0,0.0,0.0,0.82608694,0.6666667,0.26297763,0.478932,0.7,0.35,0.48999998,0.35,0.95,0.15,0.55,0.85,-1.0,1.3,2020-05-22T19:00:00,EURUSD,H1,1,BUY,-10.517726982333109,10,"hit_tp=False,hit_sl=True,regime=1"
-0.0034726225,-0.0035202196,-0.0010683845,0.00679722,0.34342963,0.42695144,0.3663583,0.33901834,0.3845261,0.56021565,0.45824283,0.58183736,0.23542452,1.0885613,0.0,0.3587373,0.0011363581,0.4379731,0.7189866,1.0,0.0,0.0,0.4347826,0.8333333,0.3415522,0.57022315,0.7,0.35,0.48999998,0.35,0.95,0.15,0.55,0.85,-1.0,1.3,2020-05-23T10:00:00,EURUSD,H1,1,BUY,-11.301177925009398,8,"hit_tp=False,hit_sl=True,regime=1"
9.099973e-05,-0.008221234,-0.006486977,-0.0034309959,0.468293,0.44264665,0.4446815,0.3624205,0.48524055,0.5225974,0.33539736,0.4073282,0.16933087,0.92332715,0.0,0.4284796,0.0011169178,0.4771898,0.7385949,1.0,0.0,0.0,0.13043478,1.0,0.23714769,0.5422297,0.7,0.35,0.48999998,0.35,0.95,0.15,0.55,0.85,-1.0,1.3,2020-05-24T03:00:00,EURUSD,H1,1,BUY,-13.537086742674287,7,"hit_tp=False,hit_sl=True,regime=1"
-0.002592981,0.0007648322,0.00059378415,-0.01784738,0.24873957,0.31924573,0.31195694,0.35791034,0.20126857,0.4423381,0.30008787,0.47232494,0.22023937,1.0505984,0.0,0.23365377,0.00079235097,0.40561652,0.70280826,1.0,0.0,0.0,0.73913044,1.0,0.2224395,0.4371986,0.7,0.35,0.48999998,0.35,0.95,0.15,0.55,0.85,1.0,1.9500000000000002,2020-05-24T17:00:00,EURUSD,H1,1,BUY,19.543560519474923,8,"hit_tp=True,hit_sl=False,regime=1"
-0.009302191,-0.011438423,-0.010539795,-0.0073763602,0.44497138,0.4149692,0.385408,0.35542798,0.30774555,0.47532022,0.013590703,0.24336869,0.15600288,0.10999279,0.0,0.45279577,0.0008576849,0.5093243,0.75466216,1.0,0.0,0.0,0.47826087,0.0,0.35422304,0.4821149,0.7,0.35,0.48999998,0.35,0.95,0.15,0.55,0.85,-1.0,1.3,2020-05-25T11:00:00,EURUSD,H1,1,BUY,-13.325277652094236,5,"hit_tp=False,hit_sl=True,regime=1"
-0.001258499,0.0041996664,-0.0030710602,-0.012989163,0.33941972,0.3702827,0.39099225,0.37714243,0.26081043,0.4156647,0.3115025,0.45958945,0.14999437,0.87498593,0.0,0.34022027,0.000830581,0.4020941,0.70104706,1.0,0.0,0.0,0.82608694,0.0,0.23663111,0.5268062,0.7,0.35,0.48999998,0.35,0.95,0.15,0.55,0.85,-1.0,1.3,2020-05-25T19:00:00,EURUSD,H1,1,BUY,-13.435157839445377,7,"hit_tp=False,hit_sl=True,regime=1"
0.0013156445,0.0037656897,0.01108146,0.004922509,0.30722407,0.29158762,0.31900206,0.31542832,0.40147445,0.546369,0.5377764,0.8211256,0.21718049,1.0429512,0.0,0.36055052,0.0010459659,0.4408317,0.72041583,1.0,0.0,0.0,0.5652174,0.16666667,0.3896485,0.479514,0.7,0.35,0.48999998,0.35,0.95,0.15,0.55,0.85,-1.0,1.3,2020-05-26T13:00:00,EURUSD,H1,1,BUY,-11.160753829082548,16,"hit_tp=False,hit_sl=True,regime=1"
0.006435195,0.005203619,0.0064108097,-0.0064849514,0.46432027,0.44263774,0.37941226,0.41536042,0.42827842,0.4863229,0.3530952,0.49211073,0.18812113,0.9703028,0.0,0.36169097,0.0008812868,0.4549897,0.72749484,1.0,0.0,0.0,0.8695652,0.33333334,0.31824586,0.5062188,0.7,0.35,0.48999998,0.35,0.95,0.15,0.55,0.85,1.0,2.34,2020-05-27T20:00:00,EURUSD,H1,1,BUY,23.299926552595718,38,"hit_tp=True,hit_sl=False,regime=1"
0.0017878797,0.0035312965,0.004509577,-0.009208055,0.33288312,0.35759357,0.32216835,0.32521203,0.26477608,0.4269515,0.25344387,0.4109764,0.14977588,0.1255603,0.0,0.37017956,0.0008241846,0.49543878,0.7477194,1.0,0.0,0.0,0.0,0.8333333,0.31491518,0.43833202,0.7,0.35,0.48999998,0.35,0.95,0.15,0.55,0.85,-1.0,1.3,2020-05-30T00:00:00,EURUSD,H1,1,BUY,-10.174651505567844,8,"hit_tp=False,hit_sl=True,regime=1"
-0.0023158884,0.005040193,0.0011819128,-0.013141523,0.4179221,0.36032924,0.39432147,0.35824493,0.43123075,0.44860214,0.28136164,0.37608108,0.24121454,1.1030364,0.0,0.4385957,0.000733064,0.40851533,0.70425767,1.0,0.0,0.0,0.4347826,0.8333333,0.23760036,0.4905108,0.7,0.35,0.48999998,0.35,0.95,0.15,0.55,0.85,-1.0,1.3,2020-05-30T10:00:00,EURUSD,H1,1,BUY,-12.639642671554707,7,"hit_tp=False,hit_sl=True,regime=1"
-0.0026584736,-0.004670336,-0.0034349996,0.0019210665,0.41280055,0.37857735,0.33541486,0.37949082,0.39814076,0.49654302,0.36471772,0.5509864,0.2509374,1.1273435,0.0,0.38681158,0.0009842563,0.42399842,0.7119992,1.0,0.0,0.0,1.0,0.8333333,0.28315356,0.558521,0.7,0.35,0.48999998,0.35,0.95,0.15,0.55,0.85,-1.0,1.3,2020-05-30T23:00:00,EURUSD,H1,1,BUY,-12.537267391503626,3,"hit_tp=False,hit_sl=True,regime=1"
0.003018561,-0.0034354953,-0.011468003,-0.009717061,0.5808079,0.43149975,0.40503854,0.38616735,0.370892,0.4914944,0.26229945,0.48457476,0.16102819,0.9025705,0.0,0.38258526,0.001240617,0.47290024,0.73645014,1.0,0.0,0.0,0.17391305,1.0,0.23341838,0.5553209,0.7,0.35,0.48999998,0.35,0.95,0.15,0.55,0.85,1.0,1.9500000000000002,2020-05-31T04:00:00,EURUSD,H1,1,BUY,21.822909347057884,16,"hit_tp=True,hit_sl=False,regime=1"
-0.008733903,-0.010959765,-0.012432001,-0.017575156,0.2907435,0.45673406,0.40294546,0.42205662,0.15504669,0.3131487,0.053800948,0.16851464,0.14824644,0.1293839,0.0,0.13894151,0.000845915,0.42720866,0.71360433,1.0,0.0,0.0,0.65217394,0.6666667,0.1321922,0.49847165,0.7,0.35,0.48999998,0.35,0.95,0.15,0.55,0.85,-1.0,1.56,2020-06-05T15:00:00,EURUSD,H1,1,BUY,-15.188867593918243,32,"hit_tp=False,hit_sl=True,regime=1"
0.003911695,-0.0005400396,-0.005130646,-0.013099129,0.545855,0.5033849,0.39738992,0.38212192,0.43707898,0.47371283,0.2544185,0.42505956,0.29190457,1.2297614,0.0,0.42571023,0.0015357683,0.5935562,0.79677814,1.0,0.0,0.0,0.0,1.0,0.24041657,0.4715064,0.7,0.35,0.48999998,0.35,0.95,0.15,0.55,0.85,-1.0,1.56,2020-06-07T00:00:00,EURUSD,H1,1,BUY,-12.94618466239017,60,"hit_tp=False,hit_sl=True,regime=1"
0.004847989,0.003822473,-0.004771142,6.517694e-05,0.4919032,0.586676,0.49176446,0.46469125,0.38699737,0.48343876,0.18123864,0.40874073,0.18746565,0.03133587,0.0,0.4286898,0.0007153908,0.4883916,0.7441958,1.0,0.0,0.0,0.6956522,0.16666667,0.47741494,0.52316356,0.7,0.35,0.48999998,0.35,0.95,0.15,0.55,0.85,-1.0,1.56,2020-06-09T16:00:00,EURUSD,H1,1,BUY,-15.46544371584524,46,"hit_tp=False,hit_sl=True,regime=1"
-0.001665536,-0.004877987,-0.00085939537,-0.010288248,0.2850047,0.22812268,0.2720659,0.24386601,0.4823362,0.533479,0.4857094,0.2613085,0.14442284,0.1389429,0.0,0.5026684,0.00059684116,0.43052056,0.71526027,1.0,0.0,0.0,0.26086956,0.6666667,0.57149875,0.5049117,0.7,0.35,0.48999998,0.35,0.95,0.15,0.55,0.85,-1.0,1.3,2020-06-12T06:00:00,EURUSD,H1,1,BUY,-8.429228391308996,3,"hit_tp=False,hit_sl=True,regime=1"
-0.002356241,-0.0036205195,0.003755982,-0.003512931,0.84991115,0.7527463,0.4660918,0.34024474,0.48820996,0.49861935,0.2595249,0.41932777,0.23389508,-0.0847377,0.0,0.57622814,0.00063589,0.40868792,0.704344,1.0,0.0,0.0,0.4347826,0.6666667,0.5224156,0.5641329,0.7,0.35,0.48999998,0.35,0.95,0.15,0.55,0.85,-1.0,1.3,2020-06-12T10:00:00,EURUSD,H1,1,BUY,-14.577277425231738,10,"hit_tp=False,hit_sl=True,regime=1"
-0.0038396586,-0.0004036091,0.0021768264,-0.008439985,0.3487013,0.34997454,0.3457177,0.34136805,0.36158213,0.46590662,0.28914335,0.4001982,0.19697003,0.0075749275,0.0,0.62553626,0.0007748486,0.57883817,0.7894191,1.0,0.0,0.0,0.08695652,0.6666667,0.37126824,0.44569236,0.7,0.35,0.48999998,0.35,0.95,0.15,0.55,0.85,1.0,1.9500000000000002,2020-06-19T02:00:00,EURUSD,H1,1,BUY,18.26120667258513,18,"hit_tp=True,hit_sl=False,regime=1"
-0.00092302146,-0.006226108,-0.0055780406,-0.008157084,0.30522367,0.29287887,0.28511584,0.34490666,0.3696691,0.45052546,0.2239675,0.16534233,0.15633062,0.10917345,0.0,0.3673216,0.00061438844,0.55553037,0.77776515,1.0,0.0,0.0,0.82608694,0.16666667,0.2607005,0.48295552,0.7,0.35,0.48999998,0.35,0.95,0.15,0.55,0.85,-1.0,1.3,2020-06-23T19:00:00,EURUSD,H1,1,BUY,-9.99502211255443,3,"hit_tp=False,hit_sl=True,regime=1"
0.00020259144,-0.0033213252,-0.00789552,-0.0129741095,0.28349352,0.30287316,0.27454337,0.31370687,0.28868186,0.42003337,0.20360112,0.2835622,0.1543642,0.8859105,0.0,0.3833237,0.00073363323,0.55078447,0.77539223,1.0,0.0,0.0,1.0,0.16666667,0.17629215,0.55371195,0.7,0.35,0.48999998,0.35,0.95,0.15,0.55,0.85,-1.0,1.3,2020-06-23T23:00:00,EURUSD,H1,1,BUY,-9.92162415306641,6,"hit_tp=False,hit_sl=True,regime=1"
0.00073040917,-0.00038190145,-0.0071447804,-0.009566832,0.15542832,0.37838367,0.35220456,0.32592127,0.38133466,0.4802191,0.16892517,0.19776572,0.16386858,0.09032856,0.0,0.4968649,0.00059386174,0.42320895,0.7116045,1.0,0.0,0.0,0.6086956,0.33333334,0.32977283,0.5816867,0.7,0.35,0.48999998,0.35,0.95,0.15,0.55,0.85,1.0,1.9500000000000002,2020-06-24T14:00:00,EURUSD,H1,1,BUY,19.473420368825156,8,"hit_tp=True,hit_sl=False,regime=1"
-0.0064711827,-0.012965612,-0.016616236,-0.019453535,0.5259948,0.39246306,0.32237345,0.29733288,0.4874106,0.46575493,0.25428024,0.12604663,0.15622137,0.10944656,0.0,0.4721881,0.00081644254,0.5819583,0.79097915,1.0,0.0,0.0,0.13043478,0.5,0.35581857,0.6014232,0.7,0.35,0.48999998,0.35,0.95,0.15,0.55,0.85,1.0,1.9500000000000002,2020-06-25T03:00:00,EURUSD,H1,1,BUY,17.30318604031389,9,"hit_tp=True,hit_sl=False,regime=1"
0.0023902236,0.0035442053,0.0017987235,-0.004851228,0.5665819,0.5434374,0.5282665,0.4499785,0.4893055,0.46747303,0.26397604,0.35441813,0.20177685,-0.0044421013,0.0,0.39187783,0.00073027186,0.5725415,0.78627074,1.0,0.0,0.0,0.9130435,0.5,0.4545028,0.5070253,0.7,0.35,0.48999998,0.35,0.95,0.15,0.55,0.85,-1.0,1.56,2020-06-25T21:00:00,EURUSD,H1,1,BUY,-15.63921024642756,34,"hit_tp=False,hit_sl=True,regime=1"
-0.002558095,-0.0053890226,-0.0079789,-0.009342979,0.39860928,0.35256737,0.33723477,0.3345488,0.2898949,0.47607034,0.30369374,0.5171932,0.22668487,1.0667121,0.0,0.2072553,0.0008977345,0.46542478,0.7327124,1.0,0.0,0.0,0.5652174,0.8333333,0.2678661,0.51291513,0.7,0.35,0.48999998,0.35,0.95,0.15,0.55,0.85,1.0,2.34,2020-06-27T13:00:00,EURUSD,H1,1,BUY,20.404943604068748,44,"hit_tp=True,hit_sl=False,regime=1"
-0.0018258248,-0.008853033,-0.016327245,-0.019738758,0.3274296,0.311599,0.27059644,0.31034112,0.40248865,0.42163956,0.14014375,0.14945011,0.1966423,0.00839427,0.0,0.4499456,0.00061416463,0.5059151,0.7529575,1.0,0.0,0.0,0.26086956,0.16666667,0.18166381,0.5449109,0.7,0.35,0.48999998,0.35,0.95,0.15,0.55,0.85,1.0,1.9500000000000002,2020-06-30T06:00:00,EURUSD,H1,1,BUY,16.551169060490256,9,"hit_tp=True,hit_sl=False,regime=1"
-0.0045983703,-0.0031337151,-0.0014959098,-0.005763098,0.41852623,0.3188497,0.33307508,0.31317863,0.24169739,0.4386411,0.14279228,0.3489472,0.17512089,0.062197786,0.0,0.27992895,0.00090597646,0.5910079,0.795504,1.0,0.0,0.0,0.82608694,1.0,0.35391328,0.41923353,0.7,0.35,0.48999998,0.35,0.95,0.15,0.55,0.85,1.0,1.9500000000000002,2020-07-05T19:00:00,EURUSD,H1,1,BUY,17.83514718593837,13,"hit_tp=True,hit_sl=False,regime=1"
-0.005975321,-0.009079917,-0.014094753,-0.011360718,0.23206262,0.26341754,0.3441165,0.3574057,0.4654656,0.4713235,0.26880953,0.08842297,0.24427342,-0.11068356,0.0,0.50220126,0.0007162831,0.5293005,0.7646503,1.0,0.0,0.0,0.65217394,0.0,0.45065698,0.57187235,0.7,0.35,0.48999998,0.35,0.95,0.15,0.55,0.85,-1.0,1.56,2020-07-06T15:00:00,EURUSD,H1,1,BUY,-11.831658853629357,42,"hit_tp=False,hit_sl=True,regime=1"
-0.00338362,-0.005659318,-0.013220121,-0.020703217,0.30764008,0.25588664,0.26675916,0.2873065,0.33191052,0.43719774,0.20199075,0.3595368,0.2648116,1.162029,0.0,0.5130335,0.0006777768,0.49533737,0.7476687,1.0,0.0,0.0,0.47826087,0.33333334,0.18027258,0.5150212,0.7,0.35,0.48999998,0.35,0.95,0.15,0.55,0.85,1.0,2.34,2020-07-08T11:00:00,EURUSD,H1,1,BUY,15.321275970432424,22,"hit_tp=True,hit_sl=False,regime=1"
-0.00042044403,-0.0036992005,-0.011578435,-0.01347025,0.34159124,0.30744672,0.28044733,0.35860792,0.22615021,0.38128448,0.12376989,0.16362315,0.14715399,0.13211505,0.0,0.36884266,0.00065142836,0.4737585,0.7368792,1.0,0.0,0.0,0.08695652,0.6666667,0.1948509,0.6387939,0.7,0.35,0.48999998,0.35,0.95,0.15,0.55,0.85,-1.0,1.3,2020-07-10T02:00:00,EURUSD,H1,1,BUY,-11.07514052995695,8,"hit_tp=False,hit_sl=True,regime=1"
0.0040460364,0.007178616,0.01461431,0.008808906,0.1634413,0.27306476,0.3186708,0.29926684,0.38881755,0.4756706,0.4355549,0.8062238,0.1962053,0.009486727,0.0,0.34453717,0.00079924846,0.51603866,0.7580193,1.0,0.0,0.0,0.5652174,0.6666667,0.4361733,0.58634615,0.7,0.35,0.48999998,0.35,0.95,0.15,0.55,0.85,-1.0,1.3,2020-07-10T13:00:00,EURUSD,H1,1,BUY,-11.133066090533994,7,"hit_tp=False,hit_sl=True,regime=1"
-0.00483132,-0.009342305,-0.010287127,-0.00871226,0.6814197,0.48614374,0.33277047,0.30948925,0.3038783,0.47322792,0.2375647,0.39159647,0.24897099,1.1224275,0.0,0.34202683,0.0012239799,0.49628672,0.7481434,1.0,0.0,0.0,0.26086956,0.8333333,0.20899493,0.53715056,0.7,0.35,0.48999998,0.35,0.95,0.15,0.55,0.85,-1.0,1.3,2020-07-11T06:00:00,EURUSD,H1,1,BUY,-11.389626020661403,11,"hit_tp=False,hit_sl=True,regime=1"
-0.0013465289,-0.0038794058,-0.006444548,-0.0045938618,0.37088287,0.34708852,0.2706992,0.28647563,0.36696997,0.47494864,0.0,0.16544071,0.2527946,-0.13198648,0.0,0.37964195,0.0008770345,0.4647083,0.73235416,1.0,0.0,0.0,0.6086956,1.0,0.4862435,0.45488575,0.7,0.35,0.48999998,0.35,0.95,0.15,0.55,0.85,1.0,1.9500000000000002,2020-07-12T14:00:00,EURUSD,H1,1,BUY,14.2273229373302,8,"hit_tp=True,hit_sl=False,regime=1"
0.0062910924,0.0035527097,-8.383636e-05,0.0050553023,0.39544,0.39505598,0.30925068,0.30472872,0.3350295,0.48369604,0.4402318,0.4806743,0.23553377,1.0888344,0.0,0.3520555,0.00094854605,0.5532426,0.7766213,1.0,0.0,0.0,0.5217391,0.16666667,0.3560274,0.5695918,0.7,0.35,0.48999998,0.35,0.95,0.15,0.55,0.85,-1.0,1.3,2020-07-14T12:00:00,EURUSD,H1,1,BUY,-10.699898620911696,4,"hit_tp=False,hit_sl=True,regime=1"
-0.0061920453,-0.009647549,-0.014702053,-0.018322587,0.4561375,0.39879796,0.35395148,0.3377303,0.43230444,0.4633612,0.0076778503,0.2876379,0.14343962,0.85859907,0.0,0.4511466,0.0005640981,0.4295688,0.7147844,1.0,0.0,0.0,0.2173913,1.0,0.12724783,0.59427994,0.7,0.35,0.48999998,0.35,0.95,0.15,0.55,0.85,1.0,1.9500000000000002,2020-07-19T05:00:00,EURUSD,H1,1,BUY,20.273174209266553,15,"hit_tp=True,hit_sl=False,regime=1"
-0.0021317038,-0.0017849172,-0.008614072,-0.007512948,0.35468557,0.43698204,0.38683394,0.38545722,0.38098183,0.44980815,0.19359414,0.31192777,0.17457466,0.063563354,0.0,0.4020562,0.0011170115,0.58227986,0.79113996,1.0,0.0,0.0,0.7826087,0.0,0.3429032,0.49096906,0.7,0.35,0.48999998,0.35,0.95,0.15,0.55,0.85,-1.0,1.3,2020-07-20T18:00:00,EURUSD,H1,1,BUY,-12.74172974972343,6,"hit_tp=False,hit_sl=True,regime=1"
0.0051288274,-0.008848958,-0.011419059,-0.017917626,0.6326388,0.51067406,0.35964105,0.3669461,0.18884388,0.38364562,0.20413695,0.32848775,0.2408868,1.1022171,0.0,0.18527995,0.0011865547,0.4708969,0.7354485,1.0,0.0,0.0,0.08695652,0.16666667,0.15920153,0.43168503,0.7,0.35,0.48999998,0.35,0.95,0.15,0.55,0.85,1.0,2.34,2020-07-21T02:00:00,EURUSD,H1,1,BUY,22.122600285860994,56,"hit_tp=True,hit_sl=False,regime=1"
-0.0014655072,-0.00898373,-0.005095132,-0.00628469,0.20482838,0.17391044,0.2688575,0.25355157,0.41642857,0.4818002,0.25134525,0.18157573,0.19544059,0.011398528,0.0,0.4460799,0.0009293171,0.56849736,0.78424865,1.0,0.0,0.0,0.47826087,0.8333333,0.3527706,0.55286,0.7,0.35,0.48999998,0.35,0.95,0.15,0.55,0.85,1.0,1.9500000000000002,2020-07-25T11:00:00,EURUSD,H1,1,BUY,14.508502204537699,15,"hit_tp=True,hit_sl=False,regime=1"
-0.0030974932,0.0037575886,0.0050701136,-0.0021039222,0.3620081,0.33841607,0.47658876,0.40562686,0.5059529,0.48622072,0.33823526,0.40384457,0.15775082,0.10562296,0.0,0.49831593,0.0005945587,0.526644,0.763322,1.0,0.0,0.0,0.3478261,1.0,0.58462393,0.49270585,0.7,0.35,0.48999998,0.35,0.95,0.15,0.55,0.85,-1.0,1.3,2020-07-26T08:00:00,EURUSD,H1,1,BUY,-13.627410584045041,8,"hit_tp=False,hit_sl=True,regime=1"
0.00565727,-0.0014198732,-0.009110344,-0.019822752,0.28208205,0.3292706,0.2868298,0.38170928,0.38074514,0.40767962,0.25524202,0.29177633,0.21881917,1.047048,0.0,0.28395244,0.0008759165,0.5347276,0.7673638,1.0,0.0,0.0,0.7826087,1.0,0.1862511,0.55269873,0.7,0.35,0.48999998,0.35,0.95,0.15,0.55,0.85,1.0,2.34,2020-07-26T18:00:00,EURUSD,H1,1,BUY,17.496430491414916,35,"hit_tp=True,hit_sl=False,regime=1"
-0.003204463,-0.004492193,-0.016292956,-0.013979777,0.3417912,0.3374555,0.40886357,0.35237056,0.28733093,0.44841784,0.06743988,0.24258007,0.20090288,1.0022572,0.0,0.3949899,0.00058392057,0.5186771,0.75933856,1.0,0.0,0.0,0.3478261,0.6666667,0.124251455,0.3116452,0.7,0.35,0.48999998,0.35,0.95,0.15,0.55,0.85,1.0,2.34,2020-07-31T08:00:00,EURUSD,H1,1,BUY,23.694191159073785,24,"hit_tp=True,hit_sl=False,regime=1"
0.00866292,0.005603106,0.0044267154,-0.0017362953,0.2225595,0.27522647,0.41556388,0.406885,0.40082932,0.46742642,0.4204249,0.37589094,0.18910433,0.027239157,0.0,0.49298623,0.0007297176,0.5498375,0.7749188,1.0,0.0,0.0,0.39130434,0.0,0.4003105,0.49670228,0.7,0.35,0.48999998,0.35,0.95,0.15,0.55,0.85,-1.0,1.56,2020-08-03T09:00:00,EURUSD,H1,1,BUY,-14.561627962992318,29,"hit_tp=False,hit_sl=True,regime=1"
0.00447639,0.0040835636,0.0013060668,0.00041612817,0.20406719,0.22593908,0.2732628,0.30232325,0.19716902,0.45641723,0.3936089,0.60807437,0.23039922,1.0759981,0.0,0.22398578,0.0009111591,0.41681564,0.7084078,1.0,0.0,0.0,1.0,0.16666667,0.30809855,0.48125717,0.7,0.35,0.48999998,0.35,0.95,0.15,0.55,0.85,-1.0,1.3,2020-08-04T23:00:00,EURUSD,H1,1,BUY,-9.991671243840816,17,"hit_tp=False,hit_sl=True,regime=1"
-0.0017785552,0.00027764047,0.0049619116,0.0057672393,0.48506975,0.37877607,0.3589099,0.35133854,0.46019334,0.54453707,0.5279948,0.5541355,0.16659972,0.9164993,0.0,0.47407305,0.0008809951,0.42777324,0.7138866,1.0,0.0,0.0,0.47826087,0.5,0.4076923,0.41218242,0.7,0.35,0.48999998,0.35,0.95,0.15,0.55,0.85,-1.0,1.56,2020-08-06T11:00:00,EURUSD,H1,1,BUY,-11.631133055391984,25,"hit_tp=False,hit_sl=True,regime=1"
-0.0035238029,-0.014323242,-0.012328841,-0.02062774,0.5346455,0.4685893,0.34646526,0.31375572,0.16689928,0.40651545,0.15639754,0.27722842,0.16692746,0.91731864,0.0,0.22249807,0.0006452283,0.41436315,0.7071816,1.0,0.0,0.0,0.65217394,0.6666667,0.17090748,0.4103172,0.7,0.35,0.48999998,0.35,0.95,0.15,0.55,0.85,1.0,1.9500000000000002,2020-08-07T15:00:00,EURUSD,H1,1,BUY,20.209579170173964,20,"hit_tp=True,hit_sl=False,regime=1"
-0.0023792288,-0.009202915,-0.009401518,-0.016941626,0.29946032,0.3709304,0.32296222,0.2932577,0.20294176,0.39394313,0.07102001,0.15736559,0.18888585,0.027785385,0.0,0.26670292,0.00065687066,0.5129209,0.7564605,1.0,0.0,0.0,0.6086956,0.0,0.16562487,0.460894,0.7,0.35,0.48999998,0.35,0.95,0.15,0.55,0.85,-1.0,1.3,2020-08-10T14:00:00,EURUSD,H1,1,BUY,-11.69599831986945,3,"hit_tp=False,hit_sl=True,regime=1"
-0.0007690523,-0.0036890071,-0.0037444055,-0.00869439,0.64889675,0.47241834,0.43038416,0.37904128,0.14104602,0.39448798,0.15035675,0.34451947,0.16441481,0.08896299,0.0,0.1750366,0.000801397,0.4985298,0.7492649,1.0,0.0,0.0,0.7826087,0.0,0.22230169,0.44414046,0.7,0.35,0.48999998,0.35,0.95,0.15,0.55,0.85,1.0,1.9500000000000002,2020-08-10T18:00:00,EURUSD,H1,1,BUY,22.710145694837536,12,"hit_tp=True,hit_sl=False,regime=1"
-0.002075734,-0.0022049642,-0.00989332,-0.017094037,0.31877527,0.32043332,0.30976552,0.3360559,0.37248388,0.39767775,0.2191635,0.32314235,0.17719655,0.9429914,0.0,0.25800046,0.00090242375,0.58205354,0.7910268,1.0,0.0,0.0,0.2173913,0.5,0.15878484,0.51095074,0.7,0.35,0.48999998,0.35,0.95,0.15,0.55,0.85,-1.0,1.3,2020-08-13T05:00:00,EURUSD,H1,1,BUY,-12.96809497531859,6,"hit_tp=False,hit_sl=True,regime=1"
0.0042556985,0.0025999076,0.0037229822,0.0006805858,0.40734762,0.39098275,0.3683996,0.3481871,0.29033098,0.465277,0.39611164,0.50594676,0.15873402,0.8968351,0.0,0.115370035,0.0008998525,0.45881748,0.72940874,1.0,0.0,0.0,0.6956522,0.5,0.3283479,0.49301788,0.7,0.35,0.48999998,0.35,0.95,0.15,0.55,0.85,1.0,1.9500000000000002,2020-08-13T16:00:00,EURUSD,H1,1,BUY,20.98736664702283,14,"hit_tp=True,hit_sl=False,regime=1"
0.0034283511,0.0024025082,-0.004376573,-0.0042821774,0.37864262,0.4296313,0.38758892,0.3368856,0.38117278,0.46698213,0.17994589,0.30127212,0.25869387,-0.14673465,0.0,0.39686686,0.00071018876,0.5471254,0.7735627,1.0,0.0,0.0,0.73913044,0.16666667,0.4341637,0.6488113,0.7,0.35,0.48999998,0.35,0.95,0.15,0.55,0.85,1.0,2.34,2020-08-18T17:00:00,EURUSD,H1,1,BUY,21.246371972942768,94,"hit_tp=True,hit_sl=False,regime=1"
0.005004092,0.008946497,0.0033264793,0.010932425,0.32664844,0.38113645,0.35079247,0.3577401,0.29705206,0.43837106,0.32123247,0.62838626,0.17555787,0.06110533,0.0,0.19423267,0.00084492395,0.5366873,0.7683436,1.0,0.0,0.0,0.65217394,0.16666667,0.39901683,0.38173592,0.7,0.35,0.48999998,0.35,0.95,0.15,0.55,0.85,-1.0,1.3,2020-08-25T15:00:00,EURUSD,H1,1,BUY,-13.335724068277433,16,"hit_tp=False,hit_sl=True,regime=1"
0.0022908691,-0.00023033653,-0.000837879,-0.009884911,0.18244994,0.35408983,0.35178584,0.37528428,0.42434978,0.4932507,0.36473987,0.41251147,0.1962053,0.99051327,0.0,0.2758376,0.00078505697,0.4013986,0.7006993,1.0,0.0,0.0,0.5217391,0.33333334,0.24743378,0.46792534,0.7,0.35,0.48999998,0.35,0.95,0.15,0.55,0.85,-1.0,1.3,2020-08-26T12:00:00,EURUSD,H1,1,BUY,-13.485490323923432,18,"hit_tp=False,hit_sl=True,regime=1"
-0.011338728,-0.012011325,-0.017275948,-0.019272663,0.32906464,0.30959004,0.34937403,0.36267334,0.329819,0.39250025,0.13913172,0.17487098,0.2191469,1.0478673,0.0,0.27825105,0.0005859832,0.4384048,0.7192024,1.0,0.0,0.0,0.3478261,0.6666667,0.08639444,0.59085864,0.7,0.35,0.48999998,0.35,0.95,0.15,0.55,0.85,-1.0,1.56,2020-08-28T08:00:00,EURUSD,H1,1,BUY,-12.005635214107357,50,"hit_tp=False,hit_sl=True,regime=1"
0.0024858331,-0.004342903,-0.006655282,-0.018835783,0.41088352,0.38974473,0.37036934,0.35744953,0.26515976,0.42798784,0.19652662,0.27400473,0.33800626,-0.34501562,0.0,0.40672848,0.0006522764,0.42736927,0.7136846,1.0,0.0,0.0,0.5217391,1.0,0.20741883,0.5608019,0.7,0.35,0.48999998,0.35,0.95,0.15,0.55,0.85,-1.0,1.3,2020-08-30T12:00:00,EURUSD,H1,1,BUY,-11.985100885112399,7,"hit_tp=False,hit_sl=True,regime=1"
-0.0014698505,-0.001990543,-0.0053612245,-0.011304414,0.08012039,0.3892265,0.38082215,0.38748184,0.31024933,0.5022949,0.2401039,0.49986202,0.16299461,0.9074865,0.0,0.36902976,0.0012130399,0.4250771,0.71253854,1.0,0.0,0.0,0.4347826,0.0,0.23900907,0.4945556,0.7,0.35,0.48999998,0.35,0.95,0.15,0.55,0.85,1.0,2.34,2020-08-31T10:00:00,EURUSD,H1,1,BUY,21.62966430871771,88,"hit_tp=True,hit_sl=False,regime=1"
-0.005802492,-0.0045874217,-0.0017740403,-0.0015637089,0.3657731,0.44376954,0.36205414,0.3601935,0.38043928,0.47129956,0.0,0.3797458,0.20822234,-0.020555845,0.0,0.4761232,0.00072650117,0.54658896,0.7732945,1.0,0.0,0.0,0.82608694,0.6666667,0.33772105,0.5279192,0.7,0.35,0.48999998,0.35,0.95,0.15,0.55,0.85,1.0,2.34,2020-09-04T19:00:00,EURUSD,H1,1,BUY,19.776664774775465,47,"hit_tp=True,hit_sl=False,regime=1"
-0.0047911294,-0.0073421295,-0.006779131,-0.013889326,0.3553295,0.37743905,0.34915426,0.3913815,0.3638797,0.4431922,0.10013465,0.18553922,0.21641576,-0.04103942,0.0,0.28565574,0.0005421265,0.4247063,0.71235317,1.0,0.0,0.0,0.4347826,0.0,0.28261933,0.41882542,0.7,0.35,0.48999998,0.35,0.95,0.15,0.55,0.85,-1.0,1.3,2020-09-07T10:00:00,EURUSD,H1,1,BUY,-13.318435599500855,4,"hit_tp=False,hit_sl=True,regime=1"
0.007226402,0.006114107,0.004660528,-0.0074537294,0.27241543,0.23563105,0.3289295,0.35341984,0.17601173,0.4114311,0.34647077,0.45135245,0.17457466,0.93643665,0.0,0.15220226,0.00085472874,0.4142384,0.7071192,1.0,0.0,0.0,0.9130435,0.0,0.29991,0.5386518,0.7,0.35,0.48999998,0.35,0.95,0.15,0.55,0.85,-1.0,1.3,2020-09-07T21:00:00,EURUSD,H1,1,BUY,-11.976041840258134,3,"hit_tp=False,hit_sl=True,regime=1"
0.006079152,-0.0023908948,-0.00851706,-0.0033128983,0.39379963,0.37910292,0.307367,0.36412024,0.36601847,0.49067706,0.39365643,0.4198714,0.19128925,0.97822315,0.0,0.3110732,0.0009006291,0.41085497,0.70542747,1.0,0.0,0.0,0.08695652,0.16666667,0.35092884,0.5775021,0.7,0.35,0.48999998,0.35,0.95,0.15,0.55,0.85,1.0,2.34,2020-09-08T02:00:00,EURUSD,H1,1,BUY,20.84309512520699,22,"hit_tp=True,hit_sl=False,regime=1"
0.0020651869,0.004784715,0.0021294127,-0.008603843,0.56188416,0.41482964,0.35501727,0.35716996,0.25347328,0.41212708,0.27193367,0.5494552,0.21772672,-0.044316787,0.0,0.29212543,0.00092685816,0.5833276,0.7916638,1.0,0.0,0.0,0.17391305,0.6666667,0.30211613,0.5559192,0.7,0.35,0.48999998,0.35,0.95,0.15,0.55,0.85,-1.0,1.3,2020-09-11T04:00:00,EURUSD,H1,1,BUY,-12.410411259642373,3,"hit_tp=False,hit_sl=True,regime=1"
-0.00096696144,-0.0036220893,8.843929e-05,0.0007096732,0.59491986,0.49052688,0.37397292,0.38764033,0.3598054,0.5309762,0.51900536,0.43897268,0.17009558,0.07476104,0.0,0.3297833,0.0009344443,0.5077404,0.7538702,1.0,0.0,0.0,0.73913044,0.6666667,0.45447436,0.4782134,0.7,0.35,0.48999998,0.35,0.95,0.15,0.55,0.85,-1.0,1.3,2020-09-11T17:00:00,EURUSD,H1,1,BUY,-14.177002751656342,6,"hit_tp=False,hit_sl=True,regime=1"
0.0105509395,0.010758868,0.006899818,-0.0036674247,0.3626715,0.32665598,0.27700114,0.33411106,0.27026588,0.4503723,0.40220508,0.6148144,0.23979434,1.0994859,0.0,0.1724501,0.0014292122,0.500522,0.750261,1.0,0.0,0.0,0.2173913,0.8333333,0.30286577,0.5640653,0.7,0.35,0.48999998,0.35,0.95,0.15,0.55,0.85,-1.0,1.56,2020-09-12T05:00:00,EURUSD,H1,1,BUY,-11.521215742669177,27,"hit_tp=False,hit_sl=True,regime=1"
0.004660831,-0.007329722,-0.005650117,-0.017945586,0.33003378,0.29025054,0.28470793,0.30663776,0.32580525,0.43053067,0.22661844,0.28266555,0.20855008,1.0213752,0.0,0.3304217,0.0011054777,0.5638905,0.7819452,1.0,0.0,0.0,0.39130434,1.0,0.22553363,0.5294289,0.7,0.35,0.48999998,0.35,0.95,0.15,0.55,0.85,1.0,1.9500000000000002,2020-09-13T09:00:00,EURUSD,H1,1,BUY,18.21983666210114,17,"hit_tp=True,hit_sl=False,regime=1"
-0.0011380666,-0.009952711,-0.018437544,-0.008920452,0.2486227,0.2738601,0.36614412,0.3201373,0.48074678,0.47332725,0.08660662,0.08006531,0.2958374,-0.2395935,0.0,0.38565296,0.0008171835,0.58138704,0.7906935,1.0,0.0,0.0,0.39130434,0.0,0.39752212,0.46481526,0.7,0.35,0.48999998,0.35,0.95,0.15,0.55,0.85,-1.0,1.3,2020-09-14T09:00:00,EURUSD,H1,1,BUY,-12.146284609753089,17,"hit_tp=False,hit_sl=True,regime=1"
-0.0011200228,-0.0039042626,-0.004152114,-0.0018255238,0.5838451,0.43634057,0.35012868,0.3573466,0.31599694,0.48086584,0.18646157,0.38468245,0.216962,-0.042404987,0.0,0.32291836,0.00079607166,0.5232688,0.7616344,1.0,0.0,0.0,0.13043478,0.16666667,0.2584692,0.4410195,0.7,0.35,0.48999998,0.35,0.95,0.15,0.55,0.85,1.0,1.9500000000000002,2020-09-15T03:00:00,EURUSD,H1,1,BUY,20.104976089612148,10,"hit_tp=True,hit_sl=False,regime=1"
-0.0063454704,-0.0055199657,-0.007898162,-0.011260235,0.4755851,0.38479593,0.45662227,0.4209503,0.3270391,0.464435,0.0,0.32076395,0.15075909,0.12310228,0.0,0.3470003,0.00089728297,0.54584086,0.7729204,1.0,0.0,0.0,0.9130435,0.6666667,0.26735982,0.48476475,0.7,0.35,0.48999998,0.35,0.95,0.15,0.55,0.85,1.0,2.34,2020-09-18T21:00:00,EURUSD,H1,1,BUY,23.44719756446345,23,"hit_tp=True,hit_sl=False,regime=1"
0.00010549351,-0.013564287,-0.01666399,-0.021663787,0.34385794,0.2965316,0.26124117,0.32550123,0.28241467,0.40025386,0.0,0.03984157,0.14726323,0.13184193,0.0,0.41889572,0.00061773695,0.42172405,0.71086204,1.0,0.0,0.0,0.9130435,0.6666667,0.1066137,0.3945339,0.7,0.35,0.48999998,0.35,0.95,0.15,0.55,0.85,1.0,2.34,2020-09-25T21:00:00,EURUSD,H1,1,BUY,20.099170733631766,50,"hit_tp=True,hit_sl=False,regime=1"
-0.003167774,-0.0029336053,0.001697554,-0.00070310803,0.39741135,0.54675156,0.4016593,0.35977626,0.48039344,0.4603887,0.16068438,0.46809414,0.19096151,0.022596214,0.0,0.51635754,0.0006372006,0.5194833,0.75974166,1.0,0.0,0.0,0.08695652,0.16666667,0.4173365,0.5376324,0.7,0.35,0.48999998,0.35,0.95,0.15,0.55,0.85,-1.0,1.3,2020-09-29T02:00:00,EURUSD,H1,1,BUY,-13.485823460701596,7,"hit_tp=False,hit_sl=True,regime=1"
-0.00431355,-0.013550099,-0.013110099,-0.021550156,0.47120193,0.4467028,0.4087993,0.40118492,0.23380323,0.40156,0.13474411,0.2408952,0.24252549,1.1063137,0.0,0.38199154,0.0008129853,0.4658857,0.7329428,1.0,0.0,0.0,0.4347826,0.16666667,0.1196131,0.5312997,0.7,0.35,0.48999998,0.35,0.95,0.15,0.55,0.85,1.0,2.34,2020-09-29T10:00:00,EURUSD,H1,1,BUY,26.05079689667944,28,"hit_tp=True,hit_sl=False,regime=1"
0.00038225565,-0.012540657,-0.012855352,-0.0041254787,0.37831753,0.32022431,0.3544661,0.3436229,0.37202972,0.4317273,0.15473478,0.1411123,0.35297292,-0.38243228,0.0,0.26784635,0.0008587188,0.5518148,0.7759074,1.0,0.0,0.0,0.95652175,0.6666667,0.2665117,0.43673965,0.7,0.35,0.48999998,0.35,0.95,0.15,0.55,0.85,1.0,2.34,2020-10-02T22:00:00,EURUSD,H1,1,BUY,21.965869130033955,42,"hit_tp=True,hit_sl=False,regime=1"
-0.004207279,0.0009442933,-7.698156e-05,-0.00899081,0.37214714,0.35199198,0.31649047,0.29803845,0.38375893,0.4548914,0.18747987,0.40074995,0.22165956,-0.0541489,0.0,0.45796546,0.00074588973,0.55877763,0.77938884,1.0,0.0,0.0,0.0,0.16666667,0.2408893,0.45774034,0.7,0.35,0.48999998,0.35,0.95,0.15,0.55,0.85,1.0,1.9500000000000002,2020-10-06T00:00:00,EURUSD,H1,1,BUY,16.94245728332877,11,"hit_tp=True,hit_sl=False,regime=1"
-0.0026838433,-0.0033333197,-0.0023846375,-0.009942289,0.3775815,0.30901432,0.2457096,0.29438046,0.38467768,0.401639,0.22407316,0.2663003,0.15272552,0.11818621,0.0,0.5125973,0.0005473353,0.45326573,0.72663283,1.0,0.0,0.0,0.5217391,0.0,0.20236275,0.44673285,0.7,0.35,0.48999998,0.35,0.95,0.15,0.55,0.85,-1.0,1.3,2020-10-12T12:00:00,EURUSD,H1,1,BUY,-9.952566962088127,4,"hit_tp=False,hit_sl=True,regime=1"
0.005364626,-0.0012160401,-0.0066918707,-0.009360875,0.27053148,0.32659024,0.31780228,0.29562196,0.11707475,0.40735054,0.25118896,0.28863892,0.16124667,0.096883304,0.0,0.18643716,0.00060708134,0.40663263,0.70331633,1.0,0.0,0.0,0.73913044,0.0,0.2610395,0.47667438,0.7,0.35,0.48999998,0.35,0.95,0.15,0.55,0.85,1.0,1.9500000000000002,2020-10-12T17:00:00,EURUSD,H1,1,BUY,16.470823222944908,10,"hit_tp=True,hit_sl=False,regime=1"
0.0028352614,-0.0005248102,-0.002699722,-0.0012244382,0.24443123,0.27730554,0.30150744,0.28463814,0.38927782,0.47936457,0.14210202,0.2029678,0.15884328,0.10289182,0.0,0.4884175,0.00075970957,0.50894314,0.7544716,1.0,0.0,0.0,0.47826087,0.16666667,0.5026589,0.584769,0.7,0.35,0.48999998,0.35,0.95,0.15,0.55,0.85,1.0,1.9500000000000002,2020-10-13T11:00:00,EURUSD,H1,1,BUY,16.206745725260152,14,"hit_tp=True,hit_sl=False,regime=1"
-0.0073809596,-0.0030243879,-0.008422252,-0.012010318,0.3677887,0.3853823,0.28030658,0.290832,0.263688,0.3969328,0.07593704,0.3029061,0.3073082,-0.26827052,0.0,0.20321845,0.0008838692,0.44461787,0.72230893,1.0,0.0,0.0,0.39130434,0.6666667,0.1984443,0.4451966,0.7,0.35,0.48999998,0.35,0.95,0.15,0.55,0.85,-1.0,1.3,2020-10-16T09:00:00,EURUSD,H1,1,BUY,-10.168889551485094,8,"hit_tp=False,hit_sl=True,regime=1"
0.0036010747,0.0016085601,-0.0035465576,-0.002875662,0.432256,0.3296277,0.31030497,0.31634516,0.3925259,0.4922918,0.37897974,0.50203973,0.18713792,0.9678448,0.0,0.11896974,0.0012166309,0.49787518,0.7489376,1.0,0.0,0.0,1.0,0.6666667,0.30592796,0.50632745,0.7,0.35,0.48999998,0.35,0.95,0.15,0.55,0.85,1.0,1.9500000000000002,2020-10-16T23:00:00,EURUSD,H1,1,BUY,17.567940691307626,9,"hit_tp=True,hit_sl=False,regime=1"
-0.006732203,-0.01238324,-0.013897156,-0.014106771,0.24966337,0.3012144,0.30202442,0.2930371,0.27857032,0.3846164,0.14799133,0.08264951,0.22908828,-0.07272068,0.0,0.28043157,0.0010038458,0.58988243,0.7949412,1.0,0.0,0.0,0.9130435,1.0,0.112152934,0.44420412,0.7,0.35,0.48999998,0.35,0.95,0.15,0.55,0.85,-1.0,1.56,2020-10-18T21:00:00,EURUSD,H1,1,BUY,-9.80100530765915,40,"hit_tp=False,hit_sl=True,regime=1"
0.0017910611,0.0050113485,0.007639302,0.0015542958,0.20090349,0.20612207,0.2712924,0.2583436,0.35844544,0.46554646,0.41003895,0.66240054,0.2002474,1.0006185,0.0,0.5207902,0.000798885,0.593802,0.796901,1.0,0.0,0.0,0.8695652,0.16666667,0.3373347,0.37109488,0.7,0.35,0.48999998,0.35,0.95,0.15,0.55,0.85,-1.0,1.3,2020-10-20T20:00:00,EURUSD,H1,1,BUY,-9.62770452066275,6,"hit_tp=False,hit_sl=True,regime=1"
0.0073925406,0.0074186292,0.0062624295,0.001391741,0.4621205,0.31348112,0.27652135,0.28866974,0.48158157,0.5202421,0.53302026,0.5514272,0.18309583,0.042260442,0.0,0.59882814,0.00061441725,0.42385623,0.7119281,1.0,0.0,0.0,0.17391305,0.33333334,0.5399499,0.3270592,0.7,0.35,0.48999998,0.35,0.95,0.15,0.55,0.85,1.0,1.9500000000000002,2020-10-21T04:00:00,EURUSD,H1,1,BUY,14.783328129104323,19,"hit_tp=True,hit_sl=False,regime=1"
-0.0021875273,0.00063881435,-0.0032170597,-0.0036004523,0.30989647,0.40211973,0.34967119,0.33365873,0.26710954,0.40668756,0.19080675,0.30003464,0.17151578,0.071210556,0.0,0.2740687,0.0007250578,0.5316886,0.7658443,1.0,0.0,0.0,0.73913044,0.5,0.22293924,0.5306301,0.7,0.35,0.48999998,0.35,0.95,0.15,0.55,0.85,-1.0,1.3,2020-10-22T17:00:00,EURUSD,H1,1,BUY,-12.780396879339406,13,"hit_tp=False,hit_sl=True,regime=1"
0.0074257427,0.00039380058,0.0017370388,-0.006568769,0.27105075,0.2661838,0.23859408,0.2744387,0.37283874,0.47155622,0.31293574,0.45085138,0.22417222,1.0604305,0.0,0.37556413,0.0006769108,0.41315937,0.7065797,1.0,0.0,0.0,0.39130434,0.6666667,0.3018568,0.56765646,0.7,0.35,0.48999998,0.35,0.95,0.15,0.55,0.85,1.0,1.9500000000000002,2020-10-23T09:00:00,EURUSD,H1,1,BUY,13.530109032280357,8,"hit_tp=True,hit_sl=False,regime=1"
-0.0019219113,-0.0043250574,-0.0011808429,0.004704485,0.48225403,0.49125648,0.37964362,0.3083824,0.538474,0.5608298,0.64721787,0.5332891,0.14420435,0.13948913,0.0,0.4777291,0.0009739472,0.59463525,0.7973176,1.0,0.0,0.0,0.7826087,0.6666667,0.60559654,0.53796446,0.7,0.35,0.48999998,0.35,0.95,0.15,0.55,0.85,1.0,1.9500000000000002,2020-10-23T18:00:00,EURUSD,H1,1,BUY,20.156801933317592,8,"hit_tp=True,hit_sl=False,regime=1"
-0.007314604,-0.018513933,-0.010710812,-0.0003179786,0.4735141,0.35170972,0.30633032,0.31643558,0.47656226,0.481015,0.3200074,0.34620324,0.19773474,0.0056631276,0.0,0.50296676,0.00064379995,0.55615675,0.7780784,1.0,0.0,0.0,0.2173913,0.0,0.35075304,0.47739226,0.7,0.35,0.48999998,0.35,0.95,0.15,0.55,0.85,1.0,2.34,2020-10-26T05:00:00,EURUSD,H1,1,BUY,19.765611884476897,24,"hit_tp=True,hit_sl=False,regime=1"
-0.0018069473,-0.00028134778,-0.014272512,-0.019076617,0.403196,0.46445528,0.39628047,0.43418768,0.36428192,0.44732198,0.21921971,0.20880458,0.21663426,-0.041585647,0.0,0.47520238,0.0007146766,0.5780005,0.7890002,1.0,0.0,0.0,0.9130435,0.33333334,0.24390201,0.4448391,0.7,0.35,0.48999998,0.35,0.95,0.15,0.55,0.85,-1.0,1.56,2020-10-28T21:00:00,EURUSD,H1,1,BUY,-15.032944429724804,61,"hit_tp=False,hit_sl=True,regime=1"
0.0048654927,-0.0038040108,-0.008810859,-0.004046615,0.5372751,0.54464275,0.41644529,0.37466076,0.42116508,0.4770116,0.23144048,0.3151223,0.27573618,-0.18934047,0.0,0.5186977,0.00084285106,0.59343,0.79671496,1.0,0.0,0.0,0.47826087,0.8333333,0.3006675,0.48811337,0.7,0.35,0.48999998,0.35,0.95,0.15,0.55,0.85,1.0,2.34,2020-10-31T11:00:00,EURUSD,H1,1,BUY,24.435328805751944,39,"hit_tp=True,hit_sl=False,regime=1"
-0.0010713874,-0.0020266166,-0.015922109,-0.007952999,0.45159495,0.4845681,0.39575243,0.4354924,0.38807708,0.40756604,0.010645589,0.31255215,0.19981042,0.00047395597,0.0,0.43740347,0.00059943466,0.46053478,0.7302674,1.0,0.0,0.0,0.08695652,0.5,0.18172109,0.38337162,0.7,0.35,0.48999998,0.35,0.95,0.15,0.55,0.85,-1.0,1.56,2020-11-05T02:00:00,EURUSD,H1,1,BUY,-13.72525930702917,33,"hit_tp=False,hit_sl=True,regime=1"
-0.0024877286,0.0026646212,-0.012000084,-0.015863396,0.42177016,0.5340718,0.411257,0.37191606,0.4625378,0.5141277,0.20932458,0.40117615,0.20166759,1.004169,0.0,0.39398953,0.0010040719,0.41551483,0.7077574,1.0,0.0,0.0,0.6956522,0.8333333,0.180548,0.36126167,0.7,0.35,0.48999998,0.35,0.95,0.15,0.55,0.85,-1.0,1.3,2020-11-07T16:00:00,EURUSD,H1,1,BUY,-12.498947431360818,4,"hit_tp=False,hit_sl=True,regime=1"
-0.0024250706,-0.0030408567,-0.0010559697,0.0057452205,0.63311195,0.4586983,0.49638507,0.3754696,0.4022268,0.5499267,0.40904346,0.5585144,0.14540605,0.86351514,0.0,0.40734017,0.0011091359,0.44696292,0.7234815,1.0,0.0,0.0,0.9130435,0.8333333,0.36684394,0.3605154,0.7,0.35,0.48999998,0.35,0.95,0.15,0.55,0.85,-1.0,1.3,2020-11-07T21:00:00,EURUSD,H1,1,BUY,-15.022945978810931,10,"hit_tp=False,hit_sl=True,regime=1"
0.0076211086,0.006220415,0.0068447464,0.0019432881,0.4796051,0.4114082,0.4044994,0.3898557,0.35195392,0.5088521,0.42760924,0.5582136,0.19970118,0.9992529,0.0,0.47232592,0.0008973223,0.40249246,0.7012462,1.0,0.0,0.0,0.82608694,1.0,0.37082043,0.4957393,0.7,0.35,0.48999998,0.35,0.95,0.15,0.55,0.85,1.0,2.34,2020-11-08T19:00:00,EURUSD,H1,1,BUY,24.02151198262814,29,"hit_tp=True,hit_sl=False,regime=1"
-0.005673676,-0.0044433856,-0.0076537025,-0.009438895,0.34485918,0.2905384,0.3173771,0.3121943,0.387202,0.44182068,0.0,0.2626503,0.20538194,-0.013454873,0.0,0.33549407,0.00051955116,0.5400991,0.7700495,1.0,0.0,0.0,0.73913044,0.5,0.17644042,0.5823912,0.7,0.35,0.48999998,0.35,0.95,0.15,0.55,0.85,-1.0,1.3,2020-11-12T17:00:00,EURUSD,H1,1,BUY,-10.216460299508068,8,"hit_tp=False,hit_sl=True,regime=1"
0.0022152227,-0.0008066193,-0.007674305,-0.014279724,0.43499008,0.33827236,0.3732833,0.42699513,0.13681582,0.3880466,0.2731405,0.3896497,0.19991966,0.99979913,0.0,0.22345147,0.00090988853,0.48339617,0.7416981,1.0,0.0,0.0,0.39130434,0.6666667,0.21327463,0.5470217,0.7,0.35,0.48999998,0.35,0.95,0.15,0.55,0.85,-1.0,1.3,2020-11-13T09:00:00,EURUSD,H1,1,BUY,-15.30198196539656,19,"hit_tp=False,hit_sl=True,regime=1"
-0.0018540003,-0.0031338595,-0.0072688344,-0.0044030766,0.40672815,0.38373038,0.40015227,0.40090054,0.3648262,0.5094855,0.2655542,0.38003024,0.14333038,0.85832596,0.0,0.41358104,0.00097539916,0.46105182,0.7305259,1.0,0.0,0.0,0.2173913,0.8333333,0.19011487,0.65454245,0.7,0.35,0.48999998,0.35,0.95,0.15,0.55,0.85,1.0,2.34,2020-11-14T05:00:00,EURUSD,H1,1,BUY,26.311272217687254,86,"hit_tp=True,hit_sl=False,regime=1"
0.0028898015,-0.0018205955,-0.0037974436,-0.009549353,0.54759914,0.3883765,0.37986717,0.31746182,0.2870992,0.40340075,0.14708951,0.30909684,0.20363402,-0.009085044,0.0,0.2597744,0.0007890705,0.5050757,0.75253785,1.0,0.0,0.0,0.13043478,0.33333334,0.3276619,0.49579105,0.7,0.35,0.48999998,0.35,0.95,0.15,0.55,0.85,-1.0,1.56,2020-11-18T03:00:00,EURUSD,H1,1,BUY,-12.524938252824747,51,"hit_tp=False,hit_sl=True,regime=1"
0.0060088746,0.005018359,-0.0011575543,-0.014839601,0.1692776,0.21715458,0.29802957,0.37221202,0.27724174,0.418207,0.3075009,0.3902841,0.17260823,0.9315206,0.0,0.37897885,0.0006513986,0.44892672,0.72446334,1.0,0.0,0.0,0.39130434,0.6666667,0.24434827,0.49457732,0.7,0.35,0.48999998,0.35,0.95,0.15,0.55,0.85,-1.0,1.3,2020-11-20T09:00:00,EURUSD,H1,1,BUY,-11.5265159578537,6,"hit_tp=False,hit_sl=True,regime=1"
0.0056546684,-5.9187518e-05,-0.003913896,-0.0071493485,0.494848,0.348621,0.35446846,0.3197209,0.45315462,0.49213275,0.28356427,0.40538836,0.14617077,0.8654269,0.0,0.33901232,0.0010786768,0.5444298,0.7722149,1.0,0.0,0.0,0.8695652,0.6666667,0.3248768,0.4736361,0.7,0.35,0.48999998,0.35,0.95,0.15,0.55,0.85,-1.0,1.3,2020-11-20T20:00:00,EURUSD,H1,1,BUY,-11.014595948328765,6,"hit_tp=False,hit_sl=True,regime=1"
0.0024416489,-0.00140485,-0.0043277163,-0.012745191,0.71828985,0.55369323,0.4151582,0.41290936,0.32412603,0.44437596,0.26651576,0.4721544,0.1770873,0.94271827,0.0,0.28092992,0.0011331943,0.41642955,0.70821476,1.0,0.0,0.0,0.3478261,0.8333333,0.21819396,0.5820556,0.7,0.35,0.48999998,0.35,0.95,0.15,0.55,0.85,-1.0,1.3,2020-11-21T08:00:00,EURUSD,H1,1,BUY,-15.909931356234974,17,"hit_tp=False,hit_sl=True,regime=1"
-0.0010687668,0.00013459007,0.00422886,0.0029667215,0.2262857,0.31131572,0.32266572,0.27459136,0.54339176,0.58927214,0.7938773,0.7704722,0.1964238,0.9910595,0.0,0.56483036,0.001272002,0.5032818,0.75164086,1.0,0.0,0.0,0.17391305,1.0,0.44004756,0.4632096,0.7,0.35,0.48999998,0.35,0.95,0.15,0.55,0.85,-1.0,1.3,2020-11-22T04:00:00,EURUSD,H1,1,BUY,-11.097708503366999,2,"hit_tp=False,hit_sl=True,regime=1"
0.0034904666,0.002006216,-0.0044326913,-0.0019198433,0.28259033,0.37953773,0.34542674,0.3274366,0.5503628,0.5575972,0.45006138,0.35988927,0.2296345,1.0740862,0.0,0.63401514,0.0008889054,0.45124343,0.7256217,1.0,0.0,0.0,0.39130434,1.0,0.44077232,0.5442284,0.7,0.35,0.48999998,0.35,0.95,0.15,0.55,0.85,-1.0,1.3,2020-11-22T09:00:00,EURUSD,H1,1,BUY,-12.329312802459302,14,"hit_tp=False,hit_sl=True,regime=1"
0.0060377494,-0.0020945084,-0.012222563,-0.011725132,0.47906476,0.49424148,0.42570788,0.37269685,0.2685873,0.42926615,0.23209733,0.29432315,0.15086834,0.12282916,0.0,0.23347846,0.0011102977,0.49274644,0.74637324,1.0,0.0,0.0,0.26086956,0.0,0.2310518,0.44649258,0.7,0.35,0.48999998,0.35,0.95,0.15,0.55,0.85,-1.0,1.3,2020-11-23T06:00:00,EURUSD,H1,1,BUY,-13.22495335745133,11,"hit_tp=False,hit_sl=True,regime=1"
0.0031703166,0.00038840642,0.0023181958,0.0016128884,0.2894301,0.3364842,0.35835606,0.3646138,0.30797815,0.5262847,0.43496525,0.65016615,0.21018876,1.0254719,0.0,0.3774727,0.0010784601,0.40874872,0.7043744,1.0,0.0,0.0,0.17391305,0.16666667,0.33444816,0.3784307,0.7,0.35,0.48999998,0.35,0.95,0.15,0.55,0.85,-1.0,1.3,2020-11-24T04:00:00,EURUSD,H1,1,BUY,-12.800724969153077,10,"hit_tp=False,hit_sl=True,regime=1"
0.00058278535,0.006143803,0.006685723,-0.00096082373,0.22087584,0.3734352,0.42418078,0.39159855,0.29890177,0.5350952,0.4309286,0.70862126,0.28666076,1.2166519,0.0,0.36140525,0.0014336001,0.4663839,0.73319197,1.0,0.0,0.0,0.73913044,0.33333334,0.34757268,0.45992288,0.7,0.35,0.48999998,0.35,0.95,0.15,0.55,0.85,1.0,2.34,2020-11-25T17:00:00,EURUSD,H1,1,BUY,22.331893315019613,29,"hit_tp=True,hit_sl=False,regime=1"
-0.009141513,-0.0023860862,0.002463738,4.889861e-05,0.33748433,0.2861049,0.41740224,0.3523795,0.29375628,0.4368558,0.25407454,0.41758376,0.17391919,0.06520204,0.0,0.2502916,0.0010173265,0.57214844,0.7860742,1.0,0.0,0.0,0.5652174,0.6666667,0.28959656,0.49321997,0.7,0.35,0.48999998,0.35,0.95,0.15,0.55,0.85,-1.0,1.3,2020-11-27T13:00:00,EURUSD,H1,1,BUY,-12.370901242497734,15,"hit_tp=False,hit_sl=True,regime=1"
0.0021679932,-0.0059308195,-0.010590056,-0.014818246,0.42516813,0.34212673,0.31021994,0.30227855,0.42522842,0.4897607,0.19634227,0.30877262,0.17577636,0.9394409,0.0,0.32851142,0.000860076,0.42942128,0.71471065,1.0,0.0,0.0,0.2173913,0.8333333,0.2054057,0.59322095,0.7,0.35,0.48999998,0.35,0.95,0.15,0.55,0.85,-1.0,1.3,2020-11-28T05:00:00,EURUSD,H1,1,BUY,-11.158063016436515,6,"hit_tp=False,hit_sl=True,regime=1"
0.0033172856,-0.0021277517,-0.0012745453,0.0064929156,0.4526221,0.4548645,0.34447324,0.31210265,0.4859536,0.55044615,0.5712874,0.4699271,0.15895252,0.8973813,0.0,0.55631816,0.00087047665,0.40019616,0.7000981,1.0,0.0,0.0,0.7826087,0.8333333,0.4207164,0.48504713,0.7,0.35,0.48999998,0.35,0.95,0.15,0.55,0.85,-1.0,1.3,2020-11-28T18:00:00,EURUSD,H1,1,BUY,-11.73335947711962,3,"hit_tp=False,hit_sl=True,regime=1"
0.003385851,0.004189156,0.0035097785,0.0047125225,0.30544955,0.2815129,0.3122269,0.35096717,0.42094475,0.525126,0.47404736,0.68854696,0.16692746,0.91731864,0.0,0.3508406,0.0009310282,0.43360457,0.7168023,1.0,0.0,0.0,0.26086956,1.0,0.36664522,0.45314834,0.7,0.35,0.48999998,0.35,0.95,0.15,0.55,0.85,-1.0,1.3,2020-11-29T06:00:00,EURUSD,H1,1,BUY,-13.101066220999602,5,"hit_tp=False,hit_sl=True,regime=1"
0.0027911705,0.012515644,0.026076723,0.015490633,0.20873678,0.15882158,0.112663195,0.11062797,0.78671795,0.55258244,1.0,0.7874548,0.17147145,0.92867863,0.0,0.6561603,0.0034699994,0.35922593,0.67961293,0.0,0.0,1.0,0.2173913,0.33333334,0.85558534,0.5856895,0.15,0.7,0.21000001,0.54999995,0.75,0.35,0.35,0.65,-1.0,1.3,2020-01-01T05:00:00,EURUSD,H1,4,SELL,-12.535043338401941,1,"hit_tp=False,hit_sl=True,regime=4"
0.038111903,0.064479105,0.06727927,0.0906399,0.20320094,0.21030104,0.13832399,0.113384485,0.8862658,0.6063576,1.0,0.98701346,0.2076118,1.0190295,0.0,0.7859697,0.0056988634,-0.12502563,0.43748719,0.0,0.0,1.0,0.3043478,0.33333334,1.0,0.80538696,0.15,0.7,0.21000001,0.54999995,0.75,0.35,0.35,0.65,-1.0,1.0,2020-01-01T07:00:00,EURUSD,H1,4,SELL,-15.579309499402783,1,"hit_tp=False,hit_sl=True,regime=4"
0.0037165526,-0.019909326,-0.046621982,-0.061357897,0.274038,0.24310698,0.23541085,0.16913962,0.51433706,0.48342973,0.38124874,0.14693101,0.19539934,0.011501639,0.0,0.50512654,0.0016670533,0.43909106,0.71954554,0.0,0.0,1.0,0.5652174,0.33333334,0.5223608,0.5656602,0.7,0.15,0.21000001,0.54999995,0.75,0.35,0.35,0.65,-1.0,1.3,2020-01-01T13:00:00,EURUSD,H1,4,BUY,-27.422263716572193,2,"hit_tp=False,hit_sl=True,regime=4"
0.003993538,0.020748002,0.039235987,0.06547152,0.20292868,0.39170778,0.3074698,0.24936731,0.6225006,0.54472697,0.72885436,0.9512297,0.20207359,1.0051839,0.0,0.5443137,0.0071250186,0.3202365,0.6601182,0.0,0.0,1.0,0.82608694,0.33333334,0.69404346,0.49541607,0.15,0.7,0.21000001,0.54999995,0.75,0.35,0.35,0.65,-1.0,1.3,2020-01-01T19:00:00,EURUSD,H1,4,SELL,-38.36736384440043,2,"hit_tp=False,hit_sl=True,regime=4"
0.04747664,0.072966844,0.098737165,0.1195876,0.48585528,0.36560065,0.36439297,0.31155148,0.7135971,0.64413357,0.9912374,0.9393256,0.25617763,1.140444,0.0,0.54041433,0.011724008,-0.10497234,0.44751382,0.0,0.0,1.0,0.95652175,0.33333334,0.95337844,0.48220855,0.15,0.7,0.21000001,0.54999995,0.75,0.35,0.35,0.65,1.0,1.5,2020-01-01T22:00:00,EURUSD,H1,4,SELL,72.4110077824891,13,"hit_tp=True,hit_sl=False,regime=4"
0.036247548,0.033912644,0.056985192,0.05020694,0.423567,0.40374452,0.35038617,0.45963034,0.58796364,0.510607,1.0,0.88119423,0.16401617,0.91004044,0.0,0.4216508,0.0119364085,0.3917847,0.69589233,0.0,0.0,1.0,0.0,0.6666667,0.6144241,0.50570995,0.15,0.7,0.21000001,0.54999995,0.75,0.35,0.35,0.65,-1.0,1.3,2020-01-03T00:00:00,EURUSD,H1,4,SELL,-63.43391676278731,7,"hit_tp=False,hit_sl=True,regime=4"
0.013188318,0.03942751,0.03798524,0.088731356,0.6967088,0.68459874,0.52105516,0.4848024,0.8067396,0.6235332,0.8656439,0.7236114,0.21783619,1.0445905,0.0,0.79966074,0.016660016,0.13267103,0.5663355,0.0,0.0,1.0,0.3478261,0.6666667,0.8492155,0.48203176,0.15,0.7,0.21000001,0.54999995,0.75,0.35,0.35,0.65,-1.0,1.3,2020-01-03T08:00:00,EURUSD,H1,4,SELL,-61.106473955823134,4,"hit_tp=False,hit_sl=True,regime=4"
0.011853587,0.045788337,0.06403837,0.122981295,0.41859815,0.38555834,0.5350785,0.43938497,0.8463847,0.66895235,0.80880153,0.84812117,0.15116468,0.1220883,0.0,0.94058937,0.02017175,0.19405334,0.59702665,0.0,0.0,1.0,0.5652174,0.6666667,0.8295003,0.3907164,0.15,0.7,0.21000001,0.54999995,0.75,0.35,0.35,0.65,-1.0,1.3,2020-01-03T13:00:00,EURUSD,H1,4,SELL,-62.32774461008006,8,"hit_tp=False,hit_sl=True,regime=4"
0.020939682,0.032555386,0.048809614,0.050271794,0.3801009,0.37429655,0.40012592,0.46273813,0.8398709,0.5644635,0.7606851,0.7266856,0.18567199,0.035820052,0.0,0.9383627,0.020382838,0.22752938,0.6137647,0.0,0.0,1.0,0.95652175,0.6666667,0.7492465,0.49341413,0.15,0.7,0.21000001,0.54999995,0.75,0.35,0.35,0.65,1.0,2.34,2020-01-03T22:00:00,EURUSD,H1,4,SELL,85.07837180983246,37,"hit_tp=True,hit_sl=False,regime=4"
0.008624594,-0.019272955,-0.064769074,-0.081990115,0.27299136,0.25731313,0.24704455,0.35042593,0.15788268,0.36679262,0.1641243,0.13119245,0.17530559,0.93826395,0.0,0.32704502,0.0012783315,0.21942765,0.6097138,0.0,0.0,1.0,0.5217391,1.0,0.17196755,0.4260273,0.7,0.15,0.21000001,0.54999995,0.75,0.35,0.35,0.65,-1.0,1.3,2020-01-05T12:00:00,EURUSD,H1,4,BUY,-37.479852798734115,1,"hit_tp=False,hit_sl=True,regime=4"
-0.0027699447,-0.0014740793,0.0071498784,-0.06623838,0.6399854,0.46213397,0.36248612,0.37999126,0.1497303,0.37998214,0.25027496,0.37102383,0.23977602,-0.09944003,0.0,0.2708963,0.0025656116,0.36645228,0.68322617,0.0,0.0,1.0,0.6086956,1.0,0.23561516,0.40106374,0.7,0.15,0.21000001,0.54999995,0.75,0.35,0.35,0.65,1.0,1.9500000000000002,2020-01-05T14:00:00,EURUSD,H1,4,BUY,71.35147086282822,7,"hit_tp=True,hit_sl=False,regime=4"
-0.023753744,-0.0074466043,-0.014963805,-0.067576766,0.33066982,0.3334142,0.3453314,0.35101727,0.3860342,0.46304414,0.092033066,0.35553786,0.14704652,0.13238369,0.0,0.6142133,0.0036874935,0.52653086,0.76326543,0.0,0.0,1.0,0.6086956,0.0,0.17808294,0.42107558,0.7,0.15,0.21000001,0.54999995,0.75,0.35,0.35,0.65,-1.0,1.56,2020-01-06T14:00:00,EURUSD,H1,4,BUY,-43.81783178394771,38,"hit_tp=False,hit_sl=True,regime=4"
-0.031463142,-0.023365563,-0.005250084,-0.07017002,0.25063983,0.476337,0.36066726,0.33903193,0.34010813,0.45279953,0.10495114,0.4402632,0.23828496,-0.09571239,0.0,0.40726244,0.003287685,0.53642046,0.76821023,0.0,0.0,1.0,0.3478261,0.33333334,0.23652077,0.40534896,0.7,0.15,0.21000001,0.54999995,0.75,0.35,0.35,0.65,1.0,1.9500000000000002,2020-01-08T08:00:00,EURUSD,H1,4,BUY,74.32779623670615,10,"hit_tp=True,hit_sl=False,regime=4"
0.020361492,0.022684414,0.056268174,0.055903494,0.49332762,0.42821294,0.29512468,0.32571667,0.74474186,0.6296815,0.9207368,0.7684912,0.16813432,0.92033577,0.0,0.79354674,0.010080776,0.34392828,0.67196417,0.0,0.0,1.0,0.82608694,0.33333334,0.8771299,0.31686592,0.15,0.7,0.21000001,0.54999995,0.75,0.35,0.35,0.65,-1.0,1.3,2020-01-08T19:00:00,EURUSD,H1,4,SELL,-38.35197699153081,2,"hit_tp=False,hit_sl=True,regime=4"
-0.020134145,0.013121592,0.034624346,0.05734803,0.552579,0.54278505,0.40850276,0.3895888,0.8529853,0.64926416,0.7845436,0.7026382,0.23288876,1.0822219,0.0,0.8555025,0.011402248,0.5495631,0.7747815,0.0,0.0,1.0,0.95652175,0.33333334,0.80167705,0.35327107,0.15,0.7,0.21000001,0.54999995,0.75,0.35,0.35,0.65,-1.0,1.3,2020-01-08T22:00:00,EURUSD,H1,4,SELL,-46.73193962496658,20,"hit_tp=False,hit_sl=True,regime=4"
-0.019926373,-0.017405553,-0.038703423,-0.013794707,0.3923686,0.31074315,0.34168968,0.30865756,0.43844593,0.4526855,0.26056966,0.39192325,0.2504264,-0.12606603,0.0,0.53155196,0.012294203,0.51188385,0.7559419,0.0,0.0,1.0,0.82608694,0.5,0.50991684,0.60098994,0.15,0.7,0.21000001,0.54999995,0.75,0.35,0.35,0.65,1.0,1.9500000000000002,2020-01-09T19:00:00,EURUSD,H1,4,SELL,62.671905072060326,10,"hit_tp=True,hit_sl=False,regime=4"
0.009642175,0.03153616,0.015698483,0.014613691,0.24405748,0.31049886,0.40691498,0.3612557,0.31202832,0.46841657,0.45052618,0.57048583,0.25568062,-0.13920152,0.0,0.44988278,0.0027054157,0.43808988,0.7190449,0.0,0.0,1.0,0.5652174,0.6666667,0.39962178,0.48193443,0.7,0.15,0.21000001,0.54999995,0.75,0.35,0.35,0.65,-1.0,1.3,2020-01-10T13:00:00,EURUSD,H1,4,BUY,-46.40749503073805,16,"hit_tp=False,hit_sl=True,regime=4"
-0.035292465,-0.06238341,-0.10123022,-0.068728216,0.4632789,0.37328646,0.40713304,0.43372512,0.31245366,0.41103944,0.12879692,0.19983703,0.19575436,0.9893859,0.0,0.18184765,0.0020566802,0.29737255,0.6486863,0.0,0.0,1.0,0.26086956,0.8333333,0.072059184,0.4743295,0.7,0.15,0.21000001,0.54999995,0.75,0.35,0.35,0.65,-1.0,1.3,2020-01-11T06:00:00,EURUSD,H1,4,BUY,-59.48771968858235,5,"hit_tp=False,hit_sl=True,regime=4"
-0.017679628,-0.0786656,-0.08351803,-0.11654887,0.58838326,0.5943468,0.48831093,0.48046273,0.3126987,0.38331538,0.17278418,0.20452712,0.25695866,1.1423967,0.0,0.21619183,0.0039687916,0.40758657,0.7037933,0.0,0.0,1.0,0.5217391,0.8333333,0.14354311,0.5011305,0.7,0.15,0.21000001,0.54999995,0.75,0.35,0.35,0.65,1.0,2.34,2020-01-11T12:00:00,EURUSD,H1,4,BUY,97.36591892691493,27,"hit_tp=True,hit_sl=False,regime=4"
-0.023092085,-0.04833707,-0.0478478,-0.05424784,0.33478692,0.36110187,0.33797938,0.42001027,0.23123918,0.37237895,0.10649815,0.055560175,0.23459281,-0.08648204,0.0,0.2180811,0.0041433326,0.512093,0.75604653,0.0,0.0,1.0,0.08695652,0.0,0.14942352,0.5645923,0.7,0.15,0.21000001,0.54999995,0.75,0.35,0.35,0.65,1.0,1.9500000000000002,2020-01-13T02:00:00,EURUSD,H1,4,BUY,78.14207921791771,12,"hit_tp=True,hit_sl=False,regime=4"
-0.001591593,0.011428674,0.015317109,0.06409519,0.52041054,0.51990217,0.38391718,0.3860272,0.88178277,0.6458161,0.7974506,0.6410631,0.27712342,1.1928085,0.0,0.8268085,0.011532653,0.5639723,0.7819862,0.0,0.0,1.0,0.6956522,0.0,0.7521415,0.47887877,0.15,0.7,0.21000001,0.54999995,0.75,0.35,0.35,0.65,-1.0,1.3,2020-01-13T16:00:00,EURUSD,H1,4,SELL,-50.92596351796486,3,"hit_tp=False,hit_sl=True,regime=4"
-0.0077425214,0.013802674,-0.009333185,-0.02087331,0.15840654,0.43735328,0.46663886,0.40984398,0.7831942,0.57404214,0.7027808,0.5023117,0.15656088,0.8914022,0.0,0.8169531,0.011577136,0.593373,0.7966865,0.0,0.0,1.0,0.95652175,0.0,0.66399634,0.4875015,0.15,0.7,0.21000001,0.54999995,0.75,0.35,0.35,0.65,-1.0,1.3,2020-01-13T22:00:00,EURUSD,H1,4,SELL,-52.366725175654324,3,"hit_tp=False,hit_sl=True,regime=4"
0.023101427,0.031021487,0.07190387,0.08599955,0.28168866,0.25414485,0.3808576,0.3823874,0.78641796,0.62121314,0.92728853,0.8608445,0.2742123,1.1855308,0.0,0.8126722,0.014571783,0.13387911,0.56693953,0.0,0.0,1.0,0.08695652,0.16666667,0.80567694,0.44231817,0.15,0.7,0.21000001,0.54999995,0.75,0.35,0.35,0.65,-1.0,1.3,2020-01-14T02:00:00,EURUSD,H1,4,SELL,-53.498599520536146,19,"hit_tp=False,hit_sl=True,regime=4"
-0.007229459,0.00644658,0.04452671,0.0738506,0.60105896,0.43944702,0.48665392,0.3921846,0.62156326,0.53915215,0.7909026,0.75578314,0.23828496,1.0957124,0.0,0.58434045,0.017949542,0.20405865,0.6020293,0.0,0.0,1.0,0.95652175,0.16666667,0.8101228,0.5151228,0.15,0.7,0.21000001,0.54999995,0.75,0.35,0.35,0.65,1.0,2.34,2020-01-14T22:00:00,EURUSD,H1,4,SELL,93.93946722047187,21,"hit_tp=True,hit_sl=False,regime=4"
-0.0009705665,-0.0069747358,-0.04040694,-0.062475473,0.16940294,0.41153246,0.38048503,0.32172546,0.27401876,0.3509732,0.21710476,0.18834469,0.18638201,0.965955,0.0,0.24223368,0.0028911233,0.41541067,0.7077053,0.0,0.0,1.0,0.95652175,0.33333334,0.1798025,0.65054214,0.7,0.15,0.21000001,0.54999995,0.75,0.35,0.35,0.65,-1.0,1.3,2020-01-15T22:00:00,EURUSD,H1,4,BUY,-47.28560620389955,4,"hit_tp=False,hit_sl=True,regime=4"
-0.016329894,-0.040661246,-0.06846705,-0.09264769,0.2735495,0.26390654,0.3377195,0.33433354,0.0041551217,0.32035515,0.16672048,0.10094308,0.18567199,0.035820052,0.0,0.0,0.0007663828,0.08986302,0.54493153,0.0,0.0,1.0,0.13043478,0.5,0.17354806,0.7300273,0.7,0.15,0.21000001,0.54999995,0.75,0.35,0.35,0.65,-1.0,1.56,2020-01-16T03:00:00,EURUSD,H1,4,BUY,-44.37167677626475,35,"hit_tp=False,hit_sl=True,regime=4"
-0.020005437,-0.043487955,-0.056964308,-0.07589124,0.34990603,0.30686823,0.33446375,0.34450027,0.28250816,0.42599156,0.014329176,0.08594288,0.18290287,0.042742815,0.0,0.2337397,0.0,-0.09017831,0.45491084,0.0,0.0,1.0,0.65217394,0.6666667,0.13647592,0.45993358,0.7,0.15,0.21000001,0.54999995,0.75,0.35,0.35,0.65,-1.0,1.0,2020-01-17T15:00:00,EURUSD,H1,4,BUY,-41.5050661843086,20,"hit_tp=False,hit_sl=True,regime=4"
0.011558073,-0.01261034,-0.019636368,-0.048888683,0.3984517,0.31231153,0.3319726,0.34356079,0.4683278,0.49812958,0.22601588,0.3952561,0.18851209,0.9712802,0.0,0.45281148,0.0033771996,0.4656523,0.7328261,0.0,0.0,1.0,0.5217391,0.8333333,0.28809202,0.52851737,0.7,0.15,0.21000001,0.54999995,0.75,0.35,0.35,0.65,1.0,2.34,2020-01-18T12:00:00,EURUSD,H1,4,BUY,82.50365073585454,31,"hit_tp=True,hit_sl=False,regime=4"
0.011363648,-0.01262019,-0.0032471898,0.034859117,0.32190344,0.32340592,0.30079094,0.33138818,0.6310567,0.5357017,0.80861527,0.4854635,0.20562373,1.0140593,0.0,0.58140117,0.008913144,0.5533073,0.77665365,0.0,0.0,1.0,0.9130435,1.0,0.7149997,0.6088616,0.15,0.7,0.21000001,0.54999995,0.75,0.35,0.35,0.65,-1.0,1.3,2020-01-19T21:00:00,EURUSD,H1,4,SELL,-35.12830966010405,5,"hit_tp=False,hit_sl=True,regime=4"
0.000116200354,0.019863067,-0.0008886028,0.0015505998,0.6387709,0.44594812,0.36979783,0.31830052,0.6039883,0.5148135,0.7254407,0.53664595,0.17367253,0.93418133,0.0,0.54770184,0.009553889,0.4720895,0.73604476,0.0,0.0,1.0,0.13043478,0.0,0.69557583,0.6160476,0.15,0.7,0.21000001,0.54999995,0.75,0.35,0.35,0.65,-1.0,1.3,2020-01-20T03:00:00,EURUSD,H1,4,SELL,-48.12947899574205,2,"hit_tp=False,hit_sl=True,regime=4"
-0.0013918956,0.010722436,0.022115564,0.042000595,0.46298507,0.63130015,0.4004457,0.36495054,0.7270291,0.529401,0.91339344,0.598246,0.17992076,0.9498019,0.0,0.69463855,0.010572345,0.500678,0.75033903,0.0,0.0,1.0,0.26086956,0.0,0.7748971,0.6548855,0.15,0.7,0.21000001,0.54999995,0.75,0.35,0.35,0.65,-1.0,1.3,2020-01-20T06:00:00,EURUSD,H1,4,SELL,-51.57455775738562,16,"hit_tp=False,hit_sl=True,regime=4"
-0.0400195,-0.04120733,-0.035225336,-0.011197378,0.19455816,0.19402023,0.25678897,0.31438786,0.51866794,0.48171684,0.4312749,0.37282535,0.22443944,-0.06109859,0.0,0.6771779,0.011522243,0.5455468,0.7727734,0.0,0.0,1.0,1.0,0.0,0.5385193,0.24520016,0.15,0.7,0.21000001,0.54999995,0.75,0.35,0.35,0.65,-1.0,1.3,2020-01-20T23:00:00,EURUSD,H1,4,SELL,-33.06933902008646,2,"hit_tp=False,hit_sl=True,regime=4"
0.024482375,0.04014299,0.033311434,-0.00796453,0.46072376,0.39089286,0.30821124,0.31404865,0.5396946,0.49250114,0.71962357,0.5001735,0.18467794,0.96169484,0.0,0.68337864,0.013543379,0.28691602,0.643458,0.0,0.0,1.0,0.08695652,0.16666667,0.7265928,0.27293405,0.15,0.7,0.21000001,0.54999995,0.75,0.35,0.35,0.65,1.0,1.9500000000000002,2020-01-21T02:00:00,EURUSD,H1,4,SELL,65.6829925932012,4,"hit_tp=True,hit_sl=False,regime=4"
-0.020576255,-0.0021955254,-0.033967957,-0.11318952,0.31467292,0.29503036,0.35360587,0.31813976,0.30789548,0.35008428,0.17091362,0.21227612,0.24708928,-0.11772322,0.0,0.5137622,0.0032984312,0.53936166,0.76968086,0.0,0.0,1.0,0.3478261,0.16666667,0.17420372,0.40357986,0.7,0.15,0.21000001,0.54999995,0.75,0.35,0.35,0.65,1.0,2.34,2020-01-21T08:00:00,EURUSD,H1,4,BUY,68.69276074059627,21,"hit_tp=True,hit_sl=False,regime=4"
0.015896693,0.041256327,0.0229065,0.019912783,0.3614138,0.39172944,0.3788298,0.3806283,0.7526828,0.5897797,0.8797773,0.7479774,0.186311,0.9657775,0.0,0.5335151,0.009814788,0.31709552,0.65854776,0.0,0.0,1.0,0.4347826,0.33333334,0.7723095,0.4772913,0.15,0.7,0.21000001,0.54999995,0.75,0.35,0.35,0.65,1.0,1.9500000000000002,2020-01-22T10:00:00,EURUSD,H1,4,SELL,88.34264220288546,13,"hit_tp=True,hit_sl=False,regime=4"
-0.02566788,-0.048924908,-0.052629136,-0.11665095,0.6143973,0.48455775,0.44117534,0.41374975,0.15457095,0.32311857,0.09331861,0.10593249,0.1833999,0.041500267,0.0,0.27568057,0.0,-0.00083139515,0.49958432,0.0,0.0,1.0,0.0,0.5,0.094572574,0.52844375,0.7,0.15,0.21000001,0.54999995,0.75,0.35,0.35,0.65,1.0,1.5,2020-01-23T00:00:00,EURUSD,H1,4,BUY,86.66942315659787,15,"hit_tp=True,hit_sl=False,regime=4"
0.0016372544,-0.0070498176,0.02347877,0.06177316,0.5938525,0.52137744,0.50484526,0.4114606,0.8644834,0.65918255,0.79388803,0.62923366,0.18588498,0.96471244,0.0,0.76563746,0.010773147,0.535144,0.767572,0.0,0.0,1.0,0.73913044,0.5,0.7703008,0.51322085,0.15,0.7,0.21000001,0.54999995,0.75,0.35,0.35,0.65,-1.0,1.3,2020-01-23T17:00:00,EURUSD,H1,4,SELL,-51.606413056888286,20,"hit_tp=False,hit_sl=True,regime=4"
0.018143693,0.03035192,0.03934042,-0.0011172098,0.22924453,0.22128677,0.30755988,0.3087477,0.5085582,0.47973698,0.63143814,0.65223014,0.18574297,0.96435744,0.0,0.6507238,0.011512718,0.54797333,0.77398664,0.0,0.0,1.0,0.82608694,0.6666667,0.59527,0.32637173,0.15,0.7,0.21000001,0.54999995,0.75,0.35,0.35,0.65,-1.0,1.3,2020-01-24T19:00:00,EURUSD,H1,4,SELL,-36.04837287039197,7,"hit_tp=False,hit_sl=True,regime=4"
0.006070797,0.054998305,0.065571144,0.050726824,0.43306717,0.47230902,0.35857147,0.32604468,0.5749428,0.5322264,0.85306007,0.77211493,0.1515197,0.12120076,0.0,0.56451136,0.012681502,0.3986686,0.6993343,0.0,0.0,1.0,0.13043478,0.8333333,0.8402511,0.46916556,0.15,0.7,0.21000001,0.54999995,0.75,0.35,0.35,0.65,-1.0,1.3,2020-01-25T03:00:00,EURUSD,H1,4,SELL,-43.732337999817794,10,"hit_tp=False,hit_sl=True,regime=4"
0.010296566,0.034946308,0.041189484,0.011035216,0.5680495,0.38870928,0.29025874,0.34804052,0.77556384,0.54328793,1.0,0.679328,0.18801507,0.97003764,0.0,0.710433,0.012482182,0.22352259,0.6117613,0.0,0.0,1.0,0.6086956,0.8333333,0.788449,0.57337534,0.15,0.7,0.21000001,0.54999995,0.75,0.35,0.35,0.65,1.0,1.9500000000000002,2020-01-25T14:00:00,EURUSD,H1,4,SELL,76.60888061659988,17,"hit_tp=True,hit_sl=False,regime=4"
-0.019563343,-0.031195024,-0.045010462,-0.05981623,0.40722865,0.30211058,0.34046686,0.3872935,0.09943589,0.358,0.11269437,0.1336833,0.23026165,-0.075654134,0.0,0.11888201,0.0010946897,0.1943331,0.59716654,0.0,0.0,1.0,0.3478261,1.0,0.14339218,0.58501935,0.7,0.15,0.21000001,0.54999995,0.75,0.35,0.35,0.65,1.0,1.9500000000000002,2020-01-26T08:00:00,EURUSD,H1,4,BUY,78.0839716457593,12,"hit_tp=True,hit_sl=False,regime=4"
-0.002458651,-0.0010180211,0.04818901,0.023549108,0.24170315,0.30074596,0.29021057,0.30811375,0.73767227,0.59548247,0.7641097,0.79462415,0.14512946,0.86282367,0.0,0.72588825,0.008773386,0.48861325,0.7443066,0.0,0.0,1.0,0.9130435,1.0,0.75509405,0.60460675,0.15,0.7,0.21000001,0.54999995,0.75,0.35,0.35,0.65,-1.0,1.3,2020-01-26T21:00:00,EURUSD,H1,4,SELL,-43.844309551250845,7,"hit_tp=False,hit_sl=True,regime=4"
0.014028257,0.016018102,0.0038270094,0.006855423,0.5964891,0.39370835,0.37498248,0.34987974,0.6627947,0.54425204,0.68827456,0.56242126,0.1939793,0.015051772,0.0,0.63552946,0.0101691345,0.42640087,0.71320045,0.0,0.0,1.0,0.2173913,0.0,0.69672245,0.5076762,0.15,0.7,0.21000001,0.54999995,0.75,0.35,0.35,0.65,-1.0,1.3,2020-01-27T05:00:00,EURUSD,H1,4,SELL,-44.22900609688307,9,"hit_tp=False,hit_sl=True,regime=4"
0.03668171,0.062856235,0.06105831,0.026000308,0.33460137,0.2553652,0.27166948,0.323326,0.64691556,0.52345383,1.0,0.78210443,0.1704064,0.07398399,0.0,0.4598582,0.013397979,0.1260442,0.5630221,0.0,0.0,1.0,0.65217394,0.0,0.90115255,0.44974577,0.15,0.7,0.21000001,0.54999995,0.75,0.35,0.35,0.65,1.0,1.9500000000000002,2020-01-27T15:00:00,EURUSD,H1,4,SELL,70.81426780755073,13,"hit_tp=True,hit_sl=False,regime=4"
0.04034804,0.026635291,0.024578433,0.03219144,0.2815936,0.36310428,0.43289205,0.35896605,0.483393,0.46600068,0.60036266,0.70472914,0.16976738,0.92441845,0.0,0.36226696,0.011574788,0.44965595,0.72482795,0.0,0.0,1.0,0.3478261,0.16666667,0.43303445,0.64871794,0.15,0.7,0.21000001,0.54999995,0.75,0.35,0.35,0.65,-1.0,1.3,2020-01-28T08:00:00,EURUSD,H1,4,SELL,-47.345914631642394,4,"hit_tp=False,hit_sl=True,regime=4"
-0.0058048745,-0.0049924343,0.022025308,0.0126402145,0.5017425,0.3873471,0.33370522,0.40753284,0.41500553,0.50092185,0.5688042,0.3996892,0.19894947,0.0026263052,0.0,0.4699375,0.0021711779,0.47376937,0.73688465,0.0,0.0,1.0,0.08695652,0.33333334,0.5697259,0.52936655,0.7,0.15,0.21000001,0.54999995,0.75,0.35,0.35,0.65,-1.0,1.56,2020-01-29T02:00:00,EURUSD,H1,4,BUY,-49.5244247269988,29,"hit_tp=False,hit_sl=True,regime=4"
0.016140949,-0.012297995,-0.025276367,-0.01354795,0.3852631,0.3624556,0.4262275,0.37563843,0.3390518,0.41028112,0.27019748,0.34270507,0.24169308,-0.10423271,0.0,0.35002995,0.0029795377,0.49021107,0.7451055,0.0,0.0,1.0,0.3478261,0.5,0.23818639,0.5236402,0.7,0.15,0.21000001,0.54999995,0.75,0.35,0.35,0.65,1.0,2.34,2020-01-30T08:00:00,EURUSD,H1,4,BUY,87.37328596382321,31,"hit_tp=True,hit_sl=False,regime=4"
-0.0056592347,0.000520479,0.030371351,-0.015712127,0.8161765,0.60919607,0.5347412,0.4079497,0.63557976,0.53119457,0.6297037,0.5082141,0.2681771,1.1704427,0.0,0.6636,0.008853775,0.59097224,0.7954861,0.0,0.0,1.0,0.6956522,0.6666667,0.629504,0.54665476,0.15,0.7,0.21000001,0.54999995,0.75,0.35,0.35,0.65,1.0,2.34,2020-01-31T16:00:00,EURUSD,H1,4,SELL,104.7170194478353,28,"hit_tp=True,hit_sl=False,regime=4"
-0.025593493,-0.043848988,-0.03231388,-0.03486713,0.7068014,0.4698357,0.39111707,0.4066342,0.4958442,0.48908743,0.18529892,0.2871668,0.16550723,0.91376805,0.0,0.34417894,0.003239728,0.47013023,0.7350651,0.0,0.0,1.0,0.9130435,0.8333333,0.21875802,0.52028316,0.7,0.15,0.21000001,0.54999995,0.75,0.35,0.35,0.65,-1.0,1.3,2020-02-01T21:00:00,EURUSD,H1,4,BUY,-52.81065525802431,10,"hit_tp=False,hit_sl=True,regime=4"
0.03151085,0.03277649,-0.004054585,0.017451653,0.35120043,0.34895998,0.25905913,0.31114477,0.2704897,0.4625322,0.30535066,0.41087368,0.22124432,-0.05311079,0.0,0.34388953,0.0015201309,0.18923776,0.59461886,0.0,0.0,1.0,0.3478261,1.0,0.36256412,0.5087842,0.7,0.15,0.21000001,0.54999995,0.75,0.35,0.35,0.65,1.0,1.9500000000000002,2020-02-02T08:00:00,EURUSD,H1,4,BUY,76.50841127966545,9,"hit_tp=True,hit_sl=False,regime=4"
0.02089563,0.017569302,0.031014511,0.083149366,0.22283615,0.19322458,0.28310874,0.2673274,0.80951506,0.6683384,0.78427994,0.8804153,0.20129256,1.0032314,0.0,0.9366771,0.009248325,0.4169418,0.7084709,0.0,0.0,1.0,0.8695652,1.0,0.8361867,0.4255141,0.15,0.7,0.21000001,0.54999995,0.75,0.35,0.35,0.65,1.0,1.9500000000000002,2020-02-02T20:00:00,EURUSD,H1,4,SELL,60.06698637585739,8,"hit_tp=True,hit_sl=False,regime=4"
0.0044453153,-0.002665356,-0.015144644,0.0063386834,0.63653374,0.5808281,0.4742865,0.40342826,0.35993415,0.47212055,0.27832934,0.3757174,0.17345951,0.0663512,0.0,0.28051504,0.0031274424,0.59542453,0.79771227,0.0,0.0,1.0,0.04347826,0.16666667,0.36983383,0.59662473,0.7,0.15,0.21000001,0.54999995,0.75,0.35,0.35,0.65,-1.0,1.56,2020-02-04T01:00:00,EURUSD,H1,4,BUY,-55.35109404346316,34,"hit_tp=False,hit_sl=True,regime=4"
-0.008883813,-0.04182074,-0.046118423,-0.07589306,0.41626754,0.3560072,0.31657106,0.34936202,0.23218845,0.37745503,0.1091245,0.1926117,0.17814569,0.05463576,0.0,0.2829123,0.0017880035,0.32711583,0.6635579,0.0,0.0,1.0,0.5217391,0.33333334,0.076949574,0.51536965,0.7,0.15,0.21000001,0.54999995,0.75,0.35,0.35,0.65,1.0,1.9500000000000002,2020-02-05T12:00:00,EURUSD,H1,4,BUY,72.98520890324234,20,"hit_tp=True,hit_sl=False,regime=4"
-0.010890232,-0.046729468,-0.038690254,-0.025712071,0.42135713,0.38425434,0.3587512,0.42218176,0.3844877,0.47332078,0.053354107,0.25851607,0.23587087,-0.08967716,0.0,0.42163104,0.0033439458,0.55165994,0.77583,0.0,0.0,1.0,0.95652175,0.5,0.2741937,0.47091144,0.7,0.15,0.21000001,0.54999995,0.75,0.35,0.35,0.65,-1.0,1.3,2020-02-06T22:00:00,EURUSD,H1,4,BUY,-47.1862157487668,7,"hit_tp=False,hit_sl=True,regime=4"
-0.0005137829,0.016295057,0.0005248182,-0.006749469,0.3107629,0.32962197,0.51864326,0.43708387,0.527235,0.48565736,0.36996686,0.27198532,0.16479719,0.08800702,0.0,0.413739,0.0033035378,0.54292756,0.7714638,0.0,0.0,1.0,0.6956522,0.6666667,0.5941757,0.6202808,0.7,0.15,0.21000001,0.54999995,0.75,0.35,0.35,0.65,-1.0,1.3,2020-02-07T16:00:00,EURUSD,H1,4,BUY,-61.76410475940308,10,"hit_tp=False,hit_sl=True,regime=4"
0.0049690767,-0.020750208,-0.063138045,-0.08269254,0.5596071,0.4380132,0.49745938,0.45740363,0.2548696,0.39817366,0.16896898,0.3061879,0.16039503,0.90098757,0.0,0.27473235,0.00424477,0.5148217,0.7574109,0.0,0.0,1.0,0.13043478,0.8333333,0.18548878,0.31627226,0.7,0.15,0.21000001,0.54999995,0.75,0.35,0.35,0.65,-1.0,1.3,2020-02-08T03:00:00,EURUSD,H1,4,BUY,-56.14277687900682,15,"hit_tp=False,hit_sl=True,regime=4"
-0.009449928,-0.06342277,-0.065635,-0.056311958,0.43632135,0.3301397,0.3643235,0.38794616,0.33907157,0.4798798,0.0,0.16030933,0.14271536,0.8567884,0.0,0.35969955,0.0018614045,0.20844878,0.6042244,0.0,0.0,1.0,0.82608694,0.8333333,0.12358002,0.43020913,0.7,0.15,0.21000001,0.54999995,0.75,0.35,0.35,0.65,1.0,1.9500000000000002,2020-02-08T19:00:00,EURUSD,H1,4,BUY,84.50219812358162,14,"hit_tp=True,hit_sl=False,regime=4"
-0.012349896,0.008477776,0.002502088,0.0015546653,0.5856823,0.40405887,0.50983,0.39166492,0.22165437,0.42860368,0.14749888,0.3726356,0.18396792,0.040080212,0.0,0.4262973,0.003153765,0.4134668,0.7067334,0.0,0.0,1.0,0.9130435,1.0,0.44947392,0.5230056,0.7,0.15,0.21000001,0.54999995,0.75,0.35,0.35,0.65,-1.0,1.3,2020-02-09T21:00:00,EURUSD,H1,4,BUY,-54.80548838115995,3,"hit_tp=False,hit_sl=True,regime=4"
0.0069752457,-0.028068662,-0.053074114,-0.1452103,0.41862696,0.4985657,0.43786368,0.40353215,0.2051847,0.34048405,0.18494505,0.17947179,0.17090343,0.92725855,0.0,0.273197,0.0035173076,0.49084,0.74542,0.0,0.0,1.0,0.04347826,0.0,0.1485405,0.3493671,0.7,0.15,0.21000001,0.54999995,0.75,0.35,0.35,0.65,-1.0,1.56,2020-02-10T01:00:00,EURUSD,H1,4,BUY,-63.1422504683643,89,"hit_tp=False,hit_sl=True,regime=4"
0.023859216,0.006414869,-0.022697575,-0.04887938,0.24057554,0.2295238,0.2553036,0.3804371,0.28427657,0.42067358,0.2511652,0.2218665,0.17779069,0.055523295,0.0,0.2600998,0.0012897478,0.17106198,0.585531,0.0,0.0,1.0,0.82608694,0.5,0.2302284,0.645307,0.7,0.15,0.21000001,0.54999995,0.75,0.35,0.35,0.65,-1.0,1.3,2020-02-13T19:00:00,EURUSD,H1,4,BUY,-51.827859104705,6,"hit_tp=False,hit_sl=True,regime=4"
0.0037583408,-0.017058104,-0.056869976,-0.034363415,0.38291144,0.40284804,0.37578282,0.38631922,0.24726589,0.45437902,0.16854137,0.25750858,0.2021446,-0.005361495,0.0,0.26908773,0.0024722621,0.26549262,0.63274634,0.0,0.0,1.0,0.08695652,0.6666667,0.24151747,0.61871934,0.7,0.15,0.21000001,0.54999995,0.75,0.35,0.35,0.65,1.0,1.9500000000000002,2020-02-14T02:00:00,EURUSD,H1,4,BUY,75.41234355957104,16,"hit_tp=True,hit_sl=False,regime=4"
0.017804166,0.035747357,0.039596666,-0.0030116048,0.47422802,0.43748492,0.32995212,0.3371165,0.5611533,0.55667496,0.9457944,0.8264979,0.21769418,1.0442355,0.0,0.5862673,0.010636226,0.40929148,0.70464575,0.0,0.0,1.0,0.3478261,0.8333333,0.6968299,0.523339,0.15,0.7,0.21000001,0.54999995,0.75,0.35,0.35,0.65,-1.0,1.3,2020-02-15T08:00:00,EURUSD,H1,4,SELL,-46.393323669224884,3,"hit_tp=False,hit_sl=True,regime=4"
0.024870299,0.008183423,0.03761779,0.009186893,0.30097368,0.3715509,0.32076764,0.41442105,0.5001092,0.5040417,0.8569224,0.6135271,0.1436384,0.859096,0.0,0.38807577,0.011562788,0.48385477,0.7419274,0.0,0.0,1.0,0.04347826,1.0,0.5926201,0.47289208,0.15,0.7,0.21000001,0.54999995,0.75,0.35,0.35,0.65,-1.0,1.3,2020-02-16T01:00:00,EURUSD,H1,4,SELL,-43.219798431286534,6,"hit_tp=False,hit_sl=True,regime=4"
0.043320816,0.055550013,0.07367629,0.09846417,0.24996878,0.2820072,0.31462738,0.3084718,0.7300917,0.6302381,0.9167202,0.97447145,0.16664326,0.91660815,0.0,0.77436095,0.0153191,-0.024991354,0.48750433,0.0,0.0,1.0,0.3478261,1.0,0.9370314,0.47599784,0.15,0.7,0.21000001,0.54999995,0.75,0.35,0.35,0.65,-1.0,1.0,2020-02-16T08:00:00,EURUSD,H1,4,SELL,-44.53976368311796,3,"hit_tp=False,hit_sl=True,regime=4"
0.010944338,0.033993494,0.07478281,0.12206989,0.31165308,0.4139301,0.38729346,0.36335734,0.9261526,0.6782229,0.81303316,0.9424541,0.1916362,0.9790905,0.0,1.0,0.019528393,0.004881999,0.502441,0.0,0.0,1.0,0.5217391,1.0,0.8361827,0.38856876,0.15,0.7,0.21000001,0.54999995,0.75,0.35,0.35,0.65,1.0,1.5,2020-02-16T12:00:00,EURUSD,H1,4,SELL,77.53576437614207,14,"hit_tp=True,hit_sl=False,regime=4"
-0.011703961,-0.014180107,-0.02710099,-0.063947424,0.4395987,0.59908247,0.4321762,0.40348327,0.22591403,0.39580032,0.12385986,0.20765595,0.20079555,-0.0019888682,0.0,0.34995642,0.00538884,0.597831,0.7989155,0.0,0.0,1.0,0.7826087,0.0,0.14586592,0.5363784,0.7,0.15,0.21000001,0.54999995,0.75,0.35,0.35,0.65,-1.0,1.3,2020-02-17T18:00:00,EURUSD,H1,4,BUY,-51.707546445998176,8,"hit_tp=False,hit_sl=True,regime=4"
0.006264488,0.008874397,-0.019361662,-0.027416566,0.58732533,0.4278836,0.4531081,0.41585723,0.23199268,0.46093518,0.27395234,0.45579684,0.2506394,1.1265986,0.0,0.2958921,0.003648878,0.41743338,0.7087167,0.0,0.0,1.0,0.13043478,0.16666667,0.28760916,0.54744977,0.7,0.15,0.21000001,0.54999995,0.75,0.35,0.35,0.65,-1.0,1.56,2020-02-18T03:00:00,EURUSD,H1,4,BUY,-64.41020202069714,26,"hit_tp=False,hit_sl=True,regime=4"
-0.005235272,-0.019968387,-0.049865756,-0.06042599,0.3419122,0.32183543,0.31389827,0.3119046,0.21720678,0.40829873,0.14440663,0.14287686,0.20746979,-0.018674495,0.0,0.12422442,0.0009991038,0.11659986,0.55829996,0.0,0.0,1.0,0.26086956,0.33333334,0.14434616,0.49942565,0.7,0.15,0.21000001,0.54999995,0.75,0.35,0.35,0.65,-1.0,1.3,2020-02-19T06:00:00,EURUSD,H1,4,BUY,-42.2712950292059,15,"hit_tp=False,hit_sl=True,regime=4"
-0.032141715,-0.035873365,-0.06802867,-0.08702523,0.5281919,0.45841813,0.44464523,0.42656487,0.25760832,0.44820237,0.01212266,0.14803231,0.16834733,0.07913168,0.0,0.43868706,6.754781e-06,0.0008801421,0.50044006,0.0,0.0,1.0,0.95652175,0.33333334,0.09673574,0.5280898,0.7,0.15,0.21000001,0.54999995,0.75,0.35,0.35,0.65,-1.0,1.0,2020-02-19T22:00:00,EURUSD,H1,4,BUY,-59.357302987665946,16,"hit_tp=False,hit_sl=True,regime=4"
-0.006810191,-0.028155442,-0.08446096,-0.079505205,0.4506059,0.40997005,0.366112,0.3803629,0.19490851,0.46343777,0.075315654,0.14965254,0.25568062,-0.13920152,0.0,0.3584546,0.0016661967,0.1661288,0.5830644,0.0,0.0,1.0,0.65217394,0.5,0.16318482,0.36564156,0.7,0.15,0.21000001,0.54999995,0.75,0.35,0.35,0.65,-1.0,1.56,2020-02-20T15:00:00,EURUSD,H1,4,BUY,-44.516539123271585,48,"hit_tp=False,hit_sl=True,regime=4"
-0.03774761,-0.036409903,-0.044326887,-0.032377735,0.65037054,0.5394957,0.42876324,0.3818909,0.25342974,0.42275104,0.1482517,0.39912364,0.16451319,0.08871704,0.0,0.36912626,0.0036597583,0.54554164,0.7727708,0.0,0.0,1.0,0.6956522,0.8333333,0.1716505,0.54424024,0.7,0.15,0.21000001,0.54999995,0.75,0.35,0.35,0.65,1.0,2.34,2020-02-22T16:00:00,EURUSD,H1,4,BUY,91.7930947714174,28,"hit_tp=True,hit_sl=False,regime=4"
-0.029735073,-0.025322627,-0.020092614,0.033393137,0.39830458,0.30005187,0.37286025,0.38874853,0.649635,0.5683787,0.6688274,0.7491492,0.14271536,0.8567884,0.0,0.607108,0.011173671,0.32174072,0.6608704,0.0,0.0,1.0,0.9130435,1.0,0.63837457,0.5090575,0.15,0.7,0.21000001,0.54999995,0.75,0.35,0.35,0.65,-1.0,1.3,2020-02-23T21:00:00,EURUSD,H1,4,SELL,-46.41291330685915,19,"hit_tp=False,hit_sl=True,regime=4"
-0.010729351,-0.020280687,-0.0144563215,-0.009835931,0.25518438,0.22296609,0.26376435,0.317749,0.7941665,0.53685284,0.6215116,0.38162977,0.16934137,0.07664659,0.0,0.7314669,0.013174125,0.29067844,0.64533925,0.0,0.0,1.0,0.73913044,0.0,0.66875917,0.6476715,0.15,0.7,0.21000001,0.54999995,0.75,0.35,0.35,0.65,-1.0,1.3,2020-02-24T17:00:00,EURUSD,H1,4,SELL,-41.09515659030505,4,"hit_tp=False,hit_sl=True,regime=4"
0.03586309,0.04729262,0.068968624,0.056381762,0.37117195,0.37386197,0.29841402,0.33633608,0.83029336,0.54577976,1.0,0.7955856,0.18510395,0.9627599,0.0,0.71270245,0.01651137,0.14413151,0.5720658,0.0,0.0,1.0,0.95652175,0.0,0.7598354,0.6105896,0.15,0.7,0.21000001,0.54999995,0.75,0.35,0.35,0.65,1.0,1.9500000000000002,2020-02-24T22:00:00,EURUSD,H1,4,SELL,66.23014556864871,12,"hit_tp=True,hit_sl=False,regime=4"
-0.031909034,-0.040212236,-0.038994618,-0.1081996,0.56916565,0.4863692,0.42635956,0.3937859,0.17073484,0.2869365,0.13878557,0.1634008,0.22735055,-0.06837636,0.0,0.31448606,0.003533484,0.46175092,0.73087543,0.0,0.0,1.0,0.5217391,0.16666667,0.15664493,0.4890055,0.7,0.15,0.21000001,0.54999995,0.75,0.35,0.35,0.65,-1.0,1.3,2020-02-25T12:00:00,EURUSD,H1,4,BUY,-52.618805408572996,13,"hit_tp=False,hit_sl=True,regime=4"
-0.002503772,-0.018846251,-0.017290011,0.026827484,0.4898791,0.41051233,0.33762696,0.3521419,0.39901328,0.49318698,0.409771,0.4706353,0.20413268,-0.010331682,0.0,0.19279157,0.0023460672,0.27874145,0.63937074,0.0,0.0,1.0,0.08695652,0.33333334,0.38794893,0.5510558,0.7,0.15,0.21000001,0.54999995,0.75,0.35,0.35,0.65,1.0,1.9500000000000002,2020-02-26T02:00:00,EURUSD,H1,4,BUY,67.07629698971873,4,"hit_tp=True,hit_sl=False,regime=4"
0.012848656,0.022809643,0.0015439308,0.045047503,0.3900401,0.4890776,0.44908345,0.35729596,0.6417711,0.5867705,0.76734626,0.47003046,0.21137494,-0.028437363,0.0,0.5892624,0.004787396,0.5701965,0.78509825,0.0,0.0,1.0,0.39130434,0.33333334,0.74649704,0.47353733,0.7,0.15,0.21000001,0.54999995,0.75,0.35,0.35,0.65,-1.0,1.3,2020-02-26T09:00:00,EURUSD,H1,4,BUY,-52.32192477932385,12,"hit_tp=False,hit_sl=True,regime=4"
-0.0030508938,-0.034965847,-0.036330026,-0.06888861,0.3453731,0.3131201,0.30392808,0.33100078,0.32274288,0.4628439,0.1259922,0.26016235,0.16593324,0.91483307,0.0,0.42076293,0.002667685,0.31606287,0.65803146,0.0,0.0,1.0,0.95652175,0.33333334,0.15111381,0.5314774,0.7,0.15,0.21000001,0.54999995,0.75,0.35,0.35,0.65,-1.0,1.3,2020-02-26T22:00:00,EURUSD,H1,4,BUY,-36.24540895521999,5,"hit_tp=False,hit_sl=True,regime=4"
-0.0024497847,-0.047960248,-0.055770565,-0.06356787,0.3414261,0.25304958,0.26727778,0.26381597,0.21532805,0.42476228,0.13344473,0.1458982,0.20178959,-0.0044739614,0.0,0.30586034,0.0003726854,0.04294331,0.5214717,0.0,0.0,1.0,0.17391305,0.5,0.14641243,0.4230636,0.7,0.15,0.21000001,0.54999995,0.75,0.35,0.35,0.65,1.0,1.5,2020-02-27T04:00:00,EURUSD,H1,4,BUY,60.79291514961449,9,"hit_tp=True,hit_sl=False,regime=4"
-0.028262064,-0.05332492,-0.04660237,0.012991535,0.38111627,0.35324916,0.3445988,0.30269316,0.46401748,0.54357326,0.5101043,0.41963235,0.17928174,0.051795654,0.0,0.52590823,0.0034253777,0.58497155,0.7924858,0.0,0.0,1.0,0.65217394,0.5,0.49798393,0.50828874,0.7,0.15,0.21000001,0.54999995,0.75,0.35,0.35,0.65,1.0,2.34,2020-02-27T15:00:00,EURUSD,H1,4,BUY,72.21522409417425,24,"hit_tp=True,hit_sl=False,regime=4"
0.0047081094,-0.020913767,0.033667248,0.065925606,0.35574096,0.4333758,0.42632148,0.3801198,0.6009944,0.5658154,0.77123094,0.5634744,0.16131806,0.90329516,0.0,0.66759616,0.008199822,0.512076,0.756038,0.0,0.0,1.0,0.73913044,0.6666667,0.77058214,0.57647175,0.15,0.7,0.21000001,0.54999995,0.75,0.35,0.35,0.65,-1.0,1.3,2020-02-28T17:00:00,EURUSD,H1,4,SELL,-51.29643814008933,4,"hit_tp=False,hit_sl=True,regime=4"
0.039078657,0.051169805,0.065998085,0.10594464,0.45971632,0.47753945,0.45545763,0.42853737,0.8691503,0.65292424,0.94508755,0.8979711,0.15009964,0.8752491,0.0,0.85628736,0.014351869,-0.16310218,0.41844893,0.0,0.0,1.0,0.95652175,0.6666667,0.9095347,0.54352945,0.15,0.7,0.21000001,0.54999995,0.75,0.35,0.35,0.65,1.0,1.7999999999999998,2020-02-28T22:00:00,EURUSD,H1,4,SELL,89.09848575600287,31,"hit_tp=True,hit_sl=False,regime=4"
-0.0021655445,-0.003198994,0.008723604,0.037552115,0.2571259,0.2267333,0.3759627,0.35275382,0.5501924,0.55301154,0.703611,0.8856007,0.14285737,0.8571434,0.0,0.63038516,0.010266474,0.5191511,0.75957555,0.0,0.0,1.0,0.5652174,1.0,0.57634604,0.42255688,0.15,0.7,0.21000001,0.54999995,0.75,0.35,0.35,0.65,-1.0,1.3,2020-03-01T13:00:00,EURUSD,H1,4,SELL,-49.46917542431039,7,"hit_tp=False,hit_sl=True,regime=4"
0.017623248,0.02217298,0.013634564,0.02363636,0.7226016,0.56337786,0.42715135,0.40228212,0.87582755,0.56799,0.81330335,0.6080704,0.2686741,1.1716852,0.0,0.7902129,0.012368178,0.40311563,0.7015578,0.0,0.0,1.0,0.9130435,1.0,0.74719274,0.42692348,0.15,0.7,0.21000001,0.54999995,0.75,0.35,0.35,0.65,-1.0,1.3,2020-03-01T21:00:00,EURUSD,H1,4,SELL,-47.869900138985955,14,"hit_tp=False,hit_sl=True,regime=4"
-0.03504235,-0.024038507,-0.009008588,0.007151197,0.41960338,0.35859972,0.3705254,0.45176035,0.5362297,0.4800866,0.46580917,0.47409922,0.16614625,0.084634386,0.0,0.59433097,0.013409736,0.5849715,0.7924857,0.0,0.0,1.0,0.5217391,0.0,0.5942042,0.41084903,0.15,0.7,0.21000001,0.54999995,0.75,0.35,0.35,0.65,-1.0,1.56,2020-03-02T12:00:00,EURUSD,H1,4,SELL,-54.146999034638824,26,"hit_tp=False,hit_sl=True,regime=4"
-0.013205718,0.0013565728,-0.003969447,-0.019472951,0.4515404,0.5657663,0.46170208,0.49578544,0.46464258,0.44820452,0.19367515,0.45080426,0.22387141,-0.059678536,0.0,0.5577306,0.0037968263,0.53366053,0.76683027,0.0,0.0,1.0,0.26086956,0.33333334,0.32728463,0.43196672,0.7,0.15,0.21000001,0.54999995,0.75,0.35,0.35,0.65,-1.0,1.56,2020-03-04T06:00:00,EURUSD,H1,4,BUY,-60.38065362646394,31,"hit_tp=False,hit_sl=True,regime=4"
0.0011259866,-0.00318115,-0.00065290695,-0.08004725,0.24541533,0.20443735,0.298924,0.36963984,0.26181203,0.3822592,0.27176085,0.28515467,0.186169,0.9654225,0.0,0.42538396,0.0024160794,0.28226334,0.6411317,0.0,0.0,1.0,0.6086956,0.5,0.21627195,0.5012055,0.7,0.15,0.21000001,0.54999995,0.75,0.35,0.35,0.65,1.0,1.9500000000000002,2020-03-05T14:00:00,EURUSD,H1,4,BUY,75.51965895436163,13,"hit_tp=True,hit_sl=False,regime=4"
0.023995223,0.030188832,0.03256202,0.03302585,0.7353537,0.47578657,0.4035878,0.35955533,0.79007554,0.6131621,0.9285343,0.6496799,0.27570337,1.1892585,0.0,0.81583875,0.009883758,0.58235675,0.79117835,0.0,0.0,1.0,0.2173913,0.6666667,0.83362234,0.41980326,0.15,0.7,0.21000001,0.54999995,0.75,0.35,0.35,0.65,-1.0,1.3,2020-03-06T05:00:00,EURUSD,H1,4,SELL,-54.73927315262861,4,"hit_tp=False,hit_sl=True,regime=4"
0.008359184,0.05995223,0.103645004,0.12193062,0.4399846,0.5078971,0.49184185,0.43542027,0.8250566,0.6853807,0.8699863,0.8917952,0.16408716,0.08978208,0.0,0.824547,0.014006483,0.10490167,0.55245084,0.0,0.0,1.0,0.4347826,0.6666667,0.8876536,0.6198233,0.15,0.7,0.21000001,0.54999995,0.75,0.35,0.35,0.65,-1.0,1.56,2020-03-06T10:00:00,EURUSD,H1,4,SELL,-57.646204519423705,25,"hit_tp=False,hit_sl=True,regime=4"
-0.013455809,0.023680069,0.012079897,0.022168664,0.21509925,0.25201055,0.23935148,0.24862352,0.70813423,0.51678,0.73512614,0.7117644,0.20022753,1.0005689,0.0,0.62932956,0.018214032,0.13187258,0.56593627,0.0,0.0,1.0,0.5217391,0.8333333,0.7353633,0.5258836,0.15,0.7,0.21000001,0.54999995,0.75,0.35,0.35,0.65,-1.0,1.3,2020-03-07T12:00:00,EURUSD,H1,4,SELL,-29.65649833789996,1,"hit_tp=False,hit_sl=True,regime=4"
0.027968736,0.03595343,0.02247343,0.04805504,0.5290138,0.43141088,0.33440107,0.30410704,0.82382476,0.5508197,0.87451226,0.69328207,0.23331477,1.0832869,0.0,0.7653493,0.020727085,0.19576798,0.597884,0.0,0.0,1.0,0.6086956,0.8333333,0.83341473,0.50187045,0.15,0.7,0.21000001,0.54999995,0.75,0.35,0.35,0.65,-1.0,1.3,2020-03-07T14:00:00,EURUSD,H1,4,SELL,-39.390425476737434,14,"hit_tp=False,hit_sl=True,regime=4"
0.019843146,0.01008554,0.023389924,0.051342353,0.43842712,0.3357139,0.37483922,0.38210785,0.6044556,0.5078495,0.883647,0.74345475,0.17977875,0.9494469,0.0,0.64217585,0.0199233,0.17517765,0.58758885,0.0,0.0,1.0,0.2173913,1.0,0.7492164,0.53868824,0.15,0.7,0.21000001,0.54999995,0.75,0.35,0.35,0.65,-1.0,1.56,2020-03-08T05:00:00,EURUSD,H1,4,SELL,-49.835304759859866,30,"hit_tp=False,hit_sl=True,regime=4"
-0.007746671,-0.019422194,0.011129741,0.043583665,0.2936033,0.25105485,0.26735857,0.32422635,0.5753838,0.51588815,0.7133708,0.60905457,0.24673428,-0.11683568,0.0,0.41038555,0.012888578,0.3590442,0.6795221,0.0,0.0,1.0,0.5217391,0.0,0.7046337,0.5436685,0.15,0.7,0.21000001,0.54999995,0.75,0.35,0.35,0.65,-1.0,1.3,2020-03-09T12:00:00,EURUSD,H1,4,SELL,-32.43514916156709,4,"hit_tp=False,hit_sl=True,regime=4"
-0.04391066,-0.028011002,0.0037018359,-0.00086550356,0.35252857,0.34875295,0.2999039,0.30516383,0.60414493,0.5020527,0.5668513,0.52628046,0.20420368,1.0105091,0.0,0.47539556,0.01102705,0.4742319,0.7371159,0.0,0.0,1.0,0.73913044,0.0,0.59173244,0.43925893,0.15,0.7,0.21000001,0.54999995,0.75,0.35,0.35,0.65,-1.0,1.3,2020-03-09T17:00:00,EURUSD,H1,4,SELL,-39.87561469710022,8,"hit_tp=False,hit_sl=True,regime=4"
0.0074644857,-0.0009787441,0.004088469,0.03696168,0.49672788,0.4434433,0.44955465,0.38297635,0.5738608,0.5011178,0.70849943,0.5835067,0.14399341,0.14001647,0.0,0.54262495,0.0108534405,0.55214536,0.7760727,0.0,0.0,1.0,0.08695652,0.16666667,0.7192196,0.43683404,0.15,0.7,0.21000001,0.54999995,0.75,0.35,0.35,0.65,1.0,1.9500000000000002,2020-03-10T02:00:00,EURUSD,H1,4,SELL,92.86270884672598,15,"hit_tp=True,hit_sl=False,regime=4"
0.010729429,-0.014958192,-0.007253345,-0.046216093,0.54791784,0.36334133,0.3550387,0.40840268,0.1550395,0.35016328,0.27459204,0.1946509,0.25468656,-0.13671643,0.0,0.2872226,0.00048766696,0.07465502,0.5373275,0.0,0.0,1.0,0.7826087,0.16666667,0.23506826,0.42325565,0.7,0.15,0.21000001,0.54999995,0.75,0.35,0.35,0.65,-1.0,1.3,2020-03-10T18:00:00,EURUSD,H1,4,BUY,-48.248681993856565,1,"hit_tp=False,hit_sl=True,regime=4"
-0.01923281,-0.03696377,-0.026254172,-0.04420371,0.8997435,0.6265238,0.44453484,0.44397834,0.09056782,0.36417288,0.24535619,0.37311366,0.20505571,1.0126393,0.0,0.14503822,0.0036394657,0.42532912,0.71266454,0.0,0.0,1.0,0.8695652,0.16666667,0.21685572,0.4438658,0.7,0.15,0.21000001,0.54999995,0.75,0.35,0.35,0.65,-1.0,1.56,2020-03-10T20:00:00,EURUSD,H1,4,BUY,-54.98046260015377,32,"hit_tp=False,hit_sl=True,regime=4"
0.020331133,-0.015073393,-0.02680299,-0.012372546,0.31286684,0.29698804,0.29149312,0.31040043,0.2866301,0.4663027,0.26999825,0.39915973,0.17246549,0.068836294,0.0,0.17048365,0.0031568487,0.35234007,0.67617005,0.0,0.0,1.0,0.2173913,0.5,0.23883462,0.53943175,0.7,0.15,0.21000001,0.54999995,0.75,0.35,0.35,0.65,1.0,1.9500000000000002,2020-03-12T05:00:00,EURUSD,H1,4,BUY,78.87691441090139,9,"hit_tp=True,hit_sl=False,regime=4"
-0.0047447146,0.007556976,0.029998405,0.056689195,0.34004942,0.4011059,0.39623967,0.33218542,0.7831369,0.64501894,0.80166686,0.7460066,0.3243402,1.3108505,0.0,0.8772592,0.009962827,0.461633,0.7308165,0.0,0.0,1.0,0.6956522,0.5,0.81294405,0.39875317,0.15,0.7,0.21000001,0.54999995,0.75,0.35,0.35,0.65,-1.0,1.3,2020-03-12T16:00:00,EURUSD,H1,4,SELL,-46.114439863078616,19,"hit_tp=False,hit_sl=True,regime=4"
0.011658957,0.019660456,0.049411383,0.074463725,0.4510437,0.40338224,0.3824808,0.34572482,0.7752197,0.60708755,0.79080725,0.713481,0.2710172,-0.17754297,0.0,0.7976273,0.013553604,0.30284974,0.6514249,0.0,0.0,1.0,0.5217391,0.6666667,0.8330312,0.49093205,0.15,0.7,0.21000001,0.54999995,0.75,0.35,0.35,0.65,-1.0,1.3,2020-03-13T12:00:00,EURUSD,H1,4,SELL,-46.6132836125488,19,"hit_tp=False,hit_sl=True,regime=4"
-0.017654797,0.03205718,0.011991882,0.08035732,0.4100601,0.3560676,0.34167123,0.36463293,0.58129656,0.54885584,0.7201793,0.614483,0.159614,0.100965,0.0,0.7268384,0.013514477,0.49959806,0.749799,0.0,0.0,1.0,0.3478261,0.8333333,0.8134006,0.59902084,0.15,0.7,0.21000001,0.54999995,0.75,0.35,0.35,0.65,1.0,1.9500000000000002,2020-03-14T08:00:00,EURUSD,H1,4,SELL,77.35327034252171,9,"hit_tp=True,hit_sl=False,regime=4"
-0.024043722,-0.063438356,-0.0578441,-0.03767187,0.29329687,0.31281975,0.44126678,0.4507616,0.29508412,0.41146275,0.0,0.16218926,0.22216736,-0.055418376,0.0,0.34620956,0.003545536,0.46975473,0.73487735,0.0,0.0,1.0,0.08695652,1.0,0.2505449,0.5717222,0.7,0.15,0.21000001,0.54999995,0.75,0.35,0.35,0.65,-1.0,1.3,2020-03-15T02:00:00,EURUSD,H1,4,BUY,-54.600928581751695,4,"hit_tp=False,hit_sl=True,regime=4"
-0.007839232,0.0014214779,0.0129869655,0.04408638,0.12029763,0.2507319,0.2610894,0.343733,0.33684123,0.46489134,0.40652347,0.8642379,0.2506394,-0.12659855,0.0,0.3799137,0.004923038,0.5902374,0.7951187,0.0,0.0,1.0,0.4347826,1.0,0.36193758,0.46413696,0.7,0.15,0.21000001,0.54999995,0.75,0.35,0.35,0.65,-1.0,1.3,2020-03-15T10:00:00,EURUSD,H1,4,BUY,-38.388942308344994,8,"hit_tp=False,hit_sl=True,regime=4"
-0.021595301,-0.034572605,-0.00067821844,-0.0076728305,0.6855748,0.5981269,0.42366153,0.33260643,0.4739534,0.53715014,0.4391891,0.5170026,0.18410993,0.0397252,0.0,0.45762444,0.0048843995,0.58558214,0.79279107,0.0,0.0,1.0,0.95652175,1.0,0.53384817,0.5076064,0.7,0.15,0.21000001,0.54999995,0.75,0.35,0.35,0.65,-1.0,1.3,2020-03-15T22:00:00,EURUSD,H1,4,BUY,-44.85953058452008,2,"hit_tp=False,hit_sl=True,regime=4"
-0.004277484,-0.041589815,-0.047322176,-0.08181298,0.36126852,0.4844056,0.44813642,0.3480635,0.41402236,0.473273,0.1261112,0.18948725,0.23558685,-0.08896714,0.0,0.40235132,0.0026922226,0.3220564,0.6610282,0.0,0.0,1.0,0.04347826,0.0,0.18960255,0.5066404,0.7,0.15,0.21000001,0.54999995,0.75,0.35,0.35,0.65,1.0,1.9500000000000002,2020-03-16T01:00:00,EURUSD,H1,4,BUY,87.5109328950474,10,"hit_tp=True,hit_sl=False,regime=4"
-0.011334253,0.035797924,0.042124182,0.07438145,0.544622,0.4310488,0.37227684,0.42442176,0.8589786,0.6583787,0.7873262,0.79663724,0.16699828,0.91749567,0.0,0.6330347,0.010493528,0.44778687,0.72389346,0.0,0.0,1.0,0.5652174,0.0,0.8109375,0.4686452,0.15,0.7,0.21000001,0.54999995,0.75,0.35,0.35,0.65,1.0,1.9500000000000002,2020-03-16T13:00:00,EURUSD,H1,4,SELL,79.10876186400407,16,"hit_tp=True,hit_sl=False,regime=4"
-0.02811459,-0.039162107,-0.07303813,-0.09495246,0.343722,0.31075928,0.30285838,0.36643597,0.005634842,0.31289595,0.1238289,0.06862949,0.15556684,0.11108288,0.0,0.08384809,0.0027849455,0.3937668,0.6968834,0.0,0.0,1.0,0.26086956,0.16666667,0.10445936,0.66247535,0.7,0.15,0.21000001,0.54999995,0.75,0.35,0.35,0.65,-1.0,1.3,2020-03-17T06:00:00,EURUSD,H1,4,BUY,-42.07332858393586,1,"hit_tp=False,hit_sl=True,regime=4"
-0.00047613683,-0.01413132,-0.042226046,-0.08711784,0.6259965,0.54406524,0.4115893,0.40637562,0.005526048,0.31875986,0.21469118,0.29435837,0.18979013,0.025524667,0.0,0.0,0.0035791695,0.46712017,0.7335601,0.0,0.0,1.0,0.3478261,0.16666667,0.18612124,0.5874004,0.7,0.15,0.21000001,0.54999995,0.75,0.35,0.35,0.65,-1.0,1.3,2020-03-17T08:00:00,EURUSD,H1,4,BUY,-53.58519494804703,4,"hit_tp=False,hit_sl=True,regime=4"
-0.007102405,-0.030510733,-0.06938365,-0.09889727,0.46907982,0.39224023,0.46815273,0.40034607,0.032242183,0.31315616,0.20224732,0.28168565,0.1886541,0.9716352,0.0,0.0,0.004434384,0.43341768,0.71670884,0.0,0.0,1.0,0.5652174,0.16666667,0.20451218,0.40198624,0.7,0.15,0.21000001,0.54999995,0.75,0.35,0.35,0.65,1.0,2.34,2020-03-17T13:00:00,EURUSD,H1,4,BUY,90.8016035996817,34,"hit_tp=True,hit_sl=False,regime=4"
-0.026222391,-0.013779355,0.009897217,0.047567226,0.50301516,0.49486408,0.46067727,0.5024196,0.61948943,0.5877656,0.7406043,0.5943941,0.22557548,1.0639387,0.0,0.5077343,0.011767653,0.57261467,0.78630733,0.0,0.0,1.0,0.04347826,0.5,0.7428234,0.49986562,0.15,0.7,0.21000001,0.54999995,0.75,0.35,0.35,0.65,1.0,2.34,2020-03-19T01:00:00,EURUSD,H1,4,SELL,108.3805387525838,40,"hit_tp=True,hit_sl=False,regime=4"
0.0056526666,-0.048885986,-0.040955834,-0.051654343,0.67466384,0.5281681,0.3899565,0.4365001,0.34724617,0.45341948,0.062820144,0.23187393,0.19880748,0.0029813186,0.0,0.4954026,0.001977821,0.27638426,0.6381921,0.0,0.0,1.0,0.7826087,0.6666667,0.18148033,0.3863066,0.7,0.15,0.21000001,0.54999995,0.75,0.35,0.35,0.65,1.0,2.34,2020-03-20T18:00:00,EURUSD,H1,4,BUY,90.09577397634638,49,"hit_tp=True,hit_sl=False,regime=4"
0.010243768,0.008941049,0.053072806,0.0800319,0.5223618,0.4169749,0.43073848,0.4064052,0.72027,0.5873905,0.93862855,0.81293994,0.17921074,0.94802684,0.0,0.5369944,0.010987576,0.1637417,0.58187085,0.0,0.0,1.0,0.8695652,1.0,0.88434297,0.5778275,0.15,0.7,0.21000001,0.54999995,0.75,0.35,0.35,0.65,-1.0,1.3,2020-03-22T20:00:00,EURUSD,H1,4,SELL,-51.75696350932179,2,"hit_tp=False,hit_sl=True,regime=4"
0.0020559456,0.069376916,0.10636841,0.115357004,0.49851704,0.57718325,0.45753434,0.4303933,0.82508266,0.6809385,0.8796573,0.8852594,0.23579986,1.0894997,0.0,0.76780254,0.014702483,0.21556853,0.6077843,0.0,0.0,1.0,1.0,1.0,0.9247951,0.6718295,0.15,0.7,0.21000001,0.54999995,0.75,0.35,0.35,0.65,-1.0,1.56,2020-03-22T23:00:00,EURUSD,H1,4,SELL,-55.55705125568133,55,"hit_tp=False,hit_sl=True,regime=4"
-0.0010672653,0.01955804,0.05327119,0.08984771,0.41332415,0.34653488,0.33842525,0.32563704,0.81613934,0.6529559,0.80702496,0.7967612,0.18205084,0.9551271,0.0,0.6964085,0.010961136,0.32255444,0.66127723,0.0,0.0,1.0,0.3043478,0.33333334,0.8529312,0.55215156,0.15,0.7,0.21000001,0.54999995,0.75,0.35,0.35,0.65,-1.0,1.56,2020-03-25T07:00:00,EURUSD,H1,4,SELL,-41.70604575321812,40,"hit_tp=False,hit_sl=True,regime=4"
-0.017576985,-0.015121425,-0.003894107,-0.015122845,0.7379437,0.5455092,0.41371796,0.3217979,0.4410676,0.47823042,0.34572566,0.5196501,0.19021615,0.9755404,0.0,0.3421373,0.012395199,0.39490706,0.69745356,0.0,0.0,1.0,0.0,0.6666667,0.41853192,0.63437885,0.15,0.7,0.21000001,0.54999995,0.75,0.35,0.35,0.65,-1.0,1.3,2020-03-27T00:00:00,EURUSD,H1,4,SELL,-44.56195994332557,7,"hit_tp=False,hit_sl=True,regime=4"
0.017177233,0.02193187,0.007073444,0.0093915695,0.44760638,0.51820415,0.43543452,0.41546163,0.6724335,0.5357393,1.0,0.5812296,0.1833999,0.9584997,0.0,0.62780434,0.010153766,0.17564964,0.5878248,0.0,0.0,1.0,0.47826087,0.6666667,0.750127,0.6098454,0.15,0.7,0.21000001,0.54999995,0.75,0.35,0.35,0.65,-1.0,1.56,2020-03-27T11:00:00,EURUSD,H1,4,SELL,-62.08777698718748,65,"hit_tp=False,hit_sl=True,regime=4"
0.00507454,-0.004352636,0.0039629145,0.030158794,0.5414846,0.43479547,0.3096727,0.3091059,0.74306804,0.5443394,0.82603896,0.58237034,0.14498745,0.8624686,0.0,0.65827966,0.009014142,0.49336514,0.7466826,0.0,0.0,1.0,0.2173913,0.0,0.7113925,0.50895643,0.15,0.7,0.21000001,0.54999995,0.75,0.35,0.35,0.65,-1.0,1.3,2020-03-30T05:00:00,EURUSD,H1,4,SELL,-39.53121383013514,3,"hit_tp=False,hit_sl=True,regime=4"
0.056056883,0.095180266,0.106611475,0.13391797,0.52659184,0.4364138,0.4269913,0.34519467,0.74593437,0.63236517,1.0,0.9002632,0.21783619,-0.04459047,0.0,0.6613362,0.013426021,0.119717225,0.5598586,0.0,0.0,1.0,0.39130434,0.0,0.9799312,0.5842791,0.15,0.7,0.21000001,0.54999995,0.75,0.35,0.35,0.65,1.0,2.34,2020-03-30T09:00:00,EURUSD,H1,4,SELL,78.0413953910486,21,"hit_tp=True,hit_sl=False,regime=4"
-0.016407007,-0.017294953,-0.028714204,-0.052632578,0.51212925,0.4558428,0.38292783,0.42876005,0.31760168,0.41622308,0.09015707,0.31882876,0.2548996,-0.13724895,0.0,0.1760314,0.002960811,0.43564868,0.71782434,0.0,0.0,1.0,0.73913044,0.16666667,0.22325094,0.6855195,0.7,0.15,0.21000001,0.54999995,0.75,0.35,0.35,0.65,1.0,2.34,2020-03-31T17:00:00,EURUSD,H1,4,BUY,91.90459919453443,40,"hit_tp=True,hit_sl=False,regime=4"
0.0038105648,-0.0005457403,0.008496925,0.06903877,0.34584993,0.39642695,0.3763832,0.34464693,0.6219435,0.621072,0.7032064,0.6442079,0.19994351,0.0001412119,0.0,0.56647915,0.008760132,0.5347871,0.7673935,0.0,0.0,1.0,0.4347826,0.5,0.7814612,0.47803104,0.15,0.7,0.21000001,0.54999995,0.75,0.35,0.35,0.65,-1.0,1.3,2020-04-02T10:00:00,EURUSD,H1,4,SELL,-47.256176089605084,11,"hit_tp=False,hit_sl=True,regime=4"
0.011329118,0.020977562,0.011624134,0.011586271,0.49407318,0.324757,0.31061947,0.31000865,0.5180955,0.48301104,1.0,0.65658915,0.24077006,1.1019251,0.0,0.4153012,0.0095076775,0.53485155,0.7674258,0.0,0.0,1.0,0.4347826,0.6666667,0.49413434,0.5059757,0.15,0.7,0.21000001,0.54999995,0.75,0.35,0.35,0.65,1.0,1.9500000000000002,2020-04-03T10:00:00,EURUSD,H1,4,SELL,69.61962650004594,12,"hit_tp=True,hit_sl=False,regime=4"
0.034513738,0.0037209622,0.0015136118,-0.017108902,0.72088784,0.6829213,0.56863767,0.42709258,0.51876795,0.46438915,0.38919234,0.49844858,0.16486819,0.91217047,0.0,0.44665438,0.009326674,0.56300706,0.7815035,0.0,0.0,1.0,1.0,0.6666667,0.4663486,0.5454347,0.15,0.7,0.21000001,0.54999995,0.75,0.35,0.35,0.65,-1.0,1.56,2020-04-03T23:00:00,EURUSD,H1,4,SELL,-60.70419415803219,25,"hit_tp=False,hit_sl=True,regime=4"
-0.0042586303,0.019800078,0.024246901,0.06631946,0.15799707,0.22965488,0.261543,0.33428884,0.7736116,0.60074383,0.7778922,0.92692095,0.14718853,0.8679713,0.0,0.7406635,0.011468735,0.001864901,0.50093246,0.0,0.0,1.0,0.04347826,1.0,0.82989156,0.57515764,0.15,0.7,0.21000001,0.54999995,0.75,0.35,0.35,0.65,-1.0,1.0,2020-04-05T01:00:00,EURUSD,H1,4,SELL,-39.110919460387805,11,"hit_tp=False,hit_sl=True,regime=4"
-0.008626441,-0.008614992,-0.016066251,-0.008810508,0.28980625,0.31505525,0.25274995,0.30430996,0.32099345,0.43946287,0.16160838,0.29907304,0.30431744,-0.2607936,0.0,0.38105857,0.002317195,0.3594523,0.6797261,0.0,0.0,1.0,0.2173913,0.0,0.2933923,0.56845665,0.7,0.15,0.21000001,0.54999995,0.75,0.35,0.35,0.65,-1.0,1.3,2020-04-06T05:00:00,EURUSD,H1,4,BUY,-30.497457923459592,4,"hit_tp=False,hit_sl=True,regime=4"
-0.018055731,-0.030507876,-0.043852232,-0.030503113,0.50633854,0.36403078,0.45974675,0.42589295,0.32372278,0.43709895,0.0,0.2226634,0.18524596,0.036885094,0.0,0.5912783,0.003427313,0.47783884,0.73891944,0.0,0.0,1.0,0.08695652,0.16666667,0.37710077,0.5163478,0.7,0.15,0.21000001,0.54999995,0.75,0.35,0.35,0.65,-1.0,1.3,2020-04-07T02:00:00,EURUSD,H1,4,BUY,-55.62637028411199,13,"hit_tp=False,hit_sl=True,regime=4"
-0.041751597,-0.06580603,-0.097423054,-0.10866334,0.2309855,0.3022056,0.28894073,0.33167636,0.26724875,0.38099185,0.004836794,0.051062245,0.24290013,1.1072503,0.0,0.32304087,0.00038914627,0.05342725,0.5267136,0.0,0.0,1.0,0.6956522,0.16666667,0.13568613,0.43715942,0.7,0.15,0.21000001,0.54999995,0.75,0.35,0.35,0.65,-1.0,1.3,2020-04-07T16:00:00,EURUSD,H1,4,BUY,-41.070316254929736,8,"hit_tp=False,hit_sl=True,regime=4"
-0.018889166,-0.048947446,-0.06366283,-0.083638735,0.43071207,0.38333026,0.2969833,0.3091086,0.16923885,0.4351044,0.11714223,0.21217474,0.2101679,1.0254197,0.0,0.21296844,0.0025608737,0.2609564,0.6304782,0.0,0.0,1.0,0.04347826,0.33333334,0.17751604,0.51160455,0.7,0.15,0.21000001,0.54999995,0.75,0.35,0.35,0.65,1.0,1.9500000000000002,2020-04-08T01:00:00,EURUSD,H1,4,BUY,65.82687906069972,17,"hit_tp=True,hit_sl=False,regime=4"
-0.027339,-0.009009523,0.0018561205,-0.010808553,0.27968726,0.30916154,0.27397352,0.32186285,0.533023,0.5359701,0.4071606,0.48016825,0.27023616,-0.1755904,0.0,0.50743705,0.0054278322,0.57847023,0.7892351,0.0,0.0,1.0,0.04347826,0.5,0.5751975,0.47036123,0.7,0.15,0.21000001,0.54999995,0.75,0.35,0.35,0.65,-1.0,1.3,2020-04-09T01:00:00,EURUSD,H1,4,BUY,-37.567494584738185,3,"hit_tp=False,hit_sl=True,regime=4"
0.0004500799,-0.034196936,-0.05538677,-0.09804866,0.47628278,0.40251264,0.33542138,0.31052008,0.30360314,0.40796924,0.08312022,0.12557805,0.2023576,-0.005894015,0.0,0.25751907,0.0011914443,0.18665345,0.59332675,0.0,0.0,1.0,0.2173913,0.5,0.23357894,0.53116846,0.7,0.15,0.21000001,0.54999995,0.75,0.35,0.35,0.65,1.0,1.9500000000000002,2020-04-09T05:00:00,EURUSD,H1,4,BUY,66.74912759590646,16,"hit_tp=True,hit_sl=False,regime=4"
0.0015891227,0.0076831067,0.0035848867,0.020457305,0.370567,0.47998643,0.3773763,0.34987777,0.5922279,0.5267055,0.86259717,0.54785985,0.20661777,1.0165445,0.0,0.66780645,0.0076178857,0.546445,0.7732225,0.0,0.0,1.0,0.5217391,0.6666667,0.689621,0.5525615,0.15,0.7,0.21000001,0.54999995,0.75,0.35,0.35,0.65,-1.0,1.3,2020-04-10T12:00:00,EURUSD,H1,4,SELL,-46.38676859520796,16,"hit_tp=False,hit_sl=True,regime=4"
0.053434256,0.060302716,0.06576776,0.06479053,0.40047,0.39214644,0.34157735,0.34033757,0.7868248,0.58635944,0.8765801,0.7896145,0.21790719,-0.044767976,0.0,0.8169698,0.01212367,0.058093708,0.52904683,0.0,0.0,1.0,0.2173913,0.8333333,0.9239996,0.57624316,0.15,0.7,0.21000001,0.54999995,0.75,0.35,0.35,0.65,-1.0,1.3,2020-04-11T05:00:00,EURUSD,H1,4,SELL,-43.75054666321488,5,"hit_tp=False,hit_sl=True,regime=4"
0.004336097,-0.024033971,-0.0327387,-0.054407164,0.2528765,0.36812517,0.41557285,0.3808696,0.6252611,0.4833959,0.5216886,0.33478102,0.22422643,1.0605661,0.0,0.61041296,0.010270046,0.5747632,0.7873816,0.0,0.0,1.0,0.5652174,0.8333333,0.5506614,0.6002759,0.15,0.7,0.21000001,0.54999995,0.75,0.35,0.35,0.65,1.0,2.34,2020-04-11T13:00:00,EURUSD,H1,4,SELL,81.10189468065299,36,"hit_tp=True,hit_sl=False,regime=4"
0.009739644,0.002804016,-0.034155108,-0.06583119,0.48182574,0.42105645,0.32922786,0.35114932,0.2165369,0.41285914,0.21580696,0.34826443,0.2789695,1.1974237,0.0,0.17350264,0.0034167971,0.5549764,0.7774882,0.0,0.0,1.0,0.08695652,0.0,0.1971277,0.48905557,0.7,0.15,0.21000001,0.54999995,0.75,0.35,0.35,0.65,-1.0,1.3,2020-04-13T02:00:00,EURUSD,H1,4,BUY,-49.96383916446856,5,"hit_tp=False,hit_sl=True,regime=4"
0.0054380307,-0.021016853,-0.034363206,-0.06597965,0.34092304,0.30960155,0.3665829,0.3620153,0.26510468,0.4145579,0.2729272,0.33928373,0.25695866,1.1423967,0.0,0.24142234,0.0027656357,0.39025447,0.69512725,0.0,0.0,1.0,0.3478261,0.0,0.21719335,0.4211917,0.7,0.15,0.21000001,0.54999995,0.75,0.35,0.35,0.65,-1.0,1.56,2020-04-13T08:00:00,EURUSD,H1,4,BUY,-41.232484343782794,22,"hit_tp=False,hit_sl=True,regime=4"
-0.02183582,-0.023860961,-0.013407451,-0.009361794,0.35647565,0.34123883,0.39462024,0.41895303,0.21083036,0.4134665,0.18615305,0.24052706,0.2548996,-0.13724895,0.0,0.44065437,0.0017996912,0.3454235,0.67271173,0.0,0.0,1.0,0.04347826,0.33333334,0.25844687,0.43049997,0.7,0.15,0.21000001,0.54999995,0.75,0.35,0.35,0.65,1.0,1.9500000000000002,2020-04-15T01:00:00,EURUSD,H1,4,BUY,88.54704268915769,19,"hit_tp=True,hit_sl=False,regime=4"
0.0077119693,-0.0181085,-0.024711573,-0.014764117,0.24479254,0.23309186,0.29892093,0.28929025,0.3560255,0.43850178,0.118395016,0.1604687,0.16202809,0.09492978,0.0,0.44728747,0.0026388227,0.5065926,0.7532963,0.0,0.0,1.0,0.08695652,0.5,0.38239175,0.29649818,0.7,0.15,0.21000001,0.54999995,0.75,0.35,0.35,0.65,-1.0,1.3,2020-04-16T02:00:00,EURUSD,H1,4,BUY,-37.0092757073226,8,"hit_tp=False,hit_sl=True,regime=4"
0.0072623347,-0.014345554,-0.019442007,-0.013084852,0.60229784,0.5093932,0.41680354,0.36243254,0.3408592,0.45989418,0.3060856,0.4294841,0.17381454,0.06546367,0.0,0.3444134,0.0027658264,0.4908329,0.74541646,0.0,0.0,1.0,0.47826087,0.5,0.3238505,0.4090886,0.7,0.15,0.21000001,0.54999995,0.75,0.35,0.35,0.65,-1.0,1.3,2020-04-16T11:00:00,EURUSD,H1,4,BUY,-47.691523610473574,8,"hit_tp=False,hit_sl=True,regime=4"
-0.009028343,-0.052101247,-0.05807657,-0.08167481,0.4873668,0.37392408,0.38021696,0.36796993,0.39472216,0.4573771,0.00083378184,0.28881922,0.212795,1.0319875,0.0,0.36402872,0.0024700577,0.40662065,0.7033103,0.0,0.0,1.0,0.8695652,0.5,0.085061036,0.532786,0.7,0.15,0.21000001,0.54999995,0.75,0.35,0.35,0.65,-1.0,1.56,2020-04-16T20:00:00,EURUSD,H1,4,BUY,-50.27138064628511,28,"hit_tp=False,hit_sl=True,regime=4"
0.008929487,0.015579278,0.021167502,0.055609457,0.23712769,0.2142963,0.27214313,0.32944033,0.6254363,0.5596244,0.84890413,0.9208383,0.14434843,0.8608711,0.0,0.40758505,0.008135906,0.46870723,0.7343536,0.0,0.0,1.0,0.26086956,0.8333333,0.57547146,0.49828655,0.15,0.7,0.21000001,0.54999995,0.75,0.35,0.35,0.65,-1.0,1.56,2020-04-18T06:00:00,EURUSD,H1,4,SELL,-40.32231983843282,25,"hit_tp=False,hit_sl=True,regime=4"
0.01434971,0.047020838,0.062119327,0.07675368,0.3832572,0.4147602,0.30445617,0.35671398,0.714148,0.5676449,0.97406155,0.8541951,0.18950613,0.026234692,0.0,0.69638705,0.010693966,0.24834594,0.624173,0.0,0.0,1.0,0.3478261,1.0,0.9472086,0.543751,0.15,0.7,0.21000001,0.54999995,0.75,0.35,0.35,0.65,1.0,1.9500000000000002,2020-04-19T08:00:00,EURUSD,H1,4,SELL,71.13610103895995,10,"hit_tp=True,hit_sl=False,regime=4"
0.0005670503,-0.0020742328,0.005082906,-0.019196417,0.12240168,0.1187402,0.16664676,0.2768039,0.07842894,0.4103469,0.19771878,0.10022268,0.20541072,-0.013526802,0.0,0.07311902,0.0028062048,0.424386,0.712193,0.0,0.0,1.0,1.0,1.0,0.28863537,0.51707965,0.7,0.15,0.21000001,0.54999995,0.75,0.35,0.35,0.65,-1.0,1.3,2020-04-19T23:00:00,EURUSD,H1,4,BUY,-26.121798186682366,1,"hit_tp=False,hit_sl=True,regime=4"
-0.0143381,-0.045389835,-0.04482407,-0.040318467,0.36331135,0.24315444,0.21831653,0.27303082,0.18048643,0.41721052,0.18598771,0.3067526,0.14477444,0.8619361,0.0,0.07317272,0.0031450295,0.47578856,0.7378943,0.0,0.0,1.0,0.04347826,0.0,0.2105275,0.5050086,0.7,0.15,0.21000001,0.54999995,0.75,0.35,0.35,0.65,-1.0,1.3,2020-04-20T01:00:00,EURUSD,H1,4,BUY,-28.111881790184867,1,"hit_tp=False,hit_sl=True,regime=4"
0.019557165,0.040728986,0.026361685,-0.0041863695,0.45428663,0.4443201,0.28212237,0.2880124,0.26516744,0.44602323,0.34730935,0.54438466,0.23650989,-0.09127472,0.0,0.23417464,0.0021586516,0.33528882,0.66764444,0.0,0.0,1.0,0.13043478,0.0,0.37553337,0.4480681,0.7,0.15,0.21000001,0.54999995,0.75,0.35,0.35,0.65,-1.0,1.3,2020-04-20T03:00:00,EURUSD,H1,4,BUY,-33.73662262742716,4,"hit_tp=False,hit_sl=True,regime=4"
-0.02879317,-0.03276571,0.0006199693,-0.050814047,0.42954478,0.3881671,0.4162436,0.2979398,0.3301989,0.4618687,0.106984265,0.3406208,0.20555273,-0.013881816,0.0,0.42296565,0.0018022192,0.25254518,0.6262726,0.0,0.0,1.0,0.3478261,0.0,0.24111086,0.60443527,0.7,0.15,0.21000001,0.54999995,0.75,0.35,0.35,0.65,-1.0,1.3,2020-04-20T08:00:00,EURUSD,H1,4,BUY,-41.76736390029801,8,"hit_tp=False,hit_sl=True,regime=4"
-0.012622001,-0.053895775,-0.08576896,-0.06500166,0.41891718,0.5036625,0.4218608,0.4112729,0.3162683,0.4523125,0.058187388,0.15126075,0.23721991,-0.093049794,0.0,0.3744522,0.0011348106,0.13790159,0.5689508,0.0,0.0,1.0,0.73913044,0.0,0.11497577,0.52365184,0.7,0.15,0.21000001,0.54999995,0.75,0.35,0.35,0.65,1.0,1.9500000000000002,2020-04-20T17:00:00,EURUSD,H1,4,BUY,91.83989684449001,19,"hit_tp=True,hit_sl=False,regime=4"
0.015731389,0.027312662,0.031348694,0.039033994,0.5210966,0.37837327,0.4011524,0.4000726,0.51323193,0.52480936,0.70531464,0.7239109,0.15258473,0.88146186,0.0,0.57982033,0.00876532,0.4901889,0.7450944,0.0,0.0,1.0,0.13043478,0.33333334,0.61906874,0.5108214,0.15,0.7,0.21000001,0.54999995,0.75,0.35,0.35,0.65,1.0,2.34,2020-04-22T03:00:00,EURUSD,H1,4,SELL,78.75861383570104,50,"hit_tp=True,hit_sl=False,regime=4"
-0.0017384446,0.042895798,0.044755075,0.01051693,0.23031728,0.2553103,0.25904295,0.2868134,0.36242867,0.4700533,0.35131833,0.69450694,0.23267575,-0.081689365,0.0,0.21822739,0.002503896,0.42179644,0.7108982,0.0,0.0,1.0,0.3478261,0.6666667,0.3825544,0.5951123,0.7,0.15,0.21000001,0.54999995,0.75,0.35,0.35,0.65,-1.0,1.3,2020-04-24T08:00:00,EURUSD,H1,4,BUY,-33.76236414768697,5,"hit_tp=False,hit_sl=True,regime=4"
-0.01732031,-0.027945757,-0.048246223,-0.031124558,0.49374425,0.3853414,0.30963072,0.28494403,0.3082799,0.4767189,0.13462897,0.2995734,0.20548172,-0.013704308,0.0,0.3121575,0.0016229517,0.28006673,0.64003336,0.0,0.0,1.0,0.6086956,0.6666667,0.22719465,0.66745424,0.7,0.15,0.21000001,0.54999995,0.75,0.35,0.35,0.65,-1.0,1.3,2020-04-24T14:00:00,EURUSD,H1,4,BUY,-40.79069295412019,3,"hit_tp=False,hit_sl=True,regime=4"
0.011523346,-0.0396834,-0.035441548,-0.05352056,0.4048215,0.44625106,0.38276637,0.32090467,0.41919342,0.4563544,0.19371969,0.24347799,0.18268986,0.95672464,0.0,0.44342878,0.002662961,0.3903121,0.69515604,0.0,0.0,1.0,0.7826087,0.6666667,0.19469266,0.5643488,0.7,0.15,0.21000001,0.54999995,0.75,0.35,0.35,0.65,1.0,1.9500000000000002,2020-04-24T18:00:00,EURUSD,H1,4,BUY,75.16001598693921,13,"hit_tp=True,hit_sl=False,regime=4"
0.014480586,0.03026513,0.044411503,0.01153436,0.36768958,0.35903308,0.39616856,0.30552816,0.57736325,0.54129684,1.0,0.8234901,0.20683077,1.017077,0.0,0.6400735,0.007700371,0.5351949,0.76759744,0.0,0.0,1.0,0.0,0.0,0.7865818,0.43098,0.15,0.7,0.21000001,0.54999995,0.75,0.35,0.35,0.65,1.0,2.34,2020-04-27T00:00:00,EURUSD,H1,4,SELL,76.2735613323473,79,"hit_tp=True,hit_sl=False,regime=4"
-0.0011554885,-0.010322106,-0.016872302,-0.025394358,0.36565644,0.3323509,0.2935789,0.27439606,0.21787152,0.44382492,0.2535193,0.33982196,0.15024164,0.8756041,0.0,0.3187644,0.002119117,0.46304804,0.731524,0.0,0.0,1.0,0.3478261,0.5,0.22642215,0.18974808,0.7,0.15,0.21000001,0.54999995,0.75,0.35,0.35,0.65,1.0,1.9500000000000002,2020-04-30T08:00:00,EURUSD,H1,4,BUY,56.0347053665744,3,"hit_tp=True,hit_sl=False,regime=4"
-0.0072487714,-0.046876572,-0.028999463,-0.03739121,0.38696826,0.3488618,0.37624064,0.33979946,0.4324553,0.49175447,0.36700225,0.18981415,0.14449044,0.13877392,0.0,0.29755825,0.0024458522,0.53461796,0.76730895,0.0,0.0,1.0,0.73913044,0.5,0.40426892,0.47316957,0.7,0.15,0.21000001,0.54999995,0.75,0.35,0.35,0.65,-1.0,1.3,2020-04-30T17:00:00,EURUSD,H1,4,BUY,-47.843515313228394,19,"hit_tp=False,hit_sl=True,regime=4"
0.0049534654,-0.023625255,-0.0119689945,-0.09744854,0.31148562,0.3156403,0.2971764,0.2780085,0.32645747,0.396842,0.21159054,0.17036335,0.26704103,-0.1676026,0.0,0.30404615,0.0016468546,0.26569632,0.63284814,0.0,0.0,1.0,0.5652174,0.6666667,0.19126448,0.43472475,0.7,0.15,0.21000001,0.54999995,0.75,0.35,0.35,0.65,-1.0,1.3,2020-05-01T13:00:00,EURUSD,H1,4,BUY,-38.600875662706535,6,"hit_tp=False,hit_sl=True,regime=4"
0.02525486,0.002189554,-0.020115536,-0.055891268,0.53341913,0.37941715,0.34300384,0.30834687,0.19904818,0.4072714,0.24448054,0.34512088,0.23175271,-0.07938178,0.0,0.15495586,0.003634503,0.4598089,0.7299045,0.0,0.0,1.0,0.8695652,0.6666667,0.27483273,0.48047984,0.7,0.15,0.21000001,0.54999995,0.75,0.35,0.35,0.65,-1.0,1.3,2020-05-01T20:00:00,EURUSD,H1,4,BUY,-45.27399771389496,2,"hit_tp=False,hit_sl=True,regime=4"
0.025855085,-0.006371194,-0.025536139,-0.02334938,0.42863715,0.5389439,0.37814927,0.33766285,0.3065367,0.42839974,0.28571033,0.43896875,0.17331752,0.06670621,0.0,0.21909681,0.0035443509,0.42364284,0.71182144,0.0,0.0,1.0,1.0,0.6666667,0.29704684,0.50634,0.7,0.15,0.21000001,0.54999995,0.75,0.35,0.35,0.65,1.0,2.34,2020-05-01T23:00:00,EURUSD,H1,4,BUY,75.58391777630513,43,"hit_tp=True,hit_sl=False,regime=4"
-0.012031128,-0.02599936,-0.048751257,-0.04306464,0.33492532,0.37364838,0.37100622,0.33500943,0.39901096,0.44127735,0.074620366,0.25116706,0.19263025,0.0184244,0.0,0.3516173,0.0018662082,0.41616437,0.7080822,0.0,0.0,1.0,0.13043478,0.0,0.2695371,0.546097,0.7,0.15,0.21000001,0.54999995,0.75,0.35,0.35,0.65,-1.0,1.56,2020-05-04T03:00:00,EURUSD,H1,4,BUY,-45.099767193845786,33,"hit_tp=False,hit_sl=True,regime=4"
0.00099838,-0.04244766,-0.048978623,-0.06710266,0.42043322,0.3799039,0.38846,0.31471676,0.17665485,0.40012586,0.044477776,0.15179646,0.20391966,-0.009799162,0.0,0.22033413,0.0008721095,0.14787032,0.57393515,0.0,0.0,1.0,0.5652174,0.16666667,0.15314732,0.44315076,0.7,0.15,0.21000001,0.54999995,0.75,0.35,0.35,0.65,1.0,1.9500000000000002,2020-05-05T13:00:00,EURUSD,H1,4,BUY,68.28748224557924,3,"hit_tp=True,hit_sl=False,regime=4"
-0.017930483,0.0038362925,0.04390912,0.02083421,0.643997,0.5259092,0.4439548,0.38148978,0.36344016,0.4686129,0.37179556,0.4971505,0.1650102,0.087474495,0.0,0.34926808,0.0030283006,0.49827623,0.7491381,0.0,0.0,1.0,0.73913044,0.16666667,0.34035164,0.5370262,0.7,0.15,0.21000001,0.54999995,0.75,0.35,0.35,0.65,-1.0,1.3,2020-05-05T17:00:00,EURUSD,H1,4,BUY,-57.33793809099774,13,"hit_tp=False,hit_sl=True,regime=4"
0.0067124814,-0.0073981225,0.01598999,0.022474764,0.429036,0.33579525,0.3242619,0.36205152,0.3891614,0.5049843,0.41134915,0.5280179,0.22699553,-0.06748883,0.0,0.33049682,0.0033147333,0.5019712,0.7509856,0.0,0.0,1.0,0.3043478,0.33333334,0.40733424,0.51746744,0.7,0.15,0.21000001,0.54999995,0.75,0.35,0.35,0.65,1.0,1.9500000000000002,2020-05-06T07:00:00,EURUSD,H1,4,BUY,63.10477599850817,5,"hit_tp=True,hit_sl=False,regime=4"
0.01463195,0.02847425,0.010436628,0.041933633,0.11890814,0.17599228,0.2695165,0.28978157,0.7501732,0.602421,0.7873139,0.8894864,0.17672564,0.9418141,0.0,0.6041429,0.009770309,0.5107741,0.755387,0.0,0.0,1.0,0.8695652,0.33333334,0.75995797,0.40900815,0.15,0.7,0.21000001,0.54999995,0.75,0.35,0.35,0.65,1.0,1.9500000000000002,2020-05-06T20:00:00,EURUSD,H1,4,SELL,58.37240781380704,18,"hit_tp=True,hit_sl=False,regime=4"
0.0038724456,0.011083314,0.05154477,0.035270836,0.38112867,0.47997287,0.45462883,0.3835769,0.5057402,0.5125878,0.61129767,0.7969994,0.18645301,0.9661325,0.0,0.5753585,0.008809464,0.46481422,0.7324071,0.0,0.0,1.0,0.8695652,0.5,0.53655994,0.4795042,0.15,0.7,0.21000001,0.54999995,0.75,0.35,0.35,0.65,1.0,1.9500000000000002,2020-05-07T20:00:00,EURUSD,H1,4,SELL,88.91288019786225,19,"hit_tp=True,hit_sl=False,regime=4"
-0.033811726,-0.059417453,-0.08807588,-0.10492297,0.2710087,0.2914557,0.39466932,0.35910338,0.2184986,0.3882689,0.0077666505,0.044975676,0.22401342,1.0600336,0.0,0.2225056,2.0031373e-05,0.0032505214,0.50162524,0.0,0.0,1.0,0.6956522,0.6666667,0.12236098,0.5506934,0.7,0.15,0.21000001,0.54999995,0.75,0.35,0.35,0.65,-1.0,1.2,2020-05-08T16:00:00,EURUSD,H1,4,BUY,-45.60212238206019,29,"hit_tp=False,hit_sl=True,regime=4"
0.008270979,-0.031872228,-0.011910488,-0.02547413,0.6686346,0.45404685,0.46386644,0.3792479,0.3187956,0.44808498,0.17104954,0.3082256,0.20853484,-0.021337096,0.0,0.20788974,0.003687021,0.42869204,0.714346,0.0,0.0,1.0,0.95652175,0.8333333,0.2556134,0.5031019,0.7,0.15,0.21000001,0.54999995,0.75,0.35,0.35,0.65,-1.0,1.3,2020-05-09T22:00:00,EURUSD,H1,4,BUY,-50.00564584038525,13,"hit_tp=False,hit_sl=True,regime=4"
0.0036504169,-0.017384354,-0.025699537,-0.029666983,0.2327967,0.30190074,0.36107242,0.38678136,0.2579914,0.46194822,0.1267132,0.21803655,0.18396792,0.040080212,0.0,0.2058971,0.001650049,0.25058016,0.6252901,0.0,0.0,1.0,0.5217391,1.0,0.24987547,0.4883369,0.7,0.15,0.21000001,0.54999995,0.75,0.35,0.35,0.65,-1.0,1.3,2020-05-10T12:00:00,EURUSD,H1,4,BUY,-48.48014649244892,10,"hit_tp=False,hit_sl=True,regime=4"
0.018760769,-0.012796914,-0.05140577,-0.07623506,0.26019293,0.24996832,0.29363546,0.33058217,0.25856632,0.4620568,0.1890127,0.23405293,0.16962537,0.07593656,0.0,0.19196111,0.0021107,0.24585009,0.62292504,0.0,0.0,1.0,1.0,1.0,0.19773562,0.4832855,0.7,0.15,0.21000001,0.54999995,0.75,0.35,0.35,0.65,-1.0,1.3,2020-05-10T23:00:00,EURUSD,H1,4,BUY,-40.27872909946994,14,"hit_tp=False,hit_sl=True,regime=4"
0.0037483568,-0.012462254,-0.033040583,-0.08120086,0.4127695,0.42249638,0.36196098,0.32511592,0.38081354,0.4789836,0.1928656,0.16343004,0.15769693,0.89424235,0.0,0.41445872,0.0011659532,0.124671265,0.5623356,0.0,0.0,1.0,0.6086956,0.0,0.17853309,0.44391295,0.7,0.15,0.21000001,0.54999995,0.75,0.35,0.35,0.65,-1.0,1.3,2020-05-11T14:00:00,EURUSD,H1,4,BUY,-47.547880275466966,3,"hit_tp=False,hit_sl=True,regime=4"
0.005151988,-0.040385693,-0.0343855,-0.015959818,0.5306006,0.628844,0.47159356,0.37990248,0.32896537,0.48287776,0.27740866,0.39299005,0.22706653,1.0676663,0.0,0.3876488,0.0036249498,0.32666707,0.66333354,0.0,0.0,1.0,0.7826087,0.0,0.20001961,0.34983456,0.7,0.15,0.21000001,0.54999995,0.75,0.35,0.35,0.65,-1.0,1.56,2020-05-11T18:00:00,EURUSD,H1,4,BUY,-53.4739507287818,37,"hit_tp=False,hit_sl=True,regime=4"
0.013896327,-0.027775241,-0.035176743,-0.03865197,0.7603806,0.5286205,0.4899825,0.4205714,0.37235397,0.40726075,0.18571274,0.28819078,0.212795,-0.031987496,0.0,0.49045488,0.0019538384,0.314445,0.6572225,0.0,0.0,1.0,0.3478261,0.33333334,0.19528234,0.46747506,0.7,0.15,0.21000001,0.54999995,0.75,0.35,0.35,0.65,1.0,2.34,2020-05-13T08:00:00,EURUSD,H1,4,BUY,97.2148112061899,52,"hit_tp=True,hit_sl=False,regime=4"
0.04806519,0.05344744,0.012831228,0.0630752,0.7368096,0.55270106,0.43193582,0.4084391,0.78130496,0.5902863,0.91013134,0.73158246,0.1490346,0.8725865,0.0,0.63141567,0.013697113,0.03913956,0.51956975,0.0,0.0,1.0,0.5652174,0.6666667,0.84239715,0.39229792,0.15,0.7,0.21000001,0.54999995,0.75,0.35,0.35,0.65,1.0,1.7999999999999998,2020-05-15T13:00:00,EURUSD,H1,4,SELL,94.96776578277633,46,"hit_tp=True,hit_sl=False,regime=4"
-0.009506145,-0.050408937,-0.051275495,-0.047125082,0.46204945,0.39076114,0.46538284,0.43195128,0.2323031,0.44089273,0.22274864,0.2784224,0.20320964,1.0080241,0.0,0.530093,0.002911736,0.4266869,0.71334344,0.0,0.0,1.0,0.5217391,1.0,0.18003386,0.45606077,0.7,0.15,0.21000001,0.54999995,0.75,0.35,0.35,0.65,-1.0,1.3,2020-05-17T12:00:00,EURUSD,H1,4,BUY,-55.32056312551825,8,"hit_tp=False,hit_sl=True,regime=4"
-0.031414483,-0.05577585,-0.075598195,-0.100274,0.5283951,0.47986564,0.34939444,0.41241103,0.32633328,0.44138214,0.07525923,0.20256858,0.22472344,1.0618086,0.0,0.44432962,0.002665072,0.32371482,0.6618574,0.0,0.0,1.0,0.9130435,1.0,0.081706285,0.49432424,0.7,0.15,0.21000001,0.54999995,0.75,0.35,0.35,0.65,1.0,1.9500000000000002,2020-05-17T21:00:00,EURUSD,H1,4,BUY,81.2805741504663,13,"hit_tp=True,hit_sl=False,regime=4"
0.015498592,0.043284845,0.06934344,0.11541972,0.24312985,0.33241218,0.3071319,0.34885308,0.76522386,0.67115253,0.93327546,0.9797563,0.1890801,0.97270024,0.0,0.7836148,0.013361754,0.4533263,0.7266632,0.0,0.0,1.0,0.47826087,0.0,0.87804383,0.4676647,0.15,0.7,0.21000001,0.54999995,0.75,0.35,0.35,0.65,-1.0,1.3,2020-05-18T11:00:00,EURUSD,H1,4,SELL,-41.97867525281396,2,"hit_tp=False,hit_sl=True,regime=4"
-0.023844905,-0.038853455,-0.026259549,0.0044612004,0.784698,0.615808,0.47534204,0.43699196,0.706912,0.60851663,0.6300666,0.3668479,0.22727954,1.0681988,0.0,0.7025394,0.01230846,0.5791481,0.7895741,0.0,0.0,1.0,0.65217394,0.0,0.67617923,0.45246896,0.15,0.7,0.21000001,0.54999995,0.75,0.35,0.35,0.65,1.0,2.34,2020-05-18T15:00:00,EURUSD,H1,4,SELL,91.56029947925416,89,"hit_tp=True,hit_sl=False,regime=4"
0.018833347,0.05475429,0.056292452,0.111203656,0.32517362,0.37710378,0.41798073,0.38039827,0.5540151,0.60435504,0.8281866,0.9733168,0.16969638,0.92424095,0.0,0.46669617,0.009563732,0.57494646,0.78747326,0.0,0.0,1.0,0.6086956,0.6666667,0.7870138,0.5159087,0.15,0.7,0.21000001,0.54999995,0.75,0.35,0.35,0.65,-1.0,1.3,2020-05-22T14:00:00,EURUSD,H1,4,SELL,-53.63356216846471,7,"hit_tp=False,hit_sl=True,regime=4"
0.06976882,0.08495323,0.1297004,0.14444605,0.303386,0.47296852,0.34054208,0.40318274,0.8958535,0.68024933,0.9919445,0.97151494,0.22195435,1.0548859,0.0,0.8834534,0.0155804595,-0.044345826,0.4778271,0.0,0.0,1.0,0.95652175,0.6666667,0.9326034,0.5904983,0.15,0.7,0.21000001,0.54999995,0.75,0.35,0.35,0.65,1.0,1.5,2020-05-22T22:00:00,EURUSD,H1,4,SELL,78.35796798263405,18,"hit_tp=True,hit_sl=False,regime=4"
0.015624174,-0.006611468,-0.022511724,0.00253218,0.47342947,0.48526433,0.3799236,0.4312315,0.6307823,0.51431066,0.8710888,0.49980438,0.27541935,1.1885483,0.0,0.57406056,0.015119151,0.41235986,0.7061799,0.0,0.0,1.0,0.26086956,1.0,0.52538514,0.48191288,0.15,0.7,0.21000001,0.54999995,0.75,0.35,0.35,0.65,-1.0,1.3,2020-05-24T06:00:00,EURUSD,H1,4,SELL,-55.58252440607259,18,"hit_tp=False,hit_sl=True,regime=4"
-0.012561389,0.012505413,0.050066315,0.09872859,0.52644515,0.46725744,0.43109703,0.41309053,0.65620774,0.58829343,0.82050705,0.81194055,0.19923349,0.9980837,0.0,0.61370564,0.012547237,0.2215972,0.6107986,0.0,0.0,1.0,0.04347826,0.0,0.8180726,0.50331414,0.15,0.7,0.21000001,0.54999995,0.75,0.35,0.35,0.65,1.0,2.34,2020-05-25T01:00:00,EURUSD,H1,4,SELL,93.40696370051083,40,"hit_tp=True,hit_sl=False,regime=4"
-0.01909046,-0.036657967,-0.049179547,-0.044195767,0.16897209,0.1903354,0.2685516,0.32751238,0.23559514,0.42893136,0.1299589,0.07683311,0.20143457,-0.0035864282,0.0,0.3090577,0.0,-0.06674284,0.46662858,0.0,0.0,1.0,0.7826087,0.16666667,0.16761047,0.7187329,0.7,0.15,0.21000001,0.54999995,0.75,0.35,0.35,0.65,1.0,1.7999999999999998,2020-05-26T18:00:00,EURUSD,H1,4,BUY,67.38807090582056,21,"hit_tp=True,hit_sl=False,regime=4"
-0.011956054,-0.042553417,-0.039521024,-0.060420148,0.21391192,0.19031589,0.32292947,0.26775947,0.4430343,0.48310468,0.2957989,0.014104703,0.1916362,0.020909492,0.0,0.49289483,0.0032262227,0.54607457,0.77303725,0.0,0.0,1.0,0.9130435,0.33333334,0.37781245,0.65709364,0.7,0.15,0.21000001,0.54999995,0.75,0.35,0.35,0.65,1.0,1.9500000000000002,2020-05-27T21:00:00,EURUSD,H1,4,BUY,59.393080809480026,7,"hit_tp=True,hit_sl=False,regime=4"
0.023137892,0.06223747,0.07318917,0.111867175,0.4414415,0.4343509,0.3430477,0.33151415,0.55511546,0.5903176,0.8567671,0.89107835,0.1914232,0.978558,0.0,0.4830281,0.008631458,0.40883264,0.70441633,0.0,0.0,1.0,0.2173913,0.5,0.79997087,0.5717521,0.15,0.7,0.21000001,0.54999995,0.75,0.35,0.35,0.65,-1.0,1.3,2020-05-28T05:00:00,EURUSD,H1,4,SELL,-42.13205274322674,11,"hit_tp=False,hit_sl=True,regime=4"
0.013833768,-0.002812673,0.016869394,0.008972888,0.23929492,0.40289026,0.4119605,0.39718372,0.7307786,0.5160546,0.99392706,0.59851587,0.14846659,0.87116647,0.0,0.5874334,0.009649077,0.48661408,0.74330705,0.0,0.0,1.0,0.95652175,0.5,0.65517896,0.53698796,0.15,0.7,0.21000001,0.54999995,0.75,0.35,0.35,0.65,-1.0,1.56,2020-05-28T22:00:00,EURUSD,H1,4,SELL,-48.763950183661194,80,"hit_tp=False,hit_sl=True,regime=4"
-0.0023692276,0.054697517,0.07893301,0.09966035,0.51089543,0.4840345,0.51140726,0.44727182,0.75609124,0.62265706,0.94051313,0.8122418,0.16302213,0.90755534,0.0,0.8107497,0.009885413,0.3399542,0.6699771,0.0,0.0,1.0,0.3043478,0.0,0.8810312,0.54277074,0.15,0.7,0.21000001,0.54999995,0.75,0.35,0.35,0.65,-1.0,1.3,2020-06-01T07:00:00,EURUSD,H1,4,SELL,-62.00859933797042,12,"hit_tp=False,hit_sl=True,regime=4"
0.021568257,0.052521132,0.056901082,0.0936832,0.31428227,0.2738671,0.26201832,0.3628873,0.82502943,0.6094035,0.94488966,0.97175896,0.21180096,1.0295024,0.0,0.7946603,0.017076511,-0.21950519,0.3902474,0.0,0.0,1.0,0.8695652,0.0,0.78279024,0.49487,0.15,0.7,0.21000001,0.54999995,0.75,0.35,0.35,0.65,1.0,1.7999999999999998,2020-06-01T20:00:00,EURUSD,H1,4,SELL,63.943922683427076,24,"hit_tp=True,hit_sl=False,regime=4"
0.008392708,0.011985628,-0.0047425036,0.027521776,0.58911264,0.48535612,0.4119371,0.34371668,0.45901176,0.48062184,0.58835423,0.72285306,0.17324652,0.93311626,0.0,0.46557343,0.013143175,0.52781576,0.7639079,0.0,0.0,1.0,0.17391305,0.33333334,0.39358887,0.6331885,0.15,0.7,0.21000001,0.54999995,0.75,0.35,0.35,0.65,1.0,2.34,2020-06-03T04:00:00,EURUSD,H1,4,SELL,83.26938060942312,32,"hit_tp=True,hit_sl=False,regime=4"
-0.030932663,-0.050736453,-0.053305607,-0.040699147,0.6148557,0.4772457,0.37797877,0.32276118,0.25089338,0.41247183,0.11518228,0.24169546,0.24254511,-0.10636279,0.0,0.25300086,0.0011576843,0.16664027,0.58332014,0.0,0.0,1.0,0.5652174,0.5,0.13818839,0.61915153,0.7,0.15,0.21000001,0.54999995,0.75,0.35,0.35,0.65,1.0,1.9500000000000002,2020-06-04T13:00:00,EURUSD,H1,4,BUY,75.57308271763486,10,"hit_tp=True,hit_sl=False,regime=4"
0.04541058,0.04922338,0.07352182,0.074445456,0.23302498,0.34452295,0.32978582,0.34210858,0.65954214,0.6410678,0.94647026,0.92315567,0.28606975,1.2151744,0.0,0.6136851,0.008898389,0.57086474,0.7854324,0.0,0.0,1.0,0.0,0.6666667,0.92333996,0.5281861,0.15,0.7,0.21000001,0.54999995,0.75,0.35,0.35,0.65,-1.0,1.3,2020-06-05T00:00:00,EURUSD,H1,4,SELL,-50.42508332536278,12,"hit_tp=False,hit_sl=True,regime=4"
0.009479506,0.03700875,0.038885877,0.033970702,0.53134197,0.4196266,0.2845499,0.27813402,0.6126969,0.55475193,0.84854394,0.6235428,0.14789855,0.1302536,0.0,0.6264155,0.010458254,0.51959854,0.7597993,0.0,0.0,1.0,0.5652174,0.6666667,0.7725247,0.54435766,0.15,0.7,0.21000001,0.54999995,0.75,0.35,0.35,0.65,-1.0,1.3,2020-06-05T13:00:00,EURUSD,H1,4,SELL,-32.20949240707816,2,"hit_tp=False,hit_sl=True,regime=4"
0.0011246032,0.027055547,0.00476121,0.041778773,0.4567045,0.48687193,0.36272812,0.28133625,0.72589284,0.5518026,0.83336824,0.6260182,0.18141182,0.95352954,0.0,0.619963,0.012384187,0.31054682,0.6552734,0.0,0.0,1.0,0.6956522,0.6666667,0.7503584,0.5349999,0.15,0.7,0.21000001,0.54999995,0.75,0.35,0.35,0.65,-1.0,1.3,2020-06-05T16:00:00,EURUSD,H1,4,SELL,-40.954791846734565,3,"hit_tp=False,hit_sl=True,regime=4"
0.02141939,0.031436734,0.07874299,0.09184966,0.15198544,0.22009574,0.39489797,0.2867724,0.8000227,0.59873027,0.8769042,0.92455137,0.21591912,-0.03979779,0.0,0.7629815,0.015549068,0.08850755,0.54425377,0.0,0.0,1.0,0.8695652,0.6666667,0.89264065,0.5335937,0.15,0.7,0.21000001,0.54999995,0.75,0.35,0.35,0.65,-1.0,1.3,2020-06-05T20:00:00,EURUSD,H1,4,SELL,-42.667986509967726,5,"hit_tp=False,hit_sl=True,regime=4"
0.00042630298,0.020507388,0.057742137,0.056688108,0.28025097,0.30535394,0.25684178,0.30978495,0.7762595,0.5654161,0.75519454,0.7727987,0.18261887,0.04345284,0.0,0.66020006,0.017992724,0.16206233,0.58103114,0.0,0.0,1.0,0.08695652,0.8333333,0.7805526,0.53912646,0.15,0.7,0.21000001,0.54999995,0.75,0.35,0.35,0.65,-1.0,1.56,2020-06-06T02:00:00,EURUSD,H1,4,SELL,-39.05414377943561,25,"hit_tp=False,hit_sl=True,regime=4"
-0.012910064,0.0018965948,0.0027636036,-0.00371284,0.52008724,0.42745382,0.39482924,0.36278623,0.6107908,0.5038366,0.65972245,0.48053423,0.27321827,1.1830456,0.0,0.49039686,0.011201511,0.4745452,0.7372726,0.0,0.0,1.0,0.17391305,1.0,0.66854167,0.45551625,0.15,0.7,0.21000001,0.54999995,0.75,0.35,0.35,0.65,-1.0,1.3,2020-06-07T04:00:00,EURUSD,H1,4,SELL,-53.157282414260095,6,"hit_tp=False,hit_sl=True,regime=4"
0.017471507,0.049165536,0.088932924,0.09207114,0.2990282,0.36519763,0.4067853,0.3871566,0.6797105,0.58138484,0.87396497,0.870679,0.24510121,-0.11275303,0.0,0.61127776,0.014338845,0.27759445,0.6387972,0.0,0.0,1.0,0.47826087,1.0,0.9180088,0.45973608,0.15,0.7,0.21000001,0.54999995,0.75,0.35,0.35,0.65,1.0,1.9500000000000002,2020-06-07T11:00:00,EURUSD,H1,4,SELL,75.56178640747868,19,"hit_tp=True,hit_sl=False,regime=4"
0.038376108,0.048662946,0.0654833,0.08206148,0.31030613,0.4188784,0.3424237,0.35740378,0.6831975,0.56657916,0.9993201,0.8575855,0.16600424,0.9150106,0.0,0.7063889,0.008678857,0.5087143,0.75435716,0.0,0.0,1.0,0.6956522,0.0,0.8334048,0.47885522,0.15,0.7,0.21000001,0.54999995,0.75,0.35,0.35,0.65,-1.0,1.3,2020-06-08T16:00:00,EURUSD,H1,4,SELL,-47.61244614563953,8,"hit_tp=False,hit_sl=True,regime=4"
0.010564704,0.010967537,0.036120653,0.036166225,0.41818827,0.36136347,0.3509342,0.36774674,0.90874386,0.5870784,0.793858,0.65339446,0.159756,0.89939,0.0,0.867844,0.009459986,0.37561405,0.687807,0.0,0.0,1.0,0.04347826,0.16666667,0.77821136,0.3277308,0.15,0.7,0.21000001,0.54999995,0.75,0.35,0.35,0.65,1.0,2.34,2020-06-09T01:00:00,EURUSD,H1,4,SELL,81.14547595071242,28,"hit_tp=True,hit_sl=False,regime=4"
-0.022270743,-0.02347388,-0.025485141,-0.025473367,0.17943461,0.28513956,0.3501506,0.3328789,0.34894812,0.44950083,0.0,0.4955904,0.19476032,0.013099199,0.0,0.3811657,0.003354128,0.570022,0.785011,0.0,0.0,1.0,0.39130434,0.33333334,0.19304428,0.4625082,0.7,0.15,0.21000001,0.54999995,0.75,0.35,0.35,0.65,-1.0,1.3,2020-06-10T09:00:00,EURUSD,H1,4,BUY,-47.85050855348416,7,"hit_tp=False,hit_sl=True,regime=4"
-0.03539876,-0.028478784,-0.008260018,0.024296679,0.49235708,0.59773695,0.4613766,0.38562033,0.31266925,0.4835501,0.26077303,0.56730056,0.1758026,0.06049348,0.0,0.30550086,0.0039939135,0.54341054,0.77170527,0.0,0.0,1.0,0.8695652,0.33333334,0.3308276,0.5465306,0.7,0.15,0.21000001,0.54999995,0.75,0.35,0.35,0.65,-1.0,1.56,2020-06-10T20:00:00,EURUSD,H1,4,BUY,-49.126058292814356,53,"hit_tp=False,hit_sl=True,regime=4"
0.005740492,-0.002105639,-0.04363832,-0.038196884,0.36143756,0.3730417,0.31883618,0.30005842,0.43673107,0.48020238,0.2939322,0.20888428,0.20555273,-0.013881816,0.0,0.42217574,0.0019733594,0.40896383,0.7044819,0.0,0.0,1.0,0.08695652,0.8333333,0.34725177,0.6531745,0.7,0.15,0.21000001,0.54999995,0.75,0.35,0.35,0.65,-1.0,1.3,2020-06-13T02:00:00,EURUSD,H1,4,BUY,-37.450830045331344,6,"hit_tp=False,hit_sl=True,regime=4"
0.007492592,-0.0053731943,-0.019876286,-0.020344295,0.5225423,0.5260894,0.43011492,0.34914804,0.35189074,0.49070048,0.28660092,0.4316121,0.16877334,0.07806664,0.0,0.371719,0.0034094749,0.58581203,0.792906,0.0,0.0,1.0,0.4347826,0.8333333,0.34819224,0.64887565,0.7,0.15,0.21000001,0.54999995,0.75,0.35,0.35,0.65,-1.0,1.3,2020-06-13T10:00:00,EURUSD,H1,4,BUY,-49.33821911838443,6,"hit_tp=False,hit_sl=True,regime=4"
-0.02012858,-0.019058594,-0.032391362,-0.068363726,0.426421,0.34564686,0.4020584,0.37966192,0.17516139,0.39206073,0.16001588,0.1464771,0.21655814,-0.041395348,0.0,0.21701838,0.0002436791,0.03353084,0.5167654,0.0,0.0,1.0,0.73913044,0.8333333,0.14363033,0.47034064,0.7,0.15,0.21000001,0.54999995,0.75,0.35,0.35,0.65,-1.0,1.0,2020-06-13T17:00:00,EURUSD,H1,4,BUY,-50.42380876998376,13,"hit_tp=False,hit_sl=True,regime=4"
-0.0015311623,-0.036904648,-0.06539293,-0.09413203,0.32265675,0.29388362,0.22865915,0.2846562,0.30959934,0.44221047,0.082824774,0.19204397,0.14207634,0.14480916,0.0,0.31219244,0.0017873013,0.16959532,0.5847977,0.0,0.0,1.0,0.3043478,1.0,0.18300481,0.49450913,0.7,0.15,0.21000001,0.54999995,0.75,0.35,0.35,0.65,-1.0,1.3,2020-06-14T07:00:00,EURUSD,H1,4,BUY,-32.678070916694054,5,"hit_tp=False,hit_sl=True,regime=4"
-0.00056967424,-0.0036686903,0.009720578,-0.0011059828,0.66702133,0.50723916,0.42153755,0.3203523,0.25506806,0.5038763,0.34634387,0.49810943,0.2500004,-0.125001,0.0,0.24532084,0.003566064,0.34557146,0.67278576,0.0,0.0,1.0,0.5652174,1.0,0.30984783,0.4146479,0.7,0.15,0.21000001,0.54999995,0.75,0.35,0.35,0.65,1.0,1.56,2020-06-14T13:00:00,EURUSD,H1,4,BUY,27.477659929064924,100,"hit_tp=False,hit_sl=False,regime=4"
-0.00024242168,-0.006396647,-0.011824062,-0.0025197573,0.20222338,0.19649342,0.21783556,0.25553983,0.749758,0.5117388,0.5565729,0.24859227,0.14079867,0.14800332,0.0,0.7004631,0.0032407679,0.47619197,0.738096,1.0,0.0,0.0,0.2173913,0.8333333,0.6409106,0.5803045,0.35,0.7,0.48999998,0.35,0.95,0.15,0.55,0.85,1.0,1.9500000000000002,2020-01-04T05:00:00,EURUSD,H1,2,SELL,14.900290437542818,8,"hit_tp=True,hit_sl=False,regime=2"
0.0015185121,0.0024196163,0.00291417,0.009643618,0.17742375,0.17247915,0.2992061,0.25918943,0.47305775,0.4634331,0.6344359,0.8854925,0.16066858,0.90167147,0.0,0.5146761,0.0024406977,0.5681849,0.7840924,1.0,0.0,0.0,0.7826087,0.8333333,0.42931753,0.5299847,0.35,0.7,0.48999998,0.35,0.95,0.15,0.55,0.85,1.0,1.9500000000000002,2020-01-04T18:00:00,EURUSD,H1,2,SELL,17.224968643263505,10,"hit_tp=True,hit_sl=False,regime=2"
0.0032500413,0.0018449405,0.008779443,0.008784397,0.5028832,0.59201676,0.487408,0.41529986,0.7108861,0.5442111,0.77382904,0.70930064,0.14720832,0.8680208,0.0,0.61338174,0.0021541084,0.59459966,0.79729986,1.0,0.0,0.0,0.17391305,0.33333334,0.715299,0.31844437,0.35,0.7,0.48999998,0.35,0.95,0.15,0.55,0.85,1.0,2.34,2020-01-08T04:00:00,EURUSD,H1,2,SELL,31.043445346949916,34,"hit_tp=True,hit_sl=False,regime=2"
0.0035799812,0.0057939915,0.0027848473,0.0017710781,0.44421154,0.4079257,0.41275927,0.34991077,0.63454473,0.52682644,0.92945415,0.6254025,0.1983787,0.99594676,0.0,0.4959968,0.0019836708,0.57343334,0.78671664,1.0,0.0,0.0,0.39130434,0.8333333,0.68198305,0.6082351,0.35,0.7,0.48999998,0.35,0.95,0.15,0.55,0.85,-1.0,1.3,2020-01-11T09:00:00,EURUSD,H1,2,SELL,-13.960862539861285,8,"hit_tp=False,hit_sl=True,regime=2"
0.006218068,0.0013537186,0.010983256,0.0018804256,0.35440525,0.3670926,0.33279657,0.37172213,0.66388804,0.5378641,0.77411497,0.5448289,0.23234986,1.0808747,0.0,0.5485547,0.0022228283,0.5044818,0.7522409,1.0,0.0,0.0,0.2173913,0.16666667,0.6821693,0.41695637,0.35,0.7,0.48999998,0.35,0.95,0.15,0.55,0.85,-1.0,1.56,2020-01-14T05:00:00,EURUSD,H1,2,SELL,-11.762681212696968,84,"hit_tp=False,hit_sl=True,regime=2"
-0.00028344127,-0.003009413,-0.0031586853,0.01509221,0.1816565,0.21218431,0.28928545,0.29542458,0.7320808,0.5611863,0.7176536,0.60172856,0.17541078,0.061473038,0.0,0.72111565,0.0023042974,0.45409438,0.7270472,1.0,0.0,0.0,0.8695652,0.6666667,0.74457455,0.62806386,0.35,0.7,0.48999998,0.35,0.95,0.15,0.55,0.85,1.0,1.9500000000000002,2020-01-17T20:00:00,EURUSD,H1,2,SELL,16.844225026073634,19,"hit_tp=True,hit_sl=False,regime=2"
0.013363144,0.020635933,0.023243146,0.020779792,0.43049535,0.35264757,0.24855125,0.29147333,0.70231336,0.6067759,1.0,0.8767745,0.17380837,0.9345209,0.0,0.6463691,0.001973513,0.58862054,0.7943103,1.0,0.0,0.0,0.08695652,0.0,1.0,0.643056,0.35,0.7,0.48999998,0.35,0.95,0.15,0.55,0.85,-1.0,1.3,2020-01-27T02:00:00,EURUSD,H1,2,SELL,-11.533303229103176,6,"hit_tp=False,hit_sl=True,regime=2"
0.0035531858,0.0040317276,0.0046850354,0.004192792,0.1920945,0.22792582,0.2758528,0.26022875,0.77805036,0.55496705,0.64179957,0.40260333,0.17252645,0.06868389,0.0,0.8696844,0.0025816201,0.45959523,0.7297976,1.0,0.0,0.0,0.5652174,0.0,0.7115864,0.5677349,0.35,0.7,0.48999998,0.35,0.95,0.15,0.55,0.85,-1.0,1.3,2020-01-27T13:00:00,EURUSD,H1,2,SELL,-11.182540148504394,18,"hit_tp=False,hit_sl=True,regime=2"
-0.0033435186,-0.0019325776,0.0034326573,0.005872728,0.51983404,0.5305666,0.41247112,0.40402767,0.58692324,0.518245,0.76658267,0.5468796,0.26877803,1.1719451,0.0,0.66025555,0.0034800004,0.4060027,0.7030013,1.0,0.0,0.0,0.47826087,0.16666667,0.7138171,0.48458016,0.35,0.7,0.48999998,0.35,0.95,0.15,0.55,0.85,1.0,2.34,2020-01-28T11:00:00,EURUSD,H1,2,SELL,23.212951894509004,21,"hit_tp=True,hit_sl=False,regime=2"
-0.00060265075,0.008082102,0.018271502,0.019238677,0.40875152,0.3731459,0.34369448,0.3416397,0.7519564,0.6321249,0.90039235,0.7944139,0.16195051,0.9048763,0.0,0.726595,0.0029170348,0.49074653,0.74537325,1.0,0.0,0.0,0.17391305,0.8333333,0.8277155,0.6056921,0.35,0.7,0.48999998,0.35,0.95,0.15,0.55,0.85,-1.0,1.3,2020-02-01T04:00:00,EURUSD,H1,2,SELL,-12.010056369551325,17,"hit_tp=False,hit_sl=True,regime=2"
-0.0014371678,-0.006431868,0.0008314196,-0.0031551889,0.20654109,0.254662,0.27428845,0.29795367,0.47829452,0.4658885,0.4563788,0.29037958,0.16323245,0.09191888,0.0,0.4528037,0.0033143463,0.45005178,0.7250259,1.0,0.0,0.0,0.13043478,1.0,0.6248625,0.57154024,0.35,0.7,0.48999998,0.35,0.95,0.15,0.55,0.85,-1.0,1.3,2020-02-02T03:00:00,EURUSD,H1,2,SELL,-11.139540733171582,3,"hit_tp=False,hit_sl=True,regime=2"
-0.0031106903,-0.006674022,-0.005503574,0.002687468,0.22932892,0.22494388,0.26950455,0.29899046,0.46065405,0.46550974,0.43270978,0.39064437,0.22391048,-0.059776194,0.0,0.39149094,0.0030304412,0.4919415,0.7459708,1.0,0.0,0.0,0.47826087,1.0,0.5795671,0.62310225,0.35,0.7,0.48999998,0.35,0.95,0.15,0.55,0.85,-1.0,1.56,2020-02-02T11:00:00,EURUSD,H1,2,SELL,-11.232359022745886,28,"hit_tp=False,hit_sl=True,regime=2"
0.0022022203,0.003907582,0.012925879,0.01939349,0.20646173,0.23483613,0.26422358,0.24923776,0.68045956,0.5688144,0.8244016,0.77340645,0.17209913,0.06975217,0.0,0.4957829,0.0016447046,0.44293523,0.7214676,1.0,0.0,0.0,0.73913044,0.0,0.893052,0.4376145,0.35,0.7,0.48999998,0.35,0.95,0.15,0.55,0.85,-1.0,1.3,2020-02-03T17:00:00,EURUSD,H1,2,SELL,-10.290354865061246,16,"hit_tp=False,hit_sl=True,regime=2"
0.0031627018,0.0022215052,0.0065048896,0.011909608,0.27250174,0.33297175,0.317252,0.26795274,0.5943292,0.5413537,0.74218255,0.6072119,0.25638604,-0.1409651,0.0,0.59213203,0.0019204657,0.5181253,0.75906265,1.0,0.0,0.0,0.47826087,0.16666667,0.7946462,0.43624416,0.35,0.7,0.48999998,0.35,0.95,0.15,0.55,0.85,1.0,1.9500000000000002,2020-02-04T11:00:00,EURUSD,H1,2,SELL,18.200763285718402,9,"hit_tp=True,hit_sl=False,regime=2"
0.003151755,0.003180351,0.007258603,0.016042542,0.32021075,0.31340715,0.3319622,0.35071602,0.6706844,0.58982134,0.8086644,0.7074747,0.156075,0.8901875,0.0,0.624729,0.0020165585,0.47847387,0.73923695,1.0,0.0,0.0,0.5652174,0.8333333,0.85788196,0.40892565,0.35,0.7,0.48999998,0.35,0.95,0.15,0.55,0.85,-1.0,1.3,2020-02-08T13:00:00,EURUSD,H1,2,SELL,-13.257932910792913,6,"hit_tp=False,hit_sl=True,regime=2"
-0.007831205,-0.00918562,-0.00010055026,0.00016161845,0.25591514,0.31923574,0.3659283,0.35185584,0.71043324,0.5505511,0.6008492,0.4214856,0.17167182,0.92917955,0.0,0.64784735,0.0024146216,0.58264244,0.7913212,1.0,0.0,0.0,0.9130435,0.8333333,0.66085184,0.4923437,0.35,0.7,0.48999998,0.35,0.95,0.15,0.55,0.85,-1.0,1.3,2020-02-08T21:00:00,EURUSD,H1,2,SELL,-11.928502957339049,2,"hit_tp=False,hit_sl=True,regime=2"
0.0018108172,0.0026293742,0.0057840073,0.010673774,0.18864794,0.31190723,0.3155715,0.3248812,0.63503623,0.521777,0.76377237,0.6178658,0.18107264,0.04731839,0.0,0.6401938,0.0027426267,0.43811375,0.71905684,1.0,0.0,0.0,0.08695652,1.0,0.7154282,0.45628136,0.35,0.7,0.48999998,0.35,0.95,0.15,0.55,0.85,-1.0,1.56,2020-02-09T02:00:00,EURUSD,H1,2,SELL,-12.378114328459588,36,"hit_tp=False,hit_sl=True,regime=2"
0.004937752,0.0030077428,0.0063989484,0.0094723925,0.36099276,0.27049956,0.2987603,0.28687188,0.84614956,0.5518066,0.78745407,0.48929864,0.18961884,0.9740471,0.0,0.7853089,0.0019172943,0.49492857,0.7474643,1.0,0.0,0.0,0.6956522,0.0,0.7720543,0.37657538,0.35,0.7,0.48999998,0.35,0.95,0.15,0.55,0.85,-1.0,1.3,2020-02-10T16:00:00,EURUSD,H1,2,SELL,-10.14651371721964,4,"hit_tp=False,hit_sl=True,regime=2"
-0.0032170515,-0.009167912,-0.0052532796,0.0017200239,0.26544285,0.27974275,0.32614705,0.33682036,0.69380164,0.5061765,0.5613747,0.40084264,0.21750082,-0.043752067,0.0,0.6962402,0.0033777333,0.47748443,0.73874223,1.0,0.0,0.0,0.4347826,0.16666667,0.6649994,0.42767414,0.35,0.7,0.48999998,0.35,0.95,0.15,0.55,0.85,-1.0,1.3,2020-02-11T10:00:00,EURUSD,H1,2,SELL,-12.895682182656465,9,"hit_tp=False,hit_sl=True,regime=2"
-0.0036360126,-0.005334706,0.0009277712,0.0075052246,0.6444749,0.435862,0.32560647,0.32641008,0.49122065,0.46828133,0.6406386,0.4764916,0.23224303,-0.08060756,0.0,0.52541304,0.0042038388,0.43356436,0.7167822,1.0,0.0,0.0,0.9130435,0.16666667,0.6684437,0.42817104,0.35,0.7,0.48999998,0.35,0.95,0.15,0.55,0.85,-1.0,1.3,2020-02-11T21:00:00,EURUSD,H1,2,SELL,-11.247413653037164,10,"hit_tp=False,hit_sl=True,regime=2"
-0.0080284355,-0.011754128,-0.005146672,0.0009864694,0.4982359,0.41173553,0.37179282,0.33853596,0.62282234,0.4879268,0.5370798,0.39201486,0.19795139,0.0051215226,0.0,0.7009246,0.0041388776,0.5237457,0.7618729,1.0,0.0,0.0,0.0,0.5,0.6439612,0.48428917,0.35,0.7,0.48999998,0.35,0.95,0.15,0.55,0.85,-1.0,1.3,2020-02-13T00:00:00,EURUSD,H1,2,SELL,-12.585041342401126,16,"hit_tp=False,hit_sl=True,regime=2"
-0.0022646666,0.003234489,0.008444083,-0.0010284293,0.5896649,0.43311295,0.34801796,0.35105735,0.5868465,0.4781155,0.8110757,0.57096803,0.22999965,1.0749991,0.0,0.60342854,0.002797728,0.5295076,0.76475376,1.0,0.0,0.0,0.73913044,0.5,0.5818798,0.47972682,0.35,0.7,0.48999998,0.35,0.95,0.15,0.55,0.85,-1.0,1.3,2020-02-13T17:00:00,EURUSD,H1,2,SELL,-12.47479866959278,9,"hit_tp=False,hit_sl=True,regime=2"
-0.00011486815,0.00035928746,0.0029675849,0.005788159,0.37270054,0.37004688,0.29138955,0.31970376,0.7469873,0.517987,0.7184068,0.6070933,0.17914975,0.05212563,0.0,0.6340418,0.0027189963,0.44799745,0.7239987,1.0,0.0,0.0,0.13043478,0.6666667,0.77595073,0.45460898,0.35,0.7,0.48999998,0.35,0.95,0.15,0.55,0.85,-1.0,1.56,2020-02-14T03:00:00,EURUSD,H1,2,SELL,-12.974459431849272,28,"hit_tp=False,hit_sl=True,regime=2"
-0.0037948024,-0.00041859032,-0.0060486654,-0.0042288066,0.35066658,0.33241656,0.34880418,0.3242269,0.48450443,0.47067273,0.25656575,0.5206731,0.15863886,0.89659715,0.0,0.38419273,0.002117197,0.5475657,0.77378285,1.0,0.0,0.0,0.39130434,0.8333333,0.31859455,0.48831308,0.35,0.7,0.48999998,0.35,0.95,0.15,0.55,0.85,-1.0,1.3,2020-02-15T09:00:00,EURUSD,H1,2,SELL,-13.177453528858685,5,"hit_tp=False,hit_sl=True,regime=2"
-0.001122507,-0.00088284793,-0.00071312656,0.0025716953,0.3147067,0.28349832,0.29150325,0.34341484,0.63102657,0.49639696,0.5642643,0.4198528,0.20372008,-0.009300193,0.0,0.65291095,0.0023875828,0.5526404,0.77632016,1.0,0.0,0.0,0.0,1.0,0.6821576,0.5415658,0.35,0.7,0.48999998,0.35,0.95,0.15,0.55,0.85,-1.0,1.3,2020-02-16T00:00:00,EURUSD,H1,2,SELL,-12.004374095710979,3,"hit_tp=False,hit_sl=True,regime=2"
-4.5005338e-05,0.0029658498,0.016855342,0.013378442,0.53307736,0.5181245,0.40081143,0.38984182,0.63007617,0.52451485,0.76276773,0.613676,0.17840196,0.053995114,0.0,0.6464981,0.0031956753,0.51370156,0.7568508,1.0,0.0,0.0,0.2173913,1.0,0.7827002,0.54465795,0.35,0.7,0.48999998,0.35,0.95,0.15,0.55,0.85,-1.0,1.3,2020-02-16T05:00:00,EURUSD,H1,2,SELL,-13.304378174852083,7,"hit_tp=False,hit_sl=True,regime=2"
-0.0017822545,-0.005591556,0.00399611,-0.0015554861,0.24279933,0.25099152,0.30935925,0.36187366,0.5985775,0.5111717,0.61477125,0.3925165,0.15895934,0.10260163,0.0,0.4913133,0.0035125483,0.40157735,0.7007887,1.0,0.0,0.0,0.7826087,1.0,0.6952241,0.5700201,0.35,0.7,0.48999998,0.35,0.95,0.15,0.55,0.85,-1.0,1.56,2020-02-16T18:00:00,EURUSD,H1,2,SELL,-11.91494873461929,42,"hit_tp=False,hit_sl=True,regime=2"
0.00214384,0.009592519,0.00655663,0.0064799543,0.31651944,0.23620506,0.2574674,0.29195786,0.67235607,0.5298579,0.7876282,0.59892976,0.20777953,-0.019448807,0.0,0.75640196,0.0023457159,0.4326228,0.7163114,1.0,0.0,0.0,0.5652174,0.16666667,0.82009834,0.5695531,0.35,0.7,0.48999998,0.35,0.95,0.15,0.55,0.85,-1.0,1.3,2020-02-18T13:00:00,EURUSD,H1,2,SELL,-9.11034189151172,6,"hit_tp=False,hit_sl=True,regime=2"
-0.0014004238,0.00041713056,-0.0019252952,-0.0037134683,0.20808035,0.24151938,0.33942586,0.31686714,0.5055275,0.4730088,0.45552957,0.50108385,0.32251227,1.3062807,0.0,0.5857886,0.002358526,0.5456497,0.7728248,1.0,0.0,0.0,0.04347826,0.33333334,0.41735917,0.53688127,0.35,0.7,0.48999998,0.35,0.95,0.15,0.55,0.85,-1.0,1.56,2020-02-19T01:00:00,EURUSD,H1,2,SELL,-13.272927387677491,33,"hit_tp=False,hit_sl=True,regime=2"
-9.545209e-05,-0.0013974226,-0.005183157,-0.00012797852,0.2543721,0.26040435,0.31338274,0.306857,0.7268361,0.54208773,0.60733783,0.36496943,0.17444934,0.06387666,0.0,0.60819584,0.002177845,0.46930993,0.73465496,1.0,0.0,0.0,0.65217394,0.5,0.6812763,0.4012678,0.35,0.7,0.48999998,0.35,0.95,0.15,0.55,0.85,-1.0,1.56,2020-02-20T15:00:00,EURUSD,H1,2,SELL,-11.452237622084915,25,"hit_tp=False,hit_sl=True,regime=2"
-0.00145344,0.0041305404,0.0057195844,0.01818347,0.3913324,0.3808927,0.3842413,0.39953327,0.6493668,0.5475302,0.73712003,0.60847247,0.16056176,0.098595604,0.0,0.55991614,0.0028415131,0.5634289,0.78171444,1.0,0.0,0.0,0.8695652,0.6666667,0.82831115,0.54934514,0.35,0.7,0.48999998,0.35,0.95,0.15,0.55,0.85,1.0,2.34,2020-02-21T20:00:00,EURUSD,H1,2,SELL,23.661183674674735,22,"hit_tp=True,hit_sl=False,regime=2"
0.002300048,0.008887215,0.00781531,0.007855224,0.3536542,0.26985103,0.36263195,0.3829648,0.6830035,0.57743424,0.84563273,0.75979143,0.21643256,1.0410814,0.0,0.67131776,0.0025113542,0.46968004,0.73484004,1.0,0.0,0.0,0.04347826,0.0,0.83297783,0.5762064,0.35,0.7,0.48999998,0.35,0.95,0.15,0.55,0.85,-1.0,1.56,2020-02-24T01:00:00,EURUSD,H1,2,SELL,-14.454667192504989,29,"hit_tp=False,hit_sl=True,regime=2"
-0.0050677564,0.0024008397,0.009585644,0.010366332,0.4770139,0.344486,0.2992076,0.30147266,0.71325934,0.5562618,0.7892264,0.5046517,0.22540607,1.0635152,0.0,0.6995356,0.0031852527,0.5315101,0.76575506,1.0,0.0,0.0,0.3478261,0.16666667,0.7873587,0.5053236,0.35,0.7,0.48999998,0.35,0.95,0.15,0.55,0.85,1.0,1.9500000000000002,2020-02-25T08:00:00,EURUSD,H1,2,SELL,20.86144663324685,17,"hit_tp=True,hit_sl=False,regime=2"
-0.0011370457,0.0022399926,-0.008164704,0.0003933214,0.48318413,0.44485217,0.4163216,0.33213988,0.4433282,0.37224603,0.16124983,0.44431803,0.290464,-0.22616005,0.0,0.46545708,0.0050440407,0.45417485,0.72708744,1.0,0.0,0.0,1.0,0.6666667,0.5226119,0.32011372,0.35,0.7,0.48999998,0.35,0.95,0.15,0.55,0.85,-1.0,1.56,2020-02-28T23:00:00,EURUSD,H1,2,SELL,-13.36285043795904,22,"hit_tp=False,hit_sl=True,regime=2"
-0.0080596255,-0.0012502191,-0.0046935123,0.0023634555,0.37447104,0.38456184,0.33460122,0.3681588,0.6486442,0.53595996,0.6476829,0.46989557,0.24890812,-0.12227029,0.0,0.7896883,0.0023163958,0.5711257,0.7855629,1.0,0.0,0.0,0.2173913,1.0,0.6841148,0.46320713,0.35,0.7,0.48999998,0.35,0.95,0.15,0.55,0.85,1.0,2.34,2020-03-01T05:00:00,EURUSD,H1,2,SELL,23.19962902808781,61,"hit_tp=True,hit_sl=False,regime=2"
-0.0006455695,0.0006375489,0.002296065,0.0076551693,0.4025915,0.34919617,0.30707482,0.33596572,0.66070384,0.5191756,0.782751,0.5303862,0.15628865,0.8907216,0.0,0.68834686,0.0021367641,0.48129696,0.7406485,1.0,0.0,0.0,0.08695652,0.5,0.6536889,0.4069178,0.35,0.7,0.48999998,0.35,0.95,0.15,0.55,0.85,-1.0,1.56,2020-03-12T02:00:00,EURUSD,H1,2,SELL,-12.419404784003163,74,"hit_tp=False,hit_sl=True,regime=2"
0.0075574564,-0.00088196807,0.0057773525,0.014962856,0.4235239,0.3526028,0.31367674,0.36284193,0.5135099,0.51659274,0.7126887,0.5215763,0.1463537,0.13411576,0.0,0.54204047,0.0021270246,0.5818475,0.7909238,1.0,0.0,0.0,0.2173913,1.0,0.8222263,0.43524164,0.35,0.7,0.48999998,0.35,0.95,0.15,0.55,0.85,-1.0,1.56,2020-03-15T05:00:00,EURUSD,H1,2,SELL,-12.928945648451595,42,"hit_tp=False,hit_sl=True,regime=2"
-0.0042143944,-0.003881316,0.0060751094,0.0068940525,0.29322946,0.24057984,0.24404822,0.27002144,0.7143654,0.58881885,0.6476447,0.51254797,0.18555939,0.0361015,0.0,0.6380778,0.0025582446,0.55851805,0.779259,1.0,0.0,0.0,0.95652175,0.16666667,0.727866,0.48904136,0.35,0.7,0.48999998,0.35,0.95,0.15,0.55,0.85,-1.0,1.3,2020-03-17T22:00:00,EURUSD,H1,2,SELL,-9.687590389328982,2,"hit_tp=False,hit_sl=True,regime=2"
-0.0051006777,0.0021740722,0.0072803693,-0.0018567564,0.36535925,0.34375814,0.28605947,0.2719565,0.72848594,0.5368366,0.6470994,0.60278165,0.15511356,0.11221611,0.0,0.6410663,0.0028044118,0.41703722,0.7085186,1.0,0.0,0.0,0.08695652,0.33333334,0.6681758,0.51995856,0.35,0.7,0.48999998,0.35,0.95,0.15,0.55,0.85,-1.0,1.3,2020-03-18T02:00:00,EURUSD,H1,2,SELL,-10.202986206613307,16,"hit_tp=False,hit_sl=True,regime=2"
-0.005219079,-0.003203304,0.00056813366,0.0010365341,0.377114,0.395468,0.33506888,0.32508668,0.6558286,0.5104596,0.6481544,0.48927882,0.22230807,-0.055770162,0.0,0.7264973,0.0033077053,0.50342405,0.751712,1.0,0.0,0.0,0.82608694,0.5,0.7277115,0.47218582,0.35,0.7,0.48999998,0.35,0.95,0.15,0.55,0.85,-1.0,1.3,2020-03-19T19:00:00,EURUSD,H1,2,SELL,-12.527161761706207,9,"hit_tp=False,hit_sl=True,regime=2"
-0.0004479347,-0.0029348412,-0.0050460487,-0.004478559,0.3429491,0.30570835,0.36643305,0.3320351,0.5793679,0.45241615,0.4489205,0.2263248,0.14614004,0.13464989,0.0,0.65294427,0.003066951,0.55579233,0.77789617,1.0,0.0,0.0,0.82608694,0.6666667,0.61794484,0.4771192,0.35,0.7,0.48999998,0.35,0.95,0.15,0.55,0.85,-1.0,1.3,2020-03-20T19:00:00,EURUSD,H1,2,SELL,-14.192932795136226,6,"hit_tp=False,hit_sl=True,regime=2"
0.005428256,0.0011564165,0.003754394,0.016710704,0.54863733,0.53046036,0.4447028,0.4055679,0.57891476,0.51140535,0.72903293,0.54615545,0.16825335,0.07936665,0.0,0.52320576,0.0035277368,0.4285658,0.7142829,1.0,0.0,0.0,0.2173913,0.8333333,0.81314325,0.4809229,0.35,0.7,0.48999998,0.35,0.95,0.15,0.55,0.85,-1.0,1.3,2020-03-21T05:00:00,EURUSD,H1,2,SELL,-15.097166083337665,8,"hit_tp=False,hit_sl=True,regime=2"
-0.007490429,-0.011663334,-0.0046421327,0.009895459,0.3659081,0.32010034,0.28761846,0.35005906,0.6176205,0.5252498,0.6379262,0.4878327,0.19496022,0.012599449,0.0,0.49010283,0.0037053989,0.4044812,0.7022406,1.0,0.0,0.0,0.73913044,0.8333333,0.6882248,0.46085852,0.35,0.7,0.48999998,0.35,0.95,0.15,0.55,0.85,-1.0,1.56,2020-03-21T17:00:00,EURUSD,H1,2,SELL,-12.496387780720486,52,"hit_tp=False,hit_sl=True,regime=2"
0.0036220993,0.005512936,0.0023477718,-0.0014756605,0.16389345,0.20185213,0.27844444,0.35925367,0.5600041,0.52007854,0.82393086,0.57873905,0.18203409,0.9550852,0.0,0.44966882,0.001845126,0.5305074,0.7652537,1.0,0.0,0.0,0.6086956,0.16666667,0.5781097,0.5009672,0.35,0.7,0.48999998,0.35,0.95,0.15,0.55,0.85,-1.0,1.56,2020-03-24T14:00:00,EURUSD,H1,2,SELL,-12.115846127289664,44,"hit_tp=False,hit_sl=True,regime=2"
-0.008243893,-0.011788418,-0.015176883,-0.0014057242,0.54033154,0.3741027,0.32016298,0.2700792,0.6745067,0.5523545,0.60232556,0.39184174,0.1941056,0.985264,0.0,0.6630883,0.0019844847,0.5488085,0.7744042,1.0,0.0,0.0,0.5217391,0.5,0.60176563,0.49704075,0.35,0.7,0.48999998,0.35,0.95,0.15,0.55,0.85,-1.0,1.3,2020-03-26T12:00:00,EURUSD,H1,2,SELL,-11.460091992021582,10,"hit_tp=False,hit_sl=True,regime=2"
0.00042563732,-0.002841967,-0.005282083,-0.008797907,0.1030949,0.32343858,0.3221501,0.29714257,0.5551234,0.47209042,0.4662003,0.32985896,0.28159735,1.2039933,0.0,0.5317597,0.0022071714,0.57525164,0.7876258,1.0,0.0,0.0,0.08695652,0.6666667,0.42587578,0.5667261,0.35,0.7,0.48999998,0.35,0.95,0.15,0.55,0.85,1.0,1.9500000000000002,2020-03-27T02:00:00,EURUSD,H1,2,SELL,17.112294480801093,13,"hit_tp=True,hit_sl=False,regime=2"
0.00020180788,-0.0026907471,0.00010296589,0.0020988346,0.27327573,0.3108341,0.3334316,0.3493578,0.68698204,0.54307276,0.78058475,0.6283559,0.2154711,1.0386778,0.0,0.50413084,0.0014932196,0.42021868,0.71010935,1.0,0.0,0.0,0.39130434,0.16666667,0.69722205,0.4571665,0.35,0.7,0.48999998,0.35,0.95,0.15,0.55,0.85,-1.0,1.3,2020-03-31T09:00:00,EURUSD,H1,2,SELL,-13.211075058261468,16,"hit_tp=False,hit_sl=True,regime=2"
-0.0050107073,-0.00016120424,0.004458402,0.014710642,0.3311319,0.28958872,0.2649327,0.26335266,0.69820684,0.5579295,0.7091556,0.5757885,0.15895934,0.10260163,0.0,0.6712908,0.0027516673,0.54067713,0.77033854,1.0,0.0,0.0,0.2173913,0.33333334,0.7934096,0.42939278,0.35,0.7,0.48999998,0.35,0.95,0.15,0.55,0.85,-1.0,1.3,2020-04-01T05:00:00,EURUSD,H1,2,SELL,-10.179446169422679,9,"hit_tp=False,hit_sl=True,regime=2"
-0.005716235,-0.008455109,-0.003480891,0.0029449263,0.24175131,0.35098195,0.32287064,0.2852312,0.59579027,0.4998645,0.6140026,0.4727185,0.14859708,0.1285073,0.0,0.5444658,0.0036888847,0.44140252,0.7207013,1.0,0.0,0.0,0.04347826,0.5,0.6889148,0.5612724,0.35,0.7,0.48999998,0.35,0.95,0.15,0.55,0.85,-1.0,1.3,2020-04-02T01:00:00,EURUSD,H1,2,SELL,-11.644301329361006,4,"hit_tp=False,hit_sl=True,regime=2"
-0.001834839,0.0009128536,-0.0010329547,0.014124403,0.26371828,0.322185,0.281161,0.3009915,0.50972176,0.45862848,0.47087905,0.42727295,0.17006941,0.07482648,0.0,0.5975247,0.0031466486,0.5082565,0.7541282,1.0,0.0,0.0,0.3478261,0.5,0.64256954,0.5526756,0.35,0.7,0.48999998,0.35,0.95,0.15,0.55,0.85,-1.0,1.3,2020-04-02T08:00:00,EURUSD,H1,2,SELL,-12.439771761720841,11,"hit_tp=False,hit_sl=True,regime=2"
-0.0054064686,0.0035368835,-0.002897279,0.0014037725,0.39020368,0.3845675,0.3920736,0.34190908,0.4758411,0.49229306,0.672222,0.49398893,0.14656736,0.86641836,0.0,0.5643043,0.0028222636,0.46844628,0.7342231,1.0,0.0,0.0,0.8695652,0.5,0.58470327,0.5827285,0.35,0.7,0.48999998,0.35,0.95,0.15,0.55,0.85,-1.0,1.56,2020-04-02T20:00:00,EURUSD,H1,2,SELL,-12.706364713637175,64,"hit_tp=False,hit_sl=True,regime=2"
0.0032879242,-0.0037996618,0.0011548804,-0.007587939,0.19493434,0.38750535,0.44781289,0.3978228,0.63615036,0.5113653,0.6292551,0.3819974,0.1665441,0.91636026,0.0,0.5566008,0.0026488332,0.5851826,0.7925913,1.0,0.0,0.0,0.82608694,1.0,0.63440263,0.395462,0.35,0.7,0.48999998,0.35,0.95,0.15,0.55,0.85,-1.0,1.3,2020-04-05T19:00:00,EURUSD,H1,2,SELL,-14.618200997755793,11,"hit_tp=False,hit_sl=True,regime=2"
-0.0033876207,-0.0015487549,0.0059166173,-0.0049102753,0.26776814,0.2949933,0.32973102,0.41116646,0.6328689,0.47995037,0.5256279,0.50739807,0.22583337,-0.064583436,0.0,0.67407644,0.0026564875,0.5444039,0.77220196,1.0,0.0,0.0,0.3043478,0.0,0.61353517,0.42142722,0.35,0.7,0.48999998,0.35,0.95,0.15,0.55,0.85,1.0,2.34,2020-04-06T07:00:00,EURUSD,H1,2,SELL,20.87880005625209,45,"hit_tp=True,hit_sl=False,regime=2"
0.008741903,0.009029131,0.008599733,0.002984167,0.4507065,0.4297945,0.33074802,0.32539678,0.6248685,0.5176142,0.74229705,0.46889555,0.18149996,0.9537499,0.0,0.5776101,0.0017802682,0.55524576,0.7776229,1.0,0.0,0.0,0.9130435,0.5,0.677684,0.37031776,0.35,0.7,0.48999998,0.35,0.95,0.15,0.55,0.85,-1.0,1.3,2020-04-09T21:00:00,EURUSD,H1,2,SELL,-12.249906585621861,5,"hit_tp=False,hit_sl=True,regime=2"
-0.0015075636,0.00393934,0.0045844084,0.0117540965,0.27830616,0.35922864,0.31863678,0.31992346,0.6477127,0.5564016,0.7642709,0.6351946,0.16932161,0.07669596,0.0,0.67274195,0.0023545395,0.41819647,0.7090982,1.0,0.0,0.0,0.2173913,0.6666667,0.81151444,0.3348258,0.35,0.7,0.48999998,0.35,0.95,0.15,0.55,0.85,-1.0,1.3,2020-04-10T05:00:00,EURUSD,H1,2,SELL,-12.286068986830934,7,"hit_tp=False,hit_sl=True,regime=2"
-0.0008303694,-0.008201821,-0.0070726923,-0.0023482502,0.26366305,0.2738479,0.33901325,0.30960846,0.43103415,0.397539,0.23435965,0.17532878,0.18801643,0.02995892,0.0,0.42610592,0.004180474,0.47176728,0.73588365,1.0,0.0,0.0,0.39130434,0.8333333,0.51651824,0.55347526,0.35,0.7,0.48999998,0.35,0.95,0.15,0.55,0.85,-1.0,1.3,2020-04-11T09:00:00,EURUSD,H1,2,SELL,-12.094607646309097,2,"hit_tp=False,hit_sl=True,regime=2"
-0.0007871039,0.0031048942,0.00551489,0.0090243,0.47646263,0.41442758,0.33784205,0.31399018,0.6223273,0.47315782,0.64924294,0.46728197,0.18609354,0.03476616,0.0,0.67057806,0.0044798465,0.48808944,0.7440447,1.0,0.0,0.0,0.13043478,1.0,0.72957134,0.51323694,0.35,0.7,0.48999998,0.35,0.95,0.15,0.55,0.85,-1.0,1.3,2020-04-12T03:00:00,EURUSD,H1,2,SELL,-11.274971051213889,11,"hit_tp=False,hit_sl=True,regime=2"
-0.00083543605,0.008857731,0.0031603877,0.0056978646,0.24348773,0.3253558,0.3305154,0.3459117,0.61566544,0.5626586,0.80151725,0.7306557,0.16825335,0.9206334,0.0,0.76306343,0.0021799898,0.54011035,0.7700552,1.0,0.0,0.0,0.9130435,0.0,0.8083953,0.44660705,0.35,0.7,0.48999998,0.35,0.95,0.15,0.55,0.85,1.0,1.9500000000000002,2020-04-13T21:00:00,EURUSD,H1,2,SELL,20.451069986724413,7,"hit_tp=True,hit_sl=False,regime=2"
0.004056827,0.008819893,0.00827075,0.012122714,0.425475,0.32709476,0.33303022,0.27834275,0.64305454,0.54756474,0.7701767,0.639691,0.14528543,0.13678643,0.0,0.70010877,0.0023348713,0.4702446,0.7351223,1.0,0.0,0.0,0.13043478,0.5,0.85521746,0.67878294,0.35,0.7,0.48999998,0.35,0.95,0.15,0.55,0.85,-1.0,1.3,2020-04-16T03:00:00,EURUSD,H1,2,SELL,-11.078507711173025,12,"hit_tp=False,hit_sl=True,regime=2"
0.0070726434,0.007322904,0.010384289,0.0077014877,0.5083296,0.4097197,0.3525971,0.31253737,0.5068042,0.50940704,0.75931454,0.5925035,0.18587989,0.035300296,0.0,0.5509564,0.0026595856,0.46248993,0.731245,1.0,0.0,0.0,0.6956522,0.5,0.8565314,0.5699499,0.35,0.7,0.48999998,0.35,0.95,0.15,0.55,0.85,-1.0,1.3,2020-04-16T16:00:00,EURUSD,H1,2,SELL,-12.146876150149755,5,"hit_tp=False,hit_sl=True,regime=2"
0.0038934536,-0.0006843628,0.001142395,0.0064380565,0.33917525,0.3559835,0.34874085,0.3359918,0.7645194,0.5339768,0.7195441,0.5432787,0.211198,-0.027995009,0.0,0.8658386,0.0030169126,0.4211191,0.71055955,1.0,0.0,0.0,0.17391305,0.6666667,0.73732966,0.43302485,0.35,0.7,0.48999998,0.35,0.95,0.15,0.55,0.85,-1.0,1.3,2020-04-17T04:00:00,EURUSD,H1,2,SELL,-13.164017553033425,8,"hit_tp=False,hit_sl=True,regime=2"
0.0040106485,0.007935575,0.009844822,0.0075926785,0.470054,0.3567705,0.2675796,0.3150351,0.6357298,0.4971162,0.88775015,0.61922354,0.2829861,-0.20746523,0.0,0.72914696,0.0034711063,0.40556097,0.7027805,1.0,0.0,0.0,0.5652174,0.6666667,0.7886198,0.51330006,0.35,0.7,0.48999998,0.35,0.95,0.15,0.55,0.85,-1.0,1.3,2020-04-17T13:00:00,EURUSD,H1,2,SELL,-11.33684527587997,9,"hit_tp=False,hit_sl=True,regime=2"
0.0010857574,0.0030792719,0.0059549883,0.01428884,0.5807058,0.47644135,0.5117824,0.38968098,0.70593524,0.50075626,0.81136376,0.59422684,0.15212238,0.11969404,0.0,0.6434113,0.003441918,0.50265276,0.7513264,1.0,0.0,0.0,1.0,0.6666667,0.82720256,0.49029556,0.35,0.7,0.48999998,0.35,0.95,0.15,0.55,0.85,1.0,2.34,2020-04-17T23:00:00,EURUSD,H1,2,SELL,29.837887876442704,60,"hit_tp=True,hit_sl=False,regime=2"
-0.0017679085,-0.00027623138,-0.00014514937,0.004793106,0.29035988,0.2718021,0.2561637,0.2766055,0.7870334,0.5853556,0.76559746,0.65818024,0.16697142,0.91742855,0.0,0.8111456,0.0020619235,0.5683335,0.78416675,1.0,0.0,0.0,0.0,0.5,0.7387633,0.49657923,0.35,0.7,0.48999998,0.35,0.95,0.15,0.55,0.85,-1.0,1.3,2020-04-23T00:00:00,EURUSD,H1,2,SELL,-10.713531607515758,16,"hit_tp=False,hit_sl=True,regime=2"
-0.00023751677,0.0034427631,0.0022608705,0.018905036,0.38119438,0.41234127,0.29660785,0.2813938,0.6771307,0.541591,0.7323715,0.585064,0.1696421,0.07589475,0.0,0.6856059,0.002674121,0.42869478,0.71434736,1.0,0.0,0.0,0.82608694,0.5,0.817528,0.5739913,0.35,0.7,0.48999998,0.35,0.95,0.15,0.55,0.85,-1.0,1.3,2020-04-23T19:00:00,EURUSD,H1,2,SELL,-10.403315663207735,3,"hit_tp=False,hit_sl=True,regime=2"
-0.0017320474,0.0006940178,0.004278159,-0.0012077168,0.31541306,0.2663349,0.26509935,0.271086,0.61859894,0.5038998,0.63688946,0.54708153,0.14688784,0.86721957,0.0,0.5305481,0.0017915958,0.55878735,0.7793937,1.0,0.0,0.0,0.8695652,1.0,0.60401726,0.5424745,0.35,0.7,0.48999998,0.35,0.95,0.15,0.55,0.85,-1.0,1.3,2020-04-26T20:00:00,EURUSD,H1,2,SELL,-10.473982129421966,1,"hit_tp=False,hit_sl=True,regime=2"
0.0055227587,0.0026134118,0.003672909,0.0098931,0.14328592,0.22762688,0.2540814,0.32848546,0.8143475,0.59338075,0.8052933,0.55767775,0.1758381,0.9395952,0.0,0.7647753,0.0024696072,0.5235423,0.76177114,1.0,0.0,0.0,0.9130435,0.16666667,0.7967038,0.45210916,0.35,0.7,0.48999998,0.35,0.95,0.15,0.55,0.85,-1.0,1.3,2020-04-28T21:00:00,EURUSD,H1,2,SELL,-9.256380577489232,3,"hit_tp=False,hit_sl=True,regime=2"
-0.0054027014,-0.0027869532,0.0035669666,0.013124449,0.29849297,0.29667583,0.27988744,0.29986656,0.71763086,0.56911963,0.66453236,0.51979846,0.1475288,0.13117799,0.0,0.7630958,0.0024265195,0.5669265,0.78346324,1.0,0.0,0.0,0.04347826,0.33333334,0.73186517,0.4618087,0.35,0.7,0.48999998,0.35,0.95,0.15,0.55,0.85,-1.0,1.3,2020-04-29T01:00:00,EURUSD,H1,2,SELL,-10.29636512273946,10,"hit_tp=False,hit_sl=True,regime=2"
0.002118549,0.0028801768,0.008712413,0.014257517,0.38006037,0.36729696,0.29664347,0.28972766,0.4947056,0.5016505,0.7757313,0.70349336,0.19506705,0.01233238,0.0,0.6638725,0.002756528,0.49018717,0.7450936,1.0,0.0,0.0,0.5217391,0.33333334,0.78720653,0.44093257,0.35,0.7,0.48999998,0.35,0.95,0.15,0.55,0.85,-1.0,1.3,2020-04-29T12:00:00,EURUSD,H1,2,SELL,-11.21340499009138,20,"hit_tp=False,hit_sl=True,regime=2"
-0.0038834026,-0.01060175,-0.012983621,-0.007252569,0.30631864,0.25954032,0.25301066,0.35387814,0.5913328,0.46596164,0.42442834,0.32811123,0.1397304,0.15067402,0.0,0.63873476,0.0030461957,0.48198232,0.7409912,1.0,0.0,0.0,0.08695652,0.6666667,0.57292783,0.56420106,0.35,0.7,0.48999998,0.35,0.95,0.15,0.55,0.85,-1.0,1.3,2020-05-01T02:00:00,EURUSD,H1,2,SELL,-11.365623995798213,20,"hit_tp=False,hit_sl=True,regime=2"
-0.0031827472,0.002282157,0.0011302667,0.009423179,0.32644594,0.28789273,0.31068355,0.29671597,0.5397321,0.5012141,0.7347136,0.6449562,0.15671597,0.8917899,0.0,0.48634195,0.0033071828,0.42261773,0.71130884,1.0,0.0,0.0,1.0,0.6666667,0.628569,0.43196607,0.35,0.7,0.48999998,0.35,0.95,0.15,0.55,0.85,-1.0,1.56,2020-05-01T23:00:00,EURUSD,H1,2,SELL,-11.159562621017027,26,"hit_tp=False,hit_sl=True,regime=2"
-0.0005580475,-0.00035843495,0.0026143214,0.012756476,0.40000653,0.3603674,0.43345094,0.3700692,0.66596365,0.5415258,0.8313008,0.6658741,0.18171361,0.954284,0.0,0.45580444,0.0018599376,0.54882866,0.7744143,1.0,0.0,0.0,0.08695652,1.0,0.81218064,0.4484449,0.35,0.7,0.48999998,0.35,0.95,0.15,0.55,0.85,1.0,2.34,2020-05-03T02:00:00,EURUSD,H1,2,SELL,24.31988042242539,26,"hit_tp=True,hit_sl=False,regime=2"
0.0050294255,0.007563998,0.0007832802,0.004300263,0.23468088,0.24489222,0.28839633,0.24840283,0.5976138,0.53700805,1.0,0.73902047,0.3137524,1.284381,0.0,0.6003579,0.002344097,0.48794428,0.7439721,1.0,0.0,0.0,0.6086956,0.33333334,0.67052215,0.49745855,0.35,0.7,0.48999998,0.35,0.95,0.15,0.55,0.85,-1.0,1.3,2020-05-06T14:00:00,EURUSD,H1,2,SELL,-10.024657799454495,2,"hit_tp=False,hit_sl=True,regime=2"
-0.0045885523,0.004030563,0.010226078,0.017793944,0.3383053,0.30131087,0.3117123,0.26831263,0.6286024,0.57210934,0.793102,0.6929127,0.15340431,0.11648921,0.0,0.69042796,0.0025196047,0.50291115,0.75145555,1.0,0.0,0.0,0.73913044,0.33333334,0.83034426,0.50320154,0.35,0.7,0.48999998,0.35,0.95,0.15,0.55,0.85,-1.0,1.3,2020-05-06T17:00:00,EURUSD,H1,2,SELL,-11.076481918321779,5,"hit_tp=False,hit_sl=True,regime=2"
-0.0042039016,-0.0030570016,0.0036228313,0.0110050775,0.3692384,0.34014288,0.33099854,0.30969742,0.66022855,0.558865,0.6626864,0.61359906,0.16953526,0.076161824,0.0,0.6964044,0.0024863433,0.42257333,0.71128666,1.0,0.0,0.0,0.0,0.5,0.7263018,0.4383109,0.35,0.7,0.48999998,0.35,0.95,0.15,0.55,0.85,1.0,2.34,2020-05-07T00:00:00,EURUSD,H1,2,SELL,18.476792595361058,28,"hit_tp=True,hit_sl=False,regime=2"
0.006717227,0.005452866,0.005905094,-0.00036515304,0.41695276,0.37037537,0.3867359,0.3621981,0.624933,0.5404186,0.86585665,0.5632451,0.15970714,0.89926785,0.0,0.519651,0.0028253004,0.47171676,0.7358584,1.0,0.0,0.0,0.17391305,0.0,0.73782796,0.5109715,0.35,0.7,0.48999998,0.35,0.95,0.15,0.55,0.85,-1.0,1.3,2020-05-11T04:00:00,EURUSD,H1,2,SELL,-14.069172111355055,11,"hit_tp=False,hit_sl=True,regime=2"
0.003637823,0.00413908,0.0059916032,0.0066140187,0.21274021,0.15262641,0.22714901,0.24001032,0.4990662,0.4471389,0.32445768,0.4669952,0.2903572,-0.22589299,0.0,0.6348546,0.0030359211,0.49251014,0.74625504,1.0,0.0,0.0,0.5652174,0.16666667,0.6776937,0.37368414,0.35,0.7,0.48999998,0.35,0.95,0.15,0.55,0.85,-1.0,1.3,2020-05-12T13:00:00,EURUSD,H1,2,SELL,-10.1963147532258,4,"hit_tp=False,hit_sl=True,regime=2"
-0.0035083657,0.00060431455,0.0052869204,0.0051241047,0.2841869,0.2689674,0.25733307,0.29332417,0.54920185,0.4900339,0.59950554,0.6517714,0.22893137,-0.072328426,0.0,0.63426244,0.0029156362,0.47351447,0.7367572,1.0,0.0,0.0,0.3478261,0.33333334,0.7150426,0.39178512,0.35,0.7,0.48999998,0.35,0.95,0.15,0.55,0.85,-1.0,1.3,2020-05-13T08:00:00,EURUSD,H1,2,SELL,-10.651740791711717,2,"hit_tp=False,hit_sl=True,regime=2"
0.0009557319,0.0017766966,-0.008130112,-0.007526043,0.41642857,0.38111243,0.28687057,0.30189174,0.54049623,0.46173972,0.553263,0.38181952,0.14143963,0.8535991,0.0,0.55547386,0.0027615505,0.41252625,0.7062631,1.0,0.0,0.0,0.47826087,0.33333334,0.54056084,0.40081844,0.35,0.7,0.48999998,0.35,0.95,0.15,0.55,0.85,1.0,2.34,2020-05-13T11:00:00,EURUSD,H1,2,SELL,19.840662678163312,49,"hit_tp=True,hit_sl=False,regime=2"
-0.0014512517,-0.0018306178,-0.0013612383,0.001991328,0.14848788,0.20938258,0.3148629,0.3347897,0.5925686,0.5246021,0.8956891,0.73904675,0.152977,0.88244253,0.0,0.5360256,0.0014151633,0.54752016,0.7737601,1.0,0.0,0.0,0.5217391,0.33333334,0.59171134,0.48714444,0.35,0.7,0.48999998,0.35,0.95,0.15,0.55,0.85,-1.0,1.3,2020-05-20T12:00:00,EURUSD,H1,2,SELL,-12.250109922689045,5,"hit_tp=False,hit_sl=True,regime=2"
1.0133222e-05,0.0046725613,0.012459438,0.024631636,0.36109632,0.34037012,0.29401207,0.29796866,0.79806495,0.6004573,0.74042374,0.6965235,0.16921479,0.07696303,0.0,0.7880769,0.0024964197,0.4865921,0.7432961,1.0,0.0,0.0,0.9130435,0.33333334,0.8507713,0.588148,0.35,0.7,0.48999998,0.35,0.95,0.15,0.55,0.85,1.0,1.9500000000000002,2020-05-20T21:00:00,EURUSD,H1,2,SELL,16.67899818085017,18,"hit_tp=True,hit_sl=False,regime=2"
0.011049763,0.007894949,0.012632335,0.0121712405,0.35812983,0.3408082,0.25282407,0.29343307,0.783207,0.5883598,0.9237786,0.7734888,0.17038989,0.9259747,0.0,0.91425383,0.0021626414,0.55936736,0.77968365,1.0,0.0,0.0,0.47826087,0.6666667,0.90777576,0.59769785,0.35,0.7,0.48999998,0.35,0.95,0.15,0.55,0.85,-1.0,1.3,2020-05-22T11:00:00,EURUSD,H1,2,SELL,-9.756725490006612,5,"hit_tp=False,hit_sl=True,regime=2"
0.0068920776,0.0026688538,0.013387055,0.023897864,0.4035756,0.5263368,0.35261193,0.28644618,0.7523812,0.6226668,0.7461279,0.6669707,0.22273538,-0.056838438,0.0,0.91864437,0.0034271823,0.478094,0.739047,1.0,0.0,0.0,0.8695652,0.6666667,0.8216581,0.52820957,0.35,0.7,0.48999998,0.35,0.95,0.15,0.55,0.85,-1.0,1.56,2020-05-22T20:00:00,EURUSD,H1,2,SELL,-12.893771271547116,56,"hit_tp=False,hit_sl=True,regime=2"
-0.0045222933,-0.0021599592,0.0018301476,0.0077833026,0.31082237,0.25352886,0.34244788,0.3192954,0.6442455,0.5524616,0.70448303,0.7974574,0.22145344,1.0536336,0.0,0.727836,0.0018786768,0.4367727,0.71838635,1.0,0.0,0.0,0.5652174,0.0,0.6401176,0.31267795,0.35,0.7,0.48999998,0.35,0.95,0.15,0.55,0.85,-1.0,1.3,2020-05-25T13:00:00,EURUSD,H1,2,SELL,-12.060017435449044,8,"hit_tp=False,hit_sl=True,regime=2"
-0.0019486838,0.0025108983,0.007113008,0.014017129,0.2936563,0.2763778,0.27479336,0.29976666,0.7071296,0.5483315,0.7235576,0.68927836,0.15885252,0.1028687,0.0,0.79012907,0.0022760588,0.5163214,0.7581607,1.0,0.0,0.0,0.95652175,0.0,0.749631,0.301973,0.35,0.7,0.48999998,0.35,0.95,0.15,0.55,0.85,-1.0,1.3,2020-05-25T22:00:00,EURUSD,H1,2,SELL,-9.55428953621773,4,"hit_tp=False,hit_sl=True,regime=2"
0.0010073574,0.0037979118,0.007244952,0.008716799,0.39412576,0.3157956,0.2960867,0.28241307,0.77686894,0.5445876,0.8291473,0.6402504,0.21034338,1.0258584,0.0,0.84517723,0.0030140937,0.43238124,0.71619064,1.0,0.0,0.0,0.13043478,0.16666667,0.7661614,0.5208605,0.35,0.7,0.48999998,0.35,0.95,0.15,0.55,0.85,1.0,1.9500000000000002,2020-05-26T03:00:00,EURUSD,H1,2,SELL,17.30298167382127,19,"hit_tp=True,hit_sl=False,regime=2"
0.009309103,0.011131504,0.023695756,0.028770449,0.4224525,0.41827852,0.39105713,0.3736057,0.8736623,0.70307773,0.8872602,0.8588507,0.22626068,-0.06565171,0.0,0.8519344,0.0033654086,0.43776235,0.7188812,1.0,0.0,0.0,0.73913044,0.5,0.89248776,0.5864944,0.35,0.7,0.48999998,0.35,0.95,0.15,0.55,0.85,-1.0,1.56,2020-05-28T17:00:00,EURUSD,H1,2,SELL,-14.389122554461231,29,"hit_tp=False,hit_sl=True,regime=2"
-0.0037020775,-0.003780717,-0.0034501902,0.008790665,0.51751196,0.42033896,0.292463,0.3083898,0.56625336,0.51262856,0.6831799,0.52724826,0.23694344,-0.09235859,0.0,0.4118386,0.004093012,0.40183628,0.70091814,1.0,0.0,0.0,0.0,0.8333333,0.6993032,0.6086941,0.35,0.7,0.48999998,0.35,0.95,0.15,0.55,0.85,-1.0,1.3,2020-05-30T00:00:00,EURUSD,H1,2,SELL,-10.668096703487784,5,"hit_tp=False,hit_sl=True,regime=2"
-0.0024937047,0.0045832354,0.009501594,0.0045099463,0.35310832,0.28644624,0.3595372,0.2923609,0.5830946,0.4831091,0.5935758,0.50915885,0.18876423,0.02808944,0.0,0.4247155,0.0037360692,0.46197665,0.7309883,1.0,0.0,0.0,0.26086956,0.8333333,0.6900289,0.52946717,0.35,0.7,0.48999998,0.35,0.95,0.15,0.55,0.85,-1.0,1.3,2020-05-30T06:00:00,EURUSD,H1,2,SELL,-11.87135524545635,18,"hit_tp=False,hit_sl=True,regime=2"
0.001528469,0.00426062,0.009348012,0.024157891,0.27359033,0.30131975,0.32061905,0.32037026,0.73572904,0.5991312,0.7814418,0.7334045,0.25029686,-0.12574218,0.0,0.6821684,0.002565674,0.46543753,0.73271877,1.0,0.0,0.0,0.04347826,1.0,0.78611225,0.4681787,0.35,0.7,0.48999998,0.35,0.95,0.15,0.55,0.85,-1.0,1.3,2020-05-31T01:00:00,EURUSD,H1,2,SELL,-10.71043351223988,19,"hit_tp=False,hit_sl=True,regime=2"
-0.0026905967,-0.0064783227,-0.0016372583,0.020830832,0.25388953,0.33060756,0.36785242,0.29834804,0.69721264,0.56749463,0.69917154,0.6286342,0.14549908,0.1362523,0.0,0.6073305,0.0028163404,0.45853928,0.7292696,1.0,0.0,0.0,0.0,0.0,0.7735503,0.6953579,0.35,0.7,0.48999998,0.35,0.95,0.15,0.55,0.85,-1.0,1.3,2020-06-01T00:00:00,EURUSD,H1,2,SELL,-12.919516817695431,10,"hit_tp=False,hit_sl=True,regime=2"
-0.0065358034,-0.0048611406,-0.0027370625,0.0090696,0.3338254,0.36128363,0.3253711,0.31954515,0.53984165,0.5060603,0.61519974,0.4887074,0.21985103,-0.04962758,0.0,0.546844,0.0032598872,0.5497673,0.7748836,1.0,0.0,0.0,0.5652174,0.0,0.67099196,0.54008263,0.35,0.7,0.48999998,0.35,0.95,0.15,0.55,0.85,-1.0,1.3,2020-06-01T13:00:00,EURUSD,H1,2,SELL,-11.374707254179217,9,"hit_tp=False,hit_sl=True,regime=2"
0.0016817471,0.00013053618,0.0018465358,0.021231553,0.15265031,0.26206616,0.30464682,0.29789206,0.5944843,0.5330203,0.6953839,0.5604434,0.21953055,-0.048826374,0.0,0.567334,0.003058772,0.47842273,0.7392114,1.0,0.0,0.0,0.08695652,0.16666667,0.80474925,0.4971144,0.35,0.7,0.48999998,0.35,0.95,0.15,0.55,0.85,1.0,1.9500000000000002,2020-06-02T02:00:00,EURUSD,H1,2,SELL,17.500576657467626,9,"hit_tp=True,hit_sl=False,regime=2"
0.0024554974,0.0033536023,0.009404476,0.0050344635,0.3555872,0.33175626,0.4346455,0.3809196,0.45098054,0.46853685,0.5489467,0.7043517,0.15853204,0.8963301,0.0,0.5798032,0.00295091,0.53223723,0.7661186,1.0,0.0,0.0,0.73913044,0.16666667,0.37956458,0.4755464,0.35,0.7,0.48999998,0.35,0.95,0.15,0.55,0.85,-1.0,1.3,2020-06-02T17:00:00,EURUSD,H1,2,SELL,-15.673451213418232,14,"hit_tp=False,hit_sl=True,regime=2"
-0.00069921353,-0.003200325,-0.002207457,-0.009153497,0.34353626,0.43410507,0.3275628,0.35576534,0.5588853,0.51289046,0.61563414,0.3190739,0.2162189,1.0405473,0.0,0.5122318,0.002604913,0.5837488,0.7918744,1.0,0.0,0.0,0.47826087,0.33333334,0.5759579,0.5127864,0.35,0.7,0.48999998,0.35,0.95,0.15,0.55,0.85,-1.0,1.3,2020-06-03T11:00:00,EURUSD,H1,2,SELL,-11.355317692862688,13,"hit_tp=False,hit_sl=True,regime=2"
-0.0052425656,-0.0071575884,-0.0021562525,-0.0017768733,0.39697745,0.43016708,0.41060254,0.36633942,0.63056046,0.5116149,0.63313586,0.42679292,0.2535017,-0.13375425,0.0,0.78982115,0.0032891934,0.46329203,0.731646,1.0,0.0,0.0,0.3043478,0.5,0.67483157,0.510663,0.35,0.7,0.48999998,0.35,0.95,0.15,0.55,0.85,-1.0,1.56,2020-06-04T07:00:00,EURUSD,H1,2,SELL,-13.517075379136934,46,"hit_tp=False,hit_sl=True,regime=2"
-0.0027817907,-0.0015426183,-0.0012844024,0.006432629,0.1470014,0.18877266,0.26374468,0.2730668,0.8026633,0.5887533,0.6575171,0.45585808,0.15671597,0.10821008,0.0,0.72456384,0.0023189755,0.46720916,0.7336046,1.0,0.0,0.0,0.4347826,0.8333333,0.74155253,0.62333274,0.35,0.7,0.48999998,0.35,0.95,0.15,0.55,0.85,-1.0,1.3,2020-06-06T10:00:00,EURUSD,H1,2,SELL,-10.812863460416544,15,"hit_tp=False,hit_sl=True,regime=2"
0.0030427803,0.010836209,0.012952123,0.016414994,0.41325244,0.5001595,0.41818047,0.31849173,0.6522633,0.5121261,0.81530964,0.68589723,0.17786781,0.055330455,0.0,0.56216085,0.0025245433,0.48831308,0.74415654,1.0,0.0,0.0,0.17391305,1.0,0.83654386,0.50868285,0.35,0.7,0.48999998,0.35,0.95,0.15,0.55,0.85,-1.0,1.3,2020-06-07T04:00:00,EURUSD,H1,2,SELL,-13.146653975939504,13,"hit_tp=False,hit_sl=True,regime=2"
-0.004221948,-0.006018102,-0.0067830076,0.0016422826,0.24536614,0.2357387,0.36716318,0.3828927,0.5305885,0.49482176,0.56353056,0.44766158,0.2745467,-0.1863668,0.0,0.70476985,0.002802709,0.43356302,0.7167815,1.0,0.0,0.0,0.8695652,1.0,0.6497699,0.5070212,0.35,0.7,0.48999998,0.35,0.95,0.15,0.55,0.85,-1.0,1.56,2020-06-07T20:00:00,EURUSD,H1,2,SELL,-12.973993740590384,25,"hit_tp=False,hit_sl=True,regime=2"
-0.00095559173,-0.000228163,-0.0008793884,0.006402362,0.27661732,0.24042347,0.20090301,0.27198303,0.6985165,0.52152175,0.6264371,0.40191543,0.23245668,-0.081141695,0.0,0.918256,0.0025005424,0.48436308,0.74218154,1.0,0.0,0.0,0.04347826,0.16666667,0.7044465,0.6127601,0.35,0.7,0.48999998,0.35,0.95,0.15,0.55,0.85,-1.0,1.3,2020-06-09T01:00:00,EURUSD,H1,2,SELL,-8.730846484867882,4,"hit_tp=False,hit_sl=True,regime=2"
0.00034935825,0.0028572069,0.004442928,0.0002584946,0.38470596,0.34873813,0.29458082,0.26775154,0.6067392,0.48733678,0.6248409,0.53087807,0.24944225,-0.12360564,0.0,0.7700688,0.0021985301,0.47369045,0.73684525,1.0,0.0,0.0,0.26086956,0.16666667,0.65466857,0.53042084,0.35,0.7,0.48999998,0.35,0.95,0.15,0.55,0.85,1.0,1.9500000000000002,2020-06-09T06:00:00,EURUSD,H1,2,SELL,16.286091049428908,13,"hit_tp=True,hit_sl=False,regime=2"
0.0026824763,0.005908129,0.0014104439,0.0077517037,0.23703267,0.34380785,0.33006874,0.34049413,0.4957998,0.4938442,0.5994655,0.71737736,0.21354821,1.0338706,0.0,0.48763078,0.0022407207,0.5425749,0.77128744,1.0,0.0,0.0,1.0,0.16666667,0.42295057,0.41544786,0.35,0.7,0.48999998,0.35,0.95,0.15,0.55,0.85,1.0,1.9500000000000002,2020-06-09T23:00:00,EURUSD,H1,2,SELL,20.38364492999767,7,"hit_tp=True,hit_sl=False,regime=2"
0.0002893853,-0.002943762,-0.0030333726,0.0010787151,0.18354546,0.24279357,0.2859852,0.31281844,0.6030534,0.57314986,0.7370695,0.545339,0.24100289,1.1025072,0.0,0.60731816,0.0020777236,0.4439531,0.7219765,1.0,0.0,0.0,0.3478261,0.5,0.68555814,0.3597362,0.35,0.7,0.48999998,0.35,0.95,0.15,0.55,0.85,1.0,1.9500000000000002,2020-06-11T08:00:00,EURUSD,H1,2,SELL,19.475489610463192,5,"hit_tp=True,hit_sl=False,regime=2"
0.0071754972,0.004188632,0.007807969,0.013425773,0.34537536,0.35121578,0.32341766,0.3065576,0.656378,0.5706977,1.0,0.80320996,0.18203409,0.9550852,0.0,0.64676857,0.001822354,0.49404958,0.7470248,1.0,0.0,0.0,0.13043478,0.6666667,0.62250197,0.45704678,0.35,0.7,0.48999998,0.35,0.95,0.15,0.55,0.85,-1.0,1.3,2020-06-12T03:00:00,EURUSD,H1,2,SELL,-10.590989203107526,12,"hit_tp=False,hit_sl=True,regime=2"
-0.0027603575,-0.0077207917,-0.0015886613,-0.00046936655,0.17974919,0.31187493,0.270863,0.28338078,0.6543586,0.5107678,0.5965109,0.47697765,0.14346936,0.1413266,0.0,0.67437875,0.0025664046,0.50339353,0.75169677,1.0,0.0,0.0,0.9130435,0.6666667,0.6583384,0.5317819,0.35,0.7,0.48999998,0.35,0.95,0.15,0.55,0.85,-1.0,1.3,2020-06-12T21:00:00,EURUSD,H1,2,SELL,-10.49620454188327,9,"hit_tp=False,hit_sl=True,regime=2"
0.0011526038,-0.0024210827,0.005428934,0.0062469756,0.44325316,0.47447324,0.3979593,0.3383961,0.3982968,0.46659064,0.49314666,0.48711756,0.15009266,0.12476834,0.0,0.5545792,0.0025204998,0.57191944,0.7859597,1.0,0.0,0.0,0.3478261,0.8333333,0.6338405,0.5258316,0.35,0.7,0.48999998,0.35,0.95,0.15,0.55,0.85,1.0,2.34,2020-06-13T08:00:00,EURUSD,H1,2,SELL,20.933322764746798,23,"hit_tp=True,hit_sl=False,regime=2"
-0.0036778243,-0.0026292843,-3.8013208e-05,-0.002794978,0.3263996,0.45015064,0.41763756,0.34380543,0.71013564,0.5277972,0.6824276,0.512543,0.20233132,1.0058283,0.0,0.78066176,0.0022611052,0.56852734,0.7842637,1.0,0.0,0.0,0.6956522,0.8333333,0.64500433,0.52327126,0.35,0.7,0.48999998,0.35,0.95,0.15,0.55,0.85,-1.0,1.3,2020-06-20T16:00:00,EURUSD,H1,2,SELL,-14.788110983336988,12,"hit_tp=False,hit_sl=True,regime=2"
-0.0022074278,0.0031323114,0.0010980184,0.006812439,0.5021245,0.40521917,0.37081078,0.36387813,0.65259343,0.5024465,0.66051245,0.47951093,0.23940046,-0.09850117,0.0,0.65274906,0.003568511,0.4676967,0.73384833,1.0,0.0,0.0,0.5652174,1.0,0.7274349,0.58302605,0.35,0.7,0.48999998,0.35,0.95,0.15,0.55,0.85,1.0,2.34,2020-06-21T13:00:00,EURUSD,H1,2,SELL,21.402806005301755,38,"hit_tp=True,hit_sl=False,regime=2"
-0.004838134,-0.0021154364,-0.0033336538,-0.00053388777,0.2583712,0.2585555,0.25288966,0.26850963,0.74751395,0.52431035,0.6121434,0.36257893,0.17925657,0.051858563,0.0,0.62156844,0.0024586155,0.42107707,0.71053857,1.0,0.0,0.0,0.73913044,0.6666667,0.6573568,0.47987622,0.35,0.7,0.48999998,0.35,0.95,0.15,0.55,0.85,-1.0,1.3,2020-06-26T17:00:00,EURUSD,H1,2,SELL,-9.884062254006398,2,"hit_tp=False,hit_sl=True,regime=2"
-0.0062868893,0.0015370598,0.005831303,0.004532899,0.33368552,0.40683702,0.34593767,0.3243492,0.7095948,0.51030815,0.60627747,0.6086223,0.15457942,0.11355145,0.0,0.7904473,0.0036663879,0.44325197,0.721626,1.0,0.0,0.0,0.3043478,0.8333333,0.7276994,0.5123541,0.35,0.7,0.48999998,0.35,0.95,0.15,0.55,0.85,-1.0,1.56,2020-06-27T07:00:00,EURUSD,H1,2,SELL,-13.264781825055305,51,"hit_tp=False,hit_sl=True,regime=2"
0.0017336474,-0.0009828847,-0.001434708,-0.0028861028,0.48085397,0.46933138,0.31617293,0.26218566,0.6819833,0.53715163,0.7982906,0.4615373,0.18523891,0.9630973,0.0,0.5990567,0.0020628502,0.40984187,0.70492095,1.0,0.0,0.0,0.6086956,0.0,0.5645852,0.43283844,0.35,0.7,0.48999998,0.35,0.95,0.15,0.55,0.85,-1.0,1.3,2020-06-29T14:00:00,EURUSD,H1,2,SELL,-10.583375193389255,14,"hit_tp=False,hit_sl=True,regime=2"
0.0013260931,-0.003014408,-0.0008473487,-0.0013568384,0.26447618,0.29299873,0.3295387,0.32558668,0.6134793,0.513638,0.59558463,0.3825629,0.28426802,-0.21067007,0.0,0.37661892,0.0025206602,0.525331,0.7626655,1.0,0.0,0.0,0.39130434,0.16666667,0.7052436,0.5516978,0.35,0.7,0.48999998,0.35,0.95,0.15,0.55,0.85,-1.0,1.56,2020-06-30T09:00:00,EURUSD,H1,2,SELL,-12.762201280425156,21,"hit_tp=False,hit_sl=True,regime=2"
0.0019094957,-0.0014819495,-0.0045290883,-0.001716114,0.15867878,0.28452066,0.29929215,0.34598926,0.4769642,0.4865359,0.60692656,0.4265318,0.20083573,1.0020894,0.0,0.46425,0.0022482558,0.54411477,0.7720574,1.0,0.0,0.0,0.6956522,0.33333334,0.34089983,0.5394557,0.35,0.7,0.48999998,0.35,0.95,0.15,0.55,0.85,1.0,2.34,2020-07-01T16:00:00,EURUSD,H1,2,SELL,19.48651468636875,48,"hit_tp=True,hit_sl=False,regime=2"
-0.002051737,0.0015135445,0.0014694771,0.0066933553,0.31852543,0.39998922,0.3557672,0.3059568,0.68793494,0.55543315,0.8858856,0.71558535,0.16291197,0.9072799,0.0,0.84989244,0.0021163605,0.45696095,0.72848046,1.0,0.0,0.0,0.08695652,0.0,0.76571923,0.5049012,0.35,0.7,0.48999998,0.35,0.95,0.15,0.55,0.85,1.0,1.9500000000000002,2020-07-06T02:00:00,EURUSD,H1,2,SELL,19.573895647537753,7,"hit_tp=True,hit_sl=False,regime=2"
0.003096773,0.008120862,0.0068084,0.02285558,0.5213784,0.45179537,0.35920373,0.39940017,0.8592566,0.67137015,0.8229187,0.70404834,0.15500672,0.8875168,0.0,0.77769613,0.0031669657,0.58871037,0.7943552,1.0,0.0,0.0,0.3478261,0.16666667,0.83928955,0.5110774,0.35,0.7,0.48999998,0.35,0.95,0.15,0.55,0.85,-1.0,1.3,2020-07-07T08:00:00,EURUSD,H1,2,SELL,-14.599885679247304,11,"hit_tp=False,hit_sl=True,regime=2"
0.003661323,0.005921662,0.008476918,0.016153807,0.3981177,0.302951,0.35625246,0.34479,0.7079305,0.5674116,0.75494504,0.55510074,0.21685986,-0.042149656,0.0,0.68283975,0.0039501535,0.4339166,0.7169583,1.0,0.0,0.0,0.9130435,0.16666667,0.78194517,0.5358537,0.35,0.7,0.48999998,0.35,0.95,0.15,0.55,0.85,1.0,2.34,2020-07-07T21:00:00,EURUSD,H1,2,SELL,20.44458253335879,58,"hit_tp=True,hit_sl=False,regime=2"
0.0035325887,0.004702377,0.008780164,0.013156931,0.22965316,0.2357758,0.30643722,0.27469516,0.51681036,0.54422754,0.7785114,0.91411865,0.16942844,0.9235711,0.0,0.5344442,0.0018753421,0.57327044,0.7866352,1.0,0.0,0.0,0.08695652,1.0,0.60822654,0.47093734,0.35,0.7,0.48999998,0.35,0.95,0.15,0.55,0.85,1.0,1.9500000000000002,2020-07-12T02:00:00,EURUSD,H1,2,SELL,18.374301847399188,15,"hit_tp=True,hit_sl=False,regime=2"
0.00032687775,0.0023281148,0.0038918667,0.007316699,0.2578896,0.32638192,0.32007682,0.29779485,0.66527516,0.56378406,0.9777847,0.8088923,0.17231278,0.93078196,0.0,0.5817737,0.0019352225,0.4695214,0.7347607,1.0,0.0,0.0,0.4347826,0.5,0.64752066,0.42662308,0.35,0.7,0.48999998,0.35,0.95,0.15,0.55,0.85,-1.0,1.56,2020-07-16T10:00:00,EURUSD,H1,2,SELL,-11.81478884045406,36,"hit_tp=False,hit_sl=True,regime=2"
0.002878455,0.01106191,0.012535518,0.026210936,0.30739617,0.25994223,0.27401352,0.270572,0.7059607,0.6050854,0.8108287,0.8093161,0.2181418,-0.045354478,0.0,0.66513616,0.0025928922,0.40465698,0.7023285,1.0,0.0,0.0,1.0,0.6666667,0.8964858,0.54204017,0.35,0.7,0.48999998,0.35,0.95,0.15,0.55,0.85,1.0,1.9500000000000002,2020-07-17T23:00:00,EURUSD,H1,2,SELL,17.803081022564893,9,"hit_tp=True,hit_sl=False,regime=2"
0.0066643283,0.007519943,0.0124323405,0.01668501,0.4983641,0.49163404,0.3875433,0.36867723,0.6301874,0.5696579,0.95471424,0.72127306,0.24164385,1.1041096,0.0,0.5724413,0.0020158822,0.55529726,0.7776486,1.0,0.0,0.0,0.39130434,1.0,0.8775332,0.40773016,0.35,0.7,0.48999998,0.35,0.95,0.15,0.55,0.85,-1.0,1.3,2020-07-19T09:00:00,EURUSD,H1,2,SELL,-15.615571953160323,7,"hit_tp=False,hit_sl=True,regime=2"
-0.00083064527,-0.0033187652,0.0054260273,0.005447491,0.601191,0.443139,0.40812305,0.41691846,0.82383406,0.58817047,0.7789027,0.54844964,0.14784929,0.8696232,0.0,0.8512344,0.0029366831,0.44101474,0.7205074,1.0,0.0,0.0,0.73913044,1.0,0.7468444,0.43839982,0.35,0.7,0.48999998,0.35,0.95,0.15,0.55,0.85,0.0,1.56,2020-07-19T17:00:00,EURUSD,H1,2,SELL,-7.665412996746834,100,"hit_tp=False,hit_sl=False,regime=2"
-0.0004949453,0.00017702278,0.0044226525,0.010155534,0.32995418,0.25240988,0.23488772,0.3249142,0.6344334,0.525798,0.6879187,0.56280136,0.17679954,0.058001146,0.0,0.7163744,0.002634663,0.5603051,0.78015256,1.0,0.0,0.0,0.08695652,0.6666667,0.74365723,0.47586006,0.35,0.7,0.48999998,0.35,0.95,0.15,0.55,0.85,-1.0,1.3,2020-07-24T02:00:00,EURUSD,H1,2,SELL,-11.326167289567035,7,"hit_tp=False,hit_sl=True,regime=2"
-0.002587336,-0.0058913715,-0.0016064115,0.0024888064,0.46840033,0.5156466,0.44762307,0.33171153,0.7173613,0.48841408,0.67170864,0.51620084,0.14058502,0.14853747,0.0,0.753865,0.003715936,0.44156408,0.72078204,1.0,0.0,0.0,0.82608694,0.6666667,0.6570187,0.53933173,0.35,0.7,0.48999998,0.35,0.95,0.15,0.55,0.85,1.0,2.34,2020-07-24T19:00:00,EURUSD,H1,2,SELL,21.73703088940604,23,"hit_tp=True,hit_sl=False,regime=2"
-0.00051139964,0.0011901222,0.0015169923,-0.0017251526,0.28028223,0.27414674,0.26235002,0.3234319,0.73429215,0.5347234,0.7722587,0.7054031,0.19560118,0.98900294,0.0,0.6485867,0.0019884664,0.48052093,0.7402605,1.0,0.0,0.0,0.04347826,0.0,0.61703813,0.5183511,0.35,0.7,0.48999998,0.35,0.95,0.15,0.55,0.85,1.0,1.9500000000000002,2020-07-27T01:00:00,EURUSD,H1,2,SELL,18.214519859769407,13,"hit_tp=True,hit_sl=False,regime=2"
0.0040466855,-0.00034402774,0.004019435,-0.0001504866,0.24822088,0.21891381,0.29883626,0.35507402,0.64066195,0.585341,0.73924696,0.6159782,0.23993461,1.0998365,0.0,0.56353515,0.0023631528,0.56797034,0.78398514,1.0,0.0,0.0,0.9130435,0.5,0.72357583,0.46686858,0.35,0.7,0.48999998,0.35,0.95,0.15,0.55,0.85,-1.0,1.56,2020-07-30T21:00:00,EURUSD,H1,2,SELL,-12.181634265939767,39,"hit_tp=False,hit_sl=True,regime=2"
-0.0036114675,-0.0014297782,0.0067305206,0.011120468,0.19747594,0.23173341,0.3539171,0.41739285,0.63622,0.5268111,0.7262877,0.9254014,0.15671597,0.8917899,0.0,0.66346073,0.0017972926,0.48196635,0.7409832,1.0,0.0,0.0,0.95652175,0.8333333,0.6095031,0.5336033,0.35,0.7,0.48999998,0.35,0.95,0.15,0.55,0.85,1.0,2.34,2020-08-01T22:00:00,EURUSD,H1,2,SELL,25.801491843906454,49,"hit_tp=True,hit_sl=False,regime=2"
-0.0023044036,0.00023814329,0.0049329153,0.015504432,0.28725687,0.31814992,0.31333715,0.31626794,0.6479623,0.56406397,0.9989015,0.86168987,0.15009266,0.8752317,0.0,0.57589877,0.0017901795,0.49435022,0.7471751,1.0,0.0,0.0,0.95652175,0.33333334,0.72225255,0.49079382,0.35,0.7,0.48999998,0.35,0.95,0.15,0.55,0.85,-1.0,1.3,2020-08-05T22:00:00,EURUSD,H1,2,SELL,-10.947466820119267,4,"hit_tp=False,hit_sl=True,regime=2"
-0.00013360304,0.004149377,0.00059045694,0.0073703257,0.3366554,0.30158207,0.40426233,0.37104642,0.7362329,0.5560784,0.70128435,0.5756123,0.2150438,-0.037609484,0.0,0.6646878,0.0029410785,0.4199201,0.70996004,1.0,0.0,0.0,0.47826087,0.5,0.72766405,0.39104396,0.35,0.7,0.48999998,0.35,0.95,0.15,0.55,0.85,1.0,1.9500000000000002,2020-08-06T11:00:00,EURUSD,H1,2,SELL,23.48699104217422,20,"hit_tp=True,hit_sl=False,regime=2"
0.0045681098,0.0026883853,0.008188799,0.011044266,0.4108074,0.3502843,0.29940853,0.30325454,0.7656745,0.57096845,0.8611855,0.5583271,0.16259149,0.9064787,0.0,0.8549979,0.0024272546,0.56037295,0.7801865,1.0,0.0,0.0,0.73913044,0.6666667,0.8497467,0.43558696,0.35,0.7,0.48999998,0.35,0.95,0.15,0.55,0.85,-1.0,1.3,2020-08-07T17:00:00,EURUSD,H1,2,SELL,-12.800289244765395,17,"hit_tp=False,hit_sl=True,regime=2"
-1.5462183e-05,-0.00207492,0.0069951285,0.003496165,0.33152047,0.30579212,0.33731705,0.32037783,0.58825016,0.51946604,0.6887039,0.46310496,0.17092402,0.07268993,0.0,0.58213174,0.0025340165,0.46553165,0.73276585,1.0,0.0,0.0,0.5217391,0.8333333,0.77068764,0.4073389,0.35,0.7,0.48999998,0.35,0.95,0.15,0.55,0.85,-1.0,1.3,2020-08-08T12:00:00,EURUSD,H1,2,SELL,-13.18884660374886,4,"hit_tp=False,hit_sl=True,regime=2"
0.00072962657,-0.0016779535,0.0014969079,0.010880044,0.39951247,0.44351542,0.3947088,0.37931794,0.6423854,0.51180553,0.66077924,0.49742106,0.15853204,0.103669904,0.0,0.65211505,0.002867979,0.47335842,0.7366792,1.0,0.0,0.0,0.7826087,0.8333333,0.7322282,0.4181174,0.35,0.7,0.48999998,0.35,0.95,0.15,0.55,0.85,-1.0,1.3,2020-08-08T18:00:00,EURUSD,H1,2,SELL,-14.59502929495482,6,"hit_tp=False,hit_sl=True,regime=2"
-0.012087348,-0.011573562,-0.0007304459,0.006546964,0.27420214,0.31383663,0.30512184,0.34991533,0.6458292,0.52622753,0.59396195,0.42970562,0.15425894,0.11435266,0.0,0.7618954,0.0039022907,0.42444584,0.71222293,1.0,0.0,0.0,0.17391305,1.0,0.6756482,0.42621994,0.35,0.7,0.48999998,0.35,0.95,0.15,0.55,0.85,-1.0,1.3,2020-08-09T04:00:00,EURUSD,H1,2,SELL,-12.620105916818503,9,"hit_tp=False,hit_sl=True,regime=2"
0.00066344155,-0.003450734,0.005127203,-0.0034312776,0.44685894,0.49861968,0.38752303,0.33546564,0.4421538,0.46027073,0.5324275,0.5290744,0.17327423,0.066814415,0.0,0.61703295,0.0032386468,0.40149722,0.7007486,1.0,0.0,0.0,0.65217394,1.0,0.59131324,0.4044564,0.35,0.7,0.48999998,0.35,0.95,0.15,0.55,0.85,-1.0,1.56,2020-08-09T15:00:00,EURUSD,H1,2,SELL,-12.764581094661942,29,"hit_tp=False,hit_sl=True,regime=2"
0.0021847968,0.004890621,0.0052431254,0.010707799,0.31467503,0.22044466,0.20596524,0.2875743,0.64943177,0.5353072,0.9037374,0.73503006,0.19506705,0.9876676,0.0,0.6941667,0.0018749833,0.5973147,0.79865736,1.0,0.0,0.0,0.5652174,0.6666667,0.7084314,0.43727943,0.35,0.7,0.48999998,0.35,0.95,0.15,0.55,0.85,-1.0,1.3,2020-08-14T13:00:00,EURUSD,H1,2,SELL,-10.374558950569934,5,"hit_tp=False,hit_sl=True,regime=2"
0.0021514343,0.0016732722,0.008048299,0.003690876,0.3933435,0.36238736,0.3786899,0.34471756,0.6149138,0.45516023,0.56536436,0.5756023,0.15212238,0.88030595,0.0,0.78822625,0.0036210958,0.5481,0.77405,1.0,0.0,0.0,0.6086956,0.8333333,0.58944494,0.4279123,0.35,0.7,0.48999998,0.35,0.95,0.15,0.55,0.85,-1.0,1.3,2020-08-15T14:00:00,EURUSD,H1,2,SELL,-14.327841405541442,10,"hit_tp=False,hit_sl=True,regime=2"
-0.0025534262,0.001447829,-0.0005464589,0.0058970186,0.33861098,0.32569885,0.28886053,0.2827962,0.7302284,0.5546142,0.8078682,0.70295644,0.17829512,0.94573784,0.0,0.80776876,0.0021942218,0.59543234,0.7977162,1.0,0.0,0.0,0.3043478,0.0,0.74511474,0.5031041,0.35,0.7,0.48999998,0.35,0.95,0.15,0.55,0.85,-1.0,1.3,2020-08-17T07:00:00,EURUSD,H1,2,SELL,-11.581812461349816,3,"hit_tp=False,hit_sl=True,regime=2"
-0.0019252915,0.0031452915,0.008990542,0.0122303935,0.30237353,0.32357892,0.31418306,0.3077813,0.7130764,0.57649004,0.8301727,0.723872,0.14111915,0.14720212,0.0,0.75907815,0.002636681,0.41388434,0.7069422,1.0,0.0,0.0,0.47826087,0.0,0.80556417,0.48416218,0.35,0.7,0.48999998,0.35,0.95,0.15,0.55,0.85,-1.0,1.3,2020-08-17T11:00:00,EURUSD,H1,2,SELL,-11.23452804309144,5,"hit_tp=False,hit_sl=True,regime=2"
0.0013534366,-0.0010123872,0.0031731226,0.007404326,0.5046676,0.42262325,0.35875714,0.33941114,0.7363136,0.5372123,0.69864476,0.529203,0.17241961,0.068950966,0.0,0.8176052,0.0029816895,0.40568244,0.7028412,1.0,0.0,0.0,0.7826087,0.0,0.74529094,0.45123732,0.35,0.7,0.48999998,0.35,0.95,0.15,0.55,0.85,-1.0,1.56,2020-08-17T18:00:00,EURUSD,H1,2,SELL,-13.381271069199396,31,"hit_tp=False,hit_sl=True,regime=2"
0.00025451515,-0.0012972312,-0.0017333673,-0.0035108065,0.38707227,0.27951172,0.2934377,0.3423035,0.7461458,0.5008604,0.5559677,0.4436542,0.13962357,0.15094109,0.0,0.6337248,0.0020568285,0.49283144,0.74641573,1.0,0.0,0.0,0.5652174,0.33333334,0.6364911,0.4052303,0.35,0.7,0.48999998,0.35,0.95,0.15,0.55,0.85,1.0,1.9500000000000002,2020-08-19T13:00:00,EURUSD,H1,2,SELL,21.850724723586623,17,"hit_tp=True,hit_sl=False,regime=2"
-0.00031038522,0.0095610805,0.007872497,0.0024954549,0.23756409,0.2022068,0.29168957,0.31642097,0.72487605,0.58209425,0.96486,0.8407178,0.18214092,0.9553523,0.0,0.586855,0.0026754502,0.5128472,0.7564236,1.0,0.0,0.0,0.2173913,0.6666667,0.73237044,0.59090054,0.35,0.7,0.48999998,0.35,0.95,0.15,0.55,0.85,-1.0,1.56,2020-08-21T05:00:00,EURUSD,H1,2,SELL,-11.35685280497789,47,"hit_tp=False,hit_sl=True,regime=2"
0.0037468926,0.00057664287,0.0060439934,0.012799736,0.42959306,0.36346734,0.38307136,0.34354433,0.58806944,0.54855865,0.796949,0.5745344,0.32785365,-0.31963414,0.0,0.757711,0.0018946558,0.40442905,0.70221454,1.0,0.0,0.0,0.26086956,1.0,0.7983162,0.5531528,0.35,0.7,0.48999998,0.35,0.95,0.15,0.55,0.85,-1.0,1.3,2020-08-23T06:00:00,EURUSD,H1,2,SELL,-13.117929628814196,9,"hit_tp=False,hit_sl=True,regime=2"
-0.00069816416,0.005597101,0.014346827,0.015486241,0.39969522,0.33616385,0.31399196,0.3347947,0.6271404,0.5376218,0.78813314,0.6937096,0.15041314,0.12396713,0.0,0.6088777,0.0030404353,0.408944,0.704472,1.0,0.0,0.0,0.0,0.0,0.79958236,0.47712335,0.35,0.7,0.48999998,0.35,0.95,0.15,0.55,0.85,1.0,1.9500000000000002,2020-08-24T00:00:00,EURUSD,H1,2,SELL,21.418357322564585,16,"hit_tp=True,hit_sl=False,regime=2"
-0.002808705,0.0033638738,0.00046648207,-0.004120202,0.4678864,0.50500274,0.41518846,0.35858062,0.7550434,0.5356688,0.68393725,0.60394824,0.20489518,1.0122379,0.0,0.8441412,0.0020029761,0.58565426,0.7928271,1.0,0.0,0.0,0.6956522,0.8333333,0.6184919,0.5284602,0.35,0.7,0.48999998,0.35,0.95,0.15,0.55,0.85,1.0,2.34,2020-08-29T16:00:00,EURUSD,H1,2,SELL,22.57574977380994,62,"hit_tp=True,hit_sl=False,regime=2"
-0.0018442649,0.0074396045,0.013168724,0.02665522,0.2648577,0.345271,0.34626275,0.29880807,0.7431979,0.6154542,0.8655421,0.93164027,0.18609354,0.96523386,0.0,0.6184179,0.0019939158,0.5335218,0.7667609,1.0,0.0,0.0,0.65217394,0.16666667,0.76479673,0.43100494,0.35,0.7,0.48999998,0.35,0.95,0.15,0.55,0.85,1.0,1.9500000000000002,2020-09-01T15:00:00,EURUSD,H1,2,SELL,19.600667180057485,11,"hit_tp=True,hit_sl=False,regime=2"
0.00032758716,0.0042153955,0.0019137491,0.010014444,0.25436875,0.34393984,0.34584498,0.33117145,0.6763685,0.58197063,0.8242372,0.7169097,0.21696669,1.0424167,0.0,0.5543525,0.002100212,0.56288993,0.78144497,1.0,0.0,0.0,0.6086956,0.33333334,0.6476976,0.62035275,0.35,0.7,0.48999998,0.35,0.95,0.15,0.55,0.85,-1.0,1.3,2020-09-02T14:00:00,EURUSD,H1,2,SELL,-12.893438209589103,13,"hit_tp=False,hit_sl=True,regime=2"
0.0028452687,0.009237563,0.0027777606,0.008579402,0.36507633,0.30888486,0.28008643,0.3540741,0.5285206,0.48766813,0.6632348,0.71171695,0.171565,0.92891246,0.0,0.45296517,0.00271763,0.49354666,0.74677336,1.0,0.0,0.0,0.5652174,0.5,0.52445966,0.44088927,0.35,0.7,0.48999998,0.35,0.95,0.15,0.55,0.85,1.0,2.34,2020-09-03T13:00:00,EURUSD,H1,2,SELL,21.689271771581087,24,"hit_tp=True,hit_sl=False,regime=2"
0.014105102,0.013592129,0.007129019,0.006570892,0.38916838,0.3513635,0.37492087,0.34426904,0.7270699,0.54315025,0.8786849,0.5566999,0.17359471,0.9339868,0.0,0.8252019,0.0019196698,0.59142005,0.79571,1.0,0.0,0.0,0.39130434,0.8333333,0.7582149,0.5785229,0.35,0.7,0.48999998,0.35,0.95,0.15,0.55,0.85,1.0,1.9500000000000002,2020-09-05T09:00:00,EURUSD,H1,2,SELL,23.643000599182784,9,"hit_tp=True,hit_sl=False,regime=2"
-0.0029374443,-0.004746314,-0.0041485913,-0.011560325,0.2861704,0.33995488,0.29075918,0.33682746,0.58906776,0.4952032,0.41805577,0.52149606,0.18555939,0.9638985,0.0,0.41868994,0.0017783734,0.49477768,0.74738884,1.0,0.0,0.0,1.0,0.0,0.3914228,0.495914,0.35,0.7,0.48999998,0.35,0.95,0.15,0.55,0.85,-1.0,1.3,2020-09-07T23:00:00,EURUSD,H1,2,SELL,-12.552488036607912,11,"hit_tp=False,hit_sl=True,regime=2"
0.005619043,0.0054128696,0.0054812245,0.0006195062,0.19289507,0.15787682,0.33261684,0.3198514,0.55329096,0.49932984,0.87043196,0.7016397,0.1610959,0.90273976,0.0,0.45808628,0.0023114549,0.4077292,0.70386463,1.0,0.0,0.0,0.7826087,0.16666667,0.5674743,0.5959527,0.35,0.7,0.48999998,0.35,0.95,0.15,0.55,0.85,-1.0,1.3,2020-09-08T18:00:00,EURUSD,H1,2,SELL,-12.169910087431735,8,"hit_tp=False,hit_sl=True,regime=2"
0.00075606396,0.0025669478,0.0033807938,0.006198596,0.46250817,0.34422064,0.33499578,0.35861668,0.7661358,0.5248748,0.7160591,0.52629083,0.16622362,0.084440954,0.0,0.64694625,0.002445564,0.5388052,0.76940256,1.0,0.0,0.0,0.13043478,0.33333334,0.7332916,0.5204569,0.35,0.7,0.48999998,0.35,0.95,0.15,0.55,0.85,-1.0,1.3,2020-09-09T03:00:00,EURUSD,H1,2,SELL,-10.565566262163983,10,"hit_tp=False,hit_sl=True,regime=2"
-0.0021619382,-0.003453161,-0.010649723,-0.0057548108,0.32526818,0.295235,0.23538288,0.25542408,0.59302557,0.42406473,0.3232759,0.33362836,0.23128158,-0.07820394,0.0,0.45411545,0.0034387314,0.4303583,0.71517915,1.0,0.0,0.0,0.47826087,0.5,0.52309984,0.39353797,0.35,0.7,0.48999998,0.35,0.95,0.15,0.55,0.85,1.0,1.9500000000000002,2020-09-10T11:00:00,EURUSD,H1,2,SELL,15.595488510087296,5,"hit_tp=True,hit_sl=False,regime=2"
-0.0003751286,0.009722591,0.0040354477,0.0052212887,0.37956572,0.40003514,0.3120435,0.3491659,0.694828,0.5590985,0.88271236,0.6034203,0.27860618,1.1965154,0.0,0.65986806,0.0022354748,0.568024,0.784012,1.0,0.0,0.0,0.8695652,0.6666667,0.72848874,0.5532387,0.35,0.7,0.48999998,0.35,0.95,0.15,0.55,0.85,-1.0,1.56,2020-09-11T20:00:00,EURUSD,H1,2,SELL,-9.879065504874163,21,"hit_tp=False,hit_sl=True,regime=2"
-0.0030468388,-0.0042910003,0.0009536608,0.0058882176,0.33337,0.28615195,0.24356464,0.31328413,0.58980495,0.51550174,0.7181803,0.5314415,0.15329748,0.116756275,0.0,0.61811954,0.0025163935,0.52608323,0.7630416,1.0,0.0,0.0,0.7826087,0.8333333,0.68760264,0.52098763,0.35,0.7,0.48999998,0.35,0.95,0.15,0.55,0.85,1.0,1.9500000000000002,2020-09-12T18:00:00,EURUSD,H1,2,SELL,18.423006193075686,10,"hit_tp=True,hit_sl=False,regime=2"
0.00093317986,0.0067116097,0.012402131,0.015896333,0.36040786,0.3602184,0.3251176,0.35107782,0.85533404,0.6169548,0.89577055,0.8280789,0.2461306,1.1153265,0.0,0.9366788,0.0024386416,0.53598917,0.7679946,1.0,0.0,0.0,0.2173913,0.0,0.8441086,0.43290538,0.35,0.7,0.48999998,0.35,0.95,0.15,0.55,0.85,1.0,2.34,2020-09-14T05:00:00,EURUSD,H1,2,SELL,21.27427721952735,27,"hit_tp=True,hit_sl=False,regime=2"
0.008941643,0.0069389963,0.0009199976,0.0015168687,0.37136734,0.3214874,0.34376267,0.31723943,0.6600472,0.53244627,0.78853977,0.6603112,0.17487665,0.9371916,0.0,0.6679355,0.001930946,0.43050513,0.7152526,1.0,0.0,0.0,0.47826087,0.5,0.696915,0.47034827,0.35,0.7,0.48999998,0.35,0.95,0.15,0.55,0.85,1.0,1.9500000000000002,2020-09-17T11:00:00,EURUSD,H1,2,SELL,19.36907082867645,7,"hit_tp=True,hit_sl=False,regime=2"
0.004017707,0.00036913014,-0.001667188,0.00024762916,0.2654638,0.24293895,0.2364926,0.2717475,0.56711024,0.5188443,0.58395356,0.48376408,0.14720832,0.1319792,0.0,0.44060484,0.0020663138,0.5861636,0.7930818,1.0,0.0,0.0,0.08695652,0.0,0.70710516,0.5113009,0.35,0.7,0.48999998,0.35,0.95,0.15,0.55,0.85,1.0,1.9500000000000002,2020-09-21T02:00:00,EURUSD,H1,2,SELL,14.983529866188228,11,"hit_tp=True,hit_sl=False,regime=2"
0.0014359856,0.0057240343,0.007675324,0.006392316,0.29115131,0.3397691,0.32662848,0.29441312,0.45378712,0.4942739,0.57937616,0.82123595,0.19025981,0.97564954,0.0,0.4888595,0.0019593793,0.54708016,0.7735401,1.0,0.0,0.0,0.73913044,0.0,0.4570417,0.43450516,0.35,0.7,0.48999998,0.35,0.95,0.15,0.55,0.85,1.0,2.34,2020-09-21T17:00:00,EURUSD,H1,2,SELL,19.675513211956375,60,"hit_tp=True,hit_sl=False,regime=2"
0.014027899,0.014556662,0.020354863,0.023148686,0.27482054,0.3017926,0.32057053,0.32517356,0.783568,0.6790926,1.0,0.93625426,0.15874569,0.89686424,0.0,0.7376794,0.0028183167,0.5696975,0.78484875,1.0,0.0,0.0,0.3478261,0.8333333,0.97840333,0.59888214,0.35,0.7,0.48999998,0.35,0.95,0.15,0.55,0.85,1.0,2.34,2020-09-26T08:00:00,EURUSD,H1,2,SELL,19.751891452219894,22,"hit_tp=True,hit_sl=False,regime=2"
0.0025409828,0.006565468,0.014153408,0.017712047,0.26859844,0.29513776,0.28062588,0.2974987,0.8070739,0.6255526,0.82340723,0.8982488,0.2520061,-0.13001528,0.0,0.88607585,0.0020338767,0.5670443,0.7835221,1.0,0.0,0.0,0.04347826,0.16666667,0.8599972,0.41811326,0.35,0.7,0.48999998,0.35,0.95,0.15,0.55,0.85,-1.0,1.3,2020-09-29T01:00:00,EURUSD,H1,2,SELL,-9.858711927750452,5,"hit_tp=False,hit_sl=True,regime=2"
0.0027844454,0.0032409953,0.008713839,0.018133717,0.2393175,0.30735812,0.2790263,0.2750115,0.77467334,0.58209985,0.7121671,0.7119482,0.23042695,-0.07606739,0.0,0.84370995,0.0024602548,0.4319288,0.71596444,1.0,0.0,0.0,0.39130434,0.16666667,0.77236295,0.3680434,0.35,0.7,0.48999998,0.35,0.95,0.15,0.55,0.85,-1.0,1.3,2020-09-29T09:00:00,EURUSD,H1,2,SELL,-10.518176493243825,15,"hit_tp=False,hit_sl=True,regime=2"
0.0028144903,0.0055413307,0.001355284,-0.007823578,0.31317672,0.27812293,0.34076223,0.28470358,0.57644784,0.49279892,0.63507354,0.43634716,0.15778424,0.8944606,0.0,0.5386386,0.0029374415,0.52911544,0.7645577,1.0,0.0,0.0,0.3043478,0.33333334,0.6117469,0.40870696,0.35,0.7,0.48999998,0.35,0.95,0.15,0.55,0.85,-1.0,1.56,2020-09-30T07:00:00,EURUSD,H1,2,SELL,-11.399072609268313,48,"hit_tp=False,hit_sl=True,regime=2"
-0.0004377096,-0.0015929112,0.0074793077,0.014817888,0.41344762,0.48036066,0.38411385,0.3842278,0.7432118,0.5924724,0.7741595,0.5952429,0.20895463,1.0223866,0.0,0.5889603,0.0020593693,0.5681518,0.7840759,1.0,0.0,0.0,0.39130434,0.6666667,0.8261037,0.5431727,0.35,0.7,0.48999998,0.35,0.95,0.15,0.55,0.85,1.0,2.34,2020-10-02T09:00:00,EURUSD,H1,2,SELL,22.511820329840226,52,"hit_tp=True,hit_sl=False,regime=2"
0.009191646,0.012033313,0.009793359,0.01621686,0.23134772,0.22489978,0.29796648,0.32045582,0.6071723,0.61297387,0.86258006,0.9077334,0.24933542,1.1233386,0.0,0.5594707,0.002752806,0.43166426,0.7158321,1.0,0.0,0.0,1.0,1.0,0.72967553,0.5024822,0.35,0.7,0.48999998,0.35,0.95,0.15,0.55,0.85,1.0,1.9500000000000002,2020-10-04T23:00:00,EURUSD,H1,2,SELL,20.262657736278555,10,"hit_tp=True,hit_sl=False,regime=2"
0.0022226465,0.006486637,0.0019899774,0.007060301,0.24360795,0.34350982,0.30158922,0.3261232,0.6756494,0.5461209,0.8606853,0.6594821,0.21301407,1.0325352,0.0,0.64384305,0.0019149673,0.5284235,0.7642117,1.0,0.0,0.0,0.82608694,0.16666667,0.80356413,0.391446,0.35,0.7,0.48999998,0.35,0.95,0.15,0.55,0.85,1.0,1.9500000000000002,2020-10-06T19:00:00,EURUSD,H1,2,SELL,18.95312974623753,18,"hit_tp=True,hit_sl=False,regime=2"
0.003660928,0.0035723583,0.004845473,0.005111789,0.40885723,0.4429334,0.40841943,0.3033936,0.6948865,0.55433,0.8512819,0.61070895,0.13887577,0.8471894,0.0,0.6754864,0.0021080754,0.5972462,0.7986231,1.0,0.0,0.0,0.5217391,0.16666667,0.76544166,0.51318496,0.35,0.7,0.48999998,0.35,0.95,0.15,0.55,0.85,-1.0,1.3,2020-10-13T12:00:00,EURUSD,H1,2,SELL,-13.607732089169211,5,"hit_tp=False,hit_sl=True,regime=2"
-0.0019707277,0.0022856656,0.0012732332,0.012220953,0.27613288,0.3273369,0.2958145,0.34046036,0.74657017,0.5633916,0.6525245,0.47523066,0.16900113,0.07749717,0.0,0.72074383,0.0027938194,0.45690957,0.72845477,1.0,0.0,0.0,0.9130435,0.16666667,0.7687906,0.44897547,0.35,0.7,0.48999998,0.35,0.95,0.15,0.55,0.85,-1.0,1.3,2020-10-13T21:00:00,EURUSD,H1,2,SELL,-12.715634338440474,6,"hit_tp=False,hit_sl=True,regime=2"
-0.0026235192,-0.0037945174,0.0019930708,0.0083301645,0.53249335,0.38149628,0.39706331,0.3636882,0.7076854,0.5138193,0.6326403,0.5703707,0.16259149,0.9064787,0.0,0.61471826,0.00333088,0.46589684,0.7329484,1.0,0.0,0.0,0.17391305,0.33333334,0.66805625,0.45368546,0.35,0.7,0.48999998,0.35,0.95,0.15,0.55,0.85,-1.0,1.56,2020-10-14T04:00:00,EURUSD,H1,2,SELL,-13.556956187510405,30,"hit_tp=False,hit_sl=True,regime=2"
0.00020301672,-0.002480783,-0.0010810307,0.009912844,0.48202172,0.45775363,0.4187648,0.4086967,0.67641526,0.53918105,0.7427283,0.5527203,0.16665092,0.91662735,0.0,0.639369,0.0026140236,0.4491456,0.7245728,1.0,0.0,0.0,0.5652174,0.5,0.72521627,0.5194877,0.35,0.7,0.48999998,0.35,0.95,0.15,0.55,0.85,1.0,2.34,2020-10-15T13:00:00,EURUSD,H1,2,SELL,27.54404212836903,40,"hit_tp=True,hit_sl=False,regime=2"
0.0006042833,0.0009749398,0.011068396,0.0176008,0.32299104,0.48452777,0.61583954,0.69281524,0.50907373,0.59587014,0.5979504,0.84124106,0.1822332,0.044417005,0.0,0.5641805,0.0014118422,0.5885277,0.79426384,0.0,1.0,0.0,0.04347826,0.33333334,0.48857343,0.39187974,0.7,0.3,0.42000002,0.39999998,0.9,0.2,0.5,0.8,-1.0,1.56,2020-01-01T01:00:00,EURUSD,H1,3,BUY,-11.070464805631453,25,"hit_tp=False,hit_sl=True,regime=3"
-0.00066865224,-0.004763883,-0.011243677,-0.008905697,0.3391015,0.38315186,0.36397544,0.37004748,0.54935133,0.5445702,0.45515826,0.184995,0.2834896,-0.20872405,0.0,0.41157,0.00057762535,0.59719384,0.7985969,0.0,1.0,0.0,0.8695652,0.5,0.4573828,0.5303584,0.7,0.3,0.42000002,0.39999998,0.9,0.2,0.5,0.8,-1.0,1.56,2020-01-02T20:00:00,EURUSD,H1,3,BUY,-6.925962038693001,22,"hit_tp=False,hit_sl=True,regime=3"
-0.00025376902,-0.0021008798,-0.0009453644,-0.0059144255,0.31985492,0.36673155,0.29378077,0.35361937,0.45523006,0.5010555,0.34348384,0.5078768,0.25413376,1.1353344,0.0,0.5186344,0.00048874976,0.59125644,0.79562825,0.0,1.0,0.0,0.9130435,0.6666667,0.24354902,0.44681495,0.7,0.3,0.42000002,0.39999998,0.9,0.2,0.5,0.8,-1.0,1.3,2020-01-03T21:00:00,EURUSD,H1,3,BUY,-6.087663631622053,9,"hit_tp=False,hit_sl=True,regime=3"
-0.0017345091,0.00030183542,-2.5193689e-05,0.0024941333,0.41353434,0.3170447,0.2966362,0.31532794,0.47738764,0.48613143,0.33332443,0.4896595,0.14380114,0.14049716,0.0,0.58152384,0.00045297036,0.5901336,0.79506683,0.0,1.0,0.0,0.82608694,0.0,0.43879366,0.6356124,0.7,0.3,0.42000002,0.39999998,0.9,0.2,0.5,0.8,-1.0,1.3,2020-01-06T19:00:00,EURUSD,H1,3,BUY,-5.027769352123901,6,"hit_tp=False,hit_sl=True,regime=3"
0.0026725265,0.00029875562,-0.0018331106,-0.0050585363,0.1244597,0.25911927,0.24155061,0.27852955,0.3727132,0.4511122,0.32229808,0.3667686,0.18436043,0.9609011,0.0,0.4738859,0.0003958401,0.59647876,0.7982394,0.0,1.0,0.0,0.17391305,0.16666667,0.2526105,0.5871186,0.7,0.3,0.42000002,0.39999998,0.9,0.2,0.5,0.8,-1.0,1.3,2020-01-07T04:00:00,EURUSD,H1,3,BUY,-4.802446174927422,1,"hit_tp=False,hit_sl=True,regime=3"
0.0018017103,-0.0040768944,-0.0022086576,-0.001909935,0.3879323,0.27635196,0.27961203,0.2916452,0.36197916,0.46318007,0.31549948,0.2798609,0.16720073,0.91800183,0.0,0.40983966,0.00035915154,0.5283872,0.7641936,0.0,1.0,0.0,0.3043478,0.16666667,0.25443837,0.50321424,0.7,0.3,0.42000002,0.39999998,0.9,0.2,0.5,0.8,1.0,1.9500000000000002,2020-01-07T07:00:00,EURUSD,H1,3,BUY,8.42581758786265,10,"hit_tp=True,hit_sl=False,regime=3"
0.0026210197,6.918985e-05,-0.0012284471,-0.001265835,0.3548298,0.4220332,0.27701342,0.32662204,0.1857289,0.45924017,0.3274194,0.41311663,0.2012365,1.0030912,0.0,0.12665518,0.00041596696,0.50038654,0.7501933,0.0,1.0,0.0,0.3478261,0.33333334,0.32853058,0.45209986,0.7,0.3,0.42000002,0.39999998,0.9,0.2,0.5,0.8,-1.0,1.3,2020-01-08T08:00:00,EURUSD,H1,3,BUY,-6.027242699579993,11,"hit_tp=False,hit_sl=True,regime=3"
0.0006633349,0.006156719,0.004458217,-0.004133021,0.48766246,0.61573786,0.43358505,0.38852066,0.42914045,0.50337213,0.3666121,0.6020738,0.18393499,0.040162534,0.0,0.51850194,0.00060572766,0.5857055,0.79285276,0.0,1.0,0.0,0.95652175,0.33333334,0.4294345,0.51975876,0.7,0.3,0.42000002,0.39999998,0.9,0.2,0.5,0.8,-1.0,1.56,2020-01-08T22:00:00,EURUSD,H1,3,BUY,-7.188573661127684,55,"hit_tp=False,hit_sl=True,regime=3"
0.0045262976,0.0023974797,-0.0033689414,-0.004858588,0.28689516,0.32377484,0.3118396,0.29287717,0.30170986,0.44055834,0.29393688,0.29585072,0.25413376,1.1353344,0.0,0.3511659,0.00035281153,0.5155345,0.75776726,0.0,1.0,0.0,0.26086956,0.8333333,0.28363413,0.45605996,0.7,0.3,0.42000002,0.39999998,0.9,0.2,0.5,0.8,-1.0,1.3,2020-01-11T06:00:00,EURUSD,H1,3,BUY,-5.612496062568084,4,"hit_tp=False,hit_sl=True,regime=3"
0.0019400415,0.0012040932,0.0016722608,-0.0007719287,0.19714001,0.25413522,0.36510065,0.35109046,0.43314904,0.5173701,0.408655,0.43575126,0.18549496,0.96373737,0.0,0.42167273,0.00061358896,0.50003433,0.75001717,0.0,1.0,0.0,0.04347826,1.0,0.33886102,0.45494398,0.7,0.3,0.42000002,0.39999998,0.9,0.2,0.5,0.8,-1.0,1.56,2020-01-12T01:00:00,EURUSD,H1,3,BUY,-6.911995111051894,28,"hit_tp=False,hit_sl=True,regime=3"
0.0003143847,0.0011828461,-0.0004169529,-0.0021155847,0.41061136,0.40188077,0.30603436,0.28002676,0.21983469,0.4488766,0.29306415,0.5341496,0.22208342,-0.055208534,0.0,0.147523,0.00059813337,0.5974945,0.79874724,0.0,1.0,0.0,0.3043478,0.0,0.29521564,0.49856356,0.7,0.3,0.42000002,0.39999998,0.9,0.2,0.5,0.8,1.0,1.9500000000000002,2020-01-13T07:00:00,EURUSD,H1,3,BUY,9.02943435145076,3,"hit_tp=True,hit_sl=False,regime=3"
-0.0053190677,-0.008407732,-0.008962771,-0.0030669733,0.33190393,0.35307962,0.39458525,0.3463095,0.25523612,0.43489367,0.15398397,0.27473688,0.14734653,0.13163367,0.0,0.3352717,0.00044263335,0.53373367,0.7668668,0.0,1.0,0.0,0.8695652,0.16666667,0.19690472,0.506377,0.7,0.3,0.42000002,0.39999998,0.9,0.2,0.5,0.8,-1.0,1.3,2020-01-14T20:00:00,EURUSD,H1,3,BUY,-7.57129281084401,16,"hit_tp=False,hit_sl=True,regime=3"
0.0026015665,0.0020098689,-0.00048762042,-0.0038918136,0.55887437,0.5185124,0.45406476,0.40502816,0.49247068,0.5286194,0.39125714,0.45369855,0.26108274,1.1527069,0.0,0.34767148,0.00059850235,0.50662327,0.75331163,0.0,1.0,0.0,0.04347826,0.6666667,0.32905018,0.36486688,0.7,0.3,0.42000002,0.39999998,0.9,0.2,0.5,0.8,-1.0,1.3,2020-01-17T01:00:00,EURUSD,H1,3,BUY,-7.880640085005108,12,"hit_tp=False,hit_sl=True,regime=3"
-0.0026956284,-0.0029015816,-0.004123735,-0.008755496,0.60344166,0.40728888,0.4456558,0.43919668,0.48190925,0.51141196,0.20015115,0.37583488,0.20634186,1.0158547,0.0,0.5184707,0.00065537746,0.59586793,0.79793394,0.0,1.0,0.0,0.6086956,0.6666667,0.16645172,0.50434965,0.7,0.3,0.42000002,0.39999998,0.9,0.2,0.5,0.8,-1.0,1.3,2020-01-17T14:00:00,EURUSD,H1,3,BUY,-8.176988148858033,18,"hit_tp=False,hit_sl=True,regime=3"
-0.0008038564,-0.0017228333,-0.0033039856,-0.0056663244,0.38256606,0.29141295,0.27702305,0.3472762,0.47673467,0.48569646,0.32535824,0.25998092,0.1921603,0.019599257,0.0,0.30315188,0.00035212206,0.5242568,0.7621284,0.0,1.0,0.0,0.6956522,0.0,0.39154422,0.5466345,0.7,0.3,0.42000002,0.39999998,0.9,0.2,0.5,0.8,-1.0,1.3,2020-01-20T16:00:00,EURUSD,H1,3,BUY,-6.929548760503668,7,"hit_tp=False,hit_sl=True,regime=3"
-0.0016224607,-0.001228521,-0.00059867953,-0.005999952,0.42993143,0.5159667,0.42096445,0.3591908,0.21270679,0.4075184,0.18038483,0.42180967,0.2590973,-0.14774328,0.0,0.32078457,0.00041840324,0.5087525,0.75437623,0.0,1.0,0.0,0.5652174,0.33333334,0.24134627,0.5728884,0.7,0.3,0.42000002,0.39999998,0.9,0.2,0.5,0.8,-1.0,1.3,2020-01-22T13:00:00,EURUSD,H1,3,BUY,-7.542214652462853,3,"hit_tp=False,hit_sl=True,regime=3"
-0.001123345,-0.00024173658,0.001093302,-0.003823119,0.5235466,0.44158968,0.54997194,0.5293425,0.20152663,0.43165702,0.2667317,0.4197938,0.15032466,0.12418835,0.0,0.25114405,0.0006778004,0.5983602,0.7991801,0.0,1.0,0.0,0.9130435,0.33333334,0.26395556,0.47641596,0.7,0.3,0.42000002,0.39999998,0.9,0.2,0.5,0.8,-1.0,1.3,2020-01-22T21:00:00,EURUSD,H1,3,BUY,-10.190617552163772,18,"hit_tp=False,hit_sl=True,regime=3"
0.0040303776,-6.597246e-05,-0.0025513987,-0.008718486,0.760964,0.50103927,0.43610904,0.33713418,0.33608493,0.4690131,0.2553556,0.36994097,0.29568577,-0.23921444,0.0,0.46795353,0.00067267107,0.5009014,0.75045073,0.0,1.0,0.0,0.6956522,0.5,0.23543702,0.5634028,0.7,0.3,0.42000002,0.39999998,0.9,0.2,0.5,0.8,1.0,2.34,2020-01-23T16:00:00,EURUSD,H1,3,BUY,10.9981335378051,28,"hit_tp=True,hit_sl=False,regime=3"
0.0028008008,0.00040941,-0.0005436815,-9.968159e-05,0.2690783,0.4037573,0.30640718,0.3213361,0.36174777,0.4465661,0.0029465375,0.33600518,0.14351751,0.14120623,0.0,0.25841257,0.00040846967,0.5735734,0.78678674,0.0,1.0,0.0,0.8695652,0.16666667,0.37621486,0.5073703,0.7,0.3,0.42000002,0.39999998,0.9,0.2,0.5,0.8,-1.0,1.3,2020-01-28T20:00:00,EURUSD,H1,3,BUY,-5.340188366964593,7,"hit_tp=False,hit_sl=True,regime=3"
0.001318144,0.0053748693,0.0058941543,-0.0017186481,0.67427474,0.4955965,0.39066646,0.324978,0.33647484,0.48581687,0.42468205,0.5023115,0.15018284,0.8754571,0.0,0.42900687,0.00050290563,0.50085497,0.7504275,0.0,1.0,0.0,0.5652174,0.33333334,0.35666114,0.4929148,0.7,0.3,0.42000002,0.39999998,0.9,0.2,0.5,0.8,1.0,1.9500000000000002,2020-01-29T13:00:00,EURUSD,H1,3,BUY,11.031168731849839,19,"hit_tp=True,hit_sl=False,regime=3"
-0.0025160369,-0.004741433,-0.0074535795,-0.006280626,0.36647356,0.38775727,0.36579642,0.34766802,0.32818574,0.41769305,0.011739534,0.16942558,0.25583556,-0.13958889,0.0,0.4974908,0.0005274208,0.53735137,0.7686757,0.0,1.0,0.0,0.7826087,0.5,0.111901455,0.4671938,0.7,0.3,0.42000002,0.39999998,0.9,0.2,0.5,0.8,-1.0,1.3,2020-01-30T18:00:00,EURUSD,H1,3,BUY,-6.036147069350406,8,"hit_tp=False,hit_sl=True,regime=3"
0.0027938457,0.00628864,0.0045934315,0.002654215,0.39420325,0.3219362,0.3079529,0.3389357,0.29586866,0.4660204,0.44118562,0.6473007,0.16578257,0.9144564,0.0,0.25606146,0.0005783587,0.58850956,0.7942548,0.0,1.0,0.0,0.2173913,0.6666667,0.36894298,0.58040726,0.7,0.3,0.42000002,0.39999998,0.9,0.2,0.5,0.8,-1.0,1.3,2020-01-31T05:00:00,EURUSD,H1,3,BUY,-5.669611327911994,14,"hit_tp=False,hit_sl=True,regime=3"
0.0026961663,0.0027904422,0.0033584752,0.0060295165,0.24621993,0.19787005,0.26092443,0.2874828,0.5127764,0.6201795,0.91104114,0.91749376,0.21726169,1.0431542,0.0,0.6081258,0.0007781495,0.54318374,0.77159184,0.0,1.0,0.0,0.65217394,1.0,0.5321949,0.43692198,0.7,0.3,0.42000002,0.39999998,0.9,0.2,0.5,0.8,1.0,1.9500000000000002,2020-02-02T15:00:00,EURUSD,H1,3,BUY,9.746237659107315,13,"hit_tp=True,hit_sl=False,regime=3"
-0.002894094,-0.003425671,-0.0063239336,-0.0051970454,0.3779064,0.5309913,0.41360047,0.37476578,0.27515626,0.42375156,0.038244173,0.2515803,0.17627694,0.059307657,0.0,0.32217672,0.00042865725,0.5743279,0.787164,0.0,1.0,0.0,0.9130435,0.5,0.046625968,0.62125826,0.7,0.3,0.42000002,0.39999998,0.9,0.2,0.5,0.8,1.0,2.34,2020-02-06T21:00:00,EURUSD,H1,3,BUY,12.9921704843583,60,"hit_tp=True,hit_sl=False,regime=3"
-0.005625589,-0.0052580074,-0.007515739,-0.0027768903,0.29105058,0.2960637,0.27948004,0.33844918,0.4560648,0.519537,0.22358562,0.18491887,0.225487,-0.06371748,0.0,0.50039166,0.00063167047,0.5795393,0.78976965,0.0,1.0,0.0,0.7826087,0.0,0.49582353,0.449109,0.7,0.3,0.42000002,0.39999998,0.9,0.2,0.5,0.8,1.0,1.9500000000000002,2020-02-17T18:00:00,EURUSD,H1,3,BUY,9.182817048973835,17,"hit_tp=True,hit_sl=False,regime=3"
7.114292e-05,0.0035199572,0.0020468542,-0.0039606723,0.17991033,0.1666626,0.30876347,0.36110386,0.3344392,0.46291927,0.37293565,0.63734496,0.23130144,1.0782536,0.0,0.33708933,0.0004059808,0.5499952,0.7749976,0.0,1.0,0.0,0.47826087,0.33333334,0.32256776,0.50594944,0.7,0.3,0.42000002,0.39999998,0.9,0.2,0.5,0.8,-1.0,1.56,2020-02-19T11:00:00,EURUSD,H1,3,BUY,-6.339433349951129,31,"hit_tp=False,hit_sl=True,regime=3"
-0.0027463208,-0.0027356804,-0.0047677583,-0.0019357875,0.19266371,0.25346205,0.31202877,0.37965712,0.44654033,0.47694743,0.18955058,0.29514873,0.23115961,-0.077899046,0.0,0.45879975,0.00036236263,0.56521696,0.78260845,0.0,1.0,0.0,0.17391305,0.6666667,0.38310608,0.5731798,0.7,0.3,0.42000002,0.39999998,0.9,0.2,0.5,0.8,-1.0,1.3,2020-02-21T04:00:00,EURUSD,H1,3,BUY,-6.026980408662119,4,"hit_tp=False,hit_sl=True,regime=3"
0.00024812057,-0.0024906748,-0.002308744,-0.0087363105,0.5225091,0.3615036,0.37202257,0.3695507,0.15049668,0.37679762,0.25535658,0.33207884,0.2644863,1.1612158,0.0,0.21468951,0.00056126824,0.50248384,0.7512419,0.0,1.0,0.0,0.5652174,0.6666667,0.21189216,0.7067073,0.7,0.3,0.42000002,0.39999998,0.9,0.2,0.5,0.8,-1.0,1.3,2020-02-21T13:00:00,EURUSD,H1,3,BUY,-6.082083448502029,6,"hit_tp=False,hit_sl=True,regime=3"
0.0031476074,0.0018943036,-0.0012050986,0.0028113117,0.38273278,0.539471,0.43728545,0.34350395,0.33637825,0.5414682,0.41248143,0.57230085,0.26675537,1.1668884,0.0,0.3632232,0.0009296096,0.5196777,0.7598388,0.0,1.0,0.0,0.65217394,0.8333333,0.33518186,0.5448174,0.7,0.3,0.42000002,0.39999998,0.9,0.2,0.5,0.8,-1.0,1.56,2020-02-22T15:00:00,EURUSD,H1,3,BUY,-6.8683191834972845,68,"hit_tp=False,hit_sl=True,regime=3"
-0.00029339571,-0.0025193905,-0.004761322,-0.010115229,0.58073556,0.55633765,0.41018,0.32544893,0.31167912,0.4203959,0.12129894,0.33391693,0.17457515,0.93643785,0.0,0.3541025,0.00041434704,0.56915987,0.78457993,0.0,1.0,0.0,0.5652174,0.16666667,0.1578834,0.4221065,0.7,0.3,0.42000002,0.39999998,0.9,0.2,0.5,0.8,-1.0,1.3,2020-02-25T13:00:00,EURUSD,H1,3,BUY,-6.500613078010975,3,"hit_tp=False,hit_sl=True,regime=3"
0.0049191597,0.004352928,0.0013507457,0.0019935023,0.4044707,0.31878996,0.28070855,0.38513613,0.44334814,0.5186119,0.5939616,0.6202487,0.15145919,0.878648,0.0,0.28876954,0.0004466758,0.52952987,0.7647649,0.0,1.0,0.0,0.08695652,0.33333334,0.42219624,0.5959032,0.7,0.3,0.42000002,0.39999998,0.9,0.2,0.5,0.8,-1.0,1.3,2020-02-26T02:00:00,EURUSD,H1,3,BUY,-5.775914852956809,2,"hit_tp=False,hit_sl=True,regime=3"
0.004567989,0.0046520946,0.0033594563,-0.0010001876,0.37940574,0.3612075,0.41209805,0.38177228,0.3612476,0.46287948,0.42905036,0.33279422,0.18691312,0.03271721,0.0,0.36189213,0.00030386532,0.53483164,0.7674158,0.0,1.0,0.0,0.3043478,0.0,0.44130996,0.47557727,0.7,0.3,0.42000002,0.39999998,0.9,0.2,0.5,0.8,-1.0,1.3,2020-03-02T07:00:00,EURUSD,H1,3,BUY,-7.492285465220405,13,"hit_tp=False,hit_sl=True,regime=3"
0.002668684,0.002388368,-0.0012498492,-0.0015137966,0.33728594,0.3291457,0.37150392,0.37007058,0.32939208,0.482417,0.31425256,0.5211764,0.24761024,-0.11902561,0.0,0.44328624,0.0004299391,0.5343537,0.76717687,0.0,1.0,0.0,0.95652175,0.0,0.3516144,0.58947384,0.7,0.3,0.42000002,0.39999998,0.9,0.2,0.5,0.8,1.0,2.34,2020-03-02T22:00:00,EURUSD,H1,3,BUY,10.624211012153495,25,"hit_tp=True,hit_sl=False,regime=3"
-0.0016044369,-0.0036473775,-0.006146966,-0.011290816,0.29888514,0.28354815,0.2501065,0.32148543,0.24633843,0.3824967,0.097483896,0.06846415,0.18095686,0.04760786,0.0,0.49346295,0.00046050808,0.52703124,0.76351565,0.0,1.0,0.0,0.47826087,0.33333334,0.26752838,0.58500284,0.7,0.3,0.42000002,0.39999998,0.9,0.2,0.5,0.8,-1.0,1.3,2020-03-04T11:00:00,EURUSD,H1,3,BUY,-5.317324468243623,3,"hit_tp=False,hit_sl=True,regime=3"
0.0012050675,0.00044023895,7.6043725e-05,-0.006741788,0.5665664,0.62840796,0.6347005,0.46633512,0.50842077,0.4579034,0.34099296,0.3918726,0.19613114,0.99032784,0.0,0.41699773,0.00051598874,0.5277051,0.76385254,0.0,1.0,0.0,0.08695652,0.5,0.29418224,0.5208733,0.7,0.3,0.42000002,0.39999998,0.9,0.2,0.5,0.8,-1.0,1.56,2020-03-05T02:00:00,EURUSD,H1,3,BUY,-9.829171248281199,38,"hit_tp=False,hit_sl=True,regime=3"
3.44874e-05,-0.00021799689,0.0017587261,0.0051038833,0.3380011,0.40051275,0.33549118,0.38783467,0.62218106,0.6349975,0.7478282,0.67372996,0.16266263,0.90665656,0.0,0.47419345,0.001004476,0.53047496,0.76523745,0.0,1.0,0.0,0.39130434,1.0,0.55975837,0.58420193,0.7,0.3,0.42000002,0.39999998,0.9,0.2,0.5,0.8,1.0,2.34,2020-03-08T09:00:00,EURUSD,H1,3,BUY,11.745896704760117,64,"hit_tp=True,hit_sl=False,regime=3"
-0.0026191145,-0.003378169,-0.0058962298,-0.0035333938,0.30706376,0.21665575,0.29287478,0.32018492,0.47314453,0.43842357,0.07895272,0.15053624,0.16025177,0.0993706,0.0,0.46470523,0.0003533744,0.50386596,0.751933,0.0,1.0,0.0,0.39130434,0.33333334,0.3604111,0.5948566,0.7,0.3,0.42000002,0.39999998,0.9,0.2,0.5,0.8,-1.0,1.3,2020-03-11T09:00:00,EURUSD,H1,3,BUY,-5.428782799417053,3,"hit_tp=False,hit_sl=True,regime=3"
-0.0012623688,-0.0006656019,-0.0077024954,-0.00460687,0.14719607,0.27218887,0.3100736,0.3382187,0.47603866,0.48033315,0.15289834,0.0862784,0.21584353,-0.039608806,0.0,0.46393853,0.00050862634,0.56063974,0.78031987,0.0,1.0,0.0,0.6086956,0.5,0.36734796,0.50962913,0.7,0.3,0.42000002,0.39999998,0.9,0.2,0.5,0.8,-1.0,1.3,2020-03-12T14:00:00,EURUSD,H1,3,BUY,-6.533761558713547,4,"hit_tp=False,hit_sl=True,regime=3"
-0.0017729902,-0.00058648724,-0.002053615,-0.0068695396,0.5848083,0.52057296,0.40380397,0.39905903,0.28910357,0.42999437,0.25795662,0.50167376,0.18350954,0.95877385,0.0,0.21542454,0.00066225854,0.5862114,0.79310566,0.0,1.0,0.0,0.9130435,0.5,0.19286807,0.5564225,0.7,0.3,0.42000002,0.39999998,0.9,0.2,0.5,0.8,-1.0,1.3,2020-03-12T21:00:00,EURUSD,H1,3,BUY,-8.016180848910981,10,"hit_tp=False,hit_sl=True,regime=3"
0.0024691962,0.0022965283,0.0007062182,0.0047343443,0.3937056,0.33232757,0.3836114,0.38553908,0.37944016,0.53881574,0.5372186,0.68198836,0.21428356,1.0357089,0.0,0.35488108,0.00059172616,0.5660652,0.7830326,0.0,1.0,0.0,0.6956522,0.6666667,0.41556025,0.47154352,0.7,0.3,0.42000002,0.39999998,0.9,0.2,0.5,0.8,1.0,2.34,2020-03-13T16:00:00,EURUSD,H1,3,BUY,11.36374347274538,31,"hit_tp=True,hit_sl=False,regime=3"
-0.002809534,-0.002140139,0.0010255015,-0.0016837973,0.2657394,0.21685913,0.21892944,0.3006196,0.1789538,0.39474684,0.22140794,0.23154949,0.1507501,0.12312473,0.0,0.27628753,0.00054166396,0.56667864,0.7833393,0.0,1.0,0.0,0.73913044,1.0,0.26102498,0.4751687,0.7,0.3,0.42000002,0.39999998,0.9,0.2,0.5,0.8,-1.0,1.3,2020-03-15T17:00:00,EURUSD,H1,3,BUY,-4.588338701387862,5,"hit_tp=False,hit_sl=True,regime=3"
-0.0057954886,-0.010340647,-0.006132739,-0.0048377663,0.39257467,0.40421963,0.38108206,0.43090498,0.30330256,0.41953987,0.090933904,0.28401753,0.15089193,0.12277019,0.0,0.33133572,0.00046389792,0.5114019,0.75570095,0.0,1.0,0.0,0.73913044,0.6666667,0.11438323,0.48875436,0.7,0.3,0.42000002,0.39999998,0.9,0.2,0.5,0.8,-1.0,1.56,2020-03-20T17:00:00,EURUSD,H1,3,BUY,-7.473741305370485,42,"hit_tp=False,hit_sl=True,regime=3"
-0.0033423265,-0.0031758316,-0.0053649354,-0.007285878,0.13411033,0.25879437,0.2744556,0.31356642,0.34773344,0.41724858,0.03907438,0.14269054,0.19783293,0.0054176846,0.0,0.3049453,0.00036961667,0.5250421,0.762521,0.0,1.0,0.0,0.4347826,0.6666667,0.12115208,0.65388983,0.7,0.3,0.42000002,0.39999998,0.9,0.2,0.5,0.8,1.0,1.9500000000000002,2020-03-27T10:00:00,EURUSD,H1,3,BUY,8.38675631612995,12,"hit_tp=True,hit_sl=False,regime=3"
-0.0039769695,-0.006409406,-0.0024276595,0.0012801684,0.25039402,0.23946674,0.40773195,0.36348924,0.3857887,0.48355383,0.25779808,0.43383667,0.14323388,0.1419153,0.0,0.35593522,0.00042899494,0.5957921,0.797896,0.0,1.0,0.0,0.4347826,0.16666667,0.33943954,0.49738526,0.7,0.3,0.42000002,0.39999998,0.9,0.2,0.5,0.8,-1.0,1.3,2020-03-31T10:00:00,EURUSD,H1,3,BUY,-6.396419557337385,16,"hit_tp=False,hit_sl=True,regime=3"
0.0012256976,-0.002162693,1.5585976e-05,-0.004279243,0.26666874,0.33321285,0.3697715,0.34639806,0.3679162,0.46742374,0.25583512,0.32992795,0.24477392,1.1119348,0.0,0.2997291,0.00028764724,0.55361557,0.7768078,0.0,1.0,0.0,0.17391305,0.8333333,0.30197567,0.57063365,0.7,0.3,0.42000002,0.39999998,0.9,0.2,0.5,0.8,1.0,2.34,2020-04-04T04:00:00,EURUSD,H1,3,BUY,10.900013858023971,23,"hit_tp=True,hit_sl=False,regime=3"
-0.0031538897,-0.006172958,-0.0033386056,-0.008916474,0.31882307,0.40081885,0.35691828,0.42290246,0.42469603,0.44004434,0.0,0.2723137,0.2192471,-0.04811775,0.0,0.59808433,0.00045927466,0.5360444,0.7680222,0.0,1.0,0.0,0.9130435,1.0,0.17457515,0.47670528,0.7,0.3,0.42000002,0.39999998,0.9,0.2,0.5,0.8,-1.0,1.56,2020-04-05T21:00:00,EURUSD,H1,3,BUY,-7.557352067160128,41,"hit_tp=False,hit_sl=True,regime=3"
0.0038972904,0.0052415244,0.005276406,-0.00048424656,0.38592726,0.36460268,0.4216826,0.4114076,0.39693466,0.5211792,0.672583,0.60773563,0.31610724,-0.2902681,0.0,0.4649401,0.00048306852,0.5966855,0.79834276,0.0,1.0,0.0,0.08695652,0.33333334,0.5162529,0.519508,0.7,0.3,0.42000002,0.39999998,0.9,0.2,0.5,0.8,1.0,2.34,2020-04-08T02:00:00,EURUSD,H1,3,BUY,12.598811087685124,44,"hit_tp=True,hit_sl=False,regime=3"
-0.000109134206,-0.0006516097,-0.004842459,-0.007046953,0.62090164,0.5009075,0.38070622,0.3697585,0.28116348,0.43545887,0.14614129,0.43184167,0.19244392,0.018890178,0.0,0.3254301,0.0003993263,0.5919832,0.7959916,0.0,1.0,0.0,1.0,0.0,0.16174522,0.47299996,0.7,0.3,0.42000002,0.39999998,0.9,0.2,0.5,0.8,1.0,2.34,2020-04-13T23:00:00,EURUSD,H1,3,BUY,11.690316638015563,56,"hit_tp=True,hit_sl=False,regime=3"
-0.00025262526,-0.0024145818,-0.003657119,-0.0030606033,0.31229106,0.38240469,0.367453,0.33417135,0.19362196,0.41580233,0.24102366,0.26180318,0.14564474,0.13588814,0.0,0.29299876,0.00039356452,0.58095366,0.7904768,0.0,1.0,0.0,0.17391305,0.5,0.3193942,0.5008409,0.7,0.3,0.42000002,0.39999998,0.9,0.2,0.5,0.8,-1.0,1.3,2020-04-23T04:00:00,EURUSD,H1,3,BUY,-5.788684854324266,13,"hit_tp=False,hit_sl=True,regime=3"
-0.0040321494,-0.005182268,-0.006436307,-0.0022167994,0.35060993,0.3944263,0.39307937,0.35226032,0.46824524,0.51089287,0.38774726,0.3357656,0.17202246,0.06994384,0.0,0.43956605,0.00047188427,0.5733968,0.7866984,0.0,1.0,0.0,0.2173913,0.6666667,0.37767744,0.58723533,0.7,0.3,0.42000002,0.39999998,0.9,0.2,0.5,0.8,-1.0,1.56,2020-04-24T05:00:00,EURUSD,H1,3,BUY,-7.181671526230726,22,"hit_tp=False,hit_sl=True,regime=3"
-0.0033594545,-0.00535204,-0.0024535137,0.003175429,0.31236255,0.4622137,0.36897022,0.32961595,0.38330096,0.49993083,0.3234053,0.56900656,0.19598933,0.010026695,0.0,0.37047163,0.00037909695,0.52352405,0.761762,0.0,1.0,0.0,0.39130434,0.8333333,0.38475078,0.5425217,0.7,0.3,0.42000002,0.39999998,0.9,0.2,0.5,0.8,-1.0,1.56,2020-04-25T09:00:00,EURUSD,H1,3,BUY,-6.7488124398962235,22,"hit_tp=False,hit_sl=True,regime=3"
0.0021675015,0.003820179,0.0054669515,0.0038851784,0.2460466,0.28304192,0.36256915,0.3426625,0.33081022,0.52612704,0.57823545,0.67967516,0.19343664,0.016408402,0.0,0.32314083,0.00050526706,0.5112818,0.75564086,0.0,1.0,0.0,0.95652175,1.0,0.44645065,0.44452566,0.7,0.3,0.42000002,0.39999998,0.9,0.2,0.5,0.8,-1.0,1.3,2020-04-26T22:00:00,EURUSD,H1,3,BUY,-5.945590357163688,12,"hit_tp=False,hit_sl=True,regime=3"
0.00028910508,0.0010256245,0.0012080107,0.00650811,0.72136873,0.5807041,0.42531145,0.34988967,0.55282736,0.55666816,0.76763225,0.5138247,0.2128654,-0.032163482,0.0,0.4673095,0.00048018125,0.52205926,0.7610296,0.0,1.0,0.0,0.6956522,0.0,0.6881609,0.4654153,0.7,0.3,0.42000002,0.39999998,0.9,0.2,0.5,0.8,-1.0,1.56,2020-04-27T16:00:00,EURUSD,H1,3,BUY,-7.263917138953246,21,"hit_tp=False,hit_sl=True,regime=3"
-0.00042597635,-0.00084278535,-0.0033248828,-0.0072563845,0.546496,0.45037848,0.35589474,0.38312483,0.3462894,0.45024383,0.25495088,0.48846674,0.16564076,0.9141019,0.0,0.25385487,0.0006363275,0.5915372,0.79576856,0.0,1.0,0.0,0.9130435,0.6666667,0.22727679,0.5548564,0.7,0.3,0.42000002,0.39999998,0.9,0.2,0.5,0.8,-1.0,1.3,2020-05-01T21:00:00,EURUSD,H1,3,BUY,-6.203782053366691,2,"hit_tp=False,hit_sl=True,regime=3"
0.0017198717,-2.7642169e-05,-0.0051778513,-0.0014419064,0.39272833,0.37345326,0.38504043,0.39074066,0.3630635,0.4836974,0.37245739,0.49195966,0.14365932,0.8591483,0.0,0.17711468,0.0005702219,0.51814264,0.7590713,0.0,1.0,0.0,0.04347826,0.8333333,0.27969232,0.59220636,0.7,0.3,0.42000002,0.39999998,0.9,0.2,0.5,0.8,1.0,1.9500000000000002,2020-05-02T01:00:00,EURUSD,H1,3,BUY,10.7617380026781,14,"hit_tp=True,hit_sl=False,regime=3"
0.00028194409,-0.0012766196,-0.0045416458,-0.0083209425,0.20529394,0.31215584,0.36271745,0.37288624,0.23754138,0.3773886,0.23436001,0.11559405,0.15840815,0.10397961,0.0,0.2796923,0.00051609037,0.57758945,0.78879476,0.0,1.0,0.0,0.39130434,0.16666667,0.21823634,0.4542622,0.7,0.3,0.42000002,0.39999998,0.9,0.2,0.5,0.8,-1.0,1.3,2020-05-05T09:00:00,EURUSD,H1,3,BUY,-6.373061728330853,10,"hit_tp=False,hit_sl=True,regime=3"
0.0028829507,-0.00018947895,-0.0025156469,0.00039040452,0.3673177,0.338037,0.4182915,0.39487484,0.42119244,0.49601918,0.4313191,0.55045164,0.1479138,0.8697845,0.0,0.3400129,0.000559058,0.5819781,0.79098904,0.0,1.0,0.0,0.8695652,0.16666667,0.36602324,0.43063584,0.7,0.3,0.42000002,0.39999998,0.9,0.2,0.5,0.8,-1.0,1.56,2020-05-05T20:00:00,EURUSD,H1,3,BUY,-6.889534450955637,41,"hit_tp=False,hit_sl=True,regime=3"
0.0035674633,0.0017529007,5.774542e-05,-0.0022772425,0.28059295,0.31954774,0.29425174,0.31402585,0.28767562,0.43827567,0.3505536,0.44068384,0.23229414,1.0807353,0.0,0.2500676,0.00042097858,0.5533608,0.7766804,0.0,1.0,0.0,0.65217394,0.5,0.28116924,0.4130371,0.7,0.3,0.42000002,0.39999998,0.9,0.2,0.5,0.8,-1.0,1.3,2020-05-07T15:00:00,EURUSD,H1,3,BUY,-5.372167857244925,4,"hit_tp=False,hit_sl=True,regime=3"
-0.0025986005,-0.002446976,-0.0012781494,-0.007812084,0.30494156,0.2702061,0.20105839,0.27579555,0.2861963,0.3989817,0.10731966,0.2116053,0.14351751,0.14120623,0.0,0.4144271,0.00040140798,0.55019474,0.77509737,0.0,1.0,0.0,0.39130434,0.5,0.19319806,0.60783255,0.7,0.3,0.42000002,0.39999998,0.9,0.2,0.5,0.8,1.0,1.9500000000000002,2020-05-14T09:00:00,EURUSD,H1,3,BUY,8.8531135362091,12,"hit_tp=True,hit_sl=False,regime=3"
-0.0029882633,-6.611474e-05,-0.0028488736,-0.0033979935,0.35165158,0.36035275,0.31575784,0.3746759,0.46721014,0.479747,0.14648095,0.27240008,0.19258575,0.018535638,0.0,0.6133042,0.00048517511,0.5746257,0.78731287,0.0,1.0,0.0,0.39130434,1.0,0.34482107,0.508896,0.7,0.3,0.42000002,0.39999998,0.9,0.2,0.5,0.8,-1.0,1.3,2020-05-17T09:00:00,EURUSD,H1,3,BUY,-5.912978287971882,19,"hit_tp=False,hit_sl=True,regime=3"
0.0035169618,0.0018435406,-0.0016731065,-0.0047177523,0.3186656,0.29460126,0.2757945,0.29136804,0.31124395,0.4513086,0.299542,0.5138658,0.1867713,0.96692824,0.0,0.33442986,0.00051619933,0.5477623,0.77388114,0.0,1.0,0.0,0.26086956,0.0,0.26669765,0.5880454,0.7,0.3,0.42000002,0.39999998,0.9,0.2,0.5,0.8,-1.0,1.3,2020-05-18T06:00:00,EURUSD,H1,3,BUY,-5.253941106539983,3,"hit_tp=False,hit_sl=True,regime=3"
-0.00090241403,-0.0023346846,0.0024398218,-0.0042236815,0.3226733,0.36597082,0.39025185,0.33199596,0.33547524,0.48192972,0.31983268,0.47451454,0.3068892,1.267223,0.0,0.305426,0.00044175662,0.5541546,0.77707726,0.0,1.0,0.0,0.5217391,0.0,0.30077368,0.6084464,0.7,0.3,0.42000002,0.39999998,0.9,0.2,0.5,0.8,-1.0,1.3,2020-05-18T12:00:00,EURUSD,H1,3,BUY,-6.055631187620314,9,"hit_tp=False,hit_sl=True,regime=3"
0.00083084375,-0.0017999099,0.00028366182,-0.0063226456,0.23165646,0.33451098,0.29890865,0.31959286,0.41359133,0.43237498,0.0,0.28709474,0.1632299,0.09192527,0.0,0.45654795,0.00041123052,0.50697273,0.7534864,0.0,1.0,0.0,0.17391305,1.0,0.31530753,0.51510704,0.7,0.3,0.42000002,0.39999998,0.9,0.2,0.5,0.8,1.0,1.9500000000000002,2020-05-24T04:00:00,EURUSD,H1,3,BUY,8.286122090617187,14,"hit_tp=True,hit_sl=False,regime=3"
0.0016289211,-0.000103736376,-0.0039056798,-0.0035626055,0.19409612,0.19847256,0.23539568,0.32391092,0.19766434,0.37025145,0.19132651,0.12346958,0.3022093,-0.25552323,0.0,0.11700941,0.0005287991,0.5436031,0.77180153,0.0,1.0,0.0,0.26086956,0.5,0.28055865,0.51185477,0.7,0.3,0.42000002,0.39999998,0.9,0.2,0.5,0.8,-1.0,1.3,2020-05-28T06:00:00,EURUSD,H1,3,BUY,-6.104633452346242,13,"hit_tp=False,hit_sl=True,regime=3"
0.004686403,0.00520458,0.0028455246,0.0025018782,0.45284536,0.3856865,0.3381579,0.32926252,0.5522399,0.56424034,0.8609521,0.6678479,0.21314903,-0.032872558,0.0,0.7016557,0.0006481717,0.54626274,0.7731314,0.0,1.0,0.0,0.4347826,0.6666667,0.5830373,0.43617985,0.7,0.3,0.42000002,0.39999998,0.9,0.2,0.5,0.8,1.0,1.9500000000000002,2020-05-29T10:00:00,EURUSD,H1,3,BUY,9.46777199505311,3,"hit_tp=True,hit_sl=False,regime=3"
-0.0034444665,-0.004091422,-0.0053406195,-0.0121417,0.16896018,0.3066061,0.31292126,0.35378578,0.20259345,0.39887774,0.14767405,0.11563493,0.2020874,1.0052185,0.0,0.2746421,0.00048777956,0.5597058,0.77985287,0.0,1.0,0.0,0.5217391,0.8333333,0.0712668,0.55393046,0.7,0.3,0.42000002,0.39999998,0.9,0.2,0.5,0.8,1.0,1.9500000000000002,2020-05-30T12:00:00,EURUSD,H1,3,BUY,10.316943200063822,12,"hit_tp=True,hit_sl=False,regime=3"
-0.00312044,-0.00489441,-0.009804435,-0.009237782,0.22957714,0.33884406,0.3558892,0.3205943,0.3300368,0.37995785,0.10518449,0.040511258,0.24222125,-0.10555311,0.0,0.28059754,0.00053354155,0.58088154,0.7904408,0.0,1.0,0.0,0.9130435,0.0,0.10412759,0.51173955,0.7,0.3,0.42000002,0.39999998,0.9,0.2,0.5,0.8,-1.0,1.56,2020-06-01T21:00:00,EURUSD,H1,3,BUY,-6.1634483280803565,30,"hit_tp=False,hit_sl=True,regime=3"
-5.063728e-05,0.002151505,0.003694277,0.0015199035,0.45631006,0.31452683,0.29885507,0.2990522,0.446624,0.51886576,0.55690646,0.61672926,0.19542205,0.98855513,0.0,0.4624205,0.0005114425,0.5325759,0.766288,0.0,1.0,0.0,0.17391305,0.33333334,0.41574463,0.5536771,0.7,0.3,0.42000002,0.39999998,0.9,0.2,0.5,0.8,1.0,2.34,2020-06-03T04:00:00,EURUSD,H1,3,BUY,8.895902303425185,25,"hit_tp=True,hit_sl=False,regime=3"
0.0044798213,0.0028266066,0.002054328,0.0021909042,0.2444868,0.2306739,0.31675944,0.30146033,0.47399113,0.5202703,0.49528086,0.6542627,0.20563279,1.014082,0.0,0.38919598,0.0005716144,0.52784085,0.7639204,0.0,1.0,0.0,0.13043478,0.6666667,0.3813479,0.588929,0.7,0.3,0.42000002,0.39999998,0.9,0.2,0.5,0.8,1.0,1.9500000000000002,2020-06-12T03:00:00,EURUSD,H1,3,BUY,9.773813930069597,7,"hit_tp=True,hit_sl=False,regime=3"
-0.0044360417,-0.0025248863,-0.0024509323,-0.0042243567,0.39720285,0.47221127,0.3885446,0.41694483,0.49332696,0.50153613,0.39164943,0.4484028,0.15599729,0.11000678,0.0,0.45151398,0.0004088831,0.5631073,0.7815537,0.0,1.0,0.0,0.0,0.33333334,0.38499248,0.4127483,0.7,0.3,0.42000002,0.39999998,0.9,0.2,0.5,0.8,1.0,2.34,2020-06-17T00:00:00,EURUSD,H1,3,BUY,12.09488360728983,32,"hit_tp=True,hit_sl=False,regime=3"
-0.0040171277,-0.002253005,-0.0033429042,-0.003509512,0.19074978,0.27037147,0.24823694,0.33930042,0.4072581,0.47116655,0.18487178,0.14886764,0.23881766,-0.09704417,0.0,0.26799765,0.00041260145,0.5401858,0.7700929,0.0,1.0,0.0,0.65217394,1.0,0.30050758,0.5553271,0.7,0.3,0.42000002,0.39999998,0.9,0.2,0.5,0.8,1.0,1.9500000000000002,2020-06-21T15:00:00,EURUSD,H1,3,BUY,6.928235305028174,18,"hit_tp=True,hit_sl=False,regime=3"
-0.004158534,-0.006442507,-0.006427665,-0.004402571,0.5975333,0.45365804,0.35377747,0.3120738,0.54408437,0.515356,0.3579568,0.3359241,0.17471696,0.93679243,0.0,0.4279571,0.0003849084,0.54380685,0.77190346,0.0,1.0,0.0,0.47826087,0.0,0.29946795,0.39975587,0.7,0.3,0.42000002,0.39999998,0.9,0.2,0.5,0.8,-1.0,1.3,2020-06-22T11:00:00,EURUSD,H1,3,BUY,-5.9313265484939315,7,"hit_tp=False,hit_sl=True,regime=3"
0.002513059,-0.0012480688,-0.0010587425,0.0002473152,0.4350747,0.33510834,0.2619588,0.2867895,0.30939826,0.46559784,0.05384125,0.26897603,0.19230211,0.019244717,0.0,0.46522424,0.00034592973,0.5316224,0.7658112,0.0,1.0,0.0,0.3478261,0.16666667,0.5154631,0.55280584,0.7,0.3,0.42000002,0.39999998,0.9,0.2,0.5,0.8,1.0,1.9500000000000002,2020-06-23T08:00:00,EURUSD,H1,3,BUY,7.482559694815816,13,"hit_tp=True,hit_sl=False,regime=3"
-0.001360073,-0.0037407572,-0.007842138,-0.0046839863,0.41097844,0.4198062,0.32115838,0.3152793,0.47887072,0.49504483,0.43684983,0.2282596,0.30334383,-0.25835955,0.0,0.5147625,0.00040920413,0.5911217,0.79556084,0.0,1.0,0.0,0.2173913,0.5,0.40304318,0.5245871,0.7,0.3,0.42000002,0.39999998,0.9,0.2,0.5,0.8,-1.0,1.3,2020-06-25T05:00:00,EURUSD,H1,3,BUY,-5.421692026679192,4,"hit_tp=False,hit_sl=True,regime=3"
-0.0005221633,-0.0015242669,-0.006258852,-0.0071980916,0.41515812,0.39466515,0.40723568,0.31364062,0.36187953,0.43683916,0.1856895,0.32223272,0.31525633,1.2881409,0.0,0.47374082,0.0005023786,0.58236146,0.79118073,0.0,1.0,0.0,0.4347826,0.5,0.23269653,0.51455384,0.7,0.3,0.42000002,0.39999998,0.9,0.2,0.5,0.8,-1.0,1.56,2020-06-25T10:00:00,EURUSD,H1,3,BUY,-6.0962294995325905,23,"hit_tp=False,hit_sl=True,regime=3"
0.0015955267,0.0008867243,-0.000120603785,-0.004557165,0.4899865,0.5179976,0.42196834,0.3994789,0.26572266,0.40766302,0.18695508,0.34579492,0.31639087,-0.29097718,0.0,0.23176272,0.0006010248,0.597223,0.79861146,0.0,1.0,0.0,0.47826087,1.0,0.30960748,0.6409745,0.7,0.3,0.42000002,0.39999998,0.9,0.2,0.5,0.8,-1.0,1.56,2020-06-28T11:00:00,EURUSD,H1,3,BUY,-6.925552738576979,26,"hit_tp=False,hit_sl=True,regime=3"
-0.0003757444,-0.0006704671,-0.0005173746,-0.0027999512,0.3265434,0.3349929,0.33578682,0.32154235,0.4838969,0.53465277,0.5390376,0.5071601,0.15925905,0.89814764,0.0,0.39756536,0.00050352,0.5080315,0.75401574,0.0,1.0,0.0,0.3478261,0.16666667,0.2756711,0.46066317,0.7,0.3,0.42000002,0.39999998,0.9,0.2,0.5,0.8,-1.0,1.3,2020-06-30T08:00:00,EURUSD,H1,3,BUY,-5.806805079868749,8,"hit_tp=False,hit_sl=True,regime=3"
-0.00025881128,0.0024609389,-0.0031993135,-0.009264474,0.3915546,0.41125804,0.41104737,0.3836889,0.3175456,0.4568996,0.27800405,0.49915513,0.25682828,1.1420707,0.0,0.36666209,0.0005710138,0.50055003,0.750275,0.0,1.0,0.0,0.17391305,0.33333334,0.27080175,0.4212157,0.7,0.3,0.42000002,0.39999998,0.9,0.2,0.5,0.8,1.0,2.34,2020-07-01T04:00:00,EURUSD,H1,3,BUY,11.881644458804352,34,"hit_tp=True,hit_sl=False,regime=3"
-0.00040365782,0.001221944,0.0017647728,0.003048864,0.26025847,0.25007138,0.32137114,0.31748506,0.34406996,0.5107127,0.50339353,0.8572561,0.17088795,0.92721987,0.0,0.41503078,0.0007477356,0.56950206,0.784751,0.0,1.0,0.0,0.65217394,0.6666667,0.3670504,0.43808612,0.7,0.3,0.42000002,0.39999998,0.9,0.2,0.5,0.8,-1.0,1.3,2020-07-03T15:00:00,EURUSD,H1,3,BUY,-5.746383894467133,9,"hit_tp=False,hit_sl=True,regime=3"
0.005188444,0.0060647586,0.00801287,0.0089747645,0.32821566,0.36343533,0.35897222,0.319537,0.45197013,0.5760128,0.7398814,0.84370744,0.14323388,0.8580847,0.0,0.44189557,0.000753547,0.5167445,0.75837225,0.0,1.0,0.0,0.47826087,0.8333333,0.53583765,0.4069061,0.7,0.3,0.42000002,0.39999998,0.9,0.2,0.5,0.8,-1.0,1.3,2020-07-04T11:00:00,EURUSD,H1,3,BUY,-6.312912229990975,19,"hit_tp=False,hit_sl=True,regime=3"
-0.0040586744,-0.0033679686,-0.0059881248,-0.0030542929,0.5803956,0.4680852,0.4084032,0.39726844,0.44280392,0.49197823,0.032893274,0.3716243,0.19060032,0.023499189,0.0,0.49321246,0.00039669793,0.59265107,0.7963255,0.0,1.0,0.0,0.3478261,1.0,0.20642132,0.49049678,0.7,0.3,0.42000002,0.39999998,0.9,0.2,0.5,0.8,-1.0,1.56,2020-07-05T08:00:00,EURUSD,H1,3,BUY,-6.939786777369061,36,"hit_tp=False,hit_sl=True,regime=3"
0.002519311,0.003351828,-0.0022131384,-0.006936111,0.15403499,0.29019624,0.26351556,0.32094458,0.28983128,0.41048002,0.3089201,0.3622321,0.15273553,0.8818388,0.0,0.28669205,0.0004277948,0.5222501,0.761125,0.0,1.0,0.0,1.0,0.0,0.25638878,0.56083125,0.7,0.3,0.42000002,0.39999998,0.9,0.2,0.5,0.8,-1.0,1.3,2020-07-06T23:00:00,EURUSD,H1,3,BUY,-4.75028017674628,3,"hit_tp=False,hit_sl=True,regime=3"
0.0006650709,-0.0004379487,-0.0023832987,-0.004131641,0.4112906,0.3047072,0.47049704,0.3954772,0.26177508,0.42894506,0.18615831,0.35366392,0.20364738,-0.009118427,0.0,0.20277764,0.0004739425,0.5415964,0.7707982,0.0,1.0,0.0,0.5652174,0.33333334,0.25998133,0.50606793,0.7,0.3,0.42000002,0.39999998,0.9,0.2,0.5,0.8,-1.0,1.3,2020-07-08T13:00:00,EURUSD,H1,3,BUY,-7.659380859701415,19,"hit_tp=False,hit_sl=True,regime=3"
-0.002933972,-0.0012044988,0.0012553028,0.0027488186,0.56045955,0.4653632,0.45958322,0.34042972,0.43569118,0.5114606,0.39435217,0.47982064,0.1596845,0.10078876,0.0,0.31838638,0.0005739829,0.57953423,0.78976715,0.0,1.0,0.0,0.4347826,0.5,0.39590356,0.46212244,0.7,0.3,0.42000002,0.39999998,0.9,0.2,0.5,0.8,-1.0,1.56,2020-07-09T10:00:00,EURUSD,H1,3,BUY,-6.888246724678915,28,"hit_tp=False,hit_sl=True,regime=3"
-0.0024667962,-0.0008764206,-0.0030847993,-0.003591134,0.32231396,0.36504632,0.30658835,0.43861017,0.32512754,0.4509737,0.034173835,0.39384922,0.16464804,0.08837988,0.0,0.32639349,0.00039277045,0.5097151,0.75485754,0.0,1.0,0.0,0.3043478,0.8333333,0.17550859,0.57615507,0.7,0.3,0.42000002,0.39999998,0.9,0.2,0.5,0.8,1.0,1.9500000000000002,2020-07-11T07:00:00,EURUSD,H1,3,BUY,11.609995739954027,11,"hit_tp=True,hit_sl=False,regime=3"
-0.0048269182,-0.0049781115,-0.008616561,-0.01426159,0.25545964,0.34329093,0.31444612,0.3197943,0.11518925,0.33572775,0.08801546,0.072830595,0.16549894,0.086252645,0.0,0.22621031,0.0006487286,0.58154565,0.7907728,0.0,1.0,0.0,0.3043478,0.33333334,0.10697959,0.52719384,0.7,0.3,0.42000002,0.39999998,0.9,0.2,0.5,0.8,1.0,1.9500000000000002,2020-07-15T07:00:00,EURUSD,H1,3,BUY,9.021849251782399,15,"hit_tp=True,hit_sl=False,regime=3"
-0.002267445,-0.009094198,-0.0095222825,-0.012374532,0.6767474,0.56274945,0.5071735,0.4330439,0.24415946,0.32776338,0.10480234,0.23099576,0.20350556,-0.008763887,0.0,0.3948653,0.0005409409,0.56481165,0.7824058,0.0,1.0,0.0,0.9130435,0.6666667,0.131805,0.39531496,0.7,0.3,0.42000002,0.39999998,0.9,0.2,0.5,0.8,-1.0,1.3,2020-07-17T21:00:00,EURUSD,H1,3,BUY,-8.173060812122213,9,"hit_tp=False,hit_sl=True,regime=3"
0.00091891683,-0.001665212,0.00036229592,0.003935619,0.33710057,0.31640917,0.29450977,0.3541977,0.39048597,0.49360552,0.47421792,0.5715388,0.15103374,0.87758434,0.0,0.26857835,0.0005390658,0.5131713,0.75658566,0.0,1.0,0.0,0.4347826,0.8333333,0.37366542,0.43121403,0.7,0.3,0.42000002,0.39999998,0.9,0.2,0.5,0.8,-1.0,1.3,2020-07-18T10:00:00,EURUSD,H1,3,BUY,-5.511907299491359,13,"hit_tp=False,hit_sl=True,regime=3"
-0.00010847582,-0.0047977786,-0.0051194807,-0.002771639,0.32423323,0.27726755,0.3412464,0.28008232,0.40780228,0.45717028,0.13774341,0.19714817,0.1768442,0.0578895,0.0,0.5307726,0.0003135131,0.523889,0.7619445,0.0,1.0,0.0,0.65217394,0.33333334,0.5357026,0.5315458,0.7,0.3,0.42000002,0.39999998,0.9,0.2,0.5,0.8,-1.0,1.3,2020-07-22T15:00:00,EURUSD,H1,3,BUY,-5.975678133791629,12,"hit_tp=False,hit_sl=True,regime=3"
0.0018805603,-0.0006878834,-0.00016587316,-0.007264527,0.27511588,0.4081375,0.43403643,0.33897582,0.39272308,0.39645764,0.27613685,0.32187706,0.15103374,0.87758434,0.0,0.42538273,0.0003939394,0.53870165,0.7693508,0.0,1.0,0.0,0.26086956,0.5,0.2334168,0.4339637,0.7,0.3,0.42000002,0.39999998,0.9,0.2,0.5,0.8,-1.0,1.3,2020-07-23T06:00:00,EURUSD,H1,3,BUY,-6.67635311446535,9,"hit_tp=False,hit_sl=True,regime=3"
-0.0016310883,-0.00301575,-0.00083106034,-0.0006162299,0.3594679,0.43836015,0.3364678,0.3161008,0.56022257,0.51662445,0.48615533,0.3885447,0.14280842,0.14297894,0.0,0.5007126,0.00047726327,0.56785417,0.7839271,0.0,1.0,0.0,0.65217394,0.6666667,0.54369545,0.5744592,0.7,0.3,0.42000002,0.39999998,0.9,0.2,0.5,0.8,-1.0,1.3,2020-07-24T15:00:00,EURUSD,H1,3,BUY,-5.355219647036336,6,"hit_tp=False,hit_sl=True,regime=3"
0.0007539541,2.8925957e-05,-0.0005141069,-0.0073555913,0.46204513,0.48213583,0.41325673,0.35604492,0.39854982,0.4557775,0.2635763,0.36277395,0.32489982,1.3122495,0.0,0.32403323,0.0004614338,0.5243819,0.76219094,0.0,1.0,0.0,0.95652175,0.6666667,0.23794934,0.58173263,0.7,0.3,0.42000002,0.39999998,0.9,0.2,0.5,0.8,-1.0,1.3,2020-07-24T22:00:00,EURUSD,H1,3,BUY,-7.243013165818546,7,"hit_tp=False,hit_sl=True,regime=3"
0.003965444,0.005820308,0.0069434,0.007300874,0.24795361,0.21931987,0.2514182,0.32502365,0.38244426,0.5127964,0.54513717,0.7909704,0.240094,-0.10023502,0.0,0.45636958,0.0005088604,0.5727657,0.78638285,0.0,1.0,0.0,0.47826087,0.8333333,0.4530494,0.51472807,0.7,0.3,0.42000002,0.39999998,0.9,0.2,0.5,0.8,-1.0,1.3,2020-07-25T11:00:00,EURUSD,H1,3,BUY,-5.281386239981423,3,"hit_tp=False,hit_sl=True,regime=3"
0.0012297917,0.0012016495,-0.0007037025,-0.0057696966,0.5764469,0.6006678,0.5034049,0.38664582,0.42285678,0.49267516,0.30160922,0.50885886,0.21485081,1.037127,0.0,0.49855664,0.00053916534,0.50558835,0.7527942,0.0,1.0,0.0,0.8695652,0.8333333,0.28850198,0.46492192,0.7,0.3,0.42000002,0.39999998,0.9,0.2,0.5,0.8,-1.0,1.56,2020-07-25T20:00:00,EURUSD,H1,3,BUY,-7.7233274798493845,34,"hit_tp=False,hit_sl=True,regime=3"
-0.001800742,-0.008008697,-0.00072030036,0.005365478,0.36812875,0.38969547,0.24504833,0.22252782,0.350736,0.51195866,0.49476975,0.40347522,0.22799581,-0.06998953,0.0,0.45878187,0.00050264254,0.5846885,0.7923442,1.0,0.0,0.0,0.26086956,0.33333334,0.43682468,0.53579074,0.7,0.35,0.48999998,0.35,0.95,0.15,0.55,0.85,-1.0,1.3,2020-01-01T06:00:00,EURUSD,H1,1,BUY,-7.255440968598759,4,"hit_tp=False,hit_sl=True,regime=1"
0.00082551176,-0.0060272967,-0.0035379366,-0.006336139,0.34766513,0.32892278,0.30890676,0.3340195,0.12729558,0.45038524,0.266591,0.4902141,0.23171017,-0.079275414,0.0,0.22467643,0.00082968565,0.46806893,0.7340345,1.0,0.0,0.0,0.9130435,0.33333334,0.25855705,0.49263763,0.7,0.35,0.48999998,0.35,0.95,0.15,0.55,0.85,-1.0,1.56,2020-01-01T21:00:00,EURUSD,H1,1,BUY,-11.000055667034214,25,"hit_tp=False,hit_sl=True,regime=1"
0.002402346,0.0075138207,0.0137515515,0.0057789367,0.19604206,0.31893677,0.35584316,0.31998113,0.3858651,0.49971965,0.44416946,0.7951741,0.1887766,0.0280585,0.0,0.33520672,0.0011443318,0.5997917,0.7998958,1.0,0.0,0.0,0.04347826,0.6666667,0.4655894,0.43367603,0.7,0.35,0.48999998,0.35,0.95,0.15,0.55,0.85,1.0,1.9500000000000002,2020-01-03T01:00:00,EURUSD,H1,1,BUY,20.441731759415216,16,"hit_tp=True,hit_sl=False,regime=1"
0.005641457,0.0057418705,0.0029271427,0.0039660274,0.30832297,0.3183429,0.31926334,0.35387537,0.45789775,0.47314343,0.4471342,0.4283987,0.16692746,0.08268136,0.0,0.5645918,0.00061625475,0.5846085,0.7923042,1.0,0.0,0.0,0.47826087,0.0,0.49422008,0.530706,0.7,0.35,0.48999998,0.35,0.95,0.15,0.55,0.85,1.0,2.34,2020-01-06T11:00:00,EURUSD,H1,1,BUY,21.820932029692486,57,"hit_tp=True,hit_sl=False,regime=1"
-0.0015415389,-0.0024202233,-0.007564971,-0.013960275,0.2454737,0.21160473,0.23009811,0.29827204,0.20930505,0.3973963,0.004897162,0.04215605,0.30151817,-0.25379544,0.0,0.3279325,0.0007625733,0.4463291,0.72316456,1.0,0.0,0.0,0.5217391,0.6666667,0.14376801,0.5333894,0.7,0.35,0.48999998,0.35,0.95,0.15,0.55,0.85,-1.0,1.3,2020-01-10T12:00:00,EURUSD,H1,1,BUY,-9.131455660555954,10,"hit_tp=False,hit_sl=True,regime=1"
-0.0006019606,0.0016631634,-0.0056887683,-0.0124034835,0.4444378,0.3896241,0.32820812,0.29838276,0.30197126,0.4708285,0.24771866,0.47966748,0.24962646,1.1240661,0.0,0.3177655,0.000951567,0.49431762,0.7471588,1.0,0.0,0.0,0.0,0.8333333,0.28710315,0.39323333,0.7,0.35,0.48999998,0.35,0.95,0.15,0.55,0.85,1.0,1.9500000000000002,2020-01-11T00:00:00,EURUSD,H1,1,BUY,19.559967635971454,15,"hit_tp=True,hit_sl=False,regime=1"
-0.0017648031,-0.0005437352,-0.005347736,-0.012058034,0.2687898,0.23474701,0.26818225,0.25204763,0.4025197,0.41282663,0.16467184,0.25430954,0.21401235,-0.0350309,0.0,0.4147932,0.0007536516,0.53374296,0.7668715,1.0,0.0,0.0,0.5217391,0.8333333,0.24507119,0.65008765,0.7,0.35,0.48999998,0.35,0.95,0.15,0.55,0.85,-1.0,1.3,2020-01-18T12:00:00,EURUSD,H1,1,BUY,-8.899553388972414,12,"hit_tp=False,hit_sl=True,regime=1"
-0.0026889148,-0.0063308747,-0.004424797,-0.011881447,0.40724927,0.47474247,0.42207912,0.3328129,0.3222439,0.45049813,0.050126143,0.17368002,0.1469355,0.13266127,0.0,0.41946787,0.0006681806,0.45922625,0.7296131,1.0,0.0,0.0,0.95652175,0.0,0.19585541,0.6550586,0.7,0.35,0.48999998,0.35,0.95,0.15,0.55,0.85,-1.0,1.3,2020-01-20T22:00:00,EURUSD,H1,1,BUY,-13.287740104941381,7,"hit_tp=False,hit_sl=True,regime=1"
0.0060192584,0.00032642152,-0.005138505,-0.017422726,0.6111919,0.4839504,0.4578733,0.4403073,0.20007636,0.39261392,0.20883615,0.3083382,0.14606152,0.1348462,0.0,0.2539877,0.0011398338,0.46654835,0.73327416,1.0,0.0,0.0,0.4347826,0.16666667,0.22759134,0.48907623,0.7,0.35,0.48999998,0.35,0.95,0.15,0.55,0.85,-1.0,1.56,2020-01-21T10:00:00,EURUSD,H1,1,BUY,-15.153939406982175,32,"hit_tp=False,hit_sl=True,regime=1"
0.00971414,0.019582957,0.017218955,0.009971796,0.4721393,0.3368524,0.33382922,0.3740325,0.41709104,0.51949006,0.52749383,0.76059103,0.23924813,-0.0981203,0.0,0.4599521,0.0014320716,0.5750357,0.78751785,1.0,0.0,0.0,0.8695652,0.33333334,0.559408,0.5560386,0.7,0.35,0.48999998,0.35,0.95,0.15,0.55,0.85,1.0,2.34,2020-01-22T20:00:00,EURUSD,H1,1,BUY,20.270388690484253,23,"hit_tp=True,hit_sl=False,regime=1"
-0.0019407492,-0.005747333,-0.010049346,-0.018318411,0.18693575,0.22588442,0.24406438,0.25660866,0.21819441,0.37987342,0.19700894,0.15387443,0.24361795,-0.10904488,0.0,0.3181129,0.00097184826,0.577557,0.78877854,1.0,0.0,0.0,0.6086956,0.6666667,0.14780405,0.48389727,0.7,0.35,0.48999998,0.35,0.95,0.15,0.55,0.85,-1.0,1.3,2020-01-24T14:00:00,EURUSD,H1,1,BUY,-7.841465423390481,2,"hit_tp=False,hit_sl=True,regime=1"
-0.005988009,-0.004837566,-0.0056677395,-0.006450924,0.33247936,0.32336754,0.2559231,0.29951364,0.36764735,0.43858013,0.0,0.35159227,0.30577877,-0.2644469,0.0,0.25752923,0.00070634385,0.5080896,0.7540448,1.0,0.0,0.0,0.8695652,0.16666667,0.2685376,0.5059631,0.7,0.35,0.48999998,0.35,0.95,0.15,0.55,0.85,1.0,1.9500000000000002,2020-01-28T20:00:00,EURUSD,H1,1,BUY,16.35791795740138,9,"hit_tp=True,hit_sl=False,regime=1"
-0.004206167,-0.0013675954,-0.0020784447,-0.010344222,0.31038603,0.2793,0.2892105,0.26817375,0.095466904,0.36946276,0.16637474,0.22242455,0.20538194,-0.013454873,0.0,0.08968465,0.0009058307,0.55147254,0.7757363,1.0,0.0,0.0,0.13043478,0.6666667,0.21330856,0.5599835,0.7,0.35,0.48999998,0.35,0.95,0.15,0.55,0.85,-1.0,1.3,2020-01-31T03:00:00,EURUSD,H1,1,BUY,-10.418396714786393,14,"hit_tp=False,hit_sl=True,regime=1"
-0.0012357085,-0.011832948,-0.016949484,-0.021523355,0.5611429,0.48986596,0.37814668,0.34812757,0.26431382,0.41348872,0.16084644,0.2979156,0.18298657,0.9574664,0.0,0.38530445,0.0009724345,0.4516572,0.7258286,1.0,0.0,0.0,0.82608694,0.6666667,0.11307808,0.45619273,0.7,0.35,0.48999998,0.35,0.95,0.15,0.55,0.85,-1.0,1.56,2020-01-31T19:00:00,EURUSD,H1,1,BUY,-13.492214252044388,41,"hit_tp=False,hit_sl=True,regime=1"
-0.0011233947,-0.012250852,-0.002711121,0.0010644022,0.3671123,0.33614758,0.3466705,0.3687872,0.5064224,0.49481586,0.36177096,0.23532681,0.2129199,1.0322998,0.0,0.5456732,0.0005418011,0.4017559,0.70087796,1.0,0.0,0.0,0.73913044,1.0,0.31031856,0.45025086,0.7,0.35,0.48999998,0.35,0.95,0.15,0.55,0.85,1.0,2.34,2020-02-02T17:00:00,EURUSD,H1,1,BUY,19.19767462563504,21,"hit_tp=True,hit_sl=False,regime=1"
-0.0038129212,-0.0017716864,-0.0016199156,-0.0031941144,0.25709102,0.30483666,0.32443327,0.40023744,0.2316282,0.40961173,0.19331473,0.18312824,0.20898706,-0.022467645,0.0,0.306777,0.0009266546,0.5970748,0.7985374,1.0,0.0,0.0,0.26086956,0.16666667,0.27202085,0.5675245,0.7,0.35,0.48999998,0.35,0.95,0.15,0.55,0.85,-1.0,1.3,2020-02-04T06:00:00,EURUSD,H1,1,BUY,-12.055043341396843,20,"hit_tp=False,hit_sl=True,regime=1"
0.0023654907,0.00013809204,-0.007197855,-0.0073978547,0.70838207,0.5796639,0.43458626,0.4275398,0.3335994,0.4907017,0.34110075,0.4118282,0.20887782,1.0221945,0.0,0.42598358,0.0006942051,0.4157162,0.7078581,1.0,0.0,0.0,0.13043478,0.33333334,0.32385704,0.39403582,0.7,0.35,0.48999998,0.35,0.95,0.15,0.55,0.85,-1.0,1.3,2020-02-05T03:00:00,EURUSD,H1,1,BUY,-13.83220144829167,7,"hit_tp=False,hit_sl=True,regime=1"
0.0028516757,0.002937613,0.0033694273,0.0042709713,0.29031542,0.32024541,0.29271358,0.3567378,0.44150963,0.51893574,0.55192286,0.61954904,0.17774278,0.944357,0.0,0.41587624,0.0010523875,0.5307865,0.76539326,1.0,0.0,0.0,0.6086956,0.33333334,0.3684373,0.36741006,0.7,0.35,0.48999998,0.35,0.95,0.15,0.55,0.85,-1.0,1.56,2020-02-05T14:00:00,EURUSD,H1,1,BUY,-13.292937405307015,33,"hit_tp=False,hit_sl=True,regime=1"
0.007170293,0.009691848,0.013954053,0.007876848,0.25054023,0.34891787,0.29545924,0.32827234,0.30422416,0.5044052,0.48253873,0.6773979,0.19194473,0.020138185,0.0,0.33293214,0.0009892583,0.58432895,0.79216444,1.0,0.0,0.0,0.47826087,0.6666667,0.4736809,0.5898061,0.7,0.35,0.48999998,0.35,0.95,0.15,0.55,0.85,1.0,2.34,2020-02-07T11:00:00,EURUSD,H1,1,BUY,18.84991985635187,25,"hit_tp=True,hit_sl=False,regime=1"
-0.0015730769,-0.0036030358,-0.008944708,-0.016209504,0.21039699,0.22518991,0.2710211,0.26852968,0.36327714,0.41048512,0.1037365,0.08160154,0.17501163,0.0624709,0.0,0.2543297,0.00061675534,0.47598302,0.7379915,1.0,0.0,0.0,0.6956522,1.0,0.13172272,0.64622974,0.7,0.35,0.48999998,0.35,0.95,0.15,0.55,0.85,-1.0,1.3,2020-02-09T16:00:00,EURUSD,H1,1,BUY,-9.185402638818285,3,"hit_tp=False,hit_sl=True,regime=1"
0.002714274,0.0010499791,-0.0042659403,-0.010144661,0.3186785,0.30213526,0.2880491,0.2741472,0.24276309,0.4113353,0.3040211,0.45842427,0.28130773,1.2032694,0.0,0.30547515,0.0007608982,0.5317291,0.76586455,1.0,0.0,0.0,0.8695652,1.0,0.22247182,0.66520476,0.7,0.35,0.48999998,0.35,0.95,0.15,0.55,0.85,1.0,1.9500000000000002,2020-02-09T20:00:00,EURUSD,H1,1,BUY,16.847763340317456,17,"hit_tp=True,hit_sl=False,regime=1"
-0.004488148,-0.0022866554,-0.0027321945,-0.015284933,0.21455728,0.24605152,0.34972906,0.3822976,0.38625398,0.45220727,0.13491336,0.17043562,0.18462527,0.03843684,0.0,0.48666412,0.0005853242,0.4736893,0.73684466,1.0,0.0,0.0,0.9130435,0.0,0.27789348,0.45095962,0.7,0.35,0.48999998,0.35,0.95,0.15,0.55,0.85,-1.0,1.3,2020-02-10T21:00:00,EURUSD,H1,1,BUY,-11.342328177847971,17,"hit_tp=False,hit_sl=True,regime=1"
0.003678557,0.00894124,0.0028075168,0.0032617575,0.43273443,0.34070292,0.3362004,0.3181133,0.38783854,0.51240814,0.4831936,0.5803201,0.3027199,1.2567997,0.0,0.5351508,0.00072952954,0.468615,0.73430747,1.0,0.0,0.0,0.0,0.33333334,0.39178208,0.40449455,0.7,0.35,0.48999998,0.35,0.95,0.15,0.55,0.85,-1.0,1.3,2020-02-12T00:00:00,EURUSD,H1,1,BUY,-10.843871421386542,2,"hit_tp=False,hit_sl=True,regime=1"
-0.005385045,-0.015899274,-0.013813309,-0.0048782453,0.7171014,0.66165966,0.43129206,0.38414773,0.41181967,0.48364404,0.070902325,0.37091938,0.24569362,1.1142341,0.0,0.4751397,0.0011948425,0.57387245,0.7869362,1.0,0.0,0.0,0.13043478,0.33333334,0.14777015,0.43058026,0.7,0.35,0.48999998,0.35,0.95,0.15,0.55,0.85,-1.0,1.3,2020-02-12T03:00:00,EURUSD,H1,1,BUY,-14.6211697655807,17,"hit_tp=False,hit_sl=True,regime=1"
-0.010220053,-0.013338038,-0.018725947,-0.022895899,0.2570511,0.28752002,0.23697393,0.3250258,0.3507388,0.4548612,0.0,0.10256627,0.27256808,1.1814202,0.0,0.56449485,0.0007583557,0.45376846,0.72688425,1.0,0.0,0.0,0.5217391,0.5,0.11175398,0.5390629,0.7,0.35,0.48999998,0.35,0.95,0.15,0.55,0.85,-1.0,1.3,2020-02-13T12:00:00,EURUSD,H1,1,BUY,-7.905741930873678,5,"hit_tp=False,hit_sl=True,regime=1"
0.00020803715,-0.0017799337,-0.0006948893,-0.00392237,0.5423669,0.4246782,0.3533604,0.29739526,0.40051845,0.5329183,0.53010267,0.47395414,0.22078559,1.051964,0.0,0.5572303,0.0011325658,0.5534811,0.77674055,1.0,0.0,0.0,0.2173913,0.6666667,0.35885528,0.5693062,0.7,0.35,0.48999998,0.35,0.95,0.15,0.55,0.85,-1.0,1.3,2020-02-14T05:00:00,EURUSD,H1,1,BUY,-11.62328863295814,2,"hit_tp=False,hit_sl=True,regime=1"
0.0033932969,-0.003161424,0.003955685,0.0021753993,0.4025286,0.38499472,0.38650227,0.31921688,0.47040513,0.55244404,0.66136765,0.48668128,0.16212064,0.094698384,0.0,0.4867154,0.00093377836,0.45624357,0.72812176,1.0,0.0,0.0,0.3478261,0.6666667,0.45317757,0.56490815,0.7,0.35,0.48999998,0.35,0.95,0.15,0.55,0.85,-1.0,1.3,2020-02-14T08:00:00,EURUSD,H1,1,BUY,-12.890778630922917,17,"hit_tp=False,hit_sl=True,regime=1"
0.0049288697,0.0019419915,0.002472256,-0.011326822,0.41024196,0.36393732,0.2863209,0.32029977,0.5322972,0.51031685,0.3816956,0.47775468,0.22198729,1.0549682,0.0,0.508472,0.0009774688,0.51731306,0.75865656,1.0,0.0,0.0,0.08695652,0.8333333,0.39968815,0.558751,0.7,0.35,0.48999998,0.35,0.95,0.15,0.55,0.85,1.0,1.9500000000000002,2020-02-15T02:00:00,EURUSD,H1,1,BUY,16.512449799728213,16,"hit_tp=True,hit_sl=False,regime=1"
-0.0012167925,-0.00984012,-0.010239365,-0.014810471,0.26654717,0.33964762,0.34044996,0.32148024,0.38355958,0.42645657,0.0,0.093647376,0.20680214,-0.01700536,0.0,0.40775627,0.0006164093,0.48831785,0.7441589,1.0,0.0,0.0,0.0,1.0,0.2899126,0.39282405,0.7,0.35,0.48999998,0.35,0.95,0.15,0.55,0.85,1.0,2.34,2020-02-16T00:00:00,EURUSD,H1,1,BUY,19.818388413281873,27,"hit_tp=True,hit_sl=False,regime=1"
-0.0009011849,-0.0074001653,-0.008147674,-0.013647932,0.41550338,0.34084004,0.4163743,0.3753998,0.32440507,0.38954565,0.17615256,0.27276316,0.19423889,0.014402785,0.0,0.26832005,0.000937439,0.501444,0.750722,1.0,0.0,0.0,0.17391305,0.16666667,0.30351952,0.63756186,0.7,0.35,0.48999998,0.35,0.95,0.15,0.55,0.85,-1.0,1.3,2020-02-18T04:00:00,EURUSD,H1,1,BUY,-14.681750921137215,15,"hit_tp=False,hit_sl=True,regime=1"
0.004297787,-0.0004901409,-0.002075021,0.0015921998,0.3517101,0.3428052,0.30716252,0.2932169,0.67931867,0.56549627,1.0,0.61394215,0.17075105,0.9268776,0.0,0.4670169,0.0011572446,0.5401077,0.77005386,1.0,0.0,0.0,0.4347826,0.33333334,0.5283068,0.52274173,0.7,0.35,0.48999998,0.35,0.95,0.15,0.55,0.85,-1.0,1.3,2020-02-19T10:00:00,EURUSD,H1,1,BUY,-9.858473694352998,5,"hit_tp=False,hit_sl=True,regime=1"
-0.0030622326,-0.004817792,-0.005825017,-0.0057146573,0.45218277,0.37698743,0.33991623,0.29569918,0.5710231,0.5477907,0.56094855,0.48215672,0.2014491,1.0036228,0.0,0.569658,0.0009906768,0.45333654,0.7266683,1.0,0.0,0.0,0.6956522,0.33333334,0.6012023,0.59435284,0.7,0.35,0.48999998,0.35,0.95,0.15,0.55,0.85,-1.0,1.56,2020-02-19T16:00:00,EURUSD,H1,1,BUY,-10.822251230218072,30,"hit_tp=False,hit_sl=True,regime=1"
-0.0003907179,0.0062948177,0.00014121606,-0.005842252,0.3796693,0.34226337,0.3214832,0.31724316,0.35120016,0.41907904,0.3035735,0.46759364,0.22264278,-0.05660693,0.0,0.43907592,0.0006811224,0.5589066,0.77945334,1.0,0.0,0.0,0.0,0.6666667,0.2852636,0.44907746,0.7,0.35,0.48999998,0.35,0.95,0.15,0.55,0.85,1.0,1.9500000000000002,2020-02-21T00:00:00,EURUSD,H1,1,BUY,19.673701548008626,19,"hit_tp=True,hit_sl=False,regime=1"
-0.0053271325,-0.00350994,-0.005575286,-0.004209812,0.3646169,0.35249227,0.29297167,0.25372753,0.25543693,0.42152148,0.14946666,0.25774378,0.2994425,-0.24860628,0.0,0.3127839,0.000615612,0.5476351,0.77381754,1.0,0.0,0.0,0.4347826,0.33333334,0.13948916,0.5222512,0.7,0.35,0.48999998,0.35,0.95,0.15,0.55,0.85,-1.0,1.3,2020-02-26T10:00:00,EURUSD,H1,1,BUY,-9.032365244661111,17,"hit_tp=False,hit_sl=True,regime=1"
1.0822556e-06,-0.0026445605,-0.0076181307,-0.0047330796,0.33705038,0.3384458,0.34726852,0.3447402,0.14350083,0.4352504,0.30731177,0.4498409,0.20319703,1.0079926,0.0,0.21422489,0.00077914173,0.41904664,0.7095233,1.0,0.0,0.0,0.4347826,0.5,0.25370845,0.5624958,0.7,0.35,0.48999998,0.35,0.95,0.15,0.55,0.85,-1.0,1.3,2020-02-27T10:00:00,EURUSD,H1,1,BUY,-12.034081273921693,3,"hit_tp=False,hit_sl=True,regime=1"
0.00020512716,-0.0022204646,-0.00053218805,-0.008456919,0.47415873,0.4344647,0.40057752,0.35397622,0.37201416,0.5021933,0.35803145,0.4105474,0.15884328,0.8971082,0.0,0.31383553,0.0009596399,0.49126294,0.74563146,1.0,0.0,0.0,0.3043478,0.8333333,0.20767665,0.5251748,0.7,0.35,0.48999998,0.35,0.95,0.15,0.55,0.85,1.0,1.9500000000000002,2020-02-29T07:00:00,EURUSD,H1,1,BUY,21.54925173013078,14,"hit_tp=True,hit_sl=False,regime=1"
0.0023525204,-0.003764119,-0.00054024655,0.0004863494,0.3587049,0.3475869,0.33020738,0.3651495,0.36951855,0.49487787,0.483161,0.32845476,0.33953568,1.3488393,0.0,0.4294562,0.0008370477,0.599913,0.7999565,1.0,0.0,0.0,0.65217394,0.0,0.39584002,0.36922112,0.7,0.35,0.48999998,0.35,0.95,0.15,0.55,0.85,0.0,1.56,2020-03-02T15:00:00,EURUSD,H1,1,BUY,-2.8014092484274222,100,"hit_tp=False,hit_sl=False,regime=1"
-0.00020076563,-0.0004900219,-0.004526891,-0.006576043,0.32181135,0.2949656,0.3239565,0.35012898,0.38626218,0.45239154,0.13232954,0.22240566,0.20341553,-0.008538816,0.0,0.3678646,0.00048226528,0.42876828,0.71438414,1.0,0.0,0.0,0.8695652,0.6666667,0.30879483,0.47193053,0.7,0.35,0.48999998,0.35,0.95,0.15,0.55,0.85,-1.0,1.3,2020-03-06T20:00:00,EURUSD,H1,1,BUY,-12.081901946017215,17,"hit_tp=False,hit_sl=True,regime=1"
0.009077547,0.0048950417,-0.0020836468,-0.005546096,0.3379697,0.30760044,0.30868202,0.29795048,0.34059834,0.44683242,0.31407976,0.4766617,0.19008754,0.024781128,0.0,0.39947116,0.0010072627,0.56028587,0.78014296,1.0,0.0,0.0,0.73913044,0.8333333,0.30418944,0.56039417,0.7,0.35,0.48999998,0.35,0.95,0.15,0.55,0.85,-1.0,1.56,2020-03-07T17:00:00,EURUSD,H1,1,BUY,-10.857000322481714,24,"hit_tp=False,hit_sl=True,regime=1"
0.0062621306,-0.00042342907,0.003769715,-0.006944972,0.2505794,0.28439412,0.365511,0.3267618,0.4264471,0.48606327,0.4060357,0.5188001,0.17304522,0.932613,0.0,0.35397115,0.00094881665,0.57625604,0.788128,1.0,0.0,0.0,1.0,1.0,0.31602278,0.4688048,0.7,0.35,0.48999998,0.35,0.95,0.15,0.55,0.85,1.0,1.9500000000000002,2020-03-08T23:00:00,EURUSD,H1,1,BUY,18.59874403221662,15,"hit_tp=True,hit_sl=False,regime=1"
0.00037841187,-0.0033556262,3.9966908e-05,-0.011479941,0.3118873,0.30281323,0.3546716,0.31385323,0.1469363,0.39128315,0.2328424,0.24008435,0.23138243,-0.078456074,0.0,0.23160669,0.00073426566,0.4978068,0.7489034,1.0,0.0,0.0,0.26086956,0.16666667,0.2322719,0.43844032,0.7,0.35,0.48999998,0.35,0.95,0.15,0.55,0.85,-1.0,1.3,2020-03-10T06:00:00,EURUSD,H1,1,BUY,-12.113441954642035,14,"hit_tp=False,hit_sl=True,regime=1"
0.0009048836,0.0047016162,0.0020673643,0.0068175355,0.34873033,0.32992166,0.26276976,0.30903253,0.65983,0.5843376,0.88814104,0.5945051,0.15906176,0.8976544,0.0,0.52305496,0.00096829835,0.43849584,0.71924794,1.0,0.0,0.0,0.5217391,0.33333334,0.49593613,0.35370016,0.7,0.35,0.48999998,0.35,0.95,0.15,0.55,0.85,1.0,1.9500000000000002,2020-03-11T12:00:00,EURUSD,H1,1,BUY,14.220059557452647,6,"hit_tp=True,hit_sl=False,regime=1"
-0.0008015284,-0.003667784,-0.00357362,-0.009925965,0.47330976,0.41612872,0.3462017,0.37019426,0.22534174,0.42038673,0.12689306,0.3683758,0.21401235,-0.0350309,0.0,0.2309711,0.0007385335,0.48587388,0.7429369,1.0,0.0,0.0,0.5652174,0.6666667,0.19916372,0.42673063,0.7,0.35,0.48999998,0.35,0.95,0.15,0.55,0.85,-1.0,1.3,2020-03-13T13:00:00,EURUSD,H1,1,BUY,-12.359901541649787,4,"hit_tp=False,hit_sl=True,regime=1"
-0.0025257864,-0.0014169143,0.0018749023,0.0006302677,0.310676,0.2882128,0.3333434,0.33977252,0.34868288,0.49133405,0.43929943,0.6874184,0.19172624,0.9793156,0.0,0.3374473,0.0009390989,0.5232975,0.7616487,1.0,0.0,0.0,1.0,0.6666667,0.31866843,0.37407783,0.7,0.35,0.48999998,0.35,0.95,0.15,0.55,0.85,-1.0,1.56,2020-03-13T23:00:00,EURUSD,H1,1,BUY,-12.43084461757249,42,"hit_tp=False,hit_sl=True,regime=1"
-0.0005437501,-0.0013462531,-0.0016202186,-0.003359468,0.31655508,0.3851033,0.30912405,0.2795605,0.3192552,0.49772412,0.40345415,0.3651039,0.20538194,-0.013454873,0.0,0.1421632,0.00048697024,0.49705958,0.7485298,1.0,0.0,0.0,0.04347826,0.0,0.43702573,0.70668346,0.7,0.35,0.48999998,0.35,0.95,0.15,0.55,0.85,1.0,1.9500000000000002,2020-03-16T01:00:00,EURUSD,H1,1,BUY,17.980908822825548,15,"hit_tp=True,hit_sl=False,regime=1"
0.0018507709,0.008234234,0.009011723,-0.00071676384,0.3077981,0.33129966,0.35271245,0.27099004,0.28783157,0.45333385,0.34591177,0.5802609,0.15327173,0.11682065,0.0,0.3981312,0.00051041204,0.41210333,0.70605165,1.0,0.0,0.0,0.73913044,0.16666667,0.38950166,0.41224116,0.7,0.35,0.48999998,0.35,0.95,0.15,0.55,0.85,-1.0,1.3,2020-03-17T17:00:00,EURUSD,H1,1,BUY,-10.468994042269752,5,"hit_tp=False,hit_sl=True,regime=1"
0.0024913258,-0.0005674575,-0.0068378616,-0.012989229,0.29181495,0.4011713,0.2956444,0.29652324,0.27066043,0.44618532,0.3015145,0.24752034,0.19511285,0.9877821,0.0,0.3165324,0.0008114208,0.41785112,0.70892555,1.0,0.0,0.0,0.2173913,0.33333334,0.23826654,0.4574399,0.7,0.35,0.48999998,0.35,0.95,0.15,0.55,0.85,1.0,1.9500000000000002,2020-03-18T05:00:00,EURUSD,H1,1,BUY,15.888702998780868,7,"hit_tp=True,hit_sl=False,regime=1"
-0.01020721,-0.009517142,-0.010857431,-0.022390032,0.5168398,0.47544354,0.42416403,0.46340987,0.40491152,0.41221482,0.18345045,0.3605932,0.2090963,1.0227407,0.0,0.3404838,0.0005588978,0.40356234,0.70178115,1.0,0.0,0.0,0.9130435,0.6666667,0.10794642,0.5000632,0.7,0.35,0.48999998,0.35,0.95,0.15,0.55,0.85,-1.0,1.3,2020-03-20T21:00:00,EURUSD,H1,1,BUY,-15.291232678364963,5,"hit_tp=False,hit_sl=True,regime=1"
0.0024299987,0.003002718,-0.0068876552,-0.010132242,0.6607543,0.60156345,0.55047625,0.4786163,0.20551382,0.4199361,0.22062749,0.4076042,0.14715399,0.13211505,0.0,0.18256183,0.00089694024,0.45310718,0.7265536,1.0,0.0,0.0,0.13043478,0.8333333,0.2729021,0.49534932,0.7,0.35,0.48999998,0.35,0.95,0.15,0.55,0.85,1.0,2.34,2020-03-21T03:00:00,EURUSD,H1,1,BUY,28.026401907281784,93,"hit_tp=True,hit_sl=False,regime=1"
-0.006450353,-0.005044378,-0.013280687,-0.012222315,0.5148923,0.50869226,0.40107867,0.3486017,0.29841018,0.41705057,0.0,0.24036625,0.15840629,0.103984274,0.0,0.2935497,0.00083678577,0.59899706,0.79949856,1.0,0.0,0.0,0.4347826,0.8333333,0.12549031,0.5414557,0.7,0.35,0.48999998,0.35,0.95,0.15,0.55,0.85,-1.0,1.56,2020-03-28T10:00:00,EURUSD,H1,1,BUY,-12.044710839966832,38,"hit_tp=False,hit_sl=True,regime=1"
0.0035498,0.0035492575,0.005885415,-0.0028675632,0.27862427,0.2858297,0.34031838,0.36893553,0.5599972,0.55945295,0.6356083,0.49227515,0.21390311,1.0347577,0.0,0.60150546,0.00088594435,0.43075627,0.7153781,1.0,0.0,0.0,0.4347826,0.33333334,0.44496828,0.49701378,0.7,0.35,0.48999998,0.35,0.95,0.15,0.55,0.85,1.0,2.34,2020-04-01T10:00:00,EURUSD,H1,1,BUY,19.520841437861147,29,"hit_tp=True,hit_sl=False,regime=1"
-0.0007904887,-0.0033039371,-0.010077084,-0.013810812,0.42968497,0.362645,0.3522441,0.37841293,0.2023115,0.37176955,0.1824382,0.26298016,0.28360188,-0.20900472,0.0,0.39952633,0.00091753714,0.4782455,0.73912275,1.0,0.0,0.0,0.13043478,0.6666667,0.23076765,0.6466655,0.7,0.35,0.48999998,0.35,0.95,0.15,0.55,0.85,-1.0,1.56,2020-04-03T03:00:00,EURUSD,H1,1,BUY,-14.104220339787865,66,"hit_tp=False,hit_sl=True,regime=1"
-0.0002422214,-0.005760814,-0.010071634,-0.0058515356,0.23333187,0.1859747,0.28504375,0.3069128,0.45155713,0.48225725,0.20416236,0.3786362,0.22111334,1.0527834,0.0,0.24041718,0.000529583,0.40998477,0.70499235,1.0,0.0,0.0,0.95652175,1.0,0.2532135,0.39090925,0.7,0.35,0.48999998,0.35,0.95,0.15,0.55,0.85,-1.0,1.56,2020-04-05T22:00:00,EURUSD,H1,1,BUY,-10.481221995115586,26,"hit_tp=False,hit_sl=True,regime=1"
-0.010311169,-0.011349736,-0.006918876,-0.01849194,0.47105503,0.377495,0.36544538,0.32908213,0.40490478,0.4316332,0.07748795,0.19487834,0.16048196,0.0987951,0.0,0.58136994,0.00070268055,0.5032724,0.7516362,1.0,0.0,0.0,0.04347826,0.33333334,0.16454975,0.43935674,0.7,0.35,0.48999998,0.35,0.95,0.15,0.55,0.85,1.0,1.9500000000000002,2020-04-08T01:00:00,EURUSD,H1,1,BUY,19.613972245271505,12,"hit_tp=True,hit_sl=False,regime=1"
-0.014420034,-0.007611015,-0.0063038673,-0.002790607,0.48925704,0.37487233,0.31181866,0.27346566,0.37728333,0.4621283,0.0,0.4088328,0.152944,0.11763999,0.0,0.4933619,0.0007654589,0.5868782,0.7934391,1.0,0.0,0.0,0.3043478,0.5,0.27285028,0.3925163,0.7,0.35,0.48999998,0.35,0.95,0.15,0.55,0.85,1.0,2.34,2020-04-09T07:00:00,EURUSD,H1,1,BUY,16.23414518483024,22,"hit_tp=True,hit_sl=False,regime=1"
0.0023813853,-0.00065344723,0.0018490638,-0.005424639,0.15902421,0.28303307,0.29220948,0.33106384,0.32333222,0.45342085,0.33773106,0.4402935,0.19948268,0.0012932989,0.0,0.40885925,0.0005100788,0.49153468,0.74576735,1.0,0.0,0.0,0.8695652,1.0,0.3419897,0.41718864,0.7,0.35,0.48999998,0.35,0.95,0.15,0.55,0.85,-1.0,1.3,2020-04-12T20:00:00,EURUSD,H1,1,BUY,-11.068603924497822,12,"hit_tp=False,hit_sl=True,regime=1"
-0.003667304,-0.0031274876,-0.0019028184,-0.01108212,0.12854789,0.17162701,0.2646784,0.31354555,0.30968028,0.4210133,0.28273293,0.1833454,0.19369265,0.98423165,0.0,0.3091039,0.0006899203,0.4574792,0.7287396,1.0,0.0,0.0,0.3478261,0.33333334,0.19918297,0.4566092,0.7,0.35,0.48999998,0.35,0.95,0.15,0.55,0.85,1.0,1.9500000000000002,2020-04-15T08:00:00,EURUSD,H1,1,BUY,16.68959963095018,15,"hit_tp=True,hit_sl=False,regime=1"
0.00087030337,-8.891684e-05,-0.0046552517,-0.007689039,0.43425995,0.44097197,0.42803624,0.3995797,0.24490961,0.4332586,0.18790925,0.35105395,0.15501967,0.112450816,0.0,0.35495737,0.0011812802,0.58090264,0.79045135,1.0,0.0,0.0,1.0,0.6666667,0.2524869,0.60076374,0.7,0.35,0.48999998,0.35,0.95,0.15,0.55,0.85,1.0,1.9500000000000002,2020-04-17T23:00:00,EURUSD,H1,1,BUY,23.018326316412985,13,"hit_tp=True,hit_sl=False,regime=1"
-0.012356475,-0.014511506,-0.016556391,-0.011210479,0.24538141,0.29927376,0.32238317,0.3344579,0.5007093,0.5257385,0.4272771,0.1469375,0.15305325,0.11736687,0.0,0.5535612,0.00089693104,0.4988639,0.74943197,1.0,0.0,0.0,0.6956522,0.8333333,0.5258406,0.54660785,0.7,0.35,0.48999998,0.35,0.95,0.15,0.55,0.85,1.0,1.9500000000000002,2020-04-18T16:00:00,EURUSD,H1,1,BUY,19.89043625859166,4,"hit_tp=True,hit_sl=False,regime=1"
0.0016459923,-0.0044632903,-0.010962857,-0.012682491,0.32587153,0.32556316,0.38693357,0.33823356,0.24509612,0.41223413,0.06881314,0.11513416,0.15567514,0.11081213,0.0,0.35050192,0.00068913057,0.54586154,0.77293074,1.0,0.0,0.0,0.6956522,0.16666667,0.20373768,0.53056294,0.7,0.35,0.48999998,0.35,0.95,0.15,0.55,0.85,-1.0,1.3,2020-04-21T16:00:00,EURUSD,H1,1,BUY,-12.146573245277459,16,"hit_tp=False,hit_sl=True,regime=1"
0.004623588,0.007170936,-0.00075557636,-0.00038040284,0.31528842,0.2775136,0.27225462,0.3399035,0.4583965,0.4961671,0.3702325,0.4842072,0.1505406,0.1236485,0.0,0.46591574,0.00081722304,0.4938602,0.7469301,1.0,0.0,0.0,0.39130434,0.33333334,0.38947824,0.5126659,0.7,0.35,0.48999998,0.35,0.95,0.15,0.55,0.85,-1.0,1.3,2020-04-22T09:00:00,EURUSD,H1,1,BUY,-10.898286921718903,17,"hit_tp=False,hit_sl=True,regime=1"
0.000829401,-0.0015584518,-0.0038137017,0.00077891,0.5887568,0.4471684,0.3422041,0.27362612,0.16765575,0.46026638,0.34889758,0.49148944,0.2066929,1.0167322,0.0,0.32153115,0.0011598747,0.44704604,0.723523,1.0,0.0,0.0,0.4347826,0.5,0.28689143,0.56607556,0.7,0.35,0.48999998,0.35,0.95,0.15,0.55,0.85,-1.0,1.3,2020-04-23T10:00:00,EURUSD,H1,1,BUY,-9.758739862588683,1,"hit_tp=False,hit_sl=True,regime=1"
8.00584e-05,-0.0040242397,-0.001823451,-0.0033817608,0.5272934,0.63113755,0.43630335,0.3169259,0.2529001,0.49876252,0.38512197,0.5435065,0.17741504,0.9435376,0.0,0.23850314,0.0011861996,0.49243394,0.74621695,1.0,0.0,0.0,0.5652174,0.5,0.31764346,0.5551727,0.7,0.35,0.48999998,0.35,0.95,0.15,0.55,0.85,-1.0,1.3,2020-04-23T13:00:00,EURUSD,H1,1,BUY,-12.741084997425212,8,"hit_tp=False,hit_sl=True,regime=1"
-0.00036821153,0.001828228,0.012899476,0.0071809506,0.21100225,0.27608663,0.2716991,0.34393206,0.39912277,0.54448736,0.43181348,0.75635284,0.14212868,0.14467831,0.0,0.27897137,0.00084553706,0.43234214,0.7161711,1.0,0.0,0.0,0.0,0.6666667,0.5346501,0.61155844,0.7,0.35,0.48999998,0.35,0.95,0.15,0.55,0.85,1.0,1.9500000000000002,2020-04-24T00:00:00,EURUSD,H1,1,BUY,18.517953173282642,19,"hit_tp=True,hit_sl=False,regime=1"
-0.0054243263,-0.009230969,-0.009859551,-0.001249007,0.42246422,0.45492893,0.36881125,0.31925672,0.438785,0.47342798,0.18128568,0.249689,0.17249899,0.06875253,0.0,0.4305612,0.00069060054,0.54487836,0.7724392,1.0,0.0,0.0,0.04347826,0.0,0.4093171,0.5057157,0.7,0.35,0.48999998,0.35,0.95,0.15,0.55,0.85,1.0,2.34,2020-04-27T01:00:00,EURUSD,H1,1,BUY,20.459947532283085,33,"hit_tp=True,hit_sl=False,regime=1"
-0.0012506335,-0.010881915,-0.019229356,-0.015668465,0.39538231,0.36465845,0.40965208,0.38276982,0.2639184,0.42117432,0.17999461,0.23010783,0.20232306,1.0058076,0.0,0.3500305,0.000785891,0.5135381,0.75676906,1.0,0.0,0.0,0.95652175,0.6666667,0.15389663,0.5458949,0.7,0.35,0.48999998,0.35,0.95,0.15,0.55,0.85,-1.0,1.3,2020-05-01T22:00:00,EURUSD,H1,1,BUY,-13.779690642246045,8,"hit_tp=False,hit_sl=True,regime=1"
0.0059781983,-0.00055769796,0.0020914888,-0.0023205467,0.43338695,0.38906586,0.39977613,0.38210908,0.35631207,0.4695615,0.35702604,0.48175642,0.14311188,0.85777974,0.0,0.30636585,0.0011162732,0.58037865,0.7901893,1.0,0.0,0.0,0.3043478,0.8333333,0.3173785,0.5416966,0.7,0.35,0.48999998,0.35,0.95,0.15,0.55,0.85,-1.0,1.3,2020-05-02T07:00:00,EURUSD,H1,1,BUY,-12.885245768066156,4,"hit_tp=False,hit_sl=True,regime=1"
0.012794953,0.009643567,0.0064469134,0.004132365,0.504706,0.5100653,0.4836446,0.4465153,0.52425843,0.5963303,0.70060927,0.6319191,0.20833158,1.020829,0.0,0.4324164,0.0013620934,0.4209066,0.7104533,1.0,0.0,0.0,0.6086956,1.0,0.46829668,0.51187485,0.7,0.35,0.48999998,0.35,0.95,0.15,0.55,0.85,-1.0,1.3,2020-05-03T14:00:00,EURUSD,H1,1,BUY,-15.480015117343982,7,"hit_tp=False,hit_sl=True,regime=1"
-0.0004904286,0.0027018052,-0.0029263867,0.0032426687,0.7314475,0.61838067,0.4723924,0.4672274,0.49328157,0.58591294,0.54425305,0.4831289,0.146717,0.1332075,0.0,0.30151027,0.0012144676,0.43365768,0.7168288,1.0,0.0,0.0,0.95652175,1.0,0.5610193,0.5521411,0.7,0.35,0.48999998,0.35,0.95,0.15,0.55,0.85,-1.0,1.3,2020-05-03T22:00:00,EURUSD,H1,1,BUY,-17.06671054898523,8,"hit_tp=False,hit_sl=True,regime=1"
0.0016378183,-0.0019156233,-0.00066968275,0.0024075042,0.4250633,0.41830572,0.4574884,0.44110835,0.27828097,0.5214845,0.40420273,0.5194333,0.14879267,0.8719817,0.0,0.118911065,0.0011967975,0.44640616,0.72320306,1.0,0.0,0.0,0.6956522,0.0,0.34640118,0.3858794,0.7,0.35,0.48999998,0.35,0.95,0.15,0.55,0.85,-1.0,1.56,2020-05-04T16:00:00,EURUSD,H1,1,BUY,-15.503356494916964,31,"hit_tp=False,hit_sl=True,regime=1"
-0.0024791511,-0.0033502746,-0.000547691,0.011075824,0.21949977,0.3297675,0.40371767,0.42390707,0.34792665,0.49459392,0.30164406,0.5212762,0.17151578,0.071210556,0.0,0.359519,0.0008435661,0.5100758,0.7550379,1.0,0.0,0.0,0.2173913,0.33333334,0.47067058,0.33281803,0.7,0.35,0.48999998,0.35,0.95,0.15,0.55,0.85,1.0,2.34,2020-05-06T05:00:00,EURUSD,H1,1,BUY,25.663732147491736,33,"hit_tp=True,hit_sl=False,regime=1"
-0.00050791196,-0.0046904394,-0.015278599,-0.026964765,0.43484458,0.47655192,0.47093862,0.39547834,0.33949476,0.40790674,0.19671601,0.21177135,0.19216321,0.9804081,0.0,0.48696452,0.00072997477,0.52314794,0.761574,1.0,0.0,0.0,0.95652175,0.16666667,0.131328,0.45370927,0.7,0.35,0.48999998,0.35,0.95,0.15,0.55,0.85,-1.0,1.3,2020-05-12T22:00:00,EURUSD,H1,1,BUY,-13.584385293066159,3,"hit_tp=False,hit_sl=True,regime=1"
0.0075556724,0.0058696857,0.010633828,0.0019028502,0.3924472,0.5186014,0.47206986,0.42099532,0.31351966,0.44958284,0.36275014,0.5656416,0.25727367,-0.14318417,0.0,0.41115215,0.00071726687,0.42355812,0.71177906,1.0,0.0,0.0,0.17391305,0.33333334,0.4347571,0.48528892,0.7,0.35,0.48999998,0.35,0.95,0.15,0.55,0.85,1.0,2.34,2020-05-13T04:00:00,EURUSD,H1,1,BUY,23.99235902466712,100,"hit_tp=False,hit_sl=False,regime=1"
-0.001513615,-0.008399303,-0.0064181094,-0.009584174,0.3995988,0.2938658,0.31088653,0.30518758,0.23676255,0.45011008,0.0,0.23387276,0.15567514,0.11081213,0.0,0.34717876,0.0006054028,0.4568144,0.7284072,1.0,0.0,0.0,0.13043478,0.16666667,0.16236776,0.66575927,0.7,0.35,0.48999998,0.35,0.95,0.15,0.55,0.85,1.0,2.34,2020-05-19T03:00:00,EURUSD,H1,1,BUY,18.29414310444255,23,"hit_tp=True,hit_sl=False,regime=1"
-0.0020296222,-0.01049417,-0.005702736,-0.00033600102,0.3081227,0.35694605,0.3151917,0.3102598,0.38344374,0.472971,0.32429934,0.33371645,0.24176078,-0.10440193,0.0,0.26828763,0.0007670044,0.57074267,0.7853713,1.0,0.0,0.0,0.39130434,0.6666667,0.33971083,0.51273286,0.7,0.35,0.48999998,0.35,0.95,0.15,0.55,0.85,-1.0,1.3,2020-05-22T09:00:00,EURUSD,H1,1,BUY,-11.838362563960647,5,"hit_tp=False,hit_sl=True,regime=1"
-0.0039479374,-0.0062943744,-0.0070680343,-0.005802133,0.53537655,0.4588818,0.4274874,0.37235123,0.43998802,0.4691821,0.021940645,0.38076907,0.19227247,0.019318841,0.0,0.34349677,0.00071033795,0.4679727,0.7339863,1.0,0.0,0.0,0.65217394,0.6666667,0.20907713,0.5234247,0.7,0.35,0.48999998,0.35,0.95,0.15,0.55,0.85,1.0,2.34,2020-05-22T15:00:00,EURUSD,H1,1,BUY,21.107261851069925,23,"hit_tp=True,hit_sl=False,regime=1"
0.0034488486,-0.0014797231,-0.008570848,-0.0119127305,0.34671897,0.48343322,0.4040551,0.37446606,0.5110097,0.48262766,0.4090916,0.24023111,0.19981042,0.00047395597,0.0,0.38770503,0.00074096344,0.5826104,0.7913052,1.0,0.0,0.0,0.3478261,0.0,0.46689928,0.50270045,0.7,0.35,0.48999998,0.35,0.95,0.15,0.55,0.85,-1.0,1.56,2020-05-25T08:00:00,EURUSD,H1,1,BUY,-12.942685434353951,50,"hit_tp=False,hit_sl=True,regime=1"
0.0030238566,0.0009923916,0.00043562736,-0.0063332235,0.24078977,0.2616918,0.28438482,0.3420637,0.5170597,0.5087968,0.57615614,0.47184715,0.20691139,1.0172784,0.0,0.48730963,0.0007730554,0.5952791,0.79763955,1.0,0.0,0.0,0.47826087,0.33333334,0.40427545,0.5382354,0.7,0.35,0.48999998,0.35,0.95,0.15,0.55,0.85,-1.0,1.3,2020-05-27T11:00:00,EURUSD,H1,1,BUY,-10.660504813169158,7,"hit_tp=False,hit_sl=True,regime=1"
0.0011331246,-0.004218321,-0.007192319,-0.01132882,0.39806536,0.36498883,0.30529842,0.32268015,0.31763834,0.42242295,0.10375178,0.115538105,0.21444935,-0.036123358,0.0,0.36353952,0.00077469856,0.5990476,0.7995238,1.0,0.0,0.0,0.4347826,1.0,0.23749818,0.6068788,0.7,0.35,0.48999998,0.35,0.95,0.15,0.55,0.85,1.0,1.9500000000000002,2020-05-31T10:00:00,EURUSD,H1,1,BUY,16.82499460370135,15,"hit_tp=True,hit_sl=False,regime=1"
-0.0005681669,-0.0055978084,-0.0014247227,-0.0046215146,0.29763165,0.22370392,0.26118228,0.309979,0.300034,0.43487722,0.2635585,0.25085574,0.20560044,-0.014001101,0.0,0.3527696,0.00067573745,0.5087773,0.7543887,1.0,0.0,0.0,0.9130435,0.16666667,0.24699946,0.43383828,0.7,0.35,0.48999998,0.35,0.95,0.15,0.55,0.85,-1.0,1.3,2020-06-02T21:00:00,EURUSD,H1,1,BUY,-10.612150982893809,3,"hit_tp=False,hit_sl=True,regime=1"
-0.0030905358,-0.0036143586,-0.00390781,-0.009510401,0.43537438,0.47669357,0.3858684,0.34070504,0.26690722,0.44616476,0.29005325,0.4453167,0.21870993,1.0467749,0.0,0.23840311,0.00071445695,0.45514843,0.7275742,1.0,0.0,0.0,0.17391305,0.33333334,0.24628948,0.51742226,0.7,0.35,0.48999998,0.35,0.95,0.15,0.55,0.85,-1.0,1.3,2020-06-03T04:00:00,EURUSD,H1,1,BUY,-11.008709803237426,6,"hit_tp=False,hit_sl=True,regime=1"
0.0037643607,-0.0021248793,-0.006305821,-0.0053095575,0.37574258,0.32748953,0.37008512,0.33883792,0.405248,0.5026605,0.3516247,0.4490937,0.18648244,0.9662061,0.0,0.25462458,0.00085973076,0.48384377,0.7419219,1.0,0.0,0.0,0.5217391,0.33333334,0.29841825,0.60727835,0.7,0.35,0.48999998,0.35,0.95,0.15,0.55,0.85,1.0,2.34,2020-06-03T12:00:00,EURUSD,H1,1,BUY,22.46330711016098,35,"hit_tp=True,hit_sl=False,regime=1"
-0.0072863353,-0.010036261,-0.009001832,-0.0041634976,0.47824323,0.3661801,0.2566009,0.30020317,0.3019831,0.4383691,0.030247552,0.26536494,0.15327173,0.11682065,0.0,0.26436302,0.0010739387,0.5931535,0.79657674,1.0,0.0,0.0,0.9130435,0.6666667,0.30661377,0.60925907,0.7,0.35,0.48999998,0.35,0.95,0.15,0.55,0.85,-1.0,1.3,2020-06-05T21:00:00,EURUSD,H1,1,BUY,-9.901887752994387,10,"hit_tp=False,hit_sl=True,regime=1"
0.00017682847,-0.0054964055,-0.005865849,-0.002526077,0.299496,0.2539477,0.28799307,0.2917906,0.3803928,0.47518596,0.30641663,0.31331268,0.16878463,0.9219616,0.0,0.41251126,0.0007685121,0.42899537,0.7144977,1.0,0.0,0.0,0.3478261,0.8333333,0.24845602,0.6321572,0.7,0.35,0.48999998,0.35,0.95,0.15,0.55,0.85,-1.0,1.3,2020-06-06T08:00:00,EURUSD,H1,1,BUY,-11.806113065888635,4,"hit_tp=False,hit_sl=True,regime=1"
-0.0025491838,0.0012645368,0.004415962,-0.004586474,0.3374294,0.3009865,0.4053239,0.3573688,0.3506642,0.49824739,0.35807836,0.5147748,0.26939994,1.1734998,0.0,0.4100552,0.0009290321,0.45379296,0.72689646,1.0,0.0,0.0,0.73913044,0.8333333,0.2919436,0.6437862,0.7,0.35,0.48999998,0.35,0.95,0.15,0.55,0.85,-1.0,1.3,2020-06-06T17:00:00,EURUSD,H1,1,BUY,-12.702650380185254,7,"hit_tp=False,hit_sl=True,regime=1"
0.006706561,0.00624954,0.0017779452,-0.01259023,0.18480405,0.28877982,0.26452285,0.31277007,0.19358718,0.43973914,0.34167236,0.5448276,0.25814763,1.145369,0.0,0.14227502,0.0012033981,0.4105195,0.70525974,1.0,0.0,0.0,0.5217391,1.0,0.30488074,0.50685054,0.7,0.35,0.48999998,0.35,0.95,0.15,0.55,0.85,-1.0,1.56,2020-06-07T12:00:00,EURUSD,H1,1,BUY,-9.251576667279604,21,"hit_tp=False,hit_sl=True,regime=1"
-0.0041117053,-0.00048735843,-0.0025475093,-0.008848624,0.4336731,0.43114907,0.44141436,0.31342942,0.4130522,0.52736646,0.26416725,0.5719017,0.16922161,0.92305404,0.0,0.42785263,0.0011805532,0.43175164,0.7158758,1.0,0.0,0.0,0.8695652,0.0,0.230492,0.55522937,0.7,0.35,0.48999998,0.35,0.95,0.15,0.55,0.85,-1.0,1.3,2020-06-08T20:00:00,EURUSD,H1,1,BUY,-12.482015815189484,2,"hit_tp=False,hit_sl=True,regime=1"
-0.0043310123,-0.016988792,-0.01451035,-0.020662501,0.46632326,0.3939546,0.3887226,0.37439594,0.22486901,0.37420505,0.0,0.077490315,0.34729213,-0.36823034,0.0,0.29205236,0.0010494038,0.5657371,0.78286856,1.0,0.0,0.0,0.39130434,1.0,0.080569595,0.4572722,0.7,0.35,0.48999998,0.35,0.95,0.15,0.55,0.85,-1.0,1.56,2020-06-14T09:00:00,EURUSD,H1,1,BUY,-14.899003519921461,37,"hit_tp=False,hit_sl=True,regime=1"
-0.007596205,-0.015368579,-0.017459242,-0.018166583,0.29375753,0.26549694,0.29335615,0.40993682,0.517955,0.46231812,0.19581886,0.036092672,0.21401235,-0.0350309,0.0,0.3863661,0.00073781196,0.52716035,0.7635802,1.0,0.0,0.0,0.5217391,0.16666667,0.28920582,0.5224489,0.7,0.35,0.48999998,0.35,0.95,0.15,0.55,0.85,-1.0,1.56,2020-06-16T12:00:00,EURUSD,H1,1,BUY,-12.116290973926969,32,"hit_tp=False,hit_sl=True,regime=1"
0.007921235,0.0022091817,-0.0013859533,0.000984369,0.416007,0.34487244,0.30124816,0.4071117,0.37504417,0.4937187,0.44379038,0.46369535,0.14464132,0.13839668,0.0,0.504839,0.0007922383,0.5079335,0.75396675,1.0,0.0,0.0,0.9130435,0.33333334,0.40346387,0.519867,0.7,0.35,0.48999998,0.35,0.95,0.15,0.55,0.85,1.0,1.9500000000000002,2020-06-17T21:00:00,EURUSD,H1,1,BUY,19.89615360674657,11,"hit_tp=True,hit_sl=False,regime=1"
0.0025594097,0.0014501048,-0.0028729178,-0.0037375,0.48341918,0.3509154,0.33520845,0.34495783,0.3789887,0.43166003,0.12396354,0.390821,0.1746839,0.063290246,0.0,0.37611887,0.00062731653,0.48712742,0.7435637,1.0,0.0,0.0,0.47826087,1.0,0.2828302,0.39635944,0.7,0.35,0.48999998,0.35,0.95,0.15,0.55,0.85,-1.0,1.3,2020-06-21T11:00:00,EURUSD,H1,1,BUY,-11.224555743125642,6,"hit_tp=False,hit_sl=True,regime=1"
-0.0020547356,0.003662254,0.005166387,0.004158741,0.22160825,0.20584041,0.22983658,0.28565025,0.512631,0.5328056,0.5963887,0.85635126,0.19707927,0.9926982,0.0,0.5245391,0.00096457003,0.52033126,0.76016563,1.0,0.0,0.0,0.13043478,0.0,0.38295618,0.36192888,0.7,0.35,0.48999998,0.35,0.95,0.15,0.55,0.85,1.0,1.9500000000000002,2020-06-22T03:00:00,EURUSD,H1,1,BUY,13.610278600069137,4,"hit_tp=True,hit_sl=False,regime=1"
-0.0030292359,-0.008448087,-0.009462313,-0.018546691,0.38537493,0.31205168,0.3728465,0.42797026,0.39699858,0.43566325,0.16227363,0.1932891,0.20232306,-0.0058076726,0.0,0.39595705,0.0008540917,0.5749082,0.7874541,1.0,0.0,0.0,0.39130434,0.5,0.1963301,0.41143605,0.7,0.35,0.48999998,0.35,0.95,0.15,0.55,0.85,-1.0,1.3,2020-06-25T09:00:00,EURUSD,H1,1,BUY,-12.697207911935848,14,"hit_tp=False,hit_sl=True,regime=1"
-0.0030557201,-0.0047805887,-0.01166387,-0.011220437,0.37462407,0.50736856,0.40134153,0.3827365,0.29427245,0.44071475,0.23106496,0.34355235,0.24449192,1.1112298,0.0,0.3330289,0.00084387144,0.45175856,0.72587925,1.0,0.0,0.0,0.08695652,0.6666667,0.15596992,0.57519716,0.7,0.35,0.48999998,0.35,0.95,0.15,0.55,0.85,1.0,2.34,2020-06-26T02:00:00,EURUSD,H1,1,BUY,22.349301778556985,23,"hit_tp=True,hit_sl=False,regime=1"
-0.0018990212,0.005366151,0.0028466342,-0.0079407655,0.3197185,0.317336,0.31304592,0.37006664,0.3717762,0.45571586,0.17842431,0.34571856,0.24449192,-0.11122979,0.0,0.5234754,0.00074930646,0.47919196,0.73959595,1.0,0.0,0.0,0.73913044,1.0,0.44876456,0.47429952,0.7,0.35,0.48999998,0.35,0.95,0.15,0.55,0.85,1.0,2.34,2020-06-28T17:00:00,EURUSD,H1,1,BUY,19.575409972900637,31,"hit_tp=True,hit_sl=False,regime=1"
9.8605466e-05,-0.0018928753,-0.008505887,-0.012704845,0.33198377,0.43173298,0.37611845,0.35555628,0.39950767,0.44980988,0.22182696,0.2984622,0.18888585,0.97221464,0.0,0.42770243,0.0006139402,0.49222618,0.74611306,1.0,0.0,0.0,0.3478261,0.33333334,0.25797677,0.4254231,0.7,0.35,0.48999998,0.35,0.95,0.15,0.55,0.85,-1.0,1.56,2020-07-01T08:00:00,EURUSD,H1,1,BUY,-14.059669292658672,61,"hit_tp=False,hit_sl=True,regime=1"
-0.0010992878,-0.005308843,0.004474642,0.007618769,0.44933727,0.52171856,0.42663136,0.3825381,0.2777303,0.47911835,0.36827648,0.5082917,0.25312233,-0.13280582,0.0,0.3765107,0.000561246,0.40534046,0.7026702,1.0,0.0,0.0,0.04347826,0.8333333,0.40310282,0.48628333,0.7,0.35,0.48999998,0.35,0.95,0.15,0.55,0.85,1.0,2.34,2020-07-04T01:00:00,EURUSD,H1,1,BUY,22.701878551700805,41,"hit_tp=True,hit_sl=False,regime=1"
-0.006984454,-0.014736353,-0.018124087,-0.033353984,0.29338828,0.502606,0.43733656,0.39402,0.2533032,0.31084973,0.11447617,0.10803466,0.1632131,0.09196725,0.0,0.31073233,0.0011190161,0.5708179,0.7854089,1.0,0.0,0.0,0.3043478,0.0,0.1659896,0.5432358,0.7,0.35,0.48999998,0.35,0.95,0.15,0.55,0.85,-1.0,1.3,2020-07-06T07:00:00,EURUSD,H1,1,BUY,-14.695765081629286,14,"hit_tp=False,hit_sl=True,regime=1"
0.0043843705,0.0038302054,0.010425628,0.014971118,0.41199553,0.31031945,0.26965076,0.2588845,0.53175116,0.56965274,0.77148485,0.6591427,0.18178487,0.9544622,0.0,0.5247689,0.0012345562,0.547694,0.773847,1.0,0.0,0.0,0.2173913,0.16666667,0.48244432,0.45143107,0.7,0.35,0.48999998,0.35,0.95,0.15,0.55,0.85,1.0,1.9500000000000002,2020-07-07T05:00:00,EURUSD,H1,1,BUY,14.744542370308533,9,"hit_tp=True,hit_sl=False,regime=1"
0.00059938175,-0.0020419299,-0.0030028648,0.0016629284,0.41403893,0.32983673,0.29847082,0.3059898,0.35504675,0.4842504,0.3787336,0.4809819,0.2078946,1.0197365,0.0,0.3912666,0.00063261675,0.4102795,0.70513976,1.0,0.0,0.0,0.5217391,0.8333333,0.3032393,0.44445726,0.7,0.35,0.48999998,0.35,0.95,0.15,0.55,0.85,-1.0,1.3,2020-07-11T12:00:00,EURUSD,H1,1,BUY,-10.76256782256202,4,"hit_tp=False,hit_sl=True,regime=1"
0.003428143,0.0037442641,0.002218771,0.0022958403,0.4079093,0.36685866,0.3645004,0.34398115,0.6499967,0.57416123,0.7630313,0.58459544,0.20636517,1.0159129,0.0,0.73052835,0.0010229014,0.44843355,0.72421676,1.0,0.0,0.0,0.6086956,1.0,0.4936244,0.4426353,0.7,0.35,0.48999998,0.35,0.95,0.15,0.55,0.85,-1.0,1.3,2020-07-12T14:00:00,EURUSD,H1,1,BUY,-12.170146152830075,4,"hit_tp=False,hit_sl=True,regime=1"
0.0019137851,-0.0035156212,-0.005725732,-0.0054832418,0.2049924,0.36576885,0.3111756,0.38622674,0.40277186,0.51670516,0.32657877,0.40909374,0.16233914,0.90584785,0.0,0.48197326,0.0009561821,0.41506055,0.70753026,1.0,0.0,0.0,0.08695652,0.0,0.23374674,0.4925738,0.7,0.35,0.48999998,0.35,0.95,0.15,0.55,0.85,-1.0,1.3,2020-07-13T02:00:00,EURUSD,H1,1,BUY,-12.363076787100802,12,"hit_tp=False,hit_sl=True,regime=1"
-0.0026599418,-0.0065672034,-0.009131025,-0.003726892,0.4286873,0.36775032,0.3464288,0.3766178,0.30568987,0.4877541,0.3210638,0.4258742,0.21870993,1.0467749,0.0,0.4560895,0.000676898,0.40930638,0.7046532,1.0,0.0,0.0,0.9130435,0.0,0.22678171,0.4287133,0.7,0.35,0.48999998,0.35,0.95,0.15,0.55,0.85,-1.0,1.56,2020-07-13T21:00:00,EURUSD,H1,1,BUY,-13.047315387435532,95,"hit_tp=False,hit_sl=True,regime=1"
-0.001992593,-0.0030438022,-0.0034551916,-0.0062932526,0.3809325,0.38329506,0.38026935,0.37282416,0.34728682,0.43140927,0.27041286,0.39208215,0.32555223,1.3138806,0.0,0.29643652,0.00069078145,0.480844,0.740422,1.0,0.0,0.0,0.9130435,0.6666667,0.24009499,0.5776961,0.7,0.35,0.48999998,0.35,0.95,0.15,0.55,0.85,-1.0,1.3,2020-07-17T21:00:00,EURUSD,H1,1,BUY,-13.793905264765094,5,"hit_tp=False,hit_sl=True,regime=1"
-0.0027015887,-0.0037209042,-0.006555212,-0.0067412267,0.15861616,0.19962312,0.28008083,0.33519268,0.40949187,0.483041,0.0,0.12992214,0.15239778,0.11900556,0.0,0.44304827,0.0009852152,0.5722904,0.7861452,1.0,0.0,0.0,0.8695652,0.8333333,0.42090094,0.5061431,0.7,0.35,0.48999998,0.35,0.95,0.15,0.55,0.85,1.0,1.9500000000000002,2020-07-18T20:00:00,EURUSD,H1,1,BUY,18.72317694867176,11,"hit_tp=True,hit_sl=False,regime=1"
-0.009072925,-0.0063035158,-0.016166773,-0.01269445,0.32670772,0.44444197,0.39575848,0.38978767,0.32683006,0.43076783,0.08713174,0.24943995,0.15327173,0.88317937,0.0,0.3366527,0.0006052397,0.52227145,0.76113576,1.0,0.0,0.0,0.8695652,0.5,0.1383113,0.46217296,0.7,0.35,0.48999998,0.35,0.95,0.15,0.55,0.85,-1.0,1.56,2020-07-23T20:00:00,EURUSD,H1,1,BUY,-14.511908522434336,24,"hit_tp=False,hit_sl=True,regime=1"
0.001391807,-0.008464818,-0.011527775,-0.025370758,0.27824375,0.31467307,0.33394912,0.34812006,0.3569596,0.41780323,0.22685544,0.22638854,0.17719655,0.9429914,0.0,0.39281657,0.0007551802,0.46071875,0.7303594,1.0,0.0,0.0,0.9130435,0.6666667,0.13299572,0.43586227,0.7,0.35,0.48999998,0.35,0.95,0.15,0.55,0.85,-1.0,1.3,2020-07-24T21:00:00,EURUSD,H1,1,BUY,-11.599547111651454,20,"hit_tp=False,hit_sl=True,regime=1"
0.006432018,0.0018009691,-0.0018544614,-0.010719506,0.42837545,0.3602378,0.30810568,0.2868945,0.28197294,0.43644604,0.3198216,0.39770976,0.14485982,0.86214954,0.0,0.22760284,0.0010440026,0.5303982,0.7651991,1.0,0.0,0.0,0.82608694,0.8333333,0.25775263,0.6402409,0.7,0.35,0.48999998,0.35,0.95,0.15,0.55,0.85,-1.0,1.3,2020-07-25T19:00:00,EURUSD,H1,1,BUY,-10.58044844148176,4,"hit_tp=False,hit_sl=True,regime=1"
0.00038088555,0.0031860135,0.006424072,-0.0069358735,0.28556153,0.2652342,0.36655727,0.31731457,0.35403073,0.48988214,0.41017446,0.45677552,0.1775243,0.9438107,0.0,0.31534174,0.0007353855,0.42143145,0.7107157,1.0,0.0,0.0,0.13043478,1.0,0.3341213,0.5233725,0.7,0.35,0.48999998,0.35,0.95,0.15,0.55,0.85,1.0,2.34,2020-07-26T03:00:00,EURUSD,H1,1,BUY,19.239812444671323,33,"hit_tp=True,hit_sl=False,regime=1"
0.0015781502,-0.0056428346,-0.005546725,-0.0021612796,0.52904683,0.5350338,0.43811166,0.40516147,0.3773683,0.4519701,0.16595705,0.4625411,0.20068438,-0.0017109584,0.0,0.3227823,0.0006862678,0.5862829,0.7931414,1.0,0.0,0.0,0.6086956,0.33333334,0.27328417,0.5514961,0.7,0.35,0.48999998,0.35,0.95,0.15,0.55,0.85,1.0,1.9500000000000002,2020-07-29T14:00:00,EURUSD,H1,1,BUY,22.158064014086154,17,"hit_tp=True,hit_sl=False,regime=1"
-0.00679858,-0.0064046513,-0.004689401,-0.0071425964,0.23428978,0.31586072,0.29766768,0.36621004,0.4395998,0.46537983,0.24102008,0.29448223,0.23433207,-0.08583016,0.0,0.38309544,0.00060338725,0.5813251,0.7906626,1.0,0.0,0.0,1.0,0.6666667,0.31822833,0.48511985,0.7,0.35,0.48999998,0.35,0.95,0.15,0.55,0.85,-1.0,1.3,2020-07-31T23:00:00,EURUSD,H1,1,BUY,-12.300756938878887,5,"hit_tp=False,hit_sl=True,regime=1"
0.0026919944,0.0053664627,0.005257553,-0.009966171,0.41819796,0.36656404,0.3998483,0.34875798,0.16147467,0.4122069,0.29235494,0.4067411,0.15119608,0.122009814,0.0,0.2047392,0.00068483385,0.41349393,0.70674694,1.0,0.0,0.0,0.39130434,0.8333333,0.27206516,0.48432824,0.7,0.35,0.48999998,0.35,0.95,0.15,0.55,0.85,-1.0,1.56,2020-08-01T09:00:00,EURUSD,H1,1,BUY,-12.6954462184381,22,"hit_tp=False,hit_sl=True,regime=1"
0.0020314637,-0.00107936,-0.005638208,-0.0008080045,0.56181794,0.4757693,0.3639097,0.38006756,0.4217766,0.5029524,0.36053702,0.4976831,0.29048437,1.226211,0.0,0.4820365,0.0009786997,0.45998597,0.729993,1.0,0.0,0.0,0.47826087,1.0,0.27132744,0.54295784,0.7,0.35,0.48999998,0.35,0.95,0.15,0.55,0.85,-1.0,1.56,2020-08-02T11:00:00,EURUSD,H1,1,BUY,-13.168334942361692,78,"hit_tp=False,hit_sl=True,regime=1"
0.005856666,0.0012381381,0.002167222,-0.003596187,0.40096113,0.39355025,0.37597924,0.36552405,0.4673894,0.4630414,0.2997283,0.4298898,0.15895252,0.1026187,0.0,0.40389174,0.00058126193,0.5815866,0.7907933,1.0,0.0,0.0,0.7826087,0.33333334,0.36281082,0.59540725,0.7,0.35,0.48999998,0.35,0.95,0.15,0.55,0.85,1.0,2.34,2020-08-05T18:00:00,EURUSD,H1,1,BUY,21.039957201172133,26,"hit_tp=True,hit_sl=False,regime=1"
-0.0011234946,0.0031760205,0.000286073,-0.0067237183,0.38765466,0.36386114,0.33598354,0.30811167,0.2214447,0.39414248,0.25402552,0.35632533,0.16528878,0.086778075,0.0,0.30667728,0.0010066886,0.5698521,0.78492606,1.0,0.0,0.0,0.8695652,0.6666667,0.25968102,0.5365668,0.7,0.35,0.48999998,0.35,0.95,0.15,0.55,0.85,-1.0,1.3,2020-08-07T20:00:00,EURUSD,H1,1,BUY,-10.818641328225187,5,"hit_tp=False,hit_sl=True,regime=1"
0.00539662,0.005964449,0.0038473841,-0.0049305847,0.16415092,0.20698273,0.3121413,0.32717142,0.2987353,0.46663406,0.42259565,0.59696895,0.14835568,0.8708892,0.0,0.2790277,0.0009410149,0.40301087,0.7015054,1.0,0.0,0.0,0.39130434,0.8333333,0.3155161,0.4904043,0.7,0.35,0.48999998,0.35,0.95,0.15,0.55,0.85,-1.0,1.3,2020-08-08T09:00:00,EURUSD,H1,1,BUY,-11.812224003386884,8,"hit_tp=False,hit_sl=True,regime=1"
0.002848718,0.0081245825,0.0052197548,0.0005031408,0.42132342,0.3783304,0.38258755,0.3393951,0.5845707,0.55249196,0.5157934,0.715907,0.18167563,0.95418906,0.0,0.5623272,0.0012320394,0.48296523,0.7414826,1.0,0.0,0.0,0.9130435,0.8333333,0.437461,0.48262423,0.7,0.35,0.48999998,0.35,0.95,0.15,0.55,0.85,-1.0,1.3,2020-08-08T21:00:00,EURUSD,H1,1,BUY,-12.455309945864634,9,"hit_tp=False,hit_sl=True,regime=1"
0.003126205,0.0010280388,0.002110547,0.006048754,0.6602659,0.5957806,0.41921946,0.40048116,0.38962257,0.5143464,0.44521528,0.50596213,0.15261626,0.11845933,0.0,0.40643898,0.00096601696,0.41155508,0.7057775,1.0,0.0,0.0,0.7826087,1.0,0.38801566,0.4397392,0.7,0.35,0.48999998,0.35,0.95,0.15,0.55,0.85,-1.0,1.3,2020-08-09T18:00:00,EURUSD,H1,1,BUY,-13.945763424092483,9,"hit_tp=False,hit_sl=True,regime=1"
-0.0006284286,0.00034248058,0.0015692298,-0.002634671,0.3745266,0.34622443,0.29515228,0.35857102,0.3838292,0.51149017,0.4036775,0.65771335,0.19423889,0.9855972,0.0,0.35354084,0.00090082193,0.4124781,0.70623904,1.0,0.0,0.0,0.4347826,0.0,0.3049039,0.5380849,0.7,0.35,0.48999998,0.35,0.95,0.15,0.55,0.85,-1.0,1.3,2020-08-10T10:00:00,EURUSD,H1,1,BUY,-10.464839214223698,2,"hit_tp=False,hit_sl=True,regime=1"
-0.0027617118,0.0011151792,0.0046704006,0.005012961,0.69183195,0.52437884,0.4100988,0.36661085,0.4456892,0.55193394,0.61583126,0.5601893,0.26896295,1.1724074,0.0,0.42912441,0.0011103877,0.50303036,0.7515152,1.0,0.0,0.0,0.5652174,0.0,0.4179855,0.5216859,0.7,0.35,0.48999998,0.35,0.95,0.15,0.55,0.85,-1.0,1.56,2020-08-10T13:00:00,EURUSD,H1,1,BUY,-12.99514805250368,79,"hit_tp=False,hit_sl=True,regime=1"
-0.000769508,0.0025956307,0.000819295,-0.0038056555,0.3496281,0.2970124,0.36444813,0.3537627,0.3156594,0.45326453,0.3615961,0.42182416,0.25202987,1.1300746,0.0,0.4354977,0.00066608086,0.4955954,0.74779767,1.0,0.0,0.0,0.39130434,0.8333333,0.2730509,0.51397985,0.7,0.35,0.48999998,0.35,0.95,0.15,0.55,0.85,1.0,2.34,2020-08-15T09:00:00,EURUSD,H1,1,BUY,21.65585162522632,70,"hit_tp=True,hit_sl=False,regime=1"
-0.0062260428,-0.0062650046,-0.005704844,-0.0073683956,0.24033134,0.33775386,0.29043612,0.28763,0.35407147,0.45358646,0.10846177,0.340439,0.20133986,-0.0033496441,0.0,0.46108913,0.000927238,0.5942529,0.7971265,1.0,0.0,0.0,0.08695652,0.6666667,0.17549184,0.32391435,0.7,0.35,0.48999998,0.35,0.95,0.15,0.55,0.85,1.0,1.9500000000000002,2020-08-21T02:00:00,EURUSD,H1,1,BUY,16.28570870253032,13,"hit_tp=True,hit_sl=False,regime=1"
-0.0068907454,0.0013196552,-0.0069287135,-0.002440656,0.2499037,0.29775792,0.3426789,0.3277295,0.43610743,0.48409188,0.0,0.30600014,0.1608097,0.09797576,0.0,0.5841961,0.0004605317,0.4460935,0.7230468,1.0,0.0,0.0,0.65217394,0.0,0.30131644,0.5095702,0.7,0.35,0.48999998,0.35,0.95,0.15,0.55,0.85,-1.0,1.3,2020-08-24T15:00:00,EURUSD,H1,1,BUY,-10.88249205830838,3,"hit_tp=False,hit_sl=True,regime=1"
0.004710151,-0.003042175,-0.004354693,-0.015768483,0.49943945,0.41926008,0.37042472,0.36893815,0.39588866,0.44573206,0.23274237,0.37837955,0.18779339,0.030516528,0.0,0.58297837,0.00071632303,0.5309094,0.7654547,1.0,0.0,0.0,0.82608694,0.0,0.20131743,0.4887773,0.7,0.35,0.48999998,0.35,0.95,0.15,0.55,0.85,-1.0,1.3,2020-08-24T19:00:00,EURUSD,H1,1,BUY,-13.311737330818918,5,"hit_tp=False,hit_sl=True,regime=1"
-0.0071621984,-0.008430467,-0.0038464887,0.006814353,0.36054325,0.37107852,0.41204897,0.39123684,0.39306152,0.4968025,0.24273236,0.48324904,0.14343962,0.14140093,0.0,0.33839387,0.0008940622,0.554781,0.7773905,1.0,0.0,0.0,0.2173913,0.16666667,0.37209257,0.5322359,0.7,0.35,0.48999998,0.35,0.95,0.15,0.55,0.85,1.0,1.9500000000000002,2020-08-25T05:00:00,EURUSD,H1,1,BUY,25.062465575504955,18,"hit_tp=True,hit_sl=False,regime=1"
-0.002057665,-0.0077405083,-0.012041672,-0.004746282,0.3261219,0.413932,0.3312075,0.35211915,0.25096035,0.40185937,0.10881019,0.25805002,0.21860068,-0.046501704,0.0,0.43006182,0.0008343363,0.4789844,0.7394922,1.0,0.0,0.0,0.26086956,0.8333333,0.21537954,0.5963768,0.7,0.35,0.48999998,0.35,0.95,0.15,0.55,0.85,1.0,1.9500000000000002,2020-08-29T06:00:00,EURUSD,H1,1,BUY,19.29166272911731,9,"hit_tp=True,hit_sl=False,regime=1"
-0.002736493,0.001997308,0.0056432304,-0.004018973,0.32555106,0.36537498,0.32927713,0.31110308,0.53902435,0.4678666,0.28691402,0.43828622,0.15993573,0.10016067,0.0,0.57900304,0.0007166251,0.5954753,0.79773766,1.0,0.0,0.0,0.6086956,0.0,0.5901672,0.529907,0.7,0.35,0.48999998,0.35,0.95,0.15,0.55,0.85,-1.0,1.3,2020-08-31T14:00:00,EURUSD,H1,1,BUY,-11.858719415158703,6,"hit_tp=False,hit_sl=True,regime=1"
-0.0022921974,-0.00757914,-0.016417574,-0.014987695,0.4500747,0.45725298,0.4706725,0.4298783,0.21236089,0.41678813,0.13936901,0.2457146,0.18178487,0.9544622,0.0,0.35529417,0.00067562767,0.41997075,0.7099854,1.0,0.0,0.0,0.08695652,0.16666667,0.19161807,0.4137985,0.7,0.35,0.48999998,0.35,0.95,0.15,0.55,0.85,1.0,1.9500000000000002,2020-09-01T02:00:00,EURUSD,H1,1,BUY,26.935844066673376,14,"hit_tp=True,hit_sl=False,regime=1"
-0.0030498416,-0.008304983,-0.014114754,-0.015161915,0.45544484,0.35582548,0.34181374,0.32830557,0.1212135,0.3853929,0.086063385,0.20847255,0.16747369,0.081315786,0.0,0.06764058,0.0007369915,0.45400208,0.7270011,1.0,0.0,0.0,0.17391305,0.33333334,0.16888791,0.5825756,0.7,0.35,0.48999998,0.35,0.95,0.15,0.55,0.85,1.0,2.34,2020-09-02T04:00:00,EURUSD,H1,1,BUY,19.72168324302137,83,"hit_tp=True,hit_sl=False,regime=1"
0.008051606,0.0023170493,0.0051487777,-0.0024150608,0.38544923,0.29716823,0.31936687,0.3190814,0.3639493,0.47043493,0.4387908,0.437599,0.16900313,0.9225078,0.0,0.3282571,0.0009196678,0.53945637,0.7697282,1.0,0.0,0.0,0.39130434,1.0,0.34182623,0.4899474,0.7,0.35,0.48999998,0.35,0.95,0.15,0.55,0.85,-1.0,1.3,2020-09-06T09:00:00,EURUSD,H1,1,BUY,-11.082712688419427,15,"hit_tp=False,hit_sl=True,regime=1"
0.0024288066,0.0031810438,0.003657215,-0.0010508168,0.23180723,0.14476754,0.09076275,0.064758725,0.12524182,0.48182267,0.0,0.31861836,0.1472837,0.13179073,0.0,0.5431562,0.00076670776,0.17060435,0.5853022,0.0,0.0,1.0,0.04347826,0.33333334,0.38522583,0.4150605,0.7,0.1,0.14,0.59999996,0.7,0.4,0.3,0.6,-1.0,1.3,2020-01-01T01:00:00,EURUSD,H1,5,BUY,-25.159401487304667,5,"hit_tp=False,hit_sl=True,regime=5"
0.0706626,0.02320833,0.075338446,0.04465751,0.5974796,0.42933673,0.31981924,0.17584647,0.49351048,0.50873375,0.67930603,0.57616436,0.1827831,0.95695776,0.0,0.49654478,0.011139406,0.5803484,0.7901742,0.0,0.0,1.0,0.3478261,0.33333334,0.5868479,0.49197382,0.1,0.7,0.14,0.59999996,0.7,0.4,0.3,0.6,-1.0,1.3,2020-01-01T08:00:00,EURUSD,H1,5,SELL,-78.55174827376743,9,"hit_tp=False,hit_sl=True,regime=5"
0.010498293,0.010492342,0.042466085,0.047209915,0.42736295,0.3325371,0.25961354,0.2897164,0.73263144,0.5470764,0.9001538,0.63110524,0.14204311,0.8551078,0.0,0.76806384,0.017569376,0.2768161,0.63840806,0.0,0.0,1.0,0.7826087,0.33333334,0.7293485,0.49376872,0.1,0.7,0.14,0.59999996,0.7,0.4,0.3,0.6,-1.0,1.3,2020-01-01T18:00:00,EURUSD,H1,5,SELL,-109.7343812285545,14,"hit_tp=False,hit_sl=True,regime=5"
0.013387364,0.0621797,0.068360575,0.10202936,0.42105824,0.2862988,0.31536955,0.3158889,0.71236014,0.5682741,0.7745059,0.73522884,0.24776657,-0.11941641,0.0,0.8526565,0.026578777,0.26956034,0.63478017,0.0,0.0,1.0,0.39130434,0.5,0.8055084,0.39327517,0.1,0.7,0.14,0.59999996,0.7,0.4,0.3,0.6,-1.0,1.56,2020-01-02T09:00:00,EURUSD,H1,5,SELL,-105.25495681292796,36,"hit_tp=False,hit_sl=True,regime=5"
-0.007221766,-0.028389411,-0.04667519,-0.016616333,0.29958767,0.24116278,0.21342485,0.27706927,0.61016816,0.508913,0.5490098,0.3746603,0.17540067,0.0614983,0.0,0.60832465,0.020966863,0.5854502,0.7927251,0.0,0.0,1.0,0.95652175,0.6666667,0.64852613,0.51522374,0.1,0.7,0.14,0.59999996,0.7,0.4,0.3,0.6,-1.0,1.3,2020-01-03T22:00:00,EURUSD,H1,5,SELL,-78.09786285619458,9,"hit_tp=False,hit_sl=True,regime=5"
0.003164201,0.017398825,0.0073470613,-0.059502054,0.25000817,0.25383312,0.28622305,0.26473778,0.5754323,0.49135607,0.66345006,0.4261516,0.2353714,1.0884285,0.0,0.5149047,0.015458671,0.4993103,0.7496552,0.0,0.0,1.0,0.5217391,0.8333333,0.44700688,0.46062016,0.1,0.7,0.14,0.59999996,0.7,0.4,0.3,0.6,1.0,2.34,2020-01-04T12:00:00,EURUSD,H1,5,SELL,156.91468112780439,23,"hit_tp=True,hit_sl=False,regime=5"
-0.029141841,-0.22294164,-0.19202915,-0.18589394,0.55626345,0.38816354,0.3804976,0.33828893,0.35816127,0.43218586,0.07667489,0.19685486,0.19709222,0.99273056,0.0,0.38801044,0.0035515584,0.3320648,0.66603243,0.0,0.0,1.0,0.5217391,1.0,0.08176653,0.26585308,0.7,0.1,0.14,0.59999996,0.7,0.4,0.3,0.6,-1.0,1.3,2020-01-05T12:00:00,EURUSD,H1,5,BUY,-122.75371902343623,9,"hit_tp=False,hit_sl=True,regime=5"
-0.044209566,-0.14802243,-0.11721948,-0.1663601,0.35391068,0.30523017,0.2808798,0.33068871,0.17512193,0.38738063,0.092902884,0.043272074,0.16906638,0.07733403,0.0,0.22731373,0.0,-0.114386864,0.44280657,0.0,0.0,1.0,0.95652175,1.0,0.15697366,0.27323025,0.7,0.1,0.14,0.59999996,0.7,0.4,0.3,0.6,1.0,1.7999999999999998,2020-01-05T22:00:00,EURUSD,H1,5,BUY,183.29897723209587,84,"hit_tp=True,hit_sl=False,regime=5"
0.08248434,0.18839377,0.24958317,0.27445742,0.42776293,0.38698265,0.3615029,0.2975661,0.7486624,0.59891325,1.0,0.8815722,0.14067599,0.14831002,0.0,0.7666979,0.025346057,0.32086712,0.6604336,0.0,0.0,1.0,0.47826087,0.5,1.0,0.5139225,0.1,0.7,0.14,0.59999996,0.7,0.4,0.3,0.6,-1.0,1.3,2020-01-09T11:00:00,EURUSD,H1,5,SELL,-113.1540691246924,2,"hit_tp=False,hit_sl=True,regime=5"
0.092919685,0.115934074,0.08348537,0.19596832,0.52837354,0.4250707,0.4430876,0.38617504,0.6078762,0.53599447,0.99082965,0.8098605,0.19777577,0.9944394,0.0,0.4599319,0.01975365,0.59015095,0.7950755,0.0,0.0,1.0,0.17391305,0.8333333,0.78830254,0.59635067,0.1,0.7,0.14,0.59999996,0.7,0.4,0.3,0.6,-1.0,1.3,2020-01-11T04:00:00,EURUSD,H1,5,SELL,-133.39975237593114,18,"hit_tp=False,hit_sl=True,regime=5"
0.080378525,0.15181851,0.19058941,0.24511707,0.32103696,0.3505179,0.43431333,0.32264134,0.79960823,0.6066292,0.9584203,0.93192345,0.22571047,-0.06427616,0.0,0.63418174,0.026032535,0.07298225,0.53649116,0.0,0.0,1.0,1.0,0.8333333,1.0,0.5223555,0.1,0.7,0.14,0.59999996,0.7,0.4,0.3,0.6,-1.0,1.3,2020-01-11T23:00:00,EURUSD,H1,5,SELL,-116.53996082161555,18,"hit_tp=False,hit_sl=True,regime=5"
0.008038562,0.07658387,0.07278927,0.053899188,0.5179002,0.4067426,0.3274894,0.2723605,0.55181164,0.4869264,0.859234,0.6171196,0.15102048,0.12244878,0.0,0.4872104,0.029217562,0.4161145,0.7080572,0.0,0.0,1.0,0.7826087,1.0,0.8420282,0.59173644,0.1,0.7,0.14,0.59999996,0.7,0.4,0.3,0.6,-1.0,1.56,2020-01-12T18:00:00,EURUSD,H1,5,SELL,-102.18922418879784,25,"hit_tp=False,hit_sl=True,regime=5"
-0.035187077,-0.0041271714,-0.018558713,-0.014678872,0.54026043,0.39279738,0.34946036,0.27358502,0.63557017,0.49956685,0.6122713,0.54453266,0.2168698,1.0421745,0.0,0.5910569,0.023227336,0.5389659,0.769483,0.0,0.0,1.0,0.8695652,0.0,0.6359654,0.50954443,0.1,0.7,0.14,0.59999996,0.7,0.4,0.3,0.6,-1.0,1.3,2020-01-13T20:00:00,EURUSD,H1,5,SELL,-95.24167570751807,3,"hit_tp=False,hit_sl=True,regime=5"
0.038297813,0.07688326,0.08769845,0.068603784,0.41360572,0.44986054,0.3812363,0.30565777,0.6947631,0.5248096,1.0,0.68076026,0.15963331,0.89908326,0.0,0.66305155,0.01852019,0.37126094,0.6856305,0.0,0.0,1.0,0.0,0.16666667,0.8720556,0.4964982,0.1,0.7,0.14,0.59999996,0.7,0.4,0.3,0.6,-1.0,1.56,2020-01-14T00:00:00,EURUSD,H1,5,SELL,-125.27408084771486,22,"hit_tp=False,hit_sl=True,regime=5"
0.062793285,0.04579205,0.07089682,-0.0037451931,0.19752203,0.29163015,0.3154829,0.31287783,0.6276231,0.5186019,1.0,0.7448733,0.15165848,0.87914616,0.0,0.69895256,0.017112356,0.5186068,0.7593034,0.0,0.0,1.0,0.4347826,0.33333334,0.812024,0.3043254,0.1,0.7,0.14,0.59999996,0.7,0.4,0.3,0.6,-1.0,1.3,2020-01-15T10:00:00,EURUSD,H1,5,SELL,-108.9933497101181,6,"hit_tp=False,hit_sl=True,regime=5"
0.0373433,0.11719105,0.1347935,0.19564992,0.36965734,0.32663968,0.2627626,0.32699,0.65976024,0.5825812,0.8447591,0.76219916,0.18036786,0.04908035,0.0,0.8127179,0.022774432,0.45098805,0.725494,0.0,0.0,1.0,0.73913044,0.33333334,0.918058,0.2951839,0.1,0.7,0.14,0.59999996,0.7,0.4,0.3,0.6,-1.0,1.3,2020-01-15T17:00:00,EURUSD,H1,5,SELL,-98.92325675220803,2,"hit_tp=False,hit_sl=True,regime=5"
-0.0073919725,-0.057432055,-0.022309262,-0.035952456,0.5187303,0.46772817,0.40121642,0.36113217,0.7218111,0.53649634,0.6386981,0.38788843,0.14883311,0.87208277,0.0,0.8068914,0.023926387,0.55490094,0.77745044,0.0,0.0,1.0,0.9130435,0.33333334,0.66039187,0.34211698,0.1,0.7,0.14,0.59999996,0.7,0.4,0.3,0.6,1.0,1.9500000000000002,2020-01-15T21:00:00,EURUSD,H1,5,SELL,190.4795914168922,13,"hit_tp=True,hit_sl=False,regime=5"
-0.087346785,-0.16504881,-0.24622005,-0.26283532,0.28127617,0.28180748,0.36069408,0.4260977,0.23853314,0.3356353,0.078466974,0.07806518,0.21600395,1.0400099,0.0,0.46729442,0.00889611,0.5433725,0.77168626,0.0,0.0,1.0,0.47826087,0.5,0.015283014,0.47654435,0.7,0.1,0.14,0.59999996,0.7,0.4,0.3,0.6,-1.0,1.56,2020-01-16T11:00:00,EURUSD,H1,5,BUY,-133.530814468652,31,"hit_tp=False,hit_sl=True,regime=5"
-0.056431014,-0.08305385,-0.04289156,-0.062863685,0.53150433,0.43368933,0.3767946,0.35608307,0.3486705,0.49335814,0.1977913,0.42369887,0.22871812,1.0717952,0.0,0.28738505,0.0074140253,0.38796222,0.6939811,0.0,0.0,1.0,0.82608694,0.6666667,0.20952573,0.5152255,0.7,0.1,0.14,0.59999996,0.7,0.4,0.3,0.6,1.0,2.34,2020-01-17T19:00:00,EURUSD,H1,5,BUY,210.0259537923277,37,"hit_tp=True,hit_sl=False,regime=5"
0.06480492,0.08067513,0.11325013,0.19009806,0.39012358,0.3394101,0.31749952,0.3352426,0.8261078,0.6049728,1.0,0.9391555,0.1781349,0.9453373,0.0,0.790039,0.0331888,-0.18253435,0.40873283,0.0,0.0,1.0,0.39130434,1.0,0.83941513,0.68920773,0.1,0.7,0.14,0.59999996,0.7,0.4,0.3,0.6,1.0,1.7999999999999998,2020-01-19T09:00:00,EURUSD,H1,5,SELL,188.24534911821235,24,"hit_tp=True,hit_sl=False,regime=5"
0.04129411,0.057580642,-0.031399697,0.02622233,0.23784815,0.21086927,0.22395185,0.29108787,0.355299,0.47766283,0.43638062,0.44979826,0.14536975,0.13657562,0.0,0.46053818,0.0071183443,0.5380406,0.76902026,0.0,0.0,1.0,0.0,0.16666667,0.52086186,0.39647672,0.7,0.1,0.14,0.59999996,0.7,0.4,0.3,0.6,-1.0,1.3,2020-01-21T00:00:00,EURUSD,H1,5,BUY,-77.35668681263962,18,"hit_tp=False,hit_sl=True,regime=5"
0.030332796,0.008429878,-0.0045273216,-0.084610246,0.14132443,0.13911404,0.2360609,0.25533646,0.28510988,0.4460031,0.26454633,0.24824461,0.19886947,0.0028263386,0.0,0.35859174,0.0033370885,0.32339725,0.66169864,0.0,0.0,1.0,0.82608694,0.16666667,0.24446762,0.47200724,0.7,0.1,0.14,0.59999996,0.7,0.4,0.3,0.6,-1.0,1.3,2020-01-21T19:00:00,EURUSD,H1,5,BUY,-91.70830710251377,6,"hit_tp=False,hit_sl=True,regime=5"
-0.026500536,-0.009131391,0.010053047,0.011934094,0.22407262,0.29880688,0.25870386,0.24738239,0.35646456,0.4990362,0.14906208,0.5660563,0.22675858,-0.06689646,0.0,0.38398892,0.0053159357,0.4142263,0.70711315,0.0,0.0,1.0,0.2173913,0.33333334,0.38602826,0.45515275,0.7,0.1,0.14,0.59999996,0.7,0.4,0.3,0.6,1.0,1.9500000000000002,2020-01-22T05:00:00,EURUSD,H1,5,BUY,122.40916618137199,12,"hit_tp=True,hit_sl=False,regime=5"
-0.038308505,0.020324599,0.05451529,0.046516612,0.28774038,0.339749,0.38312736,0.3387299,0.4992211,0.52484006,0.7244919,0.73122716,0.14546089,0.8636522,0.0,0.47599345,0.015420314,0.5304917,0.76524585,0.0,0.0,1.0,0.4347826,0.5,0.68456566,0.47347102,0.1,0.7,0.14,0.59999996,0.7,0.4,0.3,0.6,1.0,2.34,2020-01-23T10:00:00,EURUSD,H1,5,SELL,189.2855169349894,72,"hit_tp=True,hit_sl=False,regime=5"
0.009378949,-0.028102983,-0.08491009,-0.12855183,0.34305096,0.30376172,0.25354463,0.27007455,0.43299115,0.45410967,0.2083656,0.30164638,0.2609364,1.152341,0.0,0.3946935,0.007858322,0.5791367,0.78956836,0.0,0.0,1.0,0.47826087,1.0,0.18886372,0.58879036,0.7,0.1,0.14,0.59999996,0.7,0.4,0.3,0.6,-1.0,1.3,2020-01-26T11:00:00,EURUSD,H1,5,BUY,-89.5325285870241,3,"hit_tp=False,hit_sl=True,regime=5"
-0.009415356,-0.05938192,-0.063987955,-0.02922216,0.30823126,0.22978091,0.27011874,0.2746244,0.21470214,0.44766957,0.21930279,0.384141,0.23600939,-0.090023465,0.0,0.2774226,0.0033951935,0.24427739,0.6221387,0.0,0.0,1.0,0.65217394,1.0,0.21229361,0.5416691,0.7,0.1,0.14,0.59999996,0.7,0.4,0.3,0.6,1.0,1.9500000000000002,2020-01-26T15:00:00,EURUSD,H1,5,BUY,139.06220962380812,6,"hit_tp=True,hit_sl=False,regime=5"
-0.018222623,-0.0042423443,0.0722855,0.04726084,0.3940118,0.38428354,0.3046315,0.33652878,0.80097526,0.5918446,0.74653673,0.77582645,0.16897525,0.92243814,0.0,0.66030145,0.021796824,0.5173055,0.75865275,0.0,0.0,1.0,0.2173913,0.0,0.71002823,0.47999278,0.1,0.7,0.14,0.59999996,0.7,0.4,0.3,0.6,-1.0,1.3,2020-01-27T05:00:00,EURUSD,H1,5,SELL,-118.66711493974114,2,"hit_tp=False,hit_sl=True,regime=5"
0.019325333,0.06807485,0.15727149,0.15299578,0.43931141,0.48790342,0.3549566,0.36059564,0.7961652,0.6222669,0.91756386,0.79295594,0.15357243,0.8839311,0.0,0.7211292,0.026242036,0.38006192,0.690031,0.0,0.0,1.0,0.3478261,0.0,0.8206752,0.4752352,0.1,0.7,0.14,0.59999996,0.7,0.4,0.3,0.6,-1.0,1.3,2020-01-27T08:00:00,EURUSD,H1,5,SELL,-110.39005812928605,9,"hit_tp=False,hit_sl=True,regime=5"
0.044231486,0.010362598,0.034795053,0.05806134,0.33637092,0.2830734,0.22699262,0.29097462,0.8589835,0.5470124,0.718262,0.6833273,0.1900288,0.97507197,0.0,0.7795996,0.03511165,0.1373839,0.56869197,0.0,0.0,1.0,0.7826087,0.0,0.70510733,0.5244188,0.1,0.7,0.14,0.59999996,0.7,0.4,0.3,0.6,-1.0,1.3,2020-01-27T18:00:00,EURUSD,H1,5,SELL,-102.24870045457246,17,"hit_tp=False,hit_sl=True,regime=5"
-0.013487831,-0.030425726,-0.012635458,-0.021521555,0.40350804,0.3092441,0.28723657,0.32094723,0.6036145,0.44858164,0.48594117,0.45285368,0.24097657,1.1024414,0.0,0.28157225,0.037605412,0.28236508,0.64118254,0.0,0.0,1.0,0.5217391,0.16666667,0.56383616,0.6780365,0.1,0.7,0.14,0.59999996,0.7,0.4,0.3,0.6,-1.0,1.3,2020-01-28T12:00:00,EURUSD,H1,5,SELL,-92.12801666891535,4,"hit_tp=False,hit_sl=True,regime=5"
0.008226762,0.04229412,0.009970479,0.048266023,0.34831485,0.25395662,0.28160036,0.28334507,0.5905319,0.4706626,1.0,0.6014112,0.1591776,0.897944,0.0,0.34904948,0.040877566,0.22538672,0.61269337,0.0,0.0,1.0,0.73913044,0.16666667,0.6763142,0.7465857,0.1,0.7,0.14,0.59999996,0.7,0.4,0.3,0.6,-1.0,1.3,2020-01-28T17:00:00,EURUSD,H1,5,SELL,-92.05348395467495,6,"hit_tp=False,hit_sl=True,regime=5"
-0.032045115,0.04491328,0.023613144,0.038017932,0.37376934,0.31976712,0.28687721,0.26118428,0.5821029,0.48892853,0.72808117,0.57982916,0.19886947,0.0028263386,0.0,0.5685269,0.032209847,0.39098352,0.69549173,0.0,0.0,1.0,0.0,0.33333334,0.7993872,0.5815552,0.1,0.7,0.14,0.59999996,0.7,0.4,0.3,0.6,1.0,1.9500000000000002,2020-01-29T00:00:00,EURUSD,H1,5,SELL,149.69198631245683,13,"hit_tp=True,hit_sl=False,regime=5"
-0.02584155,-0.09290969,-0.11717157,-0.114619195,0.2324197,0.21802746,0.23055395,0.23702452,0.24390176,0.3994451,0.19025423,0.19406776,0.1486964,0.871741,0.0,0.27281985,0.004917361,0.41074055,0.70537025,0.0,0.0,1.0,0.6086956,0.33333334,0.14404894,0.64641374,0.7,0.1,0.14,0.59999996,0.7,0.4,0.3,0.6,1.0,1.9500000000000002,2020-01-29T14:00:00,EURUSD,H1,5,BUY,118.6595945656066,1,"hit_tp=True,hit_sl=False,regime=5"
0.30849132,0.35364392,0.32734546,0.23440053,0.4352819,0.37232995,0.29462275,0.27710426,0.6049307,0.5505758,1.0,0.7921867,0.13867089,0.84667724,0.0,0.41475564,0.020851403,0.261758,0.630879,0.0,0.0,1.0,0.6956522,0.33333334,0.7765164,0.95406574,0.1,0.7,0.14,0.59999996,0.7,0.4,0.3,0.6,-1.0,1.56,2020-01-29T16:00:00,EURUSD,H1,5,SELL,-90.64867629127171,52,"hit_tp=False,hit_sl=True,regime=5"
0.008817585,0.05583391,0.0414937,0.10765121,0.26657397,0.26613858,0.29658598,0.30798182,0.71718,0.5666691,0.8763763,0.90426,0.26722515,1.1680629,0.0,0.708491,0.018601859,-0.054432716,0.47278365,0.0,0.0,1.0,0.9130435,0.6666667,0.8482172,0.290783,0.1,0.7,0.14,0.59999996,0.7,0.4,0.3,0.6,-1.0,1.2,2020-01-31T21:00:00,EURUSD,H1,5,SELL,-102.57301374125393,49,"hit_tp=False,hit_sl=True,regime=5"
0.051590033,0.11889494,0.10652387,0.15880944,0.25466603,0.25437766,0.34452388,0.33137897,0.8019822,0.6001671,0.90256035,0.93076354,0.31981346,1.2995336,0.0,0.73215884,0.024167845,-0.12432142,0.4378393,0.0,0.0,1.0,1.0,1.0,0.9096174,0.46605077,0.1,0.7,0.14,0.59999996,0.7,0.4,0.3,0.6,-1.0,1.0,2020-02-02T23:00:00,EURUSD,H1,5,SELL,-107.72356542088745,3,"hit_tp=False,hit_sl=True,regime=5"
0.029578691,0.03392952,0.08560233,0.16593531,0.37310073,0.38252303,0.2919226,0.36083,0.8592734,0.6098713,0.7871471,0.7078689,0.25615153,-0.14037882,0.0,0.9487088,0.028323889,0.31248295,0.6562415,0.0,0.0,1.0,0.13043478,0.0,0.8286868,0.39422092,0.1,0.7,0.14,0.59999996,0.7,0.4,0.3,0.6,1.0,2.34,2020-02-03T03:00:00,EURUSD,H1,5,SELL,198.60544714104256,72,"hit_tp=True,hit_sl=False,regime=5"
0.025897566,0.076788895,0.08330214,0.0076804794,0.4179692,0.31735566,0.32805124,0.35524872,0.38126394,0.47402817,0.4136863,0.5896946,0.21518369,-0.037959218,0.0,0.4572354,0.0063115195,0.5491327,0.77456635,0.0,0.0,1.0,0.2173913,0.5,0.3957152,0.4792374,0.7,0.1,0.14,0.59999996,0.7,0.4,0.3,0.6,-1.0,1.3,2020-02-06T05:00:00,EURUSD,H1,5,BUY,-105.15693498620138,5,"hit_tp=False,hit_sl=True,regime=5"
-0.01691316,-0.06435913,-0.044165067,-0.012129921,0.11547966,0.20150656,0.2857569,0.31391874,0.39516792,0.47832167,0.24385348,0.34091586,0.3137526,-0.28438145,0.0,0.32143196,0.009385347,0.5618615,0.78093076,0.0,0.0,1.0,0.6956522,0.5,0.2748592,0.50457364,0.7,0.1,0.14,0.59999996,0.7,0.4,0.3,0.6,-1.0,1.3,2020-02-06T16:00:00,EURUSD,H1,5,BUY,-102.30368210069952,8,"hit_tp=False,hit_sl=True,regime=5"
0.023998339,-0.033482336,-0.038127527,-0.08580647,0.4540786,0.32128057,0.39692324,0.38223803,0.41576278,0.48433107,0.13304214,0.2245258,0.1816894,0.045776494,0.0,0.5135038,0.006129995,0.3881324,0.6940662,0.0,0.0,1.0,0.47826087,0.6666667,0.46510404,0.5749599,0.7,0.1,0.14,0.59999996,0.7,0.4,0.3,0.6,0.0,1.56,2020-02-07T11:00:00,EURUSD,H1,5,BUY,21.8819405796844,100,"hit_tp=False,hit_sl=False,regime=5"
-0.0127326725,-0.025191722,-0.0033314622,0.037522048,0.35486525,0.29717848,0.24224539,0.23221831,0.2783106,0.47441792,0.22080931,0.43152985,0.23368528,-0.08421323,0.0,0.36096573,0.0014302193,0.14188577,0.5709429,0.0,0.0,1.0,0.6956522,0.16666667,0.35080606,0.46564654,0.7,0.1,0.14,0.59999996,0.7,0.4,0.3,0.6,1.0,1.9500000000000002,2020-02-11T16:00:00,EURUSD,H1,5,BUY,146.9226817843361,2,"hit_tp=True,hit_sl=False,regime=5"
-0.05971681,-0.09913751,-0.10411754,0.059982084,0.4573096,0.5071792,0.40217885,0.31962878,0.45771953,0.5177724,0.44097173,0.5001325,0.2722379,-0.18059474,0.0,0.4110136,0.0054490985,0.4905838,0.7452919,0.0,0.0,1.0,0.9130435,0.16666667,0.5488225,0.9521142,0.7,0.1,0.14,0.59999996,0.7,0.4,0.3,0.6,1.0,1.9500000000000002,2020-02-11T21:00:00,EURUSD,H1,5,BUY,183.8171552579193,18,"hit_tp=True,hit_sl=False,regime=5"
-0.049910307,-0.04981844,-0.045789,-0.14364828,0.433773,0.35027054,0.32850328,0.3210972,0.38419327,0.42063478,0.09779587,0.24260512,0.16947652,0.0763087,0.0,0.42134082,0.0042803846,0.40458843,0.70229423,0.0,0.0,1.0,0.04347826,0.5,0.13413574,0.54597074,0.7,0.1,0.14,0.59999996,0.7,0.4,0.3,0.6,-1.0,1.3,2020-02-13T01:00:00,EURUSD,H1,5,BUY,-111.9801089561645,19,"hit_tp=False,hit_sl=True,regime=5"
-0.036145587,-0.060335957,-0.075194374,-0.10620886,0.33654055,0.28527102,0.2643451,0.26334053,0.15903138,0.4360362,0.13731922,0.17264459,0.30126628,-0.2531657,0.0,0.061359443,0.0,-0.019894201,0.4900529,0.0,0.0,1.0,0.9130435,0.5,0.13064435,0.6140182,0.7,0.1,0.14,0.59999996,0.7,0.4,0.3,0.6,-1.0,1.0,2020-02-13T21:00:00,EURUSD,H1,5,BUY,-92.92315321765221,18,"hit_tp=False,hit_sl=True,regime=5"
0.0027511707,-0.07398947,-0.07377113,0.009294957,0.4205667,0.33062077,0.35787457,0.33190086,0.40294218,0.4720317,0.28315845,0.33114174,0.1486964,0.871741,0.0,0.53674734,0.003610691,0.19861397,0.599307,0.0,0.0,1.0,0.6956522,0.6666667,0.2485012,0.28212628,0.7,0.1,0.14,0.59999996,0.7,0.4,0.3,0.6,-1.0,1.56,2020-02-14T16:00:00,EURUSD,H1,5,BUY,-126.13757241227042,67,"hit_tp=False,hit_sl=True,regime=5"
-0.105012886,-0.108296305,-0.12843442,-0.16209163,0.26392856,0.34559047,0.29826054,0.31634662,0.26901796,0.43812323,0.0,0.18621728,0.16045357,0.90113395,0.0,0.2046765,0.0008788014,0.06125267,0.53062636,0.0,0.0,1.0,0.5217391,0.0,0.18715043,0.3088481,0.7,0.1,0.14,0.59999996,0.7,0.4,0.3,0.6,-1.0,1.3,2020-02-17T12:00:00,EURUSD,H1,5,BUY,-101.93052953480164,9,"hit_tp=False,hit_sl=True,regime=5"
0.003066901,0.012394898,-0.056966983,-0.03015774,0.42634603,0.3387861,0.2891481,0.29370433,0.20352352,0.4852755,0.19300708,0.41003993,0.18743128,0.0314218,0.0,0.24371517,0.0049544964,0.2601083,0.6300541,0.0,0.0,1.0,0.95652175,0.0,0.27937895,0.26145306,0.7,0.1,0.14,0.59999996,0.7,0.4,0.3,0.6,1.0,2.34,2020-02-17T22:00:00,EURUSD,H1,5,BUY,161.98154723289892,28,"hit_tp=True,hit_sl=False,regime=5"
0.019261502,0.088387355,0.117812134,0.23392677,0.1877506,0.21692203,0.23306304,0.24126773,0.78557533,0.63246065,0.9223421,0.9932159,0.1559421,0.88985527,0.0,0.7980857,0.02315457,0.17738266,0.58869135,0.0,0.0,1.0,0.13043478,0.33333334,0.8824166,0.5055805,0.1,0.7,0.14,0.59999996,0.7,0.4,0.3,0.6,1.0,1.9500000000000002,2020-02-19T03:00:00,EURUSD,H1,5,SELL,123.03734552780776,16,"hit_tp=True,hit_sl=False,regime=5"
0.014481413,0.028585907,-0.07630775,-0.113870956,0.3305817,0.3177555,0.3308494,0.27580544,0.333742,0.38469917,0.0,0.16322422,0.16505618,0.08735953,0.0,0.3855672,0.007670187,0.55002284,0.7750114,0.0,0.0,1.0,0.9130435,0.33333334,0.20949763,0.39631352,0.7,0.1,0.14,0.59999996,0.7,0.4,0.3,0.6,1.0,1.9500000000000002,2020-02-19T21:00:00,EURUSD,H1,5,BUY,166.15055756276308,9,"hit_tp=True,hit_sl=False,regime=5"
-0.061214093,-0.08017675,-0.043304794,-0.03259144,0.50477755,0.44473195,0.3487107,0.35567826,0.39808768,0.46672088,0.26501283,0.22594407,0.15740035,0.10649912,0.0,0.5509837,0.0081838025,0.5871577,0.79357886,0.0,0.0,1.0,0.3478261,0.5,0.3611554,0.29573652,0.7,0.1,0.14,0.59999996,0.7,0.4,0.3,0.6,1.0,2.34,2020-02-20T08:00:00,EURUSD,H1,5,BUY,199.80608176711766,79,"hit_tp=True,hit_sl=False,regime=5"
0.019746244,-0.014708708,0.010625602,0.011312884,0.47248498,0.35450658,0.25900617,0.25295445,0.7113023,0.50996554,0.77991706,0.55039513,0.23578154,1.0894538,0.0,0.7508294,0.026022337,0.35461903,0.6773095,0.0,0.0,1.0,0.6956522,1.0,0.71052855,0.46689776,0.1,0.7,0.14,0.59999996,0.7,0.4,0.3,0.6,-1.0,1.56,2020-02-23T16:00:00,EURUSD,H1,5,SELL,-91.65708758833047,24,"hit_tp=False,hit_sl=True,regime=5"
-0.02425311,0.036591228,0.06267259,0.08554019,0.22753018,0.30434716,0.25829533,0.24672893,0.47768724,0.496748,0.72178113,0.73692673,0.14076714,0.14808217,0.0,0.49605396,0.017746976,0.3827724,0.69138616,0.0,0.0,1.0,0.73913044,0.0,0.68687993,0.5238638,0.1,0.7,0.14,0.59999996,0.7,0.4,0.3,0.6,-1.0,1.3,2020-02-24T17:00:00,EURUSD,H1,5,SELL,-84.74492383653055,10,"hit_tp=False,hit_sl=True,regime=5"
0.029253893,0.010972535,0.026496843,0.059256848,0.40370676,0.30657306,0.25871366,0.2736227,0.5877733,0.507655,0.80481786,0.5580658,0.1688841,0.07778974,0.0,0.58400023,0.019268671,0.4826608,0.7413304,0.0,0.0,1.0,0.17391305,0.16666667,0.78087026,0.6027795,0.1,0.7,0.14,0.59999996,0.7,0.4,0.3,0.6,1.0,1.9500000000000002,2020-02-25T04:00:00,EURUSD,H1,5,SELL,145.8346868462712,3,"hit_tp=True,hit_sl=False,regime=5"
-0.23087479,-0.24412072,-0.29016775,-0.27758956,0.45385253,0.32471135,0.33231658,0.30000344,0.33071,0.38890132,0.0,0.20820615,0.17831719,0.945793,0.0,0.42464674,0.007398098,0.5756068,0.7878034,0.0,0.0,1.0,0.3478261,0.16666667,0.0,0.05562279,0.7,0.1,0.14,0.59999996,0.7,0.4,0.3,0.6,-1.0,1.3,2020-02-25T08:00:00,EURUSD,H1,5,BUY,-97.52380406297556,8,"hit_tp=False,hit_sl=True,regime=5"
0.035554986,-0.028832056,-0.049095448,-0.09947593,0.38979888,0.3562845,0.2876901,0.29829556,0.24177104,0.42325044,0.2846973,0.31876954,0.200191,-0.0004775194,0.0,0.43096253,0.0057159998,0.4198084,0.7099042,0.0,0.0,1.0,0.73913044,0.16666667,0.28390446,0.10874603,0.7,0.1,0.14,0.59999996,0.7,0.4,0.3,0.6,-1.0,1.3,2020-02-25T17:00:00,EURUSD,H1,5,BUY,-99.25655315623727,6,"hit_tp=False,hit_sl=True,regime=5"
-0.027631504,-0.07604426,-0.09742015,-0.15939808,0.18912482,0.20268501,0.3136763,0.29985073,0.16576743,0.41665193,0.13647564,0.07074661,0.16501062,0.91252655,0.0,0.21337347,0.00096483796,0.062228512,0.5311143,0.0,0.0,1.0,0.0,0.33333334,0.20191394,0.13231373,0.7,0.1,0.14,0.59999996,0.7,0.4,0.3,0.6,1.0,2.34,2020-02-26T00:00:00,EURUSD,H1,5,BUY,155.9556382199001,51,"hit_tp=True,hit_sl=False,regime=5"
0.019214531,0.024654446,0.10236461,0.06945108,0.3837852,0.33736238,0.2764572,0.24475327,0.73493636,0.57184947,0.95231843,0.7268818,0.227032,1.06758,0.0,0.6674491,0.0195281,0.35720584,0.67860293,0.0,0.0,1.0,0.17391305,0.6666667,0.83273345,0.525856,0.1,0.7,0.14,0.59999996,0.7,0.4,0.3,0.6,1.0,1.9500000000000002,2020-02-28T04:00:00,EURUSD,H1,5,SELL,146.4580677105265,11,"hit_tp=True,hit_sl=False,regime=5"
-0.01712745,0.030821076,0.033849075,0.008479164,0.2478355,0.29467118,0.38826412,0.34323478,0.4511854,0.47750896,0.53931874,0.65606713,0.20287967,1.0071992,0.0,0.44013903,0.015825232,0.5922513,0.79612565,0.0,0.0,1.0,0.7826087,0.6666667,0.4297479,0.5615706,0.1,0.7,0.14,0.59999996,0.7,0.4,0.3,0.6,-1.0,1.56,2020-02-28T18:00:00,EURUSD,H1,5,SELL,-120.31004993907413,27,"hit_tp=False,hit_sl=True,regime=5"
0.024838835,0.096496105,0.15985808,0.17864485,0.27141288,0.33209634,0.30967838,0.30861935,0.9839337,0.6306263,0.9153162,0.95344377,0.17704122,0.94260305,0.0,1.0,0.02735089,0.018535644,0.5092678,0.0,0.0,1.0,0.95652175,0.8333333,0.8457355,0.41321737,0.1,0.7,0.14,0.59999996,0.7,0.4,0.3,0.6,-1.0,1.2,2020-02-29T22:00:00,EURUSD,H1,5,SELL,-104.35540473639149,38,"hit_tp=False,hit_sl=True,regime=5"
0.013659646,0.0724072,0.11054988,0.094904296,0.22793905,0.21685135,0.2054379,0.216644,0.7184027,0.5484672,1.0,0.9184464,0.1781349,0.9453373,0.0,0.7151127,0.031109186,-0.07833285,0.46083358,0.0,0.0,1.0,0.5652174,0.0,0.7789423,0.48542827,0.1,0.7,0.14,0.59999996,0.7,0.4,0.3,0.6,-1.0,1.0,2020-03-02T13:00:00,EURUSD,H1,5,SELL,-65.36779284918026,15,"hit_tp=False,hit_sl=True,regime=5"
-0.046809442,-0.048578184,-0.08212739,-0.011645678,0.47072703,0.3385699,0.29239622,0.2733045,0.470169,0.45835403,0.39223143,0.4615349,0.1648739,0.9121848,0.0,0.5150273,0.025772892,0.5479788,0.7739894,0.0,0.0,1.0,0.26086956,0.16666667,0.46575093,0.5574536,0.1,0.7,0.14,0.59999996,0.7,0.4,0.3,0.6,-1.0,1.3,2020-03-03T06:00:00,EURUSD,H1,5,SELL,-93.40825168854039,3,"hit_tp=False,hit_sl=True,regime=5"
0.0043093096,0.051918764,0.05816904,0.058843143,0.3354977,0.28883457,0.30765107,0.28708956,0.6129736,0.49419123,0.98134625,0.6137728,0.13821518,0.84553796,0.0,0.65187263,0.029860275,0.31061158,0.6553058,0.0,0.0,1.0,0.4347826,0.16666667,0.7687648,0.58378226,0.1,0.7,0.14,0.59999996,0.7,0.4,0.3,0.6,1.0,1.9500000000000002,2020-03-03T10:00:00,EURUSD,H1,5,SELL,165.48630567536637,13,"hit_tp=True,hit_sl=False,regime=5"
0.011691071,0.02347097,0.06945338,0.058169067,0.35083196,0.33017576,0.33492446,0.32695186,0.65378845,0.5531891,0.9286189,0.7880795,0.14322793,0.85806984,0.0,0.558447,0.020428495,0.28151315,0.64075655,0.0,0.0,1.0,0.9130435,0.33333334,0.744162,0.4758185,0.1,0.7,0.14,0.59999996,0.7,0.4,0.3,0.6,-1.0,1.56,2020-03-04T21:00:00,EURUSD,H1,5,SELL,-125.29358851913086,74,"hit_tp=False,hit_sl=True,regime=5"
-0.014510071,-0.0064767487,0.024863446,0.033068236,0.14299564,0.1409786,0.19328324,0.22494969,0.7143065,0.52753794,0.73741853,0.6835648,0.16961323,0.07596692,0.0,0.5247116,0.025447622,0.24590884,0.6229544,0.0,0.0,1.0,0.0,1.0,0.7744339,0.4687045,0.1,0.7,0.14,0.59999996,0.7,0.4,0.3,0.6,1.0,1.9500000000000002,2020-03-08T00:00:00,EURUSD,H1,5,SELL,123.3894718635753,14,"hit_tp=True,hit_sl=False,regime=5"
-0.04873673,-0.11796613,-0.16776276,-0.15148784,0.37283096,0.2898921,0.29521832,0.24629705,0.3185753,0.39716643,0.0,0.03888524,0.16045357,0.098866075,0.0,0.41809577,0.0062287697,0.5148595,0.7574297,0.0,0.0,1.0,0.65217394,1.0,0.08308249,0.49853238,0.7,0.1,0.14,0.59999996,0.7,0.4,0.3,0.6,-1.0,1.3,2020-03-08T15:00:00,EURUSD,H1,5,BUY,-92.04586378531276,8,"hit_tp=False,hit_sl=True,regime=5"
0.058194242,0.038894694,0.017440725,-0.031060966,0.35886478,0.38986543,0.31899813,0.2919796,0.22045097,0.43493485,0.35281432,0.4086906,0.26995936,-0.17489843,0.0,0.34717947,0.0051704734,0.39980578,0.6999029,0.0,0.0,1.0,0.0,0.0,0.32135555,0.54735935,0.7,0.1,0.14,0.59999996,0.7,0.4,0.3,0.6,-1.0,1.56,2020-03-09T00:00:00,EURUSD,H1,5,BUY,-101.53912190006275,22,"hit_tp=False,hit_sl=True,regime=5"
0.020362576,-0.005938415,-0.00070878316,0.007868655,0.35957944,0.2916434,0.26254323,0.24821906,0.6306578,0.54819804,0.6151814,0.57726365,0.27032393,1.1758099,0.0,0.5451936,0.0072931983,0.4780465,0.73902327,0.0,0.0,1.0,1.0,0.0,0.46044868,0.5514426,0.7,0.1,0.14,0.59999996,0.7,0.4,0.3,0.6,1.0,2.34,2020-03-09T23:00:00,EURUSD,H1,5,BUY,138.31089893171944,23,"hit_tp=True,hit_sl=False,regime=5"
-0.027857991,-0.037832912,-0.017131938,-0.015049767,0.36976215,0.2810178,0.26405793,0.30509186,0.62647855,0.5161969,0.7781816,0.45917663,0.24412093,1.1103023,0.0,0.5804004,0.016268225,0.36953458,0.6847673,0.0,0.0,1.0,0.0,0.33333334,0.5810356,0.50982887,0.1,0.7,0.14,0.59999996,0.7,0.4,0.3,0.6,-1.0,1.56,2020-03-11T00:00:00,EURUSD,H1,5,SELL,-94.92567840884814,38,"hit_tp=False,hit_sl=True,regime=5"
0.056688268,0.0535051,0.09072918,0.075802855,0.5995936,0.52568376,0.49539262,0.35930055,0.7171461,0.53047675,0.91282475,0.6095852,0.18510719,0.96276796,0.0,0.55646247,0.01742267,0.58184534,0.79092264,0.0,0.0,1.0,0.8695652,0.5,0.84785384,0.606999,0.1,0.7,0.14,0.59999996,0.7,0.4,0.3,0.6,-1.0,1.3,2020-03-12T20:00:00,EURUSD,H1,5,SELL,-142.27228616098265,6,"hit_tp=False,hit_sl=True,regime=5"
0.04443295,0.04311461,0.035156425,0.14140569,0.39123943,0.2831193,0.38208646,0.38596988,0.89516187,0.61039317,0.76522285,0.75636536,0.18159826,0.95399565,0.0,0.70333934,0.028039515,0.23597537,0.6179877,0.0,0.0,1.0,0.13043478,0.6666667,0.8216011,0.51240367,0.1,0.7,0.14,0.59999996,0.7,0.4,0.3,0.6,1.0,2.34,2020-03-13T03:00:00,EURUSD,H1,5,SELL,250.66206792633494,28,"hit_tp=True,hit_sl=False,regime=5"
-0.23472622,-0.2589271,-0.32413256,-0.35592243,0.47473666,0.3783574,0.36416247,0.40197793,0.27780604,0.35026672,0.0,0.08317402,0.1989606,0.0025984864,0.0,0.48374015,0.0063557457,0.35734767,0.67867386,0.0,0.0,1.0,0.3478261,0.8333333,0.0,0.1432334,0.7,0.1,0.14,0.59999996,0.7,0.4,0.3,0.6,-1.0,1.56,2020-03-14T08:00:00,EURUSD,H1,5,BUY,-134.82100301665412,24,"hit_tp=False,hit_sl=True,regime=5"
-0.015355279,-0.067455366,-0.05857191,-0.11850505,0.336284,0.26586276,0.2966231,0.29783788,0.3698591,0.49505207,0.103178106,0.29649583,0.22771557,-0.06928891,0.0,0.26256716,0.004307482,0.20880307,0.6044015,0.0,0.0,1.0,0.39130434,1.0,0.22557653,0.6594491,0.7,0.1,0.14,0.59999996,0.7,0.4,0.3,0.6,-1.0,1.56,2020-03-15T09:00:00,EURUSD,H1,5,BUY,-99.61977701692604,24,"hit_tp=False,hit_sl=True,regime=5"
0.016139733,-0.016575411,-0.048000805,-0.06071241,0.5479597,0.4438546,0.29040834,0.33529577,0.40012962,0.487061,0.26839814,0.40077823,0.14145069,0.8536267,0.0,0.29805508,0.006515727,0.55113065,0.7755653,0.0,0.0,1.0,0.4347826,0.0,0.24183638,0.57984847,0.7,0.1,0.14,0.59999996,0.7,0.4,0.3,0.6,-1.0,1.56,2020-03-16T10:00:00,EURUSD,H1,5,BUY,-87.68698028263077,34,"hit_tp=False,hit_sl=True,regime=5"
-0.027795393,-0.06937777,-0.049791023,-0.06379594,0.52966136,0.4290477,0.41416004,0.3150013,0.37250397,0.46242326,0.0,0.26455554,0.2028341,-0.0070852353,0.0,0.33193508,0.0046557765,0.46862754,0.7343138,0.0,0.0,1.0,0.95652175,0.16666667,0.22011124,0.53738976,0.7,0.1,0.14,0.59999996,0.7,0.4,0.3,0.6,-1.0,1.3,2020-03-17T22:00:00,EURUSD,H1,5,BUY,-117.01669432602868,14,"hit_tp=False,hit_sl=True,regime=5"
0.022154184,-0.02753986,-0.000496679,-0.10767909,0.26790908,0.2560336,0.33002,0.3721263,0.4610275,0.4854096,0.30386114,0.382412,0.24330066,1.1082517,0.0,0.30023995,0.0064890375,0.50394905,0.7519745,0.0,0.0,1.0,0.5652174,0.33333334,0.28760773,0.5476137,0.7,0.1,0.14,0.59999996,0.7,0.4,0.3,0.6,-1.0,1.56,2020-03-18T13:00:00,EURUSD,H1,5,BUY,-119.28844789098613,46,"hit_tp=False,hit_sl=True,regime=5"
-0.012096304,0.020100111,-0.041538164,-0.11367002,0.3093883,0.31595373,0.24642307,0.285046,0.40450847,0.4614333,0.2161598,0.306981,0.14318237,0.85795593,0.0,0.589577,0.0038901514,0.40115556,0.7005778,0.0,0.0,1.0,0.5217391,0.6666667,0.19661658,0.4390339,0.7,0.1,0.14,0.59999996,0.7,0.4,0.3,0.6,1.0,1.9500000000000002,2020-03-20T12:00:00,EURUSD,H1,5,BUY,149.17758051797847,17,"hit_tp=True,hit_sl=False,regime=5"
0.09677086,0.085906275,-0.0026551501,0.07399931,0.3733714,0.44745642,0.33436152,0.34547296,0.6982228,0.58719975,0.8346147,0.5702755,0.20447463,1.0111866,0.0,0.547926,0.017044717,0.31158406,0.655792,0.0,0.0,1.0,0.39130434,0.8333333,0.82521623,0.52247363,0.1,0.7,0.14,0.59999996,0.7,0.4,0.3,0.6,-1.0,1.56,2020-03-21T09:00:00,EURUSD,H1,5,SELL,-108.3503664408103,26,"hit_tp=False,hit_sl=True,regime=5"
0.054093044,0.06440046,0.077825844,0.101631574,0.40180543,0.3564522,0.3486998,0.35817108,0.7735347,0.5718576,0.9139348,0.82010376,0.19107692,0.9776923,0.0,0.78131866,0.027124431,-0.031523515,0.48423824,0.0,0.0,1.0,0.5217391,1.0,0.9074974,0.48059478,0.1,0.7,0.14,0.59999996,0.7,0.4,0.3,0.6,-1.0,1.0,2020-03-22T12:00:00,EURUSD,H1,5,SELL,-114.51775798410947,15,"hit_tp=False,hit_sl=True,regime=5"
0.023633419,0.03492531,0.040595595,0.10666832,0.35723484,0.35562652,0.318992,0.3166864,0.5739359,0.50057346,0.81648546,0.6037102,0.18301095,0.042472634,0.0,0.6670369,0.02926136,0.37863457,0.6893173,0.0,0.0,1.0,0.17391305,0.0,0.7250415,0.4719157,0.1,0.7,0.14,0.59999996,0.7,0.4,0.3,0.6,-1.0,1.3,2020-03-23T04:00:00,EURUSD,H1,5,SELL,-106.42385636046248,4,"hit_tp=False,hit_sl=True,regime=5"
-0.047335878,0.09413383,0.06039718,0.090002425,0.2648918,0.22414276,0.28988466,0.28583422,0.66026473,0.5137466,0.7669209,0.6999882,0.16847397,0.07881507,0.0,0.828081,0.032781225,0.29591814,0.64795905,0.0,0.0,1.0,0.39130434,0.0,0.8212497,0.6495854,0.1,0.7,0.14,0.59999996,0.7,0.4,0.3,0.6,-1.0,1.3,2020-03-23T09:00:00,EURUSD,H1,5,SELL,-90.23077484705988,6,"hit_tp=False,hit_sl=True,regime=5"
-0.010286566,0.036738385,0.043061353,0.15480514,0.4014297,0.306591,0.32279676,0.30252504,0.66222715,0.5150161,0.7662757,0.7399163,0.17430699,0.06423253,0.0,0.80732715,0.034713697,0.16084832,0.5804242,0.0,0.0,1.0,0.6956522,0.0,0.7823615,0.62586963,0.1,0.7,0.14,0.59999996,0.7,0.4,0.3,0.6,-1.0,1.3,2020-03-23T16:00:00,EURUSD,H1,5,SELL,-107.66818673691114,7,"hit_tp=False,hit_sl=True,regime=5"
0.015146269,0.022906628,0.033752546,0.014589152,0.37833282,0.29364625,0.33697522,0.29572883,0.8167543,0.4983944,0.7638798,0.6045178,0.14441277,0.86103195,0.0,0.71546084,0.0387745,0.20976368,0.6048818,0.0,0.0,1.0,0.0,0.16666667,0.7151444,0.6562184,0.1,0.7,0.14,0.59999996,0.7,0.4,0.3,0.6,-1.0,1.3,2020-03-24T00:00:00,EURUSD,H1,5,SELL,-96.75131725307429,5,"hit_tp=False,hit_sl=True,regime=5"
0.04484472,0.051895525,0.046231877,0.083813004,0.47782975,0.36895877,0.32226792,0.30085093,0.8502021,0.50473887,0.84743774,0.62710077,0.1821451,0.9553628,0.0,0.61226493,0.04329132,0.24778725,0.6238936,0.0,0.0,1.0,0.26086956,0.16666667,0.7732935,0.46255183,0.1,0.7,0.14,0.59999996,0.7,0.4,0.3,0.6,-1.0,1.56,2020-03-24T06:00:00,EURUSD,H1,5,SELL,-103.30652807235109,47,"hit_tp=False,hit_sl=True,regime=5"
0.04317446,0.11163901,0.17062983,0.15067731,0.25841916,0.38648596,0.32982108,0.257553,0.6526799,0.5498497,1.0,0.92331713,0.14751156,0.8687789,0.0,0.4509423,0.020179573,0.046403352,0.5232017,0.0,0.0,1.0,0.26086956,0.5,0.873399,0.5328011,0.1,0.7,0.14,0.59999996,0.7,0.4,0.3,0.6,1.0,2.34,2020-03-26T06:00:00,EURUSD,H1,5,SELL,169.2531126461505,31,"hit_tp=True,hit_sl=False,regime=5"
-0.030034043,0.09105204,0.06738359,0.056732282,0.5577047,0.51182866,0.384524,0.29372737,0.7011905,0.559004,0.9305559,0.8383804,0.17640322,0.9410081,0.0,0.4629522,0.01767285,0.45974064,0.7298703,0.0,0.0,1.0,0.65217394,0.6666667,0.7906729,0.618659,0.1,0.7,0.14,0.59999996,0.7,0.4,0.3,0.6,-1.0,1.3,2020-03-27T15:00:00,EURUSD,H1,5,SELL,-111.60301764792547,2,"hit_tp=False,hit_sl=True,regime=5"
-0.0015426716,0.041729774,0.08952224,0.18098184,0.39586332,0.40410602,0.42170373,0.33036178,0.7068133,0.5776848,0.8268807,0.7317771,0.15585096,0.11037261,0.0,0.5361197,0.018974867,0.5825508,0.7912754,0.0,0.0,1.0,0.7826087,0.6666667,0.8456987,0.61932987,0.1,0.7,0.14,0.59999996,0.7,0.4,0.3,0.6,-1.0,1.56,2020-03-27T18:00:00,EURUSD,H1,5,SELL,-122.97019390908659,50,"hit_tp=False,hit_sl=True,regime=5"
0.33022922,0.34150213,0.34739965,0.40287244,0.5779743,0.48642382,0.4471235,0.4480063,0.86885625,0.69289005,1.0,0.8736925,0.22324966,-0.058124144,0.0,0.7828945,0.030630516,0.06784009,0.53392005,0.0,0.0,1.0,0.9130435,1.0,1.0,0.91565084,0.1,0.7,0.14,0.59999996,0.7,0.4,0.3,0.6,-1.0,1.56,2020-03-29T21:00:00,EURUSD,H1,5,SELL,-150.89199884010586,23,"hit_tp=False,hit_sl=True,regime=5"
-0.082346514,-0.077046566,-0.07175337,0.06316518,0.29052967,0.21463989,0.2455261,0.23297742,0.624969,0.46795818,0.56625664,0.50253737,0.18219067,0.044523306,0.0,0.58506125,0.036249876,0.34739012,0.673695,0.0,0.0,1.0,0.9130435,0.0,0.60992,0.41072252,0.1,0.7,0.14,0.59999996,0.7,0.4,0.3,0.6,1.0,1.9500000000000002,2020-03-30T21:00:00,EURUSD,H1,5,SELL,133.82408980919135,2,"hit_tp=True,hit_sl=False,regime=5"
-0.018829463,-0.012006466,-0.006053964,-0.0040562283,0.27091193,0.25163242,0.30795187,0.32473472,0.12777491,0.44593093,0.16465002,0.30872723,0.24612603,-0.115315065,0.0,0.41065553,0.007219228,0.3869972,0.6934986,0.0,0.0,1.0,0.73913044,0.16666667,0.33950385,0.24474518,0.7,0.1,0.14,0.59999996,0.7,0.4,0.3,0.6,-1.0,1.3,2020-03-31T17:00:00,EURUSD,H1,5,BUY,-91.82315202859392,17,"hit_tp=False,hit_sl=True,regime=5"
-0.0103131905,0.010917579,-0.16087577,-0.20097682,0.3955919,0.3782919,0.30251038,0.30043626,0.4495267,0.47384268,0.20705402,0.2980232,0.15452941,0.8863235,0.0,0.47200668,0.0065620868,0.3354645,0.66773224,0.0,0.0,1.0,0.47826087,0.33333334,0.18062957,0.13792422,0.7,0.1,0.14,0.59999996,0.7,0.4,0.3,0.6,-1.0,1.3,2020-04-01T11:00:00,EURUSD,H1,5,BUY,-98.08909927322196,12,"hit_tp=False,hit_sl=True,regime=5"
0.05851983,-0.0012066165,-0.04065847,-0.08273865,0.2994694,0.3179736,0.28911832,0.29242632,0.44100434,0.47988048,0.2314341,0.23792905,0.15498511,0.112537205,0.0,0.5285347,0.0037002119,0.22333114,0.61166555,0.0,0.0,1.0,0.0,0.5,0.31531614,0.20205863,0.7,0.1,0.14,0.59999996,0.7,0.4,0.3,0.6,1.0,1.9500000000000002,2020-04-02T00:00:00,EURUSD,H1,5,BUY,164.57514174446075,11,"hit_tp=True,hit_sl=False,regime=5"
0.020864815,0.0675543,0.14216703,0.058187023,0.41900304,0.42284167,0.3985519,0.3338122,0.75929874,0.6226795,0.8102449,0.7819121,0.13675694,0.84189236,0.0,0.6532663,0.01683718,0.51629347,0.75814676,0.0,0.0,1.0,0.5217391,0.5,0.8287317,0.48206887,0.1,0.7,0.14,0.59999996,0.7,0.4,0.3,0.6,-1.0,1.56,2020-04-02T12:00:00,EURUSD,H1,5,SELL,-118.45969104762987,33,"hit_tp=False,hit_sl=True,regime=5"
-0.00082916586,0.040243577,0.013347954,0.14926562,0.58173835,0.40743104,0.32704285,0.30387086,0.67802006,0.5674565,0.7946701,0.6598722,0.15849404,0.8962351,0.0,0.742122,0.019699529,0.5020628,0.7510314,0.0,0.0,1.0,0.95652175,0.6666667,0.8021109,0.50500894,0.1,0.7,0.14,0.59999996,0.7,0.4,0.3,0.6,-1.0,1.3,2020-04-03T22:00:00,EURUSD,H1,5,SELL,-110.18217852926782,5,"hit_tp=False,hit_sl=True,regime=5"
0.0083486065,-0.068502955,-0.0896065,-0.09157209,0.43425182,0.35767692,0.43024305,0.40294755,0.36041275,0.43033633,0.092775136,0.21565846,0.16765371,0.08086574,0.0,0.35862964,0.007026336,0.5211235,0.76056176,0.0,0.0,1.0,0.5217391,0.8333333,0.3076389,0.5293167,0.7,0.1,0.14,0.59999996,0.7,0.4,0.3,0.6,-1.0,1.3,2020-04-04T12:00:00,EURUSD,H1,5,BUY,-135.68260472718973,5,"hit_tp=False,hit_sl=True,regime=5"
-0.037733078,-0.078428835,-0.06595137,-0.194803,0.2581028,0.21489258,0.29260927,0.3545841,0.11873597,0.35096675,0.18818314,0.08405435,0.19586182,0.010345464,0.0,0.13435036,0.0007582197,0.048181407,0.5240907,0.0,0.0,1.0,0.7826087,0.8333333,0.1462589,0.5384524,0.7,0.1,0.14,0.59999996,0.7,0.4,0.3,0.6,-1.0,1.3,2020-04-04T18:00:00,EURUSD,H1,5,BUY,-100.26238586135162,7,"hit_tp=False,hit_sl=True,regime=5"
-0.043459576,-0.070665166,-0.091421835,-0.1545782,0.33551666,0.28504705,0.2637311,0.2866919,0.113092594,0.4084414,0.14781143,0.21105398,0.20793799,1.019845,0.0,0.068152584,0.003572647,0.17314775,0.5865739,0.0,0.0,1.0,0.08695652,1.0,0.23093992,0.48646998,0.7,0.1,0.14,0.59999996,0.7,0.4,0.3,0.6,-1.0,1.3,2020-04-05T02:00:00,EURUSD,H1,5,BUY,-82.71045484751438,7,"hit_tp=False,hit_sl=True,regime=5"
-0.016818458,-0.03658755,-0.08206139,-0.08576244,0.3213112,0.34149218,0.3178683,0.26824874,0.31046352,0.49151015,0.2022196,0.21478468,0.21217604,1.0304401,0.0,0.3489867,0.0057868124,0.25682226,0.6284111,0.0,0.0,1.0,0.4347826,1.0,0.22239758,0.5953507,0.7,0.1,0.14,0.59999996,0.7,0.4,0.3,0.6,1.0,2.34,2020-04-05T10:00:00,EURUSD,H1,5,BUY,165.4874661173089,23,"hit_tp=True,hit_sl=False,regime=5"
0.0033143603,0.019493982,0.040436354,0.06046421,0.2839739,0.30865508,0.2856069,0.319718,0.60323465,0.5439011,1.0,0.87003857,0.17225632,0.9306408,0.0,0.39436406,0.024297023,0.2774912,0.6387456,0.0,0.0,1.0,0.26086956,0.16666667,0.53019947,0.58899,0.1,0.7,0.14,0.59999996,0.7,0.4,0.3,0.6,-1.0,1.3,2020-04-07T06:00:00,EURUSD,H1,5,SELL,-101.04702311712899,14,"hit_tp=False,hit_sl=True,regime=5"
0.024467446,-0.011700777,-0.03593525,-0.11943133,0.6033096,0.47943258,0.43730727,0.42730197,0.53190666,0.49076393,0.7454065,0.4837586,0.18419577,0.96048945,0.0,0.35962906,0.020112876,0.46361318,0.7318066,0.0,0.0,1.0,0.04347826,0.33333334,0.29195246,0.6938155,0.1,0.7,0.14,0.59999996,0.7,0.4,0.3,0.6,-1.0,1.56,2020-04-08T01:00:00,EURUSD,H1,5,SELL,-142.3111093916507,45,"hit_tp=False,hit_sl=True,regime=5"
0.02540251,0.19208448,0.172753,0.19553137,0.58474076,0.39753002,0.2876118,0.26767495,0.7120082,0.5741384,1.0,0.90182537,0.18588188,0.9647047,0.0,0.57626504,0.029887104,0.0001432963,0.50007164,0.0,0.0,1.0,1.0,0.5,0.98187214,0.7103449,0.1,0.7,0.14,0.59999996,0.7,0.4,0.3,0.6,-1.0,1.2,2020-04-09T23:00:00,EURUSD,H1,5,SELL,-90.74839755633502,28,"hit_tp=False,hit_sl=True,regime=5"
0.07416171,0.08036317,0.13550732,0.20442396,0.2969318,0.2519517,0.32047316,0.33184808,0.80250627,0.5811541,0.91212326,0.84952295,0.15056479,0.12358804,0.0,0.87493044,0.022328863,0.108117476,0.55405873,0.0,0.0,1.0,0.17391305,0.8333333,0.96302146,0.54644454,0.1,0.7,0.14,0.59999996,0.7,0.4,0.3,0.6,-1.0,1.3,2020-04-11T04:00:00,EURUSD,H1,5,SELL,-111.99909672610752,13,"hit_tp=False,hit_sl=True,regime=5"
0.010998341,0.029096236,0.048296165,0.06701249,0.395975,0.319378,0.32489654,0.31493643,0.6871531,0.5334856,0.8441715,0.73210007,0.16218525,0.9054631,0.0,0.6463822,0.029878613,0.13240871,0.56620437,0.0,0.0,1.0,0.7826087,0.8333333,0.73964006,0.46484908,0.1,0.7,0.14,0.59999996,0.7,0.4,0.3,0.6,1.0,1.9500000000000002,2020-04-11T18:00:00,EURUSD,H1,5,SELL,191.2412637300287,7,"hit_tp=True,hit_sl=False,regime=5"
-0.22367495,-0.24232483,-0.2734458,-0.36000383,0.33830136,0.40496892,0.42764837,0.3658132,0.2587686,0.30286327,0.0,0.06577769,0.15389143,0.115271434,0.0,0.46752042,0.004691267,0.3389207,0.66946036,0.0,0.0,1.0,0.08695652,1.0,0.0,0.14445706,0.7,0.1,0.14,0.59999996,0.7,0.4,0.3,0.6,-1.0,1.3,2020-04-12T02:00:00,EURUSD,H1,5,BUY,-132.6854261050636,8,"hit_tp=False,hit_sl=True,regime=5"
0.0036842374,0.0038631351,0.040259622,0.049605675,0.31495038,0.37546393,0.39021623,0.38292915,0.47436032,0.54043174,0.6603235,0.6299647,0.16501062,0.08747346,0.0,0.4291073,0.010077078,0.58783114,0.79391557,0.0,0.0,1.0,0.6956522,1.0,0.48981372,0.2666541,0.7,0.1,0.14,0.59999996,0.7,0.4,0.3,0.6,1.0,2.34,2020-04-12T16:00:00,EURUSD,H1,5,BUY,205.31910755361204,26,"hit_tp=True,hit_sl=False,regime=5"
-0.00516486,0.02587908,0.034570765,0.06360831,0.3905789,0.3324158,0.318582,0.31989583,0.44751346,0.53512436,0.8655512,0.7753693,0.21873818,1.0468454,0.0,0.77407074,0.020049421,0.53960615,0.7698031,0.0,0.0,1.0,0.4347826,0.16666667,0.5174168,0.0,0.1,0.7,0.14,0.59999996,0.7,0.4,0.3,0.6,1.0,1.9500000000000002,2020-04-14T10:00:00,EURUSD,H1,5,SELL,176.68884814389995,9,"hit_tp=True,hit_sl=False,regime=5"
-0.030360656,-0.07083999,-0.0840725,-0.092637755,0.26745933,0.43257377,0.3707424,0.34466222,0.3012085,0.42445534,0.033165697,0.119340844,0.1384886,0.15377846,0.0,0.45984542,0.0033973956,0.27621132,0.63810563,0.0,0.0,1.0,0.8695652,0.16666667,0.13991228,0.52171314,0.7,0.1,0.14,0.59999996,0.7,0.4,0.3,0.6,-1.0,1.56,2020-04-14T20:00:00,EURUSD,H1,5,BUY,-122.25136341734056,91,"hit_tp=False,hit_sl=True,regime=5"
-0.12157871,-0.050194945,-0.05540758,-0.03541705,0.6716144,0.45727825,0.33876473,0.34254354,0.2643668,0.43226576,0.19926016,0.45760465,0.2540553,-0.13513821,0.0,0.3978016,0.0070155454,0.54717183,0.7735859,0.0,0.0,1.0,0.73913044,0.8333333,0.18930896,0.47297585,0.7,0.1,0.14,0.59999996,0.7,0.4,0.3,0.6,-1.0,1.56,2020-04-18T17:00:00,EURUSD,H1,5,BUY,-101.72968504873037,26,"hit_tp=False,hit_sl=True,regime=5"
0.011033094,-0.051609468,-0.024341244,-0.19177265,0.36263967,0.32310134,0.31280005,0.30010277,0.43007037,0.4785136,0.16486017,0.20127615,0.13821518,0.15446202,0.0,0.5572298,0.0030839,0.22483462,0.61241734,0.0,0.0,1.0,0.8695652,1.0,0.30717096,0.43628487,0.7,0.1,0.14,0.59999996,0.7,0.4,0.3,0.6,1.0,1.9500000000000002,2020-04-19T20:00:00,EURUSD,H1,5,BUY,167.27020228409327,8,"hit_tp=True,hit_sl=False,regime=5"
-0.00094852585,0.0014496185,-0.0049056173,0.0010849353,0.19101919,0.24732836,0.27173772,0.30087158,0.8625994,0.58467674,0.7130582,0.5496095,0.16482833,0.9120708,0.0,0.6813476,0.01969042,0.39458364,0.69729185,0.0,0.0,1.0,0.4347826,0.0,0.68464553,0.5225653,0.1,0.7,0.14,0.59999996,0.7,0.4,0.3,0.6,-1.0,1.56,2020-04-20T10:00:00,EURUSD,H1,5,SELL,-97.26386788392772,22,"hit_tp=False,hit_sl=True,regime=5"
-0.021606935,0.037400894,0.03782306,0.032330956,0.29230317,0.2507537,0.20204978,0.23243804,0.7999099,0.5645581,0.7871936,0.8082336,0.1860186,0.96504647,0.0,0.7822875,0.027530167,0.048723716,0.52436185,0.0,0.0,1.0,0.39130434,0.16666667,0.78125405,0.5259953,0.1,0.7,0.14,0.59999996,0.7,0.4,0.3,0.6,-1.0,1.3,2020-04-21T09:00:00,EURUSD,H1,5,SELL,-80.62213872330082,8,"hit_tp=False,hit_sl=True,regime=5"
0.002381284,-0.028037157,-0.03933359,-0.034844935,0.1720723,0.36848783,0.3149179,0.25390115,0.5922462,0.45374638,0.42848468,0.43415186,0.14896981,0.87242454,0.0,0.602828,0.026543941,0.5407897,0.77039486,0.0,0.0,1.0,0.8695652,0.16666667,0.47112373,0.46454316,0.1,0.7,0.14,0.59999996,0.7,0.4,0.3,0.6,1.0,1.9500000000000002,2020-04-21T20:00:00,EURUSD,H1,5,SELL,163.09719624096664,10,"hit_tp=True,hit_sl=False,regime=5"
-0.0023611241,-0.029587334,-0.0030038427,-0.053406786,0.6663689,0.5559381,0.3825091,0.34711605,0.341983,0.41512677,0.2011559,0.35214508,0.18747684,0.031307872,0.0,0.26801923,0.0067298533,0.4950602,0.7475301,0.0,0.0,1.0,0.3478261,0.33333334,0.2572927,0.49761668,0.7,0.1,0.14,0.59999996,0.7,0.4,0.3,0.6,-1.0,1.56,2020-04-22T08:00:00,EURUSD,H1,5,BUY,-113.8434297483637,55,"hit_tp=False,hit_sl=True,regime=5"
-0.004615082,-0.19885585,-0.20487335,-0.23371609,0.5703214,0.41801465,0.34355924,0.32061687,0.22094077,0.33693767,0.095081635,0.21285044,0.15790163,0.89475405,0.0,0.2000628,0.007437095,0.51420355,0.7571018,0.0,0.0,1.0,0.6956522,0.6666667,0.076629825,0.26150757,0.7,0.1,0.14,0.59999996,0.7,0.4,0.3,0.6,1.0,1.9500000000000002,2020-04-24T16:00:00,EURUSD,H1,5,BUY,192.4143948594459,19,"hit_tp=True,hit_sl=False,regime=5"
-0.0037888775,-0.07057221,-0.08011187,-0.04876534,0.43116453,0.28028375,0.30374056,0.3203639,0.2947963,0.42598203,0.14627688,0.26168567,0.1399013,0.15024675,0.0,0.35024935,0.0075872,0.5246612,0.7623306,0.0,0.0,1.0,0.95652175,0.8333333,0.13722491,0.42748696,0.7,0.1,0.14,0.59999996,0.7,0.4,0.3,0.6,-1.0,1.56,2020-04-25T22:00:00,EURUSD,H1,5,BUY,-122.89564606218883,22,"hit_tp=False,hit_sl=True,regime=5"
-0.044131994,-0.094043516,-0.07834463,-0.11351598,0.4711203,0.4339604,0.37968835,0.30782712,0.31527427,0.45369905,0.18939228,0.30300698,0.16373464,0.9093366,0.0,0.33317256,0.0041856645,0.28551576,0.6427579,0.0,0.0,1.0,0.9130435,1.0,0.17887227,0.4919728,0.7,0.1,0.14,0.59999996,0.7,0.4,0.3,0.6,-1.0,1.3,2020-04-26T21:00:00,EURUSD,H1,5,BUY,-110.74675297874536,10,"hit_tp=False,hit_sl=True,regime=5"
0.032148115,-0.021349842,0.02868518,-0.039952707,0.19962035,0.23417713,0.24460892,0.31670263,0.3360608,0.47426993,0.33101353,0.4085892,0.24781214,1.1195303,0.0,0.28667465,0.0053133457,0.30067837,0.6503392,0.0,0.0,1.0,0.3478261,0.0,0.2740701,0.5289281,0.7,0.1,0.14,0.59999996,0.7,0.4,0.3,0.6,-1.0,1.3,2020-04-27T08:00:00,EURUSD,H1,5,BUY,-99.2833639423707,4,"hit_tp=False,hit_sl=True,regime=5"
-0.030248266,-0.042195376,-0.10733788,-0.089188755,0.53944,0.39234394,0.31326053,0.33382162,0.22528616,0.47909817,0.14502136,0.41856864,0.22160912,1.0540228,0.0,0.20592779,0.0060887667,0.29678455,0.64839226,0.0,0.0,1.0,0.5652174,0.0,0.2258496,0.5312642,0.7,0.1,0.14,0.59999996,0.7,0.4,0.3,0.6,-1.0,1.3,2020-04-27T13:00:00,EURUSD,H1,5,BUY,-96.00727419484923,2,"hit_tp=False,hit_sl=True,regime=5"
0.022656083,-0.00798223,0.0038793872,-0.038324174,0.3807703,0.46115696,0.34874213,0.30090785,0.32153502,0.48856038,0.2512684,0.40673003,0.18246411,0.04383975,0.0,0.27209774,0.0062323553,0.29744282,0.6487214,0.0,0.0,1.0,0.6956522,0.0,0.30086496,0.5290287,0.7,0.1,0.14,0.59999996,0.7,0.4,0.3,0.6,-1.0,1.3,2020-04-27T16:00:00,EURUSD,H1,5,BUY,-106.42411242605787,13,"hit_tp=False,hit_sl=True,regime=5"
0.010519643,0.05836457,0.1262012,0.03987221,0.40176508,0.3544474,0.31156468,0.3143991,0.4590607,0.5230291,0.4122994,0.6058853,0.20292524,-0.0073130876,0.0,0.57025546,0.0084003145,0.46479514,0.73239756,0.0,0.0,1.0,0.3043478,0.16666667,0.4849279,0.471027,0.7,0.1,0.14,0.59999996,0.7,0.4,0.3,0.6,-1.0,1.3,2020-04-28T07:00:00,EURUSD,H1,5,BUY,-92.6502442140409,6,"hit_tp=False,hit_sl=True,regime=5"
0.07699806,0.10889069,0.1037759,0.07753276,0.4312578,0.3783469,0.31136322,0.3173413,0.49792814,0.54509306,0.7485722,0.72638696,0.16619545,0.08451138,0.0,0.54033536,0.0102518555,0.5935028,0.7967514,0.0,0.0,1.0,0.65217394,0.16666667,0.5907664,0.4900572,0.7,0.1,0.14,0.59999996,0.7,0.4,0.3,0.6,1.0,2.34,2020-04-28T15:00:00,EURUSD,H1,5,BUY,191.83126420491803,26,"hit_tp=True,hit_sl=False,regime=5"
0.02152304,0.028168496,0.05212467,0.12170938,0.6174218,0.5092411,0.3288804,0.3307713,0.73283494,0.5472183,0.81563175,0.6374397,0.18301095,0.042472634,0.0,0.7653799,0.023097005,0.3056322,0.6528161,0.0,0.0,1.0,0.7826087,0.33333334,0.7728993,0.4760697,0.1,0.7,0.14,0.59999996,0.7,0.4,0.3,0.6,1.0,1.9500000000000002,2020-04-29T18:00:00,EURUSD,H1,5,SELL,195.0464699443555,12,"hit_tp=True,hit_sl=False,regime=5"
0.034496956,-0.02179065,-0.063077055,-0.1045811,0.35770944,0.32879713,0.26053387,0.31156626,0.18367292,0.39226916,0.21169907,0.21564315,0.15812948,0.104676306,0.0,0.2720154,0.009425985,0.5251395,0.7625698,0.0,0.0,1.0,0.3043478,0.5,0.2221922,0.5264462,0.7,0.1,0.14,0.59999996,0.7,0.4,0.3,0.6,-1.0,1.56,2020-04-30T07:00:00,EURUSD,H1,5,BUY,-109.99517836280725,23,"hit_tp=False,hit_sl=True,regime=5"
0.0010986868,-0.024282502,0.011349392,0.034128666,0.5296861,0.4291741,0.34817758,0.30996534,0.4266974,0.51964325,0.41837326,0.5088431,0.19007437,0.97518593,0.0,0.5119455,0.005934272,0.32324326,0.66162163,0.0,0.0,1.0,0.3043478,0.6666667,0.37070438,0.55346423,0.7,0.1,0.14,0.59999996,0.7,0.4,0.3,0.6,-1.0,1.3,2020-05-01T07:00:00,EURUSD,H1,5,BUY,-115.054927171101,5,"hit_tp=False,hit_sl=True,regime=5"
0.025846597,0.018444939,-0.06268695,-0.12514508,0.22264689,0.19966151,0.33119193,0.30688575,0.22822177,0.45335704,0.1941816,0.20421408,0.27155435,-0.17888585,0.0,0.33739564,0.0021400598,0.10209377,0.5510469,0.0,0.0,1.0,0.5652174,0.6666667,0.2118244,0.46153975,0.7,0.1,0.14,0.59999996,0.7,0.4,0.3,0.6,-1.0,1.3,2020-05-01T13:00:00,EURUSD,H1,5,BUY,-108.08378399440377,5,"hit_tp=False,hit_sl=True,regime=5"
-0.0021497065,-0.019318314,-0.033044085,-0.15802601,0.14734125,0.21039335,0.22324511,0.29099384,0.11036487,0.41101268,0.21522844,0.0756392,0.18351223,0.041219447,0.0,0.12799087,0.0010446856,0.041913483,0.52095675,0.0,0.0,1.0,0.82608694,0.6666667,0.197071,0.298813,0.7,0.1,0.14,0.59999996,0.7,0.4,0.3,0.6,1.0,1.5,2020-05-01T19:00:00,EURUSD,H1,5,BUY,162.9108158008008,11,"hit_tp=True,hit_sl=False,regime=5"
0.0031702735,-0.04254325,-0.012605226,-0.09903433,0.53203535,0.49510473,0.4013477,0.3083071,0.36642006,0.48764548,0.0,0.2352659,0.1820084,0.04497901,0.0,0.5379899,0.0035172664,0.22234721,0.6111736,0.0,0.0,1.0,0.5652174,0.8333333,0.4729697,0.4714133,0.7,0.1,0.14,0.59999996,0.7,0.4,0.3,0.6,-1.0,1.3,2020-05-02T13:00:00,EURUSD,H1,5,BUY,-106.94465233794581,5,"hit_tp=False,hit_sl=True,regime=5"
-0.11186852,-0.21262558,-0.2534782,-0.18085903,0.36169663,0.3801115,0.45742127,0.36452755,0.2198372,0.37419787,0.038976148,0.0913907,0.15147619,0.12130952,0.0,0.31122535,0.0,-0.07736408,0.46131796,0.0,0.0,1.0,0.82608694,0.8333333,0.01747064,0.41397125,0.7,0.1,0.14,0.59999996,0.7,0.4,0.3,0.6,-1.0,1.2,2020-05-02T19:00:00,EURUSD,H1,5,BUY,-155.06419585916697,40,"hit_tp=False,hit_sl=True,regime=5"
-0.076368526,-0.13847725,-0.16539606,-0.1934146,0.4875224,0.33644104,0.24545747,0.32191473,0.18901281,0.44341695,0.0514614,0.23861223,0.24840455,1.1210114,0.0,0.065829985,0.0061894506,0.25890854,0.62945426,0.0,0.0,1.0,0.5217391,0.0,0.11602939,0.40141588,0.7,0.1,0.14,0.59999996,0.7,0.4,0.3,0.6,-1.0,1.3,2020-05-04T12:00:00,EURUSD,H1,5,BUY,-109.33677594014313,5,"hit_tp=False,hit_sl=True,regime=5"
-0.026333466,-0.07312308,-0.05063527,-0.1181804,0.3066604,0.33764005,0.36271715,0.33304286,0.23953405,0.47372833,0.25536907,0.34756213,0.2124039,1.0310097,0.0,0.1402877,0.0060211504,0.28676128,0.64338064,0.0,0.0,1.0,0.7826087,0.0,0.220932,0.59718126,0.7,0.1,0.14,0.59999996,0.7,0.4,0.3,0.6,1.0,2.34,2020-05-04T18:00:00,EURUSD,H1,5,BUY,167.7103940708924,91,"hit_tp=True,hit_sl=False,regime=5"
0.0016568705,0.0003876041,0.0010916659,0.0016725154,0.4846715,0.52467287,0.56477004,0.7322268,0.27444783,0.4345544,0.48272032,0.6522931,0.1489065,0.87226623,0.0,0.3427793,0.0017012057,0.52428657,0.7621433,0.0,1.0,0.0,0.2173913,0.33333334,0.38694724,0.4217513,0.7,0.3,0.42000002,0.39999998,0.9,0.2,0.5,0.8,1.0,2.34,2020-01-01T05:00:00,EURUSD,H1,3,BUY,18.569729399957602,61,"hit_tp=True,hit_sl=False,regime=3"
-0.0013072692,-0.0014187343,-0.002170411,-0.004438986,0.31375846,0.45270336,0.30882412,0.33513293,0.3862833,0.43306008,0.057786155,0.23352118,0.20478189,-0.011954741,0.0,0.41038686,0.00040916912,0.5895589,0.7947794,0.0,1.0,0.0,0.2173913,0.33333334,0.22009164,0.56068456,0.7,0.3,0.42000002,0.39999998,0.9,0.2,0.5,0.8,-1.0,1.3,2020-01-08T05:00:00,EURUSD,H1,3,BUY,-5.898712442051757,11,"hit_tp=False,hit_sl=True,regime=3"
-0.0010025435,0.00034459302,-0.002056927,0.0031960227,0.29919913,0.24308032,0.22413136,0.32994315,0.39206633,0.525566,0.572095,0.70155835,0.23172688,1.0793172,0.0,0.3472265,0.00048861664,0.55517465,0.77758735,0.0,1.0,0.0,0.0,1.0,0.36902744,0.54160625,0.7,0.3,0.42000002,0.39999998,0.9,0.2,0.5,0.8,1.0,1.9500000000000002,2020-01-12T00:00:00,EURUSD,H1,3,BUY,8.173960882964515,11,"hit_tp=True,hit_sl=False,regime=3"
0.00056124124,3.2070635e-05,0.00393889,0.0035180456,0.59522086,0.43432608,0.4756372,0.38869408,0.37940326,0.4858922,0.5029254,0.60359466,0.19712384,0.007190381,0.0,0.16831116,0.00031842658,0.51109344,0.7555467,0.0,1.0,0.0,0.6956522,0.16666667,0.44466555,0.6276898,0.7,0.3,0.42000002,0.39999998,0.9,0.2,0.5,0.8,-1.0,1.3,2020-01-14T16:00:00,EURUSD,H1,3,BUY,-7.524154164681995,5,"hit_tp=False,hit_sl=True,regime=3"
-0.0017626085,-0.0042936807,0.0011111568,-0.0002867592,0.33638266,0.319334,0.40158954,0.39594582,0.38749722,0.4564086,0.17414317,0.38912994,0.16890252,0.0777437,0.0,0.38940576,0.00035757505,0.56492794,0.78246397,0.0,1.0,0.0,0.6086956,0.6666667,0.34614712,0.6354303,0.7,0.3,0.42000002,0.39999998,0.9,0.2,0.5,0.8,1.0,1.9500000000000002,2020-01-17T14:00:00,EURUSD,H1,3,BUY,11.766286984291607,13,"hit_tp=True,hit_sl=False,regime=3"
-0.0058771297,-0.0048960503,-0.006851419,-0.011071279,0.18486594,0.18710628,0.28334713,0.24105886,0.32918146,0.39958504,0.093862385,0.12025202,0.20719276,1.0179819,0.0,0.35978112,0.00040343322,0.59312373,0.79656184,0.0,1.0,0.0,0.47826087,0.8333333,0.21837129,0.4716637,0.7,0.3,0.42000002,0.39999998,0.9,0.2,0.5,0.8,-1.0,1.3,2020-01-18T11:00:00,EURUSD,H1,3,BUY,-4.749941077273334,3,"hit_tp=False,hit_sl=True,regime=3"
0.0015989091,0.0046435962,0.0032860148,-0.00043660382,0.3197546,0.37404987,0.28057808,0.28523526,0.23739147,0.40887108,0.34635136,0.4561799,0.18237501,0.04406247,0.0,0.21804108,0.00045441877,0.59908825,0.79954416,0.0,1.0,0.0,0.6956522,0.8333333,0.30687866,0.3980302,0.7,0.3,0.42000002,0.39999998,0.9,0.2,0.5,0.8,1.0,2.34,2020-01-18T16:00:00,EURUSD,H1,3,BUY,9.976284762414078,33,"hit_tp=True,hit_sl=False,regime=3"
0.002816301,-0.0023419077,-0.006655024,-0.004399294,0.33850825,0.3556846,0.35941508,0.3498901,0.44964737,0.47238532,0.28422758,0.22351748,0.16677529,0.9169382,0.0,0.5697597,0.00038595704,0.5953432,0.79767156,0.0,1.0,0.0,0.2173913,0.33333334,0.2799175,0.49315837,0.7,0.3,0.42000002,0.39999998,0.9,0.2,0.5,0.8,-1.0,1.3,2020-01-22T05:00:00,EURUSD,H1,3,BUY,-6.4476927375456405,5,"hit_tp=False,hit_sl=True,regime=3"
-0.0004771596,-0.00070601184,-0.0003175088,-0.0010293699,0.35127398,0.41205245,0.43728003,0.40013295,0.39171192,0.52447355,0.44598508,0.57498026,0.16365534,0.9091383,0.0,0.42236313,0.00058476825,0.59594035,0.7979702,0.0,1.0,0.0,0.9130435,0.33333334,0.34444225,0.519924,0.7,0.3,0.42000002,0.39999998,0.9,0.2,0.5,0.8,1.0,2.34,2020-01-22T21:00:00,EURUSD,H1,3,BUY,12.842712767702213,57,"hit_tp=True,hit_sl=False,regime=3"
-0.0010951998,-0.0028971317,-0.0036331273,-0.00066307944,0.40247145,0.40944925,0.4071644,0.35416192,0.42494866,0.4697704,0.1780011,0.38862005,0.1542955,0.88573873,0.0,0.44800192,0.0003111941,0.54703665,0.7735183,0.0,1.0,0.0,0.17391305,0.0,0.30350548,0.48711708,0.7,0.3,0.42000002,0.39999998,0.9,0.2,0.5,0.8,-1.0,1.56,2020-01-27T04:00:00,EURUSD,H1,3,BUY,-6.518816180776099,21,"hit_tp=False,hit_sl=True,regime=3"
-0.00071239035,-0.0003315293,-0.0017764034,-0.0072534885,0.4314172,0.5166851,0.40481654,0.38814414,0.32987005,0.44444007,0.22036251,0.30294296,0.16280444,0.9070111,0.0,0.29866353,0.00039651693,0.50651735,0.7532587,0.0,1.0,0.0,0.17391305,0.16666667,0.16585661,0.38169697,0.7,0.3,0.42000002,0.39999998,0.9,0.2,0.5,0.8,-1.0,1.3,2020-01-28T04:00:00,EURUSD,H1,3,BUY,-7.628793243463772,9,"hit_tp=False,hit_sl=True,regime=3"
0.0015032726,-0.002195088,-0.005047832,9.31138e-05,0.17342748,0.27048558,0.33011636,0.33559915,0.40855274,0.5174966,0.3884048,0.20064959,0.2030801,1.0077003,0.0,0.3737638,0.00045811656,0.5613587,0.78067935,0.0,1.0,0.0,0.8695652,0.16666667,0.3223431,0.46341842,0.7,0.3,0.42000002,0.39999998,0.9,0.2,0.5,0.8,-1.0,1.3,2020-01-28T20:00:00,EURUSD,H1,3,BUY,-5.267858442281614,1,"hit_tp=False,hit_sl=True,regime=3"
0.0019173229,0.00087403785,0.0015347445,0.0037344007,0.34453532,0.32889283,0.3094132,0.3523713,0.35753864,0.5075023,0.43920115,0.5345386,0.23215233,1.0803808,0.0,0.5231433,0.0005505306,0.5350569,0.7675285,0.0,1.0,0.0,0.3043478,0.33333334,0.3496603,0.39208773,0.7,0.3,0.42000002,0.39999998,0.9,0.2,0.5,0.8,-1.0,1.3,2020-01-29T07:00:00,EURUSD,H1,3,BUY,-6.01778334683889,18,"hit_tp=False,hit_sl=True,regime=3"
0.0043359683,0.0026801452,0.0030961426,0.00029648925,0.33379835,0.36439162,0.31222156,0.35637075,0.33921248,0.49474964,0.49056387,0.6084221,0.18166593,0.95416486,0.0,0.26768345,0.00050314923,0.5837582,0.7918791,0.0,1.0,0.0,0.4347826,0.5,0.3874595,0.4620609,0.7,0.3,0.42000002,0.39999998,0.9,0.2,0.5,0.8,1.0,1.9500000000000002,2020-01-30T10:00:00,EURUSD,H1,3,BUY,8.933803324751022,6,"hit_tp=True,hit_sl=False,regime=3"
0.0015106259,-0.00051026116,-0.0046114917,-0.011612406,0.3687024,0.31770685,0.35611904,0.3398185,0.35389394,0.41906878,0.23180752,0.23762466,0.22591244,1.0647811,0.0,0.32236117,0.00042496365,0.5200341,0.76001704,0.0,1.0,0.0,0.4347826,0.8333333,0.19487387,0.41262478,0.7,0.3,0.42000002,0.39999998,0.9,0.2,0.5,0.8,-1.0,1.3,2020-02-01T10:00:00,EURUSD,H1,3,BUY,-5.679977411641168,12,"hit_tp=False,hit_sl=True,regime=3"
7.342761e-05,-0.0022786374,-0.0028617121,-0.0007385379,0.23034322,0.28664467,0.40872306,0.3623463,0.4023173,0.51374424,0.3341421,0.33614108,0.26987532,-0.17468828,0.0,0.41739047,0.000487145,0.5423833,0.77119166,0.0,1.0,0.0,0.3043478,1.0,0.36440545,0.4886485,0.7,0.3,0.42000002,0.39999998,0.9,0.2,0.5,0.8,1.0,2.34,2020-02-02T07:00:00,EURUSD,H1,3,BUY,11.22970042321425,71,"hit_tp=True,hit_sl=False,regime=3"
-0.0020906008,-0.0025875221,-0.0055326577,-0.008213959,0.27039856,0.24765715,0.324688,0.30486137,0.25862756,0.376709,0.120246895,0.16508111,0.18535315,0.03661714,0.0,0.250621,0.00042456188,0.52126783,0.76063395,0.0,1.0,0.0,0.65217394,0.5,0.10861073,0.7199421,0.7,0.3,0.42000002,0.39999998,0.9,0.2,0.5,0.8,-1.0,1.56,2020-02-06T15:00:00,EURUSD,H1,3,BUY,-5.773484895101877,21,"hit_tp=False,hit_sl=True,regime=3"
0.0010875096,-0.000946867,-0.003298913,-0.009420683,0.39736605,0.3296665,0.3938886,0.34959435,0.342724,0.45568734,0.23120657,0.3415944,0.16379716,0.9094929,0.0,0.51203287,0.0005492265,0.5753204,0.7876602,0.0,1.0,0.0,0.5652174,0.6666667,0.23521096,0.5359358,0.7,0.3,0.42000002,0.39999998,0.9,0.2,0.5,0.8,-1.0,1.3,2020-02-07T13:00:00,EURUSD,H1,3,BUY,-6.493996632388477,5,"hit_tp=False,hit_sl=True,regime=3"
0.0015466695,0.00046400444,0.00051114045,0.002164988,0.3789284,0.33920714,0.34467483,0.33604532,0.51605624,0.57145447,0.8289893,0.66497123,0.22165796,1.0541449,0.0,0.4816926,0.0005291272,0.546148,0.77307403,0.0,1.0,0.0,0.47826087,0.8333333,0.56155777,0.60632664,0.7,0.3,0.42000002,0.39999998,0.9,0.2,0.5,0.8,-1.0,1.3,2020-02-08T11:00:00,EURUSD,H1,3,BUY,-6.611916609917667,12,"hit_tp=False,hit_sl=True,regime=3"
0.0020495297,-0.0034294687,-0.004268569,-0.0009865079,0.36313632,0.4270207,0.3953923,0.31220317,0.45896864,0.5122959,0.44738725,0.19544627,0.19896746,0.00258137,0.0,0.48098838,0.0004650401,0.5486009,0.77430046,0.0,1.0,0.0,0.39130434,1.0,0.60164887,0.52211386,0.7,0.3,0.42000002,0.39999998,0.9,0.2,0.5,0.8,-1.0,1.3,2020-02-09T09:00:00,EURUSD,H1,3,BUY,-6.3547092214655265,7,"hit_tp=False,hit_sl=True,regime=3"
-0.0027442565,-0.0034295132,-0.0039172834,-0.0044630235,0.21954602,0.20873438,0.2938113,0.29367322,0.45985252,0.4919341,0.2617949,0.33727294,0.19996016,0.9999004,0.0,0.2805717,0.0003569763,0.5387025,0.76935124,0.0,1.0,0.0,0.04347826,0.0,0.30729946,0.41538823,0.7,0.3,0.42000002,0.39999998,0.9,0.2,0.5,0.8,-1.0,1.3,2020-02-10T01:00:00,EURUSD,H1,3,BUY,-4.947153689598416,3,"hit_tp=False,hit_sl=True,regime=3"
0.00085315673,0.0014084139,0.0014711353,-0.005486724,0.5082444,0.72769547,0.53893447,0.4232617,0.33868143,0.46877593,0.22863923,0.43014723,0.26406085,-0.16015217,0.0,0.46876895,0.00050246215,0.56639385,0.7831969,0.0,1.0,0.0,0.3478261,0.0,0.31113103,0.36044872,0.7,0.3,0.42000002,0.39999998,0.9,0.2,0.5,0.8,-1.0,1.56,2020-02-10T08:00:00,EURUSD,H1,3,BUY,-8.245416289995866,23,"hit_tp=False,hit_sl=True,regime=3"
0.00475589,0.003045759,0.0034692513,0.0038190344,0.25117558,0.33732694,0.367576,0.3199264,0.3700561,0.48526174,0.44322053,0.68777984,0.14748834,0.8687209,0.0,0.41348547,0.00058128586,0.50382626,0.75191313,0.0,1.0,0.0,0.82608694,0.16666667,0.34597054,0.5035856,0.7,0.3,0.42000002,0.39999998,0.9,0.2,0.5,0.8,-1.0,1.56,2020-02-11T19:00:00,EURUSD,H1,3,BUY,-6.273646369963082,26,"hit_tp=False,hit_sl=True,regime=3"
0.0010555274,0.00547997,0.004496862,0.005301108,0.52891546,0.4341062,0.4326937,0.33532023,0.3637093,0.5610397,0.5583521,0.7839057,0.18974943,0.9743736,0.0,0.3555177,0.0007890835,0.5761209,0.7880605,0.0,1.0,0.0,0.9130435,0.5,0.42277905,0.339575,0.7,0.3,0.42000002,0.39999998,0.9,0.2,0.5,0.8,-1.0,1.3,2020-02-13T21:00:00,EURUSD,H1,3,BUY,-6.359740086636645,3,"hit_tp=False,hit_sl=True,regime=3"
0.00077890337,0.0029342517,0.004126926,0.009224058,0.51959944,0.48433432,0.352469,0.38603553,0.5779511,0.6036974,0.7599202,0.66421425,0.16181174,0.90452933,0.0,0.6146256,0.000720385,0.52592707,0.76296353,0.0,1.0,0.0,0.26086956,0.6666667,0.6482805,0.35529467,0.7,0.3,0.42000002,0.39999998,0.9,0.2,0.5,0.8,1.0,1.9500000000000002,2020-02-14T06:00:00,EURUSD,H1,3,BUY,11.758272626507527,17,"hit_tp=True,hit_sl=False,regime=3"
-0.0028503283,-0.0010225957,-0.004650559,-0.007860717,0.25456643,0.20561656,0.2726797,0.27309403,0.4445449,0.45483196,0.2087807,0.27299348,0.23513046,1.0878261,0.0,0.36736178,0.00030547715,0.547954,0.773977,0.0,1.0,0.0,0.5652174,1.0,0.14304408,0.49497437,0.7,0.3,0.42000002,0.39999998,0.9,0.2,0.5,0.8,-1.0,1.3,2020-02-16T13:00:00,EURUSD,H1,3,BUY,-5.387040335660398,11,"hit_tp=False,hit_sl=True,regime=3"
-0.0009293038,0.0001263885,0.0019343302,-0.0043081306,0.41437167,0.4039375,0.4505156,0.39083612,0.2564596,0.4601633,0.31943244,0.55939066,0.15599729,0.88999325,0.0,0.32812017,0.0005307262,0.5493364,0.7746682,0.0,1.0,0.0,0.65217394,0.0,0.27539766,0.46653,0.7,0.3,0.42000002,0.39999998,0.9,0.2,0.5,0.8,-1.0,1.3,2020-02-17T15:00:00,EURUSD,H1,3,BUY,-6.880550392869278,7,"hit_tp=False,hit_sl=True,regime=3"
0.005292309,0.0030164006,0.0058743134,0.009789772,0.2225396,0.24906723,0.23104085,0.28857952,0.50519633,0.58907384,0.77914494,0.84779316,0.1849277,0.03768076,0.0,0.42971134,0.00064493733,0.5777129,0.78885645,0.0,1.0,0.0,0.7826087,0.16666667,0.58585286,0.60545754,0.7,0.3,0.42000002,0.39999998,0.9,0.2,0.5,0.8,-1.0,1.3,2020-02-18T18:00:00,EURUSD,H1,3,BUY,-4.80271905069829,5,"hit_tp=False,hit_sl=True,regime=3"
0.005207704,0.0068455846,0.0013154827,0.0012718678,0.42275152,0.38345534,0.32880768,0.27992427,0.51345253,0.53491926,0.51224315,0.61542404,0.3105764,1.2764411,0.0,0.46958232,0.000557859,0.5470565,0.7735282,0.0,1.0,0.0,0.17391305,0.33333334,0.5552791,0.5627321,0.7,0.3,0.42000002,0.39999998,0.9,0.2,0.5,0.8,1.0,1.9500000000000002,2020-02-19T04:00:00,EURUSD,H1,3,BUY,8.93841374331128,6,"hit_tp=True,hit_sl=False,regime=3"
-0.0011050156,-0.005972423,-0.00377552,-0.0015381594,0.46691662,0.47824696,0.38111645,0.32227686,0.4132171,0.48125216,0.27644622,0.28143838,0.22775604,-0.0693901,0.0,0.49704105,0.00043450686,0.59821796,0.799109,0.0,1.0,0.0,0.39130434,0.8333333,0.38252392,0.43768072,0.7,0.3,0.42000002,0.39999998,0.9,0.2,0.5,0.8,-1.0,1.56,2020-02-22T09:00:00,EURUSD,H1,3,BUY,-6.800789062986201,49,"hit_tp=False,hit_sl=True,regime=3"
-0.0014680647,-0.00037231905,-0.0070331255,-0.00942001,0.3792117,0.48726755,0.35605216,0.41449845,0.34294707,0.3806658,0.22865507,0.25275618,0.18762219,0.9690555,0.0,0.38932523,0.00039330576,0.52494687,0.76247346,0.0,1.0,0.0,0.47826087,0.0,0.19170804,0.4093785,0.7,0.3,0.42000002,0.39999998,0.9,0.2,0.5,0.8,-1.0,1.56,2020-02-24T11:00:00,EURUSD,H1,3,BUY,-7.273757709576056,24,"hit_tp=False,hit_sl=True,regime=3"
-8.766783e-06,0.0018110727,0.00067241763,0.0013621909,0.51239806,0.37529835,0.30602893,0.3647283,0.42378098,0.51933396,0.48652706,0.6272289,0.21711986,1.0427997,0.0,0.44308275,0.0004907016,0.554926,0.77746296,0.0,1.0,0.0,0.9130435,0.16666667,0.3666343,0.4951565,0.7,0.3,0.42000002,0.39999998,0.9,0.2,0.5,0.8,-1.0,1.3,2020-02-25T21:00:00,EURUSD,H1,3,BUY,-6.1333535542384965,4,"hit_tp=False,hit_sl=True,regime=3"
-0.0010900558,-0.0034902676,-0.001966751,0.00041961877,0.2516084,0.5075395,0.43002802,0.35633317,0.37608367,0.4822479,0.21329622,0.5589086,0.30532923,-0.2633231,0.0,0.5022644,0.00052987935,0.50004816,0.7500241,0.0,1.0,0.0,0.39130434,0.33333334,0.31342298,0.6001651,0.7,0.3,0.42000002,0.39999998,0.9,0.2,0.5,0.8,-1.0,1.56,2020-02-26T09:00:00,EURUSD,H1,3,BUY,-7.774915682552397,22,"hit_tp=False,hit_sl=True,regime=3"
0.001623933,-0.00046275806,-2.5458088e-05,0.0036191936,0.8978506,0.6468635,0.40118262,0.37076038,0.46154502,0.58182114,0.6987182,0.5141875,0.21626897,1.0406724,0.0,0.4979532,0.00072993786,0.597398,0.79869896,0.0,1.0,0.0,0.08695652,0.8333333,0.45253003,0.5193399,0.7,0.3,0.42000002,0.39999998,0.9,0.2,0.5,0.8,-1.0,1.3,2020-02-29T02:00:00,EURUSD,H1,3,BUY,-6.6572969717570984,3,"hit_tp=False,hit_sl=True,regime=3"
0.00017417534,0.00091885024,0.00038301205,-0.0028600234,0.4216249,0.42034292,0.5336032,0.40160367,0.6232254,0.56561106,0.47716847,0.49588847,0.23357049,1.0839262,0.0,0.6439402,0.0006352805,0.532493,0.7662465,0.0,1.0,0.0,0.3043478,0.8333333,0.4145862,0.48606846,0.7,0.3,0.42000002,0.39999998,0.9,0.2,0.5,0.8,1.0,1.9500000000000002,2020-02-29T07:00:00,EURUSD,H1,3,BUY,12.791293810772153,11,"hit_tp=True,hit_sl=False,regime=3"
-0.002327719,-6.777465e-05,-0.0027495406,-0.002760122,0.17834938,0.35954145,0.4717887,0.47216758,0.41453427,0.48530534,0.16037445,0.39700776,0.20846911,-0.021172762,0.0,0.29419613,0.00043617963,0.5853544,0.7926772,0.0,1.0,0.0,0.0,0.16666667,0.31404623,0.5664349,0.7,0.3,0.42000002,0.39999998,0.9,0.2,0.5,0.8,-1.0,1.3,2020-03-03T00:00:00,EURUSD,H1,3,BUY,-8.655726238042671,10,"hit_tp=False,hit_sl=True,regime=3"
-0.0014092892,-0.0016081542,-0.0026265434,0.00087416737,0.43536043,0.32926285,0.30130634,0.35841966,0.35637602,0.47480536,0.32374126,0.5329934,0.17088795,0.92721987,0.0,0.20992668,0.00051541947,0.545749,0.7728745,0.0,1.0,0.0,0.47826087,0.16666667,0.24905378,0.43759626,0.7,0.3,0.42000002,0.39999998,0.9,0.2,0.5,0.8,-1.0,1.3,2020-03-03T11:00:00,EURUSD,H1,3,BUY,-4.902601567713383,2,"hit_tp=False,hit_sl=True,regime=3"
0.0017614429,0.0011170149,-0.0018922929,-0.0006313757,0.4416792,0.35921395,0.32819605,0.3275389,0.36668617,0.5052536,0.41836745,0.4857198,0.23583955,1.0895989,0.0,0.37870634,0.00047898528,0.5684811,0.78424054,0.0,1.0,0.0,0.65217394,0.16666667,0.35245866,0.4896936,0.7,0.3,0.42000002,0.39999998,0.9,0.2,0.5,0.8,-1.0,1.3,2020-03-03T15:00:00,EURUSD,H1,3,BUY,-5.8028492866757375,11,"hit_tp=False,hit_sl=True,regime=3"
0.00020419652,-0.0015849168,-0.0016550104,-0.00032938417,0.7483339,0.5723276,0.4194678,0.3561956,0.2958864,0.4805206,0.37698403,0.5102178,0.27540612,1.1885153,0.0,0.33128253,0.0005858544,0.5586629,0.77933145,0.0,1.0,0.0,0.3043478,0.8333333,0.31456637,0.4917245,0.7,0.3,0.42000002,0.39999998,0.9,0.2,0.5,0.8,-1.0,1.56,2020-03-07T07:00:00,EURUSD,H1,3,BUY,-7.338469575497442,22,"hit_tp=False,hit_sl=True,regime=3"
0.0031841479,0.0057802005,0.006806886,0.004949957,0.21325052,0.20707203,0.30363092,0.34550467,0.34877035,0.54809654,0.6980489,0.9083019,0.28519142,-0.21297853,0.0,0.39294222,0.00063862005,0.5887005,0.7943502,0.0,1.0,0.0,0.6086956,1.0,0.51454335,0.35992342,0.7,0.3,0.42000002,0.39999998,0.9,0.2,0.5,0.8,-1.0,1.3,2020-03-08T14:00:00,EURUSD,H1,3,BUY,-5.965353101620163,19,"hit_tp=False,hit_sl=True,regime=3"
-0.0024275677,-0.005070374,-0.009245879,-0.008046112,0.4344919,0.4867184,0.40042925,0.31762046,0.42268842,0.4609091,0.1783007,0.33851796,0.20421463,1.0105366,0.0,0.39428598,0.00054256455,0.55557644,0.7777882,0.0,1.0,0.0,0.4347826,0.0,0.06343538,0.56035477,0.7,0.3,0.42000002,0.39999998,0.9,0.2,0.5,0.8,1.0,1.9500000000000002,2020-03-09T10:00:00,EURUSD,H1,3,BUY,10.730876723710203,19,"hit_tp=True,hit_sl=False,regime=3"
-0.0010684483,0.0013884292,0.00062015746,0.0038799855,0.25154564,0.24371472,0.31893292,0.317293,0.24791901,0.43921548,0.2973195,0.53356224,0.27568975,-0.18922439,0.0,0.3598247,0.00051173405,0.5473425,0.7736712,0.0,1.0,0.0,0.73913044,0.33333334,0.37258226,0.41620728,0.7,0.3,0.42000002,0.39999998,0.9,0.2,0.5,0.8,-1.0,1.3,2020-03-11T17:00:00,EURUSD,H1,3,BUY,-5.714512584389375,13,"hit_tp=False,hit_sl=True,regime=3"
-0.0006567095,-0.0012923533,-0.0014504313,0.002383223,0.31201726,0.39117742,0.34547576,0.3507963,0.48494762,0.5535741,0.7102996,0.52600026,0.31795084,1.294877,0.0,0.4720024,0.00065016904,0.5422683,0.77113414,0.0,1.0,0.0,0.08695652,1.0,0.3887106,0.51847905,0.7,0.3,0.42000002,0.39999998,0.9,0.2,0.5,0.8,-1.0,1.3,2020-03-15T02:00:00,EURUSD,H1,3,BUY,-7.020402613129306,11,"hit_tp=False,hit_sl=True,regime=3"
-0.00062774017,0.0067454088,0.0041760425,0.008444287,0.52535975,0.52080053,0.3928827,0.36817676,0.34722227,0.51778525,0.5096502,0.67774945,0.24051946,-0.101298645,0.0,0.3307016,0.00053290575,0.5302155,0.76510775,0.0,1.0,0.0,0.9130435,1.0,0.45575893,0.58494985,0.7,0.3,0.42000002,0.39999998,0.9,0.2,0.5,0.8,1.0,2.34,2020-03-15T21:00:00,EURUSD,H1,3,BUY,11.477539937414516,28,"hit_tp=True,hit_sl=False,regime=3"
-0.006102309,-0.011048863,-0.0063031763,-0.011471621,0.30400056,0.36258575,0.35480595,0.3547008,0.42760846,0.43524808,0.09823986,0.13232705,0.21485081,-0.03712703,0.0,0.49246666,0.00039665226,0.541047,0.7705235,0.0,1.0,0.0,0.95652175,0.33333334,0.14031975,0.4457466,0.7,0.3,0.42000002,0.39999998,0.9,0.2,0.5,0.8,-1.0,1.3,2020-03-18T22:00:00,EURUSD,H1,3,BUY,-6.269860565555341,20,"hit_tp=False,hit_sl=True,regime=3"
0.0035590848,0.003503441,0.0004498549,0.0010540796,0.3077644,0.4045706,0.36181912,0.33254203,0.4438575,0.5258966,0.46034148,0.59296566,0.22265068,1.0566267,0.0,0.35397238,0.0005173032,0.5053706,0.7526853,0.0,1.0,0.0,1.0,0.6666667,0.35850587,0.56873465,0.7,0.3,0.42000002,0.39999998,0.9,0.2,0.5,0.8,-1.0,1.56,2020-03-20T23:00:00,EURUSD,H1,3,BUY,-6.186369882357212,27,"hit_tp=False,hit_sl=True,regime=3"
-0.0008515685,3.611425e-07,-0.0011314705,-0.0009126504,0.33618873,0.33881733,0.30791903,0.36445114,0.16724259,0.45406407,0.30154258,0.44357523,0.14224117,0.8556029,0.0,0.11063704,0.00041730492,0.59074074,0.79537034,0.0,1.0,0.0,0.13043478,1.0,0.28601688,0.47567496,0.7,0.3,0.42000002,0.39999998,0.9,0.2,0.5,0.8,-1.0,1.3,2020-03-22T03:00:00,EURUSD,H1,3,BUY,-6.8301620056976375,17,"hit_tp=False,hit_sl=True,regime=3"
0.00034978197,0.0010658879,0.0013926298,5.434059e-05,0.30889866,0.20184968,0.27421036,0.3486011,0.32648748,0.4632374,0.26188764,0.39364848,0.15699,0.107525,0.0,0.38685867,0.00045391812,0.55964917,0.7798246,0.0,1.0,0.0,0.5652174,0.0,0.33980694,0.46014163,0.7,0.3,0.42000002,0.39999998,0.9,0.2,0.5,0.8,-1.0,1.56,2020-03-23T13:00:00,EURUSD,H1,3,BUY,-6.13515710706336,60,"hit_tp=False,hit_sl=True,regime=3"
-0.0005548604,0.00067338743,0.0032627906,-0.0022798197,0.36540544,0.35382766,0.3449542,0.34038258,0.5271581,0.58643085,0.7727046,0.54931766,0.22449428,1.0612357,0.0,0.42662206,0.0006174012,0.5109272,0.7554636,0.0,1.0,0.0,0.13043478,0.6666667,0.43615636,0.5517018,0.7,0.3,0.42000002,0.39999998,0.9,0.2,0.5,0.8,1.0,1.9500000000000002,2020-03-27T03:00:00,EURUSD,H1,3,BUY,10.015758949335485,7,"hit_tp=True,hit_sl=False,regime=3"
0.0071205725,0.0062096133,0.0077689607,0.0104212295,0.4503981,0.4004832,0.37487262,0.36218172,0.5243977,0.5972945,0.95985955,0.73862886,0.14919013,0.12702467,0.0,0.5740955,0.00056338025,0.5010797,0.75053984,0.0,1.0,0.0,0.7826087,0.8333333,0.6836864,0.5673421,0.7,0.3,0.42000002,0.39999998,0.9,0.2,0.5,0.8,-1.0,1.56,2020-03-28T18:00:00,EURUSD,H1,3,BUY,-6.215789828187823,21,"hit_tp=False,hit_sl=True,regime=3"
0.0022921178,0.0021038475,-0.0023188116,-0.003935399,0.7646102,0.60053813,0.47817066,0.46360984,0.4616913,0.45817333,0.26742727,0.44509804,0.19528024,0.9882006,0.0,0.5684872,0.0005216596,0.5422768,0.7711384,0.0,1.0,0.0,0.73913044,1.0,0.25714758,0.42363903,0.7,0.3,0.42000002,0.39999998,0.9,0.2,0.5,0.8,-1.0,1.3,2020-03-29T17:00:00,EURUSD,H1,3,BUY,-8.19412726352109,11,"hit_tp=False,hit_sl=True,regime=3"
0.0009964467,0.004581576,0.0035576704,0.0031478337,0.16663788,0.29169953,0.30768526,0.39306766,0.37395468,0.4890889,0.36662474,0.6316198,0.17230609,0.06923476,0.0,0.36760387,0.00046896224,0.5846415,0.7923207,0.0,1.0,0.0,0.3043478,0.0,0.41758996,0.5742198,0.7,0.3,0.42000002,0.39999998,0.9,0.2,0.5,0.8,-1.0,1.3,2020-03-30T07:00:00,EURUSD,H1,3,BUY,-5.3964284191265754,15,"hit_tp=False,hit_sl=True,regime=3"
0.0017444075,0.0050555393,0.005751909,0.0055900863,0.29265484,0.3524964,0.37820473,0.35427994,0.43434796,0.52876514,0.69207937,0.7449045,0.26136637,-0.15341592,0.0,0.6134362,0.00047519268,0.5837533,0.7918766,0.0,1.0,0.0,0.04347826,0.16666667,0.5800508,0.50378585,0.7,0.3,0.42000002,0.39999998,0.9,0.2,0.5,0.8,-1.0,1.3,2020-03-31T01:00:00,EURUSD,H1,3,BUY,-7.057001939734242,2,"hit_tp=False,hit_sl=True,regime=3"
0.00079802924,0.001766586,0.003452993,0.00025329055,0.4326619,0.35731655,0.40999258,0.44604102,0.44396695,0.5753694,0.7051686,0.588135,0.1840768,0.960192,0.0,0.50920874,0.0006762323,0.5088376,0.7544188,0.0,1.0,0.0,0.95652175,0.16666667,0.42837077,0.41980943,0.7,0.3,0.42000002,0.39999998,0.9,0.2,0.5,0.8,-1.0,1.3,2020-03-31T22:00:00,EURUSD,H1,3,BUY,-7.506688849632237,17,"hit_tp=False,hit_sl=True,regime=3"
-0.00013740758,0.0014520236,0.0005997089,-0.0024056833,0.59268457,0.51210856,0.3975058,0.38020188,0.49865896,0.555274,0.5746821,0.5784969,0.30703104,1.2675775,0.0,0.2584492,0.0006949989,0.59463626,0.79731816,0.0,1.0,0.0,0.6956522,0.33333334,0.38230333,0.47592723,0.7,0.3,0.42000002,0.39999998,0.9,0.2,0.5,0.8,1.0,2.34,2020-04-01T16:00:00,EURUSD,H1,3,BUY,10.70335646795817,36,"hit_tp=True,hit_sl=False,regime=3"
-0.0028463444,0.0004825503,-0.0035538813,-0.0025593191,0.21102504,0.29943937,0.31853575,0.3479262,0.502179,0.518125,0.3991457,0.21127251,0.1561391,0.109652236,0.0,0.5837686,0.0004924229,0.5886904,0.7943452,0.0,1.0,0.0,1.0,0.16666667,0.52543765,0.44309637,0.7,0.3,0.42000002,0.39999998,0.9,0.2,0.5,0.8,-1.0,1.3,2020-04-07T23:00:00,EURUSD,H1,3,BUY,-6.939453601730872,14,"hit_tp=False,hit_sl=True,regime=3"
0.0018000342,0.0025406901,0.001451108,-0.003089478,0.33174786,0.4133685,0.3276445,0.2663751,0.41978174,0.44946715,0.33512875,0.56336844,0.214709,1.0367725,0.0,0.53886324,0.0005132351,0.5217065,0.7608533,0.0,1.0,0.0,0.6956522,0.33333334,0.27533188,0.4722253,0.7,0.3,0.42000002,0.39999998,0.9,0.2,0.5,0.8,-1.0,1.56,2020-04-08T16:00:00,EURUSD,H1,3,BUY,-5.504450809337147,26,"hit_tp=False,hit_sl=True,regime=3"
0.0036500797,0.0030312422,0.007080485,0.00277401,0.2207812,0.22347552,0.33484915,0.31687874,0.3696184,0.45143458,0.40854472,0.6482615,0.15316097,0.117097564,0.0,0.49518564,0.00036899777,0.55136514,0.77568257,0.0,1.0,0.0,0.0,0.6666667,0.36994812,0.48202905,0.7,0.3,0.42000002,0.39999998,0.9,0.2,0.5,0.8,1.0,2.34,2020-04-10T00:00:00,EURUSD,H1,3,BUY,10.633187160542512,43,"hit_tp=True,hit_sl=False,regime=3"
0.0010861405,0.0042324206,0.004849015,-0.0024831782,0.24549517,0.30343863,0.3065793,0.3339483,0.27215302,0.4356557,0.39111954,0.6871479,0.17443334,0.9360833,0.0,0.27132955,0.000591951,0.5658765,0.78293824,0.0,1.0,0.0,0.4347826,0.5,0.3175421,0.55046463,0.7,0.3,0.42000002,0.39999998,0.9,0.2,0.5,0.8,1.0,2.34,2020-04-16T10:00:00,EURUSD,H1,3,BUY,10.460451951335159,24,"hit_tp=True,hit_sl=False,regime=3"
-0.0044076312,-0.0067851576,-0.006652688,-0.010834665,0.21861361,0.19548361,0.27508658,0.32090798,0.3046756,0.3884209,0.07203764,0.08977872,0.2057746,1.0144365,0.0,0.39387357,0.00037397098,0.5844156,0.79220784,0.0,1.0,0.0,0.47826087,0.16666667,0.048092503,0.47896877,0.7,0.3,0.42000002,0.39999998,0.9,0.2,0.5,0.8,-1.0,1.3,2020-04-21T11:00:00,EURUSD,H1,3,BUY,-5.849850961234804,14,"hit_tp=False,hit_sl=True,regime=3"
0.0023902715,0.0043740715,0.0028204152,0.0021848492,0.13344221,0.24348173,0.36003762,0.33980608,0.47954917,0.5374287,0.7941489,0.6581241,0.17812054,0.94530135,0.0,0.5066151,0.0005004793,0.5665264,0.7832632,0.0,1.0,0.0,0.65217394,0.33333334,0.45581266,0.41540936,0.7,0.3,0.42000002,0.39999998,0.9,0.2,0.5,0.8,1.0,2.34,2020-04-22T15:00:00,EURUSD,H1,3,BUY,9.638149099997495,23,"hit_tp=True,hit_sl=False,regime=3"
0.0032095632,0.0020335498,0.0038144623,-0.0052554267,0.256316,0.37546983,0.42746776,0.3565415,0.22836687,0.38076723,0.33620232,0.57570297,0.17273155,0.93182886,0.0,0.24261823,0.0005804095,0.5044426,0.7522213,0.0,1.0,0.0,0.08695652,0.8333333,0.2825431,0.45883358,0.7,0.3,0.42000002,0.39999998,0.9,0.2,0.5,0.8,-1.0,1.56,2020-04-25T02:00:00,EURUSD,H1,3,BUY,-7.1020782420117,28,"hit_tp=False,hit_sl=True,regime=3"
-0.000269308,-0.0010067276,-0.0014174219,-0.0029016263,0.49895707,0.41368997,0.45850304,0.37803647,0.3740616,0.49727577,0.3605113,0.525108,0.1732988,0.933247,0.0,0.40518454,0.00058438524,0.58233815,0.7911691,0.0,1.0,0.0,0.5217391,1.0,0.2902346,0.557748,0.7,0.3,0.42000002,0.39999998,0.9,0.2,0.5,0.8,-1.0,1.3,2020-04-26T12:00:00,EURUSD,H1,3,BUY,-7.802335517252956,9,"hit_tp=False,hit_sl=True,regime=3"
-0.0009377577,-0.0027065775,-0.0017615085,-0.0039119236,0.58804333,0.47871754,0.39183792,0.41425577,0.4235158,0.48989788,0.26594505,0.30783364,0.1859204,0.035198987,0.0,0.53602195,0.00048207512,0.59401673,0.79700834,0.0,1.0,0.0,0.17391305,1.0,0.51574403,0.5122563,0.7,0.3,0.42000002,0.39999998,0.9,0.2,0.5,0.8,-1.0,1.56,2020-05-03T04:00:00,EURUSD,H1,3,BUY,-6.8361240819858615,31,"hit_tp=False,hit_sl=True,regime=3"
-0.002241343,-0.006636936,-0.0055171433,-0.01212282,0.3996336,0.32059178,0.2991192,0.31618115,0.4080485,0.44964066,0.17140134,0.27637684,0.18662949,0.9665737,0.0,0.5535194,0.0004154587,0.51007,0.75503504,0.0,1.0,0.0,0.5652174,0.0,0.119685285,0.44670385,0.7,0.3,0.42000002,0.39999998,0.9,0.2,0.5,0.8,1.0,1.9500000000000002,2020-05-04T13:00:00,EURUSD,H1,3,BUY,8.417814805212753,5,"hit_tp=True,hit_sl=False,regime=3"
0.00050467724,-0.0013575947,-0.00024541863,-0.00239685,0.3033154,0.23583356,0.26453057,0.31594762,0.4296084,0.47246277,0.3658559,0.48048738,0.198542,0.996355,0.0,0.27511066,0.00043665644,0.50150263,0.7507513,0.0,1.0,0.0,0.82608694,0.6666667,0.25056982,0.4172869,0.7,0.3,0.42000002,0.39999998,0.9,0.2,0.5,0.8,-1.0,1.3,2020-05-08T19:00:00,EURUSD,H1,3,BUY,-5.634744651561441,5,"hit_tp=False,hit_sl=True,regime=3"
-0.004706956,0.0012477874,0.0009698731,-0.005183634,0.3688183,0.4394006,0.43559223,0.36747903,0.43279904,0.4797534,0.40361592,0.41437113,0.17911325,0.052216873,0.0,0.62103504,0.00050326553,0.5986806,0.7993403,0.0,1.0,0.0,0.26086956,0.0,0.38874495,0.55925393,0.7,0.3,0.42000002,0.39999998,0.9,0.2,0.5,0.8,-1.0,1.3,2020-05-11T06:00:00,EURUSD,H1,3,BUY,-7.220281346531632,3,"hit_tp=False,hit_sl=True,regime=3"
0.0021958754,0.003910939,-0.00086832495,-0.0051833456,0.5181824,0.5200427,0.47972167,0.42621094,0.44196993,0.4485432,0.28624794,0.49341342,0.18932398,0.026690042,0.0,0.6335515,0.00056507677,0.5755911,0.78779554,0.0,1.0,0.0,0.47826087,0.0,0.30977535,0.57223755,0.7,0.3,0.42000002,0.39999998,0.9,0.2,0.5,0.8,-1.0,1.56,2020-05-11T11:00:00,EURUSD,H1,3,BUY,-8.25148763132777,65,"hit_tp=False,hit_sl=True,regime=3"
0.0018063542,0.0066451943,0.0051385597,0.0038309556,0.6248681,0.4658177,0.3982048,0.3223229,0.2429381,0.44764575,0.42504397,0.6986553,0.16762617,0.080934554,0.0,0.26089263,0.00063900393,0.5675749,0.7837874,0.0,1.0,0.0,0.47826087,0.5,0.36794809,0.5710414,0.7,0.3,0.42000002,0.39999998,0.9,0.2,0.5,0.8,-1.0,1.3,2020-05-14T11:00:00,EURUSD,H1,3,BUY,-6.372904695601811,16,"hit_tp=False,hit_sl=True,regime=3"
0.00087478047,0.004709203,0.0019565981,0.0005380213,0.36224967,0.3629424,0.2986727,0.2602706,0.45678768,0.54945165,0.627486,0.71852493,0.17117158,0.9279289,0.0,0.3523312,0.00064515043,0.57303786,0.78651893,0.0,1.0,0.0,0.2173913,0.6666667,0.41066876,0.5034397,0.7,0.3,0.42000002,0.39999998,0.9,0.2,0.5,0.8,-1.0,1.3,2020-05-15T05:00:00,EURUSD,H1,3,BUY,-4.511791697157097,5,"hit_tp=False,hit_sl=True,regime=3"
0.00022568823,-0.0006094142,0.003316378,-0.00053247996,0.30603814,0.3278916,0.32090214,0.32395375,0.3380855,0.48584333,0.39189637,0.66013205,0.29242402,1.23106,0.0,0.45274836,0.0005305443,0.53344375,0.7667219,0.0,1.0,0.0,0.2173913,0.8333333,0.31857777,0.47565874,0.7,0.3,0.42000002,0.39999998,0.9,0.2,0.5,0.8,-1.0,1.3,2020-05-16T05:00:00,EURUSD,H1,3,BUY,-5.6172426049361235,17,"hit_tp=False,hit_sl=True,regime=3"
-0.00116034,-0.0020547549,-0.0062691146,-0.006575074,0.3522124,0.47459266,0.4271754,0.39703417,0.3160614,0.45279273,0.25765368,0.3212283,0.1425248,0.856312,0.0,0.19213675,0.00050178287,0.51007515,0.75503755,0.0,1.0,0.0,0.08695652,1.0,0.15168272,0.5519235,0.7,0.3,0.42000002,0.39999998,0.9,0.2,0.5,0.8,-1.0,1.3,2020-05-17T02:00:00,EURUSD,H1,3,BUY,-7.536235049541151,5,"hit_tp=False,hit_sl=True,regime=3"
0.001529888,-0.0054552476,-0.004469664,-0.002872792,0.5923693,0.39430076,0.38577482,0.3546601,0.47564492,0.5254332,0.38620922,0.4832255,0.33170697,1.3292674,0.0,0.4954879,0.0007916932,0.56940496,0.7847025,0.0,1.0,0.0,0.3478261,0.16666667,0.25616243,0.4160621,0.7,0.3,0.42000002,0.39999998,0.9,0.2,0.5,0.8,1.0,1.9500000000000002,2020-05-19T08:00:00,EURUSD,H1,3,BUY,11.072395057050155,16,"hit_tp=True,hit_sl=False,regime=3"
-0.0016156273,-0.002519024,-0.0056646494,-0.0034401387,0.4904457,0.4816518,0.35799807,0.35009202,0.30520275,0.44152486,0.0,0.29472354,0.1542955,0.11426125,0.0,0.39223066,0.00037632423,0.52949196,0.764746,0.0,1.0,0.0,0.2173913,0.6666667,0.15041335,0.42008594,0.7,0.3,0.42000002,0.39999998,0.9,0.2,0.5,0.8,1.0,1.9500000000000002,2020-05-22T05:00:00,EURUSD,H1,3,BUY,11.24016086246682,19,"hit_tp=True,hit_sl=False,regime=3"
-0.0035698104,-0.0037012221,-0.0034771322,-0.004132729,0.34472364,0.31537366,0.30629566,0.31428462,0.31922382,0.45535034,0.104068525,0.23472635,0.22265068,-0.056626692,0.0,0.4494225,0.0003115849,0.518224,0.759112,0.0,1.0,0.0,0.6086956,0.8333333,0.29849797,0.5238365,0.7,0.3,0.42000002,0.39999998,0.9,0.2,0.5,0.8,-1.0,1.3,2020-05-23T14:00:00,EURUSD,H1,3,BUY,-4.766504734159405,4,"hit_tp=False,hit_sl=True,regime=3"
0.00073905906,0.0028429513,0.0021097776,-0.00067450426,0.30281532,0.3337498,0.3364514,0.31057838,0.31868914,0.50499684,0.5923814,0.5631122,0.21215631,1.0303907,0.0,0.4519147,0.0003808159,0.50495124,0.7524756,0.0,1.0,0.0,0.2173913,1.0,0.41521955,0.34128365,0.7,0.3,0.42000002,0.39999998,0.9,0.2,0.5,0.8,1.0,1.9500000000000002,2020-05-24T05:00:00,EURUSD,H1,3,BUY,9.538311111418896,18,"hit_tp=True,hit_sl=False,regime=3"
-5.4812823e-05,-0.0052118227,-0.0066526104,-0.008444527,0.44462347,0.4557971,0.38774353,0.3074777,0.25323364,0.40224165,0.22017634,0.2453739,0.28036967,1.2009242,0.0,0.32575953,0.00044721106,0.5863628,0.7931814,0.0,1.0,0.0,0.13043478,0.16666667,0.18876494,0.5904476,0.7,0.3,0.42000002,0.39999998,0.9,0.2,0.5,0.8,1.0,1.9500000000000002,2020-05-26T03:00:00,EURUSD,H1,3,BUY,10.101699200921743,10,"hit_tp=True,hit_sl=False,regime=3"
2.4310064e-05,-0.00018644932,0.0022238172,0.0008497989,0.33829212,0.2617564,0.24434724,0.3169711,0.28213236,0.44043812,0.34063205,0.45654252,0.18393499,0.95983744,0.0,0.40545517,0.00037867983,0.5276111,0.76380557,0.0,1.0,0.0,0.26086956,0.5,0.3212454,0.40741232,0.7,0.3,0.42000002,0.39999998,0.9,0.2,0.5,0.8,-1.0,1.3,2020-05-28T06:00:00,EURUSD,H1,3,BUY,-5.349020669089821,15,"hit_tp=False,hit_sl=True,regime=3"
-0.0007550296,-0.004155286,-0.0050996277,-0.0064032837,0.61809516,0.4376538,0.35921872,0.31841812,0.1852298,0.4567293,0.094362095,0.3173668,0.3175254,1.2938135,0.0,0.1953895,0.0005348213,0.5828775,0.79143876,0.0,1.0,0.0,0.95652175,0.5,0.15684497,0.53661716,0.7,0.3,0.42000002,0.39999998,0.9,0.2,0.5,0.8,-1.0,1.56,2020-05-28T22:00:00,EURUSD,H1,3,BUY,-5.605267680304227,21,"hit_tp=False,hit_sl=True,regime=3"
-0.00050460093,-0.004181423,-0.0021922155,-0.0026679642,0.3745262,0.36574712,0.36691287,0.30369204,0.35479096,0.47202176,0.054680184,0.4266789,0.25583556,-0.13958889,0.0,0.2703722,0.00036247348,0.5855192,0.7927596,0.0,1.0,0.0,0.04347826,0.8333333,0.22017652,0.48704097,0.7,0.3,0.42000002,0.39999998,0.9,0.2,0.5,0.8,-1.0,1.3,2020-05-30T01:00:00,EURUSD,H1,3,BUY,-5.921927049146181,4,"hit_tp=False,hit_sl=True,regime=3"
0.001024321,0.0044695185,0.0038231604,0.005058628,0.3990626,0.31605276,0.31486258,0.4241944,0.20403565,0.47331432,0.44046193,0.6294427,0.2561192,-0.14029796,0.0,0.40800983,0.00054281583,0.554095,0.77704746,0.0,1.0,0.0,0.9130435,1.0,0.39678755,0.37995088,0.7,0.3,0.42000002,0.39999998,0.9,0.2,0.5,0.8,-1.0,1.3,2020-05-31T21:00:00,EURUSD,H1,3,BUY,-6.829156366856548,6,"hit_tp=False,hit_sl=True,regime=3"
-0.0011995322,0.0003432528,0.004771499,0.009528503,0.25069383,0.3781574,0.3388021,0.39435536,0.5298235,0.58919233,0.7094682,0.6972322,0.17131339,0.07171653,0.0,0.5681826,0.0006235451,0.5111945,0.7555973,0.0,1.0,0.0,0.04347826,0.16666667,0.7137859,0.53953844,0.7,0.3,0.42000002,0.39999998,0.9,0.2,0.5,0.8,-1.0,1.3,2020-06-02T01:00:00,EURUSD,H1,3,BUY,-6.8647421592782365,8,"hit_tp=False,hit_sl=True,regime=3"
0.0028250956,0.003236077,0.0043159407,0.0037638103,0.20498753,0.2141205,0.24531075,0.26285526,0.44120193,0.54196596,0.67497975,0.91013104,0.151601,0.8790025,0.0,0.35733375,0.0005697688,0.5488058,0.77440286,0.0,1.0,0.0,0.9130435,0.16666667,0.44938225,0.55362695,0.7,0.3,0.42000002,0.39999998,0.9,0.2,0.5,0.8,-1.0,1.3,2020-06-02T21:00:00,EURUSD,H1,3,BUY,-4.609804671757978,9,"hit_tp=False,hit_sl=True,regime=3"
-0.00045321736,-0.0008426487,-0.003686841,-0.0063240165,0.44274458,0.43425938,0.34295171,0.29413122,0.5790996,0.51795965,0.3391241,0.28852105,0.2192471,1.0481178,0.0,0.62394345,0.00047269108,0.56150377,0.7807519,0.0,1.0,0.0,0.3043478,0.33333334,0.3866328,0.46039766,0.7,0.3,0.42000002,0.39999998,0.9,0.2,0.5,0.8,1.0,1.9500000000000002,2020-06-03T07:00:00,EURUSD,H1,3,BUY,9.0896645338856,15,"hit_tp=True,hit_sl=False,regime=3"
-0.0050475216,-0.0045655747,-0.004642701,-0.0017576837,0.23366283,0.20227443,0.22277868,0.25899732,0.38579333,0.44799832,0.006933247,0.29605716,0.24761024,-0.11902561,0.0,0.49885702,0.00033596388,0.5500968,0.7750484,0.0,1.0,0.0,0.82608694,0.16666667,0.20356952,0.4884496,0.7,0.3,0.42000002,0.39999998,0.9,0.2,0.5,0.8,-1.0,1.3,2020-06-09T19:00:00,EURUSD,H1,3,BUY,-4.327654320281926,1,"hit_tp=False,hit_sl=True,regime=3"
0.004337567,-0.00044476174,-0.0016138329,-0.006179039,0.577261,0.43943086,0.32090417,0.29098204,0.4004448,0.42521703,0.23330475,0.37536055,0.17273155,0.068171136,0.0,0.3937082,0.00038661013,0.5578435,0.7789217,0.0,1.0,0.0,0.95652175,0.16666667,0.24212773,0.5048635,0.7,0.3,0.42000002,0.39999998,0.9,0.2,0.5,0.8,-1.0,1.3,2020-06-09T22:00:00,EURUSD,H1,3,BUY,-5.4542238676513755,8,"hit_tp=False,hit_sl=True,regime=3"
-0.0027445203,-0.0026830905,-0.005815794,-0.008302728,0.5063831,0.42553532,0.33628088,0.29959407,0.19245559,0.35064813,0.17708579,0.35309494,0.1930112,0.017472021,0.0,0.23725726,0.0005372678,0.59942025,0.79971015,0.0,1.0,0.0,0.2173913,0.0,0.143014,0.53151846,0.7,0.3,0.42000002,0.39999998,0.9,0.2,0.5,0.8,-1.0,1.3,2020-06-15T05:00:00,EURUSD,H1,3,BUY,-5.046251337950114,1,"hit_tp=False,hit_sl=True,regime=3"
0.0019701337,-0.0013726967,0.0047023636,-0.0007757959,0.50717354,0.473712,0.40209654,0.34301487,0.61942816,0.53951156,0.7793061,0.62716323,0.17914975,0.94787437,0.0,0.5309438,0.0013675214,0.5854304,0.7927152,1.0,0.0,0.0,0.82608694,0.33333334,0.6075145,0.501719,0.35,0.7,0.48999998,0.35,0.95,0.15,0.55,0.85,-1.0,1.3,2020-01-01T19:00:00,EURUSD,H1,2,SELL,-13.22156981258038,13,"hit_tp=False,hit_sl=True,regime=2"
-0.0028319152,-0.0022136953,-0.0078577995,-0.0026847,0.2763729,0.2717488,0.2846318,0.30324394,0.57586575,0.45480368,0.445714,0.37653798,0.24986957,-0.12467391,0.0,0.56632274,0.0030885634,0.41720483,0.7086024,1.0,0.0,0.0,0.0,0.6666667,0.57792395,0.48774806,0.35,0.7,0.48999998,0.35,0.95,0.15,0.55,0.85,-1.0,1.3,2020-01-03T00:00:00,EURUSD,H1,2,SELL,-10.586782265262773,5,"hit_tp=False,hit_sl=True,regime=2"
-0.00179596,-0.003259516,-0.003679514,0.00452005,0.30781317,0.31906492,0.29236457,0.29175353,0.48095897,0.4531196,0.5375659,0.41557315,0.22188075,-0.054701887,0.0,0.39218712,0.0032603776,0.42314133,0.7115707,1.0,0.0,0.0,0.3478261,0.6666667,0.56114817,0.54399115,0.35,0.7,0.48999998,0.35,0.95,0.15,0.55,0.85,1.0,1.9500000000000002,2020-01-03T08:00:00,EURUSD,H1,2,SELL,18.159895051348407,11,"hit_tp=True,hit_sl=False,regime=2"
0.0039920676,0.010140119,0.020557778,0.022581028,0.4057329,0.3837263,0.3061857,0.34880063,0.7279631,0.5863064,1.0,0.7640205,0.2271153,1.0677882,0.0,0.59852487,0.0024614476,0.53717846,0.7685892,1.0,0.0,0.0,0.2173913,0.8333333,0.8923745,0.54802716,0.35,0.7,0.48999998,0.35,0.95,0.15,0.55,0.85,1.0,1.9500000000000002,2020-01-04T05:00:00,EURUSD,H1,2,SELL,20.168691600483957,7,"hit_tp=True,hit_sl=False,regime=2"
-0.0012375353,0.0032263608,0.00463247,0.0011806255,0.16396339,0.26703826,0.36067134,0.34973335,0.543032,0.55223167,0.88377255,0.8385585,0.25179246,1.1294812,0.0,0.4879957,0.0020741676,0.48666713,0.7433336,1.0,0.0,0.0,0.82608694,0.8333333,0.65802497,0.47706124,0.35,0.7,0.48999998,0.35,0.95,0.15,0.55,0.85,-1.0,1.3,2020-01-04T19:00:00,EURUSD,H1,2,SELL,-12.591956500365153,12,"hit_tp=False,hit_sl=True,regime=2"
0.00051947305,-0.005001954,-0.006697413,-0.00024039998,0.45251003,0.3121134,0.31662714,0.33107236,0.60299385,0.55464315,0.7472686,0.48380423,0.27860618,1.1965154,0.0,0.5685145,0.001876064,0.500216,0.750108,1.0,0.0,0.0,0.5217391,0.33333334,0.5794847,0.43053967,0.35,0.7,0.48999998,0.35,0.95,0.15,0.55,0.85,-1.0,1.3,2020-01-08T12:00:00,EURUSD,H1,2,SELL,-12.2366286754505,13,"hit_tp=False,hit_sl=True,regime=2"
-0.009169128,-0.0039885635,0.004343924,0.008477929,0.33726284,0.3153849,0.3419508,0.3517949,0.61785764,0.55180204,0.753964,0.6748324,0.17797464,0.94493663,0.0,0.503794,0.002388055,0.40237838,0.70118916,1.0,0.0,0.0,0.08695652,0.5,0.7132553,0.5040482,0.35,0.7,0.48999998,0.35,0.95,0.15,0.55,0.85,-1.0,1.3,2020-01-09T02:00:00,EURUSD,H1,2,SELL,-13.989565197665144,10,"hit_tp=False,hit_sl=True,regime=2"
0.00722311,0.002792205,1.7992887e-05,0.0027693997,0.33231935,0.38831297,0.3179141,0.35275564,0.6455413,0.51870775,0.8820445,0.55695,0.19688311,0.99220777,0.0,0.62846595,0.002589029,0.53396404,0.766982,1.0,0.0,0.0,0.82608694,1.0,0.76134187,0.52345854,0.35,0.7,0.48999998,0.35,0.95,0.15,0.55,0.85,-1.0,1.3,2020-01-12T19:00:00,EURUSD,H1,2,SELL,-13.528581129509387,14,"hit_tp=False,hit_sl=True,regime=2"
0.00016448226,0.004126715,4.7268055e-05,-0.0057148943,0.38445616,0.4902834,0.41757157,0.36120933,0.6555053,0.49053526,0.6410423,0.5415075,0.16494168,0.91235423,0.0,0.5193543,0.0024501032,0.52901286,0.7645064,1.0,0.0,0.0,0.5652174,0.0,0.5584052,0.5352583,0.35,0.7,0.48999998,0.35,0.95,0.15,0.55,0.85,-1.0,1.3,2020-01-13T13:00:00,EURUSD,H1,2,SELL,-13.886363834905158,17,"hit_tp=False,hit_sl=True,regime=2"
-0.001394547,0.0057988227,0.005205121,0.0062983693,0.2522926,0.300225,0.25136337,0.31502792,0.81001896,0.5218928,0.69419736,0.6427208,0.17380837,0.06547907,0.0,0.7831963,0.0025514707,0.44595346,0.72297674,1.0,0.0,0.0,0.6086956,0.16666667,0.7297169,0.41301915,0.35,0.7,0.48999998,0.35,0.95,0.15,0.55,0.85,-1.0,1.3,2020-01-14T14:00:00,EURUSD,H1,2,SELL,-10.592212280546853,20,"hit_tp=False,hit_sl=True,regime=2"
-0.0061590807,-0.008368708,-0.01140867,-0.007752149,0.39268306,0.28488725,0.28103134,0.2807025,0.50027215,0.47047094,0.3715592,0.33815143,0.24634425,-0.11586064,0.0,0.6323722,0.0025013706,0.5867126,0.7933563,1.0,0.0,0.0,0.47826087,0.33333334,0.4959659,0.4439621,0.35,0.7,0.48999998,0.35,0.95,0.15,0.55,0.85,-1.0,1.3,2020-01-15T11:00:00,EURUSD,H1,2,SELL,-9.748114001901786,17,"hit_tp=False,hit_sl=True,regime=2"
-0.0012819497,0.0035064635,0.007858485,0.008903967,0.19702742,0.24728738,0.28493324,0.30430984,0.7500927,0.5988708,1.0,0.9217287,0.22348318,1.058708,0.0,0.5787468,0.0019325012,0.51437247,0.75718623,1.0,0.0,0.0,1.0,0.6666667,0.85085857,0.46152607,0.35,0.7,0.48999998,0.35,0.95,0.15,0.55,0.85,-1.0,1.3,2020-01-17T23:00:00,EURUSD,H1,2,SELL,-10.802283456754491,6,"hit_tp=False,hit_sl=True,regime=2"
-0.0068027736,-0.008143962,-0.007080186,4.3918484e-05,0.15968435,0.16090885,0.21990767,0.22210512,0.61650485,0.505021,0.52604866,0.3536678,0.15051997,0.12370007,0.0,0.67859113,0.002650818,0.41056603,0.705283,1.0,0.0,0.0,0.6086956,0.8333333,0.61192137,0.58713734,0.35,0.7,0.48999998,0.35,0.95,0.15,0.55,0.85,-1.0,1.3,2020-01-18T14:00:00,EURUSD,H1,2,SELL,-7.779813667601054,4,"hit_tp=False,hit_sl=True,regime=2"
-0.0026379663,-0.0012371886,0.0017194835,0.0012180599,0.45020017,0.36105102,0.2550594,0.24272355,0.41249043,0.44180936,0.2661663,0.4155986,0.18780278,0.030493058,0.0,0.50819474,0.0024589072,0.58730656,0.79365325,1.0,0.0,0.0,0.8695652,0.8333333,0.52475774,0.5360618,0.35,0.7,0.48999998,0.35,0.95,0.15,0.55,0.85,-1.0,1.3,2020-01-18T20:00:00,EURUSD,H1,2,SELL,-8.339355379352043,9,"hit_tp=False,hit_sl=True,regime=2"
0.0017290382,0.005725995,0.014736487,0.0144195715,0.36340538,0.4345111,0.39170745,0.32338342,0.5186377,0.4872825,0.70880115,0.7611502,0.2147233,-0.03680828,0.0,0.5678235,0.0027269085,0.43291312,0.71645653,1.0,0.0,0.0,0.26086956,1.0,0.5884051,0.50864416,0.35,0.7,0.48999998,0.35,0.95,0.15,0.55,0.85,-1.0,1.56,2020-01-19T06:00:00,EURUSD,H1,2,SELL,-14.924104248461578,60,"hit_tp=False,hit_sl=True,regime=2"
-0.0029473845,-0.0027050204,-0.0060619907,0.008488895,0.2636276,0.29712448,0.24778348,0.2657053,0.64739203,0.54116476,0.61541975,0.35265282,0.1487039,0.12824024,0.0,0.6743968,0.0026798055,0.55444974,0.7772249,1.0,0.0,0.0,0.04347826,0.33333334,0.7252601,0.5158196,0.35,0.7,0.48999998,0.35,0.95,0.15,0.55,0.85,-1.0,1.56,2020-01-22T01:00:00,EURUSD,H1,2,SELL,-10.261558264261783,25,"hit_tp=False,hit_sl=True,regime=2"
0.0024107206,0.0031667377,0.005919062,0.012771222,0.26926664,0.22133331,0.3007659,0.28696823,0.60844034,0.5350734,0.77530086,0.5773216,0.24698523,-0.11746305,0.0,0.5994512,0.0024485863,0.44141284,0.7207064,1.0,0.0,0.0,0.17391305,0.5,0.84450096,0.3887125,0.35,0.7,0.48999998,0.35,0.95,0.15,0.55,0.85,-1.0,1.3,2020-01-23T04:00:00,EURUSD,H1,2,SELL,-10.090067213333054,2,"hit_tp=False,hit_sl=True,regime=2"
0.0009390782,0.004834738,0.011857281,0.012989232,0.46068883,0.5560366,0.38868496,0.33220822,0.7743329,0.56625575,0.81545424,0.7009991,0.20094256,-0.0023564037,0.0,0.70005965,0.0026493364,0.49510422,0.7475521,1.0,0.0,0.0,0.39130434,0.5,0.84368944,0.39042732,0.35,0.7,0.48999998,0.35,0.95,0.15,0.55,0.85,-1.0,1.56,2020-01-23T09:00:00,EURUSD,H1,2,SELL,-15.060108806441708,26,"hit_tp=False,hit_sl=True,regime=2"
0.000982274,0.0017590894,0.0021893547,-0.011386604,0.36695126,0.42906994,0.39431757,0.33349672,0.6196442,0.49561927,0.5315765,0.5261758,0.20275863,1.0068966,0.0,0.64423364,0.0026426294,0.55702674,0.7785134,1.0,0.0,0.0,0.73913044,0.6666667,0.5889364,0.39262626,0.35,0.7,0.48999998,0.35,0.95,0.15,0.55,0.85,-1.0,1.3,2020-01-24T17:00:00,EURUSD,H1,2,SELL,-12.80680393508149,13,"hit_tp=False,hit_sl=True,regime=2"
-0.0049694423,-0.0016860525,0.0016222021,0.00735877,0.32213125,0.28642493,0.30187637,0.27389187,0.6462442,0.5329279,0.7031248,0.5740964,0.22850406,-0.071260154,0.0,0.70505184,0.003135945,0.4451365,0.7225682,1.0,0.0,0.0,0.7826087,0.0,0.7142194,0.5558142,0.35,0.7,0.48999998,0.35,0.95,0.15,0.55,0.85,-1.0,1.3,2020-01-27T18:00:00,EURUSD,H1,2,SELL,-10.528361027728472,5,"hit_tp=False,hit_sl=True,regime=2"
0.0027397103,0.0074719996,0.010187272,0.0076984414,0.51435345,0.49906632,0.39271072,0.33320075,0.60309446,0.49319154,0.80221283,0.57722116,0.15949349,0.10126629,0.0,0.60782224,0.002928419,0.45141214,0.72570604,1.0,0.0,0.0,0.0,0.16666667,0.7372599,0.4401547,0.35,0.7,0.48999998,0.35,0.95,0.15,0.55,0.85,-1.0,1.3,2020-01-28T00:00:00,EURUSD,H1,2,SELL,-13.138566961448106,20,"hit_tp=False,hit_sl=True,regime=2"
-0.0032066002,-0.0035672009,0.0014612533,0.0015608998,0.36238,0.35431173,0.3023559,0.3308412,0.58138406,0.51739216,0.61980236,0.49659604,0.1525497,0.11862576,0.0,0.65455955,0.00249388,0.535831,0.7679155,1.0,0.0,0.0,0.95652175,0.16666667,0.67442816,0.55215466,0.35,0.7,0.48999998,0.35,0.95,0.15,0.55,0.85,-1.0,1.56,2020-01-28T22:00:00,EURUSD,H1,2,SELL,-11.73453190701057,43,"hit_tp=False,hit_sl=True,regime=2"
0.0014618019,0.0029817359,0.009317826,0.024305101,0.2881811,0.31140858,0.33220437,0.36970967,0.8540588,0.614109,0.7698492,0.66177595,0.14646053,0.13384868,0.0,0.71199566,0.0023652406,0.5442706,0.77213526,1.0,0.0,0.0,0.82608694,0.5,0.82402337,0.56593406,0.35,0.7,0.48999998,0.35,0.95,0.15,0.55,0.85,1.0,1.9500000000000002,2020-01-30T19:00:00,EURUSD,H1,2,SELL,19.68577552986739,10,"hit_tp=True,hit_sl=False,regime=2"
0.0058549484,0.0090860175,0.013611562,0.020316068,0.29241377,0.38494927,0.37801054,0.40661332,0.8858382,0.6325059,0.93501186,0.91336817,0.2819178,1.2047945,0.0,0.8067498,0.0031600932,0.4351268,0.7175634,1.0,0.0,0.0,0.9130435,0.6666667,0.78351134,0.4025781,0.35,0.7,0.48999998,0.35,0.95,0.15,0.55,0.85,1.0,2.34,2020-01-31T21:00:00,EURUSD,H1,2,SELL,25.757930638259374,90,"hit_tp=True,hit_sl=False,regime=2"
0.001647072,-0.00050352066,0.003029459,0.0065044593,0.33405527,0.33129585,0.36700904,0.33586526,0.68921673,0.5723314,0.69479334,0.61123174,0.14282839,0.14292902,0.0,0.86058414,0.0025488886,0.42324242,0.7116212,1.0,0.0,0.0,0.2173913,0.0,0.7694808,0.5148523,0.35,0.7,0.48999998,0.35,0.95,0.15,0.55,0.85,1.0,2.34,2020-02-10T05:00:00,EURUSD,H1,2,SELL,24.002668251641435,93,"hit_tp=True,hit_sl=False,regime=2"
0.0039201058,0.010189653,0.007213098,0.016478878,0.18824843,0.27426466,0.35396728,0.39619932,0.61408794,0.59141034,0.86787254,0.88785136,0.16045493,0.90113735,0.0,0.6252075,0.0027862797,0.43789718,0.7189486,1.0,0.0,0.0,0.39130434,0.6666667,0.7789266,0.5403603,0.35,0.7,0.48999998,0.35,0.95,0.15,0.55,0.85,1.0,2.34,2020-02-14T09:00:00,EURUSD,H1,2,SELL,26.301241299899747,61,"hit_tp=True,hit_sl=False,regime=2"
0.0017731511,-0.0003741541,-0.003117278,0.008399729,0.3420923,0.30277693,0.27185047,0.28082952,0.87660974,0.66117066,0.69260967,0.574253,0.15660915,0.8915228,0.0,0.91154766,0.0031202664,0.5624719,0.781236,1.0,0.0,0.0,0.65217394,0.5,0.7417084,0.5637098,0.35,0.7,0.48999998,0.35,0.95,0.15,0.55,0.85,-1.0,1.3,2020-02-27T15:00:00,EURUSD,H1,2,SELL,-9.975880631012402,7,"hit_tp=False,hit_sl=True,regime=2"
0.002109372,0.00027497712,0.006221217,-0.00014569132,0.30965528,0.2795552,0.31066915,0.31416225,0.49575666,0.50750184,0.5228386,0.3543327,0.21579158,-0.039478965,0.0,0.46957287,0.0030065812,0.51345336,0.7567267,1.0,0.0,0.0,0.0,0.6666667,0.6339375,0.49769273,0.35,0.7,0.48999998,0.35,0.95,0.15,0.55,0.85,1.0,2.34,2020-02-28T00:00:00,EURUSD,H1,2,SELL,19.805109764245987,36,"hit_tp=True,hit_sl=False,regime=2"
-0.0011105764,0.0027943128,0.014239831,0.009610656,0.48115742,0.4115175,0.36761773,0.35492194,0.62823176,0.5758057,0.95110506,0.7852264,0.17797464,0.94493663,0.0,0.64642614,0.0018812441,0.48671347,0.74335676,1.0,0.0,0.0,0.82608694,0.0,0.82238615,0.4529273,0.35,0.7,0.48999998,0.35,0.95,0.15,0.55,0.85,1.0,1.9500000000000002,2020-03-02T19:00:00,EURUSD,H1,2,SELL,23.163266913983627,15,"hit_tp=True,hit_sl=False,regime=2"
0.001400561,0.010681876,0.013865003,0.018317372,0.23932803,0.3337676,0.26860407,0.3822898,0.60754025,0.57652634,1.0,0.93782926,0.21205263,1.0301316,0.0,0.59149075,0.0019107602,0.5441068,0.7720534,1.0,0.0,0.0,0.5652174,0.16666667,0.6013509,0.44689742,0.35,0.7,0.48999998,0.35,0.95,0.15,0.55,0.85,1.0,2.34,2020-03-03T13:00:00,EURUSD,H1,2,SELL,20.082461263146723,21,"hit_tp=True,hit_sl=False,regime=2"
0.0033991516,0.0030894943,0.0013103877,0.002934241,0.57902145,0.45158964,0.37283444,0.34658277,0.6972327,0.5520312,1.0,0.6428964,0.23202936,1.0800735,0.0,0.78365535,0.0024908767,0.4004989,0.70024943,1.0,0.0,0.0,0.73913044,0.5,0.70358855,0.48438993,0.35,0.7,0.48999998,0.35,0.95,0.15,0.55,0.85,-1.0,1.56,2020-03-05T17:00:00,EURUSD,H1,2,SELL,-13.80200757981731,28,"hit_tp=False,hit_sl=True,regime=2"
0.00080552726,-0.0030323628,0.00037314638,0.000106659194,0.41192684,0.316261,0.3499778,0.32440457,0.63874465,0.5076368,0.65352696,0.525544,0.19880602,0.997015,0.0,0.6585374,0.002726227,0.42156965,0.7107848,1.0,0.0,0.0,0.95652175,0.6666667,0.6931864,0.44259632,0.35,0.7,0.48999998,0.35,0.95,0.15,0.55,0.85,1.0,1.9500000000000002,2020-03-06T22:00:00,EURUSD,H1,2,SELL,23.509233941865215,17,"hit_tp=True,hit_sl=False,regime=2"
-0.00088556064,0.00071528234,-0.0010137131,0.0133825205,0.19338705,0.19406636,0.29561,0.31971502,0.5943773,0.5541814,0.6700914,0.68202657,0.22091931,-0.05229827,0.0,0.48600608,0.0017277731,0.5306711,0.76533556,1.0,0.0,0.0,0.82608694,0.0,0.7759179,0.53891647,0.35,0.7,0.48999998,0.35,0.95,0.15,0.55,0.85,1.0,1.9500000000000002,2020-03-09T19:00:00,EURUSD,H1,2,SELL,22.209434335676015,8,"hit_tp=True,hit_sl=False,regime=2"
0.003069517,0.008165118,0.010174485,0.013584638,0.51640266,0.44022298,0.41520748,0.37816966,0.93549556,0.64275783,0.8650574,0.7494717,0.18299554,0.95748883,0.0,1.0,0.002735172,0.4118671,0.7059336,1.0,0.0,0.0,0.0,0.6666667,0.84182084,0.41915405,0.35,0.7,0.48999998,0.35,0.95,0.15,0.55,0.85,-1.0,1.56,2020-03-13T00:00:00,EURUSD,H1,2,SELL,-14.090371198605123,44,"hit_tp=False,hit_sl=True,regime=2"
0.0024656944,0.0038793655,0.0025421414,0.0036543685,0.35412547,0.3646959,0.28905118,0.30496818,0.56130934,0.53227717,0.8370912,0.57237107,0.2014767,1.0036918,0.0,0.5881676,0.002141065,0.5288974,0.7644487,1.0,0.0,0.0,0.65217394,0.16666667,0.7916476,0.5239182,0.35,0.7,0.48999998,0.35,0.95,0.15,0.55,0.85,-1.0,1.3,2020-03-17T15:00:00,EURUSD,H1,2,SELL,-10.026384186985204,6,"hit_tp=False,hit_sl=True,regime=2"
0.0033515582,0.0015802563,0.0016073557,-0.0045914617,0.15851322,0.17821176,0.2781363,0.30930203,0.624215,0.51892424,0.73916656,0.5627028,0.1781883,0.94547075,0.0,0.55149907,0.001347988,0.5270155,0.7635078,1.0,0.0,0.0,0.6956522,0.6666667,0.512105,0.41080028,0.35,0.7,0.48999998,0.35,0.95,0.15,0.55,0.85,1.0,1.9500000000000002,2020-03-20T16:00:00,EURUSD,H1,2,SELL,16.14879622913623,13,"hit_tp=True,hit_sl=False,regime=2"
0.0038937833,0.00741686,0.0037296945,0.015197401,0.20646474,0.22074625,0.36993462,0.319304,0.584579,0.5363358,0.93901044,0.88984805,0.23683661,1.0920916,0.0,0.6349762,0.0017779027,0.45321542,0.72660774,1.0,0.0,0.0,0.47826087,0.8333333,0.62899816,0.44214937,0.35,0.7,0.48999998,0.35,0.95,0.15,0.55,0.85,-1.0,1.3,2020-03-21T11:00:00,EURUSD,H1,2,SELL,-13.496439272959737,9,"hit_tp=False,hit_sl=True,regime=2"
0.0030075037,0.00074033847,0.006087372,0.00722347,0.22634758,0.32015488,0.3608663,0.39066273,0.6190671,0.5718398,0.8194531,0.6763445,0.15436576,0.8859144,0.0,0.66185695,0.00207206,0.5265651,0.76328254,1.0,0.0,0.0,0.4347826,0.33333334,0.6986551,0.5280211,0.35,0.7,0.48999998,0.35,0.95,0.15,0.55,0.85,-1.0,1.56,2020-03-25T10:00:00,EURUSD,H1,2,SELL,-13.506377434049366,26,"hit_tp=False,hit_sl=True,regime=2"
-0.0030922215,0.0012109219,-0.0038434137,-0.007983314,0.2736908,0.26131806,0.28675294,0.33672905,0.6689591,0.5023158,0.6060001,0.43045205,0.14998583,0.1250354,0.0,0.66805065,0.0030353002,0.41425604,0.707128,1.0,0.0,0.0,0.9130435,0.8333333,0.67099524,0.4853902,0.35,0.7,0.48999998,0.35,0.95,0.15,0.55,0.85,-1.0,1.56,2020-03-28T21:00:00,EURUSD,H1,2,SELL,-11.016561954186876,50,"hit_tp=False,hit_sl=True,regime=2"
0.001479062,0.0019670955,0.005739707,0.009782391,0.30572626,0.26962715,0.28107926,0.2872717,0.61092395,0.5285536,0.75599104,0.63519424,0.18887106,0.02782237,0.0,0.7476262,0.0022220328,0.4746445,0.7373223,1.0,0.0,0.0,0.26086956,0.16666667,0.8384099,0.4688288,0.35,0.7,0.48999998,0.35,0.95,0.15,0.55,0.85,-1.0,1.3,2020-03-31T06:00:00,EURUSD,H1,2,SELL,-11.396976726922858,15,"hit_tp=False,hit_sl=True,regime=2"
0.0024092237,0.004870594,-0.0008072442,0.012255182,0.5015004,0.44098634,0.4193628,0.34652263,0.55501395,0.5113666,0.7490129,0.57757145,0.25873625,1.1468406,0.0,0.4815592,0.0024539882,0.57084966,0.7854248,1.0,0.0,0.0,0.95652175,0.16666667,0.68298763,0.51728505,0.35,0.7,0.48999998,0.35,0.95,0.15,0.55,0.85,1.0,2.34,2020-03-31T22:00:00,EURUSD,H1,2,SELL,23.14555705560828,35,"hit_tp=True,hit_sl=False,regime=2"
0.006757058,0.0052761473,0.004073634,0.00990441,0.2389502,0.23490013,0.30392584,0.33001542,0.6453004,0.5346,0.98656654,0.7912613,0.15874569,0.89686424,0.0,0.47272503,0.0018132434,0.55616015,0.77808005,1.0,0.0,0.0,0.3043478,0.8333333,0.6153935,0.4532512,0.35,0.7,0.48999998,0.35,0.95,0.15,0.55,0.85,-1.0,1.3,2020-04-04T07:00:00,EURUSD,H1,2,SELL,-11.66719579543285,7,"hit_tp=False,hit_sl=True,regime=2"
0.0010661695,0.0017829263,0.004219189,0.013433789,0.6112596,0.47292256,0.4391258,0.37152582,0.8435875,0.5821304,0.76634455,0.5821086,0.15650232,0.10874421,0.0,0.919396,0.0026125743,0.46846235,0.7342312,1.0,0.0,0.0,0.73913044,0.8333333,0.78528696,0.4196915,0.35,0.7,0.48999998,0.35,0.95,0.15,0.55,0.85,-1.0,1.56,2020-04-04T17:00:00,EURUSD,H1,2,SELL,-14.278514883931948,36,"hit_tp=False,hit_sl=True,regime=2"
-0.006087175,-0.0012596585,0.001746867,0.004923269,0.3567311,0.35009235,0.34069285,0.3026001,0.544338,0.4946607,0.7295708,0.61177707,0.18951201,0.97378004,0.0,0.5203289,0.002483068,0.428652,0.714326,1.0,0.0,0.0,0.39130434,0.0,0.5792761,0.3655354,0.35,0.7,0.48999998,0.35,0.95,0.15,0.55,0.85,-1.0,1.56,2020-04-06T09:00:00,EURUSD,H1,2,SELL,-11.315285108866036,22,"hit_tp=False,hit_sl=True,regime=2"
0.008240419,0.0067516617,0.00940592,0.011591414,0.40122384,0.33908018,0.30618608,0.28769097,0.6742556,0.52749985,0.8193305,0.5348615,0.1941056,0.0147359995,0.0,0.65274704,0.0020518387,0.48898786,0.7444939,1.0,0.0,0.0,0.39130434,0.16666667,0.7990642,0.58723027,0.35,0.7,0.48999998,0.35,0.95,0.15,0.55,0.85,-1.0,1.3,2020-04-07T09:00:00,EURUSD,H1,2,SELL,-10.331468280753153,14,"hit_tp=False,hit_sl=True,regime=2"
0.0021209207,-0.0027475131,-0.01618352,-0.00702074,0.41728094,0.3726851,0.3236999,0.31168067,0.61212087,0.4796169,0.5073877,0.31264955,0.14795612,0.8698903,0.0,0.7330201,0.0023339856,0.5848365,0.79241824,1.0,0.0,0.0,0.2173913,0.33333334,0.4861649,0.4063525,0.35,0.7,0.48999998,0.35,0.95,0.15,0.55,0.85,1.0,2.34,2020-04-08T05:00:00,EURUSD,H1,2,SELL,19.03316331742788,35,"hit_tp=True,hit_sl=False,regime=2"
0.004103703,0.012807104,0.017652098,0.019964468,0.24986562,0.21677434,0.3276135,0.29098058,0.6733278,0.60617906,1.0,0.99999994,0.13887577,0.8471894,0.0,0.6597207,0.0024194003,0.5330853,0.7665426,1.0,0.0,0.0,0.08695652,0.6666667,0.8433194,0.4503918,0.35,0.7,0.48999998,0.35,0.95,0.15,0.55,0.85,1.0,1.9500000000000002,2020-04-10T02:00:00,EURUSD,H1,2,SELL,20.70702852674744,13,"hit_tp=True,hit_sl=False,regime=2"
0.0050969124,0.006626318,0.0100275595,0.014247965,0.27214783,0.28548053,0.26029965,0.29136154,0.57661855,0.53594905,0.81865513,0.79761505,0.2387595,1.0968988,0.0,0.58853316,0.00191186,0.5919513,0.7959757,1.0,0.0,0.0,1.0,0.6666667,0.6058707,0.3023477,0.35,0.7,0.48999998,0.35,0.95,0.15,0.55,0.85,-1.0,1.3,2020-04-10T23:00:00,EURUSD,H1,2,SELL,-9.724927047076726,6,"hit_tp=False,hit_sl=True,regime=2"
-0.0023880166,0.0008770574,-0.0046706,0.0047709923,0.31963953,0.32660967,0.35494742,0.30131155,0.7455034,0.57884,0.6410233,0.44936568,0.17466299,0.06334252,0.0,0.8129099,0.0035418745,0.43687478,0.7184374,1.0,0.0,0.0,0.5217391,0.8333333,0.71768874,0.6464645,0.35,0.7,0.48999998,0.35,0.95,0.15,0.55,0.85,-1.0,1.3,2020-04-11T12:00:00,EURUSD,H1,2,SELL,-12.903334464209326,8,"hit_tp=False,hit_sl=True,regime=2"
9.055319e-05,0.0012821668,-0.0014269399,-0.0017397254,0.2641651,0.2612324,0.31399864,0.31806743,0.65528405,0.4689042,0.5914437,0.28825292,0.21728717,-0.04321793,0.0,0.65715957,0.0038461294,0.4173133,0.70865667,1.0,0.0,0.0,0.13043478,1.0,0.68733174,0.5596747,0.35,0.7,0.48999998,0.35,0.95,0.15,0.55,0.85,1.0,2.34,2020-04-12T03:00:00,EURUSD,H1,2,SELL,20.17451657313929,24,"hit_tp=True,hit_sl=False,regime=2"
0.0027687263,0.0044804667,0.014001978,0.009243483,0.21604134,0.19137938,0.23809898,0.33881328,0.56874347,0.5417424,0.8904651,0.7207924,0.18513209,0.037169777,0.0,0.6851029,0.0018858435,0.46111938,0.7305597,1.0,0.0,0.0,0.04347826,0.33333334,0.8951608,0.62717533,0.35,0.7,0.48999998,0.35,0.95,0.15,0.55,0.85,1.0,2.34,2020-04-15T01:00:00,EURUSD,H1,2,SELL,19.407849848784853,27,"hit_tp=True,hit_sl=False,regime=2"
0.0038497967,0.004937172,0.006769425,0.018053068,0.45533532,0.3921069,0.3672173,0.31468976,0.80616117,0.6077976,0.872253,0.6900244,0.24335308,1.1083827,0.0,0.79744256,0.001919729,0.4852321,0.74261606,1.0,0.0,0.0,0.95652175,0.8333333,0.8736891,0.46308377,0.35,0.7,0.48999998,0.35,0.95,0.15,0.55,0.85,1.0,2.34,2020-04-18T22:00:00,EURUSD,H1,2,SELL,21.26032464661698,27,"hit_tp=True,hit_sl=False,regime=2"
-0.0005900119,-0.0028648798,-0.0019590773,0.009699777,0.39140204,0.4618732,0.44163805,0.39730766,0.67732805,0.6050546,0.8338837,0.54678327,0.31738457,1.2934614,0.0,0.57122594,0.0023127275,0.56523734,0.7826187,1.0,0.0,0.0,0.95652175,0.6666667,0.6895178,0.44110945,0.35,0.7,0.48999998,0.35,0.95,0.15,0.55,0.85,-1.0,1.3,2020-04-24T22:00:00,EURUSD,H1,2,SELL,-16.11943368978297,11,"hit_tp=False,hit_sl=True,regime=2"
-0.0014359804,-0.0009417656,0.0027935286,-0.004806573,0.2681545,0.41807574,0.28109044,0.2918817,0.616564,0.44860706,0.39975405,0.50840604,0.22423096,-0.0605774,0.0,0.635758,0.003959137,0.41562936,0.7078147,1.0,0.0,0.0,0.08695652,1.0,0.60220844,0.44350472,0.35,0.7,0.48999998,0.35,0.95,0.15,0.55,0.85,-1.0,1.56,2020-04-26T02:00:00,EURUSD,H1,2,SELL,-10.556220726389842,60,"hit_tp=False,hit_sl=True,regime=2"
0.0039241067,0.0052926373,0.0065120272,0.00082730886,0.23543523,0.18328954,0.18007699,0.25111666,0.6543339,0.5025582,0.9738025,0.7790492,0.19068712,0.97671777,0.0,0.5291844,0.0018406891,0.59297603,0.796488,1.0,0.0,0.0,0.3043478,0.33333334,0.47393072,0.4015285,0.35,0.7,0.48999998,0.35,0.95,0.15,0.55,0.85,-1.0,1.3,2020-04-29T07:00:00,EURUSD,H1,2,SELL,-7.966453973002885,2,"hit_tp=False,hit_sl=True,regime=2"
0.0015573691,0.002173957,0.010073701,0.009695081,0.46368352,0.39095053,0.3855174,0.2927016,0.82792914,0.5529888,0.74728364,0.6154117,0.16130956,0.09672612,0.0,0.94066066,0.002647908,0.503737,0.7518685,1.0,0.0,0.0,0.7826087,0.33333334,0.77222943,0.56925195,0.35,0.7,0.48999998,0.35,0.95,0.15,0.55,0.85,-1.0,1.3,2020-04-29T18:00:00,EURUSD,H1,2,SELL,-12.908389457439995,16,"hit_tp=False,hit_sl=True,regime=2"
-0.008432533,-0.008584001,-0.00018927894,0.0010964494,0.3272594,0.28306404,0.28297666,0.32046834,0.6185093,0.46953583,0.4833753,0.37137693,0.18149996,0.046250116,0.0,0.7185283,0.0034667938,0.5855257,0.7927629,1.0,0.0,0.0,0.65217394,0.6666667,0.65237164,0.45444077,0.35,0.7,0.48999998,0.35,0.95,0.15,0.55,0.85,-1.0,1.3,2020-05-01T15:00:00,EURUSD,H1,2,SELL,-10.944007257600585,9,"hit_tp=False,hit_sl=True,regime=2"
0.00516898,0.009385746,0.005028665,0.0022449256,0.5558931,0.40850797,0.30969012,0.29633337,0.49078736,0.44819245,0.59137815,0.5151101,0.15853204,0.8963301,0.0,0.45181856,0.0038694849,0.4011019,0.7005509,1.0,0.0,0.0,0.04347826,0.8333333,0.50741965,0.40020993,0.35,0.7,0.48999998,0.35,0.95,0.15,0.55,0.85,-1.0,1.56,2020-05-02T01:00:00,EURUSD,H1,2,SELL,-11.388934661273886,26,"hit_tp=False,hit_sl=True,regime=2"
0.00024760875,-0.0042241625,-0.005157446,0.010721464,0.17296767,0.28281283,0.29823983,0.25936028,0.63172925,0.5437279,0.6428621,0.47260278,0.23459323,-0.086483076,0.0,0.45221803,0.0024951375,0.50453323,0.75226665,1.0,0.0,0.0,0.3043478,1.0,0.74599767,0.6190138,0.35,0.7,0.48999998,0.35,0.95,0.15,0.55,0.85,1.0,2.34,2020-05-03T07:00:00,EURUSD,H1,2,SELL,17.098787103515534,30,"hit_tp=True,hit_sl=False,regime=2"
-0.00023315789,0.00078341836,0.006582252,0.0100864135,0.3013718,0.28808042,0.34014806,0.3625265,0.80302024,0.584648,0.89223343,0.7266401,0.2574543,1.1436357,0.0,0.82993764,0.0025577687,0.5361345,0.76806724,1.0,0.0,0.0,0.82608694,0.8333333,0.7526423,0.41101772,0.35,0.7,0.48999998,0.35,0.95,0.15,0.55,0.85,1.0,1.9500000000000002,2020-05-09T19:00:00,EURUSD,H1,2,SELL,20.944911240416975,5,"hit_tp=True,hit_sl=False,regime=2"
0.00027330575,0.0070537906,0.0042827534,-0.0012699086,0.21944432,0.24357791,0.33853897,0.32745153,0.6544789,0.55198365,0.78448373,0.77137506,0.17466299,0.9366575,0.0,0.66694534,0.0022277688,0.5679916,0.7839958,1.0,0.0,0.0,0.26086956,0.0,0.70511127,0.53699636,0.35,0.7,0.48999998,0.35,0.95,0.15,0.55,0.85,-1.0,1.56,2020-05-11T06:00:00,EURUSD,H1,2,SELL,-12.889979873245139,21,"hit_tp=False,hit_sl=True,regime=2"
-0.0021569254,-0.00013285718,-0.0025178352,-0.0028405827,0.2567187,0.2908028,0.30176803,0.3410064,0.7309356,0.51790285,0.61372244,0.45339704,0.21653938,-0.041348446,0.0,0.73790807,0.0024579535,0.46242043,0.73121023,1.0,0.0,0.0,0.3478261,0.16666667,0.6754065,0.31006333,0.35,0.7,0.48999998,0.35,0.95,0.15,0.55,0.85,-1.0,1.56,2020-05-12T08:00:00,EURUSD,H1,2,SELL,-11.743996693289738,28,"hit_tp=False,hit_sl=True,regime=2"
-0.0005118461,0.0023403347,0.0036570274,0.005236817,0.54079986,0.3993343,0.3486195,0.34563377,0.65777576,0.5243022,0.7931621,0.6230284,0.16195051,0.09512371,0.0,0.8211987,0.0025708762,0.48445493,0.74222744,1.0,0.0,0.0,0.5652174,0.33333334,0.7295163,0.68699557,0.35,0.7,0.48999998,0.35,0.95,0.15,0.55,0.85,-1.0,1.3,2020-05-13T13:00:00,EURUSD,H1,2,SELL,-11.378628030398463,6,"hit_tp=False,hit_sl=True,regime=2"
-0.003205713,-0.011662063,-0.008327087,-0.004593236,0.36401138,0.30647603,0.44624412,0.3493474,0.6116211,0.497403,0.39841083,0.306757,0.25243342,1.1310836,0.0,0.5658376,0.0022862828,0.5209675,0.76048374,1.0,0.0,0.0,0.9130435,0.33333334,0.48607194,0.3953002,0.35,0.7,0.48999998,0.35,0.95,0.15,0.55,0.85,-1.0,1.56,2020-05-13T21:00:00,EURUSD,H1,2,SELL,-14.189668669672972,34,"hit_tp=False,hit_sl=True,regime=2"
0.003215958,0.00387291,0.0102161635,0.010545753,0.20883477,0.32141528,0.29023457,0.35077155,0.4616325,0.52725005,0.79201156,0.85764617,0.16526218,0.91315544,0.0,0.5328777,0.0021787588,0.535552,0.767776,1.0,0.0,0.0,0.8695652,0.6666667,0.6535075,0.54923433,0.35,0.7,0.48999998,0.35,0.95,0.15,0.55,0.85,1.0,1.9500000000000002,2020-05-15T20:00:00,EURUSD,H1,2,SELL,22.42503042606092,10,"hit_tp=True,hit_sl=False,regime=2"
-0.0009866611,0.0083715925,0.008214837,0.009721131,0.45893055,0.36736533,0.34324524,0.3235374,0.74212134,0.5725487,0.72792166,0.6604694,0.1397304,0.15067402,0.0,0.8004259,0.002656778,0.42720565,0.71360284,1.0,0.0,0.0,0.13043478,0.0,0.750387,0.4043566,0.35,0.7,0.48999998,0.35,0.95,0.15,0.55,0.85,1.0,1.9500000000000002,2020-05-18T03:00:00,EURUSD,H1,2,SELL,22.010161489141034,16,"hit_tp=True,hit_sl=False,regime=2"
-0.0010838027,0.0027491478,0.004855228,0.008412307,0.19302186,0.27320236,0.24059094,0.2592888,0.75500035,0.5530072,0.83210796,0.6694889,0.14143963,0.8535991,0.0,0.8577406,0.0024795146,0.5616118,0.7808059,1.0,0.0,0.0,0.8695652,0.6666667,0.8033811,0.49890715,0.35,0.7,0.48999998,0.35,0.95,0.15,0.55,0.85,-1.0,1.3,2020-05-22T20:00:00,EURUSD,H1,2,SELL,-10.57768646329782,9,"hit_tp=False,hit_sl=True,regime=2"
0.00091560825,-0.008461513,-0.008789625,0.0011198125,0.22807492,0.22088234,0.23453204,0.2481862,0.55963504,0.47164673,0.43406335,0.2010364,0.1719923,0.07001924,0.0,0.5642115,0.0027724435,0.5237383,0.76186913,1.0,0.0,0.0,0.73913044,0.8333333,0.6177746,0.32951224,0.35,0.7,0.48999998,0.35,0.95,0.15,0.55,0.85,-1.0,1.3,2020-05-23T17:00:00,EURUSD,H1,2,SELL,-10.019878601303933,7,"hit_tp=False,hit_sl=True,regime=2"
-0.0027860864,-0.0007636517,0.007203382,0.0052730273,0.2203634,0.2927005,0.30098176,0.28012115,0.4596384,0.4614964,0.4182132,0.65190715,0.17882927,0.05292684,0.0,0.43616605,0.0027641747,0.4584004,0.7292002,1.0,0.0,0.0,0.08695652,1.0,0.59991103,0.43949518,0.35,0.7,0.48999998,0.35,0.95,0.15,0.55,0.85,-1.0,1.3,2020-05-24T02:00:00,EURUSD,H1,2,SELL,-10.588225806928975,5,"hit_tp=False,hit_sl=True,regime=2"
-0.0045670182,-0.0036425833,0.0017209058,7.884987e-05,0.23221101,0.22543772,0.25555265,0.30273864,0.5578857,0.4999429,0.5623801,0.46058905,0.20671125,-0.016778119,0.0,0.73632914,0.002844495,0.40784308,0.70392156,1.0,0.0,0.0,0.5652174,1.0,0.6845622,0.53147143,0.35,0.7,0.48999998,0.35,0.95,0.15,0.55,0.85,-1.0,1.3,2020-05-24T13:00:00,EURUSD,H1,2,SELL,-10.197428339904224,8,"hit_tp=False,hit_sl=True,regime=2"
0.0061823367,-0.0014317208,0.0050358432,0.010685375,0.4961499,0.43305182,0.3594772,0.3075149,0.5394392,0.49656326,0.6765805,0.483362,0.31439337,1.2859834,0.0,0.51812524,0.0020263316,0.5951247,0.79756236,1.0,0.0,0.0,1.0,1.0,0.57527876,0.48110718,0.35,0.7,0.48999998,0.35,0.95,0.15,0.55,0.85,-1.0,1.3,2020-05-24T23:00:00,EURUSD,H1,2,SELL,-12.048432570812562,13,"hit_tp=False,hit_sl=True,regime=2"
-0.0003115146,0.0007169644,0.012856112,0.013979296,0.32603166,0.30024195,0.29181582,0.31297952,0.78049284,0.5679568,0.78929234,0.6660774,0.26033866,-0.15084666,0.0,0.6369365,0.0026998552,0.42841044,0.7142052,1.0,0.0,0.0,0.65217394,0.0,0.8162195,0.4678771,0.35,0.7,0.48999998,0.35,0.95,0.15,0.55,0.85,-1.0,1.3,2020-05-25T15:00:00,EURUSD,H1,2,SELL,-10.800750746484677,6,"hit_tp=False,hit_sl=True,regime=2"
0.0011485098,0.0052763266,0.000240664,0.010313482,0.42467237,0.3547369,0.32389474,0.3027949,0.66251165,0.5130921,0.69267327,0.5395357,0.2810632,-0.202658,0.0,0.45272383,0.0027888764,0.5172051,0.75860256,1.0,0.0,0.0,0.95652175,0.0,0.7302085,0.6528691,0.35,0.7,0.48999998,0.35,0.95,0.15,0.55,0.85,-1.0,1.56,2020-05-25T22:00:00,EURUSD,H1,2,SELL,-10.480982927476568,66,"hit_tp=False,hit_sl=True,regime=2"
0.005170761,0.000546099,0.0062432922,0.0065930355,0.2799581,0.36176693,0.32325482,0.28064722,0.7093628,0.5434294,0.9928583,0.69799954,0.2003016,1.000754,0.0,0.55401415,0.0019080096,0.40262872,0.7013144,1.0,0.0,0.0,0.5217391,0.8333333,0.8140342,0.4831882,0.35,0.7,0.48999998,0.35,0.95,0.15,0.55,0.85,-1.0,1.3,2020-05-30T12:00:00,EURUSD,H1,2,SELL,-11.073407962629567,4,"hit_tp=False,hit_sl=True,regime=2"
0.0030950806,0.0059754886,0.0051940023,0.014000512,0.39237225,0.36531043,0.39179382,0.38758343,0.7629301,0.54435015,0.66368735,0.46596235,0.22487192,-0.062179815,0.0,0.860245,0.003415514,0.46668896,0.7333445,1.0,0.0,0.0,0.17391305,1.0,0.7550026,0.5663138,0.35,0.7,0.48999998,0.35,0.95,0.15,0.55,0.85,1.0,2.34,2020-05-31T04:00:00,EURUSD,H1,2,SELL,24.903294330755887,30,"hit_tp=True,hit_sl=False,regime=2"
-0.001603595,0.0027737075,0.0032583503,0.0128051685,0.29859763,0.3284815,0.3293065,0.27357572,0.66420126,0.55261487,0.87688375,0.7245904,0.15030631,0.8757658,0.0,0.7183504,0.0025105975,0.517088,0.758544,1.0,0.0,0.0,0.7826087,0.16666667,0.70876914,0.5702956,0.35,0.7,0.48999998,0.35,0.95,0.15,0.55,0.85,1.0,2.34,2020-06-02T18:00:00,EURUSD,H1,2,SELL,20.025706226509676,35,"hit_tp=True,hit_sl=False,regime=2"
-0.0010335322,-0.0010915265,0.00853166,0.006881196,0.4351151,0.47995365,0.4625753,0.3831178,0.72894,0.5633218,0.83364356,0.6467077,0.14037135,0.8509284,0.0,0.69475615,0.0013483277,0.58424914,0.79212457,1.0,0.0,0.0,0.26086956,0.6666667,0.7766123,0.5582446,0.35,0.7,0.48999998,0.35,0.95,0.15,0.55,0.85,-1.0,1.3,2020-06-05T06:00:00,EURUSD,H1,2,SELL,-15.521501746695865,17,"hit_tp=False,hit_sl=True,regime=2"
-0.0032509938,0.0012763817,0.004943919,0.0033343094,0.25327632,0.2957607,0.34857062,0.347002,0.7018921,0.49588966,0.6192699,0.5653682,0.1719923,0.07001924,0.0,0.7095419,0.0035307962,0.43971255,0.71985626,1.0,0.0,0.0,0.73913044,0.8333333,0.73018837,0.47186247,0.35,0.7,0.48999998,0.35,0.95,0.15,0.55,0.85,1.0,1.9500000000000002,2020-06-06T17:00:00,EURUSD,H1,2,SELL,22.37455359608731,20,"hit_tp=True,hit_sl=False,regime=2"
0.003909359,0.012071605,0.013630452,0.015769618,0.39291576,0.41779202,0.4542965,0.38383684,0.46404392,0.550285,0.81506246,0.8544024,0.24719888,1.1179972,0.0,0.33091357,0.0016928498,0.5993826,0.79969126,1.0,0.0,0.0,0.26086956,0.33333334,0.60321516,0.45243526,0.35,0.7,0.48999998,0.35,0.95,0.15,0.55,0.85,-1.0,1.3,2020-06-10T06:00:00,EURUSD,H1,2,SELL,-16.52769276641708,15,"hit_tp=False,hit_sl=True,regime=2"
