f0,f1,f2,f3,f4,f5,f6,f7,f8,f9,f10,f11,f12,f13,f14,f15,f16,f17,f18,f19,f20,f21,f22,f23,f24,f25,f26,f27,f28,f29,f30,f31,f32,f33,label,weight,timestamp,symbol,timeframe,regime,trade_type,profit_pips,duration_bars,notes
0.0011588095,-0.0005481058,-0.0002110495,-0.0066774464,0.39210942,0.5123008,0.40433457,0.3396163,0.5325719,0.4925241,0.12105877,0.21056004,0.20169732,0.6673001,0.0,0.39720422,0.00060045597,0.57005143,0.7850257,0.0,1.0,0.0,0.8535534,0.8535534,0.40833142,0.6321637,0.6993069,0.8,1.0,0.100693114,0.35016873,0.0,0.0,0.61708236,1.0,3.9000000000000004,2020-01-03T03:00:00,EURUSD,H1,3,BUY,8.795034974813376,9,"hit_tp=True,hit_sl=False,regime=3"
-0.0009307404,-0.0025611066,0.0029681297,0.0043423716,0.3226109,0.36974478,0.3274582,0.3712597,0.73642963,0.58070993,0.73411965,0.69140816,0.18717532,0.3678503,0.0,0.6495561,0.0012269949,0.41493323,0.7074666,0.0,1.0,0.0,0.14644662,0.14644662,0.793903,0.55028975,0.6,0.8566736,1.0,0.25667357,0.35554352,0.0,0.0,0.46902734,1.0,3.9000000000000004,2020-01-03T15:00:00,EURUSD,H1,3,BUY,9.806234405853598,11,"hit_tp=True,hit_sl=False,regime=3"
0.0035436717,0.0031970532,0.0016865678,-0.005165381,0.2960035,0.25218055,0.3165452,0.34713742,0.61640036,0.466077,0.47563708,0.38254184,0.18460292,0.63584775,0.0,0.59073895,0.0018091159,0.5058497,0.75292486,0.0,1.0,0.0,0.5,0.0,0.51414126,0.5065096,1.0,0.39430618,0.78861237,0.6056938,0.366608,0.0,0.0,0.59369576,-1.0,1.6900000000000002,2020-01-04T12:00:00,EURUSD,H1,3,BUY,-8.424621554097289,15,"hit_tp=False,hit_sl=True,regime=3"
0.002537031,0.001884758,-0.0013311192,-0.00788473,0.32012957,0.31709674,0.37066475,0.34034777,0.24010924,0.37241545,0.21479324,0.21230514,0.19785666,0.68006563,0.0,0.4581135,0.0010370852,0.9300268,0.9650134,0.0,1.0,0.0,0.9829629,0.62940955,0.14999926,0.49134013,1.0,0.38806334,0.7761267,0.6119367,0.3715753,0.0,0.43109453,0.4376445,1.0,5.0,2020-01-05T05:00:00,EURUSD,H1,3,BUY,10.9757719373893,7,"hit_tp=True,hit_sl=False,regime=3"
-0.001132242,0.0030041337,0.002472383,0.003485877,0.14268093,0.27964288,0.3153069,0.3410764,0.6094257,0.5206492,0.65360355,0.679364,0.25178424,0.31531224,0.0,0.59632355,0.001001075,0.8685566,0.9342783,0.0,1.0,0.0,0.25,0.9330127,0.7023871,0.5860599,1.0,0.6512737,1.0,0.3487263,0.36937758,0.0,0.0,0.51713705,-1.0,1.6900000000000002,2020-01-05T22:00:00,EURUSD,H1,3,BUY,-9.036089454130813,18,"hit_tp=False,hit_sl=True,regime=3"
0.0046002553,0.0024608667,0.004075851,0.0028953957,0.6600045,0.46068752,0.35483748,0.34038746,0.29837194,0.4723216,0.3015851,0.59339315,0.19524175,0.64764214,0.0,0.30489847,0.00056838733,0.47914678,0.7395734,0.0,1.0,0.0,0.9330127,0.75,0.26240292,0.43621832,1.0,0.90459514,1.0,0.09540487,0.4000805,0.0,0.48200467,0.73039055,-1.0,1.3,2020-01-07T04:00:00,EURUSD,H1,3,BUY,-7.14356882663969,5,"hit_tp=False,hit_sl=True,regime=3"
6.8622714e-05,0.004187018,-0.0002755655,-0.0044917115,0.38945803,0.3149311,0.3886545,0.3164086,0.3633139,0.5103939,0.33969197,0.49427935,0.13410616,0.6310057,0.0,0.251985,0.0006113981,0.46238005,0.73119,0.0,1.0,0.0,0.75,0.0669873,0.33939973,0.5714933,0.43319035,0.6,0.51982844,0.16680965,0.37792838,0.0,0.0,0.4047611,1.0,3.9000000000000004,2020-01-07T10:00:00,EURUSD,H1,3,BUY,8.894532057119875,18,"hit_tp=True,hit_sl=False,regime=3"
0.0017895697,-0.0006171817,-0.0052229455,2.5766963e-06,0.4975697,0.39136407,0.34480512,0.3264738,0.57951254,0.55838966,0.55433226,0.4240927,0.13799126,0.6364227,0.0,0.53636706,0.0010295722,0.94219357,0.9710968,0.0,1.0,0.0,0.9829629,0.62940955,0.57612836,0.43277094,0.6882417,0.6817696,0.93844455,0.0064721345,0.35396814,0.0,0.0,0.32196176,1.0,5.0,2020-01-08T05:00:00,EURUSD,H1,3,BUY,8.360482802576286,12,"hit_tp=True,hit_sl=False,regime=3"
0.0018577317,0.0037514092,0.006680318,0.0021231933,0.30556175,0.36716324,0.32977363,0.31546432,0.3848214,0.4095236,0.3975984,0.6639405,0.12307692,0.6291957,0.0,0.44929004,0.0013141504,0.74847394,0.87423694,0.0,1.0,0.0,0.9330127,0.25,0.34656802,0.45842892,1.0,0.13207848,0.26415697,0.86792153,0.35315242,0.0,0.0,0.7668943,-1.0,2.028,2020-01-09T08:00:00,EURUSD,H1,3,BUY,-6.027327792206272,24,"hit_tp=False,hit_sl=True,regime=3"
0.0032322325,0.0044824793,0.0012186134,-0.00346955,0.58855516,0.47753257,0.39750874,0.3886213,0.4545794,0.44464147,0.2005047,0.39126042,0.25288376,0.67092377,0.0,0.4714139,0.0006814107,0.893775,0.9468875,0.0,1.0,0.0,0.8535534,0.14644662,0.23530696,0.4704053,0.6432817,0.0,0.0,0.6432817,0.37329763,0.0,0.0,0.65037733,1.0,5.0,2020-01-10T09:00:00,EURUSD,H1,3,BUY,9.962782945860393,23,"hit_tp=True,hit_sl=False,regime=3"
0.0044566584,0.0059701884,0.0025740552,0.00068059616,0.4652415,0.39634967,0.33539346,0.35517046,0.3443555,0.4389054,0.2979785,0.41698813,0.20574257,0.6256113,0.0,0.12772967,0.0005685284,0.67723393,0.83861697,0.0,1.0,0.0,0.0669873,0.25,0.22565523,0.53894347,0.6404475,0.0,0.0,0.6404475,0.38444373,0.0,0.0,0.6855252,-1.0,2.028,2020-01-13T16:00:00,EURUSD,H1,3,BUY,-7.449951185334314,25,"hit_tp=False,hit_sl=True,regime=3"
-0.0021211805,0.004201389,0.0028159206,-0.001828249,0.43825185,0.30625895,0.32051986,0.33798805,0.46107796,0.48055145,0.46026695,0.4756607,0.29469025,0.23830718,0.0,0.56589854,0.00056238467,0.6325325,0.81626624,0.0,1.0,0.0,0.0,0.5,0.498258,0.61891717,0.8,0.844012,1.0,0.04401203,0.36943376,0.0,0.0,0.52950794,-1.0,1.56,2020-01-14T18:00:00,EURUSD,H1,3,BUY,-7.870383152051019,21,"hit_tp=False,hit_sl=True,regime=3"
0.0039846855,0.0029089663,0.0028491968,-0.0030443252,0.35278335,0.5233066,0.37822872,0.31450024,0.39809224,0.49176434,0.26423693,0.32058042,0.27769163,0.69610876,0.0,0.5099041,0.00049793004,0.7393052,0.86965257,0.0,1.0,0.0,0.0669873,0.25,0.27966264,0.5826135,1.0,0.15528986,0.31057972,0.8447102,0.38822463,0.0,0.0,0.6,1.0,5.0,2020-01-15T16:00:00,EURUSD,H1,3,BUY,8.96143528749338,12,"hit_tp=True,hit_sl=False,regime=3"
-0.006285843,-0.004345268,-0.0037441126,-0.00029233223,0.46078932,0.42139938,0.3071218,0.3077729,0.68546593,0.55454904,0.6898954,0.5347642,0.25123152,0.34617805,0.0,0.8035387,0.0012621488,0.5983502,0.7991751,0.0,1.0,0.0,0.62940955,0.017037086,0.7716669,0.37661028,0.6557958,1.0,1.0,0.34420416,0.36530334,0.0,0.0,0.6,-1.0,2.028,2020-01-16T11:00:00,EURUSD,H1,3,BUY,-6.874550323263673,69,"hit_tp=False,hit_sl=True,regime=3"
0.0009311196,0.0031069817,0.003157273,0.00046316852,0.21807285,0.19237818,0.29649785,0.3428271,0.5741904,0.5307032,0.4522832,0.3916656,0.17847897,0.6386371,0.0,0.57262295,0.000733141,0.726481,0.86324054,0.0,1.0,0.0,0.9330127,0.75,0.51321274,0.3930094,0.64048034,0.38320205,0.49086675,0.25727826,0.3802959,0.0,0.0,0.7769669,1.0,5.0,2020-01-20T04:00:00,EURUSD,H1,3,BUY,6.869976081156359,10,"hit_tp=True,hit_sl=False,regime=3"
0.0015165937,0.0027269216,4.914655e-05,0.0009409609,0.3584526,0.42535505,0.4354208,0.33903608,0.7844354,0.55614907,0.6443981,0.4577796,0.14071295,0.63391095,0.0,0.7810868,0.001381572,0.6071151,0.8035575,0.0,1.0,0.0,0.14644662,0.8535534,0.67038554,0.38054988,0.9226005,0.0,0.0,0.9226005,0.36099154,0.0,0.0,0.5683742,1.0,5.0,2020-01-20T21:00:00,EURUSD,H1,3,BUY,9.463679878933817,22,"hit_tp=True,hit_sl=False,regime=3"
-0.0021261277,-0.0019458223,-0.003679394,-0.0007724255,0.33863333,0.3211959,0.312988,0.31135324,0.6897176,0.5291465,0.6764389,0.4588332,0.25897437,0.33247724,0.0,0.67963254,0.0015543085,0.39696223,0.69848114,0.0,1.0,0.0,0.14644662,0.8535534,0.73946106,0.5074685,0.6702666,1.0,1.0,0.3297334,0.39013335,0.0,0.0,0.7157357,-1.0,1.3,2020-01-21T21:00:00,EURUSD,H1,3,BUY,-5.85641394281966,3,"hit_tp=False,hit_sl=True,regime=3"
0.001485766,0.0051001743,0.00559624,0.0040519657,0.29848328,0.3052734,0.3529114,0.33311152,0.3706301,0.4102719,0.39151248,0.5525534,0.18102288,0.65944934,0.0,0.46486372,0.0012325675,0.73222476,0.86611235,0.0,1.0,0.0,0.9829629,0.62940955,0.3879934,0.52562183,0.8650988,0.12318618,0.21313642,0.7419126,0.35869515,0.0,0.0,0.7593288,1.0,5.0,2020-01-22T05:00:00,EURUSD,H1,3,BUY,8.148894332828949,6,"hit_tp=True,hit_sl=False,regime=3"
-0.002422488,-0.0019932683,0.0058144103,-0.001212684,0.5358694,0.41762954,0.3990014,0.38719565,0.54718363,0.4601048,0.42624354,0.42026147,0.17520767,0.33444312,0.0,0.402644,0.00093028764,0.9545326,0.9772663,0.0,1.0,0.0,0.25,0.9330127,0.5753271,0.55063087,0.5189111,1.0,1.0,0.48108885,0.38397664,0.0,0.0,0.3363886,-1.0,1.6900000000000002,2020-01-22T22:00:00,EURUSD,H1,3,BUY,-8.956737561254258,10,"hit_tp=False,hit_sl=True,regime=3"
0.002062658,0.0060209595,0.00935692,0.0042197574,0.2846235,0.30521238,0.30853164,0.333664,0.5204729,0.5189397,0.8685299,0.6455954,0.119050376,0.6187307,0.0,0.31449988,0.00084933673,0.9609195,0.98045975,0.0,1.0,0.0,0.0669873,0.25,0.52154934,0.5881922,0.6902721,0.0,0.0,0.6902721,0.35345954,0.0,0.0,0.73231333,1.0,5.0,2020-01-23T16:00:00,EURUSD,H1,3,BUY,7.96979821133581,17,"hit_tp=True,hit_sl=False,regime=3"
-0.0019884733,-0.0007371516,-0.0013405506,-0.0036042735,0.21535626,0.22192697,0.2692699,0.322759,0.58656186,0.43955788,0.39822194,0.2613976,0.21613115,0.2979651,0.0,0.729404,0.0020346004,0.4050189,0.70250946,0.0,1.0,0.0,0.8535534,0.8535534,0.5887394,0.53976846,0.6765141,0.9959123,1.0,0.31939825,0.39824548,0.0,0.0,0.71043634,-1.0,1.3,2020-01-25T03:00:00,EURUSD,H1,3,BUY,-6.244506231327662,8,"hit_tp=False,hit_sl=True,regime=3"
0.0010493603,0.00063316704,0.0015341617,0.0003788229,0.6680165,0.5556664,0.44610843,0.33700845,0.3275367,0.39841077,0.2994943,0.4836926,0.19818309,0.66456187,0.0,0.39420906,0.001314745,0.8136085,0.90680426,0.0,1.0,0.0,0.14644662,0.14644662,0.27218282,0.48902512,0.9202349,0.27472955,0.50563145,0.64550537,0.35437343,0.0,0.0,0.66605484,-1.0,1.6900000000000002,2020-01-25T15:00:00,EURUSD,H1,3,BUY,-7.4735465665765055,6,"hit_tp=False,hit_sl=True,regime=3"
-0.0012738613,-0.00041451998,-0.0009862288,0.0063731787,0.19070068,0.2714415,0.33201846,0.36575124,0.51710033,0.5464878,0.7734166,0.8174441,0.18523173,0.35157254,0.0,0.5756566,0.0008030895,0.9731945,0.98659724,0.0,1.0,0.0,0.9829629,0.62940955,0.7125711,0.7565755,1.0,0.7470564,1.0,0.25294355,0.3863669,0.0,0.0,0.6825635,-1.0,1.6900000000000002,2020-01-26T05:00:00,EURUSD,H1,3,BUY,-6.694790205101775,15,"hit_tp=False,hit_sl=True,regime=3"
0.0011773009,0.0013794989,-0.00039811514,0.0019600368,0.34102485,0.4335753,0.35595942,0.3337765,0.3631352,0.47810575,0.3264338,0.51823175,0.30100697,0.7230951,0.0,0.40635508,0.00045858684,0.63494337,0.8174717,0.0,1.0,0.0,0.62940955,0.9829629,0.3042469,0.41791967,0.41347858,0.6,0.4961743,0.18652141,0.41347858,0.0,0.0,0.6237419,1.0,5.0,2020-01-27T01:00:00,EURUSD,H1,3,BUY,8.143149552561901,7,"hit_tp=True,hit_sl=False,regime=3"
-0.0018465914,-0.0044154073,0.0006983031,0.0035439814,0.62221044,0.5089501,0.47342888,0.39225155,0.6186683,0.56013423,0.8166573,0.60495275,0.17261809,0.3719939,0.0,0.5650713,0.0006533808,0.97152865,0.9857643,0.0,1.0,0.0,0.8535534,0.14644662,0.7689104,0.4608291,0.79257023,0.26833165,0.42534336,0.5242386,0.36798206,0.0,0.0,0.51625764,-1.0,2.028,2020-01-27T09:00:00,EURUSD,H1,3,BUY,-9.878577049435844,24,"hit_tp=False,hit_sl=True,regime=3"
0.002337824,0.00543156,0.004118782,-0.003441136,0.22001374,0.31038675,0.37727234,0.3072975,0.25054863,0.43661958,0.3104925,0.2861809,0.18702702,0.6875957,0.0,0.2446127,0.00044157723,0.45453444,0.7272672,0.0,1.0,0.0,0.0669873,0.25,0.24640776,0.54307514,0.7142458,0.23731263,0.3389991,0.47693315,0.39552104,0.0,0.0,0.6080214,1.0,5.0,2020-01-28T16:00:00,EURUSD,H1,3,BUY,10.60324169968263,16,"hit_tp=True,hit_sl=False,regime=3"
0.0027729606,0.0017282938,-0.0010832333,-0.0014010333,0.21294537,0.2266568,0.2963688,0.29156008,0.71701634,0.5194941,0.52145547,0.25014955,0.20383598,0.6741684,0.0,0.55940115,0.0012636833,0.5832262,0.7916131,0.0,1.0,0.0,0.0669873,0.25,0.56445175,0.549673,0.9424378,0.6,1.0,0.3424378,0.3836986,0.0,0.0,0.45097056,-1.0,2.028,2020-01-29T16:00:00,EURUSD,H1,3,BUY,-7.461184045101099,36,"hit_tp=False,hit_sl=True,regime=3"
-0.0013952439,0.00016044246,-0.00148128,0.0048724916,0.1787149,0.22278027,0.31116733,0.2943393,0.51038224,0.5650123,0.72918504,0.7827926,0.34932038,0.28922462,0.0,0.68104595,0.0010661333,0.7644383,0.88221914,0.0,1.0,0.0,0.75,0.0669873,0.7581614,0.47071305,0.4,0.39435866,0.3154869,0.005641349,0.39435866,0.0,0.0,0.58228,-1.0,1.6900000000000002,2020-01-31T10:00:00,EURUSD,H1,3,BUY,-6.461350180388958,4,"hit_tp=False,hit_sl=True,regime=3"
-0.0021233603,-0.0014356282,0.003969567,-0.0039920053,0.5754125,0.44712773,0.3418579,0.3282245,0.6004264,0.5062486,0.5778459,0.55812687,0.14602114,0.34778625,0.0,0.70014566,0.00090355397,0.95302486,0.97651243,0.0,1.0,0.0,0.0669873,0.25,0.6131609,0.5043656,0.5495019,1.0,1.0,0.4504981,0.3511535,0.0,0.0,0.35508254,1.0,5.0,2020-01-31T16:00:00,EURUSD,H1,3,BUY,10.606174741782937,13,"hit_tp=True,hit_sl=False,regime=3"
0.0010767488,0.0013310445,0.0013718456,-0.00054182694,0.2459211,0.2955592,0.34602168,0.32804707,0.42094076,0.45316282,0.33026975,0.3664674,0.30410698,0.68858,0.0,0.48016343,0.0002851237,0.449712,0.724856,0.0,1.0,0.0,0.8535534,0.8535534,0.28228277,0.65632087,0.40544906,0.0,0.0,0.40544906,0.40544906,0.0,0.0,1.0,1.0,5.0,2020-02-03T03:00:00,EURUSD,H1,3,BUY,8.835581696999828,25,"hit_tp=True,hit_sl=False,regime=3"
-8.500918e-05,-0.00069150486,-0.0006199293,0.0029927995,0.55720794,0.5155639,0.43767026,0.36599788,0.5369243,0.537028,0.7782791,0.6754097,0.20135593,0.35964608,0.0,0.5029046,0.001470359,0.421061,0.7105305,0.0,1.0,0.0,0.0669873,0.75,0.746734,0.51413953,0.63740903,0.8,1.0,0.162591,0.39674437,0.0,0.0,0.4668389,-1.0,1.3,2020-02-04T20:00:00,EURUSD,H1,3,BUY,-7.722490750103894,5,"hit_tp=False,hit_sl=True,regime=3"
0.00072819134,-0.0019133646,-0.0014416359,0.003548803,0.18530506,0.19860865,0.29911962,0.33861637,0.20293148,0.42001027,0.3291685,0.5067471,0.24740608,0.6689196,0.0,0.14090562,0.00060011976,0.6011787,0.8005893,0.0,1.0,0.0,0.9330127,0.25,0.29688329,0.6159967,0.68467283,0.8,1.0,0.11532714,0.40735966,0.0,0.0,0.5137257,-1.0,1.6900000000000002,2020-02-05T08:00:00,EURUSD,H1,3,BUY,-8.158183861537438,14,"hit_tp=False,hit_sl=True,regime=3"
0.0040783407,0.0030260806,0.005018021,0.008060363,0.46825975,0.44088414,0.3852005,0.35200185,0.3445905,0.54676694,0.43587193,0.7093941,0.12852386,0.63481724,0.0,0.41525954,0.0007741699,0.4746902,0.7373451,0.0,1.0,0.0,0.14644662,0.14644662,0.34442282,0.60127264,1.0,0.24448924,0.48897848,0.75551075,0.36317313,0.0,0.0,0.7435842,-1.0,2.028,2020-02-07T15:00:00,EURUSD,H1,3,BUY,-9.771936891160848,24,"hit_tp=False,hit_sl=True,regime=3"
0.0010955875,0.0024602013,0.004195603,0.0013375073,0.32521656,0.30308178,0.2704438,0.27634603,0.253189,0.4360612,0.34172466,0.5076487,0.15614702,0.64039695,0.0,0.37927678,0.0003847188,0.36994556,0.68497276,0.0,1.0,0.0,0.0,0.5,0.27623096,0.39870805,1.0,0.13077407,0.26154813,0.8692259,0.38448152,0.0,0.0,0.7567006,1.0,5.0,2020-02-08T18:00:00,EURUSD,H1,3,BUY,7.28171742360173,16,"hit_tp=True,hit_sl=False,regime=3"
-0.0020251712,-1.8351984e-05,0.00206254,0.008384385,0.34009945,0.33187583,0.33339825,0.33883876,0.58473825,0.6212728,0.85981685,0.7801914,0.13143438,0.34525177,0.0,0.72723037,0.0009903263,0.7192642,0.85963213,0.0,1.0,0.0,0.62940955,0.017037086,0.88472533,0.37788993,0.4053737,0.0,0.0,0.4053737,0.3799823,0.5429906,0.0,0.3987909,-1.0,1.6900000000000002,2020-02-09T11:00:00,EURUSD,H1,3,BUY,-7.41905988951741,17,"hit_tp=False,hit_sl=True,regime=3"
0.0021957,-0.0012514661,0.0007714141,-0.00054755626,0.66605645,0.54897785,0.38585064,0.32146594,0.4066975,0.47044456,0.21798027,0.48824012,0.16217494,0.6197039,0.0,0.3924015,0.00058216444,0.7525745,0.8762872,0.0,1.0,0.0,1.0,0.5,0.2679335,0.47429797,0.53803766,0.6271956,0.67490965,0.089157924,0.37777197,0.0,0.0,0.571847,1.0,5.0,2020-02-10T06:00:00,EURUSD,H1,3,BUY,8.364962855309521,4,"hit_tp=True,hit_sl=False,regime=3"
0.0010492728,0.0003076797,0.00063385017,0.009186777,0.18990736,0.4202179,0.53435403,0.3899555,0.73695964,0.6004717,0.781459,0.6930026,0.12881571,0.6189667,0.0,0.64420074,0.0012299591,0.46222556,0.7311128,0.0,1.0,0.0,0.37059048,0.017037086,0.8087124,0.6506861,0.9313632,0.70314527,1.0,0.22821796,0.38133198,0.0,0.0,0.6973803,-1.0,1.3,2020-02-10T13:00:00,EURUSD,H1,3,BUY,-10.118811726405053,11,"hit_tp=False,hit_sl=True,regime=3"
0.0018912945,0.00016029322,-0.0005105633,0.0023285837,0.33965075,0.48621562,0.43080932,0.3555869,0.48515847,0.50260526,0.60570115,0.56075543,0.18085366,0.685318,0.0,0.43426847,0.0009405404,0.82441616,0.9122081,0.0,1.0,0.0,0.9330127,0.25,0.41799876,0.39749372,0.514987,0.44242448,0.45568568,0.0725625,0.38858604,0.0,0.0,0.46431836,1.0,5.0,2020-02-11T08:00:00,EURUSD,H1,3,BUY,10.841277083932788,5,"hit_tp=True,hit_sl=False,regime=3"
-0.001703233,0.00135089,0.00449942,0.008518244,0.50880885,0.5445255,0.4319702,0.38888833,0.8140975,0.5795312,0.90504044,0.67649865,0.20034721,0.35010728,0.0,0.7443746,0.001358094,0.5640565,0.78202826,0.0,1.0,0.0,0.25,0.0669873,0.9489906,0.35779473,0.49035376,0.38308454,0.3756939,0.10726922,0.3992259,0.0,0.0,0.3292859,-1.0,1.56,2020-02-11T14:00:00,EURUSD,H1,3,BUY,-11.670848033191739,32,"hit_tp=False,hit_sl=True,regime=3"
0.0019408917,0.0014524037,8.933296e-05,0.0034568994,0.36661822,0.4415138,0.41507697,0.36671877,0.42350003,0.5012694,0.3700268,0.5401853,0.17670754,0.62753505,0.0,0.3545519,0.0006499263,0.7004978,0.85024893,0.0,1.0,0.0,0.14644662,0.8535534,0.32659838,0.50553703,1.0,0.7368563,1.0,0.2631437,0.4065592,0.0,0.0,0.50706685,-1.0,2.028,2020-02-13T21:00:00,EURUSD,H1,3,BUY,-9.171850281954885,80,"hit_tp=False,hit_sl=True,regime=3"
0.0046400893,0.0021377169,0.0005317924,-0.0036935997,0.646227,0.43277204,0.35423312,0.35009217,0.31943396,0.4331138,0.19596258,0.4288507,0.2827027,0.6834109,0.0,0.3882062,0.000595723,0.6461364,0.8230682,0.0,1.0,0.0,0.9330127,0.25,0.09029379,0.5084522,0.80907905,0.0,0.0,0.80907905,0.38258886,0.0,0.41251418,0.51824003,1.0,5.0,2020-02-17T08:00:00,EURUSD,H1,3,BUY,10.202272192392225,20,"hit_tp=True,hit_sl=False,regime=3"
-0.0045673377,-0.0031434398,-0.0012895482,-0.0027755743,0.7202742,0.5562476,0.41772798,0.3769226,0.32404736,0.4245938,0.33184206,0.45527354,0.19178082,0.31997964,0.0,0.37966734,0.0009499603,0.89000523,0.9450026,0.0,1.0,0.0,0.5,1.0,0.35088,0.3381836,0.45051655,1.0,0.9010331,0.5494834,0.39750424,0.0,0.0,0.54930305,1.0,5.0,2020-02-19T00:00:00,EURUSD,H1,3,BUY,12.69257785116995,49,"hit_tp=True,hit_sl=False,regime=3"
0.0015924672,0.0020153318,-0.00070979976,-0.00381234,0.151656,0.20097004,0.31019005,0.32477456,0.49177077,0.4722996,0.33855355,0.14613764,0.14147615,0.63478947,0.0,0.4065845,0.0011265181,0.9179086,0.9589543,0.0,1.0,0.0,0.8535534,0.14644662,0.4777635,0.45781076,0.70414996,0.27032885,0.38070408,0.43382114,0.39831057,0.0,0.0,0.6015583,-1.0,1.6900000000000002,2020-02-21T09:00:00,EURUSD,H1,3,BUY,-8.8225252215679,12,"hit_tp=False,hit_sl=True,regime=3"
0.0019776174,0.0030086245,0.0036213829,-0.0011690937,0.24835011,0.26890743,0.24270444,0.2879819,0.34122714,0.43702954,0.27509364,0.41629362,0.13443673,0.64846,0.0,0.56647795,0.0006690107,0.6423326,0.8211663,0.0,1.0,0.0,0.37059048,0.9829629,0.2514004,0.43722486,0.6646896,0.4,0.5317517,0.26468962,0.3631573,0.0,0.0,0.9276832,1.0,5.0,2020-02-21T23:00:00,EURUSD,H1,3,BUY,8.847079981053607,15,"hit_tp=True,hit_sl=False,regime=3"
0.0033537864,0.0045402255,0.0016758835,0.015238278,0.38809747,0.37369257,0.37884057,0.34070045,0.6818943,0.6157174,0.8191914,0.8043388,0.1405209,0.6406095,0.0,0.5739472,0.0013838814,0.47204787,0.7360239,0.0,1.0,0.0,0.017037086,0.37059048,0.8138729,0.51347125,0.892568,0.0,0.0,0.892568,0.37400374,0.0,0.0,0.6717856,-1.0,1.6900000000000002,2020-02-22T17:00:00,EURUSD,H1,3,BUY,-8.26438939003138,12,"hit_tp=False,hit_sl=True,regime=3"
0.002504926,0.0046930853,0.0008799557,-0.0033350696,0.449207,0.39061415,0.3333615,0.3410497,0.4016158,0.4259282,0.2570795,0.35872447,0.16684824,0.6277599,0.0,0.28943464,0.0009758977,0.9229452,0.96147263,0.0,1.0,0.0,1.0,0.5,0.36992538,0.65945786,0.8458839,0.13954952,0.23608539,0.70633435,0.3648624,0.0,0.0,0.57671183,-1.0,1.6900000000000002,2020-02-23T06:00:00,EURUSD,H1,3,BUY,-7.7858446131973125,16,"hit_tp=False,hit_sl=True,regime=3"
0.00069311896,0.0010612537,-0.0015292073,-0.007821264,0.30670848,0.25750658,0.2568364,0.3235427,0.27579197,0.43069,0.22018814,0.31436858,0.23240034,0.6600901,0.0,0.37053698,0.0004977718,0.47061986,0.7353099,0.0,1.0,0.0,0.9829629,0.37059048,0.22047462,0.51052386,0.6741922,0.0,0.0,0.6741922,0.3593858,0.0,0.0,0.5138796,-1.0,1.6900000000000002,2020-02-24T07:00:00,EURUSD,H1,3,BUY,-7.682195654163948,8,"hit_tp=False,hit_sl=True,regime=3"
0.004691863,0.0031825549,0.002566366,-0.0013868174,0.46371698,0.47632805,0.3424603,0.3691573,0.388339,0.497342,0.1735747,0.42299715,0.16017897,0.6290993,0.0,0.19137791,0.00050719484,0.40493903,0.7024695,0.0,1.0,0.0,0.9330127,0.75,0.14352416,0.5521486,1.0,0.4,0.8,0.6,0.3854141,0.0,0.0,0.6,1.0,5.0,2020-02-25T04:00:00,EURUSD,H1,3,BUY,12.937340822982701,36,"hit_tp=True,hit_sl=False,regime=3"
-0.00025186845,0.0027818892,0.0068917936,0.005655122,0.19469754,0.39693746,0.37322715,0.3264096,0.72268283,0.60587287,0.76858896,0.618251,0.23451394,0.31210387,0.0,0.73555094,0.0015178244,0.49615762,0.7480788,0.0,1.0,0.0,0.017037086,0.62940955,0.79383504,0.52450675,0.4531658,0.7080109,0.64169264,0.2548451,0.3843686,0.0,0.0,0.2204409,-1.0,2.028,2020-02-26T19:00:00,EURUSD,H1,3,BUY,-8.691897864243625,42,"hit_tp=False,hit_sl=True,regime=3"
0.0041288957,0.002299685,0.0011951595,-0.0014566894,0.37883317,0.27764955,0.30970988,0.36820188,0.36212152,0.45827377,0.18253413,0.37500632,0.14985286,0.6563709,0.0,0.27843803,0.00032612818,0.35768932,0.67884463,0.0,1.0,0.0,0.75,0.9330127,0.19284612,0.37308577,0.8762434,0.58391166,1.0,0.29233176,0.3936891,0.0,0.0,0.55077535,-1.0,1.56,2020-02-29T02:00:00,EURUSD,H1,3,BUY,-8.749631289002302,23,"hit_tp=False,hit_sl=True,regime=3"
0.0030549536,0.0011907696,-3.0431109e-05,-0.0031215528,0.31731403,0.2781689,0.32596827,0.3254549,0.40304735,0.45654818,0.21783774,0.3315914,0.16812463,0.6744457,0.0,0.35662803,0.0005210796,0.47513652,0.73756826,0.0,1.0,0.0,0.75,0.9330127,0.14359035,0.60958785,0.77314323,0.51881176,0.8022316,0.25433147,0.3515432,0.5118856,0.45569482,0.49851272,1.0,3.9000000000000004,2020-03-01T02:00:00,EURUSD,H1,3,BUY,10.595505865296229,9,"hit_tp=True,hit_sl=False,regime=3"
0.0006097499,-0.0010875405,0.0019869814,0.0038772824,0.42208228,0.34686968,0.2820186,0.31264392,0.61573803,0.55843955,0.7471459,0.60872155,0.20248091,0.6283409,0.0,0.6620991,0.0009165179,0.83604026,0.9180201,0.0,1.0,0.0,0.5,0.0,0.6064184,0.65169376,1.0,0.1395493,0.2790986,0.8604507,0.40110403,0.0,0.0,0.46798143,1.0,5.0,2020-03-01T12:00:00,EURUSD,H1,3,BUY,9.192691030368572,14,"hit_tp=True,hit_sl=False,regime=3"
0.00015037447,-0.001558724,0.0023284506,0.00723026,0.3040602,0.3171648,0.32761964,0.3428362,0.4630876,0.49890664,0.5321827,0.7148156,0.25871727,0.67586815,0.0,0.5805156,0.0012590925,0.6159912,0.80799556,0.0,1.0,0.0,0.14644662,0.14644662,0.5672531,0.48464084,0.4060944,0.24173515,0.19633459,0.16435926,0.4060944,0.0,0.0,0.41570035,1.0,5.0,2020-03-02T15:00:00,EURUSD,H1,3,BUY,9.587561383528342,4,"hit_tp=True,hit_sl=False,regime=3"
0.003089192,0.000588471,-0.0017942801,0.0018169836,0.366049,0.30175295,0.37135747,0.35748732,0.34914833,0.4356198,0.35117766,0.57587045,0.25211665,0.66236204,0.0,0.28012612,0.0010678867,0.9603244,0.9801622,0.0,1.0,0.0,0.25,0.9330127,0.2976772,0.51386034,0.7058928,0.7359002,1.0,0.030007398,0.40640897,0.0,0.0,0.43247086,-1.0,2.028,2020-03-04T22:00:00,EURUSD,H1,3,BUY,-8.664324475289309,66,"hit_tp=False,hit_sl=True,regime=3"
0.0016410488,0.0015333919,-0.0008879834,-0.0061798724,0.38496017,0.4128461,0.40247256,0.36547768,0.323803,0.4220014,0.18453279,0.25783703,0.5013429,0.8158741,0.0,0.4364964,0.00036732134,0.60987896,0.8049395,0.0,1.0,0.0,0.017037086,0.37059048,0.20071514,0.3772591,1.0,0.23079626,0.46159253,0.7692037,0.38466042,0.0,0.0,0.43611088,1.0,5.0,2020-03-07T17:00:00,EURUSD,H1,3,BUY,9.913617403829456,19,"hit_tp=True,hit_sl=False,regime=3"
-0.0024615112,-0.0016840276,-0.0022191168,0.003470869,0.38605398,0.30806103,0.3780954,0.3525667,0.7020046,0.6232926,0.7479444,0.6594028,0.24877402,0.291441,0.0,0.6267646,0.0013495365,0.37482095,0.6874105,0.0,1.0,0.0,0.25,0.0669873,0.81627804,0.48814678,0.5937354,1.0,1.0,0.4062646,0.36670378,0.0,0.4455876,0.79131716,1.0,3.9000000000000004,2020-03-08T14:00:00,EURUSD,H1,3,BUY,10.265738183365958,15,"hit_tp=True,hit_sl=False,regime=3"
0.0049828812,0.0029062927,0.0032935536,-0.00060921075,0.32524404,0.4971605,0.37200826,0.36205953,0.6330569,0.51431555,0.6696003,0.4021828,0.3660793,0.7870528,0.0,0.58030254,0.0017025031,0.52887076,0.76443535,0.0,1.0,0.0,0.9330127,0.25,0.55376065,0.60538054,0.8999834,0.9249012,1.0,0.024917774,0.35293284,0.0,0.0,0.8,-1.0,1.3,2020-03-09T08:00:00,EURUSD,H1,3,BUY,-8.23667666951744,13,"hit_tp=False,hit_sl=True,regime=3"
-0.0012639833,0.004391589,0.0026792695,0.0035004148,0.4258405,0.32436326,0.38980156,0.32470897,0.49524766,0.47854695,0.71870196,0.67088217,0.17697842,0.36097986,0.0,0.4522329,0.001446454,0.7504427,0.8752213,0.0,1.0,0.0,0.8535534,0.8535534,0.5296081,0.54657173,1.0,0.57300174,1.0,0.4269983,0.37948635,0.0,0.0,0.48787907,1.0,5.0,2020-03-10T03:00:00,EURUSD,H1,3,BUY,9.394794846524501,50,"hit_tp=True,hit_sl=False,regime=3"
-0.002060593,-0.004620652,-0.00089899777,0.003710163,0.22648786,0.2517445,0.2207265,0.26025513,0.7276786,0.5988558,0.7092698,0.7209216,0.23058824,0.31247383,0.0,0.74800736,0.0012895436,0.42609307,0.71304655,0.0,1.0,0.0,0.8535534,0.14644662,0.7774758,0.57930434,0.6,0.15659964,0.18791957,0.44340035,0.3914991,0.0,0.0,0.54818106,-1.0,1.6900000000000002,2020-03-12T09:00:00,EURUSD,H1,3,BUY,-5.486948034114647,3,"hit_tp=False,hit_sl=True,regime=3"
0.002767802,0.00080928276,0.0053063636,0.004813913,0.22571787,0.25877738,0.49642736,0.35320982,0.55509293,0.4907956,0.64528525,0.6663616,0.21518625,0.67470425,0.0,0.5917298,0.001516399,0.5746266,0.78731334,0.0,1.0,0.0,0.0669873,0.75,0.591604,0.54693335,0.7355448,0.3195534,0.4700917,0.41599137,0.39944175,0.0,0.0,0.580067,1.0,5.0,2020-03-12T20:00:00,EURUSD,H1,3,BUY,11.309444929428203,87,"hit_tp=True,hit_sl=False,regime=3"
0.0007771408,0.0034327798,0.0026472488,0.0034497008,0.14866391,0.33111295,0.36454597,0.31711861,0.29116514,0.5187994,0.41764972,0.59733987,0.12573363,0.6372714,0.0,0.46581328,0.0005683531,0.3896285,0.69481426,0.0,1.0,0.0,0.0669873,0.75,0.35740006,0.41026068,0.8,0.24887307,0.3981969,0.55112696,0.41478845,0.0,0.0,0.51055545,1.0,5.0,2020-03-18T20:00:00,EURUSD,H1,3,BUY,9.157766421126201,10,"hit_tp=True,hit_sl=False,regime=3"
0.0028056311,0.003527979,0.0016040497,0.011212043,0.4043445,0.42984584,0.31918514,0.34284925,0.81515473,0.7042692,0.795709,0.72192085,0.15664439,0.6283859,0.0,0.7533332,0.0014637265,0.57901835,0.7895092,0.0,1.0,0.0,0.9330127,0.25,0.83716726,0.5298565,0.6588039,0.19914362,0.26239318,0.45966026,0.36591858,0.0,0.0,0.70878834,-1.0,1.6900000000000002,2020-03-19T08:00:00,EURUSD,H1,3,BUY,-5.979705425078752,11,"hit_tp=False,hit_sl=True,regime=3"
0.00089600973,0.0061194682,0.007622935,0.007852385,0.34616265,0.2682077,0.29480946,0.32100457,0.7177798,0.5581268,1.0,0.82080305,0.16117412,0.64450884,0.0,0.56490093,0.0012919112,0.70748144,0.85374075,0.0,1.0,0.0,0.5,0.0,0.65534633,0.5055175,0.89393383,0.0,0.0,0.89393383,0.4093312,0.0,0.0,0.67054844,-1.0,1.6900000000000002,2020-03-20T12:00:00,EURUSD,H1,3,BUY,-5.401906525663858,12,"hit_tp=False,hit_sl=True,regime=3"
0.002703783,0.003999876,0.0012158065,-0.00053099345,0.397777,0.33048898,0.2903794,0.3494686,0.483171,0.43913248,0.26428723,0.3630842,0.20978078,0.65338093,0.0,0.34470275,0.00070485583,0.9195195,0.9597597,0.0,1.0,0.0,0.0,0.5,0.3126972,0.571335,0.66241825,0.5476189,0.72550553,0.11479933,0.3909236,0.0,0.0,0.639155,-1.0,1.6900000000000002,2020-03-21T18:00:00,EURUSD,H1,3,BUY,-8.18347287538268,5,"hit_tp=False,hit_sl=True,regime=3"
0.001780256,0.004064728,0.0034685605,-0.002280065,0.34371454,0.30721614,0.34638312,0.34573904,0.30551586,0.41709307,0.27736753,0.4502539,0.16143079,0.628212,0.0,0.18908694,0.00048134872,0.55656457,0.7782823,0.0,1.0,0.0,0.62940955,0.9829629,0.25771028,0.56093574,1.0,0.0,0.0,1.0,0.35897288,0.0,0.0,0.62920445,1.0,5.0,2020-03-22T01:00:00,EURUSD,H1,3,BUY,8.370878654584413,8,"hit_tp=True,hit_sl=False,regime=3"
0.0023257814,-1.2236737e-05,-0.00010171613,-0.0022687425,0.30102533,0.29538882,0.31935444,0.3150792,0.5758192,0.4966241,0.18068655,0.3336375,0.16073132,0.6282059,0.0,0.53627586,0.0008258623,0.95524126,0.9776206,0.0,1.0,0.0,0.017037086,0.62940955,0.45187113,0.58644617,0.4032682,0.45163342,0.36425877,0.04836524,0.4032682,0.0,0.0,0.49357915,-1.0,1.6900000000000002,2020-03-22T19:00:00,EURUSD,H1,3,BUY,-7.885159186244994,10,"hit_tp=False,hit_sl=True,regime=3"
0.0041307434,0.0023162356,-0.0009576548,-6.920436e-05,0.24171893,0.19983554,0.23326696,0.2658394,0.35423607,0.4368492,0.29022446,0.2721429,0.3784145,0.75273144,0.0,0.23740987,0.0003593373,0.41543686,0.70771843,0.0,1.0,0.0,1.0,0.5,0.18820468,0.60506463,1.0,0.73801905,1.0,0.26198095,0.4017218,0.54108506,0.48507884,0.4688297,-1.0,1.3,2020-03-23T06:00:00,EURUSD,H1,3,BUY,-5.485935601887704,6,"hit_tp=False,hit_sl=True,regime=3"
0.0021727697,0.00575155,0.0092194015,0.0056122905,0.35565692,0.30078897,0.26576182,0.2801696,0.5145561,0.52717143,0.71752274,0.79392856,0.16639765,0.64248556,0.0,0.4334195,0.0005905856,0.75986326,0.8799316,0.0,1.0,0.0,0.25,0.0669873,0.46322495,0.56890404,0.66751754,0.0,0.0,0.66751754,0.3620985,0.0,0.0,0.7414539,1.0,5.0,2020-03-23T14:00:00,EURUSD,H1,3,BUY,5.651840563161148,5,"hit_tp=True,hit_sl=False,regime=3"
0.0039913002,0.006533838,0.0053515057,-0.0024207344,0.395654,0.40517253,0.3465594,0.3720451,0.5273828,0.4290663,0.31626445,0.31322393,0.2864592,0.70736027,0.0,0.6194423,0.0014745655,0.5731393,0.78656965,0.0,1.0,0.0,0.75,0.0669873,0.47139934,0.35226458,1.0,0.0,0.0,1.0,0.36546576,0.0,0.0,0.7104106,1.0,5.0,2020-03-24T10:00:00,EURUSD,H1,3,BUY,9.896841269403378,12,"hit_tp=True,hit_sl=False,regime=3"
-0.0007899884,-0.0042109415,-0.003330197,-0.0033631378,0.32550612,0.28794134,0.28678426,0.3195929,0.37096992,0.41640988,0.14461382,0.3247147,0.22667815,0.33531064,0.0,0.43064743,0.00069592014,0.69497496,0.8474875,0.0,1.0,0.0,0.0,0.5,0.2733416,0.43179914,0.4678696,1.0,0.9357392,0.53213036,0.4029144,0.0,0.0,0.49307284,1.0,5.0,2020-03-25T18:00:00,EURUSD,H1,3,BUY,7.0958376034679915,3,"hit_tp=True,hit_sl=False,regime=3"
0.00084537105,0.0020642385,0.0062188753,0.012663886,0.32765332,0.3666212,0.35249022,0.32343307,0.59436315,0.5653738,0.81619334,0.94972503,0.1847557,0.67538977,0.0,0.51208276,0.0009915518,0.7797826,0.88989127,0.0,1.0,0.0,0.25,0.9330127,0.8211576,0.66973996,1.0,0.0,0.0,1.0,0.4027669,0.0,0.0,0.68158364,-1.0,1.6900000000000002,2020-03-25T22:00:00,EURUSD,H1,3,BUY,-6.1193539238146855,11,"hit_tp=False,hit_sl=True,regime=3"
0.003057905,0.0012242084,-0.0004856326,-0.00086673297,0.5890427,0.54788595,0.47753465,0.39943057,0.5307405,0.4991477,0.22577281,0.40166482,0.20576294,0.6933398,0.0,0.42800692,0.00096212776,0.8160271,0.9080136,0.0,1.0,0.0,0.75,0.0669873,0.49921444,0.6572574,0.7779533,0.52261126,0.8131343,0.25534204,0.39348057,0.0,0.0,0.47792676,-1.0,2.028,2020-03-26T10:00:00,EURUSD,H1,3,BUY,-8.340773439121651,42,"hit_tp=False,hit_sl=True,regime=3"
0.0030180118,0.002750708,0.001215335,-0.002695296,0.4447601,0.4147194,0.3820726,0.37098554,0.33940175,0.46750438,0.27134272,0.32961214,0.13017009,0.6740045,0.0,0.34604633,0.0005401234,0.7364056,0.8682028,0.0,1.0,0.0,0.9829629,0.62940955,0.26560736,0.3774201,1.0,0.46236503,0.92473006,0.53763497,0.35251778,0.0,0.0,0.57564056,1.0,5.0,2020-03-29T05:00:00,EURUSD,H1,3,BUY,10.7318687743585,5,"hit_tp=True,hit_sl=False,regime=3"
0.0036369972,0.0011121703,0.0011616332,0.0058549023,0.55701935,0.40997073,0.39356136,0.37820643,0.7370524,0.5850699,0.6819161,0.5867207,0.20822622,0.6474207,0.0,0.5511763,0.0014715364,0.46035072,0.7301754,0.0,1.0,0.0,0.14644662,0.14644662,0.714142,0.48930854,0.7400956,0.8,1.0,0.05990437,0.35122988,0.0,0.0,0.7513353,1.0,4.680000000000001,2020-03-29T15:00:00,EURUSD,H1,3,BUY,13.308952216790626,60,"hit_tp=True,hit_sl=False,regime=3"
0.0027614313,0.002535797,0.00082057214,0.009301895,0.3460418,0.3356636,0.32297277,0.29644752,0.7307022,0.57502174,0.776894,0.5847665,0.14183468,0.6642894,0.0,0.75098,0.0016829887,0.36111662,0.6805583,0.0,1.0,0.0,0.9829629,0.62940955,0.7750504,0.5549323,1.0,0.48111603,0.96223205,0.51888394,0.37486452,0.0,0.0,0.552357,-1.0,1.6900000000000002,2020-04-01T05:00:00,EURUSD,H1,3,BUY,-6.307067642694619,5,"hit_tp=False,hit_sl=True,regime=3"
-0.003188008,-0.0020184414,-9.1314134e-05,0.0040396056,0.4930271,0.43528306,0.37808943,0.34713298,0.3678784,0.48971704,0.60827005,0.69057727,0.24472497,0.33901286,0.0,0.329893,0.0005486166,0.56956476,0.7847824,0.0,1.0,0.0,0.62940955,0.9829629,0.46023694,0.44317234,0.46210203,0.9542547,0.88192606,0.49215263,0.39056346,0.0,0.0,0.50435793,-1.0,1.6900000000000002,2020-04-02T01:00:00,EURUSD,H1,3,BUY,-7.028600007614738,17,"hit_tp=False,hit_sl=True,regime=3"
0.0011805007,0.0017069768,0.0007121918,-0.0017872072,0.159676,0.26423815,0.30568022,0.34057814,0.2523333,0.4361632,0.26220673,0.39347488,0.26838455,0.65343,0.0,0.3089934,0.00042450684,0.405122,0.702561,0.0,1.0,0.0,0.14644662,0.8535534,0.2011665,0.49593273,0.9310028,0.0,0.0,0.9310028,0.3559681,0.0,0.0,0.66217226,-1.0,1.6900000000000002,2020-04-02T21:00:00,EURUSD,H1,3,BUY,-8.154716999559941,3,"hit_tp=False,hit_sl=True,regime=3"
0.0028784391,0.0027528128,0.0017258216,-0.004828947,0.3442567,0.36623648,0.2841447,0.34814137,0.20789021,0.39295974,0.2884194,0.40102026,0.42592594,0.76297724,0.0,0.23930332,0.00055086927,0.37515756,0.6875788,0.0,1.0,0.0,0.9330127,0.75,0.2199336,0.33462396,1.0,0.38615894,0.7723179,0.61384106,0.37312225,0.0,0.0,0.6,1.0,5.0,2020-04-03T04:00:00,EURUSD,H1,3,BUY,9.137429615850845,4,"hit_tp=True,hit_sl=False,regime=3"
0.0038517483,0.005061224,0.003046308,0.004863038,0.4801357,0.37911955,0.35041377,0.3038315,0.36933714,0.4953337,0.37191296,0.5047708,0.21649484,0.6535903,0.0,0.39916468,0.0008292172,0.7529535,0.87647676,0.0,1.0,0.0,0.75,0.9330127,0.28611878,0.44368002,0.80149174,0.18812889,0.3015675,0.61336285,0.40149173,0.0,0.0,0.72663105,-1.0,1.6900000000000002,2020-04-04T02:00:00,EURUSD,H1,3,BUY,-6.133839979556299,3,"hit_tp=False,hit_sl=True,regime=3"
-0.00020278475,0.0012339458,0.00052931794,0.0016700644,0.4415281,0.34838468,0.3675569,0.3479615,0.3736793,0.47053292,0.34956053,0.4921339,0.21645102,0.35441208,0.0,0.5689864,0.00053499924,0.42964453,0.7148223,0.0,1.0,0.0,0.62940955,0.017037086,0.31182498,0.533347,0.67187554,0.40575197,0.5452297,0.26612356,0.40575197,0.0,0.0,0.45190758,-1.0,1.3,2020-04-04T11:00:00,EURUSD,H1,3,BUY,-7.306541075271511,6,"hit_tp=False,hit_sl=True,regime=3"
0.00158509,-0.0011590966,-0.0025447155,-0.005371021,0.46880314,0.3420376,0.47433153,0.39754152,0.30927894,0.47741112,0.081686035,0.36301428,0.3270479,0.7539348,0.0,0.41987905,0.00041673623,0.36757332,0.68378663,0.0,1.0,0.0,0.017037086,0.62940955,0.1975538,0.5151173,0.7744913,0.6,0.9293896,0.17449133,0.37013263,0.0,0.0,0.36640123,1.0,4.680000000000001,2020-04-04T19:00:00,EURUSD,H1,3,BUY,11.323136792393829,26,"hit_tp=True,hit_sl=False,regime=3"
0.0025405185,0.001684011,-0.0017433407,0.0032025015,0.46107137,0.40387273,0.3598925,0.33779168,0.6659668,0.5841319,0.6661937,0.450078,0.11752694,0.63067603,0.0,0.53257346,0.0010801372,0.62952816,0.8147641,0.0,1.0,0.0,0.37059048,0.9829629,0.68180686,0.6734211,0.99439776,0.9414733,1.0,0.052924454,0.38055414,0.0,0.0,0.42335024,-1.0,2.028,2020-04-05T23:00:00,EURUSD,H1,3,BUY,-7.30368989090957,24,"hit_tp=False,hit_sl=True,regime=3"
-0.0010029168,0.0002931194,0.004684984,0.0026851892,0.3087762,0.32006344,0.40654406,0.3787627,0.3665035,0.4450351,0.430697,0.62634706,0.2494826,0.34131217,0.0,0.39969745,0.000847944,0.97915316,0.9895766,0.0,1.0,0.0,0.9330127,0.75,0.3918232,0.36531824,0.78633034,0.64792275,1.0,0.13840757,0.37098128,0.0,0.0,0.28995454,-1.0,1.6900000000000002,2020-04-07T04:00:00,EURUSD,H1,3,BUY,-7.816808502298933,14,"hit_tp=False,hit_sl=True,regime=3"
0.0008453071,0.002655443,0.0056042913,0.0024587067,0.18051958,0.24087262,0.3470727,0.31885993,0.28603625,0.48127756,0.423013,0.57710075,0.26164383,0.65820783,0.0,0.24859497,0.0003398827,0.37064222,0.6853211,0.0,1.0,0.0,0.8535534,0.8535534,0.35776138,0.5193776,0.732738,0.16553439,0.24258669,0.56720364,0.41383597,0.0,0.0,0.6905207,1.0,5.0,2020-04-08T03:00:00,EURUSD,H1,3,BUY,8.222387723959557,9,"hit_tp=True,hit_sl=False,regime=3"
0.0024333696,0.0061681964,0.0042854054,0.003086549,0.26442844,0.38250816,0.37485474,0.30415213,0.34741133,0.46618894,0.37283882,0.35977963,0.17329377,0.6446863,0.0,0.27434224,0.00046921734,0.37530828,0.68765414,0.0,1.0,0.0,0.62940955,0.017037086,0.2993733,0.4446285,0.66451323,0.50125104,0.66617584,0.16326216,0.35927048,0.0,0.0,0.5813898,1.0,3.9000000000000004,2020-04-09T11:00:00,EURUSD,H1,3,BUY,7.593572049302555,10,"hit_tp=True,hit_sl=False,regime=3"
0.0036547594,0.007858461,0.008740697,0.015360524,0.31344596,0.39578682,0.33911863,0.34019682,0.82897246,0.71175694,0.903308,0.9634702,0.15585434,0.66607064,0.0,0.81426734,0.0014515014,0.8378597,0.9189298,0.0,1.0,0.0,0.25,0.9330127,0.8966463,0.42270964,0.45639488,0.0,0.0,0.45639488,0.3715258,0.0,0.0,0.85094243,1.0,5.0,2020-04-09T22:00:00,EURUSD,H1,3,BUY,7.614648275662272,4,"hit_tp=True,hit_sl=False,regime=3"
-0.0016010356,0.0026108061,0.004514902,0.006341673,0.20557606,0.1504933,0.200514,0.26873928,0.7385392,0.60969096,0.80162036,0.8685118,0.26347643,0.2803821,0.0,0.7365614,0.0012009124,0.71929353,0.8596468,0.0,1.0,0.0,0.5,1.0,0.86493766,0.49836546,0.6,0.39684504,0.47621405,0.20315497,0.39684504,0.0,0.0,0.3245038,1.0,5.0,2020-04-12T00:00:00,EURUSD,H1,3,BUY,5.975395773525349,12,"hit_tp=True,hit_sl=False,regime=3"
0.0027885435,0.0026199608,-0.0005224743,-0.002328512,0.6791565,0.50254416,0.40842795,0.3462946,0.5274852,0.44144052,0.21576174,0.3949933,0.26711187,0.6834505,0.0,0.51282144,0.0016307961,0.5244259,0.76221293,0.0,1.0,0.0,0.25,0.0669873,0.24956994,0.5082414,1.0,0.5174753,1.0,0.48252466,0.41478685,0.0,0.0,0.47429857,-1.0,1.6900000000000002,2020-04-13T14:00:00,EURUSD,H1,3,BUY,-7.2060514179894675,3,"hit_tp=False,hit_sl=True,regime=3"
0.006414457,0.0050278446,0.0036623576,0.002194566,0.35195363,0.37507516,0.3151618,0.37244546,0.25020713,0.4510272,0.33020136,0.39562345,0.20658635,0.64402634,0.0,0.1414786,0.00046216257,0.4747089,0.73735446,0.0,1.0,0.0,0.9330127,0.75,0.27628893,0.44394097,1.0,0.926633,1.0,0.07336699,0.3703851,0.0,0.0,0.6,-1.0,1.3,2020-04-14T04:00:00,EURUSD,H1,3,BUY,-8.291106358850886,4,"hit_tp=False,hit_sl=True,regime=3"
0.001886641,-0.003405144,-0.0045601707,-0.0006844044,0.4342472,0.29996067,0.32371414,0.3482295,0.462403,0.533416,0.33255437,0.39198548,0.19889605,0.6260701,0.0,0.5046101,0.0004404189,0.36712083,0.68356043,0.0,1.0,0.0,0.017037086,0.37059048,0.29516593,0.50552046,0.402179,0.50940365,0.4097429,0.10722462,0.402179,0.0,0.0,0.33581215,-1.0,1.3,2020-04-14T17:00:00,EURUSD,H1,3,BUY,-8.70928751482758,10,"hit_tp=False,hit_sl=True,regime=3"
0.0036043853,0.0017455702,0.0031414258,0.0004705443,0.6284299,0.5144369,0.37680373,0.34800595,0.711609,0.58360255,0.6014878,0.56558406,0.14642356,0.6246905,0.0,0.5938096,0.0011320602,0.9422476,0.9711238,0.0,1.0,0.0,0.62940955,0.9829629,0.61558294,0.59724396,0.8232077,0.57755154,0.9508897,0.24565613,0.37385225,0.0,0.0,0.71530706,-1.0,2.028,2020-04-16T01:00:00,EURUSD,H1,3,BUY,-8.418496514452922,21,"hit_tp=False,hit_sl=True,regime=3"
-0.0013760189,-0.0021206334,-0.00067106076,-0.004546295,0.4152796,0.29836476,0.23094004,0.30558833,0.2635889,0.47473416,0.18106024,0.54391515,0.26034483,0.33571866,0.0,0.39618427,0.00024738518,0.35369423,0.6768471,0.0,1.0,0.0,0.9330127,0.25,0.33774886,0.6641366,0.42019394,0.38977832,0.32756498,0.030415611,0.38977832,0.0,0.0,0.6312382,-1.0,1.3,2020-04-18T08:00:00,EURUSD,H1,3,BUY,-5.44175170853034,6,"hit_tp=False,hit_sl=True,regime=3"
0.0009624787,0.004000195,0.00191113,-0.0010993,0.45425427,0.385824,0.33786818,0.34115595,0.24566215,0.47515216,0.31271052,0.5152525,0.35669225,0.7405966,0.0,0.15459895,0.00051260146,0.3796257,0.68981284,0.0,1.0,0.0,0.75,0.9330127,0.302428,0.57834536,0.98463273,0.5876464,1.0,0.3969863,0.3907431,0.0,0.0,0.49485445,-1.0,1.3,2020-04-19T02:00:00,EURUSD,H1,3,BUY,-5.447584183690957,9,"hit_tp=False,hit_sl=True,regime=3"
0.0013292037,-0.003994549,-0.004236932,-0.0015275019,0.30337307,0.40619096,0.3261919,0.35988188,0.46832904,0.5393241,0.021975078,0.44560423,0.19888978,0.6541376,0.0,0.45080253,0.00043557887,0.38724607,0.693623,0.0,1.0,0.0,0.25,0.9330127,0.13101892,0.35700193,0.77031726,0.0,0.0,0.77031726,0.36970496,0.0,0.0,0.3156412,-1.0,1.6900000000000002,2020-04-19T22:00:00,EURUSD,H1,3,BUY,-7.297266419634685,1,"hit_tp=False,hit_sl=True,regime=3"
0.002286027,0.0042683273,0.0055978145,3.0491216e-05,0.77889323,0.5894185,0.45573395,0.4150567,0.5619629,0.55378234,0.5971234,0.5405446,0.17109993,0.64698976,0.0,0.58547735,0.00093206717,0.8094926,0.9047463,0.0,1.0,0.0,0.5,1.0,0.45710245,0.3239696,0.72118986,0.0,0.0,0.72118986,0.36970496,0.0,0.0,0.8450674,1.0,5.0,2020-04-20T00:00:00,EURUSD,H1,3,BUY,11.046859066266013,23,"hit_tp=True,hit_sl=False,regime=3"
-0.0029367912,-0.0005748158,0.0003659683,-0.0029110927,0.6125987,0.49926022,0.31455734,0.32959855,0.6953192,0.5267079,0.6977643,0.5385256,0.17148265,0.33700114,0.0,0.69976217,0.001819391,0.37911558,0.6895578,0.0,1.0,0.0,0.9330127,0.75,0.7471686,0.5255739,0.7996441,0.7072211,1.0,0.09242299,0.3529601,0.0,0.0,0.4824066,1.0,4.680000000000001,2020-04-21T04:00:00,EURUSD,H1,3,BUY,8.741103753919788,28,"hit_tp=True,hit_sl=False,regime=3"
0.0009864958,0.0071360273,0.0055210236,0.008769797,0.2595895,0.33089393,0.3779537,0.33942938,0.66513455,0.49978712,0.8532322,0.75295794,0.10721134,0.64641,0.0,0.7383747,0.0016762884,0.37299007,0.686495,0.0,1.0,0.0,0.017037086,0.37059048,0.73796886,0.52604824,1.0,0.0,0.0,1.0,0.36060324,0.0,0.0,0.46766165,1.0,5.0,2020-04-22T17:00:00,EURUSD,H1,3,BUY,9.334040453310433,42,"hit_tp=True,hit_sl=False,regime=3"
0.0014004399,0.0007875323,0.0022153023,-0.002334772,0.22345176,0.24897026,0.33790228,0.31386647,0.65067834,0.48194304,0.5265505,0.55788964,0.14279835,0.62249464,0.0,0.6687578,0.0011399069,0.50505054,0.75252527,0.0,1.0,0.0,0.017037086,0.37059048,0.53195566,0.509731,1.0,0.0,0.0,1.0,0.380683,0.0,0.0,0.6441929,-1.0,1.6900000000000002,2020-04-24T17:00:00,EURUSD,H1,3,BUY,-6.28550474659928,6,"hit_tp=False,hit_sl=True,regime=3"
0.0019028116,0.003915095,0.0014103143,-0.0010989688,0.42236078,0.4172398,0.334771,0.32557848,0.36353043,0.43014064,0.2647684,0.39763027,0.1776406,0.6598796,0.0,0.35317114,0.00067277293,0.9870052,0.9935026,0.0,1.0,0.0,0.5,1.0,0.24886177,0.47860038,0.9328964,0.4,0.7463171,0.5328964,0.35743386,0.0,0.0,0.577859,-1.0,2.028,2020-04-25T00:00:00,EURUSD,H1,3,BUY,-6.855938659491301,26,"hit_tp=False,hit_sl=True,regime=3"
0.0006805789,0.00350717,0.006117075,-0.0010155229,0.24434894,0.26394057,0.36364347,0.30275488,0.41900837,0.49011803,0.51162404,0.6504089,0.21786942,0.6567648,0.0,0.46193346,0.00051373686,0.7364765,0.8682382,0.0,1.0,0.0,0.9330127,0.75,0.3951517,0.61846507,0.6359234,0.0,0.0,0.6359234,0.40653825,0.0,0.0,0.66677344,1.0,5.0,2020-04-26T04:00:00,EURUSD,H1,3,BUY,7.990776626676244,40,"hit_tp=True,hit_sl=False,regime=3"
-0.004054699,-0.0076035406,-0.00571341,-0.0050979764,0.49302837,0.32704654,0.4240605,0.35824516,0.39564323,0.49395785,0.40386716,0.41489434,0.27258882,0.30982274,0.0,0.49493676,0.0007396334,0.95979637,0.9798982,0.0,1.0,0.0,0.14644662,0.8535534,0.6052512,0.49655962,0.6427733,0.6503211,0.8360181,0.007547857,0.40462214,0.0,0.0,0.6561968,-1.0,1.6900000000000002,2020-04-27T21:00:00,EURUSD,H1,3,BUY,-6.936252262503828,4,"hit_tp=False,hit_sl=True,regime=3"
0.0027720286,0.0017252385,-0.00014261174,-0.0064552044,0.60797834,0.4520281,0.40945923,0.37196383,0.3421983,0.37274235,0.18447164,0.32906738,0.14440753,0.65144676,0.0,0.47545493,0.000359511,0.45174384,0.7258719,0.0,1.0,0.0,0.8535534,0.8535534,0.13061075,0.6003617,0.9413918,0.18822789,0.3543924,0.75316393,0.37019908,0.0,0.43571973,0.49247518,1.0,5.0,2020-04-28T03:00:00,EURUSD,H1,3,BUY,9.581915890986004,23,"hit_tp=True,hit_sl=False,regime=3"
0.005387826,0.0056239944,0.003317276,0.0046834657,0.6237989,0.46457762,0.36777395,0.37590507,0.67685616,0.55951357,0.8213511,0.6511008,0.18765037,0.6469324,0.0,0.7205882,0.0011220797,0.64612603,0.823063,0.0,1.0,0.0,0.8535534,0.8535534,0.67684054,0.43609992,0.8121324,0.4256204,0.6913203,0.38651198,0.4121324,0.0,0.0,0.8,-1.0,1.6900000000000002,2020-04-29T03:00:00,EURUSD,H1,3,BUY,-8.949983781614268,8,"hit_tp=False,hit_sl=True,regime=3"
0.0010771378,0.0030633113,0.0044466793,0.0018869572,0.27810904,0.3535606,0.30227596,0.35158014,0.1979282,0.4352583,0.36784634,0.5297629,0.12338579,0.64378625,0.0,0.32814088,0.00051908655,0.54351497,0.7717575,0.0,1.0,0.0,0.017037086,0.37059048,0.30922142,0.48626262,1.0,0.12227781,0.24455562,0.8777222,0.37319058,0.0,0.0,0.74536484,-1.0,2.028,2020-04-29T17:00:00,EURUSD,H1,3,BUY,-8.096602930813823,59,"hit_tp=False,hit_sl=True,regime=3"
0.0017620979,0.00027756015,0.0010974441,-0.0006277917,0.46064034,0.40419033,0.4229332,0.36264697,0.31010535,0.4731231,0.29090682,0.49463296,0.36508727,0.7680974,0.0,0.3846087,0.00057793653,0.7786595,0.8893298,0.0,1.0,0.0,0.62940955,0.017037086,0.22937553,0.374706,0.6978306,1.0,1.0,0.30216935,0.40039232,0.0,0.0,0.659991,1.0,5.0,2020-05-02T11:00:00,EURUSD,H1,3,BUY,11.467652232524106,29,"hit_tp=True,hit_sl=False,regime=3"
0.0009511562,0.00041970346,-0.0020721206,-0.00019300204,0.51228786,0.47643927,0.4072328,0.35155532,0.3340807,0.44873068,0.28928784,0.4532477,0.21405198,0.6373774,0.0,0.35689864,0.00074999675,0.8117805,0.9058903,0.0,1.0,0.0,0.62940955,0.9829629,0.3158211,0.46648204,0.9201645,0.46189812,0.85004455,0.4582664,0.41450933,0.0,0.0,0.3435797,-1.0,2.028,2020-05-04T01:00:00,EURUSD,H1,3,BUY,-9.458101721093737,28,"hit_tp=False,hit_sl=True,regime=3"
-0.0016161744,-0.0020853395,0.0006187794,-0.0032025785,0.35979322,0.29367068,0.30515426,0.3012966,0.33842698,0.48858434,0.3266229,0.5931564,0.17565328,0.33602774,0.0,0.38141245,0.00041929045,0.38216794,0.69108397,0.0,1.0,0.0,0.9829629,0.37059048,0.35410526,0.5522857,0.46109778,0.38111052,0.35145843,0.079987235,0.38111052,0.0,0.0,0.60246503,-1.0,1.3,2020-05-05T07:00:00,EURUSD,H1,3,BUY,-5.917982876004757,3,"hit_tp=False,hit_sl=True,regime=3"
0.0018888123,0.0015232023,0.0032369825,0.00043998225,0.5963165,0.48542625,0.38896018,0.3384243,0.452025,0.5030292,0.35062987,0.6080786,0.2890873,0.67736167,0.0,0.5311549,0.0006471138,0.5392482,0.7696241,0.0,1.0,0.0,0.5,0.0,0.32804617,0.5758213,1.0,0.0,0.0,1.0,0.36796945,0.0,0.0,0.6856114,1.0,5.0,2020-05-05T12:00:00,EURUSD,H1,3,BUY,9.496957434593778,23,"hit_tp=True,hit_sl=False,regime=3"
0.0011130912,-0.004094279,-0.0019377118,0.0013411526,0.3269792,0.31627277,0.33382866,0.32742104,0.6007099,0.51952374,0.6286803,0.47265998,0.17671145,0.65969884,0.0,0.5761068,0.0018791116,0.424791,0.7123955,0.0,1.0,0.0,0.9829629,0.37059048,0.6395349,0.4999761,0.55055475,0.7219052,0.7948966,0.17135045,0.3859315,0.0,0.0,0.47876695,-1.0,1.3,2020-05-07T07:00:00,EURUSD,H1,3,BUY,-7.635138024335575,6,"hit_tp=False,hit_sl=True,regime=3"
0.0033615648,0.0040261596,-0.00069554686,-0.007487113,0.5895627,0.49927446,0.42362443,0.38441017,0.4913602,0.43759376,0.20403364,0.35353827,0.18069705,0.6189794,0.0,0.5444175,0.0017092617,0.5354482,0.7677241,0.0,1.0,0.0,0.25,0.0669873,0.4560436,0.42894545,0.41644078,0.6,0.49972895,0.18355921,0.41644078,0.0,0.0,0.6305667,1.0,5.0,2020-05-07T14:00:00,EURUSD,H1,3,BUY,10.742138913624188,17,"hit_tp=True,hit_sl=False,regime=3"
0.0029695237,0.0003165357,-0.0013907002,-0.0056763114,0.24400972,0.25331014,0.26876253,0.29364136,0.5629211,0.4386887,0.1728634,0.16243754,0.29554367,0.7047345,0.0,0.578063,0.0016349641,0.44367644,0.72183824,0.0,1.0,0.0,0.75,0.9330127,0.43468198,0.47547117,0.6865551,0.27521706,0.37790334,0.41133806,0.35420987,0.0,0.0,0.44306964,1.0,5.0,2020-05-09T02:00:00,EURUSD,H1,3,BUY,6.074990372755273,5,"hit_tp=True,hit_sl=False,regime=3"
-0.0022131123,-0.004188582,0.00043393267,-0.0024743204,0.5662215,0.41351408,0.43625078,0.35763273,0.61787164,0.528196,0.67486894,0.5925638,0.15918687,0.37501076,0.0,0.45191342,0.0020825907,0.4617758,0.7308879,0.0,1.0,0.0,0.37059048,0.017037086,0.75262445,0.5670534,0.4382983,0.6475341,0.5676262,0.20923574,0.3917493,0.0,0.0,0.5506907,-1.0,1.56,2020-05-09T13:00:00,EURUSD,H1,3,BUY,-7.976445556776568,35,"hit_tp=False,hit_sl=True,regime=3"
0.0019264747,0.00047182417,-0.002096401,0.00075015146,0.35141584,0.3908792,0.4018527,0.33471537,0.37013507,0.45978537,0.20069413,0.36634156,0.33016175,0.709504,0.0,0.23112856,0.00031223492,0.3507569,0.67537844,0.0,1.0,0.0,0.9330127,0.25,0.2249656,0.36534777,0.72073114,0.9129347,1.0,0.1922036,0.39116845,0.0,0.0,0.3942736,1.0,3.9000000000000004,2020-05-11T08:00:00,EURUSD,H1,3,BUY,9.980341517783486,16,"hit_tp=True,hit_sl=False,regime=3"
0.0014377829,0.0018587293,0.001199746,0.0017583915,0.3731388,0.3183806,0.33513695,0.29719824,0.8956019,0.61112565,0.72669,0.67996,0.30204478,0.6940351,0.0,0.7058416,0.0012500318,0.6471161,0.82355803,0.0,1.0,0.0,0.8535534,0.8535534,0.7498406,0.59530294,0.4037321,0.0,0.0,0.4037321,0.4037321,0.0,0.0,0.7426521,1.0,5.0,2020-05-12T03:00:00,EURUSD,H1,3,BUY,7.460856862349097,7,"hit_tp=True,hit_sl=False,regime=3"
0.0007718547,-0.0069127404,-0.0028469295,0.0018535601,0.35866916,0.4578334,0.40200356,0.34256753,0.63796824,0.54786205,0.6307938,0.62325007,0.25622642,0.673069,0.0,0.59546494,0.0014002766,0.5655387,0.7827693,0.0,1.0,0.0,0.62940955,0.017037086,0.6480143,0.2991515,0.7156057,0.6519614,0.93309456,0.063644335,0.41618893,0.0,0.0,0.43696898,-1.0,1.3,2020-05-12T11:00:00,EURUSD,H1,3,BUY,-7.816450559625654,7,"hit_tp=False,hit_sl=True,regime=3"
0.0034679568,0.004775234,0.006310411,0.0066302675,0.6108898,0.52421427,0.45546475,0.3713795,0.6721622,0.59729505,0.8254935,0.63633054,0.1476,0.6380577,0.0,0.6724816,0.0013293389,0.91216266,0.95608133,0.0,1.0,0.0,0.9330127,0.75,0.71357316,0.4329171,0.6353168,0.12765194,0.16219884,0.50766486,0.3855897,0.0,0.0,0.9297833,1.0,5.0,2020-05-14T04:00:00,EURUSD,H1,3,BUY,10.806377557774915,8,"hit_tp=True,hit_sl=False,regime=3"
0.002328798,0.0040499237,0.0032328372,0.0061546504,0.249495,0.3686592,0.3661017,0.3956573,0.9153947,0.55785114,0.78042203,0.6069232,0.24866386,0.7065545,0.0,0.8682046,0.0018953431,0.37508547,0.68754274,0.0,1.0,0.0,0.14644662,0.14644662,0.7591787,0.33532283,1.0,0.0,0.0,1.0,0.3688416,0.0,0.0,0.687124,0.0,1.56,2020-05-14T15:00:00,EURUSD,H1,3,BUY,5.123172392651476,100,"hit_tp=False,hit_sl=False,regime=3"
0.0006554228,0.00040843553,-0.0014877046,-0.005544187,0.41157672,0.4706254,0.42122754,0.33877748,0.7525891,0.52438027,0.59251463,0.35374287,0.22141057,0.70212805,0.0,0.66077226,0.0013211729,0.654291,0.8271455,0.0,1.0,0.0,0.8535534,0.8535534,0.63568664,0.48910257,0.94228745,0.16136433,0.30410317,0.7809231,0.40341082,0.0,0.0,0.34051222,1.0,5.0,2020-05-19T03:00:00,EURUSD,H1,3,BUY,10.146762299692025,26,"hit_tp=True,hit_sl=False,regime=3"
0.00053652795,0.0017631926,0.0017531075,-0.005979418,0.18670169,0.30257672,0.36801058,0.3268337,0.50871193,0.4479054,0.31053373,0.28297022,0.17797063,0.6511675,0.0,0.5404749,0.0006299204,0.8706,0.9353,0.0,1.0,0.0,0.75,0.9330127,0.31070822,0.47548243,1.0,0.13485853,0.26971707,0.86514145,0.36334968,0.0,0.0,0.5815484,1.0,5.0,2020-05-21T02:00:00,EURUSD,H1,3,BUY,9.608173195450043,16,"hit_tp=True,hit_sl=False,regime=3"
-0.001588291,-0.00066811265,-0.000974675,-0.0075252736,0.5907003,0.49297607,0.4489323,0.35521895,0.5220921,0.5062137,0.53148526,0.43168405,0.15836546,0.37742683,0.0,0.61255395,0.00069291,0.9540429,0.97702146,0.0,1.0,0.0,0.017037086,0.62940955,0.62186664,0.51203054,0.8,1.0,1.0,0.2,0.36154735,0.0,0.0,0.7385262,-1.0,2.028,2020-05-21T19:00:00,EURUSD,H1,3,BUY,-9.265769075543773,66,"hit_tp=False,hit_sl=True,regime=3"
0.0027206514,0.00016685418,-0.0038070357,-0.009404513,0.37590182,0.37778282,0.302019,0.33728695,0.25328878,0.3922573,0.15685132,0.1804693,0.1981982,0.6361631,0.0,0.283196,0.0003293545,0.39173117,0.6958656,0.0,1.0,0.0,0.25,0.0669873,0.108991705,0.55822784,0.40414235,0.4353116,0.3518557,0.031169245,0.40414235,0.54994154,0.0,0.37648258,1.0,4.680000000000001,2020-05-24T14:00:00,EURUSD,H1,3,BUY,9.118237008034491,21,"hit_tp=True,hit_sl=False,regime=3"
0.0015146704,0.0017867602,-0.003428104,-0.003828658,0.28739724,0.26090652,0.32494953,0.30858687,0.63418126,0.55271477,0.61445916,0.2693517,0.15851216,0.6287963,0.0,0.63076925,0.001500101,0.44768134,0.72384065,0.0,1.0,0.0,0.62940955,0.9829629,0.6506446,0.4770119,0.7062333,0.6,0.84748,0.10623333,0.39708143,0.0,0.0,0.52978384,1.0,3.9000000000000004,2020-05-26T01:00:00,EURUSD,H1,3,BUY,7.414404193892832,12,"hit_tp=True,hit_sl=False,regime=3"
0.0013589961,-0.0003074727,-0.0013660507,0.0027802936,0.67434835,0.56342083,0.50258285,0.3931577,0.3116628,0.43482828,0.40652537,0.44903684,0.19425288,0.6276218,0.0,0.28388414,0.0017439518,0.608164,0.804082,0.0,1.0,0.0,0.8535534,0.14644662,0.34677812,0.46689716,0.40825978,0.0,0.0,0.40825978,0.40825978,0.0,0.0,0.39964518,1.0,5.0,2020-05-28T09:00:00,EURUSD,H1,3,BUY,11.252772527015065,28,"hit_tp=True,hit_sl=False,regime=3"
0.0032865724,0.002699644,0.0018526036,-0.00050711725,0.6653099,0.4656746,0.35789534,0.34120592,0.5670598,0.4417273,0.26712486,0.4708407,0.15032484,0.6811168,0.0,0.54252106,0.0017226397,0.36108044,0.6805402,0.0,1.0,0.0,0.9829629,0.62940955,0.42445278,0.5005647,1.0,0.38574544,0.7714909,0.6142546,0.3557836,0.0,0.0,0.6,1.0,5.0,2020-05-30T05:00:00,EURUSD,H1,3,BUY,8.228834377783656,9,"hit_tp=True,hit_sl=False,regime=3"
0.0012921724,0.002225499,0.0018682802,-0.0013020568,0.5078404,0.434287,0.39180627,0.32294762,0.59088194,0.48711696,0.75319636,0.56601626,0.13380353,0.65999377,0.0,0.54944044,0.0017036959,0.35272995,0.67636496,0.0,1.0,0.0,0.25,0.0669873,0.6733067,0.5520349,1.0,0.0,0.0,1.0,0.3823742,0.0,0.0,0.7002063,-1.0,1.6900000000000002,2020-05-31T14:00:00,EURUSD,H1,3,BUY,-6.856098521259568,9,"hit_tp=False,hit_sl=True,regime=3"
0.002375427,0.0018526311,-0.0007351717,-0.00791559,0.32298648,0.36667922,0.2946538,0.34240472,0.4083311,0.4047903,0.093557626,0.18603668,0.19413288,0.6355477,0.0,0.52084017,0.0013351758,0.7095211,0.8547606,0.0,1.0,0.0,0.5,1.0,0.16799203,0.58311254,1.0,0.0,0.0,1.0,0.40938443,0.0,0.0,0.4597919,1.0,5.0,2020-06-01T00:00:00,EURUSD,H1,3,BUY,9.55563682638605,10,"hit_tp=True,hit_sl=False,regime=3"
0.002281068,0.0046268385,0.0053527066,0.004498224,0.18114331,0.16661218,0.19214782,0.26907972,0.309384,0.47168404,0.45163378,0.6871098,0.16297184,0.66308767,0.0,0.43322408,0.0008152501,0.7667818,0.8833909,0.0,1.0,0.0,0.5,1.0,0.3619162,0.4628895,0.88296896,0.12636945,0.2231606,0.75659955,0.4152718,0.0,0.0,0.85573035,-1.0,1.6900000000000002,2020-06-04T00:00:00,EURUSD,H1,3,BUY,-4.84451930371943,5,"hit_tp=False,hit_sl=True,regime=3"
0.0014830668,-0.00078968325,0.0047280984,0.003704655,0.3164313,0.5116341,0.33169764,0.36531347,0.7074926,0.57122344,0.7992302,0.6319574,0.23406683,0.6733851,0.0,0.5843945,0.0009079991,0.8970629,0.94853145,0.0,1.0,0.0,0.14644662,0.8535534,0.7324014,0.63916904,1.0,0.37092724,0.7418545,0.6290728,0.35425302,0.0,0.0,0.49596015,1.0,5.0,2020-06-04T21:00:00,EURUSD,H1,3,BUY,10.619378375686939,17,"hit_tp=True,hit_sl=False,regime=3"
0.0018813839,0.0009376233,0.0008501798,-0.0021733395,0.42033732,0.42263538,0.3684412,0.3486362,0.55421793,0.49103746,0.51141936,0.3543566,0.16288088,0.6461916,0.0,0.40623137,0.0014502292,0.6226391,0.8113196,0.0,1.0,0.0,0.017037086,0.37059048,0.57403445,0.5063549,0.8322651,0.38070628,0.63369703,0.4515588,0.38053486,0.0,0.0,0.5875746,-1.0,1.6900000000000002,2020-06-05T17:00:00,EURUSD,H1,3,BUY,-9.198331579693964,17,"hit_tp=False,hit_sl=True,regime=3"
0.0015665721,0.0038858303,0.0032248704,0.005953983,0.15644437,0.13609016,0.23448293,0.293794,0.50513893,0.5661849,0.8996269,0.76576686,0.2095458,0.66481763,0.0,0.6540315,0.00068582135,0.64301693,0.82150847,0.0,1.0,0.0,0.8535534,0.14644662,0.5870121,0.4638967,1.0,0.0,0.0,1.0,0.35800564,0.0,0.0,0.6067553,-1.0,1.6900000000000002,2020-06-07T09:00:00,EURUSD,H1,3,BUY,-6.1717655527071535,8,"hit_tp=False,hit_sl=True,regime=3"
0.0037794355,0.001509915,0.0025114543,-0.0053893696,0.2020015,0.2541211,0.29305574,0.29290703,0.41060463,0.4437866,0.20432982,0.18490767,0.30548605,0.6924601,0.0,0.3775184,0.00048567503,0.8110379,0.90551895,0.0,1.0,0.0,0.14644662,0.8535534,0.19697626,0.60426587,0.7775712,0.7021185,1.0,0.07545265,0.40845528,0.0,0.0,0.72163963,1.0,5.0,2020-06-08T21:00:00,EURUSD,H1,3,BUY,8.617967025992268,15,"hit_tp=True,hit_sl=False,regime=3"
-0.0037871816,-0.0013546472,-0.0004680414,0.006787314,0.28199625,0.26024312,0.25998834,0.28392228,0.6705769,0.55062234,0.8754442,0.7326388,0.2886636,0.31360322,0.0,0.5972231,0.0013647035,0.3828651,0.69143254,0.0,1.0,0.0,0.37059048,0.9829629,0.84052026,0.46173453,0.7486232,0.7594636,1.0,0.010840434,0.378102,0.50692135,0.46605837,0.51975507,1.0,3.9000000000000004,2020-06-09T23:00:00,EURUSD,H1,3,BUY,9.360456877218759,11,"hit_tp=True,hit_sl=False,regime=3"
0.0011691974,0.0009664396,0.0031196917,0.0019189517,0.46792376,0.47399855,0.37918422,0.32424563,0.6863411,0.5172024,0.71620744,0.5341138,0.10712195,0.63285583,0.0,0.7107065,0.0018881919,0.3546525,0.67732626,0.0,1.0,0.0,0.62940955,0.017037086,0.7075681,0.5208642,1.0,0.1377723,0.2755446,0.8622277,0.39867792,0.0,0.0,0.5990186,-1.0,2.028,2020-06-10T11:00:00,EURUSD,H1,3,BUY,-7.487406717194833,26,"hit_tp=False,hit_sl=True,regime=3"
0.0020046923,-0.0006529418,-0.003391974,-0.0027179695,0.52736235,0.39366296,0.3042479,0.33378494,0.31679475,0.4539377,0.09772292,0.3696614,0.15062398,0.67135614,0.0,0.2596185,0.0010588026,0.86084324,0.9304216,0.0,1.0,0.0,0.25,0.0669873,0.16861308,0.6589575,1.0,0.80489147,1.0,0.19510855,0.37477544,0.0,0.0,0.36249256,-1.0,1.6900000000000002,2020-06-11T14:00:00,EURUSD,H1,3,BUY,-8.57929517759315,10,"hit_tp=False,hit_sl=True,regime=3"
0.0014121307,0.0012729625,0.0032277273,0.0013562504,0.333258,0.33815256,0.27135646,0.29455873,0.26898155,0.45732698,0.3675923,0.5281481,0.16856524,0.63958323,0.0,0.2465053,0.000432065,0.5304306,0.76521534,0.0,1.0,0.0,0.62940955,0.9829629,0.29923972,0.5357738,1.0,0.0,0.0,1.0,0.40788558,0.0,0.0,0.6416819,-1.0,1.6900000000000002,2020-06-12T01:00:00,EURUSD,H1,3,BUY,-7.584810117819973,6,"hit_tp=False,hit_sl=True,regime=3"
0.0039676665,0.0028355054,0.0017629826,-0.0012013654,0.34084883,0.2931782,0.2956891,0.30599985,0.3270008,0.44868663,0.22741506,0.3257794,0.24587664,0.7105879,0.0,0.27566835,0.00041519836,0.4087489,0.70437443,0.0,1.0,0.0,0.9330127,0.25,0.20811734,0.51922125,1.0,0.4880058,0.9760116,0.5119942,0.41137114,0.5091564,0.4448649,0.58569956,-1.0,2.028,2020-06-12T08:00:00,EURUSD,H1,3,BUY,-6.201537938970159,26,"hit_tp=False,hit_sl=True,regime=3"
0.0035228878,0.0038577141,0.0039313813,0.0020935049,0.4271016,0.3833948,0.31883627,0.3342185,0.44691578,0.5215429,0.43725917,0.55565006,0.2020787,0.66795367,0.0,0.33368558,0.0004902509,0.5131206,0.75656027,0.0,1.0,0.0,0.5,1.0,0.3473488,0.33399504,0.40363204,0.12316372,0.09942565,0.28046834,0.40363204,0.0,0.0,1.0,-1.0,1.6900000000000002,2020-06-14T00:00:00,EURUSD,H1,3,BUY,-7.758830754174273,7,"hit_tp=False,hit_sl=True,regime=3"
-0.0015262086,-0.0035322863,-0.00093891297,0.00014498172,0.22761618,0.21594563,0.33247066,0.33802128,0.38553056,0.51595104,0.33993614,0.5316946,0.17684564,0.3716286,0.0,0.43727833,0.0005049097,0.41164914,0.70582455,0.0,1.0,0.0,0.0669873,0.25,0.32791406,0.5412947,0.43964905,0.6615124,0.5816666,0.22186333,0.36462614,0.0,0.0,0.549472,1.0,3.9000000000000004,2020-06-14T16:00:00,EURUSD,H1,3,BUY,8.605377482058252,6,"hit_tp=True,hit_sl=False,regime=3"
0.0032569577,0.0009440267,-0.002599223,-0.0047000423,0.46902156,0.5172583,0.4289121,0.37488887,0.5914466,0.55043924,0.46470508,0.38342497,0.22238684,0.6693078,0.0,0.7426754,0.0008215761,0.67003715,0.8350186,0.0,1.0,0.0,0.62940955,0.9829629,0.44144973,0.5526399,0.734703,0.6,0.88164365,0.13470303,0.3777886,0.0,0.0,0.41441682,-1.0,2.028,2020-06-15T01:00:00,EURUSD,H1,3,BUY,-8.453398708336834,35,"hit_tp=False,hit_sl=True,regime=3"
0.0031172975,0.007358296,0.0062779333,0.004194023,0.456228,0.397727,0.32403034,0.29774886,0.483529,0.5149804,0.5618144,0.6158987,0.19208054,0.67641145,0.0,0.38117957,0.0006281226,0.8655624,0.9327812,0.0,1.0,0.0,0.37059048,0.017037086,0.4737107,0.5704016,1.0,0.23031983,0.46063966,0.7696802,0.38386637,0.0,0.0,0.6216998,-1.0,1.6900000000000002,2020-06-16T13:00:00,EURUSD,H1,3,BUY,-5.759591870519998,2,"hit_tp=False,hit_sl=True,regime=3"
0.0015899385,0.0020266308,0.00085291784,0.0043744445,0.57241845,0.5589406,0.43447378,0.34335726,0.6104997,0.55296534,0.7364455,0.5141226,0.22569738,0.6652742,0.0,0.4752231,0.00069092674,0.9521673,0.97608364,0.0,1.0,0.0,0.017037086,0.37059048,0.6262361,0.5768616,0.40993798,0.59048814,0.48412699,0.18055016,0.40993798,0.0,0.0,0.6980921,1.0,5.0,2020-06-16T17:00:00,EURUSD,H1,3,BUY,9.528630338251354,19,"hit_tp=True,hit_sl=False,regime=3"
-0.007467496,-0.007322072,-0.0020591272,0.0017246268,0.2654854,0.2408764,0.22982046,0.31962964,0.660818,0.55401486,0.6721209,0.7480945,0.17852247,0.3540405,0.0,0.68591756,0.0013720295,0.43661368,0.71830684,0.0,1.0,0.0,0.14644662,0.8535534,0.76306915,0.55737823,0.8271942,1.0,1.0,0.1728058,0.36154,0.5024229,0.49318886,0.54796124,1.0,3.9000000000000004,2020-06-17T21:00:00,EURUSD,H1,3,BUY,8.260622657989547,12,"hit_tp=True,hit_sl=False,regime=3"
-0.00073847437,0.0020439292,0.0004455646,0.008650163,0.54015195,0.4229692,0.40763864,0.3923196,0.634159,0.5149386,0.9038799,0.5909324,0.24546136,0.3052628,0.0,0.6331997,0.0017616238,0.39830348,0.69915175,0.0,1.0,0.0,0.5,1.0,0.830312,0.4291173,0.6321179,0.4162392,0.5262245,0.21587875,0.35179037,0.0,0.0,0.48656183,-1.0,1.3,2020-06-19T00:00:00,EURUSD,H1,3,BUY,-8.310065854464366,5,"hit_tp=False,hit_sl=True,regime=3"
0.0023506242,0.00093346095,0.0016904104,0.0046813805,0.28024065,0.20942834,0.2713502,0.36569828,0.5573525,0.5073531,0.6222885,0.63044876,0.36344293,0.7337963,0.0,0.49344245,0.00097104406,0.69215524,0.8460776,0.0,1.0,0.0,1.0,0.5,0.56906635,0.53353053,0.97253263,0.6496188,1.0,0.3229138,0.40054905,0.0,0.0,0.711708,1.0,5.0,2020-06-21T06:00:00,EURUSD,H1,3,BUY,9.050507177621459,4,"hit_tp=True,hit_sl=False,regime=3"
-0.0028661261,0.0006220889,-0.0019483439,-0.00080457417,0.35114115,0.3515399,0.37495503,0.35615534,0.48945233,0.41879827,0.520448,0.35987142,0.33680123,0.24790171,0.0,0.6821783,0.0023849576,0.4046226,0.70231134,0.0,1.0,0.0,0.9829629,0.37059048,0.61779124,0.46996295,0.58094877,0.6718333,0.7806015,0.090884514,0.35989672,0.0,0.0,0.59269214,1.0,3.9000000000000004,2020-06-22T07:00:00,EURUSD,H1,3,BUY,10.792386271694099,14,"hit_tp=True,hit_sl=False,regime=3"
0.002879222,0.00267962,-0.0015308674,-0.0064076227,0.42581904,0.34550816,0.41370627,0.32891825,0.27025858,0.34390348,0.19585307,0.25328007,0.16423103,0.6330968,0.0,0.33863208,0.0020231018,0.6804493,0.8402246,0.0,1.0,0.0,0.75,0.0669873,0.14153701,0.45087093,1.0,0.12981147,0.25962293,0.87018853,0.35324878,0.0,0.0,0.43698424,1.0,5.0,2020-06-23T10:00:00,EURUSD,H1,3,BUY,9.639804366730065,9,"hit_tp=True,hit_sl=False,regime=3"
0.0021585159,-4.851069e-05,0.00472057,0.004236084,0.5142107,0.40181264,0.44211763,0.40705276,0.63145584,0.5164399,0.7995088,0.62981015,0.24501792,0.6913878,0.0,0.6227463,0.0011600059,0.65469193,0.82734597,0.0,1.0,0.0,0.0669873,0.75,0.57562214,0.4947845,0.5940267,0.2533506,0.300994,0.34067613,0.35735163,0.0,0.0,0.5417894,1.0,5.0,2020-06-23T20:00:00,EURUSD,H1,3,BUY,12.73730427996611,8,"hit_tp=True,hit_sl=False,regime=3"
0.002607825,0.0021298195,0.0028179118,-0.0016773563,0.1420161,0.13615811,0.26236182,0.35100242,0.65480787,0.47903508,0.4618822,0.32453352,0.14742433,0.66139656,0.0,0.72261935,0.0016654024,0.6169626,0.80848134,0.0,1.0,0.0,0.75,0.0669873,0.5547004,0.52323085,1.0,0.54755455,1.0,0.45244545,0.3519446,0.0,0.0,0.8,-1.0,1.6900000000000002,2020-06-24T10:00:00,EURUSD,H1,3,BUY,-9.018904989261944,16,"hit_tp=False,hit_sl=True,regime=3"
0.00033414527,0.0014086819,0.004346081,0.0013895667,0.23435022,0.22208236,0.29776013,0.32966182,0.32619622,0.45473123,0.3769048,0.55504334,0.16322222,0.66644156,0.0,0.5150264,0.0006437586,0.57954264,0.7897713,0.0,1.0,0.0,0.62940955,0.017037086,0.32343423,0.42723075,1.0,0.0,0.0,1.0,0.39723063,0.0,0.0,0.64613974,1.0,5.0,2020-06-25T11:00:00,EURUSD,H1,3,BUY,10.755761890755,62,"hit_tp=True,hit_sl=False,regime=3"
0.0054940605,0.0034354755,0.003270965,0.0049183522,0.295867,0.26167002,0.40718123,0.37860876,0.44236228,0.48713142,0.3659753,0.51623565,0.13574208,0.6455412,0.0,0.20334224,0.0004523075,0.52383614,0.76191807,0.0,1.0,0.0,0.0,0.5,0.296869,0.61626935,0.9448852,0.15972912,0.30185136,0.7851561,0.39932278,0.0,0.0,0.6,-1.0,1.6900000000000002,2020-06-28T18:00:00,EURUSD,H1,3,BUY,-6.475441471289756,13,"hit_tp=False,hit_sl=True,regime=3"
-0.00076261966,-0.0024589621,0.0010589518,-0.00037066903,0.21976084,0.30792516,0.32441485,0.33409274,0.550111,0.5785146,0.62744313,0.53154397,0.2,0.34471354,0.0,0.42469794,0.0010671372,0.69411796,0.84705895,0.0,1.0,0.0,0.75,0.0669873,0.537959,0.6790284,0.58498764,0.6612167,0.7736072,0.076229006,0.3935658,0.0,0.0,0.47655284,-1.0,2.028,2020-06-30T10:00:00,EURUSD,H1,3,BUY,-9.90310265952754,44,"hit_tp=False,hit_sl=True,regime=3"
0.00048851315,0.004569219,0.0026631244,0.0041526686,0.5202321,0.5688719,0.48058495,0.41033557,0.29718262,0.4455423,0.39754492,0.54000884,0.09344188,0.6167364,0.0,0.451388,0.0007462939,0.82801384,0.91400695,0.0,1.0,0.0,0.9330127,0.25,0.3429074,0.37303564,1.0,0.47828227,0.95656455,0.5217177,0.38390866,0.0,0.0,0.4452764,-1.0,2.028,2020-07-02T08:00:00,EURUSD,H1,3,BUY,-9.72769101266202,27,"hit_tp=False,hit_sl=True,regime=3"
0.0013702672,0.0035654753,-0.00016820047,0.0006569897,0.44861156,0.44675824,0.391311,0.32282275,0.3093045,0.47064173,0.3085538,0.32145044,0.2072072,0.6594313,0.0,0.28840497,0.00044092545,0.41288462,0.7064423,0.0,1.0,0.0,0.5,0.0,0.2866273,0.55173385,0.54980797,0.15636201,0.17193817,0.39344597,0.39090502,0.0,0.0,0.5126496,1.0,5.0,2020-07-03T12:00:00,EURUSD,H1,3,BUY,10.311040654558123,90,"hit_tp=True,hit_sl=False,regime=3"
0.0044494933,0.0030673791,0.0055949762,0.0049749333,0.3814488,0.29932463,0.31012306,0.31611264,0.5802803,0.5123386,0.7711628,0.62973416,0.18826185,0.64314437,0.0,0.49490684,0.0011612049,0.41217354,0.70608675,0.0,1.0,0.0,0.37059048,0.017037086,0.60025406,0.42437154,1.0,0.0,0.0,1.0,0.3960418,0.0,0.0,0.7194002,-1.0,1.6900000000000002,2020-07-08T13:00:00,EURUSD,H1,3,BUY,-6.202380156603571,11,"hit_tp=False,hit_sl=True,regime=3"
0.0033751715,0.0038528433,0.00609095,0.0070522507,0.33667573,0.33451456,0.34203628,0.34670576,0.4920223,0.5135561,0.6971812,0.67017126,0.29655173,0.6783831,0.0,0.35954446,0.0008526246,0.56634885,0.78317446,0.0,1.0,0.0,1.0,0.5,0.53625816,0.4982961,0.9688414,0.0,0.0,0.9688414,0.36045682,0.0,0.0,0.9325222,1.0,5.0,2020-07-09T06:00:00,EURUSD,H1,3,BUY,7.815154904204924,17,"hit_tp=True,hit_sl=False,regime=3"
-0.0036180257,-0.0062114703,-0.0020193183,0.0011454386,0.2562261,0.27867326,0.4205202,0.32469657,0.703811,0.49558756,0.6255642,0.71065915,0.22879377,0.35010242,0.0,0.73222744,0.0017044086,0.43943375,0.7197169,0.0,1.0,0.0,0.62940955,0.017037086,0.69713587,0.5191005,0.4,0.0,0.0,0.4,0.41531992,0.0,0.0,0.6086239,-1.0,2.028,2020-07-10T11:00:00,EURUSD,H1,3,BUY,-7.252593386779527,25,"hit_tp=False,hit_sl=True,regime=3"
0.0012030654,0.0015200924,0.003773463,0.0013228509,0.24757734,0.27949584,0.25285453,0.3096244,0.3848356,0.46793625,0.3744667,0.543587,0.18056013,0.6344067,0.0,0.26803115,0.0003066173,0.41189513,0.7059476,0.0,1.0,0.0,0.9829629,0.62940955,0.3095732,0.4839847,1.0,0.0,0.0,1.0,0.35633543,0.0,0.0,0.7913179,-1.0,1.6900000000000002,2020-07-12T05:00:00,EURUSD,H1,3,BUY,-4.762245783411778,2,"hit_tp=False,hit_sl=True,regime=3"
0.0025180723,0.0024661627,0.0003508236,-0.0014013218,0.3654253,0.3397433,0.41044596,0.3930991,0.3972307,0.46767408,0.20299914,0.30073762,0.25365853,0.6714809,0.0,0.34642726,0.0003025122,0.46404123,0.7320206,0.0,1.0,0.0,0.5,1.0,0.15994836,0.54707396,1.0,0.36092916,0.7218583,0.63907087,0.40190262,0.0,0.0,0.5224654,-1.0,1.6900000000000002,2020-07-13T00:00:00,EURUSD,H1,3,BUY,-7.220994113870116,13,"hit_tp=False,hit_sl=True,regime=3"
-0.0018456859,-0.00047489957,0.00084414193,4.2517826e-05,0.685126,0.6715172,0.43303433,0.41059545,0.5084918,0.5322715,0.63506705,0.5247242,0.17287706,0.34073263,0.0,0.6912723,0.0006915885,0.8270175,0.9135087,0.0,1.0,0.0,0.25,0.0669873,0.64621717,0.5326645,0.6,0.7244019,0.86928225,0.12440187,0.36804047,0.0,0.0,0.44417036,-1.0,1.6900000000000002,2020-07-13T14:00:00,EURUSD,H1,3,BUY,-8.06852424461102,8,"hit_tp=False,hit_sl=True,regime=3"
0.0032249019,0.004819863,-0.0015944749,0.0029369623,0.32499596,0.31274432,0.29502103,0.32149762,0.5602936,0.5211066,0.6626167,0.45959824,0.2388,0.6375285,0.0,0.46043515,0.0012416433,0.36969793,0.68484896,0.0,1.0,0.0,0.25,0.0669873,0.5729593,0.4329521,0.8281982,0.47949737,0.79423773,0.34870085,0.40113464,0.0,0.0,0.57224244,-1.0,1.56,2020-07-18T14:00:00,EURUSD,H1,3,BUY,-8.565881745341564,42,"hit_tp=False,hit_sl=True,regime=3"
0.0025313844,0.001304746,0.00021639158,-0.00048132878,0.23253907,0.20396607,0.36869177,0.34589463,0.25710946,0.45304978,0.35618073,0.5774831,0.16557276,0.655064,0.0,0.35141116,0.0004280819,0.41657808,0.708289,0.0,1.0,0.0,0.0669873,0.25,0.2867718,0.5422146,0.8439685,0.7432925,1.0,0.10067595,0.3573257,0.0,0.0,0.5133963,-1.0,1.3,2020-07-20T16:00:00,EURUSD,H1,3,BUY,-7.994597999549935,17,"hit_tp=False,hit_sl=True,regime=3"
0.0011763553,0.0055489517,0.0057016467,0.009160917,0.25292522,0.2888425,0.31361288,0.3249504,0.45160443,0.54442644,0.6196027,0.7547148,0.23570058,0.64406514,0.0,0.40374917,0.000579598,0.5463891,0.77319455,0.0,1.0,0.0,0.25,0.0669873,0.4966245,0.6580391,0.5785648,0.13818277,0.15989539,0.44038206,0.39684442,0.0,0.0,0.723819,1.0,5.0,2020-07-21T14:00:00,EURUSD,H1,3,BUY,8.70114785388898,26,"hit_tp=True,hit_sl=False,regime=3"
0.00079963857,-0.0015500117,-0.0007792365,0.0006889651,0.3275946,0.29352975,0.29516858,0.3176756,0.6630994,0.5229761,0.59821457,0.40930593,0.24961714,0.6896871,0.0,0.58899593,0.0010569678,0.48987672,0.7449384,0.0,1.0,0.0,0.017037086,0.37059048,0.63102704,0.45627728,0.7195985,0.8,1.0,0.080401525,0.3603097,0.0,0.0,0.522382,-1.0,1.56,2020-07-22T17:00:00,EURUSD,H1,3,BUY,-7.271663533194861,35,"hit_tp=False,hit_sl=True,regime=3"
-0.00031439937,0.0014979647,-0.0012978305,-0.004251109,0.23697296,0.24181484,0.22167732,0.25056368,0.22468637,0.3821034,0.26819104,0.2847304,0.2286166,0.33474573,0.0,0.2539427,0.00045520163,0.64071035,0.8203552,0.0,1.0,0.0,0.9829629,0.62940955,0.22680576,0.47705752,0.5180962,0.0,0.0,0.5180962,0.37148967,0.0,0.0,0.43832302,-1.0,1.6900000000000002,2020-07-24T05:00:00,EURUSD,H1,3,BUY,-4.717112370460352,3,"hit_tp=False,hit_sl=True,regime=3"
-0.0019263679,0.00025702416,-0.0038046946,-0.004580656,0.6421984,0.46709636,0.3622202,0.33975732,0.16277136,0.40381855,0.26955906,0.33350077,0.22268398,0.35049796,0.0,0.140174,0.0002800189,0.38376808,0.69188404,0.0,1.0,0.0,0.8535534,0.14644662,0.27620727,0.46841535,0.5549184,0.60757434,0.67430836,0.05265589,0.38180754,0.0,0.0,0.5414404,1.0,3.9000000000000004,2020-07-24T09:00:00,EURUSD,H1,3,BUY,6.986814191716206,2,"hit_tp=True,hit_sl=False,regime=3"
0.00049257383,-0.0022252775,0.002448352,0.0027054076,0.602389,0.56095433,0.47607207,0.36846757,0.32453388,0.46796897,0.3338625,0.4706282,0.24204153,0.6648191,0.0,0.29017755,0.00040238723,0.5515424,0.7757712,0.0,1.0,0.0,0.5,0.0,0.33422306,0.5843502,0.84455574,0.4150933,0.70113885,0.4294624,0.38180754,0.0,0.0,0.43748456,-1.0,1.6900000000000002,2020-07-24T12:00:00,EURUSD,H1,3,BUY,-7.202144898270646,19,"hit_tp=False,hit_sl=True,regime=3"
0.0008828533,0.0019043337,0.0014664645,-0.00045017822,0.32271874,0.30865973,0.32219654,0.32694337,0.2639158,0.47607705,0.33109134,0.50745285,0.30527362,0.69667405,0.0,0.2737463,0.0003382597,0.35215962,0.6760798,0.0,1.0,0.0,0.37059048,0.9829629,0.2809828,0.4022907,1.0,0.24195448,0.48390895,0.7580455,0.40325746,0.0,0.0,0.62617385,1.0,5.0,2020-07-25T23:00:00,EURUSD,H1,3,BUY,7.352084353784427,15,"hit_tp=True,hit_sl=False,regime=3"
0.0028352083,0.0014659303,0.0013358123,-0.000771162,0.5220334,0.4950715,0.37270293,0.36124545,0.7092306,0.56455356,0.5914916,0.49437994,0.14058787,0.6372096,0.0,0.65891236,0.0011830032,0.55599225,0.7779961,0.0,1.0,0.0,0.25,0.9330127,0.6316697,0.56503844,0.845123,0.53377634,0.9022133,0.31134668,0.3619527,0.0,0.0,0.59246075,1.0,5.0,2020-07-26T22:00:00,EURUSD,H1,3,BUY,9.643913685970507,14,"hit_tp=True,hit_sl=False,regime=3"
0.0018612441,0.0021073776,0.00779431,0.006867475,0.5517846,0.41458082,0.35516384,0.39571166,0.6369538,0.5226308,1.0,0.70156777,0.15787321,0.6817249,0.0,0.5828437,0.0015989513,0.44477162,0.7223858,0.0,1.0,0.0,0.37059048,0.017037086,0.894961,0.55829287,0.40579474,0.0,0.0,0.40579474,0.40579474,0.0,0.0,0.7433196,-1.0,2.028,2020-07-27T13:00:00,EURUSD,H1,3,BUY,-8.707733288699782,26,"hit_tp=False,hit_sl=True,regime=3"
0.001505339,0.0015088066,0.0024923168,0.009671042,0.37835923,0.48759812,0.49162847,0.34401086,0.40657234,0.48350847,0.55671465,0.7560058,0.13738924,0.64159167,0.0,0.3657715,0.00091621216,0.9859482,0.9929741,0.0,1.0,0.0,0.0669873,0.75,0.44285434,0.61137635,0.70053715,0.0,0.0,0.70053715,0.3506747,0.0,0.0,0.96241224,-1.0,2.028,2020-07-28T20:00:00,EURUSD,H1,3,BUY,-8.581429324026058,26,"hit_tp=False,hit_sl=True,regime=3"
-9.735282e-05,0.0015137469,0.0012488619,-0.004886971,0.42453036,0.41065976,0.3485145,0.3464002,0.15494776,0.42641425,0.28182626,0.39067662,0.12751135,0.34740162,0.0,0.2823746,0.0005720781,0.63295066,0.81647533,0.0,1.0,0.0,0.37059048,0.9829629,0.24679889,0.5860061,0.8,0.35474148,0.5675864,0.4452585,0.39195615,0.0,0.0,0.42960277,0.0,1.56,2020-07-29T23:00:00,EURUSD,H1,3,BUY,3.157772254600566,100,"hit_tp=False,hit_sl=False,regime=3"
0.00058158906,0.00014821174,0.002098437,-0.0025754985,0.14735566,0.36326522,0.38542387,0.3322399,0.5443901,0.46643856,0.33248934,0.42687362,0.3095064,0.7114073,0.0,0.42970622,0.00065272587,0.9728159,0.98640794,0.0,1.0,0.0,0.9330127,0.75,0.38377726,0.6288076,1.0,0.0,0.0,1.0,0.418363,0.0,0.0,0.51768965,1.0,5.0,2020-08-03T04:00:00,EURUSD,H1,3,BUY,9.408134980382066,30,"hit_tp=True,hit_sl=False,regime=3"
0.0017207778,0.00047411004,-0.0029108345,-0.005133475,0.52442694,0.49761868,0.38576704,0.38577217,0.47586513,0.4628479,0.27753937,0.32201606,0.2035473,0.64904964,0.0,0.42204198,0.0008232589,0.93312687,0.96656346,0.0,1.0,0.0,0.9330127,0.75,0.29410073,0.56092536,0.73005575,0.35323763,0.5157663,0.37681812,0.38179347,0.0,0.0,0.36251462,-1.0,1.6900000000000002,2020-08-05T04:00:00,EURUSD,H1,3,BUY,-8.753798959904024,12,"hit_tp=False,hit_sl=True,regime=3"
0.0027671137,0.0020599074,0.002616182,-0.0023686814,0.17467062,0.18697247,0.26341215,0.30700684,0.3900382,0.4420385,0.27776453,0.34080678,0.1420859,0.64580387,0.0,0.43891776,0.0003733857,0.45331708,0.7266585,0.0,1.0,0.0,0.14644662,0.8535534,0.21149641,0.535999,1.0,0.56950885,1.0,0.43049115,0.40118292,0.0,0.0,0.8,-1.0,1.6900000000000002,2020-08-05T21:00:00,EURUSD,H1,3,BUY,-5.35978282303784,6,"hit_tp=False,hit_sl=True,regime=3"
0.0009864229,0.002766038,0.0021469602,-0.0010327132,0.2748719,0.30268016,0.2552404,0.2699275,0.3448213,0.47712722,0.31075752,0.39855242,0.2484898,0.68693566,0.0,0.36967626,0.00038314413,0.4183606,0.7091803,0.0,1.0,0.0,0.9330127,0.75,0.30476588,0.5164614,1.0,0.41366774,0.8273355,0.58633226,0.35411954,0.0,0.0,0.5748587,1.0,5.0,2020-08-06T04:00:00,EURUSD,H1,3,BUY,7.3448002081377695,5,"hit_tp=True,hit_sl=False,regime=3"
0.0007984968,0.0006662576,-0.0027043368,0.002792487,0.4694031,0.38370964,0.42201847,0.34931928,0.6068135,0.5543567,0.63768196,0.35008407,0.11297117,0.62552226,0.0,0.69427913,0.00054515176,0.65719634,0.8285982,0.0,1.0,0.0,0.017037086,0.37059048,0.6045666,0.42555162,1.0,0.42298296,0.8459659,0.57701707,0.38357717,0.0,0.0,0.3113713,1.0,5.0,2020-08-06T17:00:00,EURUSD,H1,3,BUY,9.459566412710618,11,"hit_tp=True,hit_sl=False,regime=3"
-0.000818769,-0.002198582,-0.00064733106,0.00097419065,0.45472017,0.35345706,0.34885144,0.34983468,0.7003016,0.5722961,0.68934435,0.56465024,0.13414949,0.36636412,0.0,0.71218216,0.0009869696,0.7732894,0.88664466,0.0,1.0,0.0,0.9829629,0.62940955,0.74425554,0.6167307,0.62636155,0.6560033,0.82179046,0.029641794,0.3772692,0.0,0.0,0.5309979,-1.0,1.6900000000000002,2020-08-07T05:00:00,EURUSD,H1,3,BUY,-7.592206314031014,9,"hit_tp=False,hit_sl=True,regime=3"
-0.0003714718,0.0038475683,0.0061750347,0.0007855134,0.28939497,0.2845183,0.29418355,0.32403967,0.43867555,0.45646647,0.44306,0.56498873,0.2722377,0.3169706,0.0,0.47084412,0.00077921385,0.9682884,0.9841442,0.0,1.0,0.0,0.14644662,0.14644662,0.4880334,0.5869628,0.91335857,0.2613562,0.47742388,0.65200233,0.3916982,0.0,0.0,0.23222734,1.0,5.0,2020-08-07T15:00:00,EURUSD,H1,3,BUY,8.479595392576478,11,"hit_tp=True,hit_sl=False,regime=3"
-0.0025231442,-0.005570198,0.00014411026,-0.004248662,0.32093954,0.26781026,0.42311427,0.38637188,0.47541788,0.46931696,0.23467,0.38862523,0.32098523,0.3046536,0.0,0.4421071,0.0007335326,0.91148096,0.9557405,0.0,1.0,0.0,0.5,0.0,0.45173442,0.51784086,0.6,0.6922845,0.8307414,0.09228451,0.3526083,0.0,0.0,0.5341362,-1.0,1.6900000000000002,2020-08-08T12:00:00,EURUSD,H1,3,BUY,-10.314795444932301,15,"hit_tp=False,hit_sl=True,regime=3"
-0.0009790448,-0.0010086898,0.0009860862,0.0022790178,0.2986714,0.33683702,0.27885687,0.3048982,0.49203876,0.53227264,0.5892514,0.71384025,0.3646672,0.2505087,0.0,0.39624375,0.0005297847,0.50419044,0.7520952,0.0,1.0,0.0,0.14644662,0.14644662,0.45942438,0.5654175,0.6044147,0.6559634,0.7929479,0.05154876,0.36623895,0.0,0.0,0.5955888,1.0,4.680000000000001,2020-08-09T15:00:00,EURUSD,H1,3,BUY,9.202392980591778,43,"hit_tp=True,hit_sl=False,regime=3"
0.0012820797,0.0012348248,0.0011893748,0.006321332,0.41520843,0.35649717,0.32770717,0.3251307,0.7754315,0.62661505,0.7604399,0.7094696,0.11462307,0.64316183,0.0,0.72100663,0.0013351914,0.37303412,0.68651706,0.0,1.0,0.0,0.62940955,0.017037086,0.7917731,0.49228835,1.0,0.0,0.0,1.0,0.3800231,0.0,0.0,0.6,-1.0,1.6900000000000002,2020-08-11T11:00:00,EURUSD,H1,3,BUY,-6.973898898643416,13,"hit_tp=False,hit_sl=True,regime=3"
-0.004279619,-0.0028624786,-0.002154467,-0.0010289435,0.198808,0.20882908,0.33285058,0.35412106,0.63997334,0.52073073,0.6982786,0.57779586,0.15467052,0.3772809,0.0,0.6835872,0.0015327361,0.4933879,0.74669397,0.0,1.0,0.0,0.62940955,0.017037086,0.7715087,0.4226566,0.52582294,1.0,1.0,0.47417706,0.366868,0.0,0.0,0.6,1.0,5.0,2020-08-12T11:00:00,EURUSD,H1,3,BUY,9.727280661175897,42,"hit_tp=True,hit_sl=False,regime=3"
0.0013324693,0.001472596,0.00022122063,0.0055565187,0.48191524,0.3409767,0.4115293,0.38433382,0.6036778,0.53820556,0.73295975,0.58582217,0.29428008,0.68274975,0.0,0.5428688,0.0012471844,0.54562455,0.77281225,0.0,1.0,0.0,0.9829629,0.37059048,0.7477092,0.5310171,0.6726348,0.6,0.80716175,0.07263481,0.36118993,0.0,0.0,0.69350153,1.0,3.9000000000000004,2020-08-14T07:00:00,EURUSD,H1,3,BUY,10.910572635076665,8,"hit_tp=True,hit_sl=False,regime=3"
-0.005009378,-0.0050340476,-0.0018197228,-0.00080021797,0.3600285,0.30067074,0.34316176,0.3109793,0.36373067,0.47446355,0.6337049,0.67683655,0.2371308,0.3322203,0.0,0.47362113,0.0015948811,0.6592772,0.8296386,0.0,1.0,0.0,0.9330127,0.75,0.66948795,0.4152641,0.4,0.40463054,0.32370442,0.0046305396,0.40463054,0.0,0.0,0.76437664,-1.0,1.6900000000000002,2020-08-15T04:00:00,EURUSD,H1,3,BUY,-7.625063967191537,4,"hit_tp=False,hit_sl=True,regime=3"
0.0019381017,0.0041727577,0.0018734442,0.0027405424,0.4534373,0.32371724,0.36719257,0.34049618,0.16709726,0.39908338,0.33121118,0.48160794,0.20537001,0.6851866,0.0,0.21387336,0.00084417465,0.70911485,0.85455745,0.0,1.0,0.0,0.0669873,0.25,0.27240613,0.49204028,0.9302366,0.6,1.0,0.33023658,0.37284908,0.0,0.0,0.57969964,-1.0,2.028,2020-08-15T16:00:00,EURUSD,H1,3,BUY,-8.932604983653558,60,"hit_tp=False,hit_sl=True,regime=3"
0.0051611704,0.0059815296,0.006693005,-0.0007346047,0.31856295,0.39150977,0.32093275,0.34163684,0.38115746,0.4666264,0.35734013,0.37818012,0.15781742,0.68900967,0.0,0.38362196,0.00049934624,0.5818226,0.79091126,0.0,1.0,0.0,0.9829629,0.37059048,0.2588138,0.37762803,0.47668213,0.0,0.0,0.47668213,0.37938628,0.0,0.0,1.0,-1.0,1.6900000000000002,2020-08-18T07:00:00,EURUSD,H1,3,BUY,-6.1447246490264895,14,"hit_tp=False,hit_sl=True,regime=3"
0.0011054461,0.002422999,0.00073291286,0.00077672716,0.22710809,0.27284876,0.34515974,0.32960376,0.36552235,0.46370298,0.30938342,0.45514992,0.143095,0.67065847,0.0,0.4795162,0.00036633594,0.39212674,0.69606334,0.0,1.0,0.0,0.62940955,0.9829629,0.29186466,0.50137925,0.68618846,0.5034064,0.6908633,0.18278201,0.3663335,0.0,0.0,0.5612708,1.0,3.9000000000000004,2020-08-19T01:00:00,EURUSD,H1,3,BUY,8.045349987475525,9,"hit_tp=True,hit_sl=False,regime=3"
0.0064580743,0.003286945,0.0013195482,-0.00041952627,0.32013863,0.33207,0.41537043,0.38305762,0.7601994,0.5317839,0.58086634,0.39557943,0.17156398,0.6596328,0.0,0.6953385,0.0013841427,0.3916914,0.6958457,0.0,1.0,0.0,0.25,0.9330127,0.5656772,0.46450034,0.8394761,0.3122293,0.5242181,0.5272468,0.39028662,0.0,0.0,0.5341459,-1.0,2.028,2020-08-19T22:00:00,EURUSD,H1,3,BUY,-9.596033396870318,33,"hit_tp=False,hit_sl=True,regime=3"
0.0015424578,0.0042323293,0.0060278345,0.0067806644,0.374724,0.39372212,0.36202762,0.3433174,0.2476819,0.4542711,0.42040494,0.71860904,0.16122754,0.6308828,0.0,0.28143284,0.00065781624,0.66481024,0.8324051,0.0,1.0,0.0,0.25,0.0669873,0.3488657,0.41193438,1.0,0.0,0.0,1.0,0.35498023,0.0,0.0,0.7535678,1.0,5.0,2020-08-21T14:00:00,EURUSD,H1,3,BUY,9.895722543453722,11,"hit_tp=True,hit_sl=False,regime=3"
0.0053855074,0.0042839125,0.001159224,0.0005100739,0.29133353,0.2691989,0.36435613,0.35091645,0.6115063,0.53660405,0.61578995,0.38571584,0.10567901,0.62645876,0.0,0.588537,0.0015182117,0.3711455,0.68557274,0.0,1.0,0.0,0.25,0.0669873,0.5752675,0.42666626,1.0,0.50341445,1.0,0.49658558,0.37864023,0.0,0.0,0.5361897,1.0,5.0,2020-08-22T14:00:00,EURUSD,H1,3,BUY,11.821872323982685,25,"hit_tp=True,hit_sl=False,regime=3"
0.002066838,0.004829755,0.00730584,0.008726637,0.52029514,0.46113664,0.42214796,0.37568942,0.6678625,0.5450105,0.97357875,0.67399013,0.17721297,0.6251216,0.0,0.7204795,0.0018688565,0.3672952,0.68364763,0.0,1.0,0.0,0.0669873,0.25,0.8926395,0.5099861,0.46789336,0.0,0.0,0.46789336,0.3767286,0.0,0.0,0.76978564,-1.0,1.6900000000000002,2020-08-23T16:00:00,EURUSD,H1,3,BUY,-9.183321822776591,19,"hit_tp=False,hit_sl=True,regime=3"
0.0028029587,0.005113867,0.004759332,0.0008080554,0.42149848,0.47145724,0.30107886,0.30140576,0.46636808,0.43449014,0.36299288,0.5077615,0.1861131,0.65917873,0.0,0.46963736,0.0007951983,0.9416581,0.97082907,0.0,1.0,0.0,0.5,0.0,0.25436193,0.6195555,0.8,0.2633617,0.4213787,0.5366383,0.36579514,0.0,0.0,0.70758414,1.0,5.0,2020-08-24T12:00:00,EURUSD,H1,3,BUY,8.950862342465005,5,"hit_tp=True,hit_sl=False,regime=3"
0.00066149,-0.0019834759,-0.004311111,0.0007653494,0.34107545,0.31657755,0.28770894,0.30110025,0.7119148,0.56585115,0.6491016,0.43351957,0.16365042,0.6338747,0.0,0.6640033,0.0013386098,0.48979193,0.74489594,0.0,1.0,0.0,0.14644662,0.8535534,0.69302577,0.5591854,0.6744385,0.76247257,1.0,0.08803408,0.3820634,0.0,0.0,0.2704316,-1.0,1.56,2020-08-24T21:00:00,EURUSD,H1,3,BUY,-8.33511532835951,33,"hit_tp=False,hit_sl=True,regime=3"
-0.00208828,-0.00069131935,0.000344462,-0.0027264745,0.32839623,0.3558273,0.31271616,0.36373088,0.5022667,0.4992754,0.56775296,0.52909464,0.19198932,0.32423866,0.0,0.5055956,0.0007529091,0.87713397,0.938567,0.0,1.0,0.0,0.37059048,0.017037086,0.48102522,0.42523098,0.6776231,0.74913704,1.0,0.07151397,0.38487834,0.0,0.0,0.4771449,1.0,5.0,2020-08-26T13:00:00,EURUSD,H1,3,BUY,6.9936351534427565,4,"hit_tp=True,hit_sl=False,regime=3"
0.00238144,0.0052721673,0.003002238,0.006955982,0.2488653,0.36398917,0.38007253,0.36019924,0.58126754,0.5827181,0.88383645,0.60628206,0.21294196,0.69105625,0.0,0.58294195,0.0008199169,0.86428255,0.93214124,0.0,1.0,0.0,0.9829629,0.62940955,0.6203581,0.50832146,0.95817596,0.0,0.0,0.95817596,0.38837233,0.0,0.0,0.5894877,-1.0,1.6900000000000002,2020-08-28T05:00:00,EURUSD,H1,3,BUY,-7.194188673587121,9,"hit_tp=False,hit_sl=True,regime=3"
0.004374087,0.0043125427,0.00892069,0.011187193,0.42274153,0.32786614,0.43221626,0.38183698,0.7475851,0.59907645,0.9417498,0.8519448,0.35456505,0.777595,0.0,0.6242095,0.001195083,0.52679944,0.7633997,0.0,1.0,0.0,0.9330127,0.75,0.6827477,0.49608853,1.0,0.0,0.0,1.0,0.4049443,0.0,0.0,0.69025993,1.0,5.0,2020-08-29T04:00:00,EURUSD,H1,3,BUY,12.899621184259136,46,"hit_tp=True,hit_sl=False,regime=3"
0.0014180709,0.0014080363,-0.0043798587,-0.0044875927,0.32509276,0.39087138,0.3646866,0.35525578,0.42620775,0.48706773,0.33319566,0.18844649,0.16632947,0.6309102,0.0,0.55154836,0.00036823488,0.44140497,0.72070247,0.0,1.0,0.0,0.37059048,0.017037086,0.32169354,0.42748994,1.0,0.6,1.0,0.4,0.35421163,0.0,0.0,0.3178897,-1.0,1.6900000000000002,2020-09-01T13:00:00,EURUSD,H1,3,BUY,-7.62116851161565,5,"hit_tp=False,hit_sl=True,regime=3"
0.0032343145,0.0032391835,0.002653378,-0.0026323244,0.46197024,0.37765163,0.3502809,0.35546327,0.36112702,0.4785604,0.30412242,0.40686405,0.21293452,0.6585802,0.0,0.3361519,0.0004452773,0.40541968,0.70270985,0.0,1.0,0.0,0.62940955,0.9829629,0.2689104,0.47011724,0.6421949,0.26559776,0.34113106,0.3765972,0.37403664,0.0,0.0,0.8,-1.0,1.3,2020-09-02T01:00:00,EURUSD,H1,3,BUY,-7.57114016232574,15,"hit_tp=False,hit_sl=True,regime=3"
0.0025216,0.00018250773,0.002686373,0.00029687726,0.21660946,0.23165004,0.32712126,0.30707803,0.5422617,0.55568635,0.6066714,0.5269861,0.18892404,0.63948536,0.0,0.53685313,0.0005942259,0.5792817,0.78964084,0.0,1.0,0.0,1.0,0.5,0.4416076,0.5118317,0.82876366,0.0,0.0,0.82876366,0.3978799,0.0,0.0,0.60543966,-1.0,1.6900000000000002,2020-09-03T06:00:00,EURUSD,H1,3,BUY,-6.935141638846343,13,"hit_tp=False,hit_sl=True,regime=3"
7.181303e-05,0.0043248627,0.0004937826,-0.002594762,0.56653535,0.4402503,0.36171225,0.32425964,0.48825714,0.50495076,0.42306688,0.43607214,0.18618181,0.6543188,0.0,0.54044485,0.0006884739,0.87872314,0.9393616,0.0,1.0,0.0,0.0669873,0.75,0.46026364,0.41683626,0.5480223,0.39804605,0.43627623,0.14997624,0.3625506,0.0,0.0,0.40528417,-1.0,1.6900000000000002,2020-09-03T20:00:00,EURUSD,H1,3,BUY,-7.320434772923878,11,"hit_tp=False,hit_sl=True,regime=3"
0.0037087477,-0.0004176204,0.00022428954,-0.0021595808,0.3745881,0.42103133,0.36235386,0.35565805,0.6119534,0.51533765,0.45841923,0.3007162,0.24051096,0.6618506,0.0,0.5934892,0.0010412745,0.7278039,0.863902,0.0,1.0,0.0,0.5,1.0,0.5144957,0.42211732,0.40501624,1.0,0.8100325,0.59498376,0.40501624,0.0,0.0,0.66249675,-1.0,1.6900000000000002,2020-09-05T00:00:00,EURUSD,H1,3,BUY,-6.391015951852097,5,"hit_tp=False,hit_sl=True,regime=3"
0.00028085985,-0.0011218179,-0.00079860043,-0.0040695164,0.1318397,0.12066865,0.18964562,0.31585225,0.5540433,0.5874467,0.63861114,0.42195994,0.24991652,0.6835567,0.0,0.3861123,0.0011018026,0.8590401,0.9295201,0.0,1.0,0.0,0.75,0.9330127,0.5865834,0.6484008,0.6083234,0.8,0.97331744,0.1916766,0.41737786,0.0,0.0,0.48396933,1.0,5.0,2020-09-06T02:00:00,EURUSD,H1,3,BUY,9.94717713718618,11,"hit_tp=True,hit_sl=False,regime=3"
0.00072487484,-0.0026086846,-0.0021363476,-0.00015021786,0.2442485,0.2358785,0.27844715,0.29035288,0.6799351,0.56949806,0.6341402,0.45311826,0.1794028,0.6725887,0.0,0.64343643,0.0016200597,0.73623586,0.8681179,0.0,1.0,0.0,0.25,0.0669873,0.66107947,0.51653415,0.87413555,0.8,1.0,0.07413558,0.41756916,0.0,0.0,0.49598148,-1.0,1.6900000000000002,2020-09-06T14:00:00,EURUSD,H1,3,BUY,-7.4027526910280805,15,"hit_tp=False,hit_sl=True,regime=3"
0.003360452,0.00056338764,-0.0015724592,-0.001064383,0.32356176,0.45582157,0.3810841,0.35982844,0.3265611,0.464859,0.20557493,0.42096236,0.17275886,0.64566535,0.0,0.23144844,0.00069639547,0.55234426,0.7761721,0.0,1.0,0.0,0.017037086,0.62940955,0.23702852,0.6014298,0.70024246,0.9093544,1.0,0.20911191,0.40825605,0.0,0.0,0.4431071,-1.0,2.028,2020-09-07T19:00:00,EURUSD,H1,3,BUY,-8.398410639904874,42,"hit_tp=False,hit_sl=True,regime=3"
0.0011464469,0.004307844,0.0028157218,0.0036045832,0.1695261,0.20812492,0.25369534,0.32918173,0.30624333,0.50084907,0.4922577,0.7187368,0.17859952,0.6396304,0.0,0.37700406,0.00048280437,0.5375559,0.7687779,0.0,1.0,0.0,1.0,0.5,0.39665118,0.5074312,1.0,0.6,1.0,0.4,0.36421752,0.0,0.0,0.51862156,-1.0,1.6900000000000002,2020-09-10T06:00:00,EURUSD,H1,3,BUY,-7.674712526830607,7,"hit_tp=False,hit_sl=True,regime=3"
0.0014518695,-0.00064879603,0.0013082952,-0.002821924,0.23124337,0.3202836,0.23243129,0.26266506,0.39491364,0.48784792,0.19901463,0.46451327,0.17804332,0.64356273,0.0,0.3189883,0.00039842416,0.39919302,0.6995965,0.0,1.0,0.0,0.0669873,0.25,0.18409924,0.5632391,0.4198664,0.5232494,0.43938968,0.10338295,0.36765078,0.0,0.0,0.5581047,-1.0,1.3,2020-09-10T16:00:00,EURUSD,H1,3,BUY,-4.914051218996018,6,"hit_tp=False,hit_sl=True,regime=3"
0.0059601422,0.00368574,0.0017742574,0.0054062847,0.28149042,0.2941285,0.36121055,0.3619751,0.64888626,0.56813794,0.6770808,0.4481378,0.22052372,0.69324684,0.0,0.713283,0.0011419342,0.9848286,0.9924143,0.0,1.0,0.0,0.62940955,0.017037086,0.55509025,0.63908553,0.9368357,0.3227167,0.60466504,0.614119,0.4033959,0.0,0.0,0.5524743,-1.0,1.6900000000000002,2020-09-11T11:00:00,EURUSD,H1,3,BUY,-8.542368301156511,13,"hit_tp=False,hit_sl=True,regime=3"
0.0022688091,0.000551514,1.7304323e-05,-0.0008568713,0.22228704,0.2787781,0.35420164,0.31811535,0.38732728,0.4608752,0.27339315,0.44615704,0.23189144,0.67193586,0.0,0.344443,0.0006279815,0.9011277,0.95056385,0.0,1.0,0.0,0.9829629,0.62940955,0.21840501,0.62426424,0.7201982,0.5075618,0.7310902,0.21263637,0.40131763,0.0,0.0,0.5011482,-1.0,1.6900000000000002,2020-09-12T05:00:00,EURUSD,H1,3,BUY,-6.845927153473763,10,"hit_tp=False,hit_sl=True,regime=3"
0.001942091,0.0019034309,0.0025979362,0.0014736335,0.24381351,0.37393972,0.34751433,0.38497815,0.3535402,0.4953787,0.36954588,0.5269354,0.21597846,0.6448509,0.0,0.43347722,0.000458186,0.3869898,0.6934949,0.0,1.0,0.0,0.37059048,0.017037086,0.30940497,0.36953834,1.0,0.0,0.0,1.0,0.40464103,0.0,0.0,0.8,1.0,5.0,2020-09-13T13:00:00,EURUSD,H1,3,BUY,9.255832876644554,51,"hit_tp=True,hit_sl=False,regime=3"
0.0026739328,0.0029003518,0.00557811,0.00069251005,0.58050793,0.47005042,0.4352374,0.3521505,0.5769709,0.48247755,0.47041747,0.48857754,0.25356224,0.6788307,0.0,0.5924213,0.0013182013,0.41125754,0.70562875,0.0,1.0,0.0,0.62940955,0.9829629,0.5455089,0.46429092,0.6815503,0.0,0.0,0.6815503,0.35663712,0.0,0.0,0.88765854,1.0,5.0,2020-09-16T01:00:00,EURUSD,H1,3,BUY,8.84187670972425,6,"hit_tp=True,hit_sl=False,regime=3"
0.0022447866,0.0026545387,0.0022647537,0.00066230923,0.26766202,0.22825359,0.30557647,0.34965068,0.71923596,0.5074483,0.67485493,0.59104943,0.20493005,0.686369,0.0,0.5821047,0.0016338287,0.35994965,0.6799748,0.0,1.0,0.0,0.37059048,0.017037086,0.66154927,0.46284008,0.4015518,0.20401472,0.16384496,0.19753711,0.4015518,0.0,0.0,0.8,-1.0,1.3,2020-09-16T13:00:00,EURUSD,H1,3,BUY,-8.648397578352451,11,"hit_tp=False,hit_sl=True,regime=3"
-0.0025475437,0.0016593575,0.00074844615,-0.0018915896,0.29868066,0.255062,0.18162192,0.28693596,0.33973673,0.4218012,0.36422843,0.4846294,0.2260479,0.32211947,0.0,0.26455942,0.00082037353,0.9740552,0.9870276,0.0,1.0,0.0,0.62940955,0.9829629,0.3783109,0.5356427,0.8,0.0,0.0,0.8,0.4021925,0.0,0.0,0.59942186,-1.0,1.6900000000000002,2020-09-17T01:00:00,EURUSD,H1,3,BUY,-5.423945755658188,7,"hit_tp=False,hit_sl=True,regime=3"
0.005887215,0.0077871126,0.0071904743,0.002726221,0.32801744,0.46927735,0.4969394,0.35934356,0.35336766,0.44427493,0.313835,0.33246747,0.31732908,0.7302013,0.0,0.2905865,0.00049353496,0.55654794,0.778274,0.0,1.0,0.0,0.25,0.0669873,0.23415846,0.47701523,0.8,0.8014522,1.0,0.0014521945,0.35185328,0.0,0.0,0.8,1.0,3.9000000000000004,2020-09-17T14:00:00,EURUSD,H1,3,BUY,10.29322534223942,19,"hit_tp=True,hit_sl=False,regime=3"
0.0025532981,0.0013580087,-0.0048751137,-0.0022598458,0.23851904,0.25180545,0.35759142,0.35880744,0.3964426,0.47648403,0.180394,0.28280425,0.34498566,0.7222802,0.0,0.42157286,0.0007945483,0.837076,0.918538,0.0,1.0,0.0,0.25,0.0669873,0.20311993,0.4916187,0.8560465,0.90400565,1.0,0.047959164,0.38000706,0.0,0.0,0.35345066,1.0,5.0,2020-09-18T14:00:00,EURUSD,H1,3,BUY,11.714822829382854,30,"hit_tp=True,hit_sl=False,regime=3"
0.0033977504,0.0017806016,-0.0013501021,-0.0014800715,0.51825434,0.44376564,0.43457285,0.34483242,0.4754837,0.45920268,0.38692778,0.36699605,0.18095239,0.6654558,0.0,0.3886209,0.0008858314,0.8559462,0.9279731,0.0,1.0,0.0,0.8535534,0.8535534,0.3254228,0.4954316,0.8502103,0.9011038,1.0,0.050893486,0.37637973,0.0,0.0,0.45026615,-1.0,1.6900000000000002,2020-09-20T03:00:00,EURUSD,H1,3,BUY,-8.821697022436403,6,"hit_tp=False,hit_sl=True,regime=3"
0.0011404256,0.000988882,0.0034565248,-0.0016699155,0.089596495,0.35328415,0.2903705,0.35334527,0.35974124,0.4420297,0.34675837,0.44687793,0.12194583,0.6384511,0.0,0.40509126,0.0005738826,0.7558975,0.87794876,0.0,1.0,0.0,0.5,0.0,0.299775,0.40728006,1.0,0.29727972,0.59455943,0.7027203,0.37159964,0.0,0.0,0.5820214,-1.0,1.6900000000000002,2020-09-20T12:00:00,EURUSD,H1,3,BUY,-7.822077214969525,6,"hit_tp=False,hit_sl=True,regime=3"
0.0051969504,0.006091133,0.0054231095,0.0078326985,0.6580764,0.5064131,0.38322455,0.35333806,0.5435341,0.52425385,0.59368867,0.6808792,0.19176276,0.6501933,0.0,0.5044585,0.0007966582,0.88486904,0.9424345,0.0,1.0,0.0,0.37059048,0.9829629,0.40270254,0.30795085,0.9673172,0.0,0.0,0.9673172,0.3888419,0.0,0.0,0.8,1.0,5.0,2020-09-20T23:00:00,EURUSD,H1,3,BUY,8.46410823210908,18,"hit_tp=True,hit_sl=False,regime=3"
0.0025171046,-0.002961326,-0.00010718594,0.0010735462,0.40209883,0.36384362,0.31400642,0.32312247,0.6322683,0.5493589,0.61293393,0.4723822,0.1345364,0.6356711,0.0,0.5449523,0.0012019563,0.66441417,0.8322071,0.0,1.0,0.0,0.0669873,0.75,0.6316371,0.46070233,0.8506598,0.7865799,1.0,0.06407991,0.38133973,0.0,0.0,0.5391782,1.0,5.0,2020-09-21T20:00:00,EURUSD,H1,3,BUY,9.158946022764791,7,"hit_tp=True,hit_sl=False,regime=3"
0.004020209,0.0026040392,0.0046800524,-0.0038374711,0.223845,0.2614774,0.25272715,0.27475202,0.49814016,0.43038216,0.33798695,0.37736723,0.19222797,0.6348215,0.0,0.507924,0.0012307336,0.75868726,0.8793436,0.0,1.0,0.0,0.5,1.0,0.30955824,0.3703964,1.0,0.0,0.0,1.0,0.3866932,0.0,0.0,0.7211083,-1.0,1.6900000000000002,2020-09-23T00:00:00,EURUSD,H1,3,BUY,-6.629122588666103,3,"hit_tp=False,hit_sl=True,regime=3"
0.0034830475,0.0071723233,0.0075188535,0.0074308403,0.56493545,0.45549923,0.3606254,0.32427067,0.49663946,0.47184256,0.49254903,0.67782855,0.19634642,0.67229885,0.0,0.5508247,0.0011538705,0.67026955,0.8351348,0.0,1.0,0.0,0.9330127,0.75,0.4550709,0.38780016,0.5475812,0.0,0.0,0.5475812,0.35549092,0.0,0.0,0.878001,-1.0,1.6900000000000002,2020-09-23T04:00:00,EURUSD,H1,3,BUY,-6.960981565031776,5,"hit_tp=False,hit_sl=True,regime=3"
0.002055747,0.0030997798,-0.00042736472,-0.010267366,0.2947657,0.28137156,0.34215844,0.30699334,0.46551803,0.4167439,0.21152449,0.19800352,0.13242286,0.65540266,0.0,0.4773001,0.0004126352,0.5402289,0.7701145,0.0,1.0,0.0,0.62940955,0.017037086,0.22262642,0.4559374,0.6673642,0.0,0.0,0.6673642,0.40177447,0.0,0.0,0.58613425,1.0,5.0,2020-09-23T11:00:00,EURUSD,H1,3,BUY,8.124256060060286,9,"hit_tp=True,hit_sl=False,regime=3"
0.00010096752,-0.0026501638,-0.00051609153,0.002279076,0.5221032,0.42666396,0.39167815,0.36816654,0.597203,0.55624115,0.6883448,0.5166132,0.17632353,0.64116615,0.0,0.6561849,0.0007911069,0.9148472,0.95742357,0.0,1.0,0.0,0.14644662,0.8535534,0.64045656,0.3951856,0.63792753,0.5718809,0.72963715,0.066046685,0.39654592,0.0,0.0,0.41214797,-1.0,1.6900000000000002,2020-09-23T21:00:00,EURUSD,H1,3,BUY,-7.3467294880269485,9,"hit_tp=False,hit_sl=True,regime=3"
-0.0030402453,0.001526334,0.005633041,0.009339611,0.28004676,0.24788703,0.237553,0.349108,0.4632385,0.5384621,0.79810095,0.8725249,0.17950249,0.29460853,0.0,0.5676322,0.00075474737,0.9320121,0.96600604,0.0,1.0,0.0,0.37059048,0.017037086,0.7313544,0.5109908,0.4,0.41577545,0.33262038,0.015775463,0.41577545,0.0,0.0,0.3557623,-1.0,1.6900000000000002,2020-09-24T13:00:00,EURUSD,H1,3,BUY,-8.143170393399846,8,"hit_tp=False,hit_sl=True,regime=3"
0.0014072842,0.002912457,-0.005798678,-0.0044683027,0.43789622,0.3855012,0.3057839,0.28752762,0.5120308,0.45973447,0.24482371,0.2785747,0.14477317,0.6286045,0.0,0.36927652,0.00045508813,0.59358287,0.79679143,0.0,1.0,0.0,0.25,0.9330127,0.2828767,0.45969847,0.5651433,0.57992464,0.65548104,0.014781355,0.41401502,0.0,0.0,0.47263247,-1.0,1.3,2020-09-24T22:00:00,EURUSD,H1,3,BUY,-6.304505448262443,18,"hit_tp=False,hit_sl=True,regime=3"
0.0038189308,0.0030327467,0.0013125594,0.0035132542,0.24244203,0.36089638,0.30783916,0.30667633,0.47739404,0.48957735,0.3513475,0.5388058,0.1521739,0.6300648,0.0,0.5029496,0.00056384096,0.6401029,0.82005143,0.0,1.0,0.0,0.017037086,0.62940955,0.24193244,0.4026681,1.0,0.23419972,0.46839944,0.7658003,0.39033285,0.0,0.0,0.56226194,1.0,5.0,2020-09-25T19:00:00,EURUSD,H1,3,BUY,7.802210969931611,9,"hit_tp=True,hit_sl=False,regime=3"
0.0025522674,-0.00031144076,-0.005759828,-0.0037246952,0.3774133,0.4176564,0.4139785,0.3687616,0.46668652,0.4743977,0.13631499,0.30470407,0.2597478,0.6686821,0.0,0.41509587,0.0005979079,0.8057986,0.90289927,0.0,1.0,0.0,0.37059048,0.017037086,0.29367042,0.5286493,0.6520305,0.6,0.78243667,0.05203054,0.36918592,0.0,0.0,0.3409215,1.0,5.0,2020-09-26T13:00:00,EURUSD,H1,3,BUY,10.628024051819729,54,"hit_tp=True,hit_sl=False,regime=3"
0.0007136746,-0.00031876765,0.0021410584,0.0037288815,0.43601635,0.34991962,0.31941578,0.33340466,0.8460418,0.5664428,0.753446,0.6504558,0.23645116,0.70456326,0.0,0.7522176,0.0015200606,0.41293752,0.70646876,0.0,1.0,0.0,0.0669873,0.75,0.75152355,0.4888273,0.6,0.0,0.0,0.6,0.3954905,0.0,0.0,0.5018122,1.0,5.0,2020-09-28T20:00:00,EURUSD,H1,3,BUY,9.57635090290454,18,"hit_tp=True,hit_sl=False,regime=3"
0.0020800098,0.001702814,3.752252e-05,-0.0046284455,0.29319683,0.43341345,0.38714072,0.3225529,0.32514158,0.41092876,0.24455023,0.21064761,0.16931738,0.6414683,0.0,0.3009528,0.0012714801,0.7484321,0.8742161,0.0,1.0,0.0,0.75,0.0669873,0.21194543,0.60932934,1.0,0.24152611,0.48305222,0.7584739,0.40254351,0.0,0.0,0.5027304,-1.0,1.6900000000000002,2020-09-30T10:00:00,EURUSD,H1,3,BUY,-7.488599089457981,11,"hit_tp=False,hit_sl=True,regime=3"
0.0033471053,0.0024404693,0.0032798324,0.0014948901,0.25159147,0.2606035,0.25008798,0.3206997,0.5143029,0.5209686,0.6368256,0.5623567,0.123509176,0.6293807,0.0,0.41616726,0.00059303304,0.73010534,0.86505264,0.0,1.0,0.0,0.9829629,0.37059048,0.3667253,0.45540822,1.0,0.43531996,0.8706399,0.56468004,0.38841224,0.0,0.0,0.79432607,1.0,5.0,2020-10-01T07:00:00,EURUSD,H1,3,BUY,7.799847456850806,17,"hit_tp=True,hit_sl=False,regime=3"
0.002676772,0.004738765,0.0033557147,-0.0018701989,0.292395,0.28991553,0.3294394,0.34280294,0.36258984,0.36445826,0.28716242,0.26561368,0.23462282,0.6507065,0.0,0.35179293,0.00033358348,0.407097,0.7035485,0.0,1.0,0.0,0.5,0.0,0.23381904,0.4836378,0.59879375,0.40864614,0.4893895,0.19014764,0.35648623,0.0,0.0,0.66238755,1.0,3.9000000000000004,2020-10-02T12:00:00,EURUSD,H1,3,BUY,9.00589947542052,4,"hit_tp=True,hit_sl=False,regime=3"
-0.0009288915,-0.0027179562,0.00058754854,0.0025531505,0.19552952,0.39069518,0.3209119,0.3580442,0.5008078,0.5450495,0.66061556,0.5448605,0.22925532,0.33952174,0.0,0.57874185,0.0006034242,0.7366028,0.8683014,0.0,1.0,0.0,0.017037086,0.62940955,0.4920953,0.4298771,0.6,0.6821856,0.8186227,0.08218559,0.35543516,0.0,0.0,0.49252048,-1.0,1.6900000000000002,2020-10-02T19:00:00,EURUSD,H1,3,BUY,-6.742003804456331,15,"hit_tp=False,hit_sl=True,regime=3"
0.000854212,0.0005405859,0.0032006085,0.0043086633,0.23976463,0.4111839,0.37541133,0.32684997,0.36476526,0.52036166,0.63412076,0.6952275,0.16803874,0.63174933,0.0,0.39344049,0.00070763996,0.7893476,0.89467376,0.0,1.0,0.0,0.14644662,0.14644662,0.46976614,0.3410009,1.0,0.30570644,0.6114129,0.69429356,0.38213307,0.0,0.0,0.5339074,1.0,5.0,2020-10-03T15:00:00,EURUSD,H1,3,BUY,8.591941836157968,7,"hit_tp=True,hit_sl=False,regime=3"
0.0017323198,-0.00057126884,-0.00019221762,-0.0033573424,0.453197,0.42353633,0.32457408,0.34475994,0.3349623,0.4013103,0.13695836,0.3978748,0.20960574,0.6613568,0.0,0.22728705,0.0010778715,0.9413448,0.9706724,0.0,1.0,0.0,0.5,1.0,0.2326987,0.59798914,0.40508455,0.8,0.64813524,0.39491546,0.40663776,0.0,0.0,0.6354187,-1.0,2.028,2020-10-06T00:00:00,EURUSD,H1,3,BUY,-7.067128729465466,22,"hit_tp=False,hit_sl=True,regime=3"
0.0018714749,0.003051223,-0.0028530995,-0.0004758381,0.25688142,0.30409056,0.39597678,0.36053526,0.44839212,0.48953134,0.2550386,0.37570548,0.21149701,0.6956064,0.0,0.3814762,0.00035802164,0.35094428,0.67547214,0.0,1.0,0.0,0.9330127,0.25,0.22948086,0.5843797,0.9555649,0.521599,0.9968434,0.43396592,0.352042,0.0,0.0,0.52537984,1.0,4.680000000000001,2020-10-07T08:00:00,EURUSD,H1,3,BUY,9.395523352928592,40,"hit_tp=True,hit_sl=False,regime=3"
0.0007502204,0.0025281776,0.0029082426,0.0020689592,0.27618536,0.27861458,0.36914465,0.32060543,0.5624469,0.56530786,0.8199719,0.635423,0.38808593,0.7279206,0.0,0.5764514,0.0005195712,0.36403424,0.6820171,0.0,1.0,0.0,0.017037086,0.37059048,0.4756198,0.41444588,1.0,0.28791142,0.57582283,0.7120886,0.37004307,0.0,0.0,0.7547945,-1.0,1.6900000000000002,2020-10-10T17:00:00,EURUSD,H1,3,BUY,-6.965673592320698,6,"hit_tp=False,hit_sl=True,regime=3"
0.00019707813,-0.0012165657,0.0005352028,-0.0025498194,0.6181236,0.4615744,0.4263543,0.38877895,0.32193014,0.50583476,0.22645955,0.44214085,0.16640483,0.66301143,0.0,0.3474309,0.0006490556,0.5782953,0.7891477,0.0,1.0,0.0,0.25,0.0669873,0.3339609,0.07597896,0.52830464,0.121519186,0.1283983,0.40678546,0.3927558,0.0,0.0,0.4351647,-1.0,1.6900000000000002,2020-10-11T14:00:00,EURUSD,H1,3,BUY,-8.054578117293598,10,"hit_tp=False,hit_sl=True,regime=3"
0.00039264883,0.0008364702,0.00015415036,-0.0028471448,0.14681318,0.28045326,0.266674,0.32542264,0.30993664,0.49813384,0.33980024,0.55413324,0.1950764,0.63580084,0.0,0.37808856,0.00049481675,0.42621237,0.7131062,0.0,1.0,0.0,1.0,0.5,0.31041127,0.41875398,0.40648928,0.23328839,0.18965846,0.17320089,0.40648928,0.0,0.0,0.5551199,-1.0,1.3,2020-10-12T06:00:00,EURUSD,H1,3,BUY,-6.056729097061453,17,"hit_tp=False,hit_sl=True,regime=3"
0.0058600046,0.0035868753,0.0046033044,0.0051581985,0.48925483,0.47889242,0.4417059,0.39347985,0.56225574,0.5330821,0.4921082,0.54713076,0.31672934,0.70943177,0.0,0.5783647,0.00071544794,0.6207641,0.810382,0.0,1.0,0.0,0.5,1.0,0.30857754,0.4085851,1.0,0.854949,1.0,0.145051,0.39195678,0.0,0.0,0.78430283,-1.0,1.6900000000000002,2020-10-13T00:00:00,EURUSD,H1,3,BUY,-10.160839483814854,7,"hit_tp=False,hit_sl=True,regime=3"
0.002742573,0.004165906,0.0014249044,0.0039654514,0.5200874,0.39763823,0.45523304,0.41171077,0.57709247,0.5621269,0.716626,0.6162584,0.20549084,0.6560511,0.0,0.5457445,0.0011290666,0.9708627,0.9854313,0.0,1.0,0.0,0.5,0.0,0.67685694,0.53742766,0.6156019,0.20076665,0.24718466,0.41483524,0.37678695,0.0,0.0,0.6382696,-1.0,1.6900000000000002,2020-10-13T12:00:00,EURUSD,H1,3,BUY,-11.378197235922816,15,"hit_tp=False,hit_sl=True,regime=3"
0.001046941,0.004170793,0.004764872,0.0046658944,0.3124555,0.2845355,0.30533856,0.30476144,0.29718268,0.46035257,0.4120978,0.68818676,0.18862829,0.65356475,0.0,0.29657173,0.0005805243,0.6934372,0.8467186,0.0,1.0,0.0,0.9829629,0.37059048,0.3478036,0.485736,0.83702075,0.0,0.0,0.83702075,0.40320078,0.0,0.0,0.73185676,1.0,5.0,2020-10-14T07:00:00,EURUSD,H1,3,BUY,10.16405106908147,31,"hit_tp=True,hit_sl=False,regime=3"
0.0021883592,0.0013645398,0.000752757,0.000684262,0.3019099,0.2334587,0.24448816,0.29354602,0.6643092,0.54293215,0.6794516,0.582514,0.24298549,0.7077318,0.0,0.5967905,0.0013015014,0.35349086,0.6767454,0.0,1.0,0.0,0.14644662,0.14644662,0.6575687,0.54129165,0.9427566,0.49604234,0.93529433,0.44671422,0.392137,0.0,0.0,0.5623198,-1.0,1.6900000000000002,2020-10-15T15:00:00,EURUSD,H1,3,BUY,-5.191306907468274,14,"hit_tp=False,hit_sl=True,regime=3"
0.0021873335,0.0013773431,-0.0010441635,-0.0023405454,0.3401351,0.28007883,0.3135755,0.30096975,0.46738908,0.43781036,0.09147562,0.31865093,0.1988924,0.6539825,0.0,0.3293232,0.0011351935,0.6798979,0.83994895,0.0,1.0,0.0,1.0,0.5,0.092163526,0.5202348,0.9501049,0.58516246,1.0,0.36494246,0.41194132,0.0,0.0,0.44218472,-1.0,1.6900000000000002,2020-10-16T06:00:00,EURUSD,H1,3,BUY,-6.731716195573778,20,"hit_tp=False,hit_sl=True,regime=3"
0.0031010867,0.005625311,0.0017600763,0.0009367534,0.44942704,0.52061594,0.46933803,0.37428042,0.3776279,0.44137204,0.29778138,0.41250834,0.23589002,0.70118725,0.0,0.30048543,0.00071373786,0.9402505,0.97012526,0.0,1.0,0.0,0.8535534,0.8535534,0.27181748,0.50762856,0.55981946,0.0,0.0,0.55981946,0.35023037,0.0,0.0,0.5960849,1.0,5.0,2020-10-17T03:00:00,EURUSD,H1,3,BUY,10.123804754902377,10,"hit_tp=True,hit_sl=False,regime=3"
0.0026763412,0.0010009694,-0.002376175,-0.0071459,0.22914603,0.37006736,0.41901192,0.40234822,0.59670806,0.48577553,0.29770133,0.13303061,0.15003538,0.63191193,0.0,0.62463206,0.0008661152,0.98433274,0.9921664,0.0,1.0,0.0,0.017037086,0.37059048,0.4546093,0.5771072,0.76625687,0.15797184,0.24209403,0.608285,0.39492962,0.0,0.0,0.4077511,-1.0,1.6900000000000002,2020-10-17T17:00:00,EURUSD,H1,3,BUY,-9.933602218239468,13,"hit_tp=False,hit_sl=True,regime=3"
-0.0016599542,-0.0053110826,-0.0041179173,-0.005587246,0.59464496,0.53700274,0.3579171,0.31075397,0.4892538,0.55237484,0.5381078,0.4210973,0.2195051,0.3230002,0.0,0.42771563,0.00036241874,0.40857545,0.7042877,0.0,1.0,0.0,0.62940955,0.9829629,0.54439914,0.42345878,0.48968226,1.0,0.9793645,0.51031774,0.37644762,0.0,0.0,0.5530926,-1.0,2.028,2020-10-20T01:00:00,EURUSD,H1,3,BUY,-6.280414672004131,27,"hit_tp=False,hit_sl=True,regime=3"
0.0034432963,0.0018238714,0.001810777,-0.0004899196,0.31017268,0.30589396,0.3589544,0.33513138,0.56744945,0.5268651,0.6291083,0.50356233,0.14699812,0.66513395,0.0,0.2863599,0.0007097747,0.84919286,0.9245964,0.0,1.0,0.0,0.14644662,0.14644662,0.40469858,0.5423319,0.8544067,0.2684238,0.45868617,0.5859829,0.360603,0.0,0.0,0.6,1.0,5.0,2020-10-21T15:00:00,EURUSD,H1,3,BUY,10.344019186290243,25,"hit_tp=True,hit_sl=False,regime=3"
-0.002183016,0.00088245166,-0.0015500777,-0.002517774,0.3593087,0.42590564,0.29495075,0.34860653,0.5332376,0.47450414,0.63882715,0.4551719,0.522429,0.19961181,0.0,0.6289736,0.0018941677,0.38815755,0.69407874,0.0,1.0,0.0,0.8535534,0.14644662,0.7059588,0.56869286,0.56803167,0.2348853,0.26684457,0.33314636,0.39147553,0.0,0.0,0.5705326,-1.0,1.3,2020-10-23T09:00:00,EURUSD,H1,3,BUY,-7.333012691559393,8,"hit_tp=False,hit_sl=True,regime=3"
0.0026541392,0.0014887195,-8.059426e-05,-0.0008735649,0.14564268,0.28533015,0.37665653,0.35515338,0.2637224,0.40036622,0.24269627,0.35977608,0.1828534,0.6647477,0.0,0.32910198,0.0011898138,0.96809167,0.98404586,0.0,1.0,0.0,0.37059048,0.9829629,0.20913377,0.5689263,0.8795967,0.6805844,1.0,0.19901234,0.39126596,0.0,0.0,0.4955124,-1.0,1.6900000000000002,2020-10-23T23:00:00,EURUSD,H1,3,BUY,-7.732816026222444,12,"hit_tp=False,hit_sl=True,regime=3"
0.0021937005,0.0017232508,0.0033703416,0.00036752643,0.25516722,0.2358982,0.30278394,0.33111587,0.43697923,0.48843154,0.3183062,0.530183,0.095454544,0.6277042,0.0,0.5227982,0.00061710144,0.5904726,0.7952363,0.0,1.0,0.0,0.0669873,0.25,0.26109222,0.43442002,1.0,0.1374113,0.2748226,0.8625887,0.35353738,0.0,0.0,0.70531905,-1.0,2.028,2020-10-24T16:00:00,EURUSD,H1,3,BUY,-8.65976584091932,24,"hit_tp=False,hit_sl=True,regime=3"
0.0007356529,0.00194112,0.0056925807,0.0034790537,0.33809784,0.2642935,0.24983284,0.24892153,0.3611638,0.47220948,0.40208656,0.60451514,0.13862494,0.6420034,0.0,0.3639442,0.00037229355,0.40561542,0.7028077,0.0,1.0,0.0,0.0669873,0.75,0.34492922,0.4490257,0.82695335,0.0,0.0,0.82695335,0.37513396,0.0,0.0,0.67755723,1.0,5.0,2020-10-25T20:00:00,EURUSD,H1,3,BUY,5.89485701793846,11,"hit_tp=True,hit_sl=False,regime=3"
0.0005174368,0.003929844,0.0037862828,0.0049041254,0.44167504,0.41910636,0.379742,0.31847844,0.6745723,0.5990621,0.9683028,0.68341166,0.25513515,0.67127514,0.0,0.77517116,0.00076489913,0.8628311,0.93141556,0.0,1.0,0.0,0.8535534,0.14644662,0.796943,0.41621113,1.0,0.0,0.0,1.0,0.4094778,0.0,0.0,0.47623026,-1.0,2.028,2020-10-26T09:00:00,EURUSD,H1,3,BUY,-6.261050047773331,23,"hit_tp=False,hit_sl=True,regime=3"
0.0023186593,0.0038954047,0.00037529142,-0.005118487,0.46054685,0.57045037,0.46595237,0.36217692,0.45852393,0.4389029,0.18336378,0.20783311,0.15773746,0.66896963,0.0,0.36176956,0.00042573578,0.71605444,0.8580272,0.0,1.0,0.0,0.8535534,0.14644662,0.13852699,0.4316283,0.6503849,0.0,0.0,0.6503849,0.4118412,0.0,0.0,0.5876223,-1.0,1.6900000000000002,2020-10-27T09:00:00,EURUSD,H1,3,BUY,-7.877025874438726,12,"hit_tp=False,hit_sl=True,regime=3"
0.0018391231,0.0033854875,0.00046358493,0.0018819564,0.5576624,0.40661255,0.4038907,0.37174943,0.38381812,0.4582457,0.31376454,0.4855357,0.2236928,0.66506165,0.0,0.51276124,0.00058623584,0.5780936,0.78904676,0.0,1.0,0.0,0.75,0.9330127,0.25025353,0.5284098,0.7293041,0.46466807,0.67776865,0.26463604,0.40324578,0.0,0.0,0.57496464,-1.0,1.6900000000000002,2020-10-28T02:00:00,EURUSD,H1,3,BUY,-8.889835517968958,16,"hit_tp=False,hit_sl=True,regime=3"
0.001763007,0.0014029056,-0.0013122408,-0.0048061092,0.2622724,0.21435569,0.24786557,0.3172544,0.49489892,0.49824688,0.26928622,0.2527785,0.29974768,0.71473426,0.0,0.42456785,0.0006438525,0.55660796,0.778304,0.0,1.0,0.0,0.9829629,0.62940955,0.2364886,0.6024668,1.0,0.6477002,1.0,0.3522998,0.41283363,0.0,0.0,0.41862404,-1.0,2.028,2020-10-29T05:00:00,EURUSD,H1,3,BUY,-9.392024996521808,46,"hit_tp=False,hit_sl=True,regime=3"
-0.0021976295,-0.0011241036,0.00091552496,-0.0011629739,0.3991369,0.30145836,0.23689671,0.32810897,0.33924836,0.4923019,0.5016323,0.63591397,0.36863506,0.27529576,0.0,0.28763056,0.000356494,0.48662135,0.7433107,0.0,1.0,0.0,0.62940955,0.017037086,0.4153785,0.39268118,0.6,0.96303236,1.0,0.36303237,0.35710794,0.0,0.0,0.44828945,-1.0,1.6900000000000002,2020-10-31T11:00:00,EURUSD,H1,3,BUY,-6.485288708169001,12,"hit_tp=False,hit_sl=True,regime=3"
0.001856628,0.004074556,0.0016747474,-0.00074417994,0.51881254,0.3886864,0.4002718,0.34924862,0.30770957,0.42061833,0.29822305,0.47087845,0.14341661,0.62507015,0.0,0.12761906,0.000625005,0.45926222,0.7296311,0.0,1.0,0.0,0.9330127,0.25,0.26115105,0.53197277,0.6372626,0.4,0.5098101,0.23726259,0.38464472,0.0,0.43193144,0.57208395,-1.0,1.3,2020-11-01T08:00:00,EURUSD,H1,3,BUY,-7.081290170958265,14,"hit_tp=False,hit_sl=True,regime=3"
0.0016524711,0.0029119896,0.003531935,7.010011e-05,0.14835654,0.28084472,0.31136128,0.37036848,0.29945365,0.5165047,0.36729568,0.41215327,0.23671934,0.6848246,0.0,0.4708008,0.00041656094,0.3588184,0.6794092,0.0,1.0,0.0,0.75,0.9330127,0.30841228,0.53837585,0.8295078,0.0,0.0,0.8295078,0.3911889,0.0,0.0,0.88074535,-1.0,1.6900000000000002,2020-11-02T02:00:00,EURUSD,H1,3,BUY,-6.824742175377541,11,"hit_tp=False,hit_sl=True,regime=3"
0.0007859311,0.0019133622,-0.00085484097,-0.00423028,0.38065672,0.4738533,0.31907797,0.3341305,0.30067655,0.4799823,0.22441296,0.39955935,0.1672682,0.6554917,0.0,0.34074897,0.0005287178,0.38397977,0.6919899,0.0,1.0,0.0,0.0669873,0.25,0.18977527,0.53233105,0.5744492,0.40326017,0.46330497,0.17118904,0.36039713,0.0,0.0,0.50072974,-1.0,1.56,2020-11-02T16:00:00,EURUSD,H1,3,BUY,-8.165434544562533,53,"hit_tp=False,hit_sl=True,regime=3"
-0.0012433148,2.4387775e-05,-0.0001212991,0.0009027931,0.22037165,0.24926482,0.24669659,0.23970471,0.61070526,0.58282185,0.87493396,0.7295092,0.16644952,0.3766086,0.0,0.52300584,0.00042763693,0.47529125,0.7376456,0.0,1.0,0.0,0.25,0.0669873,0.6929662,0.4594268,1.0,0.40087968,0.80175936,0.5991203,0.40087968,0.0,0.0,0.6807953,-1.0,1.6900000000000002,2020-11-05T14:00:00,EURUSD,H1,3,BUY,-4.565566733931714,4,"hit_tp=False,hit_sl=True,regime=3"
0.0044900877,0.0044578025,-0.0009716411,-0.0031635768,0.50138545,0.47637838,0.3663755,0.30929714,0.52110666,0.5181036,0.20533982,0.22578225,0.25064147,0.7212675,0.0,0.48010013,0.00035160707,0.37367952,0.68683976,0.0,1.0,0.0,0.017037086,0.62940955,0.128555,0.35271975,1.0,0.6,1.0,0.4,0.40245548,0.0,0.0,0.47070226,1.0,3.9000000000000004,2020-11-05T19:00:00,EURUSD,H1,3,BUY,7.647240720936033,8,"hit_tp=True,hit_sl=False,regime=3"
0.0014807574,0.0051596127,0.008126173,0.015503428,0.31935498,0.2938562,0.29653677,0.3278773,0.78056353,0.71324784,0.87429494,0.98011786,0.17169274,0.64340615,0.0,0.74045134,0.0016779713,0.36332226,0.6816611,0.0,1.0,0.0,0.9829629,0.62940955,0.91987705,0.40356952,0.40739867,0.0,0.0,0.40739867,0.40739867,0.0,0.0,0.7093687,1.0,4.680000000000001,2020-11-06T05:00:00,EURUSD,H1,3,BUY,7.276013881050147,24,"hit_tp=True,hit_sl=False,regime=3"
0.002940023,0.0024086884,0.0047199754,-0.004663102,0.40796745,0.34293857,0.3218227,0.34309515,0.37536958,0.3584029,0.24731848,0.3773695,0.24875107,0.67595077,0.0,0.34405795,0.0018773287,0.6803211,0.84016055,0.0,1.0,0.0,0.37059048,0.9829629,0.2408622,0.48737028,1.0,0.0,0.0,1.0,0.4051673,0.0,0.0,0.70508176,1.0,5.0,2020-11-07T23:00:00,EURUSD,H1,3,BUY,8.95138081191904,20,"hit_tp=True,hit_sl=False,regime=3"
-0.002709332,-4.8368038e-05,-0.0022061444,0.0006317661,0.57524866,0.43098763,0.4477313,0.3578769,0.7538997,0.5575265,0.7009741,0.44951865,0.18397626,0.3424055,0.0,0.8659325,0.0015870788,0.40529302,0.7026465,0.0,1.0,0.0,0.9330127,0.75,0.7598386,0.6300778,0.5644304,0.5423072,0.61218935,0.02212327,0.3960481,0.0,0.0,0.6159394,1.0,3.9000000000000004,2020-11-09T04:00:00,EURUSD,H1,3,BUY,10.012641638410535,9,"hit_tp=True,hit_sl=False,regime=3"
0.0014687885,0.0028675934,0.0061432435,0.0007263691,0.2635483,0.2524778,0.35001543,0.3243477,0.41651034,0.45089084,0.53508526,0.63559496,0.14373907,0.6516198,0.0,0.33077204,0.0015709389,0.585699,0.79284954,0.0,1.0,0.0,0.8535534,0.8535534,0.42960793,0.5356586,0.66310185,0.0,0.0,0.66310185,0.36402544,0.0,0.0,0.7434874,1.0,5.0,2020-11-10T03:00:00,EURUSD,H1,3,BUY,9.652369927501958,29,"hit_tp=True,hit_sl=False,regime=3"
-0.0040562213,-0.0069349976,-0.0022923504,-0.0017271789,0.535241,0.4209401,0.26603708,0.34343097,0.53376293,0.45669118,0.56104714,0.51370287,0.24019323,0.35158038,0.0,0.54407805,0.0019763669,0.5337397,0.76686984,0.0,1.0,0.0,0.8535534,0.8535534,0.68587935,0.615656,0.5297729,0.27728653,0.2937978,0.25248638,0.41178766,0.0,0.0,0.61016965,-1.0,1.6900000000000002,2020-11-12T03:00:00,EURUSD,H1,3,BUY,-6.382197680567803,8,"hit_tp=False,hit_sl=True,regime=3"
0.0008867123,-0.0049164128,-0.0076091276,-0.007593929,0.2898495,0.37760994,0.29361096,0.34858394,0.31637302,0.43238047,0.0,0.16814874,0.23807374,0.68585235,0.0,0.12965095,0.0004346845,0.45943058,0.7297153,0.0,1.0,0.0,0.9330127,0.25,0.0363368,0.46428904,0.6718862,0.6,0.80626345,0.07188623,0.3604145,0.0,0.0,0.25668433,-1.0,1.3,2020-11-13T08:00:00,EURUSD,H1,3,BUY,-6.935640062566417,12,"hit_tp=False,hit_sl=True,regime=3"
0.0015637979,0.003025481,0.006172264,0.00025405505,0.34704155,0.3766041,0.4096459,0.32730144,0.35056728,0.48446342,0.40078917,0.5882933,0.11977834,0.66930354,0.0,0.30260426,0.00047456851,0.41525066,0.7076253,0.0,1.0,0.0,0.25,0.9330127,0.3327211,0.42587194,0.75169814,0.27632225,0.41542187,0.47537592,0.3532011,0.0,0.0,0.7520502,-1.0,1.6900000000000002,2020-11-14T22:00:00,EURUSD,H1,3,BUY,-7.39223858727156,5,"hit_tp=False,hit_sl=True,regime=3"
0.0019634187,0.0036745013,0.004784443,0.0103413835,0.4936182,0.48291177,0.40234718,0.37953493,0.73178446,0.64700335,0.830048,0.7495645,0.33975214,0.70593375,0.0,0.5714506,0.0012571819,0.79014677,0.8950734,0.0,1.0,0.0,0.0669873,0.75,0.82448924,0.6009547,0.64228827,0.0,0.0,0.64228827,0.38884878,0.0,0.0,0.84625983,1.0,5.0,2020-11-15T20:00:00,EURUSD,H1,3,BUY,9.528208344644629,27,"hit_tp=True,hit_sl=False,regime=3"
0.0014277005,0.0014890402,0.0006917011,0.00087896123,0.1185035,0.31430674,0.32836166,0.34125796,0.41175073,0.46043292,0.40122995,0.4951694,0.15506607,0.6270377,0.0,0.38274586,0.0005245099,0.7678755,0.8839377,0.0,1.0,0.0,0.62940955,0.9829629,0.337909,0.45747468,0.40483353,0.0,0.0,0.40483353,0.40483353,0.0,0.0,0.77466714,1.0,5.0,2020-11-19T01:00:00,EURUSD,H1,3,BUY,9.835260492863096,42,"hit_tp=True,hit_sl=False,regime=3"
-0.0041900096,-0.0034881774,-0.0009709889,0.0025473323,0.4510444,0.33939457,0.29814667,0.3221493,0.69623125,0.5816084,0.7516868,0.5998886,0.23365983,0.33675334,0.0,0.74701047,0.0018358298,0.44867083,0.72433543,0.0,1.0,0.0,0.62940955,0.9829629,0.82670027,0.47236386,0.45915842,1.0,0.91831684,0.5408416,0.35922566,0.0,0.43451744,0.539309,-1.0,1.6900000000000002,2020-11-21T01:00:00,EURUSD,H1,3,BUY,-6.561469009986887,12,"hit_tp=False,hit_sl=True,regime=3"
-0.001415668,-0.0020324634,-0.001336035,-0.001977796,0.28000012,0.36128724,0.34771055,0.308411,0.16600376,0.4084462,0.3108644,0.46960035,0.20800516,0.3009338,0.0,0.3866444,0.00096661306,0.90786403,0.953932,0.0,1.0,0.0,0.017037086,0.62940955,0.30974248,0.44245565,0.6,0.9082669,1.0,0.30826688,0.37210667,0.0,0.0,0.7112466,-1.0,1.6900000000000002,2020-11-21T19:00:00,EURUSD,H1,3,BUY,-6.831749179165847,10,"hit_tp=False,hit_sl=True,regime=3"
0.004036997,0.0021714594,0.0024179674,-0.00038692675,0.51225895,0.43596724,0.401746,0.31898725,0.3604477,0.47238913,0.20510864,0.46985394,0.17240876,0.6467478,0.0,0.24597566,0.00053494214,0.4458863,0.7229432,0.0,1.0,0.0,0.5,0.0,0.2242828,0.38292998,0.86070347,1.0,1.0,0.13929653,0.390678,0.0,0.0,0.7939277,1.0,3.9000000000000004,2020-11-22T12:00:00,EURUSD,H1,3,BUY,7.513812761354988,4,"hit_tp=True,hit_sl=False,regime=3"
-0.0023040287,-0.0021302272,-0.0014560131,0.002190213,0.45845693,0.40989524,0.4158059,0.34129715,0.4533984,0.56598,0.6784092,0.58712953,0.23748754,0.35003176,0.0,0.4739693,0.00064438226,0.53716594,0.76858294,0.0,1.0,0.0,0.017037086,0.37059048,0.5965927,0.46452782,0.66399676,1.0,1.0,0.33600324,0.37196845,0.0,0.0,0.6,1.0,5.0,2020-11-22T17:00:00,EURUSD,H1,3,BUY,9.865282307615075,38,"hit_tp=True,hit_sl=False,regime=3"
0.0016328701,0.0056508896,0.0074431123,0.007221908,0.3429781,0.36271325,0.30452392,0.3404273,0.43430254,0.50371414,0.7591313,0.7899873,0.23866667,0.6501491,0.0,0.28421047,0.0010446714,0.6424507,0.82122535,0.0,1.0,0.0,0.62940955,0.9829629,0.55835015,0.4826381,0.5657367,0.0,0.0,0.5657367,0.38752985,0.0,0.0,0.73166615,-1.0,1.6900000000000002,2020-11-25T01:00:00,EURUSD,H1,3,BUY,-7.466654470729139,8,"hit_tp=False,hit_sl=True,regime=3"
-0.001953739,0.0017296306,0.0022880526,0.0036022547,0.51812094,0.36103275,0.36204934,0.34638354,0.48211432,0.57876414,0.84286916,0.7181554,0.20893855,0.33454973,0.0,0.69823676,0.00065971795,0.76796955,0.8839848,0.0,1.0,0.0,0.017037086,0.62940955,0.676301,0.40025923,0.8002392,0.37954926,0.60746044,0.42068997,0.37954926,0.0,0.0,0.38922256,1.0,5.0,2020-11-26T19:00:00,EURUSD,H1,3,BUY,8.092250186126915,41,"hit_tp=True,hit_sl=False,regime=3"
0.0001790751,-0.001962152,-0.00048869714,0.0029950768,0.32681042,0.33670384,0.32597136,0.3386991,0.67824304,0.54371893,0.7432328,0.6603811,0.22405745,0.7198818,0.0,0.6552855,0.0010849171,0.49161705,0.74580854,0.0,1.0,0.0,0.37059048,0.017037086,0.71994233,0.6553739,0.4,0.59375376,0.475003,0.19375375,0.354764,0.0,0.0,0.4283185,-1.0,1.3,2020-11-28T13:00:00,EURUSD,H1,3,BUY,-6.7183868373610345,4,"hit_tp=False,hit_sl=True,regime=3"
0.0007333196,-0.0010568692,4.6739788e-05,0.004585593,0.13940217,0.15111119,0.33892268,0.3058141,0.1928983,0.41138285,0.33229095,0.51989526,0.20317242,0.6729528,0.0,0.21217789,0.0002966661,0.37180588,0.68590295,0.0,1.0,0.0,0.62940955,0.9829629,0.28313294,0.467497,0.6748205,0.61627555,0.8317507,0.058544897,0.35915792,0.0,0.0,0.5212996,-1.0,1.3,2020-11-29T01:00:00,EURUSD,H1,3,BUY,-7.125080090168989,11,"hit_tp=False,hit_sl=True,regime=3"
-0.0010611212,0.0016371562,-0.0006466564,-0.002950739,0.32803726,0.2903208,0.32471225,0.30588946,0.28652048,0.46852022,0.27130404,0.36628467,0.29274875,0.30009526,0.0,0.30652258,0.00037430393,0.358002,0.67900103,0.0,1.0,0.0,0.37059048,0.017037086,0.2756875,0.47373068,0.55753386,0.38329622,0.42740124,0.17423762,0.41477528,0.0,0.0,0.5053612,1.0,3.9000000000000004,2020-11-29T13:00:00,EURUSD,H1,3,BUY,7.608422348761579,10,"hit_tp=True,hit_sl=False,regime=3"
-0.0024460987,-0.00035009556,-0.0015982396,0.0054025245,0.33258122,0.32705376,0.30222797,0.32490808,0.64145285,0.60374105,0.72989196,0.6080214,0.2454844,0.3223652,0.0,0.68081385,0.00085499056,0.81814694,0.9090735,0.0,1.0,0.0,0.5,1.0,0.7709954,0.6155735,0.6239156,1.0,1.0,0.3760844,0.37767065,0.0,0.0,0.65347046,1.0,5.0,2020-11-30T00:00:00,EURUSD,H1,3,BUY,7.1712128964862565,14,"hit_tp=True,hit_sl=False,regime=3"
0.002588661,0.004162679,0.002128369,0.0004506905,0.37717912,0.33756354,0.4446662,0.38241127,0.54780287,0.46199572,0.29941836,0.45505705,0.212,0.6258089,0.0,0.47668362,0.0010921048,0.7004129,0.85020643,0.0,1.0,0.0,0.75,0.9330127,0.41680813,0.49468407,0.6717708,0.8142151,1.0,0.14244431,0.41537473,0.0,0.0,0.6506656,1.0,5.0,2020-12-01T02:00:00,EURUSD,H1,3,BUY,11.162242777575937,31,"hit_tp=True,hit_sl=False,regime=3"
-0.0015302536,0.0031344832,0.001410555,0.010032906,0.63401514,0.5125277,0.38607514,0.35562804,0.7747392,0.60024923,0.8329382,0.6424579,0.22964072,0.32526925,0.0,0.8533951,0.0020260713,0.35817772,0.6790889,0.0,1.0,0.0,0.14644662,0.14644662,0.83998126,0.4219563,0.7608366,0.0,0.0,0.7608366,0.35091302,0.0,0.0,0.5159624,-1.0,1.6900000000000002,2020-12-02T15:00:00,EURUSD,H1,3,BUY,-8.60054588592174,18,"hit_tp=False,hit_sl=True,regime=3"
0.0014582747,0.0033574023,0.0034911924,0.0009778376,0.23662314,0.26850772,0.30381104,0.2998375,0.15125073,0.3898194,0.32826987,0.40595928,0.23175152,0.65634197,0.0,0.1787692,0.00041247637,0.37273034,0.6863652,0.0,1.0,0.0,0.0,0.5,0.26985833,0.551399,0.6321906,0.4,0.50575244,0.23219056,0.38795212,0.0,0.0,0.8506457,-1.0,1.3,2020-12-03T18:00:00,EURUSD,H1,3,BUY,-7.321179024062374,10,"hit_tp=False,hit_sl=True,regime=3"
0.0009793759,0.0037218307,0.0051906942,0.0026310424,0.14180218,0.37473878,0.31676072,0.33711237,0.70813245,0.58579475,0.7978319,0.62355393,0.3171788,0.7642176,0.0,0.6142712,0.0011729664,0.9038617,0.9519308,0.0,1.0,0.0,0.75,0.9330127,0.7623898,0.56391543,0.99712235,0.0,0.0,0.99712235,0.39712235,0.0,0.0,0.7132312,-1.0,1.6900000000000002,2020-12-05T02:00:00,EURUSD,H1,3,BUY,-7.762938378410578,14,"hit_tp=False,hit_sl=True,regime=3"
0.0018470959,0.0024880841,-0.0009225518,-0.0066105733,0.36216033,0.33424768,0.3102881,0.375586,0.42226344,0.46458268,0.16284883,0.37763077,0.21760617,0.6680878,0.0,0.311112,0.0008619932,0.93452805,0.967264,0.0,1.0,0.0,0.017037086,0.37059048,0.17894904,0.5036674,0.699093,0.0,0.0,0.699093,0.3503083,0.0,0.0,0.58788186,1.0,5.0,2020-12-05T17:00:00,EURUSD,H1,3,BUY,13.245376166783895,21,"hit_tp=True,hit_sl=False,regime=3"
-0.001374985,-0.00066272594,-0.004125515,0.0022088033,0.24432369,0.26588377,0.25406373,0.31877363,0.65626776,0.5333822,0.65925246,0.5604262,0.1340606,0.37475047,0.0,0.5896039,0.0016822304,0.36066353,0.68033177,0.0,1.0,0.0,0.0669873,0.75,0.71483,0.46229205,0.53781843,1.0,1.0,0.4621816,0.36032996,0.0,0.0,0.5486295,-1.0,1.3,2020-12-06T20:00:00,EURUSD,H1,3,BUY,-7.291890578813298,17,"hit_tp=False,hit_sl=True,regime=3"
0.003893615,0.0038291689,5.896837e-05,-0.0041692373,0.6306242,0.5529432,0.38274965,0.35305217,0.56175125,0.4414366,0.30465862,0.38366815,0.1628433,0.6207968,0.0,0.4368329,0.0015439813,0.5911852,0.7955926,0.0,1.0,0.0,0.25,0.0669873,0.21107908,0.62412983,1.0,0.23864383,0.47728765,0.7613562,0.3977397,0.0,0.0,0.5022893,1.0,5.0,2020-12-07T14:00:00,EURUSD,H1,3,BUY,10.373106641710095,28,"hit_tp=True,hit_sl=False,regime=3"
-0.00451011,-0.007374038,-0.0066165198,-0.004723504,0.5330178,0.36407712,0.30160013,0.32399642,0.533763,0.45814216,0.5250142,0.44185805,0.21152368,0.3084717,0.0,0.61617965,0.001966207,0.48538598,0.742693,0.0,1.0,0.0,0.75,0.9330127,0.6567525,0.43971723,0.5993792,1.0,1.0,0.40062085,0.38707858,0.0,0.0,0.7327276,-1.0,1.6900000000000002,2020-12-10T02:00:00,EURUSD,H1,3,BUY,-6.0834134443288335,2,"hit_tp=False,hit_sl=True,regime=3"
0.004386281,0.0014531253,0.00096250285,-0.0020927961,0.2721374,0.38522157,0.36366615,0.3495466,0.42704624,0.43413383,0.28169036,0.2606065,0.15667365,0.63005215,0.0,0.24977754,0.001564968,0.71963286,0.85981643,0.0,1.0,0.0,0.0669873,0.25,0.21485725,0.5217263,0.7492537,0.7745277,1.0,0.02527405,0.41479364,0.0,0.0,0.53697854,-1.0,2.028,2020-12-10T16:00:00,EURUSD,H1,3,BUY,-8.243375182825918,35,"hit_tp=False,hit_sl=True,regime=3"
0.0011229818,-0.0011016694,-0.003851371,-0.0038954688,0.38865134,0.27721155,0.5247079,0.38349068,0.20889457,0.4552112,0.07411143,0.37686986,0.21324503,0.65881306,0.0,0.23113199,0.000293165,0.4053968,0.7026984,0.0,1.0,0.0,0.75,0.0669873,0.20642632,0.3631939,0.43319416,0.91104096,0.7893152,0.4778468,0.38880122,0.0,0.0,0.31048805,1.0,5.0,2020-12-12T10:00:00,EURUSD,H1,3,BUY,11.515589290280737,28,"hit_tp=True,hit_sl=False,regime=3"
-0.003289358,-0.0003476545,0.001880978,0.0046338895,0.38852835,0.35357243,0.35219437,0.30407473,0.8608795,0.61823624,0.78207356,0.71235836,0.23800978,0.321079,0.0,1.0,0.0015288707,0.39050454,0.69525224,0.0,1.0,0.0,0.017037086,0.37059048,0.84764236,0.3717946,0.55073184,0.6863603,0.75600094,0.13562849,0.35403422,0.5086751,0.45007825,0.4333095,1.0,3.9000000000000004,2020-12-13T17:00:00,EURUSD,H1,3,BUY,8.959265793806459,17,"hit_tp=True,hit_sl=False,regime=3"
-0.005458756,-0.0061441036,-0.0035104167,-0.0047331573,0.44224957,0.40831822,0.35179216,0.3569573,0.67519003,0.48079062,0.6281897,0.47948253,0.24417062,0.34447694,0.0,0.73151284,0.002497869,0.3603234,0.6801617,0.0,1.0,0.0,0.25,0.9330127,0.6998201,0.52059907,0.5147905,0.4,0.41183236,0.11479047,0.35583693,0.0,0.0,0.7730969,-1.0,1.56,2020-12-14T22:00:00,EURUSD,H1,3,BUY,-8.214343689008086,25,"hit_tp=False,hit_sl=True,regime=3"
0.0025658093,0.0030031367,0.0045579043,0.0042595933,0.4425084,0.39773318,0.37930405,0.32830822,0.43362406,0.5390079,0.6683863,0.6775391,0.21702722,0.6807154,0.0,0.46974728,0.0010374193,0.9736488,0.9868244,0.0,1.0,0.0,0.75,0.0669873,0.48778462,0.44893044,1.0,0.0,0.0,1.0,0.41202164,0.0,0.0,0.937795,-1.0,1.6900000000000002,2020-12-16T10:00:00,EURUSD,H1,3,BUY,-9.007186579388371,13,"hit_tp=False,hit_sl=True,regime=3"
0.0023349354,0.0046328483,0.0016736895,-0.003324764,0.25754184,0.23147681,0.35269657,0.32997504,0.3814172,0.4510993,0.2433708,0.35002393,0.13717695,0.61611277,0.0,0.47294423,0.0006854887,0.67793643,0.8389682,0.0,1.0,0.0,0.5,1.0,0.22460471,0.5500642,0.52651554,0.0,0.0,0.52651554,0.36648843,0.0,0.0,0.5845582,-1.0,2.028,2020-12-17T00:00:00,EURUSD,H1,3,BUY,-8.663935031059111,26,"hit_tp=False,hit_sl=True,regime=3"
0.0011103621,0.00064918306,0.00041837187,0.0030216528,0.49388117,0.41227624,0.37809306,0.37708694,0.35145605,0.52579767,0.3691847,0.49039263,0.24059233,0.6688502,0.0,0.34574947,0.00045764982,0.5025979,0.75129896,0.0,1.0,0.0,0.14644662,0.8535534,0.33492485,0.47964776,0.9012896,0.15309282,0.27596194,0.7481968,0.38273203,0.0,0.0,0.5696395,1.0,5.0,2020-12-18T21:00:00,EURUSD,H1,3,BUY,10.6198921718903,42,"hit_tp=True,hit_sl=False,regime=3"
0.0019795632,0.0014336648,-0.0032762925,-0.00050478114,0.35731715,0.45549136,0.3975011,0.36807114,0.6488183,0.53149605,0.6160748,0.2892102,0.14168975,0.6305203,0.0,0.71245795,0.0012718578,0.680912,0.840456,0.0,1.0,0.0,0.017037086,0.62940955,0.626385,0.5086493,1.0,0.3840541,0.7681082,0.6159459,0.3747383,0.0,0.0,0.3641364,-1.0,2.028,2020-12-20T19:00:00,EURUSD,H1,3,BUY,-7.411963922332454,31,"hit_tp=False,hit_sl=True,regime=3"
0.00042647656,0.00037768096,0.00013932584,-0.0018928074,0.27674603,0.26345313,0.23403147,0.33764863,0.42818585,0.4603138,0.25645277,0.30645218,0.15910049,0.6379923,0.0,0.30298784,0.00063234154,0.8641738,0.9320869,0.0,1.0,0.0,0.25,0.0669873,0.26611504,0.6097195,1.0,0.37165466,0.7433093,0.6283453,0.4082004,0.0,0.0,0.55856913,-1.0,1.6900000000000002,2020-12-22T14:00:00,EURUSD,H1,3,BUY,-8.105551980022163,12,"hit_tp=False,hit_sl=True,regime=3"
0.0015757893,9.010127e-05,0.0020770833,0.004093461,0.32227626,0.24639715,0.31779477,0.35861704,0.47863603,0.52160305,0.5294094,0.63711107,0.306947,0.6934974,0.0,0.49386814,0.00075149775,0.7708175,0.88540876,0.0,1.0,0.0,0.8535534,0.14644662,0.39466283,0.44775856,0.8617242,0.0,0.0,0.8617242,0.36386448,0.0,0.0,0.5872818,-1.0,1.6900000000000002,2020-12-23T09:00:00,EURUSD,H1,3,BUY,-6.998373286875026,3,"hit_tp=False,hit_sl=True,regime=3"
0.00045735194,0.0003232938,-0.001607457,-0.0013124702,0.25148723,0.26057354,0.37712637,0.36372188,0.36129183,0.49403933,0.23015931,0.38263455,0.29715964,0.6846975,0.0,0.5175205,0.00041099676,0.41704112,0.7085206,0.0,1.0,0.0,0.14644662,0.8535534,0.22061476,0.41744354,1.0,0.45022836,0.9004567,0.54977167,0.3625818,0.0,0.0,0.30879262,-1.0,1.6900000000000002,2020-12-23T21:00:00,EURUSD,H1,3,BUY,-9.374558412278411,9,"hit_tp=False,hit_sl=True,regime=3"
0.0010010026,0.0042703934,0.0006999505,-0.0036493645,0.5170394,0.5223996,0.4145718,0.34918207,0.48004025,0.5361615,0.41216373,0.43626413,0.14161403,0.62527037,0.0,0.4089016,0.000632016,0.49667165,0.74833584,0.0,1.0,0.0,0.25,0.9330127,0.37061635,0.5996721,0.6881638,0.48366386,0.66567993,0.20449996,0.41003004,0.0,0.0,0.47661287,-1.0,1.3,2020-12-24T22:00:00,EURUSD,H1,3,BUY,-9.811176626774998,8,"hit_tp=False,hit_sl=True,regime=3"
0.0025308018,0.0032562867,0.0039169835,0.005613228,0.21914648,0.23261072,0.25440052,0.3181934,0.44462678,0.5280799,0.40678263,0.7439965,0.22763158,0.6703143,0.0,0.3708736,0.0005544953,0.39326647,0.6966332,0.0,1.0,0.0,0.75,0.0669873,0.3215743,0.58012855,0.55051327,0.0,0.0,0.55051327,0.35419556,0.0,0.0,0.98769224,1.0,5.0,2020-12-25T10:00:00,EURUSD,H1,3,BUY,8.847253572277225,59,"hit_tp=True,hit_sl=False,regime=3"
-0.0036539163,-0.0046609105,-0.0024845572,-0.0013196634,0.7840299,0.6229228,0.46106285,0.38606417,0.43169633,0.48031032,0.26314303,0.46914303,0.2915405,0.30481747,0.0,0.5549179,0.0006032965,0.807447,0.9037235,0.0,1.0,0.0,0.25,0.9330127,0.54284483,0.48274732,0.52237606,0.41408873,0.43262005,0.108287334,0.41408873,0.0,0.0,0.7206181,1.0,5.0,2020-12-27T22:00:00,EURUSD,H1,3,BUY,10.51742023157276,16,"hit_tp=True,hit_sl=False,regime=3"
0.0023051365,0.0011423926,0.00017058438,-0.0014245508,0.21266872,0.20754853,0.37104678,0.31860182,0.49809074,0.45262995,0.26808652,0.26467225,0.14221954,0.6434075,0.0,0.5373438,0.0008241607,0.99703,0.998515,0.0,1.0,0.0,0.25,0.9330127,0.41070786,0.5168649,0.8304351,0.3223302,0.53534865,0.50810486,0.39813673,0.0,0.0,0.51152766,-1.0,1.6900000000000002,2020-12-28T22:00:00,EURUSD,H1,3,BUY,-7.826457213737648,11,"hit_tp=False,hit_sl=True,regime=3"
0.0024126384,0.0025765987,0.0052189915,0.007429967,0.2051847,0.26792446,0.29562813,0.3096935,0.60943896,0.5790781,0.8194871,0.8650323,0.15575466,0.6371637,0.0,0.6803932,0.0014197663,0.44923472,0.72461736,0.0,1.0,0.0,0.0669873,0.75,0.75237596,0.5039009,0.41605097,0.0,0.0,0.41605097,0.41605097,0.0,0.0,0.87740695,1.0,5.0,2020-12-29T20:00:00,EURUSD,H1,3,BUY,9.575523339486747,35,"hit_tp=True,hit_sl=False,regime=3"
0.0042694495,0.008658047,0.012279532,0.011716338,0.3907951,0.36154523,0.3538163,0.27219167,0.61632425,0.5980228,0.9630285,0.805546,0.23982143,0.65185547,0.0,0.2898688,0.0008782184,0.69191986,0.84595996,0.0,1.0,0.0,0.0,0.5,0.731947,0.43775645,0.5435269,0.0,0.0,0.5435269,0.392789,0.0,0.0,0.8086964,1.0,5.0,2021-01-01T18:00:00,EURUSD,H1,3,BUY,8.375686755575096,14,"hit_tp=True,hit_sl=False,regime=3"
0.002532258,0.006052535,0.011849709,0.01360082,0.2738644,0.3213304,0.29890648,0.32264864,0.75608504,0.62597686,1.0,0.9999999,0.111346446,0.6273127,0.0,0.7972156,0.0017696684,0.6044902,0.80224514,0.0,1.0,0.0,0.8535534,0.14644662,0.81647986,0.43836614,0.4,0.0,0.0,0.4,0.358089,0.0,0.0,0.7282784,-1.0,1.6900000000000002,2021-01-02T09:00:00,EURUSD,H1,3,BUY,-7.0125880797466955,3,"hit_tp=False,hit_sl=True,regime=3"
0.0022838588,0.0011388165,7.030107e-05,-0.0017243141,0.42100996,0.3824289,0.33280528,0.33033854,0.60452163,0.46538803,0.3810189,0.35787687,0.15699089,0.62223303,0.0,0.4976791,0.0013924226,0.57190454,0.78595227,0.0,1.0,0.0,0.0,0.5,0.4801398,0.5258002,0.83244604,0.7190563,1.0,0.1133897,0.36986712,0.0,0.0,0.5046896,-1.0,1.3,2021-01-02T18:00:00,EURUSD,H1,3,BUY,-7.2108965580985895,3,"hit_tp=False,hit_sl=True,regime=3"
0.001662164,0.0042499905,-0.00019518379,0.0005351466,0.6118277,0.5399111,0.3946736,0.37036467,0.37607488,0.4385969,0.2854953,0.45955372,0.16223776,0.65361,0.0,0.40874985,0.0013051111,0.66156995,0.830785,0.0,1.0,0.0,0.25,0.9330127,0.40151927,0.5372136,0.6004075,0.24003188,0.28823385,0.36037558,0.4000531,0.0,0.0,0.51470995,1.0,5.0,2021-01-02T22:00:00,EURUSD,H1,3,BUY,9.887856918744387,28,"hit_tp=True,hit_sl=False,regime=3"
0.002616033,0.0024274131,-0.0012131089,-0.0075382143,0.5160472,0.42716005,0.34563753,0.3716879,0.22126313,0.37843224,0.18920489,0.34819692,0.12320281,0.6228181,0.0,0.2711376,0.00062310166,0.65847415,0.82923704,0.0,1.0,0.0,0.25,0.0669873,0.15523984,0.6035245,1.0,0.2012746,0.4025492,0.79872537,0.38084185,0.0,0.4266414,0.4435251,-1.0,1.6900000000000002,2021-01-04T14:00:00,EURUSD,H1,3,BUY,-7.960627740726256,10,"hit_tp=False,hit_sl=True,regime=3"
0.00065890816,0.00016207265,0.002110331,0.0052118883,0.48971593,0.40691918,0.3163202,0.337172,0.4217807,0.52941716,0.5004259,0.58071905,0.28019324,0.7014984,0.0,0.27792552,0.00067452324,0.50910985,0.7545549,0.0,1.0,0.0,0.37059048,0.017037086,0.39246988,0.47179964,0.7210368,0.3307957,0.47703174,0.39024106,0.41349465,0.0,0.0,0.5273726,1.0,5.0,2021-01-05T13:00:00,EURUSD,H1,3,BUY,8.843972349803497,7,"hit_tp=True,hit_sl=False,regime=3"
0.0019204717,0.0007091892,0.0023563101,0.00455356,0.2820901,0.34691775,0.32729095,0.33403072,0.7983805,0.65662265,0.73806304,0.7038316,0.2351706,0.65444976,0.0,0.710294,0.0014697402,0.8898009,0.94490045,0.0,1.0,0.0,0.5,1.0,0.7856768,0.4416137,0.961772,0.52745456,1.0,0.43431753,0.36567447,0.0,0.0,0.6411268,-1.0,2.028,2021-01-06T00:00:00,EURUSD,H1,3,BUY,-8.52200102603673,24,"hit_tp=False,hit_sl=True,regime=3"
0.00058901723,0.0034365489,0.0068594506,0.006380913,0.2759071,0.27809218,0.30111542,0.35974723,0.48992124,0.52540606,0.82332456,0.67407954,0.15832828,0.6597665,0.0,0.37202966,0.0014019008,0.6630554,0.8315277,0.0,1.0,0.0,0.8535534,0.14644662,0.61887175,0.50787336,0.61441797,0.27481008,0.3376965,0.3396079,0.38230953,0.0,0.0,0.6515378,-1.0,1.6900000000000002,2021-01-07T09:00:00,EURUSD,H1,3,BUY,-7.505005298911183,11,"hit_tp=False,hit_sl=True,regime=3"
0.004462072,0.002290576,0.0021110221,-0.003929339,0.34933585,0.38511968,0.33592558,0.30704618,0.38636953,0.44267905,0.19184397,0.26466143,0.12835984,0.6416151,0.0,0.31317312,0.0005076202,0.6357575,0.8178787,0.0,1.0,0.0,0.25,0.9330127,0.13839607,0.5611697,0.8425122,0.5268313,0.8877237,0.31568086,0.36592722,0.0,0.0,0.5929679,1.0,5.0,2021-01-07T22:00:00,EURUSD,H1,3,BUY,9.196213716202717,4,"hit_tp=True,hit_sl=False,regime=3"
0.0016120948,0.000874948,0.003378998,-0.00016646647,0.4196733,0.51209116,0.42861062,0.37648603,0.5870693,0.5700526,0.698004,0.4698598,0.1771261,0.6481075,0.0,0.43921128,0.0011698575,0.65031105,0.8251555,0.0,1.0,0.0,1.0,0.5,0.689683,0.5510269,0.8645057,0.4,0.69160455,0.4645057,0.36042914,0.0,0.0,0.59931386,-1.0,2.028,2021-01-08T06:00:00,EURUSD,H1,3,BUY,-10.204442933581248,58,"hit_tp=False,hit_sl=True,regime=3"
0.0018355926,0.0027563388,0.0018387466,0.0006421167,0.305293,0.23606743,0.30720684,0.3102608,0.4564667,0.509987,0.32132325,0.4600164,0.12768857,0.6618893,0.0,0.35075495,0.0005045011,0.41740286,0.70870143,0.0,1.0,0.0,0.5,0.0,0.29821542,0.37897202,0.90688497,0.46612605,0.8454454,0.4407589,0.36638665,0.0,0.0,0.699796,-1.0,1.6900000000000002,2021-01-11T12:00:00,EURUSD,H1,3,BUY,-7.110633664011434,7,"hit_tp=False,hit_sl=True,regime=3"
0.004684047,0.002665914,0.0035314397,-0.0021888318,0.36354798,0.43609565,0.34614667,0.34884,0.41322383,0.48864508,0.22066988,0.3831608,0.42160216,0.78179216,0.0,0.26222402,0.00051400834,0.49805835,0.74902916,0.0,1.0,0.0,0.14644662,0.8535534,0.17431584,0.3929947,0.8868816,0.8613231,1.0,0.025558513,0.37612423,0.0,0.0,0.7713874,-1.0,1.3,2021-01-11T21:00:00,EURUSD,H1,3,BUY,-7.139175166732681,8,"hit_tp=False,hit_sl=True,regime=3"
0.004598118,0.006217595,0.005164608,0.006847526,0.28687015,0.24821307,0.3218508,0.32656398,0.3796554,0.5377043,0.631629,0.75199205,0.3217647,0.7006584,0.0,0.35000718,0.00061978283,0.54753095,0.7737655,0.0,1.0,0.0,0.75,0.9330127,0.38742468,0.40511116,0.7350682,0.4171052,0.61320156,0.31796303,0.3776656,0.0,0.0,0.77950126,1.0,5.0,2021-01-14T02:00:00,EURUSD,H1,3,BUY,8.27798542273106,12,"hit_tp=True,hit_sl=False,regime=3"
0.0034273835,0.0029634,0.0015345591,0.00013527361,0.37984455,0.29908064,0.28224528,0.3235763,0.7802855,0.5631485,0.6298123,0.41922507,0.12949029,0.63157135,0.0,0.55491054,0.001372884,0.52489454,0.7624473,0.0,1.0,0.0,0.0669873,0.75,0.6441655,0.5079132,1.0,0.5916796,1.0,0.40832043,0.3815688,0.0,0.0,0.58654207,1.0,5.0,2021-01-14T20:00:00,EURUSD,H1,3,BUY,6.824149452395734,7,"hit_tp=True,hit_sl=False,regime=3"
0.0015280468,0.001981018,0.002522712,-0.0008864532,0.5039926,0.46204132,0.40085486,0.3895466,0.6608414,0.47131422,0.51680255,0.5103343,0.22734177,0.7151647,0.0,0.7072915,0.0017072074,0.3817514,0.6908757,0.0,1.0,0.0,0.75,0.0669873,0.5746613,0.5128683,0.68440974,0.4,0.5475278,0.28440976,0.35551676,0.0,0.0,0.9634468,-1.0,1.56,2021-01-15T10:00:00,EURUSD,H1,3,BUY,-9.842015995629172,33,"hit_tp=False,hit_sl=True,regime=3"
0.0044068466,0.0016651582,0.0010049278,-0.003922139,0.2519696,0.37973282,0.39190468,0.32652727,0.3759132,0.41206917,0.2324682,0.37230614,0.19769707,0.63945794,0.0,0.34347066,0.0005014224,0.6452045,0.8226023,0.0,1.0,0.0,0.25,0.9330127,0.17196487,0.5995726,0.7679136,0.4130603,0.6343893,0.3548533,0.354007,0.0,0.0,0.53861487,-1.0,2.028,2021-01-16T22:00:00,EURUSD,H1,3,BUY,-7.563274160342637,30,"hit_tp=False,hit_sl=True,regime=3"
0.0025923583,-0.0013136525,0.003620892,0.009809966,0.34582648,0.32961515,0.34009662,0.32824892,0.6970488,0.6016237,0.79706544,0.87446463,0.2754934,0.6986475,0.0,0.6586311,0.0009850347,0.9450423,0.9725212,0.0,1.0,0.0,0.017037086,0.62940955,0.7433269,0.5250983,0.5540968,0.0,0.0,0.5540968,0.39610815,0.0,0.0,0.53604317,-1.0,1.6900000000000002,2021-01-19T19:00:00,EURUSD,H1,3,BUY,-7.112232548962538,20,"hit_tp=False,hit_sl=True,regime=3"
0.0017009949,0.0018522353,-0.0017617614,-0.0053985575,0.4969115,0.39204586,0.34409988,0.33482772,0.26112023,0.40163964,0.2121863,0.3441069,0.22037037,0.6410975,0.0,0.27591014,0.0003849465,0.50584424,0.7529221,0.0,1.0,0.0,0.25,0.9330127,0.22127785,0.48629633,0.4111401,0.6,0.49336812,0.1888599,0.4111401,0.0,0.0,0.5866998,-1.0,1.56,2021-01-20T22:00:00,EURUSD,H1,3,BUY,-6.507358942946517,25,"hit_tp=False,hit_sl=True,regime=3"
0.0021795128,0.0053035337,0.008008867,-1.4709314e-05,0.44936973,0.40808636,0.37883246,0.35520136,0.4497668,0.46565658,0.35968113,0.5038847,0.25655693,0.78195083,0.0,0.42390546,0.0006001999,0.66197073,0.83098537,0.0,1.0,0.0,0.5,1.0,0.29345223,0.33482113,0.9366244,0.0,0.0,0.9366244,0.41060147,0.0,0.0,0.76333,1.0,5.0,2021-01-22T00:00:00,EURUSD,H1,3,BUY,7.804489363172351,12,"hit_tp=True,hit_sl=False,regime=3"
0.0011280591,0.0020783325,0.0018597408,0.004767971,0.55776834,0.4118289,0.35828054,0.37822488,0.6780932,0.59550583,0.7680642,0.59304994,0.348135,0.726111,0.0,0.7105256,0.0009951948,0.5015123,0.75075614,0.0,1.0,0.0,0.25,0.0669873,0.7668163,0.3687617,1.0,0.0,0.0,1.0,0.3664226,0.0,0.0,0.6946863,-1.0,1.6900000000000002,2021-01-22T14:00:00,EURUSD,H1,3,BUY,-6.323484468826468,5,"hit_tp=False,hit_sl=True,regime=3"
0.0014206263,-0.0020466133,-0.0045573753,-0.00091674837,0.24250582,0.45596266,0.4547755,0.38581473,0.5519788,0.49466917,0.1895981,0.47059932,0.1836509,0.67069334,0.0,0.63421905,0.0008274896,0.97833776,0.9891689,0.0,1.0,0.0,0.25,0.9330127,0.45929477,0.53260744,0.5045632,0.0,0.0,0.5045632,0.3809959,0.0,0.0,0.31518596,1.0,5.0,2021-01-22T22:00:00,EURUSD,H1,3,BUY,10.56872498261141,16,"hit_tp=True,hit_sl=False,regime=3"
0.00069088384,-0.00041124137,0.0028624656,0.004301891,0.5578243,0.46498585,0.35308492,0.31609702,0.77099395,0.6024676,0.73248535,0.6038365,0.25708246,0.7071436,0.0,0.6462671,0.0017711056,0.35069484,0.6753474,0.0,1.0,0.0,0.017037086,0.37059048,0.7867974,0.4880442,0.6,0.0,0.0,0.6,0.40363505,0.0,0.0,0.4818186,-1.0,1.6900000000000002,2021-01-23T17:00:00,EURUSD,H1,3,BUY,-7.298642629083307,8,"hit_tp=False,hit_sl=True,regime=3"
0.0036934344,0.0021273573,-0.00056769606,0.0049175415,0.48156717,0.42046878,0.37315643,0.3556275,0.32660523,0.40306893,0.31114668,0.5226799,0.2792746,0.69284433,0.0,0.2900653,0.0009900961,0.9869894,0.9934947,0.0,1.0,0.0,0.9829629,0.37059048,0.2392277,0.5181378,0.89310825,0.23149128,0.41349357,0.661617,0.3858188,0.0,0.0,0.47858536,1.0,5.0,2021-01-24T07:00:00,EURUSD,H1,3,BUY,8.21158248498044,9,"hit_tp=True,hit_sl=False,regime=3"
0.0063672746,0.0026078988,0.006425365,0.00678822,0.6588305,0.45482534,0.41661167,0.38377008,0.66974604,0.5484824,0.82136875,0.57709384,0.20074019,0.6599171,0.0,0.68595964,0.0014849815,0.51894444,0.7594722,0.0,1.0,0.0,0.017037086,0.37059048,0.5878315,0.57080597,1.0,0.40858528,0.81717056,0.59141475,0.37064475,0.0,0.0,0.6739963,1.0,5.0,2021-01-24T17:00:00,EURUSD,H1,3,BUY,10.720369099794791,10,"hit_tp=True,hit_sl=False,regime=3"
-0.0015225885,-0.003412574,-0.0015737001,-0.004147595,0.433135,0.32290408,0.26756608,0.32751077,0.5977109,0.45139962,0.47953472,0.42326745,0.16828194,0.34421912,0.0,0.6378526,0.0022870786,0.4445858,0.7222929,0.0,1.0,0.0,0.9829629,0.37059048,0.59945434,0.5423086,0.41660342,0.48707947,0.40583795,0.07047604,0.38293046,0.0,0.0,0.5739407,-1.0,1.3,2021-01-26T07:00:00,EURUSD,H1,3,BUY,-7.037292176308441,3,"hit_tp=False,hit_sl=True,regime=3"
0.0012602999,0.00050246547,-0.0010416686,-0.0043588043,0.26193032,0.3384145,0.3516228,0.31388646,0.20017603,0.3628235,0.22507276,0.2593202,0.19583334,0.6667388,0.0,0.2574438,0.001400421,0.9158842,0.9579421,0.0,1.0,0.0,0.25,0.0669873,0.15885481,0.53301436,0.7771783,0.1661189,0.258208,0.61105937,0.41529727,0.0,0.0,0.41226736,1.0,5.0,2021-01-26T14:00:00,EURUSD,H1,3,BUY,7.90777553000499,8,"hit_tp=True,hit_sl=False,regime=3"
-0.0028655597,-0.0036620472,-0.0020719883,-0.00039104407,0.44683114,0.38648716,0.4124474,0.37494302,0.44269583,0.50022197,0.6139341,0.5437303,0.24969916,0.27325246,0.0,0.52314556,0.0010033468,0.9623274,0.9811637,0.0,1.0,0.0,0.37059048,0.9829629,0.498876,0.5426147,0.5837753,0.0,0.0,0.5837753,0.41052553,0.0,0.0,0.7273376,-1.0,1.6900000000000002,2021-01-26T23:00:00,EURUSD,H1,3,BUY,-9.405696157460675,20,"hit_tp=False,hit_sl=True,regime=3"
0.0009053145,0.0020484035,7.4023235e-05,0.0026151733,0.3186707,0.28165963,0.33697543,0.28210917,0.26920828,0.48130968,0.3433602,0.49892747,0.19809523,0.64951426,0.0,0.31306395,0.000396137,0.35423183,0.6771159,0.0,1.0,0.0,0.75,0.9330127,0.30340677,0.56750804,0.6149805,0.4212968,0.51817864,0.19368371,0.3507765,0.0,0.0,0.53503585,-1.0,1.3,2021-01-28T02:00:00,EURUSD,H1,3,BUY,-6.15570541989463,4,"hit_tp=False,hit_sl=True,regime=3"
0.0012310327,0.001048124,0.0027578138,0.006082675,0.3478875,0.44215596,0.3667973,0.34079003,0.5895502,0.63773406,0.7982825,0.6038567,0.14749263,0.6183131,0.0,0.4430098,0.00070991874,0.43267018,0.71633506,0.0,1.0,0.0,0.017037086,0.37059048,0.6046625,0.59342587,1.0,0.0,0.0,1.0,0.3680001,0.0,0.0,0.63647884,1.0,5.0,2021-01-30T17:00:00,EURUSD,H1,3,BUY,8.953404619915784,5,"hit_tp=True,hit_sl=False,regime=3"
0.0025523682,0.0019483472,0.0010793641,-0.0014034052,0.46363035,0.41580012,0.3925177,0.37807232,0.7481613,0.5261983,0.5757673,0.43794525,0.13891102,0.62500596,0.0,0.54150105,0.0016219679,0.6035823,0.80179113,0.0,1.0,0.0,0.25,0.0669873,0.6141821,0.5135339,1.0,0.37344223,0.74688447,0.62655777,0.3605741,0.0,0.0,0.58044904,1.0,5.0,2021-01-31T14:00:00,EURUSD,H1,3,BUY,9.105278795618066,7,"hit_tp=True,hit_sl=False,regime=3"
0.0021704054,0.0010031926,-0.0001674895,0.0034842668,0.2830531,0.407718,0.33429095,0.357023,0.6303172,0.50554204,0.74557036,0.47996292,0.15747663,0.6234819,0.0,0.6458943,0.0018873517,0.48703825,0.7435191,0.0,1.0,0.0,0.5,1.0,0.6740877,0.5783734,0.80992836,0.46320653,0.75032824,0.34672186,0.37576896,0.0,0.0,0.48885298,1.0,5.0,2021-02-01T00:00:00,EURUSD,H1,3,BUY,10.932647285735175,30,"hit_tp=True,hit_sl=False,regime=3"
-0.0029599555,-0.0025010635,-0.0004249686,0.0030985947,0.47509977,0.4632306,0.41008455,0.36846495,0.59775805,0.5261186,0.76724553,0.56878346,0.24701299,0.28063262,0.0,0.6770465,0.0013631028,0.4874149,0.7437075,0.0,1.0,0.0,0.9829629,0.37059048,0.8301882,0.35642934,0.6,1.0,1.0,0.4,0.35069168,0.0,0.0,0.52319795,-1.0,2.028,2021-02-02T07:00:00,EURUSD,H1,3,BUY,-8.820177767472348,61,"hit_tp=False,hit_sl=True,regime=3"
-0.0021552497,-0.0005588263,0.005897173,0.0035721965,0.28306454,0.20435092,0.2696056,0.31790006,0.417933,0.52650046,0.6364741,0.80719405,0.10909091,0.3632308,0.0,0.38013324,0.000497546,0.46554512,0.7327726,0.0,1.0,0.0,1.0,0.5,0.46368465,0.53938544,0.6,0.7250019,0.87000227,0.12500186,0.37897128,0.0,0.0,0.3267135,-1.0,1.3,2021-02-05T06:00:00,EURUSD,H1,3,BUY,-6.080202603520046,2,"hit_tp=False,hit_sl=True,regime=3"
-0.00020805285,0.0030913367,0.0023590645,0.0008377499,0.58634657,0.5189776,0.43839788,0.33854178,0.41348523,0.5002593,0.3621,0.52689683,0.20994407,0.2914807,0.0,0.44054544,0.00075004116,0.51036656,0.7551833,0.0,1.0,0.0,0.017037086,0.37059048,0.32449546,0.6286716,0.8,0.33949205,0.54318726,0.46050796,0.39420167,0.0,0.0,0.42944837,-1.0,1.6900000000000002,2021-02-05T17:00:00,EURUSD,H1,3,BUY,-8.709800302451054,13,"hit_tp=False,hit_sl=True,regime=3"
0.0030950608,0.006789297,0.0043235947,0.0010576335,0.47617725,0.4281812,0.34447753,0.3003789,0.4056213,0.52871794,0.4822865,0.44071525,0.19375,0.6736746,0.0,0.2903522,0.0006835439,0.51721096,0.7586055,0.0,1.0,0.0,0.14644662,0.14644662,0.36209887,0.48129255,1.0,0.6,1.0,0.4,0.38406786,0.0,0.0,0.6007008,-1.0,2.028,2021-02-06T15:00:00,EURUSD,H1,3,BUY,-7.297688036760341,33,"hit_tp=False,hit_sl=True,regime=3"
0.002389817,0.0009971863,-0.0040362184,0.00028246132,0.70218,0.494774,0.42555973,0.34142,0.41372946,0.51067394,0.41830176,0.52805936,0.35399804,0.7132335,0.0,0.3298596,0.0004332395,0.6603843,0.83019215,0.0,1.0,0.0,0.8535534,0.14644662,0.33854166,0.51908875,0.78602177,0.7856085,1.0,0.00041329968,0.39519298,0.0,0.0,0.36262503,1.0,5.0,2021-02-08T09:00:00,EURUSD,H1,3,BUY,7.024481070312394,8,"hit_tp=True,hit_sl=False,regime=3"
0.0013245085,-0.0053185285,-0.0002258984,-0.00043909167,0.44658414,0.3817104,0.5247357,0.39531818,0.5652874,0.57125306,0.58192444,0.48065966,0.23996627,0.6671331,0.0,0.6406082,0.0009192223,0.8239364,0.9119682,0.0,1.0,0.0,0.0,0.5,0.6046187,0.4134363,0.5815231,0.8494829,0.9879879,0.2679597,0.4151803,0.0,0.0,0.4608331,-1.0,1.6900000000000002,2021-02-08T18:00:00,EURUSD,H1,3,BUY,-8.06754361249773,6,"hit_tp=False,hit_sl=True,regime=3"
-0.000484604,0.0032585606,0.0023730423,0.0007806076,0.2874004,0.28759995,0.3573965,0.35287488,0.15173255,0.42623618,0.3499101,0.47874734,0.21466364,0.32994026,0.0,0.22942528,0.00039387844,0.39055356,0.6952768,0.0,1.0,0.0,0.9330127,0.25,0.3108626,0.4750817,0.8,0.91350865,1.0,0.113508634,0.378668,0.0,0.0,0.45687383,1.0,4.680000000000001,2021-02-09T08:00:00,EURUSD,H1,3,BUY,9.167946276227301,27,"hit_tp=True,hit_sl=False,regime=3"
0.002864191,0.007228917,0.0005848152,0.0013923281,0.34231484,0.26646927,0.34789154,0.32900795,0.5473464,0.519221,0.65965515,0.49146158,0.24558927,0.69509614,0.0,0.50661373,0.0009800697,0.97877634,0.98938817,0.0,1.0,0.0,0.017037086,0.62940955,0.5691578,0.41987085,0.4040768,0.0,0.0,0.4040768,0.4040768,0.0,0.0,0.5239033,1.0,5.0,2021-02-10T19:00:00,EURUSD,H1,3,BUY,8.153511162165561,8,"hit_tp=True,hit_sl=False,regime=3"
-0.0010284826,0.0038326192,0.008615327,0.0051821917,0.23564298,0.3351941,0.3971913,0.3763097,0.45066902,0.48639214,0.75084335,0.7012361,0.27163935,0.30750218,0.0,0.4367812,0.001362086,0.49346942,0.7467347,0.0,1.0,0.0,0.14644662,0.8535534,0.6221024,0.5556939,0.46718034,0.66226494,0.6187943,0.1950846,0.36481223,0.0,0.0,0.25784412,1.0,4.680000000000001,2021-02-11T21:00:00,EURUSD,H1,3,BUY,11.39675125264139,66,"hit_tp=True,hit_sl=False,regime=3"
-0.0013085403,-0.0042900285,-0.00795221,-0.004499228,0.22814739,0.20961088,0.24987787,0.3063054,0.46474588,0.44868624,0.16559833,0.1877172,0.15116279,0.34919629,0.0,0.47034976,0.00071561814,0.9919247,0.9959623,0.0,1.0,0.0,0.25,0.9330127,0.38621092,0.54668325,0.4,0.4060123,0.32480985,0.0060123047,0.4060123,0.0,0.0,0.69869745,1.0,5.0,2021-02-14T22:00:00,EURUSD,H1,3,BUY,7.613987493344521,12,"hit_tp=True,hit_sl=False,regime=3"
0.0016778245,-0.0009949963,-0.006924121,-0.007706647,0.22670121,0.24243736,0.3169907,0.3282483,0.58525944,0.5288843,0.5572479,0.35643846,0.13459189,0.65086377,0.0,0.48777094,0.0011553691,0.60456854,0.80228424,0.0,1.0,0.0,0.0669873,0.25,0.5819207,0.4535032,0.5316559,0.6,0.6379871,0.06834409,0.40451849,0.0,0.0,0.29790127,1.0,5.0,2021-02-15T16:00:00,EURUSD,H1,3,BUY,8.50040631625415,12,"hit_tp=True,hit_sl=False,regime=3"
-0.0014183596,0.0026833462,-0.00052776677,-0.004260146,0.615835,0.4502194,0.29418325,0.28570342,0.20494924,0.4431798,0.28697565,0.4367976,0.24095693,0.34412193,0.0,0.120342575,0.00063804176,0.5201584,0.7600792,0.0,1.0,0.0,0.9829629,0.62940955,0.28014147,0.68538094,0.57032055,0.3019385,0.34440345,0.268382,0.35160205,0.0,0.0,0.49748108,-1.0,1.6900000000000002,2021-02-17T05:00:00,EURUSD,H1,3,BUY,-5.1674534950696405,16,"hit_tp=False,hit_sl=True,regime=3"
0.0033810267,0.0030885125,0.006013839,0.0017165035,0.54007846,0.44315797,0.3457381,0.41753277,0.5632624,0.5721098,0.77350885,0.73588526,0.22307692,0.656045,0.0,0.6488034,0.00080277846,0.6545665,0.82728326,0.0,1.0,0.0,0.37059048,0.9829629,0.58507484,0.45474637,1.0,0.0,0.0,1.0,0.40818477,0.0,0.0,0.7074596,1.0,5.0,2021-02-17T23:00:00,EURUSD,H1,3,BUY,10.174703121352824,20,"hit_tp=True,hit_sl=False,regime=3"
0.002281189,0.0022197876,0.0051330593,0.003933874,0.30578238,0.24451967,0.318274,0.3235703,0.5238344,0.49526328,0.6445018,0.62859744,0.20449439,0.6492568,0.0,0.5118439,0.0014406097,0.48218745,0.7410937,0.0,1.0,0.0,0.75,0.9330127,0.60190034,0.421341,1.0,0.32642773,0.65285546,0.67357224,0.39346588,0.0,0.0,0.6604532,-1.0,1.6900000000000002,2021-02-19T02:00:00,EURUSD,H1,3,BUY,-7.643940879740185,18,"hit_tp=False,hit_sl=True,regime=3"
0.0007557094,-3.6932053e-07,-0.0021304672,-0.0029487277,0.10035855,0.22150755,0.28996453,0.34726125,0.544439,0.56584674,0.53755575,0.35485098,0.1486152,0.64765424,0.0,0.34438217,0.0006301892,0.4233898,0.7116949,0.0,1.0,0.0,0.75,0.9330127,0.44050333,0.60537225,0.53672016,0.6,0.6440642,0.063279845,0.41565204,0.0,0.0,0.32449228,1.0,3.9000000000000004,2021-02-21T02:00:00,EURUSD,H1,3,BUY,9.462705520404402,12,"hit_tp=True,hit_sl=False,regime=3"
0.0022996746,-0.0009595736,-6.960412e-05,-0.0008008455,0.35026464,0.26040092,0.29826087,0.28895122,0.78690624,0.58687735,0.61669093,0.43130252,0.17661129,0.6550078,0.0,0.6261812,0.0012307002,0.87935245,0.9396762,0.0,1.0,0.0,0.14644662,0.14644662,0.64444685,0.56216073,0.87182164,0.93093705,1.0,0.059115436,0.40428174,0.0,0.0,0.61394966,-1.0,1.6900000000000002,2021-02-21T15:00:00,EURUSD,H1,3,BUY,-5.9580401161407615,4,"hit_tp=False,hit_sl=True,regime=3"
-0.003608154,-0.00021919011,0.0017353285,-0.001464987,0.5362226,0.40304193,0.3588922,0.31647462,0.51774734,0.49093494,0.44700027,0.5356945,0.21236241,0.35191953,0.0,0.455425,0.0009595542,0.8735111,0.93675554,0.0,1.0,0.0,0.14644662,0.8535534,0.60909104,0.42950034,0.6,0.8305937,0.99671245,0.2305937,0.352233,0.0,0.0,0.44185558,1.0,5.0,2021-02-21T21:00:00,EURUSD,H1,3,BUY,8.342892033734728,6,"hit_tp=True,hit_sl=False,regime=3"
-0.004020184,-0.0011095091,-0.0014631633,0.0018547688,0.35064116,0.36336562,0.46408504,0.39390716,0.5837093,0.531279,0.8613553,0.56646055,0.18434782,0.36438987,0.0,0.7399048,0.0013643499,0.56418055,0.7820903,0.0,1.0,0.0,0.75,0.0669873,0.8653435,0.46508503,1.0,0.7301849,1.0,0.26981506,0.3887839,0.0,0.0,0.73112214,-1.0,1.6900000000000002,2021-02-22T10:00:00,EURUSD,H1,3,BUY,-10.553040015492954,7,"hit_tp=False,hit_sl=True,regime=3"
0.002854362,0.0037919295,0.0032189975,-0.001228008,0.432171,0.4415948,0.43426937,0.38739145,0.17676261,0.40932178,0.31882682,0.3257936,0.25121108,0.6709865,0.0,0.13605276,0.0004752982,0.4397691,0.7198846,0.0,1.0,0.0,0.5,1.0,0.2680986,0.5612288,1.0,0.0,0.0,1.0,0.37010095,0.0,0.0,0.7923908,1.0,5.0,2021-02-23T00:00:00,EURUSD,H1,3,BUY,11.89897985904853,33,"hit_tp=True,hit_sl=False,regime=3"
-0.0056040417,-0.003665723,-0.0039032362,-0.0027403084,0.74745816,0.60927063,0.42744064,0.4088709,0.7615899,0.49783242,0.6528265,0.45260724,0.1795995,0.33731633,0.0,0.8666943,0.0021390312,0.51100576,0.7555029,0.0,1.0,0.0,0.75,0.9330127,0.70016277,0.5626468,0.8,1.0,1.0,0.2,0.4113832,0.0,0.0,0.8,1.0,2.028,2021-02-25T02:00:00,EURUSD,H1,3,BUY,5.58989469775506,100,"hit_tp=False,hit_sl=False,regime=3"
0.0026011758,0.00068482565,0.0010116623,0.00023688436,0.50110775,0.41816774,0.39363638,0.3467777,0.5992664,0.5101922,0.62243617,0.49862725,0.22195846,0.67398936,0.0,0.5706025,0.0012164874,0.38459396,0.692297,0.0,1.0,0.0,0.9829629,0.37059048,0.62130934,0.46560302,0.7262343,0.8,1.0,0.073765695,0.36400452,0.0,0.0,0.72217244,1.0,3.9000000000000004,2021-03-01T07:00:00,EURUSD,H1,3,BUY,7.611121767894247,11,"hit_tp=True,hit_sl=False,regime=3"
0.0031283833,-0.0006400624,-0.005340118,-0.0061120163,0.46426097,0.37266123,0.34698802,0.32275605,0.28931123,0.35346118,0.074040115,0.17320208,0.21606497,0.6415726,0.0,0.4005891,0.00070711435,0.9475442,0.9737721,0.0,1.0,0.0,0.9829629,0.62940955,0.054898925,0.41410437,0.64907926,0.26076353,0.3385124,0.38831574,0.3703686,0.0,0.0,0.36182475,-1.0,2.028,2021-03-02T05:00:00,EURUSD,H1,3,BUY,-6.211529600450572,32,"hit_tp=False,hit_sl=True,regime=3"
0.0030842803,0.0068388153,0.003173565,9.6899785e-05,0.41343173,0.50029045,0.43266374,0.3757167,0.49067545,0.46694443,0.41076374,0.49618164,0.10217707,0.62565917,0.0,0.25734684,0.0007789144,0.93254954,0.9662748,0.0,1.0,0.0,0.25,0.0669873,0.2925266,0.5862792,0.54363084,0.6,0.652357,0.05636919,0.35730666,0.0,0.0,0.5762191,1.0,5.0,2021-03-03T14:00:00,EURUSD,H1,3,BUY,10.547994951768391,69,"hit_tp=True,hit_sl=False,regime=3"
0.001648555,0.0018654345,-0.0018294647,0.0021517533,0.30921933,0.2613384,0.2986122,0.33313128,0.6954906,0.5327923,0.5914939,0.45945695,0.11168224,0.6418112,0.0,0.6805784,0.0010176885,0.5563332,0.7781666,0.0,1.0,0.0,0.017037086,0.62940955,0.6231644,0.4409161,0.6712548,0.0,0.0,0.6712548,0.36054736,0.0,0.0,0.5778819,1.0,5.0,2021-03-06T19:00:00,EURUSD,H1,3,BUY,9.115375903285816,22,"hit_tp=True,hit_sl=False,regime=3"
0.0015538307,0.0003770142,0.0012164932,0.008500083,0.28381374,0.24668144,0.29596215,0.32291082,0.58789635,0.49834988,0.8698923,0.5348505,0.22538355,0.69234663,0.0,0.7319364,0.0016080573,0.5127174,0.7563587,0.0,1.0,0.0,0.14644662,0.14644662,0.724629,0.49237236,0.7200655,0.58690906,0.8452259,0.13315643,0.41613516,0.0,0.0,0.66114014,1.0,3.9000000000000004,2021-03-08T15:00:00,EURUSD,H1,3,BUY,9.351374557489134,13,"hit_tp=True,hit_sl=False,regime=3"
-0.001095217,-0.0010764989,-0.001089666,-0.008868001,0.30492413,0.32375696,0.24828988,0.26773435,0.40695673,0.4681272,0.42999616,0.24587809,0.19633558,0.3750918,0.0,0.4250436,0.00095309876,0.85835445,0.9291772,0.0,1.0,0.0,0.9330127,0.25,0.39558417,0.49168482,0.5895442,1.0,1.0,0.41045582,0.35983947,0.0,0.0,0.8,1.0,5.0,2021-03-10T08:00:00,EURUSD,H1,3,BUY,7.836758986159431,2,"hit_tp=True,hit_sl=False,regime=3"
0.0031895046,-0.0017275697,-5.3444903e-05,-0.001129941,0.5770621,0.46159488,0.3663363,0.3021198,0.5867089,0.4643123,0.25530764,0.35215503,0.17015961,0.65016997,0.0,0.49064097,0.00079425285,0.7694058,0.88470286,0.0,1.0,0.0,0.62940955,0.017037086,0.27572393,0.5195853,0.83962375,1.0,1.0,0.16037624,0.3867611,0.0,0.0,0.5956441,-1.0,2.028,2021-03-10T11:00:00,EURUSD,H1,3,BUY,-7.812941128306772,57,"hit_tp=False,hit_sl=True,regime=3"
0.004655833,0.003144237,0.0075086216,0.008405645,0.28323007,0.36433828,0.31573594,0.31216407,0.5337037,0.59097666,0.73329777,0.83745176,0.1292517,0.6185072,0.0,0.52699685,0.00076932076,0.5365386,0.7682693,0.0,1.0,0.0,0.9829629,0.62940955,0.4683219,0.41211185,1.0,0.30255333,0.60510665,0.69744664,0.37819168,0.0,0.0,0.6652827,-1.0,1.6900000000000002,2021-03-14T05:00:00,EURUSD,H1,3,BUY,-6.839728257568289,6,"hit_tp=False,hit_sl=True,regime=3"
0.00050242356,0.0016429684,0.0056336233,0.0026214365,0.27910104,0.27635595,0.37569773,0.32828897,0.46685246,0.54145336,0.61909,0.62062705,0.2410509,0.6722657,0.0,0.4420382,0.000855846,0.6960172,0.8480086,0.0,1.0,0.0,0.5,1.0,0.44119444,0.43822488,1.0,0.0,0.0,1.0,0.4101994,0.0,0.0,0.6535235,-1.0,1.6900000000000002,2021-03-15T00:00:00,EURUSD,H1,3,BUY,-8.100469207936722,19,"hit_tp=False,hit_sl=True,regime=3"
0.0014190208,0.0011759751,0.00071720174,-6.7431174e-05,0.16735366,0.34006026,0.36241525,0.3464814,0.12715892,0.44003472,0.2976564,0.45516676,0.34995788,0.73644954,0.0,0.18759756,0.00051742606,0.4649641,0.7324821,0.0,1.0,0.0,0.75,0.9330127,0.2657476,0.37042975,1.0,0.4,0.8,0.6,0.4148676,0.0,0.0,0.6,1.0,5.0,2021-03-16T02:00:00,EURUSD,H1,3,BUY,7.798113463504119,20,"hit_tp=True,hit_sl=False,regime=3"
-0.0005482949,0.0032127162,0.0008246062,0.0020687552,0.256803,0.3783339,0.3001409,0.33758813,0.5310714,0.52133805,0.902655,0.5212863,0.1483835,0.343022,0.0,0.65190333,0.0011741443,0.49300328,0.7465016,0.0,1.0,0.0,0.0,0.5,0.74678975,0.5960084,0.6099998,1.0,1.0,0.39000022,0.4091456,0.0,0.0,0.4491284,-1.0,1.6900000000000002,2021-03-17T18:00:00,EURUSD,H1,3,BUY,-5.582426238393001,3,"hit_tp=False,hit_sl=True,regime=3"
-0.0013119533,0.0005377778,0.0017185333,0.0045771142,0.18054524,0.17000365,0.34480673,0.36815768,0.7846588,0.55248386,0.7266165,0.6626245,0.2363397,0.2923443,0.0,0.7600673,0.0017270359,0.385305,0.69265246,0.0,1.0,0.0,0.8535534,0.14644662,0.7430455,0.51775205,0.52369505,0.0,0.0,0.52369505,0.3677784,0.0,0.0,0.38128477,1.0,5.0,2021-03-19T09:00:00,EURUSD,H1,3,BUY,9.61552834366275,10,"hit_tp=True,hit_sl=False,regime=3"
-0.0030924953,-0.0059166937,-0.0019872002,-0.008510458,0.38514316,0.35688055,0.32255262,0.36725405,0.5661637,0.4256067,0.444858,0.32603753,0.25755274,0.31462896,0.0,0.7313579,0.002626937,0.3828876,0.6914438,0.0,1.0,0.0,0.37059048,0.9829629,0.58513576,0.4835955,0.45807412,0.8511094,0.77974236,0.39303523,0.401682,0.0,0.0,0.5884141,-1.0,1.6900000000000002,2021-03-20T23:00:00,EURUSD,H1,3,BUY,-9.25875948687871,7,"hit_tp=False,hit_sl=True,regime=3"
0.0042949175,0.0018457707,-0.001024207,-0.0013037081,0.4182212,0.43033004,0.38584456,0.35046864,0.33088806,0.3709199,0.22280508,0.37636918,0.16085973,0.66837484,0.0,0.31607914,0.0011889266,0.9479984,0.9739992,0.0,1.0,0.0,0.8535534,0.14644662,0.1933296,0.5401217,0.9129415,0.45875084,0.8376254,0.4541907,0.38795152,0.0,0.0,0.46803254,1.0,5.0,2021-03-21T09:00:00,EURUSD,H1,3,BUY,10.523371918365054,21,"hit_tp=True,hit_sl=False,regime=3"
-0.004310796,-0.0036252923,-0.002442834,0.0036477244,0.44046265,0.44970128,0.43163267,0.38123184,0.6739272,0.59459716,0.75403285,0.7045667,0.2578073,0.31438333,0.0,0.76477265,0.0015403329,0.4135128,0.7067564,0.0,1.0,0.0,0.62940955,0.017037086,0.81385106,0.48574108,0.7290986,1.0,1.0,0.27090138,0.37887588,0.0,0.0,0.6,-1.0,1.56,2021-03-22T11:00:00,EURUSD,H1,3,BUY,-9.13099377741311,25,"hit_tp=False,hit_sl=True,regime=3"
0.0008711045,-0.00076896336,-0.0052851145,-0.004862583,0.38220587,0.2588869,0.26042834,0.3273745,0.21784781,0.41227448,0.111201145,0.26756996,0.199335,0.6498195,0.0,0.3098212,0.00038027493,0.40767756,0.70383877,0.0,1.0,0.0,0.37059048,0.017037086,0.1564728,0.45978734,0.64859104,0.0,0.0,0.64859104,0.37067762,0.0,0.0,0.2743585,-1.0,1.6900000000000002,2021-03-23T13:00:00,EURUSD,H1,3,BUY,-6.812124371156081,16,"hit_tp=False,hit_sl=True,regime=3"
-0.0018749671,0.0001815388,-0.00075179536,-8.164865e-05,0.40429488,0.37808257,0.3770022,0.3446194,0.55272007,0.54589397,0.68085754,0.4882799,0.2478986,0.28482085,0.0,0.6311458,0.00056334044,0.5484587,0.77422935,0.0,1.0,0.0,0.017037086,0.62940955,0.7012498,0.53669864,0.69380283,0.38236904,0.5305774,0.3114338,0.38236904,0.0,0.0,0.6312522,-1.0,2.028,2021-03-24T19:00:00,EURUSD,H1,3,BUY,-8.15844815918787,31,"hit_tp=False,hit_sl=True,regime=3"
0.005476757,0.0027536794,0.0014480164,-0.0036030486,0.35344422,0.3478333,0.33149973,0.30381432,0.40354416,0.4529038,0.20578292,0.28998128,0.15966387,0.6703992,0.0,0.24055848,0.00045155478,0.51991975,0.7599599,0.0,1.0,0.0,0.37059048,0.9829629,0.11162715,0.6032935,0.83525246,0.6918968,1.0,0.14335571,0.37599558,0.55167836,0.49237427,0.5457108,-1.0,1.3,2021-03-26T23:00:00,EURUSD,H1,3,BUY,-6.487974697597654,14,"hit_tp=False,hit_sl=True,regime=3"
0.0071116476,0.005283325,0.0043237065,0.0019285809,0.45903483,0.6265401,0.48139685,0.38693953,0.28271076,0.4359354,0.27396026,0.42607385,0.17605536,0.6590241,0.0,0.06861275,0.0008410717,0.56763774,0.78381884,0.0,1.0,0.0,0.25,0.9330127,0.20979959,0.57815033,1.0,1.0,1.0,0.0,0.35630584,0.0,0.0,0.6,1.0,4.680000000000001,2021-03-27T22:00:00,EURUSD,H1,3,BUY,11.302379644708704,21,"hit_tp=True,hit_sl=False,regime=3"
-0.0018774259,-0.004817902,-0.0038072364,-0.00055634894,0.3983057,0.3901448,0.40450755,0.37567657,0.50664324,0.54507464,0.6762937,0.56658393,0.12298363,0.37230176,0.0,0.44912523,0.0015170914,0.63136643,0.81568325,0.0,1.0,0.0,0.37059048,0.017037086,0.6697402,0.61304367,0.4,1.0,0.8,0.6,0.37256092,0.0,0.0,0.5932296,1.0,5.0,2021-03-29T13:00:00,EURUSD,H1,3,BUY,11.623684466091078,44,"hit_tp=True,hit_sl=False,regime=3"
0.0010987824,0.0042953813,0.0011700614,-0.0041195084,0.4328404,0.34334922,0.41063067,0.33050185,0.6489125,0.5249079,0.6193111,0.41293985,0.27109826,0.6683827,0.0,0.625522,0.0011926381,0.5485794,0.77428967,0.0,1.0,0.0,0.14644662,0.14644662,0.66236204,0.4580178,0.60616165,0.0,0.0,0.60616165,0.37597868,0.0,0.0,0.48885825,-1.0,1.6900000000000002,2021-03-31T15:00:00,EURUSD,H1,3,BUY,-8.529428332473277,19,"hit_tp=False,hit_sl=True,regime=3"
0.0022885057,0.0009282905,0.0039658267,0.0010499876,0.2902291,0.34852663,0.2931803,0.3452752,0.36631116,0.46253428,0.34060198,0.69148296,0.26954436,0.707151,0.0,0.2751041,0.0005983341,0.59845716,0.79922855,0.0,1.0,0.0,0.75,0.9330127,0.29173762,0.50923425,0.91141486,0.0,0.0,0.91141486,0.39738345,0.0,0.0,0.60537595,1.0,5.0,2021-04-02T02:00:00,EURUSD,H1,3,BUY,8.661486399208496,10,"hit_tp=True,hit_sl=False,regime=3"
0.0011026622,-0.0029301727,-0.00011928399,-0.001847463,0.31641367,0.35962996,0.26654643,0.31970674,0.64006996,0.57070357,0.62236714,0.45602652,0.17704545,0.6812253,0.0,0.5713553,0.0010493204,0.90454316,0.9522716,0.0,1.0,0.0,0.0669873,0.25,0.64569837,0.467473,0.48188525,0.59128416,0.56986225,0.10939889,0.3935676,0.0,0.0,0.48324528,-1.0,1.6900000000000002,2021-04-02T16:00:00,EURUSD,H1,3,BUY,-6.568148050147826,15,"hit_tp=False,hit_sl=True,regime=3"
0.0021207982,0.0054114796,0.0068074223,0.00035015354,0.34157312,0.3168213,0.32918552,0.32662526,0.4470014,0.43395224,0.35336578,0.42724773,0.38690364,0.7437244,0.0,0.50785875,0.0009271746,0.8728258,0.93641293,0.0,1.0,0.0,0.9330127,0.25,0.31177342,0.46411082,0.9663398,0.0,0.0,0.9663398,0.40675074,0.0,0.0,0.7869689,-1.0,1.6900000000000002,2021-04-03T08:00:00,EURUSD,H1,3,BUY,-6.816413467347626,9,"hit_tp=False,hit_sl=True,regime=3"
0.0010575596,0.0034078124,0.0015135355,-0.0015470638,0.6106473,0.458209,0.3785781,0.3592421,0.32693762,0.4375022,0.29250783,0.4684629,0.1960969,0.6739255,0.0,0.33360824,0.0006191231,0.66974634,0.8348732,0.0,1.0,0.0,0.14644662,0.8535534,0.27408367,0.53382534,0.5654321,0.22561197,0.2551365,0.33982012,0.37601995,0.0,0.0,0.51969373,1.0,5.0,2021-04-03T21:00:00,EURUSD,H1,3,BUY,8.527000644649174,9,"hit_tp=True,hit_sl=False,regime=3"
0.0015841407,0.0011526458,-0.0011554507,-0.00144561,0.22794631,0.43916002,0.39417958,0.3829508,0.6934179,0.5403133,0.5214136,0.338126,0.2722467,0.68602103,0.0,0.70233047,0.00092061405,0.9961896,0.9980948,0.0,1.0,0.0,0.8535534,0.14644662,0.5225279,0.5902412,1.0,0.53633213,1.0,0.4636679,0.40960538,0.0,0.0,0.4198213,-1.0,2.028,2021-04-04T09:00:00,EURUSD,H1,3,BUY,-8.984975235879489,52,"hit_tp=False,hit_sl=True,regime=3"
0.0015888737,0.00023974384,0.0030197133,0.0015382827,0.13931009,0.30716288,0.26315168,0.31293288,0.33358377,0.5099866,0.39295208,0.4868711,0.16594301,0.63726944,0.0,0.23364694,0.00051309605,0.38289982,0.69144994,0.0,1.0,0.0,0.9330127,0.75,0.35517764,0.44103056,0.69628614,0.6818594,0.94953847,0.014426727,0.41516888,0.0,0.0,0.5667312,1.0,3.9000000000000004,2021-04-07T04:00:00,EURUSD,H1,3,BUY,7.9445527123156445,7,"hit_tp=True,hit_sl=False,regime=3"
-0.0009501695,-0.001627893,0.0018603288,0.0017415473,0.40391645,0.38843626,0.3346658,0.32910585,0.6970732,0.6324221,0.7917171,0.7319659,0.34535432,0.25670144,0.0,0.5540303,0.0009640436,0.7197458,0.85987294,0.0,1.0,0.0,0.5,0.0,0.82640666,0.5116443,0.40155414,0.3188399,0.25606295,0.082714245,0.40699518,0.0,0.0,0.51143575,-1.0,2.028,2021-04-07T12:00:00,EURUSD,H1,3,BUY,-7.715979235529691,35,"hit_tp=False,hit_sl=True,regime=3"
-0.0030621046,0.0016029249,-0.0023505169,-0.00044328714,0.25887606,0.28805304,0.34379405,0.3409307,0.74715745,0.64454895,0.69583946,0.49547973,0.24449307,0.3060922,0.0,0.80945945,0.0015815211,0.42749953,0.71374977,0.0,1.0,0.0,0.37059048,0.017037086,0.7694561,0.48914415,0.5573379,0.15180837,0.1692171,0.4055295,0.37952092,0.0,0.0,0.55730325,-1.0,1.6900000000000002,2021-04-09T13:00:00,EURUSD,H1,3,BUY,-7.4451603849845505,9,"hit_tp=False,hit_sl=True,regime=3"
0.0032626032,0.0016003672,0.0006283521,0.00059890735,0.5222338,0.54473275,0.42522147,0.3850063,0.2664271,0.3804942,0.27426046,0.38046956,0.22501595,0.69309133,0.0,0.20726736,0.00097045914,0.93041867,0.9652093,0.0,1.0,0.0,0.75,0.9330127,0.21879888,0.573925,0.8271561,0.2618247,0.43313983,0.56533146,0.40543908,0.0,0.0,0.5319715,-1.0,2.028,2021-04-10T02:00:00,EURUSD,H1,3,BUY,-8.058815202267589,24,"hit_tp=False,hit_sl=True,regime=3"
0.0015667165,0.0023213162,0.00020603271,0.0034018662,0.34420118,0.30566922,0.28196692,0.31911525,0.31327632,0.49275485,0.40276533,0.5520173,0.2583004,0.6698271,0.0,0.33677036,0.00043015732,0.37299758,0.68649876,0.0,1.0,0.0,0.5,0.0,0.34300283,0.49526346,0.67995954,0.23382574,0.3179841,0.44613382,0.38970956,0.0,0.0,0.6118895,-1.0,1.6900000000000002,2021-04-11T12:00:00,EURUSD,H1,3,BUY,-6.996129280971708,5,"hit_tp=False,hit_sl=True,regime=3"
0.0037899646,0.004700842,0.0014043911,0.0031691405,0.52033424,0.5363971,0.42890644,0.3571288,0.5543807,0.5231428,0.34338814,0.5264755,0.17536141,0.68152654,0.0,0.43987256,0.0006582497,0.50741255,0.7537063,0.0,1.0,0.0,0.0,0.5,0.3268448,0.47928914,0.40464506,0.6,0.48557407,0.19535495,0.40464506,0.0,0.0,0.68436456,-1.0,1.3,2021-04-11T18:00:00,EURUSD,H1,3,BUY,-9.36524567384689,12,"hit_tp=False,hit_sl=True,regime=3"
0.0022815624,0.0069594714,0.0057407334,0.0037919166,0.35583478,0.51646143,0.41836426,0.35771027,0.4206108,0.51770467,0.5241583,0.5340932,0.16835788,0.68440515,0.0,0.2650609,0.0007100544,0.5026011,0.7513006,0.0,1.0,0.0,0.0669873,0.25,0.38683635,0.46742702,1.0,0.18754037,0.37508073,0.81245965,0.3547463,0.0,0.0,0.5674346,-1.0,2.028,2021-04-12T16:00:00,EURUSD,H1,3,BUY,-9.71935381865574,47,"hit_tp=False,hit_sl=True,regime=3"
0.0022111125,0.000601643,0.0048732664,0.00044217033,0.25115064,0.3090875,0.2749918,0.31986752,0.33806062,0.47148085,0.32842803,0.49083906,0.20451045,0.7181351,0.0,0.22358896,0.0005224759,0.5717845,0.78589225,0.0,1.0,0.0,0.0,0.5,0.28206655,0.5931247,0.72897595,0.2731842,0.39828944,0.45579177,0.36276525,0.0,0.0,0.5639589,1.0,5.0,2021-04-14T18:00:00,EURUSD,H1,3,BUY,9.566562068243911,3,"hit_tp=True,hit_sl=False,regime=3"
0.0016475894,0.0023434993,0.002514507,0.0010750573,0.19701679,0.31589147,0.3189363,0.35484147,0.6473199,0.5389523,0.6991307,0.5420327,0.2657682,0.6759653,0.0,0.43948555,0.0009922145,0.91963243,0.9598162,0.0,1.0,0.0,0.25,0.0669873,0.6830857,0.5300177,0.91545844,0.0,0.0,0.91545844,0.36698717,0.0,0.0,0.9931564,1.0,5.0,2021-04-15T14:00:00,EURUSD,H1,3,BUY,8.934137632654604,72,"hit_tp=True,hit_sl=False,regime=3"
0.0027567788,0.00097515585,0.0011493652,0.0022659486,0.29006466,0.3739013,0.30982944,0.3269454,0.584729,0.51596314,0.6160072,0.45287105,0.25022355,0.6923052,0.0,0.42939192,0.001083264,0.50504297,0.7525215,0.0,1.0,0.0,0.017037086,0.37059048,0.58991605,0.5701624,0.7579028,0.8,1.0,0.042097207,0.37323317,0.0,0.0,0.7509931,1.0,4.680000000000001,2021-04-18T17:00:00,EURUSD,H1,3,BUY,7.856894866862252,23,"hit_tp=True,hit_sl=False,regime=3"
-0.0039310073,-0.0036077606,-0.0017416802,0.002399247,0.44175676,0.36955917,0.33119184,0.3669864,0.4572702,0.47980797,0.7138177,0.6213837,0.24342582,0.26033637,0.0,0.51196724,0.0015823732,0.5722323,0.7861162,0.0,1.0,0.0,0.0,0.5,0.7377782,0.46113294,0.6,1.0,1.0,0.4,0.40402848,0.0,0.0,0.58535945,1.0,5.0,2021-04-20T18:00:00,EURUSD,H1,3,BUY,11.099718959455274,18,"hit_tp=True,hit_sl=False,regime=3"
0.00043396116,0.004379331,0.0031746065,-0.00737319,0.2945923,0.33361092,0.28865075,0.31536326,0.53091866,0.43492493,0.3941926,0.3856255,0.21049723,0.64323205,0.0,0.49784827,0.001050337,0.8354363,0.9177182,0.0,1.0,0.0,0.0669873,0.75,0.42434612,0.55763,1.0,0.0,0.0,1.0,0.35664892,0.0,0.0,0.44663936,1.0,5.0,2021-04-21T20:00:00,EURUSD,H1,3,BUY,9.618316198858334,7,"hit_tp=True,hit_sl=False,regime=3"
0.00021858216,-0.0041992925,-0.0016043893,-0.0018839646,0.6456262,0.5768265,0.3884823,0.35162428,0.43956757,0.4754361,0.439578,0.49521086,0.121160045,0.6351857,0.0,0.5740697,0.0011013369,0.9139592,0.95697963,0.0,1.0,0.0,0.9330127,0.75,0.42038414,0.48466414,0.5475384,0.626982,0.6865934,0.07944359,0.3512418,0.0,0.0,0.4181319,1.0,5.0,2021-04-22T04:00:00,EURUSD,H1,3,BUY,11.561566007054491,32,"hit_tp=True,hit_sl=False,regime=3"
0.002613934,0.0009073063,-0.0015427944,0.00027422362,0.44026244,0.48208657,0.4124153,0.36713436,0.8148477,0.5253112,0.6349137,0.3686156,0.28465703,0.6874122,0.0,0.8017151,0.0026146409,0.3986196,0.69930977,0.0,1.0,0.0,0.5,1.0,0.6586127,0.55657095,0.7552844,0.24708423,0.37323773,0.50820017,0.35810283,0.0,0.0,0.43162945,-1.0,2.028,2021-04-24T00:00:00,EURUSD,H1,3,BUY,-9.042845662969867,48,"hit_tp=False,hit_sl=True,regime=3"
0.0010418342,0.0026560044,0.00571574,0.002961677,0.41380107,0.397439,0.3738323,0.3229542,0.26693782,0.49953127,0.43242127,0.60385805,0.22870722,0.64364797,0.0,0.36437166,0.00050423195,0.427426,0.713713,0.0,1.0,0.0,0.0669873,0.75,0.35785216,0.39225766,1.0,0.0,0.0,1.0,0.35222194,0.0,0.0,0.7093902,-1.0,1.6900000000000002,2021-04-26T20:00:00,EURUSD,H1,3,BUY,-6.896418037776186,7,"hit_tp=False,hit_sl=True,regime=3"
0.004061532,0.0031365887,0.0038856675,0.0016750434,0.3059079,0.2601745,0.3214485,0.31997138,0.6963698,0.53701943,0.721087,0.59388596,0.19385113,0.64761543,0.0,0.7477723,0.0011082775,0.39617372,0.69808686,0.0,1.0,0.0,0.9829629,0.37059048,0.58219594,0.4650515,1.0,0.56463516,1.0,0.43536484,0.37788936,0.0,0.0,0.8,-1.0,1.6900000000000002,2021-04-30T07:00:00,EURUSD,H1,3,BUY,-7.547402269902914,14,"hit_tp=False,hit_sl=True,regime=3"
0.0039174138,0.0071504526,0.0032036528,0.003053217,0.419448,0.36487886,0.3079081,0.29591843,0.41331413,0.4660488,0.37039867,0.45775253,0.13149448,0.6535233,0.0,0.30531612,0.00088181486,0.7241848,0.86209244,0.0,1.0,0.0,0.25,0.9330127,0.27873936,0.46659234,0.7147079,0.6,0.8576495,0.11470792,0.40180814,0.0,0.0,0.6118507,-1.0,1.6900000000000002,2021-04-30T22:00:00,EURUSD,H1,3,BUY,-7.030841319655146,6,"hit_tp=False,hit_sl=True,regime=3"
0.0042265495,0.0035610972,0.0038489786,0.00041187828,0.18403871,0.22315852,0.23880437,0.3302363,0.30945438,0.46891537,0.3436369,0.40681306,0.20972097,0.6338863,0.0,0.23298486,0.0003733711,0.52010936,0.76005465,0.0,1.0,0.0,0.017037086,0.37059048,0.22681293,0.555925,1.0,0.8605806,1.0,0.13941939,0.38094905,0.0,0.0,0.8,-1.0,1.56,2021-05-01T17:00:00,EURUSD,H1,3,BUY,-7.307613860616513,49,"hit_tp=False,hit_sl=True,regime=3"
0.001536426,0.0029309727,0.002093886,0.0026263283,0.23576143,0.2383657,0.38044405,0.35378203,0.5633828,0.49286306,0.45393836,0.6086241,0.19779412,0.659972,0.0,0.59759915,0.0005599892,0.86897874,0.93448937,0.0,1.0,0.0,0.37059048,0.9829629,0.46762243,0.47573987,1.0,0.4633911,0.9267822,0.53660893,0.38892078,0.0,0.0,0.64467233,1.0,5.0,2021-05-03T23:00:00,EURUSD,H1,3,BUY,8.676265799909544,11,"hit_tp=True,hit_sl=False,regime=3"
0.0013056067,-0.0018114317,-0.0036061187,-0.005446031,0.65528256,0.48822603,0.36389643,0.34822664,0.56163037,0.4663748,0.3154163,0.37800404,0.2596284,0.67427415,0.0,0.44399995,0.0009553494,0.8415167,0.9207583,0.0,1.0,0.0,0.9829629,0.37059048,0.30337042,0.4855306,0.41196474,0.8595642,0.7082203,0.44759944,0.41196474,0.0,0.0,0.32597876,-1.0,1.6900000000000002,2021-05-05T07:00:00,EURUSD,H1,3,BUY,-6.85304865013503,8,"hit_tp=False,hit_sl=True,regime=3"
0.0040625366,0.0039701764,0.0059368787,0.004110866,0.44577917,0.36515218,0.3703995,0.38701412,0.5404721,0.5381637,0.7156262,0.64960915,0.15993723,0.6786532,0.0,0.5881016,0.0009682368,0.8004901,0.900245,0.0,1.0,0.0,0.62940955,0.9829629,0.5126583,0.5291542,1.0,0.0,0.0,1.0,0.37552896,0.0,0.0,0.79822206,-1.0,1.6900000000000002,2021-05-06T01:00:00,EURUSD,H1,3,BUY,-8.148927567857012,6,"hit_tp=False,hit_sl=True,regime=3"
0.0038877886,0.003486238,0.00097251084,0.0022973816,0.3265893,0.40251225,0.36453938,0.33588785,0.5648921,0.52775,0.6711,0.48288602,0.35074073,0.7249669,0.0,0.53991187,0.0010237386,0.7109843,0.8554921,0.0,1.0,0.0,0.0669873,0.25,0.5310247,0.50460446,1.0,0.51962024,1.0,0.48037976,0.39112902,0.0,0.0,0.5428924,-1.0,2.028,2021-05-06T16:00:00,EURUSD,H1,3,BUY,-7.686446481496301,25,"hit_tp=False,hit_sl=True,regime=3"
0.0019758078,0.004207108,0.009526041,0.010167651,0.39258522,0.32853588,0.30990908,0.30605558,0.5462731,0.5590525,0.8143322,0.88502914,0.14708048,0.6677476,0.0,0.66522324,0.0012726833,0.6220949,0.81104743,0.0,1.0,0.0,0.25,0.9330127,0.71489686,0.47519153,1.0,0.0,0.0,1.0,0.40032908,0.0,0.0,0.7244936,1.0,5.0,2021-05-09T22:00:00,EURUSD,H1,3,BUY,7.901002624148834,6,"hit_tp=True,hit_sl=False,regime=3"
-0.0014457088,-0.0004363918,0.0026143212,-0.0021909731,0.34250975,0.36256623,0.31309512,0.35151607,0.30550346,0.43018556,0.34044105,0.57155216,0.2276923,0.31622416,0.0,0.3026242,0.00085544,0.97752833,0.98876417,0.0,1.0,0.0,0.0669873,0.75,0.35352987,0.49763098,0.46261102,0.8676642,0.80278206,0.40505317,0.3867209,0.0,0.0,0.35756433,-1.0,1.6900000000000002,2021-05-10T20:00:00,EURUSD,H1,3,BUY,-7.951609656848824,6,"hit_tp=False,hit_sl=True,regime=3"
0.000585918,0.0024193013,0.0023083584,-0.0075480873,0.17000604,0.29779974,0.31934407,0.3314714,0.27175292,0.40576723,0.24957126,0.20319763,0.24491525,0.73586386,0.0,0.31352112,0.0004223274,0.48239285,0.74119645,0.0,1.0,0.0,0.8535534,0.8535534,0.22162864,0.48319384,0.8,0.0,0.0,0.8,0.35909063,0.0,0.0,0.5389526,-1.0,1.6900000000000002,2021-05-11T03:00:00,EURUSD,H1,3,BUY,-7.482702405487984,4,"hit_tp=False,hit_sl=True,regime=3"
0.00069325947,0.002661233,0.0049281376,0.0060794903,0.16209595,0.156694,0.19845898,0.27525455,0.35658315,0.5234315,0.5040728,0.9472905,0.22821869,0.6490804,0.0,0.35195845,0.0004854001,0.36424536,0.68212265,0.0,1.0,0.0,0.0669873,0.75,0.39721695,0.4269675,0.55388296,0.0,0.0,0.55388296,0.40763444,0.0,0.0,0.684422,-1.0,1.6900000000000002,2021-05-11T20:00:00,EURUSD,H1,3,BUY,-6.430209774113127,5,"hit_tp=False,hit_sl=True,regime=3"
0.0013898764,-0.0002893135,0.00023398636,-0.00016546893,0.2178381,0.3271698,0.3498568,0.29957584,0.52035934,0.6094687,0.6404906,0.5417366,0.15609168,0.6485384,0.0,0.5005676,0.00085602544,0.5776039,0.7888019,0.0,1.0,0.0,0.62940955,0.017037086,0.530026,0.4653996,0.53949827,0.8,0.86319727,0.2605017,0.41495502,0.0,0.0,0.63213396,-1.0,1.6900000000000002,2021-05-12T11:00:00,EURUSD,H1,3,BUY,-6.744966210598946,12,"hit_tp=False,hit_sl=True,regime=3"
0.001490126,0.0039522382,0.004252231,-0.0011927615,0.2607112,0.29705986,0.30194193,0.36436906,0.44722807,0.5112333,0.39443016,0.4645089,0.17719299,0.6422994,0.0,0.4030247,0.0006486878,0.46316612,0.73158306,0.0,1.0,0.0,0.5,1.0,0.33973783,0.56260496,0.46420777,0.16446742,0.15269412,0.29974034,0.41116858,0.0,0.0,0.81028914,-1.0,1.6900000000000002,2021-05-13T00:00:00,EURUSD,H1,3,BUY,-6.790539071999113,20,"hit_tp=False,hit_sl=True,regime=3"
0.0014857478,0.001221552,-0.00050573435,0.00363686,0.32648912,0.3626867,0.33840656,0.35279468,0.47590303,0.50451744,0.44585517,0.58277917,0.19030125,0.65524095,0.0,0.44263902,0.0005010078,0.7523641,0.8761821,0.0,1.0,0.0,1.0,0.5,0.36557904,0.5076418,1.0,0.38626078,0.77252156,0.6137392,0.37395456,0.0,0.0,0.45636335,-1.0,1.6900000000000002,2021-05-14T06:00:00,EURUSD,H1,3,BUY,-7.328898475058576,6,"hit_tp=False,hit_sl=True,regime=3"
0.0010216337,0.0035108437,-0.00026530182,-0.006176854,0.37834215,0.4009297,0.3488125,0.3584496,0.34146997,0.46434647,0.20959246,0.27592376,0.29685184,0.6939677,0.0,0.37968382,0.00045119095,0.55388373,0.7769419,0.0,1.0,0.0,0.37059048,0.017037086,0.17814794,0.47226197,0.93846464,0.0,0.0,0.93846464,0.40577695,0.0,0.0,0.48412964,-1.0,1.6900000000000002,2021-05-14T13:00:00,EURUSD,H1,3,BUY,-7.228801413066144,4,"hit_tp=False,hit_sl=True,regime=3"
0.0019483571,0.0050952965,0.0042962534,0.007192742,0.21256368,0.27403915,0.28104332,0.30694753,0.53413486,0.57080793,0.66363406,0.7848552,0.18359712,0.6566719,0.0,0.63949436,0.0006717128,0.5358807,0.76794034,0.0,1.0,0.0,0.9829629,0.37059048,0.57277787,0.2896089,1.0,0.0,0.0,1.0,0.3795593,0.0,0.0,0.59836507,-1.0,1.6900000000000002,2021-05-16T07:00:00,EURUSD,H1,3,BUY,-6.0440640419590075,13,"hit_tp=False,hit_sl=True,regime=3"
0.0018737776,0.004822262,0.00651484,0.0025586034,0.49514687,0.38303232,0.4102659,0.33975527,0.3539804,0.47225383,0.38106698,0.5603729,0.16223048,0.6408098,0.0,0.36148018,0.00060542545,0.5524997,0.7762498,0.0,1.0,0.0,0.37059048,0.9829629,0.32685438,0.39285046,0.88831276,0.4,0.7106502,0.48831275,0.35075292,0.0,0.0,0.77261,1.0,5.0,2021-05-16T23:00:00,EURUSD,H1,3,BUY,9.307472727055899,16,"hit_tp=True,hit_sl=False,regime=3"
0.0019497286,-0.0002640904,-0.0059651593,-0.0074505066,0.4185588,0.3213807,0.40413114,0.3338244,0.2630425,0.336587,0.1536907,0.13333304,0.22635432,0.69596064,0.0,0.18546982,0.00077895424,0.78022695,0.8901135,0.0,1.0,0.0,0.75,0.0669873,0.10916617,0.44457257,0.80256313,0.6,0.96307576,0.20256312,0.36138734,0.52074254,0.0,0.31856078,1.0,5.0,2021-05-18T10:00:00,EURUSD,H1,3,BUY,8.751076946356129,15,"hit_tp=True,hit_sl=False,regime=3"
0.002864712,0.0032325473,0.0024844157,0.0019855918,0.44496864,0.4307415,0.38835368,0.38813773,0.6965007,0.58073956,0.7322586,0.6635292,0.171,0.64622194,0.0,0.5637081,0.001157276,0.69082063,0.84541035,0.0,1.0,0.0,0.9330127,0.75,0.7476768,0.5470792,0.9519708,0.29111296,0.5542621,0.66085786,0.35100365,0.0,0.0,0.8,-1.0,2.028,2021-05-19T04:00:00,EURUSD,H1,3,BUY,-9.072582209319613,51,"hit_tp=False,hit_sl=True,regime=3"
0.0010329722,-0.0025670254,-0.0059078834,-0.0113356365,0.67362446,0.51573056,0.4426722,0.35826746,0.1566619,0.3168188,0.16750093,0.28889817,0.19847095,0.6584202,0.0,0.22514062,0.0004021925,0.36716294,0.6835815,0.0,1.0,0.0,0.8535534,0.14644662,0.12845378,0.6247807,0.6901404,0.4748995,0.6554947,0.2152409,0.35204875,0.0,0.0,0.27770716,-1.0,1.3,2021-05-21T09:00:00,EURUSD,H1,3,BUY,-8.766779447679784,9,"hit_tp=False,hit_sl=True,regime=3"
0.0021746128,-0.00069072156,-0.00028124772,0.0029481754,0.41688466,0.45183167,0.39409357,0.3710472,0.28106797,0.521628,0.34216198,0.6239462,0.20413534,0.62926215,0.0,0.21048836,0.00064103253,0.44240153,0.72120076,0.0,1.0,0.0,0.37059048,0.9829629,0.31877804,0.54248446,0.6962384,0.8,1.0,0.103761576,0.41019133,0.0,0.0,0.6394249,-1.0,1.56,2021-05-21T23:00:00,EURUSD,H1,3,BUY,-8.36355813739198,21,"hit_tp=False,hit_sl=True,regime=3"
0.0029826183,0.0018601934,0.00032755433,-0.0005822237,0.2807668,0.3149636,0.3374286,0.36285394,0.39961177,0.50078523,0.24501635,0.370043,0.20542875,0.6925194,0.0,0.324907,0.00041857566,0.6079889,0.8039945,0.0,1.0,0.0,0.5,1.0,0.1350159,0.54774636,0.9429244,0.61290765,1.0,0.33001673,0.40234217,0.0,0.0,0.5174324,1.0,5.0,2021-05-24T00:00:00,EURUSD,H1,3,BUY,9.916187502048146,8,"hit_tp=True,hit_sl=False,regime=3"
0.0029149526,0.0028074426,0.001432267,0.0033428415,0.5429645,0.60040057,0.49504742,0.38637063,0.8287786,0.557548,0.67252773,0.48722458,0.23344,0.67548,0.0,0.812908,0.0012009396,0.54582745,0.77291375,0.0,1.0,0.0,0.37059048,0.017037086,0.67757154,0.57972866,1.0,0.6,1.0,0.4,0.37360805,0.0,0.0,0.59771615,1.0,5.0,2021-05-24T13:00:00,EURUSD,H1,3,BUY,11.302753016040334,11,"hit_tp=True,hit_sl=False,regime=3"
-0.0008337567,0.0029905825,0.00058705994,-0.0069495705,0.14972077,0.19389215,0.2988262,0.2742766,0.2547188,0.38093674,0.26824796,0.2345084,0.19480751,0.37104318,0.0,0.4132425,0.00089232944,0.80620414,0.9031021,0.0,1.0,0.0,0.8535534,0.14644662,0.25275734,0.48858908,0.612167,0.4050489,0.49591514,0.20711806,0.4050489,0.0,0.0,0.47085226,-1.0,1.6900000000000002,2021-05-25T09:00:00,EURUSD,H1,3,BUY,-6.875276298488053,8,"hit_tp=False,hit_sl=True,regime=3"
0.0025331345,0.0022542123,0.00018604669,-0.0011271242,0.45742166,0.34648335,0.2844137,0.31546447,0.3082794,0.4220497,0.23428744,0.3682013,0.3598604,0.75278646,0.0,0.31479323,0.00046957107,0.42406988,0.71203494,0.0,1.0,0.0,0.017037086,0.62940955,0.2700864,0.53415596,1.0,0.6,1.0,0.4,0.37162107,0.0,0.0,0.51143783,-1.0,1.6900000000000002,2021-05-25T19:00:00,EURUSD,H1,3,BUY,-5.317325353306757,5,"hit_tp=False,hit_sl=True,regime=3"
0.0021303452,0.0028057203,0.002007018,0.01513591,0.46493497,0.4949733,0.4223206,0.38729128,0.6672062,0.62543213,0.8440971,0.7832019,0.121109396,0.64447075,0.0,0.46850878,0.0011282333,0.97460073,0.9873004,0.0,1.0,0.0,0.5,0.0,0.8345495,0.58326256,0.4011976,0.0,0.0,0.4011976,0.4011976,0.0,0.0,0.7546412,-1.0,1.6900000000000002,2021-05-26T12:00:00,EURUSD,H1,3,BUY,-8.432276892731405,16,"hit_tp=False,hit_sl=True,regime=3"
-0.0028011415,-0.0001706599,0.004341406,0.0033239182,0.34757656,0.40099427,0.3476624,0.3086533,0.41690072,0.5198434,0.6295594,0.6940348,0.12165178,0.3776159,0.0,0.458734,0.0004904767,0.5954645,0.79773223,0.0,1.0,0.0,0.37059048,0.017037086,0.57927305,0.4882238,0.5360646,0.7295852,0.7822096,0.19352052,0.38706145,0.0,0.0,0.36904654,-1.0,1.6900000000000002,2021-05-27T13:00:00,EURUSD,H1,3,BUY,-7.1177581394543665,12,"hit_tp=False,hit_sl=True,regime=3"
0.0022303942,0.0020202424,0.0030414579,0.0041672466,0.31971705,0.26365933,0.29043514,0.32717785,0.34901243,0.4883808,0.4094675,0.54221374,0.16607387,0.6383337,0.0,0.43823582,0.00043642905,0.45525995,0.72762996,0.0,1.0,0.0,0.9829629,0.62940955,0.32867804,0.47301912,1.0,0.0,0.0,1.0,0.35635662,0.0,0.0,0.7865946,-1.0,1.6900000000000002,2021-05-28T05:00:00,EURUSD,H1,3,BUY,-6.697691464356836,3,"hit_tp=False,hit_sl=True,regime=3"
0.0023773068,-0.00013476722,0.002352214,0.0034365077,0.6011231,0.47305307,0.36922184,0.33367243,0.65983367,0.528036,0.5509922,0.5736258,0.21920416,0.6527966,0.0,0.56950194,0.0010580694,0.62651986,0.81325996,0.0,1.0,0.0,0.9829629,0.62940955,0.59339124,0.50494677,0.56958836,0.27537206,0.31369746,0.29421628,0.38537857,0.0,0.0,0.5933712,1.0,5.0,2021-05-29T05:00:00,EURUSD,H1,3,BUY,9.384385011026453,13,"hit_tp=True,hit_sl=False,regime=3"
0.004240646,0.002213176,-0.0028689029,-0.006735791,0.33307835,0.31486434,0.3612966,0.30810994,0.5635698,0.4364391,0.29623273,0.21494788,0.11442677,0.6222512,0.0,0.53990173,0.0015435297,0.6921298,0.84606487,0.0,1.0,0.0,0.75,0.9330127,0.3477029,0.6160561,0.9755126,0.6,1.0,0.37551263,0.40109044,0.0,0.0,0.42415103,1.0,5.0,2021-05-30T02:00:00,EURUSD,H1,3,BUY,8.997596778601569,11,"hit_tp=True,hit_sl=False,regime=3"
0.004221416,0.0023910142,4.518838e-05,-0.0044258023,0.5901561,0.5005468,0.4678185,0.36750293,0.50403905,0.44003293,0.18981929,0.39977548,0.2011236,0.6695887,0.0,0.50031596,0.0015444031,0.5576155,0.77880776,0.0,1.0,0.0,0.017037086,0.62940955,0.24392039,0.5988096,0.8844257,0.46431243,0.8212997,0.42011324,0.3674924,0.0,0.0,0.50161445,1.0,5.0,2021-05-31T19:00:00,EURUSD,H1,3,BUY,10.501934759923337,49,"hit_tp=True,hit_sl=False,regime=3"
-0.0026857466,-0.00088638975,0.00023322304,-0.003797695,0.29866272,0.30133152,0.2990503,0.32649696,0.6484381,0.49339637,0.6153646,0.4541894,0.4289941,0.2524471,0.0,0.6000863,0.0015463165,0.44467703,0.7223385,0.0,1.0,0.0,0.9330127,0.25,0.6973446,0.35917482,0.48282275,0.7487581,0.72303486,0.26593536,0.3935721,0.0,0.0,0.4875179,1.0,4.680000000000001,2021-06-03T08:00:00,EURUSD,H1,3,BUY,9.936066194959903,31,"hit_tp=True,hit_sl=False,regime=3"
-0.0030510812,-0.00473469,-0.0024558585,-0.0015805896,0.39139885,0.40388086,0.35083985,0.3351883,0.5946269,0.48866487,0.58090365,0.5530688,0.13266078,0.37599474,0.0,0.82089055,0.0012666004,0.5769861,0.78849304,0.0,1.0,0.0,0.0669873,0.25,0.67101663,0.3233396,0.7849048,0.2609094,0.40957808,0.5239954,0.37376952,0.0,0.0,0.66098446,1.0,5.0,2021-06-04T16:00:00,EURUSD,H1,3,BUY,10.25947757422152,20,"hit_tp=True,hit_sl=False,regime=3"
0.0059910035,0.004968797,0.0017301543,-0.0022366801,0.34165746,0.37137997,0.33443403,0.3548583,0.33834082,0.39368936,0.29236978,0.2520475,0.16876876,0.63618773,0.0,0.3741606,0.00067769724,0.6972995,0.84864974,0.0,1.0,0.0,0.25,0.9330127,0.16270356,0.5427403,1.0,0.78297395,1.0,0.21702605,0.3927155,0.0,0.48320663,0.55064195,1.0,5.0,2021-06-05T22:00:00,EURUSD,H1,3,BUY,9.987803356135139,7,"hit_tp=True,hit_sl=False,regime=3"
-0.0067547434,-0.0051155803,-0.0027098584,-0.0049858075,0.5108945,0.37722048,0.3293717,0.3370495,0.3881455,0.40843287,0.10258851,0.5073897,0.14022313,0.3588914,0.0,0.42438853,0.0021777013,0.45926058,0.7296303,0.0,1.0,0.0,0.75,0.9330127,0.61928946,0.45589513,0.67404336,1.0,1.0,0.32595667,0.3850373,0.0,0.0,0.5752572,1.0,5.0,2021-06-08T02:00:00,EURUSD,H1,3,BUY,8.848612282108537,12,"hit_tp=True,hit_sl=False,regime=3"
0.0028901016,0.0010154621,3.0280053e-05,-0.0024500026,0.23620576,0.20310216,0.27437797,0.31480417,0.58749866,0.45888162,0.36079448,0.24992025,0.23810695,0.72985,0.0,0.52361536,0.0010799338,0.7068338,0.85341686,0.0,1.0,0.0,0.14644662,0.8535534,0.41137895,0.4809944,0.7569604,0.3965384,0.60032773,0.36042196,0.40145975,0.0,0.0,0.50157976,1.0,5.0,2021-06-08T21:00:00,EURUSD,H1,3,BUY,9.300522470430117,20,"hit_tp=True,hit_sl=False,regime=3"
0.0021561251,-0.0010697522,-0.0013736875,0.0002203227,0.28258726,0.31992605,0.3606601,0.32343867,0.77890843,0.50792354,0.5319448,0.49066043,0.15665357,0.6677375,0.0,0.72091126,0.0014856207,0.40062046,0.70031023,0.0,1.0,0.0,0.8535534,0.8535534,0.6004855,0.7017243,0.664248,0.18199115,0.24177451,0.48225686,0.36341488,0.0,0.0,0.42751193,1.0,5.0,2021-06-10T03:00:00,EURUSD,H1,3,BUY,9.238803218825087,17,"hit_tp=True,hit_sl=False,regime=3"
0.0013670026,0.0030314962,0.0002769067,-0.00035073256,0.2109656,0.32920498,0.35293993,0.34700453,0.545539,0.46873605,0.6251341,0.34888,0.1877787,0.6392998,0.0,0.55552644,0.0020319012,0.35406485,0.6770324,0.0,1.0,0.0,0.37059048,0.9829629,0.61718345,0.51524323,0.64486486,0.29611954,0.38191414,0.3487453,0.37222138,0.0,0.0,0.5417667,-1.0,1.56,2021-06-10T23:00:00,EURUSD,H1,3,BUY,-7.777959771251286,27,"hit_tp=False,hit_sl=True,regime=3"
-0.0033330864,0.0016455455,-0.0016612441,-0.0037843778,0.5621235,0.38344705,0.31524003,0.35636574,0.27784142,0.42368183,0.29901314,0.48175457,0.13099287,0.36019883,0.0,0.060077854,0.0005936165,0.6785505,0.83927524,0.0,1.0,0.0,0.8535534,0.8535534,0.3175952,0.68232715,0.6007606,1.0,1.0,0.3992394,0.4105019,0.0,0.0,0.5721405,-1.0,2.028,2021-06-12T03:00:00,EURUSD,H1,3,BUY,-7.555923188384828,24,"hit_tp=False,hit_sl=True,regime=3"
0.0027981394,0.0022582063,0.00012316999,9.280831e-05,0.46208057,0.38826504,0.34904942,0.30474374,0.455869,0.49588543,0.25195125,0.43634436,0.17164405,0.6375801,0.0,0.5443998,0.0005314964,0.54804456,0.7740223,0.0,1.0,0.0,0.9330127,0.75,0.23517014,0.6298344,1.0,0.5147074,1.0,0.4852926,0.3705544,0.0,0.0,0.506752,-1.0,1.6900000000000002,2021-06-13T04:00:00,EURUSD,H1,3,BUY,-6.941814597127838,4,"hit_tp=False,hit_sl=True,regime=3"
0.0023589677,-0.00047388556,-0.0010491196,-0.00037296454,0.33237845,0.56420285,0.46303162,0.35487986,0.5953995,0.54492956,0.37270188,0.4357339,0.099663585,0.63664556,0.0,0.64091724,0.0004668817,0.6023052,0.8011526,0.0,1.0,0.0,0.8535534,0.8535534,0.45226204,0.5670914,0.6688962,0.0,0.0,0.6688962,0.36144236,0.0,0.0,0.44541734,-1.0,1.6900000000000002,2021-06-14T03:00:00,EURUSD,H1,3,BUY,-7.3587914958483935,10,"hit_tp=False,hit_sl=True,regime=3"
0.0032802362,0.008350778,0.008441371,0.008411849,0.4315709,0.4450854,0.32474485,0.37708408,0.49018413,0.5530292,0.771708,0.7342382,0.17673048,0.70186555,0.0,0.59588534,0.00086478016,0.90222585,0.9511129,0.0,1.0,0.0,0.017037086,0.37059048,0.52870643,0.5418226,0.41459346,0.0,0.0,0.41459346,0.41459346,0.0,0.0,0.8332143,-1.0,1.6900000000000002,2021-06-14T17:00:00,EURUSD,H1,3,BUY,-6.2474091269493215,12,"hit_tp=False,hit_sl=True,regime=3"
0.003868676,0.0030605334,0.002508045,0.0010267812,0.35197315,0.4350282,0.4595812,0.37425545,0.3009943,0.4461398,0.3032863,0.50292516,0.24423243,0.6663341,0.0,0.28501832,0.00056409824,0.66975874,0.8348794,0.0,1.0,0.0,0.62940955,0.017037086,0.23088315,0.54824907,1.0,0.51930743,1.0,0.4806926,0.371912,0.0,0.0,0.6,-1.0,2.028,2021-06-15T11:00:00,EURUSD,H1,3,BUY,-9.40888722727351,24,"hit_tp=False,hit_sl=True,regime=3"
-0.000160901,0.0029604535,-0.0020783509,-0.000922555,0.31271392,0.30562365,0.31620827,0.32703227,0.3259489,0.44522023,0.32458127,0.41891053,0.17555386,0.36811006,0.0,0.30615386,0.00038915646,0.40968874,0.70484436,0.0,1.0,0.0,0.5,0.0,0.3155015,0.54679537,0.61671406,0.0,0.0,0.61671406,0.41166666,0.0,0.0,0.41160297,-1.0,1.6900000000000002,2021-06-16T12:00:00,EURUSD,H1,3,BUY,-6.831300882201852,12,"hit_tp=False,hit_sl=True,regime=3"
0.0016531738,-0.00031818484,0.0062923087,0.00407519,0.30955952,0.32358074,0.29816326,0.29377618,0.43456954,0.54732,0.5460791,0.75487465,0.16198348,0.6250399,0.0,0.21893531,0.00052430155,0.38332915,0.6916646,0.0,1.0,0.0,0.0669873,0.75,0.39868516,0.7156901,1.0,0.13360715,0.2672143,0.86639285,0.4141226,0.0,0.0,0.4969259,-1.0,1.6900000000000002,2021-06-17T20:00:00,EURUSD,H1,3,BUY,-5.553382957779185,9,"hit_tp=False,hit_sl=True,regime=3"
0.0047444208,0.0022292573,-6.885402e-05,-0.0031462563,0.39234254,0.3700543,0.38500354,0.35047972,0.53911006,0.51314074,0.39303997,0.2352657,0.10604651,0.6288923,0.0,0.47928146,0.00048371992,0.6397013,0.8198507,0.0,1.0,0.0,0.0669873,0.25,0.31225404,0.5219891,0.81442285,0.38562483,0.62812334,0.42879805,0.3740444,0.0,0.0,0.4978381,-1.0,2.028,2021-06-18T16:00:00,EURUSD,H1,3,BUY,-6.715411195523657,22,"hit_tp=False,hit_sl=True,regime=3"
-0.0012078569,0.00072856643,0.00033854198,-0.0066801645,0.24645418,0.25964788,0.26610866,0.2982076,0.2546225,0.42153275,0.24076742,0.28152943,0.20817845,0.33013642,0.0,0.44632435,0.0002618998,0.4010584,0.7005292,0.0,1.0,0.0,0.14644662,0.14644662,0.23163475,0.5157875,0.8,0.0,0.0,0.8,0.35721675,0.0,0.0,0.6050578,-1.0,1.6900000000000002,2021-06-19T15:00:00,EURUSD,H1,3,BUY,-5.884271997866897,1,"hit_tp=False,hit_sl=True,regime=3"
0.0016796432,0.0033960042,0.0021879422,0.0037346038,0.4515555,0.40221244,0.34238958,0.32153058,0.315752,0.45584014,0.38416165,0.5160277,0.19792342,0.68296325,0.0,0.3734001,0.0008037306,0.9580052,0.9790026,0.0,1.0,0.0,0.017037086,0.37059048,0.30016023,0.5394891,0.9894389,0.0,0.0,0.9894389,0.35721675,0.0,0.0,0.6189152,1.0,5.0,2021-06-19T17:00:00,EURUSD,H1,3,BUY,7.937087637739371,19,"hit_tp=True,hit_sl=False,regime=3"
0.0012804691,0.0010997849,-0.0023754146,-0.0023682574,0.6402193,0.58307946,0.40706193,0.35386208,0.6703339,0.46495217,0.5330714,0.33611947,0.16781609,0.6209188,0.0,0.8247164,0.0019507211,0.47196403,0.735982,0.0,1.0,0.0,0.0669873,0.75,0.6038217,0.5449339,1.0,0.41666216,0.8333243,0.58333784,0.38530138,0.0,0.0,0.3556236,-1.0,1.6900000000000002,2021-06-21T20:00:00,EURUSD,H1,3,BUY,-7.330950418569238,10,"hit_tp=False,hit_sl=True,regime=3"
0.0018476631,0.0027824808,0.0018309933,0.0026945418,0.27336836,0.4542504,0.39777365,0.3965841,0.39869806,0.4116909,0.35338286,0.5622176,0.18825397,0.6415767,0.0,0.40975633,0.0013194744,0.80713105,0.9035655,0.0,1.0,0.0,0.75,0.0669873,0.29081464,0.46697047,0.6517014,0.44551376,0.5806839,0.20618767,0.4063412,0.0,0.0,0.69691575,1.0,5.0,2021-06-22T10:00:00,EURUSD,H1,3,BUY,10.09330180635093,23,"hit_tp=True,hit_sl=False,regime=3"
0.0016839154,-0.0031348835,-0.0030209494,0.0013068856,0.41759816,0.44834286,0.44233903,0.35487655,0.59437,0.5599763,0.63734955,0.54998916,0.16425966,0.6343712,0.0,0.31708583,0.0011547983,0.6303971,0.81519854,0.0,1.0,0.0,0.5,0.0,0.65183556,0.73375046,0.6600848,0.8,1.0,0.1399152,0.36517242,0.0,0.0,0.5526795,1.0,5.0,2021-06-23T12:00:00,EURUSD,H1,3,BUY,10.628067429601096,25,"hit_tp=True,hit_sl=False,regime=3"
-0.0033689744,-7.899967e-05,-0.000912255,0.002294387,0.4628071,0.3866787,0.30593672,0.35600734,0.68407696,0.51385516,0.7904847,0.6255308,0.10893655,0.36144206,0.0,0.8746578,0.0017772199,0.42792973,0.7139649,0.0,1.0,0.0,0.14644662,0.14644662,0.848602,0.4740528,1.0,0.41433063,0.82866126,0.58566934,0.35345852,0.5107672,0.45006204,0.6698013,-1.0,1.6900000000000002,2021-06-24T15:00:00,EURUSD,H1,3,BUY,-8.310855007476192,12,"hit_tp=False,hit_sl=True,regime=3"
0.0033027197,0.0070320326,0.010514853,0.0073467917,0.30428153,0.2465019,0.32429606,0.3310503,0.48177233,0.47049555,0.54529226,0.5974781,0.19206713,0.65265656,0.0,0.3505102,0.0016057874,0.41299093,0.70649546,0.0,1.0,0.0,0.75,0.0669873,0.5280754,0.57817763,0.6468113,0.0,0.0,0.6468113,0.37138695,0.0,0.0,0.7885281,-1.0,1.6900000000000002,2021-06-26T10:00:00,EURUSD,H1,3,BUY,-7.529481524763959,10,"hit_tp=False,hit_sl=True,regime=3"
0.0006425884,0.0010122829,0.0022542784,-0.0020613244,0.4391994,0.40500462,0.41641238,0.35020834,0.43612775,0.498725,0.5779666,0.48946202,0.14440434,0.6219368,0.0,0.41886565,0.0009844244,0.90676653,0.95338327,0.0,1.0,0.0,0.9829629,0.37059048,0.43366975,0.5852436,0.50779676,0.27934623,0.2837022,0.22845054,0.3505632,0.0,0.0,0.771045,-1.0,1.6900000000000002,2021-06-27T07:00:00,EURUSD,H1,3,BUY,-9.276101120359037,17,"hit_tp=False,hit_sl=True,regime=3"
0.0017205693,0.005530609,0.0027590937,-0.0025454487,0.35636783,0.28552967,0.2631832,0.29935023,0.52781683,0.49368683,0.39904997,0.4798295,0.20850393,0.65759504,0.0,0.51518905,0.0007070631,0.7338404,0.8669202,0.0,1.0,0.0,0.62940955,0.9829629,0.35781765,0.4518796,0.58330464,0.0,0.0,0.58330464,0.36044583,0.0,0.0,0.52437603,-1.0,1.6900000000000002,2021-06-28T01:00:00,EURUSD,H1,3,BUY,-5.723116297313702,3,"hit_tp=False,hit_sl=True,regime=3"
0.004544403,0.0043984726,-0.00013110484,-0.00402943,0.3769849,0.36196053,0.41174448,0.37242603,0.54543245,0.49903697,0.35844675,0.30980328,0.13410072,0.6663551,0.0,0.50617045,0.00072090817,0.9594923,0.97974616,0.0,1.0,0.0,0.25,0.9330127,0.3406846,0.59242076,1.0,0.38597187,0.77194375,0.6140281,0.401277,0.0,0.0,0.4957329,1.0,5.0,2021-06-28T22:00:00,EURUSD,H1,3,BUY,9.957113424383657,26,"hit_tp=True,hit_sl=False,regime=3"
0.003077981,0.0028576409,-0.0010246063,-0.0030065647,0.4755152,0.40946785,0.36183846,0.34771907,0.36200696,0.42409614,0.14768481,0.29539612,0.26952305,0.70024174,0.0,0.31472588,0.0010836801,0.7440017,0.8720008,0.0,1.0,0.0,0.37059048,0.017037086,0.35268524,0.44852725,1.0,0.62719744,1.0,0.37280253,0.41613632,0.0,0.0,0.45718482,-1.0,2.028,2021-06-30T13:00:00,EURUSD,H1,3,BUY,-8.14132137065382,49,"hit_tp=False,hit_sl=True,regime=3"
0.0069598933,0.011234754,0.0064436793,0.0072438656,0.50825334,0.51083356,0.3523198,0.40448323,0.57409257,0.5485929,1.0,0.5700805,0.25722477,0.76346886,0.0,0.6656622,0.0010928857,0.6315456,0.8157728,0.0,1.0,0.0,0.14644662,0.14644662,0.5175437,0.45212626,0.55891716,0.0,0.0,0.55891716,0.3503639,0.0,0.0,0.66065603,1.0,5.0,2021-07-02T15:00:00,EURUSD,H1,3,BUY,11.83707265404621,41,"hit_tp=True,hit_sl=False,regime=3"
-0.0005044377,-0.00540388,-0.005724906,-0.0026086967,0.5394036,0.38908926,0.3441026,0.36773485,0.43202972,0.48084983,0.44659472,0.39172107,0.34766698,0.28592953,0.0,0.5459657,0.0015214813,0.6703003,0.8351502,0.0,1.0,0.0,0.8535534,0.14644662,0.44375226,0.5730764,0.4,0.5145939,0.4116751,0.11459388,0.37338495,0.0,0.0,0.65285385,1.0,5.0,2021-07-04T09:00:00,EURUSD,H1,3,BUY,11.036048074493099,67,"hit_tp=True,hit_sl=False,regime=3"
0.000683619,0.0001658613,-0.0013401897,0.0018342581,0.40758562,0.4711419,0.40459478,0.38783795,0.70309937,0.5193378,0.6606968,0.5692618,0.23673184,0.7058664,0.0,0.69699514,0.0015614614,0.46127638,0.7306382,0.0,1.0,0.0,0.25,0.9330127,0.69018614,0.4286196,0.8776851,0.4449646,0.78107756,0.4327205,0.39406425,0.0,0.0,0.35149068,-1.0,1.6900000000000002,2021-07-07T22:00:00,EURUSD,H1,3,BUY,-8.863579737217187,8,"hit_tp=False,hit_sl=True,regime=3"
-0.0036801114,0.0017914701,-0.0010498527,-0.0026307711,0.4567157,0.3391754,0.28584486,0.34122956,0.39233258,0.43470722,0.29566827,0.49919796,0.3030043,0.28920445,0.0,0.35849878,0.001163441,0.82451755,0.9122588,0.0,1.0,0.0,0.9829629,0.37059048,0.4969692,0.5320098,0.6567959,0.23148742,0.30408,0.42530853,0.4035177,0.0,0.0,0.5841298,1.0,5.0,2021-07-08T07:00:00,EURUSD,H1,3,BUY,10.398287827944053,11,"hit_tp=True,hit_sl=False,regime=3"
0.0021498448,0.0055945273,0.004201227,-0.003546684,0.25113252,0.27089897,0.31098196,0.31855476,0.3617119,0.39996848,0.29506764,0.28915164,0.1803367,0.66046834,0.0,0.35814697,0.0015307147,0.7734818,0.8867409,0.0,1.0,0.0,0.14644662,0.8535534,0.28668618,0.36686036,1.0,0.0,0.0,1.0,0.37603703,0.0,0.0,0.58463275,1.0,5.0,2021-07-09T21:00:00,EURUSD,H1,3,BUY,7.495152966403573,11,"hit_tp=True,hit_sl=False,regime=3"
-0.004153424,-0.0022818735,-0.003070067,-0.010627114,0.4112913,0.3875937,0.35100752,0.3328241,0.40276885,0.3945698,0.25028178,0.23075555,0.24872774,0.27150753,0.0,0.37545672,0.0004699215,0.55678827,0.7783941,0.0,1.0,0.0,0.37059048,0.9829629,0.364806,0.49630928,0.7166146,0.86983156,1.0,0.15321691,0.4053716,0.0,0.0,0.765756,-1.0,2.028,2021-07-10T23:00:00,EURUSD,H1,3,BUY,-7.50178122617795,30,"hit_tp=False,hit_sl=True,regime=3"
0.0015209988,0.006034045,0.0068401275,0.010834913,0.5844394,0.45811567,0.48919284,0.3650004,0.5437853,0.58509153,0.967511,0.7768837,0.17962578,0.6568847,0.0,0.4560585,0.000946196,0.8783864,0.9391932,0.0,1.0,0.0,0.5,0.0,0.59755456,0.59755945,0.7838624,0.0,0.0,0.7838624,0.3838624,0.0,0.0,0.7334538,-1.0,1.6900000000000002,2021-07-12T12:00:00,EURUSD,H1,3,BUY,-7.4553489777606785,16,"hit_tp=False,hit_sl=True,regime=3"
0.00011049604,-0.00059346633,-0.0015728477,-0.0010456258,0.23674962,0.23884992,0.33352467,0.3281806,0.72510254,0.5529182,0.5936591,0.4582033,0.19768684,0.633156,0.0,0.47022778,0.0006320296,0.8693039,0.9346519,0.0,1.0,0.0,0.37059048,0.9829629,0.6097704,0.6267241,0.69104546,0.0,0.0,0.69104546,0.35305518,0.0,0.0,0.23695566,-1.0,1.6900000000000002,2021-07-13T23:00:00,EURUSD,H1,3,BUY,-6.196261503677025,6,"hit_tp=False,hit_sl=True,regime=3"
-0.0023926648,-0.00020965969,-0.0014803039,-0.005269551,0.37877506,0.31264997,0.33565333,0.33269083,0.27381295,0.46523553,0.2321437,0.35805488,0.22893617,0.33446816,0.0,0.31944954,0.0002895624,0.3981324,0.6990662,0.0,1.0,0.0,1.0,0.5,0.41650292,0.6816888,0.62908113,0.35459223,0.4461346,0.2744889,0.40730777,0.0,0.0,0.6455569,-1.0,1.3,2021-07-14T06:00:00,EURUSD,H1,3,BUY,-6.939086358681568,11,"hit_tp=False,hit_sl=True,regime=3"
0.0009343189,0.0032924425,-0.00090391637,-0.0023871886,0.32005984,0.35902306,0.43072706,0.36095142,0.3711059,0.45144907,0.28024495,0.2740824,0.17178975,0.6587504,0.0,0.414827,0.000308155,0.37497303,0.6874865,0.0,1.0,0.0,0.14644662,0.8535534,0.22369558,0.42747828,0.64458555,0.64090216,0.82623255,0.0036833712,0.40150362,0.0,0.0,0.47486416,1.0,4.680000000000001,2021-07-14T21:00:00,EURUSD,H1,3,BUY,11.152134429170957,29,"hit_tp=True,hit_sl=False,regime=3"
0.0033250588,0.0025221428,0.0029129575,-0.00045440588,0.21784271,0.17980306,0.24912193,0.32074708,0.44863817,0.44921878,0.32865688,0.53428257,0.2718241,0.6994338,0.0,0.41197434,0.00081650313,0.9972483,0.99862415,0.0,1.0,0.0,0.0669873,0.25,0.2888975,0.4516944,1.0,0.82722926,1.0,0.17277075,0.38326493,0.0,0.0,0.8,1.0,5.0,2021-07-16T16:00:00,EURUSD,H1,3,BUY,8.90447688561613,18,"hit_tp=True,hit_sl=False,regime=3"
0.003368479,0.0049261036,0.005297552,0.0035797209,0.43198773,0.522124,0.4780125,0.39381292,0.6414224,0.47301093,0.46543205,0.5051971,0.26436213,0.69007564,0.0,0.5795026,0.0011718426,0.73881483,0.8694074,0.0,1.0,0.0,0.017037086,0.62940955,0.5025287,0.49277484,1.0,0.0,0.0,1.0,0.40999418,0.0,0.0,0.98154986,1.0,5.0,2021-07-17T19:00:00,EURUSD,H1,3,BUY,12.981023157989657,25,"hit_tp=True,hit_sl=False,regime=3"
0.0016011043,0.0018797067,-0.00013636147,0.0003227653,0.3591779,0.32528502,0.37141612,0.34014326,0.7078915,0.4748985,0.5514425,0.41892034,0.22158894,0.65799373,0.0,0.7757046,0.001996438,0.36216912,0.6810846,0.0,1.0,0.0,1.0,0.5,0.6017853,0.5626287,0.6866605,0.18773969,0.25782686,0.49892086,0.35487363,0.0,0.0,0.6465931,1.0,5.0,2021-07-19T06:00:00,EURUSD,H1,3,BUY,11.17814961154373,25,"hit_tp=True,hit_sl=False,regime=3"
0.003431575,0.003454118,-0.0009493627,-0.0016286853,0.2523607,0.22121535,0.33731318,0.32373068,0.69328743,0.47365344,0.51190156,0.32036448,0.120316364,0.64173526,0.0,0.6257503,0.001586579,0.54082334,0.7704117,0.0,1.0,0.0,0.37059048,0.017037086,0.5075881,0.47277123,0.40453395,0.0,0.0,0.40453395,0.40453395,0.0,0.0,0.6620255,1.0,5.0,2021-07-20T13:00:00,EURUSD,H1,3,BUY,8.79107351963615,9,"hit_tp=True,hit_sl=False,regime=3"
-0.0020635978,-0.0023166176,-0.0068957563,-0.0046322914,0.48102382,0.3941296,0.36987823,0.31369781,0.54357064,0.43241966,0.36363024,0.33575132,0.2546081,0.33515915,0.0,0.492452,0.0014615651,0.6942015,0.8471008,0.0,1.0,0.0,1.0,0.5,0.51029223,0.519344,0.4,1.0,0.8,0.6,0.364806,0.0,0.0,0.7795102,-1.0,1.6900000000000002,2021-07-21T06:00:00,EURUSD,H1,3,BUY,-7.464084918198388,11,"hit_tp=False,hit_sl=True,regime=3"
-0.0010750486,0.001700085,0.0011702878,-0.005169243,0.38988173,0.3459655,0.36173007,0.34890884,0.32264736,0.40978223,0.25294507,0.3756136,0.29769358,0.28807023,0.0,0.34768024,0.0006998238,0.77465856,0.8873293,0.0,1.0,0.0,0.0,0.5,0.27279973,0.3498573,0.8,1.0,1.0,0.2,0.37286133,0.0,0.0,0.5472789,1.0,5.0,2021-07-21T18:00:00,EURUSD,H1,3,BUY,9.116281910439561,12,"hit_tp=True,hit_sl=False,regime=3"
0.00104426,0.0019248932,0.0030025213,0.0026272899,0.42218134,0.29620144,0.30036277,0.33947194,0.7619925,0.581167,0.7340708,0.6437425,0.23753993,0.6773311,0.0,0.7593196,0.0011873284,0.4729597,0.7364799,0.0,1.0,0.0,0.9330127,0.25,0.7614047,0.34176537,0.9246012,0.28972128,0.5357533,0.6348799,0.3558691,0.0,0.0,0.8086966,-1.0,1.6900000000000002,2021-07-22T08:00:00,EURUSD,H1,3,BUY,-7.364148434949591,9,"hit_tp=False,hit_sl=True,regime=3"
-0.0009257396,-0.00019516284,-0.0005116932,-0.00095379044,0.3639703,0.4007169,0.3250151,0.32988322,0.2796863,0.41190565,0.30172208,0.48542252,0.25736585,0.3424001,0.0,0.41647556,0.0005317229,0.683408,0.841704,0.0,1.0,0.0,0.14644662,0.8535534,0.26734215,0.5680979,0.70775014,0.892463,1.0,0.18471292,0.3926041,0.0,0.0,0.681543,-1.0,1.6900000000000002,2021-07-22T21:00:00,EURUSD,H1,3,BUY,-6.433835261896448,5,"hit_tp=False,hit_sl=True,regime=3"
0.0009457921,-0.0007854487,0.0014571091,-0.00096098194,0.14256585,0.27341703,0.24425815,0.31063214,0.38209146,0.49490714,0.3298377,0.6700574,0.19423227,0.6540916,0.0,0.22070733,0.0005024935,0.5305323,0.7652661,0.0,1.0,0.0,0.017037086,0.62940955,0.26542863,0.45905605,0.51560634,0.0,0.0,0.51560634,0.37997842,0.0,0.0,0.51534766,-1.0,1.6900000000000002,2021-07-23T19:00:00,EURUSD,H1,3,BUY,-6.584685030386339,11,"hit_tp=False,hit_sl=True,regime=3"
0.0016380781,-0.00034475693,0.0022818437,0.002681756,0.24318653,0.1920479,0.32483417,0.31189954,0.48716336,0.53433543,0.4650586,0.7199739,0.22765599,0.66340077,0.0,0.52156746,0.00060582644,0.5725639,0.78628194,0.0,1.0,0.0,0.37059048,0.017037086,0.40943104,0.41609597,0.9945399,0.0,0.0,0.9945399,0.39453992,0.0,0.0,0.5573181,-1.0,1.6900000000000002,2021-07-24T13:00:00,EURUSD,H1,3,BUY,-7.605077327756948,9,"hit_tp=False,hit_sl=True,regime=3"
-0.0040064147,-0.0032129379,-0.0038186586,0.0015575787,0.46504715,0.46781403,0.38748065,0.34986526,0.46357003,0.5794634,0.70259655,0.58378077,0.12646134,0.37483802,0.0,0.4193306,0.0005476583,0.6207271,0.81036353,0.0,1.0,0.0,0.9330127,0.25,0.6653014,0.58336604,0.5746645,1.0,1.0,0.4253355,0.38812095,0.0,0.0,0.8,1.0,5.0,2021-07-25T08:00:00,EURUSD,H1,3,BUY,9.35501377973047,12,"hit_tp=True,hit_sl=False,regime=3"
0.0009224336,-0.0016992361,-0.003540937,0.0011449556,0.23521279,0.25130868,0.33340067,0.3120474,0.45063585,0.48687378,0.44152617,0.52176106,0.11145718,0.6235866,0.0,0.35475582,0.0011533707,0.52655023,0.7632751,0.0,1.0,0.0,0.62940955,0.017037086,0.48952526,0.5406883,0.65178406,0.85102654,1.0,0.19924249,0.41187596,0.0,0.0,0.30274758,-1.0,1.6900000000000002,2021-07-26T11:00:00,EURUSD,H1,3,BUY,-7.209817859050727,10,"hit_tp=False,hit_sl=True,regime=3"
-0.0018326764,-0.005891189,-0.0035283875,-0.009913433,0.48831114,0.38700807,0.30969402,0.30789354,0.31939358,0.40557778,0.07188735,0.37714118,0.2972247,0.29211763,0.0,0.40699545,0.000698862,0.86286634,0.93143314,0.0,1.0,0.0,0.37059048,0.9829629,0.12571146,0.5417732,0.45689282,1.0,0.91378564,0.54310715,0.37139267,0.0,0.0,0.53318727,1.0,5.0,2021-07-26T23:00:00,EURUSD,H1,3,BUY,7.727595038011792,15,"hit_tp=True,hit_sl=False,regime=3"
0.0027362204,0.0006795667,-0.0016937488,0.0009106829,0.5243765,0.42364556,0.32271907,0.3743045,0.5800205,0.50842655,0.44068062,0.41583917,0.19827127,0.6793476,0.0,0.46613464,0.00083384436,0.67842525,0.8392126,0.0,1.0,0.0,0.0669873,0.25,0.5158928,0.64626235,0.7217448,0.95328134,1.0,0.23153658,0.36148602,0.0,0.0,0.429082,-1.0,1.6900000000000002,2021-07-27T16:00:00,EURUSD,H1,3,BUY,-7.353348457834752,7,"hit_tp=False,hit_sl=True,regime=3"
0.0040177633,0.006285835,0.002219148,-0.0050030197,0.3500186,0.30891123,0.37734732,0.3303069,0.49390805,0.45845193,0.28288355,0.3311573,0.29504588,0.69192225,0.0,0.47628024,0.000595236,0.9631263,0.98156315,0.0,1.0,0.0,0.5,1.0,0.19836299,0.56561196,0.5389662,0.0,0.0,0.5389662,0.35971776,0.0,0.0,0.6328935,-1.0,1.6900000000000002,2021-07-28T00:00:00,EURUSD,H1,3,BUY,-8.258771142779509,19,"hit_tp=False,hit_sl=True,regime=3"
0.0011823401,0.002198979,0.0028304153,0.0022627509,0.3030187,0.29366326,0.30029675,0.30263433,0.23119941,0.4636245,0.37776133,0.6036559,0.13432677,0.65495604,0.0,0.2322515,0.00037397858,0.41298306,0.70649153,0.0,1.0,0.0,0.8535534,0.8535534,0.31384745,0.37965465,1.0,0.0,0.0,1.0,0.4094698,0.0,0.0,0.8506562,1.0,5.0,2021-07-29T03:00:00,EURUSD,H1,3,BUY,7.534456721152161,34,"hit_tp=True,hit_sl=False,regime=3"
-0.004161314,-0.0069871023,-0.0042533167,0.0012992579,0.5038465,0.48057792,0.35310483,0.31276485,0.5951712,0.60881436,0.6887473,0.58356553,0.15641618,0.34145373,0.0,0.50521064,0.0007296447,0.81747633,0.9087382,0.0,1.0,0.0,0.25,0.0669873,0.78125393,0.5319371,0.6,0.51608455,0.61930144,0.083915465,0.37234,0.0,0.0,0.656796,1.0,5.0,2021-07-30T14:00:00,EURUSD,H1,3,BUY,7.004986552481274,11,"hit_tp=True,hit_sl=False,regime=3"
0.0010815667,0.0028397553,0.0033705912,0.0001245393,0.43522817,0.45440933,0.466882,0.40816718,0.40069693,0.40260532,0.31203887,0.45176336,0.200341,0.6420123,0.0,0.3818016,0.00048611456,0.6383261,0.819163,0.0,1.0,0.0,0.9330127,0.25,0.27428728,0.4233169,0.622693,0.12404003,0.15447773,0.498653,0.38222662,0.0,0.0,0.79255176,1.0,5.0,2021-07-31T08:00:00,EURUSD,H1,3,BUY,11.197320966958024,69,"hit_tp=True,hit_sl=False,regime=3"
0.0027199439,0.0041849143,0.003656938,-0.0023694157,0.5882671,0.6456077,0.4534453,0.37256455,0.70617485,0.4901311,0.53594786,0.44777006,0.18327622,0.6492982,0.0,0.704235,0.0014705809,0.5644975,0.78224874,0.0,1.0,0.0,0.5,0.0,0.58230186,0.456467,1.0,0.0,0.0,1.0,0.36809492,0.0,0.0,0.7463092,-1.0,1.6900000000000002,2021-08-03T12:00:00,EURUSD,H1,3,BUY,-7.4946542099407765,16,"hit_tp=False,hit_sl=True,regime=3"
0.0021662037,-0.0023417394,-0.0021863363,0.01001041,0.35523942,0.32407337,0.47495314,0.3791858,0.67901516,0.6034269,0.7054823,0.73054576,0.15582882,0.67761046,0.0,0.490219,0.0014592706,0.60370404,0.80185205,0.0,1.0,0.0,0.0669873,0.75,0.7005665,0.67810243,0.6449177,0.8,1.0,0.1550823,0.3726135,0.0,0.0,0.59029233,-1.0,1.6900000000000002,2021-08-04T20:00:00,EURUSD,H1,3,BUY,-9.511877524597256,19,"hit_tp=False,hit_sl=True,regime=3"
-0.0010982784,0.0020848399,0.006412575,0.008764026,0.27860627,0.25355995,0.2836968,0.29770195,0.46715853,0.48067737,0.5312277,0.8488614,0.11157792,0.36764306,0.0,0.66905534,0.0010891132,0.89906174,0.94953084,0.0,1.0,0.0,0.017037086,0.62940955,0.4790847,0.43471277,0.49140328,0.38501316,0.37839347,0.1063901,0.38501316,0.0,0.0,0.27656415,-1.0,1.6900000000000002,2021-08-05T19:00:00,EURUSD,H1,3,BUY,-6.535640617353344,3,"hit_tp=False,hit_sl=True,regime=3"
0.0024028711,0.0003484778,0.00085201947,0.005224032,0.34681883,0.343165,0.36865833,0.32754514,0.54780823,0.53729093,0.5832216,0.70069385,0.14187703,0.62867427,0.0,0.5640531,0.0010757674,0.7861557,0.89307785,0.0,1.0,0.0,0.9829629,0.62940955,0.4876564,0.48696607,1.0,0.8,1.0,0.2,0.37725824,0.0,0.0,0.6906227,1.0,5.0,2021-08-06T05:00:00,EURUSD,H1,3,BUY,9.06173080049033,15,"hit_tp=True,hit_sl=False,regime=3"
-0.00075858465,-0.00050729135,0.0012993055,-0.0022997467,0.120799094,0.14292255,0.24988027,0.28187066,0.538535,0.46298534,0.40544596,0.4464698,0.14948586,0.35891503,0.0,0.49543792,0.0012136262,0.5715066,0.7857533,0.0,1.0,0.0,0.9829629,0.62940955,0.5146841,0.4933466,0.71474314,1.0,1.0,0.28525683,0.39126593,0.0,0.0,0.36161035,-1.0,1.6900000000000002,2021-08-07T05:00:00,EURUSD,H1,3,BUY,-5.438604878906794,9,"hit_tp=False,hit_sl=True,regime=3"
0.002665509,0.0042670923,0.0023831793,-0.0043049613,0.38549775,0.39370167,0.41975266,0.33837104,0.4294827,0.42728406,0.2463719,0.30611902,0.15355223,0.6512065,0.0,0.39895234,0.0010567976,0.75629634,0.8781482,0.0,1.0,0.0,0.14644662,0.14644662,0.20376846,0.4522842,0.65842295,0.15572152,0.20506126,0.50270146,0.39593583,0.0,0.0,0.6600372,1.0,5.0,2021-08-07T15:00:00,EURUSD,H1,3,BUY,8.04230659074534,5,"hit_tp=True,hit_sl=False,regime=3"
0.00042898548,0.0043410826,0.006210479,0.004584486,0.380206,0.49783534,0.419116,0.3728138,0.57155854,0.5602963,0.8703193,0.6537646,0.21024428,0.6654484,0.0,0.5059705,0.0015412068,0.39402062,0.6970103,0.0,1.0,0.0,0.37059048,0.9829629,0.84145856,0.45627826,1.0,0.0,0.0,1.0,0.4006852,0.0,0.0,0.6414566,-1.0,2.028,2021-08-07T23:00:00,EURUSD,H1,3,BUY,-8.116016126593628,25,"hit_tp=False,hit_sl=True,regime=3"
0.0036264432,-0.0013611439,-0.0036047704,-0.007989347,0.6039831,0.47386646,0.41247657,0.36155915,0.2847514,0.3939163,0.034677166,0.2840979,0.20666666,0.6340767,0.0,0.19860429,0.00037105786,0.51059765,0.75529885,0.0,1.0,0.0,0.9829629,0.37059048,0.043625806,0.29858717,0.40306422,0.34423554,0.27749807,0.058828697,0.40306422,0.0,0.0,0.40037507,1.0,4.680000000000001,2021-08-09T07:00:00,EURUSD,H1,3,BUY,9.1654080864223,28,"hit_tp=True,hit_sl=False,regime=3"
0.0009931674,-0.0042306143,-0.00248627,-0.00809344,0.34362125,0.44407317,0.3796429,0.38673383,0.52587074,0.4661074,0.2842024,0.25007328,0.18927659,0.6445905,0.0,0.5633875,0.0008915921,0.86164296,0.9308215,0.0,1.0,0.0,0.0,0.5,0.36379948,0.4637699,0.85841143,0.9324703,1.0,0.07405888,0.36709294,0.0,0.0,0.47483292,1.0,5.0,2021-08-10T18:00:00,EURUSD,H1,3,BUY,9.37741715786311,10,"hit_tp=True,hit_sl=False,regime=3"
0.00092343235,0.0021684675,0.0017546111,0.005636012,0.6171347,0.44201997,0.41365698,0.39243814,0.5864103,0.54243505,0.81876487,0.5224076,0.18151125,0.6438147,0.0,0.74653494,0.0013203173,0.70671105,0.8533555,0.0,1.0,0.0,1.0,0.5,0.67920023,0.4318389,1.0,0.0,0.0,1.0,0.37751174,0.0,0.0,0.6145744,1.0,5.0,2021-08-11T06:00:00,EURUSD,H1,3,BUY,11.91303617577466,71,"hit_tp=True,hit_sl=False,regime=3"
-0.0022185517,-0.0025144916,-0.0009353795,0.00025207578,0.50093675,0.5376488,0.44659075,0.36964092,0.6608826,0.5661109,0.7585897,0.66916853,0.19027685,0.31823844,0.0,0.71067923,0.0015926769,0.38059604,0.690298,0.0,1.0,0.0,0.8535534,0.14644662,0.7830438,0.55419856,0.52706456,0.34078446,0.35923082,0.18628009,0.4161249,0.0,0.0,0.72516227,1.0,3.9000000000000004,2021-08-14T09:00:00,EURUSD,H1,3,BUY,9.471952283945928,11,"hit_tp=True,hit_sl=False,regime=3"
0.0029532274,0.00248457,-0.001562224,-0.002516784,0.3812234,0.5058889,0.38607427,0.33027527,0.49967125,0.38844544,0.20281292,0.2958162,0.19040802,0.6621211,0.0,0.34022143,0.00211049,0.5548888,0.7774444,0.0,1.0,0.0,0.9330127,0.25,0.29129988,0.63763034,1.0,0.6,1.0,0.4,0.39754826,0.0,0.0,0.4372376,-1.0,1.6900000000000002,2021-08-15T08:00:00,EURUSD,H1,3,BUY,-8.26588084412938,20,"hit_tp=False,hit_sl=True,regime=3"
0.003124939,0.0015341474,-0.00018807694,3.1838616e-05,0.2998092,0.33351147,0.25335282,0.26156604,0.6383702,0.57955295,0.53042775,0.285889,0.22309712,0.65627646,0.0,0.6164687,0.0007419975,0.6605243,0.8302621,0.0,1.0,0.0,1.0,0.5,0.5385736,0.58360475,0.8274239,0.40489554,0.6700405,0.4225283,0.35875732,0.0,0.0,0.4912342,-1.0,1.6900000000000002,2021-08-17T06:00:00,EURUSD,H1,3,BUY,-4.779991919157123,6,"hit_tp=False,hit_sl=True,regime=3"
-0.002423467,-0.0025740326,-0.0013107036,0.0019153424,0.27567592,0.31584492,0.30673003,0.35175747,0.5798147,0.5445327,0.80495,0.7180971,0.21161418,0.36503112,0.0,0.5645591,0.0006147972,0.9925405,0.99627024,0.0,1.0,0.0,0.62940955,0.017037086,0.7155859,0.5174713,0.4,0.66182244,0.529458,0.26182246,0.36457962,0.0,0.0,0.77891546,-1.0,1.6900000000000002,2021-08-18T11:00:00,EURUSD,H1,3,BUY,-6.626574320429679,7,"hit_tp=False,hit_sl=True,regime=3"
0.0010799651,0.0034373158,-0.003184274,0.0009092602,0.42353332,0.32723454,0.32588157,0.3169978,0.4324043,0.45268622,0.29347268,0.4605861,0.1827957,0.6446096,0.0,0.4873959,0.0004523512,0.62156296,0.8107815,0.0,1.0,0.0,0.017037086,0.62940955,0.26198182,0.3432212,0.8703295,0.6,1.0,0.27032954,0.355193,0.0,0.0,0.46441925,-1.0,1.6900000000000002,2021-08-18T19:00:00,EURUSD,H1,3,BUY,-7.11587858535534,14,"hit_tp=False,hit_sl=True,regime=3"
0.0020570033,0.0011347883,0.0013207712,0.0028660328,0.2805083,0.3357992,0.34744343,0.32682806,0.38668063,0.50335974,0.33102804,0.6386592,0.12952183,0.64065474,0.0,0.2666557,0.00033740097,0.39014077,0.6950704,0.0,1.0,0.0,0.37059048,0.017037086,0.2698722,0.41183743,0.9951546,0.8,1.0,0.19515464,0.38802773,0.0,0.0,0.7899347,-1.0,1.3,2021-08-19T13:00:00,EURUSD,H1,3,BUY,-6.182505837983854,3,"hit_tp=False,hit_sl=True,regime=3"
0.0013539159,-4.5175686e-05,0.006382936,-0.00010649141,0.28355384,0.30173862,0.36851352,0.344871,0.44361952,0.52069384,0.39115986,0.6493583,0.29462153,0.6736974,0.0,0.33072406,0.0003998459,0.4414861,0.72074306,0.0,1.0,0.0,0.62940955,0.9829629,0.3464348,0.55797386,1.0,0.0,0.0,1.0,0.36406708,0.0,0.0,0.4884958,-1.0,2.028,2021-08-20T01:00:00,EURUSD,H1,3,BUY,-7.56075163542258,25,"hit_tp=False,hit_sl=True,regime=3"
0.003132557,0.006012252,2.904847e-06,0.0024695294,0.4229347,0.38896656,0.36755395,0.31080338,0.7308118,0.6197371,0.70198077,0.4275763,0.26249078,0.70008284,0.0,0.72401446,0.0010403189,0.9611025,0.98055124,0.0,1.0,0.0,0.25,0.9330127,0.69018435,0.37649375,0.65282816,0.6,0.78339374,0.052828137,0.3687376,0.0,0.0,0.5563689,-1.0,2.028,2021-08-21T22:00:00,EURUSD,H1,3,BUY,-6.864976075406926,33,"hit_tp=False,hit_sl=True,regime=3"
0.0019747615,0.0018838885,0.004540781,0.0010431298,0.34204286,0.29790947,0.30820912,0.37106875,0.3547666,0.42939433,0.33158323,0.6189583,0.21386997,0.7037172,0.0,0.45513737,0.00047738876,0.5930788,0.79653937,0.0,1.0,0.0,0.62940955,0.017037086,0.24524836,0.51755536,1.0,0.4,0.8,0.6,0.38262108,0.0,0.0,0.65092623,-1.0,1.6900000000000002,2021-08-23T11:00:00,EURUSD,H1,3,BUY,-6.68523273869015,8,"hit_tp=False,hit_sl=True,regime=3"
0.004068126,0.0070524556,0.0049920273,0.00093006354,0.42698628,0.3393144,0.3959269,0.34478456,0.4560625,0.49544683,0.48012853,0.47572324,0.16984755,0.67764634,0.0,0.3773342,0.0006539644,0.67917633,0.83958817,0.0,1.0,0.0,0.14644662,0.8535534,0.32475078,0.52634704,0.7136584,0.6,0.85639006,0.11365838,0.37368286,0.0,0.0,0.6679038,1.0,5.0,2021-08-23T21:00:00,EURUSD,H1,3,BUY,9.173688452481787,10,"hit_tp=True,hit_sl=False,regime=3"
-0.005271089,-0.0018394993,-0.001038636,0.0045697642,0.48691478,0.4088781,0.29301926,0.3195364,0.7976238,0.66935045,0.7630384,0.7216344,0.18792117,0.32285124,0.0,0.9236676,0.0014760132,0.46254644,0.73127323,0.0,1.0,0.0,0.75,0.0669873,0.8348132,0.48189807,0.7259884,0.7559846,1.0,0.029996175,0.3719047,0.5336997,0.44352305,0.5327789,-1.0,1.3,2021-08-24T10:00:00,EURUSD,H1,3,BUY,-4.791667209305128,7,"hit_tp=False,hit_sl=True,regime=3"
0.0015891606,0.00084430573,-0.00070260203,0.0019877304,0.4572684,0.46852618,0.4315113,0.31841058,0.5477661,0.48315692,0.35014483,0.4658078,0.375,0.73161906,0.0,0.5770059,0.0014132338,0.52803165,0.7640158,0.0,1.0,0.0,0.0,0.5,0.5426907,0.4781715,0.978601,0.4339299,0.84928846,0.54467106,0.36076543,0.0,0.0,0.4456826,1.0,5.0,2021-08-24T18:00:00,EURUSD,H1,3,BUY,8.238092995054291,25,"hit_tp=True,hit_sl=False,regime=3"
-0.0035571142,-0.005891418,-0.0028407695,-0.00043074717,0.3931304,0.2880556,0.33466628,0.3422759,0.4513976,0.4786307,0.69670224,0.6280121,0.26884004,0.29466546,0.0,0.55304843,0.0014210773,0.4070631,0.70353156,0.0,1.0,0.0,0.37059048,0.017037086,0.72028196,0.52716845,0.4,0.6766474,0.54131794,0.27664745,0.358369,0.0,0.0,0.6386377,1.0,4.680000000000001,2021-08-26T13:00:00,EURUSD,H1,3,BUY,8.808450185227024,35,"hit_tp=True,hit_sl=False,regime=3"
0.0010541786,-0.0014330795,0.004079983,0.003529022,0.5476209,0.41924623,0.4102248,0.3466677,0.6750609,0.5524871,0.78455925,0.71751744,0.23001605,0.6727249,0.0,0.7102573,0.0010039399,0.4914967,0.74574834,0.0,1.0,0.0,0.62940955,0.9829629,0.75246304,0.48170277,0.5235131,0.80301577,0.84077847,0.27950272,0.37143165,0.0,0.0,0.46985754,-1.0,1.6900000000000002,2021-08-28T01:00:00,EURUSD,H1,3,BUY,-8.030729714194607,18,"hit_tp=False,hit_sl=True,regime=3"
0.0014062913,0.0051891715,0.001781131,-0.0020692935,0.33572203,0.268051,0.29158482,0.30789754,0.25449288,0.4133046,0.30309644,0.41268396,0.12922923,0.649869,0.0,0.31399533,0.0006047022,0.52242357,0.7612118,0.0,1.0,0.0,0.9330127,0.75,0.27089036,0.5411718,1.0,0.0,0.0,1.0,0.38699254,0.0,0.0,0.49816713,-1.0,1.6900000000000002,2021-08-29T04:00:00,EURUSD,H1,3,BUY,-7.527278862400344,15,"hit_tp=False,hit_sl=True,regime=3"
0.0016076872,0.0011530543,0.0028790531,0.0012987577,0.44358036,0.32880467,0.3002352,0.32467005,0.36519065,0.5014689,0.3298888,0.6049646,0.22270992,0.63671076,0.0,0.33576941,0.00056470884,0.38871387,0.6943569,0.0,1.0,0.0,0.9829629,0.37059048,0.249888,0.5108843,1.0,0.15989828,0.31979656,0.8401017,0.3997457,0.0,0.0,0.65464354,1.0,5.0,2021-08-30T07:00:00,EURUSD,H1,3,BUY,8.53407067371359,6,"hit_tp=True,hit_sl=False,regime=3"
0.0019861255,0.002078799,0.0012851415,0.00053348375,0.41742992,0.41361153,0.43878207,0.41463828,0.56992733,0.50615627,0.36519784,0.44691604,0.1824253,0.6249265,0.0,0.66621864,0.00086470396,0.9924201,0.99621004,0.0,1.0,0.0,0.37059048,0.9829629,0.49048132,0.41843235,0.4029869,0.0,0.0,0.4029869,0.4029869,0.0,0.0,0.8,1.0,5.0,2021-08-30T23:00:00,EURUSD,H1,3,BUY,13.406936114315204,37,"hit_tp=True,hit_sl=False,regime=3"
0.0049965368,0.00033573038,0.005976591,-0.0005441609,0.51301926,0.50076425,0.43760842,0.3713419,0.29274997,0.39645466,0.28575775,0.4124934,0.17515244,0.6430756,0.0,0.16628197,0.0005637943,0.5490694,0.7745347,0.0,1.0,0.0,0.75,0.9330127,0.23228711,0.5216343,1.0,0.0,0.0,1.0,0.41371956,0.0,0.0,0.5959713,-1.0,1.6900000000000002,2021-09-02T02:00:00,EURUSD,H1,3,BUY,-7.758118547056547,7,"hit_tp=False,hit_sl=True,regime=3"
0.0016764837,0.0013498865,-0.00023500179,0.0023658422,0.38055065,0.41884872,0.3258161,0.35276803,0.17446464,0.5083308,0.36597475,0.4522662,0.4394584,0.7663488,0.0,0.24027438,0.0006397314,0.3841959,0.69209796,0.0,1.0,0.0,0.0669873,0.75,0.30847412,0.69496405,1.0,0.9017682,1.0,0.09823179,0.37721026,0.0,0.0,0.48034868,1.0,3.9000000000000004,2021-09-03T20:00:00,EURUSD,H1,3,BUY,9.848347103891264,20,"hit_tp=True,hit_sl=False,regime=3"
0.0010753104,0.0016655352,-4.4042226e-05,-0.0083979275,0.25981396,0.4746976,0.38594097,0.3459559,0.12371193,0.3313237,0.23872903,0.2558432,0.16580227,0.62414616,0.0,0.22079436,0.00042333265,0.38689357,0.69344676,0.0,1.0,0.0,0.5,0.0,0.1969786,0.47807032,0.59683865,0.68980604,0.82340586,0.092967406,0.35388878,0.0,0.0,0.591165,1.0,4.680000000000001,2021-09-05T12:00:00,EURUSD,H1,3,BUY,9.544245428065867,21,"hit_tp=True,hit_sl=False,regime=3"
-0.0032420342,0.00033431788,-0.0017126389,0.0016647816,0.5318454,0.4253871,0.394428,0.34304303,0.66753066,0.6177147,0.71950436,0.488431,0.21687117,0.32964307,0.0,0.62741476,0.0016815164,0.63466406,0.817332,0.0,1.0,0.0,0.14644662,0.14644662,0.7866854,0.44171253,1.0,0.57969826,1.0,0.42030174,0.39841712,0.0,0.44654116,0.6194246,1.0,5.0,2021-09-06T15:00:00,EURUSD,H1,3,BUY,10.753183721903259,67,"hit_tp=True,hit_sl=False,regime=3"
0.0013980604,0.0042905346,0.00026217464,-0.0071251765,0.32910714,0.40738118,0.3605183,0.36425397,0.47860727,0.45338705,0.3332496,0.19267556,0.12886724,0.6295247,0.0,0.35923755,0.00091207493,0.99891907,0.9994595,0.0,1.0,0.0,0.25,0.0669873,0.2982799,0.7050784,0.66787934,0.24367078,0.32548535,0.42420855,0.40611798,0.0,0.0,0.5008502,-1.0,2.028,2021-09-09T14:00:00,EURUSD,H1,3,BUY,-8.580603888208582,37,"hit_tp=False,hit_sl=True,regime=3"
0.0012239644,0.0055031967,0.0044739605,-0.0052360883,0.26170307,0.32608235,0.3794214,0.33575132,0.33782756,0.44870424,0.31894904,0.3223791,0.12757558,0.6221508,0.0,0.34248543,0.0006116074,0.6254855,0.8127427,0.0,1.0,0.0,0.9330127,0.75,0.2893869,0.38568985,1.0,0.0,0.0,1.0,0.40887037,0.0,0.0,0.5124483,-1.0,1.6900000000000002,2021-09-11T04:00:00,EURUSD,H1,3,BUY,-9.32339394726478,13,"hit_tp=False,hit_sl=True,regime=3"
0.0030871292,0.004699467,0.007827354,0.012421559,0.42187017,0.4255392,0.33633995,0.30241337,0.6156366,0.5923611,0.79426295,0.83922976,0.35992473,0.71684486,0.0,0.70573634,0.00097579573,0.9267526,0.96337634,0.0,1.0,0.0,0.14644662,0.8535534,0.69398266,0.41143876,1.0,0.0,0.0,1.0,0.41465506,0.0,0.0,0.8366975,1.0,5.0,2021-09-11T21:00:00,EURUSD,H1,3,BUY,9.087554777971185,6,"hit_tp=True,hit_sl=False,regime=3"
-0.00083655416,-0.002726478,-0.0060371915,-0.00047345212,0.15551405,0.24609208,0.26225066,0.31203002,0.565057,0.5242459,0.57043016,0.5350314,0.2702653,0.32600874,0.0,0.7318816,0.0013342642,0.5358229,0.76791143,0.0,1.0,0.0,0.37059048,0.017037086,0.62388456,0.3645906,0.4,0.38487157,0.30789724,0.015128441,0.38487157,0.0,0.0,0.68311834,1.0,3.9000000000000004,2021-09-12T13:00:00,EURUSD,H1,3,BUY,8.133934827367906,7,"hit_tp=True,hit_sl=False,regime=3"
-0.0031226063,-0.0046586925,-0.0027792675,-0.00044561338,0.56042725,0.5290155,0.4658467,0.36591083,0.65821785,0.55065835,0.6916537,0.58728355,0.17266811,0.35561126,0.0,0.6661593,0.0018972867,0.4276315,0.71381575,0.0,1.0,0.0,0.62940955,0.9829629,0.77280796,0.5242361,0.53588283,0.8885225,0.9522879,0.3526397,0.3540716,0.0,0.0,0.6865264,1.0,3.9000000000000004,2021-09-13T01:00:00,EURUSD,H1,3,BUY,9.844545883883615,7,"hit_tp=True,hit_sl=False,regime=3"
-0.005219236,-0.0058716577,-0.0031905384,0.0016171631,0.45960218,0.4980639,0.42430046,0.3620726,0.42126855,0.42013645,0.48847136,0.6982699,0.1613497,0.3375004,0.0,0.55246896,0.0020379892,0.4845008,0.7422504,0.0,1.0,0.0,0.62940955,0.017037086,0.6160495,0.5016999,0.78440064,0.24050725,0.37730807,0.5438934,0.37511727,0.0,0.0,0.76611274,-1.0,1.6900000000000002,2021-09-15T11:00:00,EURUSD,H1,3,BUY,-8.652595765303861,5,"hit_tp=False,hit_sl=True,regime=3"
0.003963163,0.002007534,0.002765081,0.0029261084,0.5353874,0.39406717,0.34661096,0.3090027,0.47097394,0.5636453,0.43999776,0.59402955,0.3301637,0.7525103,0.0,0.560801,0.00056293374,0.41012856,0.7050643,0.0,1.0,0.0,0.25,0.9330127,0.31151512,0.48343417,0.8377908,0.7441833,1.0,0.09360746,0.37891486,0.0,0.0,0.75617975,-1.0,1.3,2021-09-16T22:00:00,EURUSD,H1,3,BUY,-6.755315506501436,2,"hit_tp=False,hit_sl=True,regime=3"
0.0041094986,0.0016523565,-0.00085326773,0.0011541806,0.5493224,0.57450145,0.44215158,0.3278154,0.5511581,0.5603937,0.5176724,0.4998146,0.14597337,0.63844866,0.0,0.61009145,0.00058257655,0.4150058,0.7075029,0.0,1.0,0.0,0.62940955,0.9829629,0.2505112,0.6202758,1.0,0.6414753,1.0,0.35852465,0.37891486,0.0,0.0,0.4717778,-1.0,1.56,2021-09-17T01:00:00,EURUSD,H1,3,BUY,-8.365848468090409,36,"hit_tp=False,hit_sl=True,regime=3"
0.0039789802,0.0020692495,0.0038867241,0.0038976604,0.3153961,0.28324145,0.2543593,0.32078546,0.2754648,0.4200898,0.31700933,0.51001316,0.30628467,0.69466347,0.0,0.29031464,0.00046962767,0.43428743,0.7171437,0.0,1.0,0.0,0.0,0.5,0.23736697,0.3798802,0.98188704,0.0,0.0,0.98188704,0.38221574,0.0,0.0,0.70981646,-1.0,1.6900000000000002,2021-09-18T18:00:00,EURUSD,H1,3,BUY,-6.216949891455492,6,"hit_tp=False,hit_sl=True,regime=3"
0.0039810743,0.006235519,0.005947716,0.0030178037,0.27913257,0.25026008,0.22590229,0.25560006,0.4779184,0.48174733,0.3547863,0.4604445,0.21597938,0.65552735,0.0,0.44292402,0.00052233384,0.41064176,0.7053209,0.0,1.0,0.0,0.9330127,0.75,0.30436343,0.4326808,0.8,0.0,0.0,0.8,0.38374445,0.0,0.0,0.7662158,-1.0,1.6900000000000002,2021-09-19T04:00:00,EURUSD,H1,3,BUY,-5.2546315873325256,12,"hit_tp=False,hit_sl=True,regime=3"
0.0036454797,0.0058832155,0.0056707584,0.0064966124,0.2831426,0.315013,0.29219297,0.31592548,0.36153075,0.528707,0.4848485,0.7673918,0.16649076,0.65631974,0.0,0.36574438,0.00057283323,0.4788566,0.7394283,0.0,1.0,0.0,0.25,0.9330127,0.372104,0.5554526,1.0,0.0,0.0,1.0,0.3623827,0.0,0.0,0.7588697,-1.0,1.6900000000000002,2021-09-19T22:00:00,EURUSD,H1,3,BUY,-4.913975599116771,14,"hit_tp=False,hit_sl=True,regime=3"
0.003929237,0.0016962487,-0.0014014415,0.00068701105,0.6753083,0.590022,0.46492538,0.37970957,0.2774475,0.41683197,0.24175645,0.32287708,0.16330887,0.6524872,0.0,0.3114335,0.0003219856,0.40859702,0.7042985,0.0,1.0,0.0,0.017037086,0.37059048,0.16576977,0.42108655,1.0,0.75385803,1.0,0.246142,0.41594595,0.0,0.0,0.4545861,1.0,3.9000000000000004,2021-09-20T17:00:00,EURUSD,H1,3,BUY,8.453796647618361,12,"hit_tp=True,hit_sl=False,regime=3"
0.00072827644,-0.0013347135,0.000188237,0.0072089355,0.46117425,0.41070405,0.37226623,0.33878937,0.619052,0.55819446,0.7614852,0.62297535,0.18977368,0.6380875,0.0,0.4977146,0.0012075364,0.5867379,0.79336894,0.0,1.0,0.0,0.0669873,0.75,0.7500191,0.44117883,0.59187376,0.58060855,0.68729395,0.0112651745,0.3832713,0.0,0.0,0.5012784,-1.0,1.56,2021-09-25T20:00:00,EURUSD,H1,3,BUY,-7.104780601443483,22,"hit_tp=False,hit_sl=True,regime=3"
0.00350844,0.0005481879,0.0021372458,-0.0049289204,0.49171776,0.43381423,0.37763652,0.32866013,0.34447762,0.41497543,0.21799366,0.41009867,0.18341793,0.6263853,0.0,0.17520787,0.00041779617,0.45951536,0.72975767,0.0,1.0,0.0,0.14644662,0.14644662,0.1636172,0.5369358,0.88585925,0.6483693,1.0,0.23748997,0.36906043,0.0,0.46198943,0.66124743,1.0,4.680000000000001,2021-09-27T15:00:00,EURUSD,H1,3,BUY,8.858885716660492,31,"hit_tp=True,hit_sl=False,regime=3"
0.00041868704,0.0005868816,0.00029770887,0.0054273154,0.38169053,0.43951288,0.36548522,0.34683934,0.6964806,0.52466315,0.85158956,0.71611834,0.18532258,0.63114136,0.0,0.6387962,0.0016423212,0.3672554,0.68362767,0.0,1.0,0.0,0.75,0.0669873,0.73244977,0.6088194,0.4,0.0,0.0,0.4,0.3958473,0.0,0.0,0.6867562,-1.0,1.3,2021-09-29T10:00:00,EURUSD,H1,3,BUY,-7.73285380242239,13,"hit_tp=False,hit_sl=True,regime=3"
0.0018915029,0.0037012526,0.00163164,-0.0011628511,0.36089417,0.26255667,0.27655622,0.30166817,0.24785592,0.38450798,0.29250666,0.4228712,0.14987373,0.64355767,0.0,0.24885906,0.00094892737,0.94273925,0.9713696,0.0,1.0,0.0,0.9330127,0.75,0.23914383,0.57566833,0.6474245,0.60307765,0.7808945,0.0443469,0.3713136,0.0,0.0,0.5966839,-1.0,1.6900000000000002,2021-09-30T04:00:00,EURUSD,H1,3,BUY,-5.508861032816892,3,"hit_tp=False,hit_sl=True,regime=3"
0.00071373855,0.0045587295,0.004110093,0.0034399843,0.5129987,0.4324335,0.3609227,0.3156862,0.3690973,0.45912576,0.49507156,0.6186883,0.12567264,0.6341923,0.0,0.38713452,0.0008898525,0.94838697,0.9741935,0.0,1.0,0.0,0.9330127,0.25,0.39131185,0.56043243,1.0,0.29028004,0.5805601,0.70971996,0.3584163,0.0,0.0,0.48554057,1.0,5.0,2021-09-30T08:00:00,EURUSD,H1,3,BUY,8.0257073878931,10,"hit_tp=True,hit_sl=False,regime=3"
0.0011449396,0.00037781853,-0.0027986346,-0.004365636,0.2701776,0.21388836,0.2607731,0.32383683,0.5114364,0.46057683,0.15791288,0.17970936,0.22082616,0.6531959,0.0,0.3671274,0.0008277709,0.99879456,0.9993973,0.0,1.0,0.0,0.5,1.0,0.40976763,0.4959791,0.7487572,0.5106783,0.7647481,0.23807886,0.39442366,0.0,0.0,0.33498803,1.0,5.0,2021-10-01T00:00:00,EURUSD,H1,3,BUY,7.590664347083553,8,"hit_tp=True,hit_sl=False,regime=3"
0.0020748812,0.00059536955,7.092282e-05,-0.0064775976,0.5633056,0.49922162,0.42427778,0.38127026,0.33847293,0.42117247,0.121278204,0.46703362,0.1681962,0.6303429,0.0,0.26673132,0.0007016335,0.89192545,0.9459627,0.0,1.0,0.0,0.37059048,0.9829629,0.10972972,0.39878458,0.7337419,0.0,0.0,0.7337419,0.39324,0.0,0.0,0.50521654,-1.0,2.028,2021-10-01T23:00:00,EURUSD,H1,3,BUY,-8.998814852720916,28,"hit_tp=False,hit_sl=True,regime=3"
0.0018456647,0.0056960536,0.0055786227,0.008685279,0.21683459,0.20664616,0.28072703,0.28958213,0.64977056,0.5993382,0.9357118,0.86864084,0.2512257,0.686389,0.0,0.5266888,0.0008606656,0.70794225,0.8539711,0.0,1.0,0.0,0.8535534,0.8535534,0.5999438,0.4635753,1.0,0.0,0.0,1.0,0.36929852,0.0,0.0,0.5905255,1.0,5.0,2021-10-04T03:00:00,EURUSD,H1,3,BUY,9.03060229055841,30,"hit_tp=True,hit_sl=False,regime=3"
0.0008711755,-0.00024102264,0.0010058043,-0.002142969,0.23066135,0.25953847,0.27999872,0.3318953,0.3782926,0.45460507,0.29696953,0.3538576,0.15332894,0.6432506,0.0,0.41886687,0.0008965552,0.9761973,0.9880987,0.0,1.0,0.0,0.0669873,0.75,0.27138042,0.41297317,1.0,0.27415588,0.54831177,0.7258441,0.36131752,0.0,0.0,0.56181693,-1.0,1.6900000000000002,2021-10-05T20:00:00,EURUSD,H1,3,BUY,-7.626705744714357,15,"hit_tp=False,hit_sl=True,regime=3"
0.0031487227,0.0012816652,0.0028384635,-0.0050393455,0.49597144,0.42385602,0.3410618,0.31200534,0.3733065,0.44080073,0.1988833,0.4997173,0.24938875,0.6887526,0.0,0.31444234,0.0005591794,0.69039917,0.8451996,0.0,1.0,0.0,0.37059048,0.017037086,0.14515443,0.54553103,0.7810951,0.55990326,0.8746754,0.22119185,0.36160353,0.0,0.47079834,0.68745005,-1.0,1.6900000000000002,2021-10-06T13:00:00,EURUSD,H1,3,BUY,-6.983361968864177,5,"hit_tp=False,hit_sl=True,regime=3"
0.005085627,0.006267463,0.004071488,0.0044788625,0.47608837,0.3485952,0.2912235,0.27049807,0.47514525,0.55263436,0.4902645,0.5135227,0.29139072,0.69306767,0.0,0.5827805,0.0005510966,0.50401634,0.7520082,0.0,1.0,0.0,0.14644662,0.14644662,0.31629312,0.45100072,0.5198429,0.19737317,0.20520611,0.32246977,0.36978704,0.0,0.0,0.76057637,-1.0,1.6900000000000002,2021-10-07T15:00:00,EURUSD,H1,3,BUY,-5.6087290443218585,3,"hit_tp=False,hit_sl=True,regime=3"
0.0052694054,0.00800451,0.008457746,0.002985786,0.29786465,0.3621419,0.35797167,0.3105481,0.4963013,0.5763065,0.69345695,0.6289804,0.21911667,0.70609283,0.0,0.52754223,0.000616386,0.5851702,0.79258513,0.0,1.0,0.0,0.14644662,0.8535534,0.44847548,0.47155264,0.4183388,0.12608609,0.105493404,0.29225272,0.35045716,0.0,0.0,0.97387564,1.0,5.0,2021-10-07T21:00:00,EURUSD,H1,3,BUY,7.700957906366934,15,"hit_tp=True,hit_sl=False,regime=3"
0.0043234862,-0.0026337449,-0.0024779108,-0.00011204701,0.40753594,0.35662326,0.34514517,0.36351568,0.5768302,0.51668715,0.18982999,0.5013284,0.11948186,0.6397586,0.0,0.6746045,0.00095174176,0.8746362,0.9373181,0.0,1.0,0.0,0.37059048,0.017037086,0.48553106,0.398716,0.9720045,0.8,1.0,0.17200446,0.41106418,0.0,0.0,0.6268049,-1.0,1.6900000000000002,2021-10-08T13:00:00,EURUSD,H1,3,BUY,-7.270013442479684,7,"hit_tp=False,hit_sl=True,regime=3"
0.00270219,0.00025991115,-0.00027318884,0.00043527898,0.5657061,0.43273944,0.37375727,0.3169933,0.3699454,0.44111073,0.26884013,0.43371356,0.12645161,0.6460136,0.0,0.28071746,0.0005878528,0.8894892,0.9447446,0.0,1.0,0.0,0.62940955,0.9829629,0.20292395,0.4920229,0.684406,0.0,0.0,0.684406,0.3656492,0.0,0.0,0.4855625,1.0,5.0,2021-10-09T01:00:00,EURUSD,H1,3,BUY,9.035273266213562,37,"hit_tp=True,hit_sl=False,regime=3"
0.0005452203,-0.0014767072,-0.0024043708,0.0029606374,0.6362976,0.60332364,0.4755326,0.41749993,0.6346197,0.5620117,0.72449136,0.5840781,0.19338235,0.6319874,0.0,0.55017984,0.00082160963,0.9897374,0.9948687,0.0,1.0,0.0,0.14644662,0.14644662,0.72221965,0.65564024,0.4,0.4192399,0.33539194,0.019239921,0.35068738,0.0,0.0,0.29359546,-1.0,1.6900000000000002,2021-10-10T15:00:00,EURUSD,H1,3,BUY,-9.60663056725819,17,"hit_tp=False,hit_sl=True,regime=3"
0.00089764275,0.003300332,0.0016709378,-0.007182076,0.20029208,0.19432837,0.30179378,0.31854865,0.4668564,0.41123784,0.29414758,0.24529992,0.31857556,0.69720703,0.0,0.4782348,0.0003337272,0.35190368,0.67595184,0.0,1.0,0.0,0.75,0.0669873,0.245502,0.49848223,1.0,0.6,1.0,0.4,0.3576389,0.0,0.0,0.5092687,-1.0,1.3,2021-10-11T10:00:00,EURUSD,H1,3,BUY,-7.379323452805231,2,"hit_tp=False,hit_sl=True,regime=3"
0.0006833027,-8.466014e-05,-0.002565861,-0.0003974376,0.1231728,0.2816876,0.22533306,0.28090197,0.26568988,0.44960716,0.32438135,0.47239962,0.1756496,0.6425647,0.0,0.20247869,0.0005220073,0.4518468,0.7259234,0.0,1.0,0.0,0.0669873,0.25,0.3039088,0.4941825,0.99672395,0.0,0.0,0.99672395,0.35600996,0.0,0.0,0.3042444,-1.0,1.6900000000000002,2021-10-11T16:00:00,EURUSD,H1,3,BUY,-6.477030597340505,3,"hit_tp=False,hit_sl=True,regime=3"
0.0012762392,-0.003603494,-0.0038784742,-0.003324555,0.33346432,0.4020964,0.29359215,0.28887576,0.51858574,0.57130635,0.53759575,0.35015368,0.21218196,0.6645505,0.0,0.51905185,0.0005098146,0.37787646,0.6889382,0.0,1.0,0.0,0.9330127,0.25,0.4323864,0.42398402,0.66625416,0.30894533,0.41167223,0.35730886,0.38618165,0.0,0.0,0.31905293,1.0,4.680000000000001,2021-10-12T08:00:00,EURUSD,H1,3,BUY,8.940521880058672,26,"hit_tp=True,hit_sl=False,regime=3"
0.0015097618,0.00035443204,-0.001695339,-0.002601332,0.2211015,0.38274094,0.26926306,0.3352423,0.47446862,0.44923824,0.16091888,0.365658,0.26172638,0.6875255,0.0,0.34959757,0.00070272083,0.8606512,0.9303256,0.0,1.0,0.0,0.0669873,0.75,0.37223902,0.4951457,0.7178005,0.88788897,1.0,0.17008846,0.41056675,0.0,0.0,0.3921167,-1.0,1.6900000000000002,2021-10-13T20:00:00,EURUSD,H1,3,BUY,-6.6644519633274335,5,"hit_tp=False,hit_sl=True,regime=3"
0.003985316,0.0039454484,-0.00047837527,0.0015257124,0.37002367,0.3954714,0.3144887,0.3186213,0.31429157,0.4306663,0.29300824,0.46773067,0.13104126,0.6587961,0.0,0.17467918,0.00045457223,0.5422316,0.77111584,0.0,1.0,0.0,0.9330127,0.75,0.24232052,0.5331216,1.0,0.44747013,0.89494026,0.5525299,0.36392394,0.0,0.0,0.4830105,-1.0,1.6900000000000002,2021-10-14T04:00:00,EURUSD,H1,3,BUY,-7.501259464137711,6,"hit_tp=False,hit_sl=True,regime=3"
0.0054145358,0.0049831294,0.0061351336,0.007218167,0.14555459,0.34579292,0.40214166,0.34740788,0.5771744,0.52188754,0.7626222,0.63481355,0.20297685,0.7102942,0.0,0.55257356,0.0008143761,0.8495961,0.9247981,0.0,1.0,0.0,0.25,0.0669873,0.3674072,0.5482524,1.0,0.45170066,0.9034013,0.5482994,0.39627555,0.0,0.0,0.8,1.0,5.0,2021-10-14T14:00:00,EURUSD,H1,3,BUY,11.241973414846118,12,"hit_tp=True,hit_sl=False,regime=3"
-0.0031852098,0.00090298307,0.007245034,0.008244234,0.44571957,0.6749163,0.5227483,0.38343534,0.6082633,0.531946,1.0,0.7417128,0.14703833,0.34871703,0.0,0.5365214,0.0020996097,0.37449104,0.6872455,0.0,1.0,0.0,0.0669873,0.25,0.9721229,0.43147063,0.6,0.69934,0.839208,0.09934,0.35028952,0.0,0.0,0.34040335,-1.0,1.56,2021-10-15T16:00:00,EURUSD,H1,3,BUY,-10.000669724909983,45,"hit_tp=False,hit_sl=True,regime=3"
0.0011477846,0.0011198038,-0.002087796,-0.009348661,0.5536251,0.42541376,0.34314677,0.3446923,0.23310465,0.38339105,0.16349204,0.331005,0.16383477,0.62791586,0.0,0.27565792,0.000665086,0.6483032,0.82415164,0.0,1.0,0.0,0.25,0.0669873,0.1686193,0.5261955,1.0,0.0,0.0,1.0,0.36553305,0.5005213,0.0,0.35709777,-1.0,1.6900000000000002,2021-10-17T14:00:00,EURUSD,H1,3,BUY,-6.367965773110829,7,"hit_tp=False,hit_sl=True,regime=3"
0.0011983466,0.00054923916,-0.0007610659,-0.0011679041,0.16496283,0.40142384,0.30407768,0.31650996,0.35578218,0.5035346,0.2522936,0.43362394,0.23241936,0.67795587,0.0,0.35909128,0.0006011912,0.5460408,0.7730204,0.0,1.0,0.0,0.62940955,0.9829629,0.3334002,0.5333192,0.8076993,0.0,0.0,0.8076993,0.35742202,0.0,0.0,0.42768985,-1.0,2.028,2021-10-18T01:00:00,EURUSD,H1,3,BUY,-7.03647787621442,24,"hit_tp=False,hit_sl=True,regime=3"
-0.0021160378,-0.0016963149,-0.0023706325,6.05844e-06,0.20850366,0.28370887,0.29587314,0.31877366,0.32892957,0.5296025,0.480872,0.61136645,0.17711738,0.36350796,0.0,0.3487621,0.00052409276,0.48115996,0.74057996,0.0,1.0,0.0,0.37059048,0.017037086,0.40930635,0.4799039,0.4,1.0,0.8,0.6,0.4074774,0.0,0.0,0.7954983,-1.0,1.6900000000000002,2021-10-19T13:00:00,EURUSD,H1,3,BUY,-5.462846559578516,20,"hit_tp=False,hit_sl=True,regime=3"
0.0012084972,0.0030361165,0.0007599294,-0.001286246,0.4406555,0.40228707,0.37821943,0.37353387,0.4709157,0.5546053,0.5623626,0.5686079,0.28607368,0.6899061,0.0,0.41664985,0.00059131987,0.69159466,0.84579736,0.0,1.0,0.0,0.75,0.0669873,0.5156366,0.56744486,0.6545817,0.0,0.0,0.6545817,0.41311583,0.0,0.0,0.5365087,-1.0,1.6900000000000002,2021-10-20T10:00:00,EURUSD,H1,3,BUY,-6.875453120589459,11,"hit_tp=False,hit_sl=True,regime=3"
0.0015088333,0.0029123796,0.0014165249,0.0019374074,0.17283085,0.24542488,0.30898196,0.37357944,0.36280134,0.4611727,0.33929825,0.33006206,0.2151208,0.6697888,0.0,0.36606118,0.0003148205,0.44505382,0.7225269,0.0,1.0,0.0,0.9330127,0.75,0.27790907,0.4126995,0.5515413,0.27265742,0.3007637,0.27888393,0.35668805,0.0,0.0,0.60538477,1.0,3.9000000000000004,2021-10-21T04:00:00,EURUSD,H1,3,BUY,7.260738167873537,8,"hit_tp=True,hit_sl=False,regime=3"
0.0020838878,0.00728034,0.012160134,0.01043649,0.3174864,0.36443302,0.47780594,0.38529503,0.7555299,0.61050624,1.0,0.7904009,0.11859838,0.6365283,0.0,0.70934516,0.0016711019,0.37017375,0.6850869,0.0,1.0,0.0,0.9330127,0.75,0.95500875,0.46619534,0.5042091,0.0,0.0,0.5042091,0.37823474,0.0,0.0,0.70287406,1.0,5.0,2021-10-22T04:00:00,EURUSD,H1,3,BUY,12.476188418444334,28,"hit_tp=True,hit_sl=False,regime=3"
0.0025167272,-0.00046789864,-0.00027593042,0.004096188,0.33634067,0.38987535,0.42289108,0.3325912,0.65079504,0.5186769,0.665916,0.42310077,0.22476895,0.64347523,0.0,0.653495,0.001858473,0.37897292,0.68948644,0.0,1.0,0.0,0.5,0.0,0.6619139,0.54132473,0.40047076,0.8,0.64075327,0.39952922,0.40047076,0.0,0.0,0.66522443,-1.0,1.6900000000000002,2021-10-24T12:00:00,EURUSD,H1,3,BUY,-8.138131554227268,13,"hit_tp=False,hit_sl=True,regime=3"
0.0052830833,0.010059813,0.0136106135,0.010325388,0.7031933,0.6230467,0.4861339,0.38402262,0.47087145,0.5228064,0.7084176,0.81510305,0.2050405,0.638855,0.0,0.32751364,0.0011891293,0.83377385,0.9168869,0.0,1.0,0.0,0.5,0.0,0.4667798,0.5522291,0.59780645,0.0,0.0,0.59780645,0.39561078,0.0,0.0,0.8329923,1.0,5.0,2021-10-25T12:00:00,EURUSD,H1,3,BUY,11.210317697707417,14,"hit_tp=True,hit_sl=False,regime=3"
-0.0028820806,0.00013859714,0.004469173,-0.00039415795,0.30207294,0.33352834,0.31738907,0.2935999,0.48494563,0.4619373,0.55172133,0.64160466,0.2259877,0.35193676,0.0,0.28697717,0.0018035545,0.42970976,0.7148549,0.0,1.0,0.0,0.75,0.0669873,0.6189637,0.60506076,0.41380608,0.4123601,0.34127426,0.0014459842,0.4123601,0.0,0.0,0.36900896,-1.0,1.56,2021-10-26T10:00:00,EURUSD,H1,3,BUY,-6.956016640007334,25,"hit_tp=False,hit_sl=True,regime=3"
-0.0013616526,-0.005222136,-0.002178305,0.0015951757,0.29985183,0.29347813,0.31250578,0.3430489,0.6711139,0.6311068,0.6970496,0.7090786,0.34334227,0.2671073,0.0,0.68637484,0.0011652397,0.4463134,0.7231567,0.0,1.0,0.0,0.9330127,0.75,0.7490457,0.453648,0.4,1.0,0.8,0.6,0.3629656,0.0,0.0,0.49881488,1.0,5.0,2021-10-28T04:00:00,EURUSD,H1,3,BUY,7.453158582013675,6,"hit_tp=True,hit_sl=False,regime=3"
0.001303937,0.00090374314,0.00092980516,-0.0027325845,0.32058996,0.3352422,0.35315734,0.35788533,0.62771165,0.45721546,0.4883106,0.38872173,0.3179452,0.772656,0.0,0.5974777,0.0021022996,0.3846517,0.69232583,0.0,1.0,0.0,0.62940955,0.9829629,0.584004,0.5894651,1.0,0.9324402,1.0,0.06755978,0.40824378,0.0,0.0,0.8,-1.0,1.3,2021-10-29T01:00:00,EURUSD,H1,3,BUY,-8.768025857566197,10,"hit_tp=False,hit_sl=True,regime=3"
0.005731783,0.0021229621,0.0058634877,0.007268791,0.43708894,0.40898547,0.41057324,0.35199043,0.4436739,0.45977515,0.41957027,0.6423322,0.19704676,0.6454348,0.0,0.26409072,0.001429399,0.7993947,0.89969736,0.0,1.0,0.0,0.017037086,0.62940955,0.29997778,0.5294531,0.7647398,0.31010994,0.47430685,0.45462987,0.38763744,0.0,0.0,0.66291916,1.0,5.0,2021-10-29T19:00:00,EURUSD,H1,3,BUY,10.752648688463484,8,"hit_tp=True,hit_sl=False,regime=3"
0.0021566334,0.0012479654,-0.0027081606,-0.0065558255,0.4288476,0.4278511,0.34208238,0.33297226,0.46611878,0.38656512,0.18984985,0.27331957,0.13195099,0.66126835,0.0,0.52317864,0.00271758,0.38893378,0.6944669,0.0,1.0,0.0,0.0669873,0.75,0.34855774,0.41638467,0.89559144,0.0,0.0,0.89559144,0.36161634,0.0,0.0,0.38427272,-1.0,1.6900000000000002,2021-10-31T20:00:00,EURUSD,H1,3,BUY,-7.637258683206305,6,"hit_tp=False,hit_sl=True,regime=3"
0.0040435498,0.0022361267,0.0014304586,-0.0028850457,0.25076982,0.4383673,0.3419886,0.32751584,0.37766886,0.41822094,0.2650245,0.5477256,0.25013524,0.66747844,0.0,0.49242112,0.0012443853,0.7205975,0.86029875,0.0,1.0,0.0,0.9829629,0.62940955,0.22817175,0.33573857,1.0,0.0,0.0,1.0,0.40655208,0.0,0.0,0.5644775,1.0,5.0,2021-11-01T05:00:00,EURUSD,H1,3,BUY,9.820376139508813,23,"hit_tp=True,hit_sl=False,regime=3"
0.0025837964,-0.0022389255,0.003749668,0.0028303172,0.44085932,0.37056866,0.3612706,0.3610635,0.6019457,0.51271707,0.6780895,0.4910402,0.22834869,0.6903712,0.0,0.7005858,0.0018061821,0.44580758,0.7229038,0.0,1.0,0.0,0.017037086,0.37059048,0.63877267,0.48844272,0.6,0.71874124,0.8624895,0.11874126,0.39842656,0.0,0.0,0.5157271,-1.0,1.3,2021-11-02T17:00:00,EURUSD,H1,3,BUY,-6.89967032200034,10,"hit_tp=False,hit_sl=True,regime=3"
-0.00057785946,0.00045979876,0.0064432938,0.004593013,0.26269388,0.29815575,0.3379938,0.36531195,0.30701467,0.41444498,0.41157168,0.6524875,0.12560047,0.37722582,0.0,0.29648703,0.00081484526,0.80166435,0.9008322,0.0,1.0,0.0,0.75,0.0669873,0.36292776,0.5348234,0.68003064,0.6932299,0.94283515,0.01319929,0.38962927,0.0,0.0,0.24563996,-1.0,1.6900000000000002,2021-11-03T10:00:00,EURUSD,H1,3,BUY,-7.082420485993168,11,"hit_tp=False,hit_sl=True,regime=3"
0.0024358816,0.0027142398,0.0019726057,-0.00011092803,0.16660786,0.37326133,0.3889003,0.37165546,0.20334269,0.46558186,0.3160442,0.43040964,0.16466221,0.6292713,0.0,0.12919256,0.00065053464,0.5363081,0.7681541,0.0,1.0,0.0,1.0,0.5,0.28054893,0.450314,0.7161241,0.7977967,1.0,0.08167258,0.40105277,0.0,0.0,0.8,1.0,3.9000000000000004,2021-11-04T06:00:00,EURUSD,H1,3,BUY,12.661113339540453,17,"hit_tp=True,hit_sl=False,regime=3"
0.0035184072,0.0017286693,0.0037664666,0.0047202175,0.38867813,0.39102647,0.3719388,0.30822918,0.719101,0.5834355,0.78369194,0.68887776,0.19949453,0.6449429,0.0,0.79717135,0.0015874724,0.47201684,0.7360084,0.0,1.0,0.0,0.5,1.0,0.70837885,0.51371855,1.0,0.2486697,0.4973394,0.7513303,0.35599568,0.0,0.0,0.68738925,-1.0,2.028,2021-11-05T00:00:00,EURUSD,H1,3,BUY,-8.35602779803546,30,"hit_tp=False,hit_sl=True,regime=3"
0.003988299,0.0027187876,0.0032883727,-0.0014876272,0.33049834,0.38397312,0.33528146,0.34009573,0.39016145,0.4310199,0.26066753,0.36904165,0.17644024,0.6202362,0.0,0.29899326,0.0003852885,0.43041995,0.71520996,0.0,1.0,0.0,0.62940955,0.017037086,0.20130564,0.5410406,1.0,0.85795224,1.0,0.14204773,0.40196142,0.0,0.0,0.8,1.0,3.9000000000000004,2021-11-06T11:00:00,EURUSD,H1,3,BUY,9.227175736208348,12,"hit_tp=True,hit_sl=False,regime=3"
0.0012336841,0.0043124054,0.002348459,0.0042408616,0.1847038,0.16847399,0.30083176,0.3154941,0.6994369,0.60774255,0.77739,0.87314177,0.21274588,0.66146165,0.0,0.74805975,0.0012714199,0.6464764,0.8232382,0.0,1.0,0.0,0.9829629,0.62940955,0.79777944,0.47491968,0.99156964,0.49893105,0.9894498,0.49263862,0.382542,0.0,0.0,0.5179588,1.0,5.0,2021-11-07T05:00:00,EURUSD,H1,3,BUY,9.366222889635178,54,"hit_tp=True,hit_sl=False,regime=3"
-0.0046629184,-0.0067651807,-0.005531269,-0.0030336208,0.26322392,0.2251319,0.2969676,0.29114822,0.57353497,0.5369376,0.6125766,0.4533992,0.173201,0.31158233,0.0,0.57796335,0.00105165,0.6668151,0.8334076,0.0,1.0,0.0,0.5,0.0,0.72436583,0.30142763,0.45086205,0.62715524,0.565521,0.1762932,0.38991997,0.0,0.0,0.7497066,-1.0,1.6900000000000002,2021-11-09T12:00:00,EURUSD,H1,3,BUY,-5.947131561601093,4,"hit_tp=False,hit_sl=True,regime=3"
0.00056198664,0.001157936,-0.0018497201,-0.0043553836,0.12592395,0.20866874,0.3759228,0.33696774,0.4892522,0.4733673,0.20108889,0.07167377,0.21010101,0.67694205,0.0,0.6000162,0.00045415413,0.6209269,0.8104635,0.0,1.0,0.0,0.62940955,0.017037086,0.21648693,0.40865818,0.6564226,0.31476015,0.41323137,0.34166247,0.36839312,0.0,0.0,0.48094386,-1.0,1.6900000000000002,2021-11-10T11:00:00,EURUSD,H1,3,BUY,-8.127189421007763,4,"hit_tp=False,hit_sl=True,regime=3"
0.0002603394,0.0022613439,-0.00060463353,-0.006431078,0.41650712,0.3755453,0.3082918,0.34640408,0.21108896,0.41052198,0.25718337,0.35567728,0.1511822,0.6336369,0.0,0.31439313,0.0003542504,0.35605478,0.6780274,0.0,1.0,0.0,0.0,0.5,0.20461105,0.42323062,0.5512036,0.33723018,0.371765,0.21397348,0.35392022,0.0,0.0,0.43046746,1.0,3.9000000000000004,2021-11-10T18:00:00,EURUSD,H1,3,BUY,9.277588256337843,11,"hit_tp=True,hit_sl=False,regime=3"
0.0018312179,0.0049518547,0.005644004,0.0060275085,0.4425302,0.37127948,0.31175157,0.35369548,0.792657,0.60152686,0.83516026,0.6817491,0.29316154,0.6791791,0.0,0.9274822,0.0011376374,0.8556711,0.9278356,0.0,1.0,0.0,0.9829629,0.37059048,0.79170525,0.48104313,0.93823814,0.0,0.0,0.93823814,0.367337,0.0,0.0,0.79470915,1.0,5.0,2021-11-11T07:00:00,EURUSD,H1,3,BUY,9.707176615318946,12,"hit_tp=True,hit_sl=False,regime=3"
-0.0041119703,-0.0031287312,0.0010283573,0.00020444972,0.37719694,0.36615178,0.33241194,0.34588265,0.62477565,0.49427438,0.8182851,0.6112882,0.14686684,0.36413842,0.0,0.7375259,0.001991922,0.3841295,0.69206476,0.0,1.0,0.0,0.9829629,0.62940955,0.7779355,0.43290606,0.6,1.0,1.0,0.4,0.35035774,0.0,0.0,0.46666363,-1.0,1.56,2021-11-12T05:00:00,EURUSD,H1,3,BUY,-8.323217332097954,39,"hit_tp=False,hit_sl=True,regime=3"
0.0030295744,0.0048717754,0.0030702963,-0.001946464,0.4548633,0.3416789,0.3433578,0.317306,0.29010388,0.43468535,0.29817408,0.45810208,0.253405,0.66846216,0.0,0.2015767,0.0005127779,0.59689957,0.7984498,0.0,1.0,0.0,0.25,0.9330127,0.21703076,0.5745231,0.9375619,0.32030165,0.60060525,0.6172603,0.3616251,0.0,0.0,0.67242867,1.0,5.0,2021-11-13T22:00:00,EURUSD,H1,3,BUY,10.80979735297749,21,"hit_tp=True,hit_sl=False,regime=3"
0.0008962843,0.0038150514,0.007021805,0.008271268,0.24744575,0.20519552,0.31457478,0.33768862,0.37407517,0.47618872,0.49788398,0.94674,0.23030303,0.672056,0.0,0.512685,0.00068859855,0.90503556,0.9525178,0.0,1.0,0.0,0.37059048,0.017037086,0.41776466,0.37488216,0.99636424,0.13220611,0.2634509,0.86415815,0.39636427,0.0,0.0,0.6766092,-1.0,1.6900000000000002,2021-11-15T13:00:00,EURUSD,H1,3,BUY,-6.771155383566985,8,"hit_tp=False,hit_sl=True,regime=3"
9.038396e-05,0.0040904433,0.0036402573,0.0003500147,0.39197323,0.28826177,0.29849556,0.31376684,0.5187205,0.4831194,0.4192157,0.41987598,0.14220779,0.6318422,0.0,0.48783243,0.00054722565,0.6294487,0.8147243,0.0,1.0,0.0,0.25,0.9330127,0.39582467,0.49210483,0.8,0.0,0.0,0.8,0.39595038,0.0,0.0,0.41194594,1.0,5.0,2021-11-15T22:00:00,EURUSD,H1,3,BUY,7.624452397416714,9,"hit_tp=True,hit_sl=False,regime=3"
-0.00043723514,-0.004553969,-0.002981888,0.0007004879,0.26322174,0.28357485,0.3533146,0.32606488,0.67200637,0.5894916,0.6803957,0.6098335,0.16176656,0.34431168,0.0,0.610856,0.0009346995,0.9244408,0.9622204,0.0,1.0,0.0,0.9330127,0.25,0.6874222,0.50117177,0.4,0.74910927,0.5992874,0.34910923,0.39346123,0.0,0.0,0.44281337,-1.0,1.6900000000000002,2021-11-16T08:00:00,EURUSD,H1,3,BUY,-7.721433686380674,8,"hit_tp=False,hit_sl=True,regime=3"
0.0022462683,0.008247797,0.010375002,0.013972487,0.3322278,0.32835,0.37536886,0.32168642,0.60600966,0.55285555,0.90622556,0.84134084,0.18214895,0.6769524,0.0,0.553676,0.0012510378,0.5446496,0.7723248,0.0,1.0,0.0,0.25,0.9330127,0.77498263,0.5221603,1.0,0.0,0.0,1.0,0.36315483,0.0,0.0,0.72995734,1.0,5.0,2021-11-16T22:00:00,EURUSD,H1,3,BUY,8.181569135272682,12,"hit_tp=True,hit_sl=False,regime=3"
-0.0033026563,-0.006673379,-0.007825145,-0.0023583504,0.3649114,0.3607289,0.33162475,0.32899278,0.47688046,0.4805462,0.47735292,0.45644692,0.3469218,0.26601198,0.0,0.653249,0.0016274587,0.5216345,0.7608172,0.0,1.0,0.0,0.0669873,0.75,0.62652457,0.5872524,0.4,0.8085957,0.6468766,0.4085957,0.40016174,0.0,0.0,0.8531767,-1.0,1.6900000000000002,2021-11-17T20:00:00,EURUSD,H1,3,BUY,-7.1697434420281425,9,"hit_tp=False,hit_sl=True,regime=3"
-0.0015599832,0.0035330486,0.0027317114,0.0025598628,0.33821994,0.40332678,0.38029584,0.3390844,0.41718283,0.45486906,0.5563024,0.6031314,0.15494145,0.31265566,0.0,0.40121335,0.0013476413,0.66470873,0.83235437,0.0,1.0,0.0,0.8535534,0.14644662,0.4892334,0.4859119,0.8,0.9448762,1.0,0.1448762,0.414151,0.0,0.0,0.5255832,-1.0,2.028,2021-11-18T09:00:00,EURUSD,H1,3,BUY,-9.020095083775992,75,"hit_tp=False,hit_sl=True,regime=3"
0.0028590842,0.0005474386,-0.004864671,-0.0053516696,0.47447962,0.43732163,0.3123449,0.3009757,0.39237574,0.44768324,0.019416599,0.23138805,0.1929432,0.63329643,0.0,0.38323906,0.00030044053,0.35284424,0.6764221,0.0,1.0,0.0,0.25,0.0669873,0.067814745,0.55630535,0.70614195,0.6719159,0.948936,0.034226038,0.40946198,0.0,0.4145259,0.3620685,-1.0,1.3,2021-11-21T14:00:00,EURUSD,H1,3,BUY,-7.476537393893423,12,"hit_tp=False,hit_sl=True,regime=3"
0.0027888832,0.0006728582,0.00071837805,0.0031188969,0.24115859,0.26602554,0.23144034,0.32766047,0.33937034,0.50732076,0.3084338,0.5997335,0.1982772,0.64434165,0.0,0.38389143,0.0005227528,0.4248084,0.7124042,0.0,1.0,0.0,0.75,0.0669873,0.26840687,0.4364177,0.7196711,0.8,1.0,0.08032891,0.3740333,0.0,0.0,0.7380215,-1.0,1.3,2021-11-22T10:00:00,EURUSD,H1,3,BUY,-6.460565234205351,17,"hit_tp=False,hit_sl=True,regime=3"
0.0007793111,0.004163794,0.000708383,-0.004262376,0.40152138,0.31955206,0.28786328,0.29874343,0.25946942,0.46715194,0.28596944,0.40457144,0.13928157,0.6347357,0.0,0.12481322,0.0005523704,0.3733677,0.68668383,0.0,1.0,0.0,0.0,0.5,0.2883573,0.52386093,0.81608623,0.0,0.0,0.81608623,0.37301707,0.0,0.0,0.4613808,1.0,5.0,2021-11-23T18:00:00,EURUSD,H1,3,BUY,8.09892288694991,59,"hit_tp=True,hit_sl=False,regime=3"
0.0018244579,0.0011258184,-0.003625506,-0.005721068,0.2562977,0.2603373,0.30792505,0.33240432,0.60552466,0.5302888,0.5536175,0.24308869,0.13273312,0.62682915,0.0,0.6856288,0.0013018886,0.5190037,0.7595019,0.0,1.0,0.0,0.5,0.0,0.6070672,0.51106966,0.9352651,0.7042031,1.0,0.23106202,0.3873024,0.0,0.0,0.35046217,1.0,5.0,2021-11-26T12:00:00,EURUSD,H1,3,BUY,7.3158780217319475,19,"hit_tp=True,hit_sl=False,regime=3"
0.0047178078,0.0019860978,0.0005905073,-0.0009863647,0.34663865,0.36178562,0.31718573,0.36255196,0.27171156,0.39322433,0.2455818,0.28186595,0.19017288,0.6318294,0.0,0.29402345,0.00099349,0.9977564,0.99887824,0.0,1.0,0.0,0.017037086,0.62940955,0.12206556,0.5722976,0.78787076,0.54522836,0.8591389,0.24264239,0.39653432,0.0,0.0,0.52003247,-1.0,1.6900000000000002,2021-11-27T19:00:00,EURUSD,H1,3,BUY,-7.579949509388673,13,"hit_tp=False,hit_sl=True,regime=3"
0.0012412671,-0.00019555248,0.00014094288,0.001236922,0.6155719,0.5691052,0.42989612,0.3669999,0.41214845,0.47231692,0.33148262,0.52097803,0.2780037,0.676909,0.0,0.37135145,0.0006742571,0.672906,0.83645296,0.0,1.0,0.0,0.25,0.0669873,0.30351156,0.5714801,1.0,0.8,1.0,0.2,0.3729929,0.0,0.0,0.6470492,-1.0,1.6900000000000002,2021-11-28T14:00:00,EURUSD,H1,3,BUY,-7.964984061412661,5,"hit_tp=False,hit_sl=True,regime=3"
-0.000957355,-0.0021837433,0.0003862664,-0.001280074,0.42095202,0.45090201,0.44677868,0.35549396,0.42696565,0.5069984,0.33956093,0.53591037,0.22701092,0.35660866,0.0,0.5183203,0.0006321584,0.5118037,0.7559018,0.0,1.0,0.0,0.37059048,0.017037086,0.32856116,0.43940955,0.5435259,0.80467165,0.87471974,0.26114574,0.35648,0.0,0.0,0.5208273,-1.0,1.6900000000000002,2021-11-29T13:00:00,EURUSD,H1,3,BUY,-8.281621364349956,14,"hit_tp=False,hit_sl=True,regime=3"
0.0026269045,0.0028814573,0.0027442866,0.005204986,0.22360978,0.2632768,0.38443562,0.33047432,0.8622766,0.6031528,0.752964,0.7257842,0.13509434,0.633763,0.0,0.684126,0.0011410395,0.68727964,0.8436398,0.0,1.0,0.0,0.37059048,0.9829629,0.7285725,0.3071657,1.0,0.18845384,0.37690768,0.81154615,0.37285233,0.0,0.0,0.8,1.0,5.0,2021-11-30T23:00:00,EURUSD,H1,3,BUY,9.573646752008003,33,"hit_tp=True,hit_sl=False,regime=3"
0.0012676205,6.876481e-05,-0.0013533019,-0.0029035318,0.3381646,0.5446366,0.47174302,0.37979287,0.61812615,0.49499384,0.48059666,0.36464405,0.1142467,0.64697444,0.0,0.39508015,0.0012980755,0.77988476,0.88994235,0.0,1.0,0.0,0.62940955,0.017037086,0.50236595,0.56217974,0.64296335,0.4,0.5143707,0.24296337,0.37371963,0.0,0.0,0.39558393,-1.0,2.028,2021-12-02T11:00:00,EURUSD,H1,3,BUY,-10.248975571411911,39,"hit_tp=False,hit_sl=True,regime=3"
0.003089118,0.00310478,0.0044730846,0.0018375567,0.42081353,0.40491778,0.33348438,0.31721437,0.6863248,0.52899194,0.5082159,0.510534,0.23213573,0.6396755,0.0,0.54694736,0.00080478843,0.96397233,0.98198617,0.0,1.0,0.0,0.9829629,0.37059048,0.52249885,0.57207465,0.879205,0.0,0.0,0.879205,0.35345924,0.0,0.0,1.0,-1.0,2.028,2021-12-05T07:00:00,EURUSD,H1,3,BUY,-7.210729592819209,46,"hit_tp=False,hit_sl=True,regime=3"
-0.0010497591,-0.0014837398,-0.0015864715,0.0022896554,0.15530205,0.17910971,0.27060854,0.32491535,0.634395,0.5396786,0.7734091,0.6512503,0.19724655,0.3173174,0.0,0.5750725,0.00095324113,0.8591644,0.9295822,0.0,1.0,0.0,0.017037086,0.37059048,0.65492475,0.40012038,0.4,0.6630438,0.530435,0.26304382,0.36388835,0.0,0.0,0.99700457,1.0,5.0,2021-12-07T17:00:00,EURUSD,H1,3,BUY,12.472167140624713,10,"hit_tp=True,hit_sl=False,regime=3"
0.00046639342,-0.009205064,-0.0070820395,-0.0059010615,0.33374852,0.30304033,0.32164973,0.305984,0.74950576,0.5430133,0.57732785,0.26576346,0.17156462,0.6561206,0.0,0.84648556,0.002318622,0.45284897,0.72642446,0.0,1.0,0.0,0.75,0.0669873,0.63534075,0.25445747,0.8621074,0.8,1.0,0.062107407,0.36469716,0.0,0.0,0.4228119,1.0,1.56,2021-12-08T10:00:00,EURUSD,H1,3,BUY,5.11279388360375,100,"hit_tp=False,hit_sl=False,regime=3"
0.003239251,0.00089164684,0.0034975978,0.00010594423,0.45664456,0.39521605,0.30913162,0.30877796,0.46358323,0.43573698,0.29845574,0.52619934,0.40358922,0.724396,0.0,0.40299076,0.00057699165,0.91112024,0.9555601,0.0,1.0,0.0,0.75,0.9330127,0.2726401,0.61474115,0.7299788,0.5465303,0.7979111,0.1834485,0.3917116,0.0,0.0,0.6372337,-1.0,2.028,2021-12-13T02:00:00,EURUSD,H1,3,BUY,-7.312457184487364,24,"hit_tp=False,hit_sl=True,regime=3"
0.002347689,0.0039706416,-0.0004514984,0.00045698712,0.41838172,0.44919407,0.40867966,0.37018508,0.46787578,0.5239363,0.5780477,0.48355457,0.14887996,0.6452299,0.0,0.3621964,0.0006209223,0.91740173,0.9587009,0.0,1.0,0.0,0.9330127,0.25,0.47882792,0.5963861,0.6444667,0.1249423,0.1610423,0.5195244,0.37952003,0.0,0.0,0.5678478,-1.0,2.028,2021-12-14T08:00:00,EURUSD,H1,3,BUY,-8.005707723575117,21,"hit_tp=False,hit_sl=True,regime=3"
0.0039269766,0.001611301,-0.0039788485,-0.0043964167,0.4862058,0.4298161,0.36690187,0.3202644,0.55592006,0.48859844,0.19312294,0.21869,0.17808896,0.62983996,0.0,0.52966446,0.00044737832,0.66911995,0.83456,0.0,1.0,0.0,0.0669873,0.75,0.18212785,0.4716324,0.78266,0.24632573,0.3855786,0.5363343,0.4105429,0.0,0.0,0.3990967,1.0,5.0,2021-12-15T20:00:00,EURUSD,H1,3,BUY,9.569218240921273,36,"hit_tp=True,hit_sl=False,regime=3"
-0.0032973785,-0.0031687887,-0.0009142579,0.002456912,0.58560777,0.43262202,0.30856335,0.34416857,0.5526602,0.5310575,0.7253251,0.53581214,0.24779756,0.3450758,0.0,0.53258413,0.00081195653,0.87020695,0.9351035,0.0,1.0,0.0,0.8535534,0.14644662,0.76832294,0.3774906,0.5384429,1.0,1.0,0.46155706,0.3556756,0.0,0.0,0.548277,-1.0,1.6900000000000002,2021-12-17T09:00:00,EURUSD,H1,3,BUY,-7.158493598262705,13,"hit_tp=False,hit_sl=True,regime=3"
-0.0046564825,-0.0020722332,-0.00091159495,0.00095343275,0.53822434,0.35753387,0.36149612,0.3679312,0.62174726,0.5752017,0.79042584,0.6694141,0.13152763,0.36288646,0.0,0.6516312,0.00089923036,0.9833754,0.99168766,0.0,1.0,0.0,0.62940955,0.017037086,0.7134936,0.32610488,0.65625834,0.80028063,1.0,0.14402229,0.40340078,0.0,0.0,0.5325447,1.0,5.0,2021-12-18T11:00:00,EURUSD,H1,3,BUY,8.337492908787603,15,"hit_tp=True,hit_sl=False,regime=3"
-0.005338922,-0.0030586335,-0.0007935315,-0.0029441074,0.57063264,0.45834446,0.38440907,0.3362584,0.655086,0.5185405,0.74008405,0.6192601,0.18204226,0.37769803,0.0,0.65628165,0.001688399,0.39674312,0.6983716,0.0,1.0,0.0,0.37059048,0.017037086,0.73895997,0.5411992,0.9711665,1.0,1.0,0.028833538,0.35902378,0.0,0.0,0.5240785,-1.0,1.3,2021-12-19T13:00:00,EURUSD,H1,3,BUY,-7.878108988852439,18,"hit_tp=False,hit_sl=True,regime=3"
-0.001214306,0.0012220341,-0.0005507983,0.0016284031,0.3116592,0.3208465,0.38406864,0.3385038,0.40257198,0.48164856,0.37904274,0.5568557,0.26790354,0.32588446,0.0,0.65068954,0.0005405393,0.55408967,0.77704483,0.0,1.0,0.0,0.5,0.0,0.40250823,0.38214636,0.71535105,0.38940904,0.5571283,0.32594198,0.38940904,0.0,0.0,0.5343465,1.0,5.0,2021-12-21T12:00:00,EURUSD,H1,3,BUY,11.199938761112804,14,"hit_tp=True,hit_sl=False,regime=3"
0.0014208284,0.0014987807,0.00021152197,0.0007181957,0.31240162,0.3551915,0.31460956,0.30331528,0.504226,0.4943362,0.28285164,0.31157118,0.19879699,0.6647114,0.0,0.5975075,0.0011382021,0.64358675,0.8217934,0.0,1.0,0.0,0.9829629,0.62940955,0.5311218,0.62411755,0.693423,0.38429043,0.5329516,0.30913252,0.4141327,0.0,0.0,0.70599097,-1.0,1.6900000000000002,2021-12-22T05:00:00,EURUSD,H1,3,BUY,-6.763781065164398,6,"hit_tp=False,hit_sl=True,regime=3"
-0.0017025414,0.0013228667,-0.0026407533,-0.004778808,0.4742422,0.3562997,0.36852735,0.34383968,0.3855732,0.44165248,0.274101,0.40665865,0.15692307,0.3752142,0.0,0.35085237,0.0008215437,0.97873616,0.9893681,0.0,1.0,0.0,0.5,0.0,0.2695355,0.47129476,0.43444157,0.93333775,0.8109614,0.49889618,0.4011981,0.0,0.0,0.5175342,-1.0,1.6900000000000002,2021-12-22T12:00:00,EURUSD,H1,3,BUY,-7.655197517990597,6,"hit_tp=False,hit_sl=True,regime=3"
0.0027619712,0.0010263595,0.0038356916,0.0028363937,0.29082677,0.22400858,0.37517613,0.35929438,0.34072626,0.4668511,0.33686712,0.5080692,0.1201278,0.640967,0.0,0.22365475,0.0005494883,0.68239874,0.8411994,0.0,1.0,0.0,0.37059048,0.9829629,0.2778688,0.5489105,0.7652391,0.0,0.0,0.7652391,0.37029207,0.0,0.0,0.6268082,-1.0,2.028,2021-12-22T23:00:00,EURUSD,H1,3,BUY,-8.755701927281034,24,"hit_tp=False,hit_sl=True,regime=3"
0.0008479944,0.0023789452,0.0037117633,0.007095492,0.29606524,0.2528857,0.32290834,0.297056,0.5586553,0.57120025,0.81303054,0.7961331,0.26600307,0.7090061,0.0,0.47908986,0.0006161293,0.728367,0.8641835,0.0,1.0,0.0,0.9829629,0.62940955,0.7216845,0.6665551,0.96179616,0.0,0.0,0.96179616,0.35331675,0.0,0.0,0.73709625,-1.0,1.6900000000000002,2021-12-24T05:00:00,EURUSD,H1,3,BUY,-5.290946853484524,6,"hit_tp=False,hit_sl=True,regime=3"
0.003741602,0.0025172958,0.0028222855,0.0051883534,0.32778028,0.45050102,0.46440062,0.37195554,0.48077208,0.52993363,0.5231126,0.6946494,0.16210374,0.62965786,0.0,0.67689323,0.00065781706,0.94498396,0.972492,0.0,1.0,0.0,0.0,0.5,0.44138458,0.25903878,1.0,0.8,1.0,0.2,0.40464962,0.0,0.0,0.8,-1.0,1.6900000000000002,2021-12-24T18:00:00,EURUSD,H1,3,BUY,-7.135140663909745,20,"hit_tp=False,hit_sl=True,regime=3"
0.003112281,0.0009860273,0.0024940271,-0.007725,0.46512148,0.4829053,0.43555474,0.37233576,0.30911636,0.3842232,0.21072686,0.2848914,0.14704712,0.6329275,0.0,0.43001944,0.00031309912,0.41431567,0.70715785,0.0,1.0,0.0,0.017037086,0.37059048,0.16924389,0.44582686,0.74396855,0.5879919,0.874895,0.15597668,0.38976347,0.0,0.45654726,0.6767945,-1.0,1.3,2021-12-25T17:00:00,EURUSD,H1,3,BUY,-7.517707309712129,10,"hit_tp=False,hit_sl=True,regime=3"
0.0033541722,0.007013713,0.005702942,0.0037458222,0.47263375,0.4848246,0.45616913,0.3817868,0.57797337,0.57789093,0.90259373,0.47282302,0.24371773,0.67183936,0.0,0.51965255,0.0007454037,0.6976421,0.84882104,0.0,1.0,0.0,0.14644662,0.14644662,0.56018966,0.477541,1.0,0.5353525,1.0,0.46464747,0.36028582,0.0,0.0,0.6418121,1.0,5.0,2021-12-26T15:00:00,EURUSD,H1,3,BUY,10.795283526394694,28,"hit_tp=True,hit_sl=False,regime=3"
0.002799803,0.001281282,-0.00020707518,0.0019678045,0.25491616,0.24560405,0.31590688,0.3042819,0.596696,0.41705215,0.35129747,0.35464936,0.20464744,0.64994913,0.0,0.7342916,0.0023830007,0.38617423,0.6930871,0.0,1.0,0.0,0.5,1.0,0.45402694,0.52661395,0.80731463,0.8846939,1.0,0.077379264,0.38568103,0.0,0.0,0.4892997,1.0,3.9000000000000004,2021-12-29T00:00:00,EURUSD,H1,3,BUY,8.851733088370839,15,"hit_tp=True,hit_sl=False,regime=3"
0.0011509706,0.005040965,0.0035482456,-0.0013188282,0.29259503,0.33662063,0.3520137,0.36939225,0.69337374,0.48922387,0.6449642,0.44054833,0.18538813,0.65824205,0.0,0.71471137,0.0022460718,0.41519564,0.7075978,0.0,1.0,0.0,0.62940955,0.9829629,0.6596998,0.5475693,1.0,0.19374879,0.38749757,0.8062512,0.38555747,0.0,0.0,0.50572044,-1.0,2.028,2021-12-30T01:00:00,EURUSD,H1,3,BUY,-9.322291069426836,86,"hit_tp=False,hit_sl=True,regime=3"
0.0018741803,0.0065492257,0.0044591785,0.0003533216,0.41468734,0.3199532,0.35062432,0.36156893,0.47103408,0.54659677,0.55590004,0.52475995,0.20437774,0.693024,0.0,0.38953492,0.00050065457,0.4335642,0.7167821,0.0,1.0,0.0,0.14644662,0.14644662,0.39669704,0.60788107,1.0,0.20633991,0.41267982,0.7936601,0.35038036,0.0,0.0,0.5301997,-1.0,1.6900000000000002,2022-01-03T15:00:00,EURUSD,H1,3,BUY,-7.247991001280152,7,"hit_tp=False,hit_sl=True,regime=3"
-0.0045842184,-0.0017350188,-0.0030466013,-0.003917437,0.60831314,0.43518987,0.36715972,0.34548208,0.4689649,0.56507516,0.66152215,0.4627834,0.23045897,0.30193666,0.0,0.6437443,0.0005261896,0.42256457,0.7112823,0.0,1.0,0.0,0.37059048,0.9829629,0.75235367,0.5883532,0.6896673,1.0,1.0,0.31033272,0.4109705,0.0,0.0,0.7145166,-1.0,1.56,2022-01-03T23:00:00,EURUSD,H1,3,BUY,-8.016412299292064,35,"hit_tp=False,hit_sl=True,regime=3"
0.00017416857,0.0044911895,0.0006811017,-0.0069719446,0.5928973,0.49442282,0.37193066,0.38088316,0.26180992,0.41308025,0.26307413,0.29709053,0.23810276,0.6893451,0.0,0.14709605,0.00030531432,0.3759449,0.6879725,0.0,1.0,0.0,0.5,0.0,0.22362587,0.50281245,0.5510772,0.15765437,0.17375946,0.3934228,0.39413592,0.0,0.0,0.41259146,-1.0,1.56,2022-01-05T12:00:00,EURUSD,H1,3,BUY,-6.710782655285907,66,"hit_tp=False,hit_sl=True,regime=3"
2.286154e-05,0.003929385,0.0015691891,-0.00082251715,0.62702197,0.57066387,0.43137443,0.36701664,0.43620387,0.47013173,0.436037,0.46565375,0.25902224,0.6713762,0.0,0.3369474,0.00064318517,0.9620964,0.98104817,0.0,1.0,0.0,0.9829629,0.37059048,0.38899356,0.53341746,0.62070626,0.6,0.74484754,0.020706277,0.38520664,0.0,0.0,0.4021814,1.0,5.0,2022-01-08T07:00:00,EURUSD,H1,3,BUY,11.303108604692191,20,"hit_tp=True,hit_sl=False,regime=3"
-0.0018254683,0.0017190847,0.00066013436,0.0061505227,0.5304395,0.38313335,0.28297722,0.27901736,0.71864724,0.6009299,0.7781059,0.5263079,0.1157197,0.35702103,0.0,0.9200361,0.0010691829,0.74050814,0.87025404,0.0,1.0,0.0,0.9829629,0.62940955,0.8368719,0.43033612,0.8,0.41265976,0.6602556,0.38734025,0.41265976,0.0,0.0,0.5703803,1.0,5.0,2022-01-09T05:00:00,EURUSD,H1,3,BUY,7.211941342517569,8,"hit_tp=True,hit_sl=False,regime=3"
-0.0017842654,-0.0008117309,-0.0038175276,-0.0036378752,0.25141656,0.18219468,0.2262729,0.301538,0.7546355,0.5413054,0.63304347,0.28468788,0.18812382,0.32747757,0.0,0.70869005,0.0019528383,0.35143653,0.67571825,0.0,1.0,0.0,0.0669873,0.75,0.7051971,0.517803,0.818362,1.0,1.0,0.18163797,0.3584642,0.0,0.0,0.585762,1.0,3.9000000000000004,2022-01-09T20:00:00,EURUSD,H1,3,BUY,6.105986374780326,5,"hit_tp=True,hit_sl=False,regime=3"
0.0007987846,0.0004920561,-0.0022545592,-0.0039196727,0.3107127,0.22905447,0.29418457,0.29889402,0.45809793,0.35825962,0.17774881,0.2660646,0.35319895,0.7318738,0.0,0.33959714,0.0020832943,0.61033285,0.8051664,0.0,1.0,0.0,0.5,0.0,0.33981642,0.55357337,0.93404514,0.4,0.74723613,0.53404516,0.40475127,0.0,0.0,0.32440585,-1.0,1.6900000000000002,2022-01-10T12:00:00,EURUSD,H1,3,BUY,-5.778084988294907,20,"hit_tp=False,hit_sl=True,regime=3"
0.0035209982,0.007310982,0.0048748525,0.0044302307,0.41690403,0.34906653,0.37618643,0.34017083,0.4544913,0.47877932,0.46283805,0.44059137,0.15473196,0.6372448,0.0,0.342648,0.00053007656,0.72431016,0.8621551,0.0,1.0,0.0,0.017037086,0.37059048,0.36902112,0.5064367,0.9859707,0.27823266,0.54865843,0.707738,0.37852463,0.0,0.0,0.6167952,1.0,5.0,2022-01-11T17:00:00,EURUSD,H1,3,BUY,9.1764134452621,7,"hit_tp=True,hit_sl=False,regime=3"
-0.0037439945,-0.0024291307,-0.0030847439,0.0022126893,0.3362437,0.2577191,0.3249093,0.33611095,0.8591681,0.604878,0.7122463,0.56624454,0.18915202,0.35308185,0.0,0.9354767,0.001286815,0.46455812,0.73227906,0.0,1.0,0.0,0.9829629,0.62940955,0.7869997,0.44426453,0.66741526,0.97451556,1.0,0.30710036,0.35004643,0.0,0.4642274,0.7930913,-1.0,1.56,2022-01-12T05:00:00,EURUSD,H1,3,BUY,-7.635047039369347,26,"hit_tp=False,hit_sl=True,regime=3"
0.00028991737,0.0016013082,-0.0017825163,-0.0076544224,0.2961252,0.2560966,0.35341355,0.31490824,0.14185281,0.39803723,0.20373456,0.26858488,0.11336453,0.62838095,0.0,0.23680174,0.00039965226,0.46228763,0.73114383,0.0,1.0,0.0,0.0669873,0.25,0.19351654,0.55891085,0.8922324,0.0,0.0,0.8922324,0.36985576,0.0,0.0,0.43489397,1.0,5.0,2022-01-13T16:00:00,EURUSD,H1,3,BUY,8.65713807367774,7,"hit_tp=True,hit_sl=False,regime=3"
-0.00058040867,-0.0023090153,0.0027869465,0.00039440015,0.5035239,0.4786692,0.38463035,0.3541068,0.49309066,0.56868035,0.70845526,0.6165002,0.17206244,0.3771374,0.0,0.46483934,0.00081945234,0.948279,0.9741395,0.0,1.0,0.0,0.5,1.0,0.59982085,0.6228085,0.5823112,0.42337722,0.4930746,0.158934,0.41001993,0.0,0.0,0.44702893,1.0,5.0,2022-01-14T00:00:00,EURUSD,H1,3,BUY,8.766289176060926,6,"hit_tp=True,hit_sl=False,regime=3"
0.0018160241,0.0015048642,0.0009860749,-0.0020860669,0.2442731,0.34707126,0.43822983,0.3793322,0.69073385,0.5228622,0.5301343,0.35887054,0.16371971,0.6480495,0.0,0.56345195,0.0012230685,0.58690804,0.79345405,0.0,1.0,0.0,0.37059048,0.017037086,0.5853125,0.58360445,1.0,0.43029392,0.86058784,0.5697061,0.37801048,0.0,0.0,0.6,0.0,1.56,2022-01-14T13:00:00,EURUSD,H1,3,BUY,1.6813271999782664,100,"hit_tp=False,hit_sl=False,regime=3"
-0.002450262,-0.0043999134,0.00030252445,0.002407584,0.3244572,0.32093012,0.34592044,0.30979192,0.677974,0.5670757,0.7736062,0.71711767,0.24547398,0.29555187,0.0,0.7491916,0.00090644485,0.60542274,0.80271137,0.0,1.0,0.0,0.25,0.9330127,0.8284489,0.48924848,0.4,0.31230512,0.24984409,0.08769488,0.3903814,0.0,0.0,0.5614994,1.0,5.0,2022-01-18T22:00:00,EURUSD,H1,3,BUY,7.999063986721122,25,"hit_tp=True,hit_sl=False,regime=3"
0.0035709597,0.0033151,-0.0008956011,0.0014473293,0.60067725,0.43953758,0.42993072,0.36352694,0.7593128,0.54973704,0.63749325,0.3962089,0.12642731,0.630621,0.0,0.7576535,0.0013522276,0.56131566,0.7806578,0.0,1.0,0.0,0.9829629,0.62940955,0.65667987,0.54364455,1.0,0.6,1.0,0.4,0.35895517,0.0,0.0,0.46656492,1.0,5.0,2022-01-20T05:00:00,EURUSD,H1,3,BUY,10.166805665914325,23,"hit_tp=True,hit_sl=False,regime=3"
-0.0011680946,0.0020398034,0.0042181676,-0.00082691846,0.29054818,0.38047668,0.35168877,0.29211575,0.3479452,0.49634305,0.45152098,0.45062476,0.16715468,0.34521493,0.0,0.44088858,0.00033843925,0.4001227,0.7000614,0.0,1.0,0.0,0.0669873,0.25,0.4764516,0.616024,0.4180342,0.6064411,0.50702626,0.18840688,0.3547408,0.0,0.0,0.30694836,-1.0,1.3,2022-01-25T16:00:00,EURUSD,H1,3,BUY,-6.363855470512547,4,"hit_tp=False,hit_sl=True,regime=3"
7.145166e-05,0.0018778638,0.00017027685,-0.0019000687,0.5261108,0.4233764,0.401269,0.33073065,0.4436833,0.49989754,0.4147391,0.49309164,0.27874884,0.68183005,0.0,0.45361435,0.00053339166,0.5382981,0.76914907,0.0,1.0,0.0,0.14644662,0.8535534,0.36764953,0.58120084,0.40063143,0.2061667,0.16519372,0.19446471,0.39876363,0.0,0.0,0.41195804,1.0,5.0,2022-01-25T21:00:00,EURUSD,H1,3,BUY,10.140326272267686,11,"hit_tp=True,hit_sl=False,regime=3"
-0.0033804397,0.002650257,0.0060292087,0.0061015547,0.7202932,0.55431455,0.42473373,0.3957366,0.7187932,0.61560035,0.90098715,0.71181196,0.23812376,0.35190305,0.0,0.7143032,0.0012919699,0.43145898,0.7157295,0.0,1.0,0.0,0.8535534,0.14644662,0.9644973,0.49037006,0.92372227,0.34310538,0.63386816,0.5806169,0.4046528,0.5389487,0.4280938,0.358616,1.0,5.0,2022-01-26T09:00:00,EURUSD,H1,3,BUY,13.059152373606775,39,"hit_tp=True,hit_sl=False,regime=3"
-0.005414114,-0.007265254,-0.0052917446,-0.0029491072,0.67695594,0.6260948,0.52063763,0.3603703,0.3609782,0.40264097,0.28304031,0.4369528,0.16861539,0.3408751,0.0,0.5865657,0.0012009976,0.85957026,0.92978513,0.0,1.0,0.0,0.017037086,0.62940955,0.3690274,0.46540284,0.4,0.4039177,0.32313415,0.0039176997,0.4039177,0.0,0.0,0.7515603,1.0,5.0,2022-01-28T19:00:00,EURUSD,H1,3,BUY,10.626888255411693,11,"hit_tp=True,hit_sl=False,regime=3"
-0.0027631847,0.00038206083,-0.00043441975,0.0072987624,0.49815992,0.42051095,0.38956973,0.35771418,0.70424557,0.6453228,0.77558076,0.6815016,0.14734384,0.3539455,0.0,0.5787895,0.001576069,0.35623857,0.6781193,0.0,1.0,0.0,0.017037086,0.37059048,0.8534791,0.4986404,0.8,0.66395354,1.0,0.13604647,0.36300296,0.0,0.40975666,0.6465388,-1.0,1.3,2022-01-30T17:00:00,EURUSD,H1,3,BUY,-7.02192796318668,18,"hit_tp=False,hit_sl=True,regime=3"
0.0026071337,0.00083982537,-0.0009474348,-0.0043086405,0.20271589,0.1630109,0.23847164,0.30366057,0.37090564,0.37996924,0.19071336,0.17694317,0.17019475,0.6192846,0.0,0.32438633,0.0008245677,0.9385823,0.96929115,0.0,1.0,0.0,0.5,0.0,0.11154412,0.52311754,0.745877,0.3224865,0.48107052,0.42339054,0.4031081,0.5453324,0.0,0.45386428,1.0,5.0,2022-01-31T12:00:00,EURUSD,H1,3,BUY,5.771290552423203,23,"hit_tp=True,hit_sl=False,regime=3"
-0.002442549,-0.00020935314,0.004593441,0.008972787,0.5595872,0.41955894,0.39537087,0.36215025,0.5172448,0.58892286,0.90678144,0.79592353,0.2702011,0.32403362,0.0,0.6070106,0.000913151,0.81843257,0.9092163,0.0,1.0,0.0,0.5,0.0,0.93589246,0.51157993,0.66701853,0.3879187,0.51749796,0.2790998,0.3879187,0.0,0.0,0.35464182,-1.0,1.6900000000000002,2022-02-01T12:00:00,EURUSD,H1,3,BUY,-7.1553767058096795,3,"hit_tp=False,hit_sl=True,regime=3"
0.0035055997,0.0007793396,0.000296901,-0.006266279,0.36947113,0.38282365,0.45608637,0.38677913,0.38330835,0.4258285,0.17017174,0.3063417,0.16034482,0.64519155,0.0,0.41606277,0.00033691322,0.48432097,0.7421605,0.0,1.0,0.0,0.37059048,0.9829629,0.1782926,0.590066,0.714319,0.16495405,0.23565963,0.549365,0.41238514,0.0,0.46252292,0.51326776,-1.0,1.6900000000000002,2022-02-01T23:00:00,EURUSD,H1,3,BUY,-9.607929297197337,5,"hit_tp=False,hit_sl=True,regime=3"
0.005941323,0.003923957,0.0018430926,0.010106198,0.58155906,0.49698418,0.40584365,0.3768029,0.4364336,0.5276144,0.38030928,0.5149251,0.16158845,0.6343645,0.0,0.43862438,0.0005382198,0.40810543,0.70405275,0.0,1.0,0.0,0.9330127,0.75,0.27066973,0.58065313,1.0,0.4653061,0.9306122,0.5346939,0.41699606,0.0,0.0,0.5550881,1.0,5.0,2022-02-04T04:00:00,EURUSD,H1,3,BUY,8.683462155949506,15,"hit_tp=True,hit_sl=False,regime=3"
-0.0024042877,0.0005814057,0.0015375542,0.0025904153,0.4069399,0.3824952,0.2995279,0.35024473,0.66098887,0.5421026,0.86063254,0.57520163,0.23852648,0.3159858,0.0,0.7247425,0.0014206114,0.48022413,0.74011207,0.0,1.0,0.0,0.9829629,0.37059048,0.82732856,0.40411693,0.74201185,0.39809376,0.59078056,0.34391806,0.39809376,0.0,0.0,0.427326,-1.0,1.6900000000000002,2022-02-05T07:00:00,EURUSD,H1,3,BUY,-7.496452422275368,10,"hit_tp=False,hit_sl=True,regime=3"
-0.00082725193,0.00043418136,0.0002631778,-0.0027386239,0.37402123,0.3213322,0.33007488,0.33866045,0.41683435,0.4360842,0.3102192,0.44692916,0.2267388,0.3286231,0.0,0.4964288,0.0011138477,0.80876714,0.90438354,0.0,1.0,0.0,0.0,0.5,0.36113736,0.40596116,0.9374177,0.67630935,1.0,0.2611083,0.35697854,0.0,0.0,0.61965805,1.0,5.0,2022-02-05T18:00:00,EURUSD,H1,3,BUY,11.296007744163727,32,"hit_tp=True,hit_sl=False,regime=3"
0.0027586638,0.0022384094,0.005660018,0.0030990443,0.28598493,0.29028517,0.34121385,0.32026592,0.5253948,0.49526268,0.6683848,0.671556,0.23385336,0.66935045,0.0,0.43014047,0.0011870954,0.69615173,0.84807587,0.0,1.0,0.0,0.0669873,0.25,0.541206,0.47770622,1.0,0.25161314,0.5032263,0.74838686,0.3660661,0.0,0.0,0.64705944,-1.0,1.6900000000000002,2022-02-07T16:00:00,EURUSD,H1,3,BUY,-6.67949772789056,5,"hit_tp=False,hit_sl=True,regime=3"
0.0032060002,0.002544718,0.004284524,0.0013068082,0.29894075,0.2888345,0.328808,0.32953197,0.26501027,0.457941,0.3116331,0.46898848,0.17152925,0.6514468,0.0,0.36529163,0.0004018379,0.37418073,0.68709034,0.0,1.0,0.0,0.0,0.5,0.22016566,0.4983337,1.0,0.24094895,0.4818979,0.7590511,0.37779203,0.0,0.0,0.7430899,-1.0,1.6900000000000002,2022-02-08T18:00:00,EURUSD,H1,3,BUY,-7.41895903380696,5,"hit_tp=False,hit_sl=True,regime=3"
0.0029713623,0.003722033,0.005331259,0.0074483724,0.5365108,0.5044797,0.3704652,0.3925029,0.87089115,0.6314301,0.8241023,0.63529307,0.20819367,0.6429669,0.0,0.7740369,0.0012932712,0.87395966,0.93697983,0.0,1.0,0.0,0.75,0.9330127,0.8162567,0.50328934,1.0,0.0,0.0,1.0,0.36510554,0.0,0.0,0.9344474,1.0,5.0,2022-02-10T02:00:00,EURUSD,H1,3,BUY,9.882699278549456,6,"hit_tp=True,hit_sl=False,regime=3"
-0.0037388336,-7.0153365e-05,-0.0029646743,-0.0047003757,0.2053558,0.26531336,0.32645413,0.34323528,0.4267476,0.44958746,0.3012637,0.24723637,0.25761774,0.32914934,0.0,0.41963407,0.00234268,0.43282843,0.7164142,0.0,1.0,0.0,0.5,1.0,0.6302123,0.55204433,0.5690008,0.26701066,0.30385858,0.30199012,0.36170295,0.0,0.0,0.6177549,1.0,1.56,2022-02-12T00:00:00,EURUSD,H1,3,BUY,8.548978996372192,100,"hit_tp=False,hit_sl=False,regime=3"
-0.00042643884,0.0015259879,0.0022018622,-0.0034795606,0.21280581,0.24485211,0.22322357,0.28965813,0.38859674,0.46212178,0.27549744,0.39364034,0.3149004,0.26389286,0.0,0.46004945,0.00027113355,0.35028055,0.67514026,0.0,1.0,0.0,0.0669873,0.25,0.29634538,0.48786592,0.4936656,0.40733334,0.40217292,0.08633227,0.40733334,0.0,0.0,0.28376722,1.0,3.9000000000000004,2022-02-17T16:00:00,EURUSD,H1,3,BUY,6.142423244555051,6,"hit_tp=True,hit_sl=False,regime=3"
0.003266484,0.0064191394,0.008124856,0.009721297,0.3221113,0.44740373,0.4782295,0.36636996,0.8961146,0.633883,0.92065924,0.7842711,0.2524125,0.66706675,0.0,0.8145625,0.0013947801,0.35096088,0.6754804,0.0,1.0,0.0,0.9829629,0.62940955,0.8759819,0.4076354,0.7704561,0.0,0.0,0.7704561,0.3867719,0.0,0.0,0.84128,1.0,5.0,2022-02-18T05:00:00,EURUSD,H1,3,BUY,10.257686309884662,75,"hit_tp=True,hit_sl=False,regime=3"
0.0017543734,0.00013406643,-0.0011979828,-0.006143927,0.5847475,0.46801752,0.4311697,0.36761862,0.6058353,0.48588696,0.4075877,0.35096535,0.19398612,0.6503298,0.0,0.59932786,0.0008487673,0.912039,0.9560195,0.0,1.0,0.0,0.25,0.0669873,0.4881035,0.5811044,0.6413513,0.55009717,0.70561105,0.09125407,0.3747949,0.0,0.0,0.4236337,-1.0,1.6900000000000002,2022-02-21T14:00:00,EURUSD,H1,3,BUY,-8.975623933260568,17,"hit_tp=False,hit_sl=True,regime=3"
0.0029191612,0.00451612,0.006434948,-0.0016083977,0.29398617,0.26347113,0.3315303,0.31252152,0.37998852,0.45179823,0.37388632,0.57132876,0.1541594,0.6618935,0.0,0.39203647,0.000553129,0.5771831,0.78859156,0.0,1.0,0.0,0.37059048,0.017037086,0.2916911,0.49450862,0.40391052,0.0,0.0,0.40391052,0.40391052,0.0,0.0,0.8722327,1.0,5.0,2022-02-22T13:00:00,EURUSD,H1,3,BUY,7.924980193920739,23,"hit_tp=True,hit_sl=False,regime=3"
0.0024251274,0.0020514573,0.0028936865,0.005000602,0.48263463,0.34551334,0.34161466,0.33409467,0.6944858,0.5581269,0.7823967,0.5858871,0.17820945,0.6234125,0.0,0.7265872,0.0010255324,0.7057099,0.85285497,0.0,1.0,0.0,0.5,0.0,0.71760356,0.4649202,1.0,0.0,0.0,1.0,0.39912283,0.0,0.0,0.7996488,1.0,5.0,2022-02-24T12:00:00,EURUSD,H1,3,BUY,8.975271841642485,14,"hit_tp=True,hit_sl=False,regime=3"
0.0025759242,0.0040079397,0.002155826,-0.0013133424,0.1861494,0.2932648,0.30644426,0.32036415,0.6547546,0.47983798,0.5313198,0.4283182,0.24017946,0.77582735,0.0,0.4980975,0.0019255753,0.4113859,0.70569295,0.0,1.0,0.0,0.25,0.0669873,0.5949319,0.59942245,0.40723556,0.5385182,0.4386075,0.13128263,0.40723556,0.0,0.0,0.6637717,1.0,4.680000000000001,2022-02-25T14:00:00,EURUSD,H1,3,BUY,8.498305817719043,23,"hit_tp=True,hit_sl=False,regime=3"
-0.005280749,-0.004225672,-0.0045298254,-0.0073336856,0.4653185,0.3838784,0.41339377,0.3535965,0.4922483,0.4638994,0.47608843,0.4098643,0.21336478,0.33157432,0.0,0.49784005,0.0014838688,0.5957518,0.79787594,0.0,1.0,0.0,0.0,0.5,0.6304022,0.5961977,0.8,1.0,1.0,0.2,0.3942574,0.0,0.0,0.8,1.0,5.0,2022-02-26T18:00:00,EURUSD,H1,3,BUY,10.35636916423055,11,"hit_tp=True,hit_sl=False,regime=3"
0.0028221952,0.000970478,0.0028447362,0.004504622,0.39089134,0.3122903,0.29791737,0.30335173,0.6606012,0.529643,0.79028684,0.6220671,0.16821429,0.6717942,0.0,0.7086867,0.0010318147,0.9543195,0.97715974,0.0,1.0,0.0,0.017037086,0.62940955,0.6256658,0.5123507,0.947549,0.53337383,1.0,0.41417512,0.36193573,0.0,0.0,0.6586009,-1.0,1.6900000000000002,2022-02-28T19:00:00,EURUSD,H1,3,BUY,-6.5927754739147915,15,"hit_tp=False,hit_sl=True,regime=3"
2.7887912e-05,0.002890979,0.0004563685,-0.0018141435,0.1626221,0.26244918,0.35482043,0.3418336,0.29941264,0.43443808,0.28294107,0.32132712,0.25432432,0.72377264,0.0,0.22382005,0.00035416504,0.42335534,0.7116777,0.0,1.0,0.0,0.62940955,0.017037086,0.26249814,0.54267466,0.55680275,0.4,0.4454422,0.15680276,0.40594754,0.0,0.0,0.40314242,1.0,4.680000000000001,2022-03-01T11:00:00,EURUSD,H1,3,BUY,9.261258677275563,35,"hit_tp=True,hit_sl=False,regime=3"
0.0027186552,0.0004701486,-0.0016158215,0.008877827,0.5745978,0.48784587,0.39276722,0.35795155,0.61870176,0.59689707,0.7296043,0.6599408,0.1216707,0.61980426,0.0,0.43647394,0.0012172771,0.44594988,0.72297496,0.0,1.0,0.0,0.62940955,0.9829629,0.7274701,0.5163917,0.7015204,0.5019691,0.7042831,0.19955124,0.40302056,0.0,0.0,0.4312605,1.0,3.9000000000000004,2022-03-03T01:00:00,EURUSD,H1,3,BUY,7.710373534774995,18,"hit_tp=True,hit_sl=False,regime=3"
-0.0046337564,-0.0030758164,-0.0032140068,-0.0054886285,0.21174829,0.27832618,0.34299648,0.31506,0.42565006,0.40869156,0.26124603,0.34846845,0.19949196,0.35002765,0.0,0.2868344,0.001816472,0.52520245,0.7626012,0.0,1.0,0.0,0.14644662,0.8535534,0.4942599,0.4659761,0.8,1.0,1.0,0.2,0.373167,0.0,0.0,0.8,1.0,3.9000000000000004,2022-03-04T21:00:00,EURUSD,H1,3,BUY,6.738743744241216,18,"hit_tp=True,hit_sl=False,regime=3"
0.0013962163,0.000698735,0.0007561697,-0.005422643,0.48856497,0.5876983,0.4966197,0.3842412,0.3386443,0.43141696,0.17928559,0.25176352,0.14594954,0.62808603,0.0,0.26053607,0.00055251917,0.76792353,0.8839618,0.0,1.0,0.0,0.9330127,0.75,0.25427005,0.547756,0.83364457,0.9572095,1.0,0.12356499,0.39302388,0.0,0.0,0.7894401,-1.0,1.6900000000000002,2022-03-06T04:00:00,EURUSD,H1,3,BUY,-8.803019860530448,9,"hit_tp=False,hit_sl=True,regime=3"
0.0021692426,0.00023240484,0.0029148585,-0.00015230992,0.27003708,0.21950285,0.2538101,0.30540174,0.3295301,0.46198225,0.31761086,0.5909195,0.29385576,0.6979632,0.0,0.37084335,0.00046688382,0.4133783,0.7066891,0.0,1.0,0.0,0.62940955,0.9829629,0.26389843,0.52956665,1.0,0.12881123,0.25762245,0.87118876,0.35521817,0.0,0.0,0.59173125,-1.0,1.6900000000000002,2022-03-07T01:00:00,EURUSD,H1,3,BUY,-7.730884561936158,19,"hit_tp=False,hit_sl=True,regime=3"
0.003657676,0.0018271469,0.00025972447,0.003974134,0.38676822,0.33131656,0.3667352,0.31327754,0.45948833,0.53531706,0.33310515,0.39450786,0.1691954,0.63035786,0.0,0.4895799,0.00039475068,0.38353088,0.6917654,0.0,1.0,0.0,0.14644662,0.14644662,0.27618864,0.32901993,0.8330558,0.50863487,0.8474425,0.3244209,0.40130356,0.0,0.0,0.511045,-1.0,1.56,2022-03-08T15:00:00,EURUSD,H1,3,BUY,-8.180143147074048,83,"hit_tp=False,hit_sl=True,regime=3"
0.0014778099,0.0054300097,0.0030927726,-0.0057672053,0.3473268,0.40731335,0.3586763,0.3424584,0.22634934,0.417556,0.27558795,0.28006428,0.20604534,0.64603233,0.0,0.20157886,0.00044537606,0.4907136,0.7453568,0.0,1.0,0.0,0.9829629,0.62940955,0.23967053,0.5899278,1.0,0.23853749,0.47707498,0.7614625,0.39756247,0.0,0.0,0.51418483,1.0,5.0,2022-03-12T05:00:00,EURUSD,H1,3,BUY,8.898623632556113,29,"hit_tp=True,hit_sl=False,regime=3"
-0.0005410608,0.0072818743,0.0051944186,0.009427722,0.32695866,0.41828862,0.33571845,0.3350036,0.7877479,0.6071368,0.9825266,0.8411653,0.1703204,0.37133604,0.0,0.8487651,0.0013355273,0.36784127,0.6839206,0.0,1.0,0.0,0.62940955,0.017037086,0.8564491,0.596788,0.9394873,0.42509317,0.79873925,0.5143941,0.3860775,0.0,0.0,0.43107387,1.0,5.0,2022-03-13T11:00:00,EURUSD,H1,3,BUY,7.641651094023594,7,"hit_tp=True,hit_sl=False,regime=3"
-0.0032642446,0.0006314824,-0.0016094156,0.0055655222,0.3504235,0.42557597,0.36646926,0.38078526,0.34692353,0.4359452,0.47772342,0.46464795,0.18550265,0.29249588,0.0,0.41747254,0.0013774466,0.803303,0.9016515,0.0,1.0,0.0,0.9829629,0.37059048,0.48629117,0.48559588,0.6318148,0.6469168,0.8174632,0.015102059,0.3713195,0.0,0.0,0.60834503,-1.0,1.6900000000000002,2022-03-14T07:00:00,EURUSD,H1,3,BUY,-8.737864602375023,13,"hit_tp=False,hit_sl=True,regime=3"
0.0008777355,0.0014389803,0.0021397357,0.0019866277,0.29355466,0.2537067,0.3478813,0.31016272,0.23008862,0.45990402,0.399989,0.62082016,0.18535353,0.6277724,0.0,0.35094532,0.00039702235,0.3684948,0.68424743,0.0,1.0,0.0,0.9829629,0.62940955,0.33539695,0.3746336,0.51791996,0.0,0.0,0.51791996,0.3589205,0.0,0.0,0.8461394,1.0,5.0,2022-03-15T05:00:00,EURUSD,H1,3,BUY,8.949617535702892,14,"hit_tp=True,hit_sl=False,regime=3"
0.0052658427,0.005222493,0.0005492176,-0.0007127133,0.62001574,0.5375204,0.40444976,0.37933853,0.59461796,0.5492769,0.53831416,0.4244048,0.21541126,0.65158075,0.0,0.5198912,0.000860712,0.79923743,0.89961874,0.0,1.0,0.0,0.25,0.9330127,0.5190541,0.39402267,1.0,0.6,1.0,0.4,0.38669685,0.0,0.0,0.5165094,-1.0,2.028,2022-03-15T22:00:00,EURUSD,H1,3,BUY,-8.997502788856693,24,"hit_tp=False,hit_sl=True,regime=3"
0.0022668128,0.0012886196,-0.0023160416,-0.008195385,0.48195627,0.38369897,0.3784785,0.36341885,0.248309,0.41666344,0.16874473,0.27147213,0.1588146,0.6290923,0.0,0.35104647,0.0003974275,0.4128632,0.7064316,0.0,1.0,0.0,1.0,0.5,0.15515333,0.57268775,0.8862493,0.23728554,0.4205883,0.6489638,0.3954759,0.0,0.0,0.39854705,-1.0,1.6900000000000002,2022-03-17T06:00:00,EURUSD,H1,3,BUY,-8.677067251170456,4,"hit_tp=False,hit_sl=True,regime=3"
0.0016919827,0.004699902,0.0077752927,0.003968759,0.3834068,0.3952591,0.36718217,0.33633485,0.3889676,0.4901289,0.44541222,0.79970986,0.21897675,0.65103334,0.0,0.46590495,0.00082002487,0.67761165,0.83880585,0.0,1.0,0.0,0.37059048,0.017037086,0.36927935,0.5127474,0.72819763,0.0,0.0,0.72819763,0.39432016,0.0,0.0,0.7306057,1.0,5.0,2022-03-17T13:00:00,EURUSD,H1,3,BUY,11.324298592791937,20,"hit_tp=True,hit_sl=False,regime=3"
-0.002598142,-0.0009333875,0.0023099268,0.0016233466,0.39084336,0.34385407,0.24119653,0.33354577,0.7253313,0.55399966,0.74629664,0.6469519,0.3044014,0.28139442,0.0,0.6803202,0.0014797858,0.6154109,0.80770546,0.0,1.0,0.0,0.75,0.0669873,0.81842875,0.5555422,0.7716141,1.0,1.0,0.22838591,0.403892,0.0,0.0,0.4076949,-1.0,1.6900000000000002,2022-03-18T10:00:00,EURUSD,H1,3,BUY,-8.303667464668596,8,"hit_tp=False,hit_sl=True,regime=3"
-0.000809452,0.0021267787,0.00015074204,-0.0048402552,0.23431571,0.21523544,0.28185746,0.3005455,0.26004478,0.45653212,0.277462,0.36351907,0.20907298,0.35900486,0.0,0.2889918,0.00052178605,0.5527087,0.7763544,0.0,1.0,0.0,0.9330127,0.75,0.3213994,0.43130678,0.5981321,0.6031142,0.7214839,0.0049821367,0.3961569,0.0,0.0,0.48489112,1.0,3.9000000000000004,2022-03-19T04:00:00,EURUSD,H1,3,BUY,8.234012321548523,4,"hit_tp=True,hit_sl=False,regime=3"
0.0032330363,0.0015542202,0.004138685,0.0045463145,0.2367442,0.37517917,0.3365774,0.31775442,0.6359152,0.5942651,0.72914785,0.6164554,0.14664485,0.67077297,0.0,0.7536306,0.0012040973,0.72367275,0.8618364,0.0,1.0,0.0,0.5,0.0,0.709741,0.5320797,0.8209889,0.0,0.0,0.8209889,0.41082135,0.0,0.0,0.6587853,1.0,5.0,2022-03-19T12:00:00,EURUSD,H1,3,BUY,10.669806542225047,24,"hit_tp=True,hit_sl=False,regime=3"
0.0021308572,0.0017021756,0.003515008,-0.00042772575,0.456653,0.38740924,0.3347367,0.35374936,0.24510618,0.43713045,0.35617113,0.6496518,0.140311,0.640312,0.0,0.35270953,0.00054956146,0.5666589,0.7833294,0.0,1.0,0.0,0.62940955,0.017037086,0.29379073,0.44283882,1.0,0.12949422,0.25898844,0.87050575,0.39817345,0.0,0.0,0.69242835,1.0,5.0,2022-03-21T11:00:00,EURUSD,H1,3,BUY,10.236694930760848,31,"hit_tp=True,hit_sl=False,regime=3"
-0.005102942,-0.001577623,4.84803e-05,0.00087458297,0.6599764,0.5718207,0.42974532,0.37461695,0.63032186,0.5558952,0.91569,0.6058482,0.16812865,0.36723605,0.0,0.7040367,0.0009948389,0.9737534,0.9868767,0.0,1.0,0.0,0.017037086,0.62940955,0.84687126,0.49420002,0.68145275,0.741233,1.0,0.059780233,0.41495228,0.0,0.0,0.4985819,-1.0,1.6900000000000002,2022-03-22T19:00:00,EURUSD,H1,3,BUY,-8.203439787468625,20,"hit_tp=False,hit_sl=True,regime=3"
0.0032095008,0.0041852808,0.004956295,-0.0007075381,0.395063,0.34659752,0.3481685,0.3340273,0.20486337,0.42204595,0.31374735,0.49935696,0.22498415,0.6954404,0.0,0.20902109,0.00058616576,0.69403327,0.84701663,0.0,1.0,0.0,0.017037086,0.37059048,0.26842284,0.56864476,0.7226773,0.0,0.0,0.7226773,0.40629226,0.0,0.0,0.9885698,1.0,5.0,2022-03-23T17:00:00,EURUSD,H1,3,BUY,9.27664190152555,25,"hit_tp=True,hit_sl=False,regime=3"
0.00015239639,5.8386137e-05,-0.005441845,-0.008343275,0.30071822,0.36132124,0.27483502,0.31698316,0.55093336,0.45397425,0.32561323,0.16183305,0.16914643,0.6323043,0.0,0.58574915,0.0014630712,0.658691,0.82934546,0.0,1.0,0.0,0.8535534,0.14644662,0.5252085,0.4574011,0.7701777,0.15241548,0.23477401,0.6177622,0.3810387,0.0,0.0,0.2159073,1.0,5.0,2022-03-25T09:00:00,EURUSD,H1,3,BUY,6.284188743344021,10,"hit_tp=True,hit_sl=False,regime=3"
0.0011885365,0.0014518319,0.0032188066,0.003838441,0.52820873,0.4778789,0.4169108,0.3603202,0.52629405,0.49400425,0.9206145,0.6545922,0.21301559,0.6452386,0.0,0.55849075,0.0018087546,0.41040936,0.70520467,0.0,1.0,0.0,0.0669873,0.75,0.69525087,0.53074116,0.9088726,0.0,0.0,0.9088726,0.40308747,0.0,0.0,0.8215707,1.0,5.0,2022-03-25T20:00:00,EURUSD,H1,3,BUY,9.644380020976673,30,"hit_tp=True,hit_sl=False,regime=3"
-0.0026429717,-0.00409423,-0.007133357,-0.0022678822,0.56046766,0.43778092,0.3674173,0.3482203,0.6589805,0.53763646,0.62647647,0.49466133,0.28556246,0.3041903,0.0,0.66176903,0.00075399136,0.9889399,0.99446994,0.0,1.0,0.0,0.8535534,0.8535534,0.70010036,0.4993734,0.4,0.39473763,0.3157901,0.0052623795,0.39473763,0.0,0.0,0.8222552,-1.0,1.6900000000000002,2022-03-27T03:00:00,EURUSD,H1,3,BUY,-7.324217769721919,5,"hit_tp=False,hit_sl=True,regime=3"
-0.001900364,-0.00014658469,-0.0013727413,-0.000158589,0.15838794,0.18019167,0.23701876,0.3146511,0.38010636,0.5433315,0.6546783,0.5810475,0.23409523,0.3490546,0.0,0.7553778,0.00059023505,0.40776244,0.7038812,0.0,1.0,0.0,0.37059048,0.9829629,0.47193807,0.38263363,0.5907125,0.8116429,0.9588952,0.22093037,0.3942195,0.0,0.0,0.6336372,-1.0,1.3,2022-03-28T23:00:00,EURUSD,H1,3,BUY,-6.50761054354021,20,"hit_tp=False,hit_sl=True,regime=3"
0.0030862938,0.0013816231,-0.0009692948,-0.0027978255,0.5586981,0.46848556,0.33135718,0.32828665,0.41244507,0.4869362,0.21995212,0.39211577,0.13643587,0.643633,0.0,0.257046,0.00040315904,0.46983388,0.7349169,0.0,1.0,0.0,0.0669873,0.75,0.2252146,0.42965186,0.8017696,0.8508242,1.0,0.04905455,0.37667528,0.0,0.0,0.45927674,1.0,3.9000000000000004,2022-03-29T20:00:00,EURUSD,H1,3,BUY,8.319844518485109,6,"hit_tp=True,hit_sl=False,regime=3"
0.0016154347,0.0040495284,0.0028493174,0.010837924,0.26045313,0.24151553,0.3758485,0.318216,0.64221185,0.6283142,0.84903795,0.8637274,0.21093893,0.6451951,0.0,0.5214104,0.0012235201,0.619089,0.8095445,0.0,1.0,0.0,0.9330127,0.75,0.86091423,0.46881664,1.0,0.20797028,0.41594055,0.79202974,0.38496965,0.0,0.0,0.58465856,-1.0,1.6900000000000002,2022-03-30T04:00:00,EURUSD,H1,3,BUY,-7.914046018981935,19,"hit_tp=False,hit_sl=True,regime=3"
0.002236245,0.001629854,0.0007631257,0.002984377,0.4172402,0.3445529,0.29849526,0.32490242,0.605404,0.5612212,0.69171166,0.6090442,0.17191489,0.6211889,0.0,0.53931105,0.0010218206,0.4212253,0.71061265,0.0,1.0,0.0,0.8535534,0.14644662,0.5783532,0.43022466,1.0,0.12964897,0.25929794,0.870351,0.36718625,0.0,0.0,0.5617238,1.0,5.0,2022-03-31T09:00:00,EURUSD,H1,3,BUY,7.045982426816533,21,"hit_tp=True,hit_sl=False,regime=3"
-0.0032876078,-0.000637772,-0.0042912015,-0.005440498,0.45969468,0.32732466,0.3189318,0.35881874,0.536729,0.43814695,0.5535135,0.374617,0.22912458,0.33769125,0.0,0.42901495,0.0025510846,0.37830332,0.68915164,0.0,1.0,0.0,0.25,0.9330127,0.6558197,0.39776707,0.55454946,1.0,1.0,0.44545057,0.3695415,0.0,0.0,0.60566264,1.0,5.0,2022-04-02T22:00:00,EURUSD,H1,3,BUY,10.495045920930757,11,"hit_tp=True,hit_sl=False,regime=3"
-0.0013035573,0.00095038384,-0.00089096976,-0.005226113,0.1466019,0.18801296,0.2599708,0.31583974,0.59337735,0.45532995,0.5273115,0.26187387,0.20174418,0.34109053,0.0,0.64050055,0.0020525618,0.3757856,0.6878928,0.0,1.0,0.0,0.0669873,0.25,0.62449634,0.48020104,0.5632124,0.15988442,0.18009777,0.40332794,0.39971107,0.0,0.0,0.5448766,-1.0,1.6900000000000002,2022-04-03T16:00:00,EURUSD,H1,3,BUY,-6.777272519968847,13,"hit_tp=False,hit_sl=True,regime=3"
0.0013282804,0.0011666138,-0.0050695892,-0.0068199416,0.334776,0.34981188,0.3525368,0.3311064,0.3698758,0.395065,0.1171537,0.22364908,0.16891615,0.6470225,0.0,0.18258725,0.00068074046,0.8740727,0.93703634,0.0,1.0,0.0,1.0,0.5,0.10826444,0.4360183,1.0,0.6,1.0,0.4,0.3774093,0.0,0.0,0.30313033,-1.0,2.028,2022-04-04T06:00:00,EURUSD,H1,3,BUY,-9.223248851744081,26,"hit_tp=False,hit_sl=True,regime=3"
0.0046019913,0.002808415,0.0026377663,0.0035869281,0.40142134,0.3419507,0.34827894,0.32209933,0.53723156,0.578107,0.5704566,0.65241486,0.1633297,0.67911863,0.0,0.58809817,0.0006399377,0.5880331,0.79401654,0.0,1.0,0.0,0.14644662,0.8535534,0.3658479,0.43875587,1.0,0.0,0.0,1.0,0.39819002,0.0,0.0,0.6,-1.0,1.6900000000000002,2022-04-06T21:00:00,EURUSD,H1,3,BUY,-6.395517176647214,4,"hit_tp=False,hit_sl=True,regime=3"
0.001960589,0.0013965442,-0.00077403063,-0.0064636995,0.46438625,0.3860301,0.38249493,0.34812164,0.41791737,0.495777,0.13198428,0.32080555,0.18534653,0.66727203,0.0,0.5187761,0.00045145274,0.4190227,0.70951134,0.0,1.0,0.0,0.8535534,0.8535534,0.13225475,0.5676657,1.0,0.16045646,0.32091293,0.8395435,0.413734,0.0,0.0,0.45053744,-1.0,2.028,2022-04-07T03:00:00,EURUSD,H1,3,BUY,-7.549321133668574,69,"hit_tp=False,hit_sl=True,regime=3"
0.0008004253,0.0034639225,-0.000679902,-0.0068490603,0.76995975,0.6669022,0.5018026,0.42878047,0.4085585,0.46284375,0.20532492,0.46081015,0.18753973,0.6691235,0.0,0.4241324,0.0008236013,0.99139977,0.9956999,0.0,1.0,0.0,0.62940955,0.9829629,0.31091532,0.48211652,0.9309945,0.5511455,1.0,0.37984902,0.37474096,0.0,0.0,0.46313432,-1.0,2.028,2022-04-10T01:00:00,EURUSD,H1,3,BUY,-9.67674092969828,25,"hit_tp=False,hit_sl=True,regime=3"
0.004722503,0.0006130762,-0.0013179589,-0.005549527,0.43238664,0.3164394,0.30495396,0.31072143,0.3128609,0.43073854,0.14165924,0.26531273,0.24848485,0.6676953,0.0,0.43086588,0.00034207664,0.42165184,0.7108259,0.0,1.0,0.0,0.8535534,0.8535534,0.09312777,0.48128074,0.69153714,0.33188593,0.45902294,0.3596512,0.41485745,0.6000636,0.49308428,0.46325418,1.0,5.0,2022-04-11T03:00:00,EURUSD,H1,3,BUY,9.102083424206153,14,"hit_tp=True,hit_sl=False,regime=3"
0.0006386786,0.00039538648,0.006821719,0.00362595,0.3750475,0.27801162,0.34418035,0.34323832,0.56825095,0.50672215,0.5366528,0.6799633,0.13552631,0.6212271,0.0,0.5476171,0.0012717046,0.5289877,0.7644938,0.0,1.0,0.0,0.9330127,0.75,0.60155785,0.6515814,0.9375338,0.31238183,0.5857371,0.625152,0.3904773,0.0,0.0,0.45244965,1.0,5.0,2022-04-12T04:00:00,EURUSD,H1,3,BUY,9.16370760201346,14,"hit_tp=True,hit_sl=False,regime=3"
0.0018703014,0.00074846065,-0.0015407052,-0.0058198315,0.29493636,0.38079956,0.35276482,0.34308228,0.45876974,0.39687946,0.27588588,0.22014505,0.21120985,0.6806506,0.0,0.3683861,0.0020356972,0.60504216,0.80252105,0.0,1.0,0.0,0.37059048,0.017037086,0.34379482,0.5852617,0.7778724,0.66289294,1.0,0.11497946,0.38193527,0.0,0.0,0.41247082,1.0,5.0,2022-04-13T13:00:00,EURUSD,H1,3,BUY,11.236651669450648,35,"hit_tp=True,hit_sl=False,regime=3"
0.0012905798,0.0028930504,0.00502859,0.008466827,0.32610655,0.23587105,0.2423671,0.32245433,0.6132401,0.5981396,0.9046293,0.8211161,0.10019287,0.6202727,0.0,0.57938415,0.00089050585,0.9477733,0.9738866,0.0,1.0,0.0,0.25,0.0669873,0.8717219,0.5136867,0.640273,0.0,0.0,0.640273,0.38129085,0.0,0.0,0.75401765,1.0,5.0,2022-04-16T14:00:00,EURUSD,H1,3,BUY,9.08514460552734,21,"hit_tp=True,hit_sl=False,regime=3"
0.003789689,0.002515747,0.00076165446,0.00077366945,0.19304766,0.28486228,0.30946088,0.36964902,0.37053114,0.3757769,0.29018074,0.43542895,0.21432315,0.65057755,0.0,0.48161355,0.0016385003,0.6787665,0.83938324,0.0,1.0,0.0,0.75,0.9330127,0.357874,0.47342804,1.0,0.7248892,1.0,0.27511078,0.3910332,0.0,0.0,0.5335204,-1.0,1.6900000000000002,2022-04-18T02:00:00,EURUSD,H1,3,BUY,-7.2918538423505375,5,"hit_tp=False,hit_sl=True,regime=3"
-0.0013918426,0.0025758762,0.0021765179,0.0028285224,0.401615,0.47187606,0.4167888,0.36614552,0.52638876,0.58358884,0.92920107,0.59886736,0.26375,0.30394733,0.0,0.57940197,0.0006278802,0.40597588,0.70298797,0.0,1.0,0.0,0.75,0.0669873,0.5020694,0.4442579,0.8,0.8584363,1.0,0.058436304,0.37770954,0.0,0.0,0.5450266,1.0,4.680000000000001,2022-04-20T10:00:00,EURUSD,H1,3,BUY,8.69737047221042,30,"hit_tp=True,hit_sl=False,regime=3"
0.0017126906,0.00040439147,0.0024938874,0.002477073,0.40550223,0.34916356,0.37840247,0.34920537,0.6821257,0.6291,0.69656813,0.582373,0.19962013,0.62146074,0.0,0.67820716,0.0012279084,0.739839,0.86991954,0.0,1.0,0.0,0.017037086,0.37059048,0.72891784,0.57354,1.0,0.16077371,0.32154742,0.8392263,0.4019343,0.0,0.0,0.6010853,-1.0,1.6900000000000002,2022-04-21T17:00:00,EURUSD,H1,3,BUY,-6.509934424034913,4,"hit_tp=False,hit_sl=True,regime=3"
0.0024682037,0.0016429544,0.0044075907,0.0032668572,0.26817077,0.32575017,0.34965828,0.35510576,0.46747506,0.4835177,0.45811307,0.6291154,0.26040372,0.6919868,0.0,0.44876045,0.0011203217,0.63943654,0.8197183,0.0,1.0,0.0,0.8535534,0.8535534,0.5285448,0.78083724,1.0,0.0,0.0,1.0,0.39814734,0.0,0.0,0.6444762,-1.0,1.6900000000000002,2022-04-22T03:00:00,EURUSD,H1,3,BUY,-7.28602018928548,7,"hit_tp=False,hit_sl=True,regime=3"
0.0051047234,0.003903099,0.001794224,-0.0012505972,0.54034716,0.45253733,0.40429574,0.37077013,0.42005423,0.413875,0.24323906,0.44582665,0.15170568,0.6295725,0.0,0.42304927,0.00062078313,0.7557577,0.87787884,0.0,1.0,0.0,0.37059048,0.017037086,0.16487883,0.42867646,1.0,0.48238966,0.9647793,0.5176104,0.41679403,0.0,0.0,0.5639761,1.0,5.0,2022-04-22T13:00:00,EURUSD,H1,3,BUY,9.605824558494014,11,"hit_tp=True,hit_sl=False,regime=3"
-0.0035857067,-0.0014783724,-0.003162986,-0.00018378982,0.38940588,0.28746134,0.32344618,0.30347204,0.7098571,0.5924629,0.67384183,0.4240802,0.29879698,0.2696803,0.0,0.8176631,0.0016680838,0.39022973,0.69511485,0.0,1.0,0.0,0.9829629,0.37059048,0.7267994,0.53405374,0.96679425,0.7835685,1.0,0.18322574,0.39352685,0.0,0.0,0.69160366,1.0,3.9000000000000004,2022-04-23T07:00:00,EURUSD,H1,3,BUY,7.030029579593311,14,"hit_tp=True,hit_sl=False,regime=3"
-0.004823827,-0.0037154725,-0.0013921672,0.0024362083,0.24739999,0.33271092,0.32062307,0.32720158,0.58351564,0.44171605,0.51893014,0.8236741,0.35165048,0.29792756,0.0,0.6286502,0.002658401,0.42753303,0.7137665,0.0,1.0,0.0,0.25,0.0669873,0.66597366,0.5573123,0.4675014,1.0,0.9350028,0.5324986,0.39400786,0.0,0.0,0.55058026,1.0,5.0,2022-04-24T14:00:00,EURUSD,H1,3,BUY,8.805391262420859,13,"hit_tp=True,hit_sl=False,regime=3"
-5.5203564e-05,-0.00298625,-0.002019262,0.0042060805,0.35431802,0.2983548,0.24764927,0.3165799,0.6768885,0.48610634,0.6782007,0.514923,0.15068494,0.37149173,0.0,0.5655656,0.0018577005,0.4145796,0.7072898,0.0,1.0,0.0,0.9330127,0.75,0.6882431,0.5362553,0.41730738,0.8,0.66769177,0.38269264,0.35851645,0.0,0.0,0.40837705,-1.0,1.3,2022-04-25T04:00:00,EURUSD,H1,3,BUY,-6.7161717197739,16,"hit_tp=False,hit_sl=True,regime=3"
0.0015262793,-0.004926577,-0.008636522,-0.00998301,0.47271103,0.40614873,0.36484706,0.34093505,0.20036599,0.30779105,0.06962535,0.10749962,0.23239172,0.71314543,0.0,0.26089558,0.0007708498,0.77512527,0.88756263,0.0,1.0,0.0,0.14644662,0.8535534,0.0128488345,0.52078986,0.49876738,0.5760311,0.574611,0.077263735,0.39697888,0.0,0.0,0.27831438,-1.0,1.6900000000000002,2022-04-25T21:00:00,EURUSD,H1,3,BUY,-6.343738483598482,6,"hit_tp=False,hit_sl=True,regime=3"
0.0040546404,0.004867183,0.0034868475,0.0060487743,0.36103964,0.40866357,0.38463002,0.34078628,0.6433285,0.57813525,0.7109199,0.6038152,0.2255661,0.68412256,0.0,0.6260691,0.0007159383,0.5345307,0.7672654,0.0,1.0,0.0,0.9829629,0.37059048,0.4349112,0.39950982,0.6488955,0.0,0.0,0.6488955,0.37851444,0.0,0.0,0.78943056,-1.0,1.6900000000000002,2022-04-27T07:00:00,EURUSD,H1,3,BUY,-7.338886226033736,11,"hit_tp=False,hit_sl=True,regime=3"
0.002649623,0.0072357375,0.008479618,0.007276528,0.36184493,0.3139202,0.29562068,0.30044523,0.68921685,0.60424715,1.0,0.82464695,0.3000854,0.72542167,0.0,0.6575372,0.0010684053,0.5505754,0.7752877,0.0,1.0,0.0,0.0669873,0.75,0.907268,0.46558034,0.65604216,0.0,0.0,0.65604216,0.3676251,0.0,0.0,0.7875363,1.0,5.0,2022-04-28T20:00:00,EURUSD,H1,3,BUY,6.717927149955116,11,"hit_tp=True,hit_sl=False,regime=3"
0.0010613063,0.0006170033,0.0005561008,0.0041519143,0.16840646,0.2142416,0.22328502,0.30096462,0.513593,0.4896371,0.5194881,0.6305792,0.19165131,0.6887423,0.0,0.55708987,0.0011449326,0.64380795,0.821904,0.0,1.0,0.0,0.017037086,0.62940955,0.48724443,0.4629683,0.89812875,0.32372358,0.58149093,0.5744052,0.4046545,0.0,0.0,0.6,-1.0,1.6900000000000002,2022-04-29T19:00:00,EURUSD,H1,3,BUY,-5.6754912142120695,9,"hit_tp=False,hit_sl=True,regime=3"
0.0051156175,0.003500918,0.005104374,0.001870782,0.3194133,0.31579232,0.33759052,0.3185245,0.39445505,0.4454932,0.3535458,0.48789507,0.31323025,0.71224785,0.0,0.29854408,0.0004946862,0.72015,0.860075,0.0,1.0,0.0,0.9330127,0.25,0.21518521,0.54874325,1.0,0.2744966,0.5489932,0.7255034,0.39299905,0.0,0.0,0.7683296,-1.0,1.6900000000000002,2022-04-30T08:00:00,EURUSD,H1,3,BUY,-7.4543540740412695,9,"hit_tp=False,hit_sl=True,regime=3"
0.000330065,0.00025101227,0.0033801796,-0.0037129421,0.884911,0.70607436,0.493787,0.38860705,0.18583962,0.42647892,0.27583712,0.60376745,0.33100277,0.7176078,0.0,0.23237364,0.0008697145,0.64219457,0.82109725,0.0,1.0,0.0,0.5,1.0,0.24233213,0.609031,1.0,0.1653449,0.3306898,0.8346551,0.41336223,0.0,0.0,0.45597842,1.0,5.0,2022-05-01T00:00:00,EURUSD,H1,3,BUY,10.157083373822928,25,"hit_tp=True,hit_sl=False,regime=3"
0.0012959101,-0.00054097315,0.0034277732,0.0044150157,0.40080112,0.35704058,0.3042169,0.2530071,0.6457871,0.554404,0.7344944,0.70693904,0.21792294,0.6510206,0.0,0.66280967,0.0015771621,0.6817087,0.84085435,0.0,1.0,0.0,0.75,0.9330127,0.68389916,0.56671315,0.6666835,0.5123976,0.68321407,0.15428588,0.37328234,0.0,0.0,0.5094938,-1.0,1.6900000000000002,2022-05-02T02:00:00,EURUSD,H1,3,BUY,-4.850213669913561,2,"hit_tp=False,hit_sl=True,regime=3"
0.0012811658,0.0012679135,-0.0038522435,-0.0043931124,0.47098318,0.4158867,0.3714156,0.28851327,0.53202987,0.49811864,0.33408102,0.29948944,0.19239543,0.6485938,0.0,0.6657663,0.0013848166,0.75123274,0.8756164,0.0,1.0,0.0,0.9829629,0.62940955,0.42023405,0.45900944,1.0,0.6,1.0,0.4,0.3638312,0.0,0.0,0.3198178,-1.0,1.6900000000000002,2022-05-02T05:00:00,EURUSD,H1,3,BUY,-6.383089849386625,14,"hit_tp=False,hit_sl=True,regime=3"
0.004694273,0.0029801948,0.001883684,-0.006723431,0.4213068,0.38134283,0.28722703,0.37121266,0.37553218,0.43576187,0.17333649,0.30354145,0.14429855,0.6245679,0.0,0.44109198,0.0010894226,0.94665676,0.9733284,0.0,1.0,0.0,0.14644662,0.8535534,0.09471213,0.52963024,0.9565109,0.0,0.0,0.9565109,0.40535495,0.0,0.515994,0.5753115,1.0,5.0,2022-05-02T21:00:00,EURUSD,H1,3,BUY,10.759498496792919,23,"hit_tp=True,hit_sl=False,regime=3"
0.0012044649,-0.0013736091,0.0011440333,-5.5139368e-05,0.42360154,0.33295748,0.32765126,0.32386196,0.47918805,0.4842682,0.42724437,0.51168346,0.19394496,0.62518543,0.0,0.5235164,0.0010977166,0.644203,0.82210153,0.0,1.0,0.0,1.0,0.5,0.4942428,0.4844004,0.6108151,0.26928774,0.32897004,0.34152737,0.3825244,0.0,0.0,0.51470107,-1.0,1.6900000000000002,2022-05-04T06:00:00,EURUSD,H1,3,BUY,-7.269812865100533,13,"hit_tp=False,hit_sl=True,regime=3"
0.0012004036,0.0034866983,0.0044344193,0.001351942,0.27063483,0.29686972,0.33636412,0.32089263,0.33737808,0.5044055,0.4312054,0.50474006,0.12574627,0.61950696,0.0,0.50210583,0.00044563366,0.4072134,0.70360667,0.0,1.0,0.0,0.5,0.0,0.35873988,0.4329342,0.96076226,0.0,0.0,0.96076226,0.35604423,0.0,0.0,0.7624469,-1.0,2.028,2022-05-05T12:00:00,EURUSD,H1,3,BUY,-7.0483224136452804,23,"hit_tp=False,hit_sl=True,regime=3"
0.0028346998,-0.0012604252,-0.0034862368,-0.0045198034,0.6138033,0.44373074,0.36252478,0.35529327,0.23505256,0.44046074,0.097015135,0.27293608,0.208726,0.6449238,0.0,0.14733474,0.000532044,0.4986674,0.7493337,0.0,1.0,0.0,0.5,0.0,0.09762772,0.5558789,0.6644682,0.56596756,0.7521349,0.09850072,0.3639508,0.0,0.0,0.38574505,-1.0,1.56,2022-05-07T12:00:00,EURUSD,H1,3,BUY,-8.239401051792772,27,"hit_tp=False,hit_sl=True,regime=3"
0.0022117428,0.0043412624,0.004899695,0.004123098,0.5023,0.531808,0.46351913,0.3859609,0.39146692,0.5195987,0.49571782,0.61572915,0.16820896,0.63088554,0.0,0.3235641,0.0006656492,0.6662293,0.8331147,0.0,1.0,0.0,0.0669873,0.25,0.3917364,0.5549179,0.89039654,0.4,0.7123172,0.49039653,0.37423465,0.0,0.0,0.8708786,-1.0,1.6900000000000002,2022-05-08T16:00:00,EURUSD,H1,3,BUY,-10.257063509198083,20,"hit_tp=False,hit_sl=True,regime=3"
0.0022868533,-0.0013781933,-0.0019852114,-0.0027036362,0.3604417,0.4279829,0.32504952,0.33842734,0.18482587,0.4523588,0.21353647,0.36043704,0.25836653,0.6575454,0.0,0.09205704,0.00040333142,0.39199513,0.69599754,0.0,1.0,0.0,0.017037086,0.37059048,0.19299531,0.46047148,0.8469686,0.0,0.0,0.8469686,0.38672957,0.0,0.0,0.40918422,1.0,5.0,2022-05-09T17:00:00,EURUSD,H1,3,BUY,11.0524076706775,28,"hit_tp=True,hit_sl=False,regime=3"
0.00080269336,0.00031827303,-0.0023676113,-0.0030458188,0.3534345,0.38181657,0.34008053,0.3308587,0.4217956,0.43218905,0.0,0.3488678,0.30666667,0.71239334,0.0,0.28064433,0.0017648933,0.40852383,0.7042619,0.0,1.0,0.0,0.9330127,0.75,0.31486592,0.6316049,0.7761741,0.8500305,1.0,0.07385637,0.38691977,0.0,0.0,0.3212107,1.0,3.9000000000000004,2022-05-12T04:00:00,EURUSD,H1,3,BUY,7.936437271927055,2,"hit_tp=True,hit_sl=False,regime=3"
0.003109387,0.0010922138,0.0030555602,0.0069375867,0.4197802,0.3031312,0.38136142,0.373893,0.4224807,0.47845125,0.4275039,0.5420097,0.31924722,0.71009517,0.0,0.328001,0.00062318804,0.7434706,0.8717353,0.0,1.0,0.0,0.8535534,0.14644662,0.34405094,0.5772391,0.7569236,0.25079843,0.37967053,0.5061252,0.3816744,0.0,0.0,0.66314685,1.0,5.0,2022-05-13T09:00:00,EURUSD,H1,3,BUY,10.288810120409053,73,"hit_tp=True,hit_sl=False,regime=3"
0.002969179,0.0045460686,0.00097105146,-0.005789505,0.6091436,0.4790688,0.4990565,0.36916962,0.44760397,0.44328377,0.23965864,0.36131582,0.19438913,0.62581265,0.0,0.5110223,0.00059154665,0.8543506,0.9271753,0.0,1.0,0.0,0.14644662,0.14644662,0.21005593,0.45608088,0.91292363,0.5009453,0.9146496,0.41197833,0.40162298,0.0,0.0,0.61938995,0.0,1.56,2022-05-16T15:00:00,EURUSD,H1,3,BUY,3.189159070446923,100,"hit_tp=False,hit_sl=False,regime=3"
0.0014855443,0.0025749465,0.002006045,0.004296402,0.20363191,0.3049677,0.2494522,0.30052996,0.21739398,0.4760817,0.3876502,0.6929035,0.18423955,0.6392791,0.0,0.24982111,0.00059633906,0.46857023,0.7342851,0.0,1.0,0.0,0.0669873,0.75,0.32792038,0.4217669,1.0,0.0,0.0,1.0,0.39607364,0.0,0.0,0.6835346,-1.0,2.028,2022-05-21T20:00:00,EURUSD,H1,3,BUY,-6.698456594209645,21,"hit_tp=False,hit_sl=True,regime=3"
0.0020491302,-0.0036021941,-0.0027089184,-1.3296038e-06,0.4047245,0.43642312,0.36492538,0.37141544,0.5289562,0.5272413,0.343521,0.4645691,0.20551124,0.6710839,0.0,0.35708806,0.0005299159,0.53473324,0.7673666,0.0,1.0,0.0,0.9829629,0.62940955,0.34863475,0.42953944,0.8128708,0.8,1.0,0.01287078,0.41155377,0.0,0.0,0.5430436,-1.0,1.56,2022-05-24T05:00:00,EURUSD,H1,3,BUY,-9.56435651500831,43,"hit_tp=False,hit_sl=True,regime=3"
0.0015994203,0.00063364964,0.0038502226,-0.0003278829,0.3405217,0.34439525,0.3540946,0.31216726,0.6363266,0.5759048,0.72376025,0.6595418,0.12156633,0.6230802,0.0,0.5122714,0.0005755814,0.73845375,0.8692269,0.0,1.0,0.0,0.0669873,0.25,0.6842809,0.47246173,1.0,0.6712372,1.0,0.32876283,0.39357245,0.0,0.0,0.5659932,-1.0,2.028,2022-05-26T16:00:00,EURUSD,H1,3,BUY,-6.828180090989733,27,"hit_tp=False,hit_sl=True,regime=3"
0.0011501501,0.003554347,0.0047184722,0.0032434596,0.34550527,0.312403,0.3792054,0.3438578,0.49204525,0.53785616,0.7626825,0.71106917,0.16329631,0.6609411,0.0,0.39507794,0.0005869162,0.6982958,0.8491479,0.0,1.0,0.0,0.9829629,0.37059048,0.477896,0.33065766,1.0,0.0,0.0,1.0,0.35858718,0.0,0.0,0.74627876,-1.0,1.6900000000000002,2022-05-29T07:00:00,EURUSD,H1,3,BUY,-6.113727361130028,5,"hit_tp=False,hit_sl=True,regime=3"
-0.002277034,-0.0015988708,0.0040205647,-0.0027876927,0.49258015,0.62200236,0.4376561,0.3920111,0.43272427,0.5034565,0.37144908,0.6034648,0.22814424,0.34978446,0.0,0.5185018,0.0006202221,0.59284276,0.79642135,0.0,1.0,0.0,0.0669873,0.25,0.43682674,0.5202155,0.6,1.0,1.0,0.4,0.35284367,0.0,0.0,0.35935625,-1.0,2.028,2022-05-29T16:00:00,EURUSD,H1,3,BUY,-8.605042129388174,60,"hit_tp=False,hit_sl=True,regime=3"
-0.0034330853,0.0009362481,-0.005181694,-0.004165301,0.53126544,0.46048626,0.4246915,0.359407,0.2815333,0.44447026,0.26523563,0.3711155,0.2643275,0.30418086,0.0,0.33993784,0.0005014087,0.40393585,0.7019679,0.0,1.0,0.0,0.37059048,0.017037086,0.30413353,0.47138712,0.51973754,0.6,0.623685,0.08026248,0.37018535,0.0,0.0,0.54797345,1.0,3.9000000000000004,2022-06-01T13:00:00,EURUSD,H1,3,BUY,9.749236085208057,14,"hit_tp=True,hit_sl=False,regime=3"
-0.000858728,0.0042276634,0.0037050438,0.009918858,0.51043344,0.41255033,0.33728775,0.35902205,0.7078904,0.6627276,0.89407736,0.78792995,0.18185054,0.30851892,0.0,0.69413877,0.0012108544,0.9761595,0.9880798,0.0,1.0,0.0,0.9330127,0.75,0.9238658,0.44345236,0.8,0.19102584,0.30564135,0.60897416,0.39807466,0.0,0.0,0.4796786,-1.0,1.6900000000000002,2022-06-02T04:00:00,EURUSD,H1,3,BUY,-6.702474639632694,9,"hit_tp=False,hit_sl=True,regime=3"
-0.0036258127,-0.00138604,-0.005580773,-0.0051544826,0.34865114,0.30619437,0.29099178,0.31744277,0.4152033,0.4752307,0.17548673,0.34188977,0.1655516,0.36159655,0.0,0.2732265,0.0006759185,0.563478,0.781739,0.0,1.0,0.0,0.25,0.0669873,0.47632825,0.501603,0.58089757,1.0,1.0,0.41910246,0.3720433,0.0,0.0,0.6162259,-1.0,1.6900000000000002,2022-06-02T14:00:00,EURUSD,H1,3,BUY,-7.147858153078168,9,"hit_tp=False,hit_sl=True,regime=3"
0.00033271,0.0012401944,-0.00037180685,-0.0020734293,0.5943213,0.4673165,0.33282018,0.3191427,0.26771995,0.4366928,0.2715236,0.45715195,0.27927426,0.73556274,0.0,0.14997733,0.00065646204,0.65356404,0.826782,0.0,1.0,0.0,0.5,1.0,0.26896927,0.5133879,0.6891699,0.6,0.8270039,0.08916989,0.35404047,0.0,0.0,0.4699926,1.0,5.0,2022-06-03T00:00:00,EURUSD,H1,3,BUY,8.20194779647565,4,"hit_tp=True,hit_sl=False,regime=3"
0.0016648569,0.0008018013,0.0009795486,0.00041258696,0.11532434,0.11568942,0.15426531,0.30439904,0.5737596,0.49455297,0.4466809,0.59015894,0.15802005,0.6505779,0.0,0.5349156,0.0013518701,0.5808049,0.7904025,0.0,1.0,0.0,0.25,0.9330127,0.4823562,0.49296212,0.8215172,0.8,1.0,0.02151725,0.3826969,0.0,0.0,0.7691984,-1.0,1.3,2022-06-03T22:00:00,EURUSD,H1,3,BUY,-5.314223051788858,5,"hit_tp=False,hit_sl=True,regime=3"
0.003351978,0.0058542057,0.0045171757,0.00020742726,0.6211838,0.46214786,0.47473133,0.3226885,0.39731598,0.42901477,0.33300215,0.51373845,0.22775665,0.65172666,0.0,0.292845,0.0010017046,0.8212973,0.91064864,0.0,1.0,0.0,0.8535534,0.14644662,0.24862808,0.46077332,1.0,0.1270021,0.2540042,0.8729979,0.3646223,0.0,0.0,0.67971843,-1.0,1.6900000000000002,2022-06-04T09:00:00,EURUSD,H1,3,BUY,-7.854252945931339,6,"hit_tp=False,hit_sl=True,regime=3"
0.0006773028,0.0014848772,0.002715563,0.0014648164,0.32313487,0.3277168,0.2988462,0.35687757,0.39832285,0.44053403,0.33584592,0.50878954,0.2800986,0.7657103,0.0,0.47404692,0.00037545883,0.4272242,0.7136121,0.0,1.0,0.0,0.14644662,0.8535534,0.2898063,0.52990735,0.57650346,0.28730315,0.3312625,0.28920028,0.38799953,0.0,0.0,0.74966407,-1.0,1.3,2022-06-04T21:00:00,EURUSD,H1,3,BUY,-7.575862861759486,16,"hit_tp=False,hit_sl=True,regime=3"
0.0021349017,0.0011676376,0.0019125588,0.0018631269,0.20195787,0.32596397,0.3783084,0.3429987,0.4479398,0.5257878,0.39538604,0.502466,0.2925993,0.7016905,0.0,0.3820117,0.00045242676,0.37183014,0.68591505,0.0,1.0,0.0,0.62940955,0.9829629,0.29877338,0.44728613,1.0,0.5731285,1.0,0.42687145,0.3764173,0.0,0.0,0.7329714,-1.0,1.3,2022-06-06T01:00:00,EURUSD,H1,3,BUY,-8.701822116707891,3,"hit_tp=False,hit_sl=True,regime=3"
0.0025363306,0.0024526666,0.0017447454,0.0029855403,0.31791577,0.34726694,0.33980107,0.35674986,0.34071892,0.52878237,0.42219827,0.58644253,0.23633842,0.700065,0.0,0.35942167,0.00059552223,0.43821877,0.71910936,0.0,1.0,0.0,0.25,0.0669873,0.3449285,0.37039554,1.0,0.0,0.0,1.0,0.39529175,0.0,0.0,0.6,-1.0,1.6900000000000002,2022-06-06T14:00:00,EURUSD,H1,3,BUY,-8.42990010085476,17,"hit_tp=False,hit_sl=True,regime=3"
-0.003432099,-0.0025982058,0.002266463,-0.00066961243,0.33276716,0.39894804,0.36400992,0.36221066,0.35765058,0.5152139,0.42500272,0.5675319,0.35551602,0.2760287,0.0,0.42139998,0.0005401123,0.4866154,0.7433077,0.0,1.0,0.0,0.75,0.0669873,0.47861707,0.50201565,0.4767733,1.0,0.9535466,0.5232267,0.38514832,0.0,0.0,0.42554817,-1.0,1.6900000000000002,2022-06-07T10:00:00,EURUSD,H1,3,BUY,-8.748192017653533,17,"hit_tp=False,hit_sl=True,regime=3"
0.003048669,0.0025045536,0.0021437574,0.0032128156,0.22375518,0.19273148,0.38891405,0.3316811,0.54221666,0.56268775,0.6729495,0.6539431,0.1896679,0.62998635,0.0,0.3987361,0.0013468452,0.6322665,0.81613326,0.0,1.0,0.0,0.62940955,0.017037086,0.5320037,0.57724005,1.0,0.5366616,1.0,0.46333835,0.36079818,0.0,0.0,0.6,-1.0,2.028,2022-06-08T11:00:00,EURUSD,H1,3,BUY,-8.743300670013276,34,"hit_tp=False,hit_sl=True,regime=3"
0.0026806616,0.0018351206,-0.00091577834,-0.0023311237,0.5563257,0.3591786,0.3073868,0.32974222,0.53012687,0.46177986,0.24927089,0.25694612,0.13781798,0.6428548,0.0,0.4261421,0.0011222061,0.6576147,0.82880735,0.0,1.0,0.0,0.14644662,0.8535534,0.30712703,0.5230167,1.0,1.0,1.0,0.0,0.35491028,0.0,0.0,0.45622548,-1.0,1.3,2022-06-11T21:00:00,EURUSD,H1,3,BUY,-7.2910063529607605,6,"hit_tp=False,hit_sl=True,regime=3"
-0.00299838,-0.0012738275,-0.0020780177,-0.0013323338,0.31357867,0.39377233,0.36534783,0.2961162,0.30757627,0.5018854,0.39235595,0.5537824,0.2442993,0.26439586,0.0,0.381378,0.0006594725,0.4852502,0.7426251,0.0,1.0,0.0,0.25,0.0669873,0.38019726,0.5803229,1.0,0.9787498,1.0,0.0212502,0.35388142,0.0,0.0,0.72548324,1.0,3.9000000000000004,2022-06-13T14:00:00,EURUSD,H1,3,BUY,10.570594291534618,5,"hit_tp=True,hit_sl=False,regime=3"
0.0035278928,0.0030850584,0.0034901658,0.0029881194,0.36039057,0.33423164,0.24908738,0.33604348,0.6096608,0.514411,0.39225727,0.4881176,0.22037037,0.66855955,0.0,0.60272616,0.0009992239,0.8656074,0.9328037,0.0,1.0,0.0,0.9829629,0.62940955,0.44008756,0.42578483,1.0,0.27748936,0.5549787,0.72251064,0.4077455,0.0,0.0,0.8,1.0,5.0,2022-06-14T05:00:00,EURUSD,H1,3,BUY,9.764067765478668,9,"hit_tp=True,hit_sl=False,regime=3"
-0.0048726597,-0.004316048,-0.0017157469,-0.0060513234,0.3426844,0.34747693,0.29946157,0.30406258,0.5722599,0.4776657,0.5999249,0.37151802,0.21955156,0.35419038,0.0,0.7144192,0.0017587668,0.5536925,0.7768463,0.0,1.0,0.0,0.5,0.0,0.7229734,0.4265818,0.46875137,1.0,0.93750274,0.5312486,0.38538942,0.0,0.0,0.564091,-1.0,1.6900000000000002,2022-06-15T12:00:00,EURUSD,H1,3,BUY,-6.218124116743606,6,"hit_tp=False,hit_sl=True,regime=3"
0.0010913571,0.004877441,0.005135539,0.0036471528,0.31191304,0.27372178,0.28583494,0.35149652,0.7720735,0.54708624,0.79403454,0.71194124,0.17755775,0.63269687,0.0,0.7329765,0.0014522817,0.56560355,0.7828018,0.0,1.0,0.0,0.8535534,0.14644662,0.78583026,0.49855566,0.65731686,0.4,0.5258535,0.2573169,0.3662882,0.0,0.0,0.7275321,1.0,5.0,2022-06-16T09:00:00,EURUSD,H1,3,BUY,10.038838974100184,9,"hit_tp=True,hit_sl=False,regime=3"
0.0042656776,0.0038231749,0.0024385336,-0.0038487092,0.38155514,0.3511196,0.33479622,0.31267676,0.43263194,0.42305607,0.27253026,0.33153403,0.17934403,0.64955777,0.0,0.24160919,0.0017009681,0.56731445,0.78365725,0.0,1.0,0.0,0.017037086,0.37059048,0.19895849,0.51639473,1.0,0.47442672,0.94885343,0.52557325,0.37527138,0.0,0.0,0.6,-1.0,2.028,2022-06-17T17:00:00,EURUSD,H1,3,BUY,-7.548471044434013,26,"hit_tp=False,hit_sl=True,regime=3"
0.0009187546,0.00064359396,0.00446495,0.006056472,0.2989417,0.23427485,0.37918004,0.33709073,0.5291021,0.5952858,0.8558107,0.79156953,0.22776432,0.6682673,0.0,0.580187,0.000838592,0.80731696,0.90365845,0.0,1.0,0.0,0.25,0.0669873,0.66905284,0.50754964,1.0,0.0,0.0,1.0,0.36473587,0.0,0.0,0.50993246,-1.0,2.028,2022-06-19T14:00:00,EURUSD,H1,3,BUY,-7.68754688861506,25,"hit_tp=False,hit_sl=True,regime=3"
0.0018437633,-0.000688794,0.00034295223,0.0012479743,0.27882588,0.33076817,0.31753588,0.33380488,0.4388848,0.52898407,0.53437644,0.6172796,0.2123839,0.66250306,0.0,0.38736477,0.00062588486,0.62818456,0.8140923,0.0,1.0,0.0,0.8535534,0.8535534,0.40171525,0.5650124,0.6734471,0.7272597,0.97954184,0.05381264,0.3935687,0.0,0.0,0.6045492,-1.0,1.6900000000000002,2022-06-21T03:00:00,EURUSD,H1,3,BUY,-6.974918974631539,10,"hit_tp=False,hit_sl=True,regime=3"
0.00063372805,0.00035480174,0.0057134028,0.008590336,0.28265622,0.23468025,0.20046328,0.28762746,0.63797575,0.6464811,0.9241029,0.8139466,0.11617312,0.62336177,0.0,0.73750466,0.00082071294,0.5822823,0.79114115,0.0,1.0,0.0,0.62940955,0.017037086,0.74885017,0.4390604,0.87867785,0.0,0.0,0.87867785,0.4047378,0.0,0.0,0.46064577,-1.0,1.6900000000000002,2022-06-23T11:00:00,EURUSD,H1,3,BUY,-5.747510285647461,5,"hit_tp=False,hit_sl=True,regime=3"
0.0037625062,0.0040590735,0.00359688,0.0019493455,0.6236014,0.46394226,0.3718498,0.31548345,0.681411,0.6106463,0.6514498,0.5469781,0.24619666,0.66171294,0.0,0.73473316,0.0009905443,0.82107073,0.9105354,0.0,1.0,0.0,0.0,0.5,0.6440045,0.4224346,0.41399086,0.3030259,0.2508999,0.110964954,0.41399086,0.0,0.0,0.8,1.0,5.0,2022-06-23T18:00:00,EURUSD,H1,3,BUY,7.662845710711963,4,"hit_tp=True,hit_sl=False,regime=3"
0.00256002,0.0056291707,0.006785385,0.0005911249,0.35916916,0.37347037,0.35851055,0.36595818,0.51596564,0.4644046,0.6966588,0.51054823,0.2229287,0.6404688,0.0,0.5005016,0.0019721028,0.43344277,0.7167214,0.0,1.0,0.0,0.8535534,0.8535534,0.5357517,0.5483999,0.58018947,0.0,0.0,0.58018947,0.38757464,0.0,0.0,0.8264183,1.0,5.0,2022-06-25T03:00:00,EURUSD,H1,3,BUY,9.0208590310481,8,"hit_tp=True,hit_sl=False,regime=3"
-0.006619775,-0.0058042905,-0.004184955,-0.0028481113,0.3608498,0.2899258,0.27771938,0.31383407,0.72154725,0.5212829,0.709175,0.5074879,0.15127176,0.36535904,0.0,0.94215935,0.0020536848,0.3587431,0.67937154,0.0,1.0,0.0,0.017037086,0.62940955,0.7576701,0.33735934,0.6006434,1.0,1.0,0.39935663,0.38859752,0.0,0.5257748,0.6,-1.0,1.3,2022-06-25T19:00:00,EURUSD,H1,3,BUY,-6.59732713919281,13,"hit_tp=False,hit_sl=True,regime=3"
-0.0026806137,-0.0018405269,-0.0024678686,-0.0051454837,0.6007239,0.46854138,0.38645554,0.35551152,0.33194715,0.41024575,0.23749973,0.39658198,0.21204014,0.3471512,0.0,0.29205614,0.0009958167,0.9900108,0.99500537,0.0,1.0,0.0,0.8535534,0.14644662,0.29796252,0.3957855,0.5785514,1.0,1.0,0.42144862,0.36861685,0.0,0.0,0.787729,1.0,5.0,2022-06-26T09:00:00,EURUSD,H1,3,BUY,10.235699959126876,18,"hit_tp=True,hit_sl=False,regime=3"
0.0018174893,0.0012102854,-0.0017291543,-0.0052252114,0.34422982,0.43801025,0.3949849,0.35386202,0.33948663,0.43478775,0.1462348,0.2595232,0.19646017,0.6485889,0.0,0.31134087,0.0005517569,0.7176977,0.85884887,0.0,1.0,0.0,0.0669873,0.25,0.1048593,0.61424804,0.9988986,0.0,0.0,0.9988986,0.36943778,0.0,0.0,0.40328172,1.0,5.0,2022-06-27T16:00:00,EURUSD,H1,3,BUY,11.167187969385317,53,"hit_tp=True,hit_sl=False,regime=3"
0.0041812058,0.0035787695,0.0041775783,-0.001877914,0.45663846,0.41915613,0.40101406,0.35987464,0.5828357,0.46103516,0.49750707,0.35428092,0.18423383,0.6239636,0.0,0.5633875,0.001859221,0.39388028,0.6969401,0.0,1.0,0.0,0.14644662,0.8535534,0.5042056,0.4884392,1.0,0.0,0.0,1.0,0.40636143,0.0,0.0,0.8,1.0,5.0,2022-06-30T21:00:00,EURUSD,H1,3,BUY,10.493685921091345,15,"hit_tp=True,hit_sl=False,regime=3"
-0.005636007,-0.0031313538,-0.0025784478,-0.006422021,0.2587059,0.28566104,0.311419,0.35234466,0.5637801,0.49271774,0.62758875,0.31625322,0.13789108,0.35436305,0.0,0.71774626,0.0015670578,0.6111466,0.8055733,0.0,1.0,0.0,0.017037086,0.37059048,0.75343823,0.5329883,0.55220765,0.87497705,0.966338,0.32276937,0.4044284,0.0,0.0,0.58895993,0.0,1.56,2022-07-01T17:00:00,EURUSD,H1,3,BUY,3.1515205264365242,100,"hit_tp=False,hit_sl=False,regime=3"
-0.0022651604,-0.0029955474,-0.0019004773,0.0008650554,0.22332618,0.18286946,0.25958198,0.32556188,0.7449165,0.5362214,0.72290266,0.53464824,0.13076037,0.36423606,0.0,0.81138253,0.0011518518,0.41847435,0.70923716,0.0,1.0,0.0,0.8535534,0.8535534,0.7855784,0.40878424,0.58915156,0.32039505,0.3775225,0.26875654,0.4004938,0.0,0.0,0.7322262,-1.0,1.3,2022-07-06T03:00:00,EURUSD,H1,3,BUY,-5.992262447516161,7,"hit_tp=False,hit_sl=True,regime=3"
-0.0017384504,-0.005841567,-0.0036944575,-0.0056697302,0.5059931,0.5096991,0.3841008,0.34190804,0.3460978,0.42804372,0.06428775,0.4352739,0.19202703,0.33181557,0.0,0.35284987,0.00057891046,0.89720494,0.9486025,0.0,1.0,0.0,0.5,0.0,0.19037835,0.46217126,0.46432924,1.0,0.9286585,0.53567076,0.40727752,0.0,0.0,0.5305352,1.0,5.0,2022-07-06T12:00:00,EURUSD,H1,3,BUY,8.02274822790272,8,"hit_tp=True,hit_sl=False,regime=3"
0.0049283486,0.004071387,0.0048921295,0.001303099,0.2796929,0.2540675,0.35125402,0.35510117,0.61631083,0.5008502,0.6431377,0.4976885,0.16911764,0.6437879,0.0,0.5958381,0.0007103271,0.87756556,0.9387828,0.0,1.0,0.0,0.75,0.9330127,0.37158373,0.50443995,1.0,0.39469278,0.78938556,0.6053072,0.38498795,0.0,0.0,0.8,-1.0,1.6900000000000002,2022-07-07T02:00:00,EURUSD,H1,3,BUY,-6.224597598882831,7,"hit_tp=False,hit_sl=True,regime=3"
0.0020666881,0.004689151,0.0023992097,0.0016932493,0.5674003,0.42466867,0.34990153,0.35685152,0.28331777,0.43500763,0.33785787,0.4103225,0.26910892,0.6641067,0.0,0.14695252,0.0005053788,0.46313038,0.7315652,0.0,1.0,0.0,0.0669873,0.75,0.29497483,0.5010239,0.99212396,0.5359595,1.0,0.45616448,0.37072054,0.0,0.0,0.5777055,1.0,5.0,2022-07-07T20:00:00,EURUSD,H1,3,BUY,8.632261317758072,13,"hit_tp=True,hit_sl=False,regime=3"
0.0003933103,-0.0019117906,-0.0007905573,0.0030266375,0.24254337,0.26196706,0.31807604,0.33445072,0.77478766,0.59304345,0.7096139,0.618285,0.3433269,0.71869063,0.0,0.7065847,0.0010699822,0.9701675,0.98508376,0.0,1.0,0.0,0.75,0.0669873,0.6983806,0.4383288,0.74094224,0.67409873,0.9989364,0.06684353,0.38833314,0.0,0.0,0.46177578,-1.0,1.6900000000000002,2022-07-08T10:00:00,EURUSD,H1,3,BUY,-6.361299625172734,3,"hit_tp=False,hit_sl=True,regime=3"
0.0004142493,0.00029619838,0.005355065,0.003596666,0.358868,0.36441934,0.38913712,0.37486994,0.6037268,0.5654068,0.8666007,0.711008,0.21615452,0.64884967,0.0,0.6689456,0.0013849137,0.4611191,0.7305595,0.0,1.0,0.0,1.0,0.5,0.8310886,0.45295233,1.0,0.0,0.0,1.0,0.35532984,0.0,0.0,0.44446447,-1.0,1.6900000000000002,2022-07-09T06:00:00,EURUSD,H1,3,BUY,-7.7750486167649235,12,"hit_tp=False,hit_sl=True,regime=3"
0.0028463965,0.0019259717,-0.0003397021,-0.0041727345,0.3533157,0.42456833,0.4238539,0.36423507,0.34810293,0.43520394,0.17742832,0.3427384,0.17051482,0.63617545,0.0,0.4311821,0.00048134328,0.68270135,0.8413507,0.0,1.0,0.0,0.37059048,0.9829629,0.18384117,0.42706683,1.0,0.2483191,0.4966382,0.7516809,0.37874934,0.0,0.0,0.4831036,-1.0,2.028,2022-07-09T23:00:00,EURUSD,H1,3,BUY,-9.342174197197739,51,"hit_tp=False,hit_sl=True,regime=3"
0.00012037365,0.0003790734,-0.0023910082,-0.0047343276,0.49672577,0.34350047,0.35358673,0.35128477,0.153336,0.3829165,0.25592798,0.33339912,0.30032206,0.732468,0.0,0.21468982,0.0005740753,0.5069595,0.7534797,0.0,1.0,0.0,0.9829629,0.37059048,0.21231033,0.70647246,0.50671834,0.6,0.608062,0.09328166,0.407471,0.0,0.0,0.4229323,-1.0,1.3,2022-07-12T07:00:00,EURUSD,H1,3,BUY,-7.2826146380111645,6,"hit_tp=False,hit_sl=True,regime=3"
-0.0016250028,-0.004642232,-0.003743462,-0.007813163,0.25432533,0.3386932,0.26481712,0.30242956,0.5057448,0.5142907,0.2025808,0.32041836,0.14919306,0.35922524,0.0,0.5062841,0.00070990925,0.4304844,0.7152422,0.0,1.0,0.0,0.14644662,0.8535534,0.33859855,0.5576833,0.5149405,1.0,1.0,0.4850595,0.37498873,0.0,0.0,0.5759292,1.0,5.0,2022-07-13T21:00:00,EURUSD,H1,3,BUY,6.80816383629157,14,"hit_tp=True,hit_sl=False,regime=3"
-0.0018641338,0.0017632083,-0.0005770738,3.5219193e-05,0.34155053,0.35270947,0.3844077,0.32759959,0.54566866,0.52012646,0.58145386,0.45904958,0.37013102,0.24814439,0.0,0.53549904,0.000866241,0.9181348,0.9590674,0.0,1.0,0.0,0.0669873,0.75,0.6385345,0.47847563,0.60667455,0.41733882,0.5063777,0.18933573,0.41733882,0.0,0.0,0.5428257,-1.0,2.028,2022-07-14T20:00:00,EURUSD,H1,3,BUY,-7.289598213986448,34,"hit_tp=False,hit_sl=True,regime=3"
0.0022422941,0.0062313927,0.007396669,0.010533475,0.2857841,0.38314387,0.32656777,0.32512078,0.737917,0.59738433,0.9980919,0.7033624,0.20470767,0.67475885,0.0,0.5472684,0.0011251377,0.8352879,0.91764396,0.0,1.0,0.0,0.9330127,0.25,0.8949401,0.5190705,1.0,0.0,0.0,1.0,0.36947832,0.0,0.0,0.7819362,1.0,5.0,2022-07-17T08:00:00,EURUSD,H1,3,BUY,10.552547679367752,21,"hit_tp=True,hit_sl=False,regime=3"
0.0035185404,0.002747789,0.0012175648,0.003939265,0.23925167,0.18752609,0.180709,0.2904233,0.5337246,0.46402982,0.35977805,0.41114524,0.22501808,0.68276435,0.0,0.5856652,0.0015977998,0.48639518,0.74319756,0.0,1.0,0.0,0.0,0.5,0.34453171,0.48772278,1.0,0.41767377,0.83534753,0.58232623,0.3517961,0.0,0.0,0.56277466,-1.0,1.6900000000000002,2022-07-18T18:00:00,EURUSD,H1,3,BUY,-5.861217070239899,2,"hit_tp=False,hit_sl=True,regime=3"
-0.00076276687,0.0019384337,0.0011793292,-0.0029402173,0.3638368,0.39031002,0.28422192,0.2933597,0.6359009,0.52530026,0.66573834,0.42891636,0.1985519,0.3513536,0.0,0.6662532,0.0014130331,0.35844898,0.6792245,0.0,1.0,0.0,0.9330127,0.25,0.71665525,0.4714887,0.8,0.40706924,0.6513108,0.39293078,0.35783806,0.0,0.0,0.5083817,-1.0,1.3,2022-07-19T08:00:00,EURUSD,H1,3,BUY,-5.882839995912104,6,"hit_tp=False,hit_sl=True,regime=3"
0.0037345337,0.0058934437,0.0046656644,0.006757944,0.42131302,0.5093632,0.48415133,0.37591222,0.57305646,0.48620713,0.6485058,0.67322654,0.25994065,0.65685225,0.0,0.5413037,0.001407011,0.35339502,0.6766975,0.0,1.0,0.0,0.0669873,0.75,0.5081269,0.51178414,1.0,0.19742417,0.39484835,0.8025758,0.38914752,0.0,0.0,0.7147002,1.0,5.0,2022-07-19T20:00:00,EURUSD,H1,3,BUY,10.39463787900985,7,"hit_tp=True,hit_sl=False,regime=3"
0.0011461829,0.00078185817,0.0013149759,-0.005480421,0.2779548,0.28858525,0.2786232,0.25874907,0.38400412,0.36023903,0.2425773,0.24334133,0.11397946,0.64662147,0.0,0.48243698,0.0015590114,0.5797426,0.78987134,0.0,1.0,0.0,0.25,0.9330127,0.18924706,0.5391543,1.0,0.42904326,0.8580865,0.57095677,0.3830381,0.0,0.0,0.73652023,1.0,5.0,2022-07-20T22:00:00,EURUSD,H1,3,BUY,6.5674956097572235,3,"hit_tp=True,hit_sl=False,regime=3"
0.0014324595,0.0019920033,-0.0015154406,-0.0024736542,0.26497704,0.34099758,0.3344165,0.37701246,0.43106785,0.4677083,0.23171729,0.24405123,0.3471522,0.7239877,0.0,0.37553123,0.0002334519,0.39112443,0.69556224,0.0,1.0,0.0,1.0,0.5,0.24718103,0.4954441,0.59015024,0.34099337,0.40247464,0.24915686,0.36858454,0.0,0.0,0.5562807,1.0,4.680000000000001,2022-07-22T06:00:00,EURUSD,H1,3,BUY,10.34045347451995,37,"hit_tp=True,hit_sl=False,regime=3"
0.002502171,0.0010138885,-0.001448924,-0.00090572896,0.1934674,0.28076074,0.30458272,0.333979,0.7640687,0.5416918,0.63939804,0.35337034,0.28721952,0.6762196,0.0,0.75052196,0.0012755604,0.5846102,0.7923051,0.0,1.0,0.0,0.25,0.9330127,0.6500805,0.54159397,0.7802221,0.39154047,0.61097705,0.38868165,0.36878464,0.0,0.0,0.4326318,-1.0,1.6900000000000002,2022-07-23T22:00:00,EURUSD,H1,3,BUY,-7.911325946343695,7,"hit_tp=False,hit_sl=True,regime=3"
0.0025042463,0.002086725,-0.0014504978,-0.006703722,0.3985328,0.38027546,0.28414956,0.31045195,0.17534569,0.36842138,0.20045993,0.21224824,0.145962,0.6486996,0.0,0.31898504,0.0004236106,0.469647,0.7348235,0.0,1.0,0.0,0.9330127,0.25,0.1640218,0.6002987,1.0,0.40743068,0.81486136,0.5925693,0.41676787,0.50702894,0.0,0.43261838,-1.0,1.6900000000000002,2022-07-24T08:00:00,EURUSD,H1,3,BUY,-7.162502934514592,12,"hit_tp=False,hit_sl=True,regime=3"
-0.0030278692,-0.0004263185,0.0008291702,-0.00029534908,0.5739165,0.48165593,0.4755977,0.39788616,0.4649139,0.46777174,0.38017288,0.46738362,0.17642805,0.36072552,0.0,0.4830287,0.00053859386,0.5026287,0.75131434,0.0,1.0,0.0,0.14644662,0.8535534,0.3922766,0.5150416,0.70957404,0.6939744,0.9848524,0.015599678,0.4009068,0.0,0.0,0.463876,-1.0,1.56,2022-07-24T21:00:00,EURUSD,H1,3,BUY,-12.196690810382105,41,"hit_tp=False,hit_sl=True,regime=3"
0.00241586,0.0024664863,0.0022101074,0.0013874207,0.2844185,0.33702648,0.28228343,0.3263326,0.6246866,0.6135035,0.74860054,0.6748649,0.13229527,0.6358481,0.0,0.4741942,0.0010303768,0.5370603,0.76853013,0.0,1.0,0.0,0.8535534,0.8535534,0.5640545,0.5846011,0.51039255,0.0,0.0,0.51039255,0.3832609,0.0,0.0,0.8,1.0,5.0,2022-07-28T03:00:00,EURUSD,H1,3,BUY,10.326888394984746,64,"hit_tp=True,hit_sl=False,regime=3"
0.004730962,0.0013579491,0.0016803484,0.000104843544,0.33477426,0.2649305,0.3902788,0.3229112,0.39262098,0.48029372,0.34450814,0.38982645,0.23296985,0.70252836,0.0,0.28714275,0.00070333295,0.7627361,0.88136804,0.0,1.0,0.0,0.14644662,0.14644662,0.27083653,0.6007828,0.7337813,1.0,1.0,0.26621875,0.3820597,0.0,0.0,0.736876,-1.0,2.028,2022-07-31T15:00:00,EURUSD,H1,3,BUY,-8.811902881198375,21,"hit_tp=False,hit_sl=True,regime=3"
0.0025332181,0.00073377654,0.001961263,-0.0023763007,0.5335025,0.474857,0.36829898,0.3639753,0.2908039,0.43603218,0.2585383,0.5025346,0.16235885,0.652728,0.0,0.21542484,0.0006768309,0.59402716,0.7970136,0.0,1.0,0.0,0.14644662,0.14644662,0.19325574,0.55674404,0.73463863,0.7165549,1.0,0.018083759,0.36056003,0.0,0.0,0.6733651,-1.0,1.3,2022-08-01T15:00:00,EURUSD,H1,3,BUY,-9.61186734352193,13,"hit_tp=False,hit_sl=True,regime=3"
0.0025197563,0.0023460735,0.00072982407,0.0048755105,0.1824457,0.2465509,0.2935105,0.31526506,0.3981612,0.51104474,0.40380147,0.622634,0.12916666,0.6444154,0.0,0.3423057,0.0004844858,0.45793456,0.7289673,0.0,1.0,0.0,0.8535534,0.14644662,0.32253766,0.47114453,1.0,0.0,0.0,1.0,0.39366603,0.0,0.0,0.55080837,1.0,5.0,2022-08-02T09:00:00,EURUSD,H1,3,BUY,9.2169137647935,22,"hit_tp=True,hit_sl=False,regime=3"
0.0016767308,0.0035991196,0.004009638,0.0041914238,0.44603845,0.32706377,0.26483452,0.30253658,0.78408694,0.55942786,0.78673655,0.6336545,0.22057927,0.6689591,0.0,0.643447,0.0011697485,0.6149722,0.80748606,0.0,1.0,0.0,0.8535534,0.14644662,0.75111824,0.56840265,0.99660546,0.0,0.0,0.99660546,0.35444424,0.0,0.0,0.85093397,1.0,5.0,2022-08-03T09:00:00,EURUSD,H1,3,BUY,7.309374379300682,12,"hit_tp=True,hit_sl=False,regime=3"
-0.0008806347,-0.0013219626,-0.0002739526,-0.0009110569,0.5224216,0.4527843,0.4120388,0.3734696,0.66449386,0.5082073,0.6606334,0.49256572,0.16943522,0.3744919,0.0,0.4923344,0.0015349808,0.501041,0.75052047,0.0,1.0,0.0,0.37059048,0.9829629,0.69725204,0.49253672,0.41613516,1.0,0.8322703,0.58386487,0.37221494,0.0,0.0,0.6229413,-1.0,1.6900000000000002,2022-08-03T23:00:00,EURUSD,H1,3,BUY,-8.829922459661077,9,"hit_tp=False,hit_sl=True,regime=3"
0.00069267285,0.003929027,0.0031667466,-0.0037687444,0.14164826,0.1919603,0.18869367,0.3001241,0.24987194,0.3969762,0.3247611,0.29681784,0.16111952,0.6349546,0.0,0.2688607,0.0008728942,0.88836765,0.9441838,0.0,1.0,0.0,0.8535534,0.14644662,0.2798275,0.48075095,1.0,0.0,0.0,1.0,0.3562487,0.0,0.0,0.4886067,-1.0,1.6900000000000002,2022-08-04T09:00:00,EURUSD,H1,3,BUY,-5.865296757951999,5,"hit_tp=False,hit_sl=True,regime=3"
0.008382091,0.0069383318,0.005672727,0.0022729705,0.3138391,0.26130375,0.24892391,0.29326212,0.40868923,0.4213123,0.3241002,0.35301226,0.3369673,0.71375597,0.0,0.29192385,0.000685723,0.69774777,0.8488739,0.0,1.0,0.0,0.0669873,0.25,0.22269678,0.5502469,1.0,0.23403348,0.46806696,0.76596653,0.3900558,0.50649935,0.5088252,0.6,1.0,5.0,2022-08-04T16:00:00,EURUSD,H1,3,BUY,5.63625955161573,3,"hit_tp=True,hit_sl=False,regime=3"
0.0024523754,0.0034600045,0.0057508294,0.014390835,0.45371056,0.40832347,0.33959594,0.29358983,0.68768305,0.6473232,0.8596973,0.88902014,0.22311689,0.70770365,0.0,0.6077186,0.0014042542,0.5700926,0.7850463,0.0,1.0,0.0,0.14644662,0.8535534,0.77985525,0.6646397,1.0,0.0,0.0,1.0,0.384446,0.0,0.0,0.85590506,-1.0,1.6900000000000002,2022-08-04T21:00:00,EURUSD,H1,3,BUY,-6.1741283163985194,5,"hit_tp=False,hit_sl=True,regime=3"
0.001173552,0.00064560655,0.0010300882,-0.002047544,0.3709364,0.5353859,0.4679333,0.38645905,0.7167458,0.5154681,0.45511723,0.42984697,0.19178931,0.6528102,0.0,0.7567437,0.0009497697,0.9772868,0.9886434,0.0,1.0,0.0,0.9829629,0.62940955,0.5550954,0.68364847,0.87048966,0.58308345,1.0,0.2874062,0.3522274,0.0,0.0,0.7375577,1.0,5.0,2022-08-05T05:00:00,EURUSD,H1,3,BUY,11.721568322058395,13,"hit_tp=True,hit_sl=False,regime=3"
-0.006400022,-0.0051504425,0.0004806531,-0.0007940908,0.36379704,0.3031055,0.29988846,0.2768595,0.55038583,0.5118064,0.79827374,0.69436127,0.31342554,0.2731623,0.0,0.56884485,0.0016018822,0.37874502,0.6893725,0.0,1.0,0.0,0.8535534,0.8535534,0.83512276,0.5181461,0.9069636,1.0,1.0,0.09303639,0.3837045,0.51295567,0.0,0.48914593,-1.0,1.3,2022-08-07T03:00:00,EURUSD,H1,3,BUY,-5.329321020859368,10,"hit_tp=False,hit_sl=True,regime=3"
0.0017696479,0.0064907866,0.0045189126,0.0020225258,0.8917613,0.6627717,0.56157744,0.40623188,0.55703384,0.4889322,0.64786124,0.58819854,0.23956044,0.6485411,0.0,0.5370937,0.0010958834,0.52794725,0.76397365,0.0,1.0,0.0,0.25,0.0669873,0.59024733,0.47776625,1.0,0.6,1.0,0.4,0.3506465,0.0,0.0,0.52550364,-1.0,1.6900000000000002,2022-08-07T14:00:00,EURUSD,H1,3,BUY,-10.367003700151312,17,"hit_tp=False,hit_sl=True,regime=3"
0.0011687643,-0.0008199229,0.0010832417,-7.923572e-05,0.66408616,0.4466209,0.38883197,0.32436177,0.37229016,0.47030413,0.26755565,0.53255934,0.20486534,0.63998723,0.0,0.44376695,0.0007994751,0.92641824,0.9632091,0.0,1.0,0.0,0.8535534,0.14644662,0.2563611,0.5826293,0.55004317,0.25146452,0.27663267,0.29857865,0.3950952,0.0,0.0,0.53856707,1.0,5.0,2022-08-08T09:00:00,EURUSD,H1,3,BUY,8.468595222628217,7,"hit_tp=True,hit_sl=False,regime=3"
0.0021387737,-0.0021740838,0.0020982597,0.0014524163,0.5518775,0.45533305,0.4452045,0.37256065,0.6072344,0.5642716,0.6901991,0.56646734,0.17469697,0.6326192,0.0,0.6712862,0.0011753349,0.7318218,0.8659109,0.0,1.0,0.0,0.017037086,0.37059048,0.7029084,0.5107523,0.91837364,0.5764648,1.0,0.3419088,0.39464462,0.0,0.0,0.51965255,-1.0,2.028,2022-08-08T17:00:00,EURUSD,H1,3,BUY,-9.744309108103977,23,"hit_tp=False,hit_sl=True,regime=3"
0.0011584295,0.0018450711,0.0008222122,0.0003422142,0.42748368,0.34895867,0.31857628,0.30743366,0.44788384,0.46673298,0.36960295,0.4925616,0.17310628,0.67645144,0.0,0.50640136,0.0006433855,0.6672916,0.83364576,0.0,1.0,0.0,0.0,0.5,0.3203915,0.47371253,0.90432924,0.0,0.0,0.90432924,0.37056166,0.0,0.0,0.6423666,-1.0,2.028,2022-08-09T18:00:00,EURUSD,H1,3,BUY,-8.71161856018432,38,"hit_tp=False,hit_sl=True,regime=3"
-0.0047710445,-0.0032413465,0.0040737605,0.0027971673,0.55049616,0.44831935,0.38010895,0.37238383,0.4051459,0.49153793,0.53799677,0.7607138,0.20479846,0.3689219,0.0,0.42685777,0.00056525104,0.6899264,0.8449632,0.0,1.0,0.0,0.75,0.0669873,0.51677626,0.5677152,0.8754491,1.0,1.0,0.12455087,0.39593482,0.0,0.0,0.41026998,1.0,5.0,2022-08-11T10:00:00,EURUSD,H1,3,BUY,11.454799688694894,68,"hit_tp=True,hit_sl=False,regime=3"
-0.005472533,-0.001831546,-0.002065478,-0.005215612,0.60771084,0.49328637,0.416217,0.35435984,0.69384587,0.5396276,0.63340735,0.419806,0.14639476,0.37477058,0.0,0.85844463,0.0011002298,0.68324274,0.8416214,0.0,1.0,0.0,0.5,0.0,0.7235909,0.5744728,0.8,0.750483,1.0,0.049517013,0.40810072,0.0,0.0,0.75126225,1.0,5.0,2022-08-14T12:00:00,EURUSD,H1,3,BUY,9.260302780702556,23,"hit_tp=True,hit_sl=False,regime=3"
-0.0001521483,0.0026775848,0.005221889,0.0016172947,0.5017853,0.45086303,0.43182606,0.41101238,0.70474744,0.5216435,0.7446509,0.57673013,0.14519368,0.37954196,0.0,0.6121191,0.0014723947,0.49185732,0.74592865,0.0,1.0,0.0,0.5,0.0,0.7506947,0.49087837,0.8460014,0.776083,1.0,0.06991839,0.370286,0.0,0.0,0.21652353,0.0,1.2,2022-08-15T12:00:00,EURUSD,H1,3,BUY,4.2686695074989345,100,"hit_tp=False,hit_sl=False,regime=3"
0.0025290218,0.0018062107,0.00018798446,-0.0031545137,0.30979353,0.29531148,0.33613363,0.33466628,0.4097802,0.48261902,0.161058,0.23933624,0.23292796,0.6647734,0.0,0.28803423,0.0002645481,0.35091105,0.6754555,0.0,1.0,0.0,0.0669873,0.75,0.23032229,0.63254637,1.0,0.8210753,1.0,0.1789247,0.39617395,0.0,0.0,0.51158106,1.0,3.9000000000000004,2022-08-20T20:00:00,EURUSD,H1,3,BUY,9.749409680426258,18,"hit_tp=True,hit_sl=False,regime=3"
0.0024074072,0.00030409498,-0.0009778918,-0.0012526338,0.3869259,0.3627056,0.31657216,0.2863048,0.45224422,0.47260666,0.16241741,0.3767591,0.13562071,0.63099045,0.0,0.5391257,0.0008269194,0.7889061,0.89445305,0.0,1.0,0.0,0.5,1.0,0.14437436,0.47850728,0.6907661,0.73384285,1.0,0.04307679,0.40618762,0.0,0.0,0.44934833,-1.0,2.028,2022-08-22T00:00:00,EURUSD,H1,3,BUY,-7.214235080315046,52,"hit_tp=False,hit_sl=True,regime=3"
0.0019075718,0.0037191273,0.008322518,0.0033256973,0.20857285,0.24757512,0.263392,0.32827997,0.62622577,0.50881124,0.65445167,0.6712993,0.19275472,0.6596034,0.0,0.70139676,0.0010518604,0.450771,0.7253855,0.0,1.0,0.0,0.017037086,0.37059048,0.6247145,0.46863872,1.0,0.0,0.0,1.0,0.37396795,0.0,0.0,0.73756766,-1.0,1.6900000000000002,2022-08-24T17:00:00,EURUSD,H1,3,BUY,-7.897659595808015,9,"hit_tp=False,hit_sl=True,regime=3"
0.0014732601,0.0043688426,0.005287152,0.002316818,0.52035004,0.40751266,0.4045063,0.34132022,0.53918153,0.48403588,0.5366026,0.49455371,0.13723898,0.6476845,0.0,0.5031361,0.0009515043,0.9177879,0.95889395,0.0,1.0,0.0,0.8535534,0.8535534,0.4706519,0.51797944,0.94801223,0.27108097,0.5139761,0.67693126,0.3741226,0.0,0.0,0.76722115,-1.0,1.6900000000000002,2022-08-25T03:00:00,EURUSD,H1,3,BUY,-8.242405984566492,13,"hit_tp=False,hit_sl=True,regime=3"
0.00093781017,0.006059167,0.0050373566,0.0058618924,0.3513941,0.32273903,0.34776086,0.33214352,0.33414766,0.48454794,0.4995155,0.7664125,0.16975477,0.64675385,0.0,0.57508284,0.00072269223,0.7562723,0.87813616,0.0,1.0,0.0,0.37059048,0.9829629,0.41623873,0.5054172,1.0,0.0,0.0,1.0,0.37116045,0.0,0.0,0.47948766,-1.0,2.028,2022-08-25T23:00:00,EURUSD,H1,3,BUY,-8.453124788188049,36,"hit_tp=False,hit_sl=True,regime=3"
0.0015827222,-0.00055078394,-0.0021014428,-0.0030896184,0.369308,0.47837037,0.39068583,0.37997603,0.50342655,0.518229,0.41484424,0.45287204,0.16893764,0.67181486,0.0,0.4506864,0.0006178586,0.6885619,0.84428096,0.0,1.0,0.0,0.5,1.0,0.35232913,0.5939757,0.6680847,0.6820627,0.9113512,0.013978012,0.3680119,0.0,0.0,0.38028914,1.0,5.0,2022-08-28T00:00:00,EURUSD,H1,3,BUY,12.830894989122044,40,"hit_tp=True,hit_sl=False,regime=3"
0.0007904288,0.0028670346,-0.0028265724,-0.003194107,0.21350332,0.3510749,0.3310346,0.3033362,0.7070923,0.4855483,0.5710732,0.12075943,0.18836915,0.677607,0.0,0.83726317,0.0019251293,0.6023828,0.8011914,0.0,1.0,0.0,0.0,0.5,0.6253254,0.42044842,0.6861807,0.15899317,0.2181961,0.5271875,0.3974829,0.0,0.0,0.45540023,1.0,5.0,2022-08-30T18:00:00,EURUSD,H1,3,BUY,8.793599859371337,79,"hit_tp=True,hit_sl=False,regime=3"
0.0025844446,0.0012723636,0.0022392112,-0.005086669,0.3400071,0.28731143,0.36757016,0.36448795,0.4677468,0.45629436,0.24013911,0.30854565,0.2847181,0.7243883,0.0,0.4527253,0.0003842705,0.5102528,0.7551264,0.0,1.0,0.0,1.0,0.5,0.19466811,0.5232738,0.8283091,0.58093965,0.96239525,0.24736945,0.35833746,0.0,0.0,0.71885395,1.0,5.0,2022-09-03T06:00:00,EURUSD,H1,3,BUY,11.680045958823992,40,"hit_tp=True,hit_sl=False,regime=3"
-0.0012570276,0.003525976,0.005439924,0.007012979,0.522187,0.44635463,0.4179042,0.35698104,0.6266824,0.55770004,1.0,0.75742084,0.16022922,0.34229523,0.0,0.70147586,0.0011461164,0.5193716,0.7596858,0.0,1.0,0.0,0.37059048,0.9829629,0.899531,0.5511312,0.8886916,0.3269457,0.5811078,0.56174594,0.39104584,0.5296946,0.40090325,0.2948442,1.0,5.0,2022-09-04T23:00:00,EURUSD,H1,3,BUY,9.69906486555594,6,"hit_tp=True,hit_sl=False,regime=3"
-0.004783101,-0.0034560747,0.0002120108,-0.0027810112,0.55069447,0.39130357,0.35832804,0.3569476,0.5946762,0.47481972,0.72050005,0.5420625,0.17883709,0.2979847,0.0,0.7509571,0.001862842,0.42085043,0.7104252,0.0,1.0,0.0,0.017037086,0.62940955,0.7414808,0.36279783,0.8209721,1.0,1.0,0.17902793,0.39628544,0.0,0.0,0.49349684,1.0,3.9000000000000004,2022-09-07T19:00:00,EURUSD,H1,3,BUY,9.340334184499977,15,"hit_tp=True,hit_sl=False,regime=3"
0.00077765144,0.00047518898,0.000592512,-0.005774055,0.13638082,0.15785006,0.23854063,0.28496295,0.35695612,0.3980534,0.21736823,0.16034977,0.22409835,0.66405785,0.0,0.36815622,0.001124053,0.7025066,0.85125333,0.0,1.0,0.0,0.14644662,0.14644662,0.30340692,0.46812415,0.92852145,0.74373436,1.0,0.1847871,0.39472005,0.0,0.0,0.7896591,1.0,5.0,2022-09-08T15:00:00,EURUSD,H1,3,BUY,5.718779363497184,18,"hit_tp=True,hit_sl=False,regime=3"
0.0010252724,0.0018365673,0.0010474152,0.0048568393,0.17052515,0.17800899,0.25610706,0.35155314,0.5640932,0.5419913,0.7327447,0.798574,0.14354727,0.6202901,0.0,0.7144803,0.0013463346,0.5829911,0.79149556,0.0,1.0,0.0,0.14644662,0.8535534,0.74784905,0.46798924,1.0,0.19908673,0.39817345,0.8009133,0.36536473,0.0,0.0,0.6342965,1.0,5.0,2022-09-09T21:00:00,EURUSD,H1,3,BUY,9.856318691168209,39,"hit_tp=True,hit_sl=False,regime=3"
0.0044676117,0.0039546546,0.0022813468,-0.00015094687,0.56738055,0.42357627,0.42599237,0.37663347,0.24074692,0.4344841,0.27120182,0.41238782,0.27323705,0.68993974,0.0,0.22468232,0.0006245298,0.8921916,0.9460958,0.0,1.0,0.0,0.5,1.0,0.2502724,0.56117743,1.0,0.19260114,0.3852023,0.80739886,0.4056367,0.0,0.0,0.6,-1.0,1.6900000000000002,2022-09-12T00:00:00,EURUSD,H1,3,BUY,-8.048713735457902,11,"hit_tp=False,hit_sl=True,regime=3"
0.0013179823,0.00014014964,-0.003954887,-0.0063740574,0.3918854,0.35671496,0.35199422,0.3374236,0.5364537,0.5050673,0.37651935,0.23970811,0.19505359,0.64356333,0.0,0.45403606,0.0005559801,0.66903317,0.8345166,0.0,1.0,0.0,0.5,1.0,0.34791914,0.61975926,0.68649954,0.69695175,0.95691407,0.0104521755,0.38364893,0.0,0.0,0.3199638,-1.0,2.028,2022-09-13T00:00:00,EURUSD,H1,3,BUY,-8.250215352361145,21,"hit_tp=False,hit_sl=True,regime=3"
0.0042172982,0.0057722195,0.0061928555,0.0015096731,0.59327006,0.43732297,0.403116,0.3442229,0.41275045,0.49217162,0.3939247,0.62161666,0.21362916,0.66489446,0.0,0.27750742,0.0006514147,0.94350725,0.97175366,0.0,1.0,0.0,0.37059048,0.9829629,0.2838374,0.37623692,0.6930483,0.0,0.0,0.6930483,0.35239828,0.0,0.0,1.0,-1.0,1.6900000000000002,2022-09-13T23:00:00,EURUSD,H1,3,BUY,-7.26292906769288,14,"hit_tp=False,hit_sl=True,regime=3"
0.0031306036,0.0025291871,0.0013531328,0.0008580677,0.22232884,0.23970056,0.21236964,0.2989385,0.30702263,0.4806864,0.29455236,0.27219164,0.17915106,0.67625254,0.0,0.42017275,0.00034211116,0.47004935,0.7350247,0.0,1.0,0.0,0.25,0.0669873,0.22368886,0.52545875,1.0,0.52793115,1.0,0.47206888,0.41430265,0.0,0.0,0.58271754,1.0,5.0,2022-09-14T14:00:00,EURUSD,H1,3,BUY,5.712614077364453,6,"hit_tp=True,hit_sl=False,regime=3"
-0.00084219244,-0.001655874,8.5193264e-05,-0.0025326766,0.46777475,0.337837,0.36854282,0.30803707,0.540058,0.5615146,0.68600816,0.5836689,0.20424597,0.33131585,0.0,0.48507503,0.0005674592,0.76705724,0.8835286,0.0,1.0,0.0,0.14644662,0.8535534,0.64055943,0.6461162,0.45800322,0.302211,0.27682722,0.15579224,0.40420908,0.0,0.0,0.54875004,-1.0,1.6900000000000002,2022-09-14T21:00:00,EURUSD,H1,3,BUY,-6.534363437331603,4,"hit_tp=False,hit_sl=True,regime=3"
0.002221622,0.003928057,0.0056322603,0.0040354365,0.33178955,0.40778354,0.37041253,0.37429735,0.3499792,0.51342374,0.49933612,0.62165815,0.19450317,0.71721256,0.0,0.2497668,0.00060962007,0.613206,0.806603,0.0,1.0,0.0,0.14644662,0.14644662,0.3865131,0.4290413,0.74360806,0.0,0.0,0.74360806,0.39764962,0.0,0.0,0.83670765,-1.0,2.028,2022-09-15T15:00:00,EURUSD,H1,3,BUY,-7.422416924720565,40,"hit_tp=False,hit_sl=True,regime=3"
0.00091672206,0.0072564106,0.0062297797,0.0021970521,0.3181897,0.38884228,0.3351124,0.3412441,0.50582486,0.53108585,0.9630189,0.5462957,0.1865588,0.67258364,0.0,0.5360921,0.000837067,0.76607335,0.8830367,0.0,1.0,0.0,0.9330127,0.25,0.6965082,0.57580274,0.8,0.26077825,0.4172452,0.53922176,0.36909163,0.0,0.0,0.4664283,1.0,5.0,2022-09-17T08:00:00,EURUSD,H1,3,BUY,9.19725771973301,22,"hit_tp=True,hit_sl=False,regime=3"
-0.0026070303,-0.0015835571,-0.0012732832,-0.002311155,0.3890532,0.3407651,0.26314184,0.3262545,0.5621155,0.49274328,0.6411196,0.46327704,0.16314961,0.36860663,0.0,0.49541926,0.0013484365,0.4372257,0.71861285,0.0,1.0,0.0,0.017037086,0.62940955,0.71025366,0.3381857,0.5696608,0.9245061,1.0,0.35484532,0.4154257,0.0,0.0,0.5969223,-1.0,2.028,2022-09-18T19:00:00,EURUSD,H1,3,BUY,-7.076787732864798,29,"hit_tp=False,hit_sl=True,regime=3"
-0.0012031869,-0.004366955,-0.0027066863,-0.006090788,0.7017779,0.5145543,0.420007,0.37503698,0.2654909,0.40617365,0.15281011,0.3518826,0.14878641,0.35078502,0.0,0.40078542,0.00054326036,0.6859514,0.8429757,0.0,1.0,0.0,0.62940955,0.9829629,0.15924855,0.3984648,0.6,0.6540577,0.7848692,0.054057684,0.3557787,0.0,0.0,0.5197517,-1.0,1.6900000000000002,2022-09-20T01:00:00,EURUSD,H1,3,BUY,-8.294602231651016,12,"hit_tp=False,hit_sl=True,regime=3"
0.0013326544,0.0027845171,0.0016059274,0.0029610747,0.44464576,0.37027726,0.3651778,0.34704384,0.4932021,0.55924636,0.74377286,0.60674876,0.11686238,0.65036815,0.0,0.2888117,0.00073034165,0.67664695,0.8383235,0.0,1.0,0.0,0.5,1.0,0.46901014,0.5217477,0.94334143,0.2045799,0.3859774,0.7387615,0.37909058,0.0,0.0,0.6017782,1.0,5.0,2022-09-21T00:00:00,EURUSD,H1,3,BUY,10.61781306552545,20,"hit_tp=True,hit_sl=False,regime=3"
0.001969503,0.0037762614,0.0029307446,0.004862594,0.24559382,0.268212,0.2615446,0.3351282,0.68964356,0.56251544,0.77045584,0.7347149,0.15227766,0.625198,0.0,0.6922579,0.0017148756,0.409635,0.7048175,0.0,1.0,0.0,0.37059048,0.9829629,0.80252343,0.524101,1.0,0.19606245,0.3921249,0.80393755,0.3681878,0.0,0.0,0.6557109,1.0,5.0,2022-09-21T23:00:00,EURUSD,H1,3,BUY,9.321231418966125,5,"hit_tp=True,hit_sl=False,regime=3"
-0.0039823106,-0.0020414009,-0.0035331293,-0.0046614776,0.39700451,0.46283135,0.40665126,0.33836535,0.7787021,0.5022096,0.6263393,0.35904032,0.40988806,0.23527218,0.0,0.6817043,0.0025451675,0.3915961,0.69579804,0.0,1.0,0.0,0.37059048,0.017037086,0.68915135,0.54021204,0.57348585,1.0,1.0,0.42651415,0.36127436,0.0,0.0,0.72222507,-1.0,2.028,2022-09-22T13:00:00,EURUSD,H1,3,BUY,-9.59743517949585,48,"hit_tp=False,hit_sl=True,regime=3"
0.0011439819,0.002862212,0.003691563,0.0035206878,0.123254925,0.2507279,0.30478248,0.33665422,0.5236135,0.5286482,0.7895656,0.80786526,0.38202676,0.7479896,0.0,0.49689755,0.00071305805,0.739117,0.8695585,0.0,1.0,0.0,0.0669873,0.25,0.49534616,0.53851044,0.5248252,0.0,0.0,0.5248252,0.38621265,0.0,0.0,0.785958,-1.0,2.028,2022-09-24T16:00:00,EURUSD,H1,3,BUY,-7.995475045339262,39,"hit_tp=False,hit_sl=True,regime=3"
0.0018244621,0.005474233,0.0036430957,0.0007082437,0.29332015,0.3342164,0.30773652,0.32846907,0.29128465,0.43522605,0.35200906,0.44264257,0.24017595,0.68415534,0.0,0.25006783,0.00042973648,0.56321573,0.78160787,0.0,1.0,0.0,0.8535534,0.14644662,0.2823598,0.4121198,1.0,0.50130403,1.0,0.49869597,0.4119677,0.0,0.0,0.5498796,1.0,5.0,2022-09-26T09:00:00,EURUSD,H1,3,BUY,7.857942854312405,7,"hit_tp=True,hit_sl=False,regime=3"
0.0014812084,0.0018200956,-0.0044784737,-0.012006015,0.19600478,0.3077707,0.31099164,0.33259,0.32427192,0.3663342,0.15782642,0.06786553,0.2765279,0.6884208,0.0,0.35516033,0.00031499928,0.42834935,0.7141747,0.0,1.0,0.0,0.25,0.0669873,0.12374207,0.4592585,0.55625385,0.12981133,0.14441611,0.42644253,0.3518318,0.0,0.0,0.50944966,1.0,5.0,2022-09-27T14:00:00,EURUSD,H1,3,BUY,7.738547743019186,4,"hit_tp=True,hit_sl=False,regime=3"
0.0032707225,0.006865258,0.007223447,0.006659019,0.47974494,0.3830125,0.3714072,0.36282402,0.770659,0.5579808,0.73352545,0.65874225,0.22241887,0.64239746,0.0,0.68854904,0.0012098384,0.48334336,0.7416717,0.0,1.0,0.0,0.75,0.9330127,0.6720196,0.45706034,0.5183842,0.0,0.0,0.5183842,0.3956567,0.0,0.0,0.87172896,1.0,5.0,2022-09-28T02:00:00,EURUSD,H1,3,BUY,8.833473902369882,10,"hit_tp=True,hit_sl=False,regime=3"
0.004370877,0.0016754884,-0.00064892834,-0.0022589015,0.56202126,0.4575204,0.33901465,0.3161026,0.48238015,0.41694847,0.08547473,0.33241928,0.11230449,0.6277536,0.0,0.44210783,0.0017246917,0.4106387,0.70531934,0.0,1.0,0.0,0.37059048,0.9829629,0.34254587,0.4930555,0.77029145,0.51568574,0.7944566,0.25460574,0.38606563,0.0,0.0,0.47926396,1.0,4.680000000000001,2022-09-28T23:00:00,EURUSD,H1,3,BUY,7.356428828411143,22,"hit_tp=True,hit_sl=False,regime=3"
0.0011034487,-0.0020781478,-0.0003759886,-0.0009389073,0.31086004,0.37611943,0.31259632,0.2950075,0.6101682,0.46937877,0.49736235,0.3575537,0.18393351,0.6524856,0.0,0.48090494,0.0016978369,0.48999584,0.7449979,0.0,1.0,0.0,0.017037086,0.62940955,0.5751578,0.38517514,0.6053866,0.937194,1.0,0.33180737,0.40711245,0.0,0.0,0.5105689,1.0,5.0,2022-09-30T19:00:00,EURUSD,H1,3,BUY,7.41249199978089,9,"hit_tp=True,hit_sl=False,regime=3"
0.005606817,0.0075049,0.008619846,0.0115027195,0.41744602,0.3031954,0.33803225,0.30270767,0.5361424,0.51935774,0.73572505,0.71137714,0.22344263,0.661034,0.0,0.6894429,0.001158418,0.38282382,0.6914119,0.0,1.0,0.0,0.8535534,0.8535534,0.61138713,0.38744488,0.9785695,0.0,0.0,0.9785695,0.3785695,0.0,0.0,0.99033123,1.0,5.0,2022-10-02T03:00:00,EURUSD,H1,3,BUY,6.895078472060057,8,"hit_tp=True,hit_sl=False,regime=3"
0.002902448,0.0005354998,-0.00067847467,0.00095348305,0.4546701,0.50649846,0.394498,0.3377247,0.6583872,0.5051436,0.5589089,0.43828425,0.30478773,0.6980724,0.0,0.506162,0.0010371078,0.61208683,0.80604345,0.0,1.0,0.0,0.0,0.5,0.57411885,0.626597,0.7043789,0.9520748,1.0,0.24769592,0.3666922,0.0,0.0,0.4686002,-1.0,1.6900000000000002,2022-10-02T18:00:00,EURUSD,H1,3,BUY,-6.832855344103272,10,"hit_tp=False,hit_sl=True,regime=3"
0.0032602034,0.004155182,0.0052672275,0.0038726341,0.46216837,0.3663828,0.28777733,0.2945054,0.60512215,0.5434566,0.69514984,0.50819176,0.3723308,0.79608166,0.0,0.55080783,0.0011001872,0.5227075,0.76135373,0.0,1.0,0.0,0.14644662,0.14644662,0.6220434,0.51214814,0.9468574,0.3126617,0.5920921,0.6341957,0.35248002,0.0,0.0,0.9714129,-1.0,1.6900000000000002,2022-10-03T15:00:00,EURUSD,H1,3,BUY,-5.512048803768543,9,"hit_tp=False,hit_sl=True,regime=3"
0.00086167385,0.0018753287,-0.0016114902,3.6005687e-05,0.390231,0.36687398,0.44673494,0.39174426,0.40911904,0.47728604,0.41666391,0.36246958,0.15148386,0.6328755,0.0,0.49406335,0.0008587146,0.8757386,0.9378693,0.0,1.0,0.0,0.9829629,0.37059048,0.43497857,0.46500227,0.40453374,0.12222047,0.09888461,0.2823133,0.40453374,0.0,0.0,0.49641714,1.0,5.0,2022-10-04T07:00:00,EURUSD,H1,3,BUY,9.703910148999295,11,"hit_tp=True,hit_sl=False,regime=3"
-0.0011329504,-0.0054045143,-0.0018030483,-0.0041379104,0.32236746,0.24448708,0.31361684,0.32681033,0.7583412,0.5679934,0.62188554,0.5331798,0.18684685,0.37284258,0.0,0.80485594,0.0017529562,0.36295578,0.6814779,0.0,1.0,0.0,0.62940955,0.9829629,0.68025506,0.57239795,0.44379193,0.9581364,0.8504264,0.51434445,0.4012137,0.0,0.0,0.47546098,-1.0,1.6900000000000002,2022-10-05T01:00:00,EURUSD,H1,3,BUY,-6.962447248783921,6,"hit_tp=False,hit_sl=True,regime=3"
0.0022199575,0.0016093497,0.002191176,-0.002032561,0.50598264,0.49323696,0.43632835,0.3567086,0.2535787,0.39701915,0.25704968,0.53952676,0.18501136,0.641789,0.0,0.34101588,0.0008505428,0.89659005,0.948295,0.0,1.0,0.0,0.14644662,0.14644662,0.26224822,0.5809456,1.0,0.0,0.0,1.0,0.36213768,0.0,0.0,0.7903449,-1.0,2.028,2022-10-05T15:00:00,EURUSD,H1,3,BUY,-8.551770750899745,31,"hit_tp=False,hit_sl=True,regime=3"
0.0012569062,0.00033730848,-0.0011047944,-0.00067079475,0.33046892,0.37477133,0.39974025,0.33988345,0.33761063,0.48143163,0.32150465,0.47551674,0.36709076,0.7439158,0.0,0.30542627,0.0004510395,0.5643645,0.7821823,0.0,1.0,0.0,1.0,0.5,0.30186033,0.60869133,0.7278038,0.0,0.0,0.7278038,0.37366328,0.0,0.0,0.40839937,-1.0,1.6900000000000002,2022-10-07T06:00:00,EURUSD,H1,3,BUY,-7.254299287533517,9,"hit_tp=False,hit_sl=True,regime=3"
0.0010188881,0.0013358578,0.0021932153,0.0053630206,0.29638615,0.4292103,0.39522848,0.3354592,0.5004972,0.55835664,0.7353138,0.7130353,0.28238386,0.6851052,0.0,0.5018851,0.0008052401,0.86317134,0.93158567,0.0,1.0,0.0,0.5,1.0,0.55407214,0.41232464,0.5477517,0.0,0.0,0.5477517,0.35010517,0.0,0.0,0.87875384,1.0,5.0,2022-10-08T00:00:00,EURUSD,H1,3,BUY,8.6934562435248,33,"hit_tp=True,hit_sl=False,regime=3"
0.0034265388,0.0012882985,0.00023959398,-0.0050392053,0.29768434,0.34081566,0.3028099,0.35201094,0.5556221,0.47226155,0.36199313,0.19910945,0.2855873,0.7615922,0.0,0.48799607,0.0014096712,0.59310144,0.79655075,0.0,1.0,0.0,0.0,0.5,0.46123782,0.5143156,0.7671012,0.9402794,1.0,0.1731782,0.37292448,0.0,0.0,0.51087,1.0,5.0,2022-10-09T18:00:00,EURUSD,H1,3,BUY,9.798397967624162,17,"hit_tp=True,hit_sl=False,regime=3"
0.0013258216,0.0037065747,5.4392203e-05,0.0017063353,0.20943566,0.19513988,0.3246762,0.33291385,0.6056276,0.4791532,0.4875144,0.47036946,0.27944955,0.68685675,0.0,0.6185118,0.0011403022,0.6495655,0.8247828,0.0,1.0,0.0,0.017037086,0.62940955,0.55523247,0.5257619,0.67609835,0.0,0.0,0.67609835,0.35878608,0.0,0.0,0.50811446,1.0,5.0,2022-10-10T19:00:00,EURUSD,H1,3,BUY,9.216859014216094,5,"hit_tp=True,hit_sl=False,regime=3"
-0.0023729575,-0.0014054751,-0.0033021816,0.0014833122,0.4112908,0.46670592,0.4582447,0.38433018,0.7475369,0.5597371,0.7134244,0.6339258,0.2562452,0.2970642,0.0,0.72762924,0.0018427032,0.40117484,0.70058745,0.0,1.0,0.0,1.0,0.5,0.7808781,0.5408823,0.4,1.0,0.8,0.6,0.35270154,0.0,0.0,0.67184544,-1.0,1.6900000000000002,2022-10-11T06:00:00,EURUSD,H1,3,BUY,-10.77418949882114,13,"hit_tp=False,hit_sl=True,regime=3"
0.0007491809,0.0016847369,0.0026322408,0.004095533,0.41200984,0.4443732,0.28259903,0.31332785,0.33434725,0.44414186,0.44862333,0.6169966,0.16516922,0.66248304,0.0,0.4985226,0.001374374,0.72661054,0.8633053,0.0,1.0,0.0,0.25,0.9330127,0.3748363,0.49834308,1.0,0.0,0.0,1.0,0.3703174,0.0,0.0,0.770786,-1.0,2.028,2022-10-11T22:00:00,EURUSD,H1,3,BUY,-7.985567493977719,26,"hit_tp=False,hit_sl=True,regime=3"
-0.003752549,0.0010587134,0.0030142714,-0.0027314343,0.50457305,0.39655194,0.34384513,0.31832114,0.453738,0.4515977,0.3398124,0.5627271,0.1467642,0.34878996,0.0,0.53795993,0.00053699897,0.6665517,0.83327585,0.0,1.0,0.0,0.62940955,0.9829629,0.42400196,0.4958407,0.72170585,0.4,0.5773647,0.32170585,0.37449783,0.0,0.0,0.41405717,1.0,5.0,2022-10-13T01:00:00,EURUSD,H1,3,BUY,8.999957728859087,15,"hit_tp=True,hit_sl=False,regime=3"
-0.002817256,-7.014902e-05,0.0047035795,0.0017101333,0.55219525,0.5343075,0.35048,0.34470788,0.42017865,0.4699475,0.64026153,0.6102405,0.19414485,0.35046762,0.0,0.26744664,0.001276332,0.5579314,0.7789657,0.0,1.0,0.0,0.8535534,0.14644662,0.6291922,0.582739,0.863326,0.67439395,1.0,0.18893206,0.35878313,0.0,0.0,0.3635352,1.0,5.0,2022-10-14T09:00:00,EURUSD,H1,3,BUY,8.441306816904248,34,"hit_tp=True,hit_sl=False,regime=3"
-0.0034127864,-0.00068749784,-0.0016833359,-0.0066446476,0.36817464,0.31671432,0.24491504,0.26970354,0.49616003,0.44684622,0.47833297,0.3253156,0.16384804,0.33512142,0.0,0.5027499,0.001508782,0.4893313,0.7446657,0.0,1.0,0.0,0.75,0.0669873,0.60313886,0.45765337,0.764922,0.7087038,1.0,0.056218173,0.36379254,0.0,0.0,0.68703157,-1.0,1.3,2022-10-16T10:00:00,EURUSD,H1,3,BUY,-5.1844828287084255,4,"hit_tp=False,hit_sl=True,regime=3"
0.001383666,-0.0005087643,-0.0014655645,-0.0061807544,0.32189995,0.44406322,0.4854367,0.35151035,0.21572186,0.33812055,0.16717833,0.15470426,0.26103982,0.7342658,0.0,0.21781917,0.0010426248,0.95655864,0.9782793,0.0,1.0,0.0,0.0,0.5,0.15277652,0.63505626,0.661707,0.4963094,0.6568228,0.1653976,0.37612393,0.0,0.0,0.39612046,-1.0,1.6900000000000002,2022-10-16T18:00:00,EURUSD,H1,3,BUY,-8.357783094503635,7,"hit_tp=False,hit_sl=True,regime=3"
0.0016576559,0.005556363,0.0066622384,0.0015542959,0.35011595,0.40786907,0.27676055,0.37228018,0.39091134,0.45454758,0.49091056,0.788193,0.17210563,0.65245855,0.0,0.2975657,0.00081389997,0.87008286,0.9350414,0.0,1.0,0.0,0.9330127,0.75,0.38104385,0.47724465,0.82782143,0.0,0.0,0.82782143,0.372433,0.0,0.0,0.74932545,-1.0,1.6900000000000002,2022-10-17T04:00:00,EURUSD,H1,3,BUY,-6.171360271542969,5,"hit_tp=False,hit_sl=True,regime=3"
0.00399767,0.00916013,0.007575769,0.012916903,0.4139545,0.4830272,0.3674171,0.3472672,0.7887358,0.61724514,1.0,0.8296738,0.26691177,0.675638,0.0,0.83733183,0.0011198337,0.93699706,0.9684985,0.0,1.0,0.0,1.0,0.5,0.77068883,0.4641259,1.0,0.0,0.0,1.0,0.36270666,0.0,0.0,0.6233101,-1.0,2.028,2022-10-18T06:00:00,EURUSD,H1,3,BUY,-7.704955228982069,23,"hit_tp=False,hit_sl=True,regime=3"
0.0018387922,0.0010263307,-0.0012613201,-0.00030819234,0.2691636,0.29619637,0.30230302,0.3083223,0.2043229,0.42674294,0.26676342,0.33787814,0.25784615,0.74256134,0.0,0.33452317,0.00043597168,0.5251699,0.7625849,0.0,1.0,0.0,0.75,0.0669873,0.20612241,0.4806925,0.8772254,0.47311813,0.83006245,0.40410727,0.38154593,0.0,0.0,0.42337555,1.0,5.0,2022-10-19T10:00:00,EURUSD,H1,3,BUY,9.04699090406913,7,"hit_tp=True,hit_sl=False,regime=3"
-0.00026098726,0.0013604608,0.004675969,0.008600823,0.38282743,0.2828793,0.3240607,0.30973715,0.72238606,0.6009457,0.86252034,0.8100174,0.24746291,0.31269196,0.0,0.7250299,0.0011990861,0.5544817,0.7772409,0.0,1.0,0.0,0.0,0.5,0.7764766,0.41972804,0.5240074,0.0,0.0,0.5240074,0.36833715,0.0,0.0,0.23013249,1.0,5.0,2022-10-19T18:00:00,EURUSD,H1,3,BUY,9.964631902674714,39,"hit_tp=True,hit_sl=False,regime=3"
0.0025093474,0.0013699102,-0.0017919112,-0.00857781,0.35013843,0.33126545,0.38816378,0.3262872,0.407857,0.38646638,0.1867398,0.18168502,0.13442624,0.6345464,0.0,0.33702397,0.00033823258,0.4404888,0.7202444,0.0,1.0,0.0,0.0669873,0.25,0.13563517,0.50897014,0.86706996,0.6814675,1.0,0.18560249,0.39002237,0.5224968,0.0,0.42105553,-1.0,1.56,2022-10-21T16:00:00,EURUSD,H1,3,BUY,-7.90881915041064,29,"hit_tp=False,hit_sl=True,regime=3"
0.0018059859,0.0010225275,-0.0019038309,0.00036583768,0.27267548,0.37665296,0.3591384,0.32090598,0.5333551,0.50991434,0.13897823,0.29638088,0.32276297,0.7397321,0.0,0.6152361,0.0004249326,0.44010365,0.7200518,0.0,1.0,0.0,0.8535534,0.14644662,0.28967324,0.5400085,0.8842106,0.30933335,0.54703164,0.57487726,0.3866667,0.0,0.0,0.39643943,1.0,5.0,2022-10-23T09:00:00,EURUSD,H1,3,BUY,9.202506405467936,8,"hit_tp=True,hit_sl=False,regime=3"
0.0012599482,0.00023941837,-0.0017790644,0.0010946802,0.55535686,0.42407286,0.41019392,0.3746768,0.59796315,0.520807,0.5964596,0.46750483,0.1797395,0.6485172,0.0,0.5204713,0.0011124869,0.63170815,0.8158541,0.0,1.0,0.0,0.62940955,0.9829629,0.6190179,0.42719865,0.7057695,0.6,0.84692335,0.10576947,0.3935788,0.0,0.0,0.37583795,-1.0,2.028,2022-10-24T01:00:00,EURUSD,H1,3,BUY,-7.815956425216708,26,"hit_tp=False,hit_sl=True,regime=3"
0.0018570059,-0.0014516436,0.00040969887,-0.0018101863,0.36405444,0.5335078,0.42984143,0.34955692,0.41147697,0.4500336,0.28836253,0.5591157,0.23816794,0.651857,0.0,0.38917235,0.0007316981,0.9312079,0.96560395,0.0,1.0,0.0,1.0,0.5,0.2417645,0.50399894,0.40760052,0.63699096,0.51927567,0.22939044,0.40760052,0.0,0.0,0.55854875,1.0,5.0,2022-10-25T06:00:00,EURUSD,H1,3,BUY,12.033299049960533,19,"hit_tp=True,hit_sl=False,regime=3"
0.00027437083,-0.0010355404,-0.0014811954,0.00032438294,0.35904542,0.36103082,0.3014245,0.33217007,0.8882015,0.56786513,0.6789936,0.5405354,0.14299576,0.640731,0.0,0.7626823,0.0014553801,0.53444684,0.7672234,0.0,1.0,0.0,0.75,0.9330127,0.6881848,0.46398064,0.5885471,0.0,0.0,0.5885471,0.3564162,0.0,0.0,0.28109193,-1.0,1.6900000000000002,2022-10-26T02:00:00,EURUSD,H1,3,BUY,-7.621438901634914,11,"hit_tp=False,hit_sl=True,regime=3"
-0.004121518,-0.0036670405,-0.0023457538,-0.006898116,0.43802348,0.4551408,0.38303348,0.37172237,0.29714283,0.40488234,0.24181545,0.39666465,0.13390164,0.38195488,0.0,0.38991764,0.0008386079,0.83374846,0.91687423,0.0,1.0,0.0,0.0669873,0.25,0.24764818,0.44526637,0.43991998,1.0,0.87983996,0.56008005,0.3613094,0.0,0.0,0.6,1.0,5.0,2022-10-26T16:00:00,EURUSD,H1,3,BUY,13.281845851105256,66,"hit_tp=True,hit_sl=False,regime=3"
-0.0037104737,-0.006371278,-0.004177285,-0.0046715504,0.42560047,0.47258872,0.4625496,0.33169442,0.2080983,0.2925972,0.2425314,0.32436055,0.20066756,0.331568,0.0,0.3506825,0.0013391485,0.94013435,0.97006714,0.0,1.0,0.0,0.37059048,0.9829629,0.21300231,0.42569798,0.5383126,1.0,1.0,0.46168736,0.36984587,0.0,0.0,0.6598712,-1.0,1.6900000000000002,2022-10-30T23:00:00,EURUSD,H1,3,BUY,-7.270850632055126,11,"hit_tp=False,hit_sl=True,regime=3"
0.0013238982,0.003849484,0.0009950344,0.00088246376,0.45264804,0.3332182,0.31278017,0.37248597,0.30357137,0.4491256,0.36135203,0.47649688,0.2689115,0.69793427,0.0,0.24352737,0.0004491104,0.4830743,0.74153715,0.0,1.0,0.0,0.62940955,0.017037086,0.32745415,0.49117473,0.816071,0.5152176,0.8409082,0.30085334,0.37301716,0.0,0.0,0.5185059,-1.0,1.6900000000000002,2022-10-31T11:00:00,EURUSD,H1,3,BUY,-6.441439945861216,4,"hit_tp=False,hit_sl=True,regime=3"
0.0031407916,0.00286073,-0.000663195,-0.0050952598,0.5573073,0.443508,0.389289,0.35207734,0.3550335,0.46401638,0.1654744,0.32239854,0.17967914,0.6578115,0.0,0.24490651,0.0004790264,0.4467514,0.7233757,0.0,1.0,0.0,0.0669873,0.25,0.20627744,0.52543277,1.0,0.1584547,0.3169094,0.8415453,0.39613676,0.0,0.0,0.4713462,1.0,5.0,2022-10-31T16:00:00,EURUSD,H1,3,BUY,8.970893347890474,10,"hit_tp=True,hit_sl=False,regime=3"
0.0033821207,0.004282542,0.006020565,0.015644796,0.32257116,0.31313145,0.27154875,0.32808504,0.7189776,0.6872648,0.8765035,0.8979277,0.1764304,0.6248238,0.0,0.7241337,0.0013291362,0.78282225,0.8914111,0.0,1.0,0.0,0.8535534,0.8535534,0.85626024,0.53928715,0.47828886,0.0,0.0,0.47828886,0.39706054,0.0,0.0,0.93710095,-1.0,1.6900000000000002,2022-11-01T03:00:00,EURUSD,H1,3,BUY,-6.477992599467353,13,"hit_tp=False,hit_sl=True,regime=3"
0.0048608873,0.008801024,0.005993403,0.001112943,0.3726029,0.31317502,0.2912284,0.36415142,0.53030014,0.48626837,0.51212895,0.50915116,0.2855938,0.7362706,0.0,0.4528762,0.0014249729,0.659703,0.8298515,0.0,1.0,0.0,0.017037086,0.37059048,0.5016305,0.5029242,0.58712685,0.24722227,0.29030168,0.3399046,0.41203713,0.0,0.0,0.6513055,1.0,5.0,2022-11-01T17:00:00,EURUSD,H1,3,BUY,12.526352330570756,46,"hit_tp=True,hit_sl=False,regime=3"
-0.0016855728,0.0020015351,0.0012089472,0.0021597706,0.560027,0.4348856,0.3321365,0.33475667,0.64434856,0.50073725,0.67955214,0.55080026,0.41998217,0.23635665,0.0,0.7250454,0.0021261128,0.37159643,0.6857982,0.0,1.0,0.0,0.9829629,0.37059048,0.72222936,0.49498528,1.0,0.3941373,0.7882746,0.6058627,0.3969313,0.0,0.0,0.5640537,-1.0,1.6900000000000002,2022-11-04T07:00:00,EURUSD,H1,3,BUY,-7.449187276800107,19,"hit_tp=False,hit_sl=True,regime=3"
0.0021509994,0.0053532585,0.001511481,0.0035119008,0.32655144,0.29159355,0.3080608,0.33557335,0.5111028,0.49746352,0.42861176,0.44236702,0.19425587,0.63498026,0.0,0.38056776,0.0005039385,0.68697464,0.8434873,0.0,1.0,0.0,0.62940955,0.9829629,0.42350185,0.45094004,0.65458536,0.59998876,0.7854877,0.054596595,0.3681415,0.0,0.0,0.5403851,1.0,5.0,2022-11-06T01:00:00,EURUSD,H1,3,BUY,9.814529078966405,25,"hit_tp=True,hit_sl=False,regime=3"
-0.0014685857,0.0016194442,0.004676653,0.0070976214,0.32919568,0.3359922,0.30967966,0.34502596,0.6633436,0.55685204,0.88192475,0.73691845,0.1060686,0.37766105,0.0,0.6475184,0.0013832154,0.43174186,0.7158709,0.0,1.0,0.0,0.8535534,0.8535534,0.9131633,0.6291634,0.7384821,0.15918699,0.23511347,0.57929516,0.39796746,0.5132401,0.41680545,0.3157522,1.0,5.0,2022-11-07T03:00:00,EURUSD,H1,3,BUY,10.965868487358144,19,"hit_tp=True,hit_sl=False,regime=3"
-0.0012920485,0.004404322,5.912223e-05,0.01731942,0.5436447,0.66992277,0.61714906,0.444309,0.723011,0.6294452,0.7669509,0.56627345,0.13436778,0.29324812,0.0,0.7578515,0.0030522048,0.45126495,0.7256325,1.0,0.0,0.0,0.5,0.0,0.8320175,0.73930776,0.5748061,0.35940096,0.41317174,0.21540514,0.35940096,0.0,0.0,0.46841595,-1.0,1.56,2020-01-01T12:00:00,EURUSD,H1,1,BUY,-14.467111863114557,26,"hit_tp=False,hit_sl=True,regime=1"
0.00800468,0.004553237,0.0034466933,-0.004451375,0.27330214,0.40148634,0.45761764,0.38360637,0.36399198,0.43966192,0.29165334,0.48134705,0.1560643,0.6592899,0.0,0.2804008,0.00157637,0.9265446,0.96327233,1.0,0.0,0.0,0.017037086,0.37059048,0.17242965,0.63896966,0.8866258,0.81620604,1.0,0.070419796,0.39499253,0.0,0.0,0.5823317,-1.0,1.6900000000000002,2020-01-02T17:00:00,EURUSD,H1,1,BUY,-20.750849843851338,13,"hit_tp=False,hit_sl=True,regime=1"
-0.003340941,-0.0020513865,0.0035211716,-0.01857889,0.32097983,0.3315909,0.3213961,0.33003187,0.37903205,0.39237025,0.23226593,0.31129092,0.13022804,0.373567,0.0,0.3493792,0.0007550884,0.4543426,0.7271713,1.0,0.0,0.0,0.9829629,0.37059048,0.22242785,0.49307933,0.8,0.931751,1.0,0.13175099,0.5411272,0.0,0.0,0.39649028,-1.0,1.3,2020-01-03T07:00:00,EURUSD,H1,1,BUY,-14.304953944670462,4,"hit_tp=False,hit_sl=True,regime=1"
0.008260024,0.0016350079,-0.0017025769,-0.010418024,0.4979776,0.4035381,0.43682092,0.35428163,0.40044022,0.46505463,0.14781249,0.36682776,0.23635308,0.69003105,0.0,0.2951408,0.00083515927,0.4204318,0.7102159,1.0,0.0,0.0,0.017037086,0.62940955,0.23671131,0.4567046,0.7078158,0.0,0.0,0.7078158,0.0,0.0,0.0,0.47195765,0.0,1.2,2020-01-03T19:00:00,EURUSD,H1,1,BUY,5.885939935805773,100,"hit_tp=False,hit_sl=False,regime=1"
0.0074108103,0.003158407,0.0045554806,0.0053674164,0.4174909,0.34406355,0.32407573,0.29660702,0.6160097,0.54750806,0.5966408,0.44324192,0.26323244,0.6846444,0.0,0.40995976,0.001280766,0.91222227,0.95611113,1.0,0.0,0.0,0.9330127,0.75,0.58674735,0.5444726,0.79050165,1.0,1.0,0.20949836,0.7255023,0.0,0.0,0.7404764,-1.0,1.6900000000000002,2020-01-08T04:00:00,EURUSD,H1,1,BUY,-13.138156042120652,3,"hit_tp=False,hit_sl=True,regime=1"
0.016952055,0.012170298,0.006244861,-0.004952504,0.56916004,0.46144456,0.40268382,0.34340107,0.5376264,0.48700857,0.33991265,0.32987037,0.1431085,0.65688366,0.0,0.41353264,0.0010466131,0.8837287,0.9418643,1.0,0.0,0.0,0.8535534,0.14644662,0.18145555,0.5568992,1.0,0.0,0.0,1.0,0.0,0.0,0.0,0.5677779,-1.0,2.028,2020-01-08T09:00:00,EURUSD,H1,1,BUY,-16.842081625965122,42,"hit_tp=False,hit_sl=True,regime=1"
0.0032146797,0.0044776625,0.0030466677,0.0016438711,0.22700296,0.35396388,0.3378071,0.35742,0.12172938,0.44657758,0.33016232,0.48396483,0.192,0.62985224,0.0,0.18938562,0.0010417283,0.45166802,0.725834,1.0,0.0,0.0,0.62940955,0.017037086,0.30107805,0.3702741,0.3883097,1.0,0.7766194,0.61169034,0.6137433,0.0,0.0,0.72646993,1.0,5.0,2020-01-10T11:00:00,EURUSD,H1,1,BUY,20.761115445102618,12,"hit_tp=True,hit_sl=False,regime=1"
-0.018807521,-0.016136667,-0.017655853,-0.009243713,0.4305974,0.37079737,0.3546273,0.3302573,0.55341816,0.5717669,0.5413694,0.3889592,0.24626437,0.33459768,0.0,0.67366946,0.0012339094,0.535096,0.76754797,1.0,0.0,0.0,0.5,1.0,0.80667883,0.5726013,1.0,1.0,1.0,0.0,0.0,0.0,0.0,0.8,-1.0,1.3,2020-01-11T00:00:00,EURUSD,H1,1,BUY,-15.24367952598693,3,"hit_tp=False,hit_sl=True,regime=1"
-0.0050026514,-0.01143504,-0.028075814,-0.047907975,0.4840131,0.40019125,0.37434563,0.31691325,0.34606293,0.41645202,0.016318075,0.13535942,0.28058395,0.3124917,0.0,0.52665865,0.00029455588,0.11470227,0.5573511,1.0,0.0,0.0,0.9330127,0.75,0.14034618,0.2806641,0.801828,0.0,0.0,0.801828,0.0,0.0,0.0,0.7067868,-1.0,1.56,2020-01-11T04:00:00,EURUSD,H1,1,BUY,-18.59506689043222,29,"hit_tp=False,hit_sl=True,regime=1"
0.005794256,0.0046223025,0.0065384423,0.009827954,0.39028865,0.33972886,0.27696422,0.276409,0.41964057,0.51145524,0.43284097,0.60456586,0.13978244,0.6651101,0.0,0.333024,0.0009989387,0.37769508,0.68884754,1.0,0.0,0.0,0.5,0.0,0.33623993,0.62561136,1.0,0.0,0.0,1.0,0.0,0.0,0.0,0.7914346,-1.0,1.6900000000000002,2020-01-12T12:00:00,EURUSD,H1,1,BUY,-13.123936355419197,16,"hit_tp=False,hit_sl=True,regime=1"
-0.0007564724,-0.006696509,-0.0019492927,-0.01631642,0.30942002,0.30767503,0.33350965,0.33129454,0.22377972,0.43707582,0.18948454,0.26493508,0.14714143,0.36140347,0.0,0.25683185,0.00021748486,0.0871501,0.54357505,1.0,0.0,0.0,0.75,0.0669873,0.16121374,0.5911442,1.0,0.5668257,1.0,0.4331743,0.44161883,0.0,0.0,0.4396488,-1.0,1.3,2020-01-13T10:00:00,EURUSD,H1,1,BUY,-16.884313084368774,4,"hit_tp=False,hit_sl=True,regime=1"
0.006410728,0.0012683582,0.00046616068,-0.0070293993,0.37022558,0.38140628,0.44178587,0.3715962,0.27996263,0.48588416,0.21411623,0.30457482,0.15087146,0.6216814,0.0,0.2851157,0.00073629443,0.24485318,0.62242657,1.0,0.0,0.0,0.25,0.9330127,0.25022393,0.45645684,0.70778793,0.4985846,0.7057843,0.20920333,0.39231738,0.0,0.0,0.51132226,-1.0,1.56,2020-01-13T22:00:00,EURUSD,H1,1,BUY,-21.515464089920666,31,"hit_tp=False,hit_sl=True,regime=1"
0.003703522,0.0010172982,0.014792493,0.013833121,0.2017409,0.23739651,0.31181,0.30857813,0.39020294,0.49820584,0.4533136,0.872342,0.10300455,0.64718395,0.0,0.4196539,0.0013172345,0.56614,0.78307,1.0,0.0,0.0,0.5,0.0,0.36693332,0.58082837,0.7297966,0.0,0.0,0.7297966,0.0,0.0,0.0,0.5102431,-1.0,1.6900000000000002,2020-01-15T12:00:00,EURUSD,H1,1,BUY,-16.241273555435143,8,"hit_tp=False,hit_sl=True,regime=1"
0.010021756,0.011460248,0.009078881,0.0032456664,0.18653531,0.2328013,0.27102226,0.31534407,0.5003172,0.49457046,0.39267474,0.36895093,0.23625255,0.6548804,0.0,0.55509704,0.0008935629,0.45216095,0.7260805,1.0,0.0,0.0,0.14644662,0.8535534,0.26398256,0.4943053,0.7487463,0.0,0.0,0.7487463,0.4667415,0.0,0.0,0.8,1.0,5.0,2020-01-15T21:00:00,EURUSD,H1,1,BUY,16.06291496264456,20,"hit_tp=True,hit_sl=False,regime=1"
0.002098919,0.0008346496,-0.00352048,0.009569857,0.26066065,0.34399608,0.32216966,0.34496996,0.5483012,0.48666844,0.3880171,0.63896304,0.13521127,0.6308581,0.0,0.44799936,0.0018724448,0.83914655,0.9195733,1.0,0.0,0.0,0.75,0.9330127,0.47954378,0.40913504,0.7767088,1.0,1.0,0.22329122,0.6482119,0.0,0.0,0.36314294,-1.0,1.6900000000000002,2020-01-17T02:00:00,EURUSD,H1,1,BUY,-17.127695726593117,16,"hit_tp=False,hit_sl=True,regime=1"
0.0064982157,0.0045572994,0.0025240034,-0.014601435,0.29258174,0.3810711,0.40423122,0.3356461,0.11196326,0.34665114,0.2801227,0.27002305,0.25450927,0.6861325,0.0,0.081745304,0.0010402852,0.3872671,0.69363356,1.0,0.0,0.0,0.75,0.9330127,0.2037486,0.4904749,1.0,0.50261897,1.0,0.49738103,0.34219602,0.0,0.0,0.5723219,1.0,5.0,2020-01-18T02:00:00,EURUSD,H1,1,BUY,22.06184435620484,28,"hit_tp=True,hit_sl=False,regime=1"
0.0006126401,0.002544595,0.017767567,0.02490688,0.5496343,0.5214924,0.43864465,0.3352612,0.62193257,0.58119035,0.8179044,0.86136085,0.22399005,0.6695274,0.0,0.51017934,0.0029848688,0.9055527,0.9527763,1.0,0.0,0.0,0.9829629,0.37059048,0.828502,0.57701963,0.997915,0.0,0.0,0.997915,0.41256297,0.0,0.0,0.6207062,-1.0,1.6900000000000002,2020-01-19T07:00:00,EURUSD,H1,1,BUY,-19.79396721432103,19,"hit_tp=False,hit_sl=True,regime=1"
0.00974416,0.008908995,0.013857803,0.019072074,0.4187203,0.41596735,0.34382433,0.30195028,0.49829358,0.47126287,0.4936175,0.7122048,0.17400347,0.63851655,0.0,0.41361552,0.0022864435,0.72466004,0.86233,1.0,0.0,0.0,1.0,0.5,0.3373041,0.5354335,1.0,0.0,0.0,1.0,0.26701334,0.0,0.0,0.7765969,1.0,5.0,2020-01-20T06:00:00,EURUSD,H1,1,BUY,17.604895812570742,18,"hit_tp=True,hit_sl=False,regime=1"
-0.00033301744,0.0072709103,0.016326826,0.014721592,0.45564386,0.3560986,0.36611605,0.33704743,0.5977403,0.56670755,0.936712,0.59686095,0.23093495,0.26172766,0.0,0.5398689,0.0024362558,0.5629597,0.78147984,1.0,0.0,0.0,0.62940955,0.9829629,0.8905402,0.53384113,0.6,0.7585247,0.9102296,0.1585247,0.3585247,0.0,0.0,0.2117679,-1.0,1.56,2020-01-21T01:00:00,EURUSD,H1,1,BUY,-18.591169590798096,30,"hit_tp=False,hit_sl=True,regime=1"
0.006041426,-0.0022410967,-0.0028397562,-0.006747671,0.38706395,0.299796,0.34265018,0.3284154,0.39146426,0.43735218,0.115685865,0.3432036,0.27629578,0.68444294,0.0,0.21651638,0.0006547123,0.3248896,0.66244483,1.0,0.0,0.0,0.37059048,0.017037086,0.234509,0.56143224,0.66443527,0.0,0.0,0.66443527,0.490737,0.512919,0.43162575,0.44288972,1.0,5.0,2020-01-22T13:00:00,EURUSD,H1,1,BUY,19.541380310159617,13,"hit_tp=True,hit_sl=False,regime=1"
0.00066986674,0.007899173,-0.010662428,-0.00014645103,0.2945382,0.29003605,0.32449478,0.31897655,0.652444,0.5544375,0.64768034,0.403652,0.3093596,0.7243615,0.0,0.67970026,0.0023067829,0.9440007,0.97200036,1.0,0.0,0.0,0.5,0.0,0.6849999,0.28289828,0.43148497,0.50971675,0.4398702,0.0782318,0.43148497,0.0,0.0,0.4151891,-1.0,1.6900000000000002,2020-01-23T12:00:00,EURUSD,H1,1,BUY,-17.012029287539754,17,"hit_tp=False,hit_sl=True,regime=1"
0.0020200782,0.002502181,-0.014274486,-0.02656424,0.33142537,0.29596192,0.28665867,0.3159429,0.05086651,0.3408652,0.1752338,0.13216335,0.1790979,0.65433824,0.0,0.0,0.00046042143,0.21920204,0.609601,1.0,0.0,0.0,0.62940955,0.017037086,0.14440523,0.605704,0.37979087,0.0,0.0,0.37979087,0.37979087,0.0,0.0,0.4628317,1.0,3.9000000000000004,2020-01-24T11:00:00,EURUSD,H1,1,BUY,16.21989663225909,17,"hit_tp=True,hit_sl=False,regime=1"
-0.00012571785,0.0030737913,0.004431624,0.013654274,0.43869704,0.34942853,0.35740894,0.31832588,0.60906655,0.62263685,0.7857051,0.6376623,0.25061107,0.33425698,0.0,0.7104651,0.0016075416,0.705754,0.85287696,1.0,0.0,0.0,0.9829629,0.62940955,0.84483516,0.29838943,1.0,0.54810053,1.0,0.45189947,0.53460157,0.0,0.0,0.2161106,1.0,5.0,2020-01-25T05:00:00,EURUSD,H1,1,BUY,17.59560994957443,11,"hit_tp=True,hit_sl=False,regime=1"
-2.2068916e-05,-0.004357019,-0.004022491,-0.0070315017,0.39096165,0.38707316,0.34772855,0.34958,0.70585585,0.53442794,0.46134877,0.42205444,0.26389498,0.32948044,0.0,0.591024,0.0021478797,0.9434875,0.97174376,1.0,0.0,0.0,0.017037086,0.37059048,0.5947387,0.44568524,0.3858289,1.0,0.7716578,0.6141711,0.54691076,0.0,0.0,0.40282172,-1.0,1.6900000000000002,2020-01-25T17:00:00,EURUSD,H1,1,BUY,-17.03095366065499,15,"hit_tp=False,hit_sl=True,regime=1"
0.0062764636,0.0056536538,0.0010909901,-0.004621706,0.33331838,0.2961503,0.27895534,0.32813168,0.25387457,0.41700405,0.26448065,0.37350652,0.2381161,0.7061411,0.0,0.33042678,0.0007361339,0.44380534,0.72190267,1.0,0.0,0.0,0.62940955,0.017037086,0.19586067,0.46520036,1.0,0.819002,1.0,0.18099803,0.4443982,0.0,0.45714378,0.5285631,-1.0,1.3,2020-01-26T11:00:00,EURUSD,H1,1,BUY,-12.843252852687836,17,"hit_tp=False,hit_sl=True,regime=1"
0.015699672,0.0034922685,0.005682143,0.00022629985,0.3379321,0.3250959,0.33639374,0.3453666,0.4769274,0.4981071,0.32019126,0.41166085,0.5130263,0.8429003,1.0,0.4508647,0.0011223657,0.5486056,0.7743028,1.0,0.0,0.0,0.9829629,0.62940955,0.025360424,0.4483268,1.0,0.9576256,1.0,0.042374372,0.39406407,0.51752394,0.55480283,0.71299666,1.0,4.680000000000001,2020-01-27T05:00:00,EURUSD,H1,1,BUY,21.74288243282474,36,"hit_tp=True,hit_sl=False,regime=1"
0.00525355,0.004838004,0.0016397329,0.0076982416,0.5127359,0.42667028,0.4435027,0.40415755,0.72982347,0.55050707,0.71327007,0.60225856,0.2428775,0.6641173,0.0,0.7403308,0.0028851503,0.3889926,0.6944963,1.0,0.0,0.0,0.5,1.0,0.69958735,0.5430282,1.0,0.0,0.0,1.0,0.0,0.0,0.0,0.555487,-1.0,1.6900000000000002,2020-01-29T00:00:00,EURUSD,H1,1,BUY,-18.541416994997117,11,"hit_tp=False,hit_sl=True,regime=1"
0.007886661,0.007251341,0.0014057859,-0.0014024272,0.35235286,0.25080958,0.29757294,0.35493556,0.39417195,0.42415494,0.3082726,0.41303188,0.188038,0.66328996,0.0,0.44205007,0.0019460559,0.88464713,0.94232357,1.0,0.0,0.0,0.5,0.0,0.21525657,0.58179873,1.0,0.6,1.0,0.4,0.0,0.0,0.0,0.5293637,1.0,5.0,2020-01-29T12:00:00,EURUSD,H1,1,BUY,19.76665933892674,16,"hit_tp=True,hit_sl=False,regime=1"
0.01713876,0.012460262,0.016641384,0.0155637385,0.2923908,0.32471558,0.32562703,0.34172374,0.477305,0.45889908,0.6307859,0.61814815,0.39365697,0.7690646,0.0,0.44090328,0.0043237433,0.56568134,0.78284067,1.0,0.0,0.0,0.75,0.0669873,0.34279457,0.5296814,1.0,0.54919064,1.0,0.45080936,0.0,0.0,0.0,0.79561675,1.0,3.9000000000000004,2020-01-31T10:00:00,EURUSD,H1,1,BUY,20.74169479992838,14,"hit_tp=True,hit_sl=False,regime=1"
0.0049667875,0.0024560133,-0.0026474064,-0.023088269,0.35142973,0.34285006,0.31688198,0.33224946,0.3687694,0.3344659,0.22106172,0.16795646,0.1263757,0.6220713,0.0,0.5265027,0.0016214084,0.7773102,0.8886551,1.0,0.0,0.0,0.5,0.0,0.27383274,0.45909518,0.82973874,0.9313175,1.0,0.10157874,0.27500337,0.0,0.0,0.43685216,1.0,5.0,2020-02-01T12:00:00,EURUSD,H1,1,BUY,18.81410048733212,7,"hit_tp=True,hit_sl=False,regime=1"
-0.0005301207,-0.0014171508,0.004800384,-0.0024519654,0.5031013,0.4316562,0.39957643,0.33856127,0.3659147,0.4617902,0.6282689,0.49712408,0.24675642,0.31650725,0.0,0.44118688,0.002193667,0.9477435,0.9738717,1.0,0.0,0.0,0.0669873,0.75,0.42001083,0.4997924,0.4176234,1.0,0.8352468,0.5823766,0.6729449,0.0,0.0,0.44166777,1.0,5.0,2020-02-01T20:00:00,EURUSD,H1,1,BUY,22.748572404078793,5,"hit_tp=True,hit_sl=False,regime=1"
-0.00608392,-0.0018731002,0.0005062175,0.0025405437,0.18186246,0.20864637,0.23064569,0.29600692,0.70896596,0.5401246,0.7396893,0.74902767,0.4325309,0.18892197,0.0,0.7376936,0.0039149034,0.19202495,0.5960125,1.0,0.0,0.0,0.14644662,0.14644662,0.7429769,0.54991806,0.45746183,0.7407825,0.6777594,0.28332067,0.52002496,0.0,0.0,0.48802128,1.0,3.9000000000000004,2020-02-02T15:00:00,EURUSD,H1,1,BUY,18.02463660244502,8,"hit_tp=True,hit_sl=False,regime=1"
0.0031417643,0.00025876504,0.0009775201,0.00012764969,0.36265,0.360648,0.31562862,0.29278597,0.68777436,0.4930857,0.6910831,0.6616778,0.1437314,0.6620878,0.0,0.736011,0.004935437,0.2344523,0.6172262,1.0,0.0,0.0,0.5,1.0,0.6800167,0.45665845,0.778778,0.8,1.0,0.021221977,0.5383208,0.0,0.0,0.67953485,1.0,3.9000000000000004,2020-02-03T00:00:00,EURUSD,H1,1,BUY,17.481424319341077,5,"hit_tp=True,hit_sl=False,regime=1"
0.0015394075,-0.0018753887,-0.0034850717,-0.006983457,0.24218804,0.2644914,0.34728664,0.32837254,0.51822186,0.4614076,0.57562995,0.42688736,0.22341697,0.68336284,0.0,0.41055167,0.0062535875,0.19209391,0.5960469,1.0,0.0,0.0,0.0,0.5,0.63683397,0.45739928,0.79891896,1.0,1.0,0.20108107,0.82105184,0.0,0.0,0.3406972,1.0,3.9000000000000004,2020-02-03T18:00:00,EURUSD,H1,1,BUY,19.640785704448938,16,"hit_tp=True,hit_sl=False,regime=1"
0.010958709,0.003833366,-0.007716767,-0.021782728,0.25676486,0.25591424,0.32142147,0.31980577,0.2779721,0.3248423,0.20315851,0.10769341,0.24575739,0.6896996,0.0,0.31264046,0.0017938305,0.7454003,0.87270015,1.0,0.0,0.0,0.14644662,0.8535534,0.09733324,0.43880796,0.75638086,0.0,0.0,0.75638086,0.0,0.5554373,0.0,0.42182574,-1.0,1.6900000000000002,2020-02-04T21:00:00,EURUSD,H1,1,BUY,-15.335909414055937,13,"hit_tp=False,hit_sl=True,regime=1"
0.013784273,0.0025419586,-0.0031147632,-0.007767219,0.3947663,0.40026742,0.33725405,0.305822,0.40091002,0.44195387,0.16307515,0.27858216,0.1993565,0.65158075,0.0,0.5178542,0.00068873895,0.30957544,0.6547877,1.0,0.0,0.0,0.62940955,0.017037086,0.11634531,0.5900689,0.70437706,0.0,0.0,0.70437706,0.0,0.5182858,0.4801677,0.46952283,-1.0,1.3,2020-02-05T11:00:00,EURUSD,H1,1,BUY,-13.3838598616709,7,"hit_tp=False,hit_sl=True,regime=1"
0.0066523394,0.0014346777,0.005824869,-0.004994971,0.21430741,0.29349682,0.38812542,0.34760982,0.51587814,0.4876459,0.28099048,0.2772264,0.2118089,0.6832975,0.0,0.33623514,0.0007412792,0.29311585,0.6465579,1.0,0.0,0.0,0.5,1.0,0.23029426,0.57525474,0.7125095,0.9456098,1.0,0.23310032,0.36168066,0.0,0.0,0.6454784,1.0,4.680000000000001,2020-02-06T00:00:00,EURUSD,H1,1,BUY,21.370181645270492,25,"hit_tp=True,hit_sl=False,regime=1"
-0.0072224615,-0.003648898,-0.005453255,0.017784856,0.23435895,0.2920553,0.30980265,0.31912938,0.7150905,0.64059573,0.7654969,0.7667104,0.26955247,0.32388452,0.0,0.60900056,0.0026295562,0.41132203,0.705661,1.0,0.0,0.0,0.8535534,0.8535534,0.82052904,0.5989848,0.6640926,0.83678544,1.0,0.17269284,0.0,0.0,0.4563838,0.74389374,1.0,3.9000000000000004,2020-02-07T03:00:00,EURUSD,H1,1,BUY,17.17040239072265,9,"hit_tp=True,hit_sl=False,regime=1"
-0.0073328805,-0.0102183875,0.0035104589,-0.002822713,0.27758974,0.20598076,0.22210889,0.28242713,0.677807,0.5579057,0.6457032,0.5845059,0.26243794,0.2760838,0.0,0.59169143,0.0035371357,0.3619534,0.6809767,1.0,0.0,0.0,0.37059048,0.017037086,0.7041807,0.5590003,0.6,0.41432604,0.49719125,0.18567397,0.51790756,0.0,0.0,0.5837179,-1.0,1.3,2020-02-07T13:00:00,EURUSD,H1,1,BUY,-10.738670548491314,3,"hit_tp=False,hit_sl=True,regime=1"
-0.004521329,0.0034955184,-0.0027700793,-0.013507439,0.5897385,0.45422965,0.34953701,0.3089754,0.58176523,0.45755604,0.37724856,0.32969362,0.22029674,0.32523534,0.0,0.4566223,0.0032292919,0.57923234,0.78961617,1.0,0.0,0.0,0.017037086,0.37059048,0.5959011,0.5560779,1.0,0.0,0.0,1.0,0.0,0.0,0.0,0.5442921,-1.0,1.6900000000000002,2020-02-07T17:00:00,EURUSD,H1,1,BUY,-12.8113775419747,4,"hit_tp=False,hit_sl=True,regime=1"
0.0017884079,-0.007913781,-0.012512361,-0.02192539,0.3272847,0.4270063,0.43574,0.32628384,0.30176973,0.34427473,0.094061844,0.18803778,0.18368837,0.64655334,0.0,0.20266744,0.0021353632,0.9384501,0.96922505,1.0,0.0,0.0,0.25,0.9330127,0.10641495,0.6184377,0.9550201,0.0,0.0,0.9550201,0.4423044,0.0,0.0,0.26665646,-1.0,2.028,2020-02-07T22:00:00,EURUSD,H1,1,BUY,-15.60207015603332,27,"hit_tp=False,hit_sl=True,regime=1"
0.007708611,-0.0031975403,-0.0034148858,-0.016266633,0.2380433,0.30823156,0.2940383,0.2924083,0.34818435,0.45144352,0.10511883,0.16835082,0.25741813,0.6895974,0.0,0.26731455,0.0004760407,0.24531895,0.62265944,1.0,0.0,0.0,0.75,0.9330127,0.09170675,0.5313035,0.6,0.29148307,0.3497797,0.30851692,0.5753987,0.5759865,0.42652386,0.4455752,-1.0,1.3,2020-02-09T02:00:00,EURUSD,H1,1,BUY,-12.019370251743489,13,"hit_tp=False,hit_sl=True,regime=1"
0.012004051,0.005311147,0.0022795754,-0.0047873966,0.42361772,0.35076723,0.35246807,0.30750966,0.4180314,0.47245938,0.30719882,0.35845488,0.3468389,0.7268296,0.0,0.41215685,0.0007520301,0.37740728,0.68870366,1.0,0.0,0.0,0.017037086,0.62940955,0.12493161,0.50864255,0.7990042,0.47896913,0.76539665,0.3200351,0.0,0.0,0.51466537,0.5314903,-1.0,1.3,2020-02-09T19:00:00,EURUSD,H1,1,BUY,-11.776630718640657,3,"hit_tp=False,hit_sl=True,regime=1"
-0.00675483,-0.011869566,-0.015697274,-0.007099168,0.5275089,0.52544075,0.44934148,0.36696708,0.27697444,0.4600322,0.05943577,0.31530985,0.19434708,0.34301004,0.0,0.2801465,0.0003031578,0.15009357,0.5750468,1.0,0.0,0.0,0.37059048,0.9829629,0.21828176,0.60517776,0.56040335,0.40983507,0.4593459,0.15056825,0.4867603,0.0,0.0,0.8580756,-1.0,1.3,2020-02-09T23:00:00,EURUSD,H1,1,BUY,-15.541323720600353,13,"hit_tp=False,hit_sl=True,regime=1"
-0.0012499546,-0.0043706098,-0.01083817,-0.027225545,0.3803837,0.38797513,0.41367486,0.4037543,0.25461793,0.41683462,0.18158077,0.21920152,0.2545098,0.31998914,0.0,0.261491,0.00038501268,0.13439974,0.5671999,1.0,0.0,0.0,0.0,0.5,0.16161361,0.30953202,0.37264717,0.42283982,0.31514013,0.05019266,0.37264717,0.0,0.0,0.6691642,1.0,3.9000000000000004,2020-02-10T18:00:00,EURUSD,H1,1,BUY,26.647034698363825,20,"hit_tp=True,hit_sl=False,regime=1"
-0.006839551,-0.003577228,-0.0007278398,0.002476856,0.2675273,0.29256243,0.30664685,0.30639148,0.6183654,0.59719145,0.759427,0.7537571,0.24180865,0.3288318,0.0,0.5899838,0.0026446348,0.96278006,0.98139,1.0,0.0,0.0,0.14644662,0.14644662,0.8362931,0.4273421,1.0,0.8493588,1.0,0.15064119,0.39223006,0.0,0.0,0.5168539,-1.0,1.6900000000000002,2020-02-11T15:00:00,EURUSD,H1,1,BUY,-14.627829864481967,3,"hit_tp=False,hit_sl=True,regime=1"
0.004919435,0.001602343,0.0010426675,-0.013522276,0.4511895,0.39523393,0.35706055,0.33187404,0.5817129,0.51792073,0.44318038,0.43109155,0.16237912,0.6565089,0.0,0.59082645,0.0023111568,0.9760005,0.9880003,1.0,0.0,0.0,0.017037086,0.62940955,0.43192396,0.49126065,0.7471959,0.0,0.0,0.7471959,0.0,0.0,0.0,0.53556836,-1.0,2.028,2020-02-11T19:00:00,EURUSD,H1,1,BUY,-17.65000016091589,33,"hit_tp=False,hit_sl=True,regime=1"
0.0017398369,-0.003782372,-0.010905895,-0.00386187,0.23559815,0.23276156,0.33155724,0.30819774,0.30768847,0.43942133,0.214468,0.3354823,0.16623376,0.62723696,0.0,0.29602733,0.00049359567,0.35664812,0.67832404,1.0,0.0,0.0,0.9829629,0.62940955,0.15511377,0.51762205,0.72281504,0.42245945,0.6107201,0.30035558,0.44831067,0.0,0.0,0.27253112,-1.0,1.3,2020-02-13T05:00:00,EURUSD,H1,1,BUY,-17.38012507604303,18,"hit_tp=False,hit_sl=True,regime=1"
0.0068713725,0.0032077902,-0.0031797576,-0.0050584585,0.25581038,0.2863038,0.2953381,0.34726515,0.15870656,0.37716192,0.27975887,0.3142905,0.12572388,0.63810915,0.0,0.12746637,0.0006662023,0.24554442,0.6227722,1.0,0.0,0.0,0.9829629,0.62940955,0.20405829,0.4160389,0.94185233,0.50055575,0.9428992,0.4412966,0.32301039,0.0,0.0,0.44360656,1.0,4.680000000000001,2020-02-14T05:00:00,EURUSD,H1,1,BUY,20.37165542312591,36,"hit_tp=True,hit_sl=False,regime=1"
0.00072459644,0.00018946831,0.00035851685,0.0030128588,0.15387617,0.24436611,0.30122337,0.34299004,0.70451915,0.5449508,0.69568413,0.53990954,0.21702127,0.67527306,0.0,0.55416834,0.0022329143,0.77492577,0.8874629,1.0,0.0,0.0,0.0669873,0.75,0.6975971,0.38811633,1.0,0.8,1.0,0.2,0.6557579,0.0,0.0,0.7042871,-1.0,1.6900000000000002,2020-02-15T20:00:00,EURUSD,H1,1,BUY,-13.044667264956455,9,"hit_tp=False,hit_sl=True,regime=1"
0.00013195777,-0.014491915,-0.01829499,-0.025350668,0.40805423,0.37375754,0.38911042,0.34393865,0.2775013,0.3914124,0.0,0.1906795,0.18601942,0.6328787,0.0,0.46074742,0.0010986659,0.6476714,0.82383573,1.0,0.0,0.0,1.0,0.5,0.062334046,0.40082175,0.43538547,0.0,0.0,0.43538547,0.43538547,0.0,0.0,0.20426226,-1.0,1.6900000000000002,2020-02-16T06:00:00,EURUSD,H1,1,BUY,-15.60455908470093,7,"hit_tp=False,hit_sl=True,regime=1"
-0.007320005,-0.008693019,-0.014776324,-0.015624618,0.3055922,0.30593282,0.3361233,0.3302121,0.056708135,0.36914316,0.20743021,0.30197564,0.20181465,0.35303983,0.0,0.22747387,0.0004512206,0.2297368,0.6148684,1.0,0.0,0.0,0.25,0.0669873,0.23059152,0.43098944,0.8,0.5165727,0.82651633,0.28342727,0.45549336,0.0,0.0,0.8971215,-1.0,1.56,2020-02-16T14:00:00,EURUSD,H1,1,BUY,-15.695385283378549,27,"hit_tp=False,hit_sl=True,regime=1"
0.0048534465,0.015270614,0.011544921,0.000329177,0.3677952,0.339415,0.37206706,0.31962106,0.47210988,0.48481902,0.3783254,0.46171775,0.1306213,0.66994625,0.0,0.3974306,0.0013858542,0.5283406,0.7641703,1.0,0.0,0.0,0.0,0.5,0.36072958,0.40393728,0.7729294,0.6446577,0.99654967,0.1282717,0.5027019,0.0,0.0,0.55339366,1.0,5.0,2020-02-17T18:00:00,EURUSD,H1,1,BUY,21.47093930745525,15,"hit_tp=True,hit_sl=False,regime=1"
-0.003459404,-0.001596774,0.0036854718,0.009993736,0.42454317,0.33539876,0.33023018,0.32945535,0.7253373,0.56512666,0.79340553,0.7074179,0.3577143,0.26271445,0.0,0.8049221,0.0032356568,0.27343813,0.63671905,1.0,0.0,0.0,0.37059048,0.017037086,0.77950037,0.45557046,0.7921482,0.80952,1.0,0.01737186,0.44980943,0.0,0.0,0.39576048,1.0,4.680000000000001,2020-02-18T13:00:00,EURUSD,H1,1,BUY,20.2853325986041,30,"hit_tp=True,hit_sl=False,regime=1"
0.0013591564,-0.0062702773,-0.0027376353,0.0021757141,0.18142237,0.28271133,0.3321015,0.35107988,0.51907974,0.5004379,0.5583867,0.40234932,0.12654452,0.6336174,0.0,0.4696727,0.0037232551,0.45213622,0.72606814,1.0,0.0,0.0,0.37059048,0.9829629,0.5446537,0.36783558,1.0,0.68790054,1.0,0.3120995,0.54100364,0.0,0.0,0.46510687,-1.0,2.028,2020-02-19T23:00:00,EURUSD,H1,1,BUY,-17.707134514830525,33,"hit_tp=False,hit_sl=True,regime=1"
0.0012292672,0.0020116898,-0.009481236,-0.02473281,0.37145078,0.36813104,0.34548163,0.35002896,0.2843321,0.41336256,0.106804326,0.22261675,0.14901519,0.6274991,0.0,0.41414428,0.0006530119,0.4011908,0.7005954,1.0,0.0,0.0,0.75,0.0669873,0.090184554,0.48423055,0.97374505,0.0,0.0,0.97374505,0.8270258,0.0,0.0,0.4545955,1.0,5.0,2020-02-21T10:00:00,EURUSD,H1,1,BUY,18.378855891310053,10,"hit_tp=True,hit_sl=False,regime=1"
0.009577481,0.012902078,0.020021074,0.021386966,0.4388687,0.35913163,0.33445877,0.33049464,0.6928223,0.59285754,0.8917331,0.80887777,0.14927799,0.65485436,0.0,0.736753,0.002462167,0.48457563,0.7422878,1.0,0.0,0.0,0.14644662,0.8535534,0.74867755,0.49686182,0.6,0.0,0.0,0.6,0.0,0.0,0.0,0.88717175,-1.0,1.3,2020-02-21T21:00:00,EURUSD,H1,1,BUY,-16.456606129469087,13,"hit_tp=False,hit_sl=True,regime=1"
0.003175832,0.0018529675,-0.007450287,-0.0055602966,0.307064,0.3555478,0.27734387,0.33948204,0.2938904,0.43936068,0.14241356,0.26149243,0.17501406,0.6413349,0.0,0.36035845,0.0013515318,0.7796451,0.88982254,1.0,0.0,0.0,0.62940955,0.017037086,0.23019105,0.55326134,1.0,0.0,0.0,1.0,0.5433315,0.0,0.0,0.33802047,-1.0,1.6900000000000002,2020-02-22T11:00:00,EURUSD,H1,1,BUY,-16.612173296006727,12,"hit_tp=False,hit_sl=True,regime=1"
0.006209848,0.0044705668,0.0023902233,0.0033780937,0.43624726,0.34747368,0.3068997,0.29716185,0.39362368,0.4651205,0.40485683,0.49975723,0.119457625,0.65448874,0.0,0.46821618,0.0012755787,0.64908254,0.8245413,1.0,0.0,0.0,0.5,1.0,0.24618044,0.5389567,1.0,0.5304437,1.0,0.46955624,0.5608816,0.0,0.0,0.5715127,1.0,5.0,2020-02-23T00:00:00,EURUSD,H1,1,BUY,15.921937509404405,4,"hit_tp=True,hit_sl=False,regime=1"
0.00027158065,0.0006877497,-0.0021743756,0.0022947048,0.3700525,0.30881703,0.35409647,0.2993448,0.7004199,0.60289973,0.65515226,0.6251335,0.15361643,0.64534545,0.0,0.54302067,0.0024398165,0.75704217,0.8785211,1.0,0.0,0.0,0.9829629,0.37059048,0.7278485,0.61943144,1.0,1.0,1.0,0.0,0.69840485,0.0,0.0,0.44589943,1.0,5.0,2020-02-23T07:00:00,EURUSD,H1,1,BUY,16.936691142690474,8,"hit_tp=True,hit_sl=False,regime=1"
0.011457644,0.0048783277,0.008426174,0.020481303,0.39055327,0.33991814,0.43290925,0.3946651,0.6060775,0.5032115,0.6464719,0.6910769,0.17392138,0.66737294,0.0,0.5665383,0.003877658,0.3221528,0.6610764,1.0,0.0,0.0,0.75,0.9330127,0.5710293,0.48135993,0.79031485,0.64722306,1.0,0.14309178,0.39651588,0.0,0.0,0.71852034,-1.0,1.56,2020-02-24T02:00:00,EURUSD,H1,1,BUY,-20.537192296326,35,"hit_tp=False,hit_sl=True,regime=1"
-0.0051131747,-0.0062165703,-0.0043420345,-0.007404333,0.31090087,0.28172022,0.28690663,0.2804662,0.15670432,0.41389936,0.30396727,0.47721735,0.22624065,0.34695822,0.0,0.32734612,0.00055387744,0.26481828,0.63240916,1.0,0.0,0.0,0.25,0.0669873,0.2782047,0.36010897,1.0,0.76131195,1.0,0.23868805,0.6740621,0.0,0.0,0.77912974,-1.0,1.3,2020-02-25T14:00:00,EURUSD,H1,1,BUY,-12.41227735180539,7,"hit_tp=False,hit_sl=True,regime=1"
0.00042023588,0.0040105446,-0.00048038366,-0.0042799977,0.37168726,0.38460264,0.39445263,0.32746702,0.31924248,0.4794526,0.24868758,0.4364638,0.18828502,0.64538366,0.0,0.44675595,0.0007224266,0.30150527,0.6507526,1.0,0.0,0.0,0.37059048,0.9829629,0.3028361,0.37997675,0.3973298,0.9764062,0.7759106,0.5790764,0.40888846,0.0,0.0,0.4296635,1.0,5.0,2020-02-25T23:00:00,EURUSD,H1,1,BUY,19.82127489573049,5,"hit_tp=True,hit_sl=False,regime=1"
0.006061708,0.011220751,0.014648198,0.023111802,0.36860743,0.34622884,0.34187827,0.3355561,0.64713866,0.61544245,1.0,0.76263356,0.27019784,0.6963606,0.0,0.67019516,0.0021056628,0.8800181,0.94000906,1.0,0.0,0.0,0.9829629,0.62940955,0.8230453,0.48752683,0.4,0.0,0.0,0.4,0.0,0.0,0.0,0.8483981,1.0,5.0,2020-02-26T05:00:00,EURUSD,H1,1,BUY,20.815004565470918,36,"hit_tp=True,hit_sl=False,regime=1"
0.009927698,0.005343404,0.0013343494,-0.010954854,0.37984917,0.341992,0.4015217,0.34912398,0.53417516,0.47482982,0.47389734,0.303135,0.17879517,0.63897634,0.0,0.49441645,0.0029082478,0.55471474,0.77735734,1.0,0.0,0.0,0.62940955,0.9829629,0.40480632,0.45037177,0.86102796,0.0,0.0,0.86102796,0.0,0.0,0.0,0.5216234,1.0,5.0,2020-02-28T01:00:00,EURUSD,H1,1,BUY,21.36040607978895,56,"hit_tp=True,hit_sl=False,regime=1"
0.0022690224,0.0016132729,0.0037628876,0.0013450141,0.33398598,0.28189102,0.28534296,0.33519834,0.6490889,0.5490084,0.7256306,0.6857262,0.16992864,0.6546478,0.0,0.57750934,0.002669254,0.26993877,0.63496935,1.0,0.0,0.0,0.75,0.0669873,0.7528173,0.5084966,1.0,0.0,0.0,1.0,0.4436387,0.0,0.0,0.6683114,1.0,5.0,2020-03-01T10:00:00,EURUSD,H1,1,BUY,16.7031054210387,24,"hit_tp=True,hit_sl=False,regime=1"
0.0063573886,0.0029036321,-0.0015000956,0.0022308794,0.23616038,0.3024206,0.3507853,0.356918,0.53902894,0.4837834,0.5861056,0.34465286,0.18193412,0.65186685,0.0,0.5174447,0.0031138423,0.4734178,0.7367089,1.0,0.0,0.0,0.0669873,0.25,0.48881778,0.40453878,0.8068307,0.46269092,0.7466265,0.3441398,0.26094538,0.0,0.0,0.46832976,1.0,4.680000000000001,2020-03-02T16:00:00,EURUSD,H1,1,BUY,23.05899178317583,32,"hit_tp=True,hit_sl=False,regime=1"
-0.00070021354,-0.007669745,-0.010175071,-0.021207863,0.22187576,0.2225453,0.29681972,0.2669245,0.4251446,0.4098177,0.1341546,0.09784192,0.19841793,0.3682291,0.0,0.35926232,0.0018654548,0.9636457,0.98182285,1.0,0.0,0.0,0.9829629,0.62940955,0.25323927,0.6765901,1.0,0.0,0.0,1.0,0.5333384,0.0,0.0,0.64127034,-1.0,1.6900000000000002,2020-03-04T05:00:00,EURUSD,H1,1,BUY,-10.409217943363469,3,"hit_tp=False,hit_sl=True,regime=1"
0.007800221,0.0011711909,0.0015764504,0.0037168732,0.30026084,0.3654483,0.3864433,0.32696575,0.28127488,0.4355429,0.35628644,0.52978426,0.16771609,0.63264626,0.0,0.20392372,0.0018292923,0.9449308,0.9724654,1.0,0.0,0.0,0.37059048,0.017037086,0.26002017,0.6485494,0.69612414,0.8,1.0,0.10387584,0.0,0.0,0.0,0.71549547,-1.0,1.6900000000000002,2020-03-04T13:00:00,EURUSD,H1,1,BUY,-14.733514678055837,6,"hit_tp=False,hit_sl=True,regime=1"
0.0061007664,-0.0038300203,-0.0041229376,0.003793498,0.6190682,0.5096841,0.3889645,0.3623147,0.4914369,0.48638594,0.32352448,0.55334985,0.18120064,0.7035046,0.0,0.35682765,0.0017174984,0.8870837,0.9435419,1.0,0.0,0.0,0.0669873,0.75,0.29958534,0.5634566,1.0,0.0,0.0,1.0,0.523747,0.0,0.0,0.42420244,-1.0,2.028,2020-03-04T20:00:00,EURUSD,H1,1,BUY,-17.384519791361353,46,"hit_tp=False,hit_sl=True,regime=1"
-0.002240324,-0.005239428,-0.013704816,-0.022438776,0.4569009,0.4217911,0.4358948,0.3660603,0.35370132,0.4248839,0.031426042,0.19273569,0.32862398,0.2961846,0.0,0.35853818,0.0005039697,0.29543668,0.6477183,1.0,0.0,0.0,0.017037086,0.62940955,0.09455577,0.63514566,0.80889595,0.0,0.0,0.80889595,0.45114037,0.0,0.0,0.69802564,-1.0,1.6900000000000002,2020-03-06T19:00:00,EURUSD,H1,1,BUY,-18.738539732767734,9,"hit_tp=False,hit_sl=True,regime=1"
-0.007190915,0.0016351051,-0.0048030857,-0.021416867,0.54980123,0.43970478,0.41767672,0.40499347,0.17834249,0.41338602,0.23565583,0.3242626,0.1379773,0.3793081,0.0,0.18712175,0.0012760399,0.44819278,0.7240964,1.0,0.0,0.0,0.9829629,0.62940955,0.26033774,0.55892855,0.5828065,0.26657614,0.31072462,0.3162304,0.6664403,0.0,0.0,0.59215814,1.0,5.0,2020-03-07T05:00:00,EURUSD,H1,1,BUY,24.470010121460106,57,"hit_tp=True,hit_sl=False,regime=1"
0.00049246586,0.008103126,-0.001371362,0.0029802793,0.32138285,0.44327113,0.41265127,0.32236272,0.67266613,0.5317849,0.6306866,0.33182126,0.1824417,0.6201818,0.0,0.7087801,0.0030994655,0.46446684,0.7322334,1.0,0.0,0.0,0.0,0.5,0.7016804,0.54887885,1.0,0.4,0.8,0.6,0.6125472,0.0,0.0,0.41681576,-1.0,1.6900000000000002,2020-03-09T18:00:00,EURUSD,H1,1,BUY,-15.486565924631712,14,"hit_tp=False,hit_sl=True,regime=1"
0.008253241,0.00095063105,0.00064135133,-0.0067432206,0.54340875,0.4382631,0.4143253,0.32920313,0.3746626,0.35273808,0.23695591,0.37502378,0.29682428,0.6959868,0.0,0.32532024,0.0018986416,0.86940134,0.93470067,1.0,0.0,0.0,0.62940955,0.017037086,0.14881475,0.49448234,0.6883718,0.7205426,0.9920024,0.032170866,0.5562015,0.5241464,0.0,0.5121323,1.0,5.0,2020-03-10T11:00:00,EURUSD,H1,1,BUY,17.194341544253255,19,"hit_tp=True,hit_sl=False,regime=1"
-0.0004615186,-0.0047315215,-0.0015590371,-0.0018123806,0.23659298,0.24648245,0.3000742,0.29930153,0.60308856,0.5475757,0.5555905,0.24648498,0.32037735,0.2672174,0.0,0.53121793,0.0022559788,0.8030801,0.90154004,1.0,0.0,0.0,0.8535534,0.14644662,0.6492161,0.51156604,1.0,0.8569932,1.0,0.1430068,0.53282344,0.0,0.0,0.4350257,1.0,5.0,2020-03-11T09:00:00,EURUSD,H1,1,BUY,14.391283811798772,16,"hit_tp=True,hit_sl=False,regime=1"
-0.012860723,-0.003999812,-0.007696549,0.003464635,0.41783825,0.5223415,0.45140922,0.38419664,0.65005714,0.5483494,0.70444363,0.5861367,0.24910714,0.29128662,0.0,0.7411923,0.0037475978,0.4177194,0.7088597,1.0,0.0,0.0,0.14644662,0.14644662,0.7695729,0.49761888,0.71967655,1.0,1.0,0.28032348,0.0,0.0,0.0,0.7035584,1.0,3.9000000000000004,2020-03-12T15:00:00,EURUSD,H1,1,BUY,18.078800770588987,9,"hit_tp=True,hit_sl=False,regime=1"
-0.00010305138,-0.0019997237,0.0054634362,0.011686837,0.46581194,0.37821093,0.34333688,0.3812169,0.6284676,0.53737116,0.76526815,0.6890362,0.3549789,0.25549573,0.0,0.63695776,0.0047189244,0.3099622,0.65498114,1.0,0.0,0.0,0.62940955,0.9829629,0.77626765,0.45925397,0.4412569,0.28619635,0.25257224,0.15506054,0.52944875,0.0,0.0,0.40653482,-1.0,1.3,2020-03-13T01:00:00,EURUSD,H1,1,BUY,-15.438361618445029,5,"hit_tp=False,hit_sl=True,regime=1"
0.0008397618,-0.008031615,-0.0032166827,-0.027558275,0.38059926,0.46682245,0.43856487,0.3698478,0.490371,0.36294726,0.2111467,0.23334631,0.22341399,0.65247166,0.0,0.4622729,0.0028530979,0.8720121,0.93600607,1.0,0.0,0.0,0.9330127,0.25,0.2902776,0.45898324,0.8775108,0.6456131,1.0,0.23189768,0.71674025,0.0,0.0,0.43467093,-1.0,1.6900000000000002,2020-03-13T08:00:00,EURUSD,H1,1,BUY,-17.86000939103083,5,"hit_tp=False,hit_sl=True,regime=1"
0.0038508512,0.0022712438,-0.005307768,-0.022004062,0.32199642,0.3332151,0.3628065,0.375138,0.14697422,0.31485826,0.19721226,0.18263628,0.24648494,0.65613025,0.0,0.14396094,0.0012010838,0.47406963,0.7370348,1.0,0.0,0.0,0.0669873,0.25,0.17471676,0.5550519,0.9063551,0.21307194,0.38623765,0.69328314,0.34177518,0.0,0.41624516,0.37756896,1.0,5.0,2020-03-13T16:00:00,EURUSD,H1,1,BUY,23.772378401647476,37,"hit_tp=True,hit_sl=False,regime=1"
0.010268027,0.006689637,0.0028664866,0.022684908,0.3506945,0.4779276,0.4283303,0.38079694,0.6752142,0.59558594,0.7793983,0.55769056,0.14934589,0.6335834,0.0,0.48612002,0.0030950212,0.4093616,0.7046808,1.0,0.0,0.0,0.9330127,0.25,0.7178801,0.5075435,0.9784024,0.0,0.0,0.9784024,0.0,0.0,0.0,0.548689,1.0,5.0,2020-03-15T08:00:00,EURUSD,H1,1,BUY,23.12172366376153,24,"hit_tp=True,hit_sl=False,regime=1"
0.00087482674,-0.009593781,-0.010324857,-0.01632359,0.36006343,0.32899493,0.30227283,0.3152458,0.5009079,0.4245374,0.19482158,0.2104569,0.26075217,0.74752736,0.0,0.49561325,0.004226234,0.49892792,0.749464,1.0,0.0,0.0,0.14644662,0.14644662,0.43988702,0.44205934,0.99845093,0.3525426,0.703993,0.6459083,0.63028604,0.0,0.0,0.24345058,-1.0,1.6900000000000002,2020-03-16T15:00:00,EURUSD,H1,1,BUY,-12.712275016155683,7,"hit_tp=False,hit_sl=True,regime=1"
-0.0019436227,-0.016776921,-0.022687363,-0.021218158,0.29095036,0.2757905,0.2895558,0.29840118,0.059207585,0.31189406,0.11958345,0.044688508,0.1430851,0.37632295,0.0,0.090913944,0.0012512105,0.5660733,0.78303665,1.0,0.0,0.0,0.37059048,0.9829629,0.090039805,0.45802233,0.35195512,0.52574414,0.3700767,0.17378901,0.45806122,0.0,0.0,0.6513486,-1.0,1.6900000000000002,2020-03-16T23:00:00,EURUSD,H1,1,BUY,-13.402237223711921,13,"hit_tp=False,hit_sl=True,regime=1"
0.0061308853,0.0015905005,-0.013624462,-0.028628524,0.61407363,0.5452334,0.43213356,0.38277894,0.26536292,0.36043465,0.14694418,0.2572084,0.16658379,0.6616774,0.0,0.385338,0.0011218698,0.40346768,0.7017338,1.0,0.0,0.0,0.25,0.0669873,0.07501274,0.5158479,0.72506803,0.0,0.0,0.72506803,0.30107602,0.0,0.0,0.34202984,-1.0,2.028,2020-03-17T14:00:00,EURUSD,H1,1,BUY,-19.096671028786538,33,"hit_tp=False,hit_sl=True,regime=1"
-0.004310071,-0.0068178237,-0.008725785,-0.027454847,0.25573185,0.4098902,0.36730254,0.3199192,0.21777117,0.44628754,0.096732944,0.097560614,0.26565143,0.2880303,0.0,0.2541614,0.0001968047,0.09079254,0.54539627,1.0,0.0,0.0,0.5,1.0,0.09059949,0.4768092,0.6355335,0.19081266,0.24253568,0.44472086,0.3180211,0.0,0.0,0.8963023,1.0,3.9000000000000004,2020-03-19T00:00:00,EURUSD,H1,1,BUY,20.266956325754037,15,"hit_tp=True,hit_sl=False,regime=1"
0.0008866675,0.013089745,0.020240953,0.025354285,0.4509858,0.46646655,0.399121,0.35080078,0.6140868,0.61140347,1.0,0.7056542,0.25680223,0.65800977,0.0,0.6018844,0.0021017648,0.78342754,0.8917138,1.0,0.0,0.0,0.0669873,0.25,0.90491563,0.47428653,0.51254666,0.0,0.0,0.51254666,0.0,0.0,0.0,0.6263088,1.0,5.0,2020-03-19T16:00:00,EURUSD,H1,1,BUY,24.13394125219126,17,"hit_tp=True,hit_sl=False,regime=1"
0.0140454015,0.0106818825,0.009440924,0.023270277,0.5055518,0.39899847,0.37342978,0.3617625,0.70140845,0.5690943,0.85951334,0.56693804,0.23523809,0.7099552,0.0,0.529509,0.0036685707,0.36719587,0.6835979,1.0,0.0,0.0,0.62940955,0.017037086,0.7758821,0.6071451,1.0,0.23562889,0.47125778,0.7643711,0.39271483,0.0,0.0,0.6,-1.0,2.028,2020-03-20T11:00:00,EURUSD,H1,1,BUY,-22.109946067467856,24,"hit_tp=False,hit_sl=True,regime=1"
0.0029939772,0.0037789294,0.005630519,-0.011670566,0.18646917,0.22144754,0.34583068,0.31517524,0.37180156,0.43034267,0.24920346,0.2890218,0.23477124,0.6595815,0.0,0.3883808,0.0020821232,0.95686823,0.9784341,1.0,0.0,0.0,0.25,0.0669873,0.23201166,0.45911688,0.6293926,0.32173645,0.40499714,0.30765617,0.6293926,0.0,0.0,0.9190863,-1.0,1.6900000000000002,2020-03-21T14:00:00,EURUSD,H1,1,BUY,-18.254076890615867,15,"hit_tp=False,hit_sl=True,regime=1"
0.0020015966,0.0028936781,0.00043646907,-0.0098405685,0.26676807,0.27216434,0.33257297,0.29932803,0.27111188,0.44876027,0.27159044,0.28141868,0.15088928,0.61621594,0.0,0.2625003,0.0006467318,0.3180164,0.6590082,1.0,0.0,0.0,1.0,0.5,0.18270195,0.4025042,0.8,0.63607264,1.0,0.16392735,0.6468851,0.0,0.0,0.62445295,-1.0,1.56,2020-03-22T06:00:00,EURUSD,H1,1,BUY,-18.851719714747528,38,"hit_tp=False,hit_sl=True,regime=1"
0.007744712,0.0011095098,-0.0007404655,0.0030686443,0.404004,0.34338892,0.34991848,0.34620592,0.23268144,0.4557151,0.3216936,0.4163747,0.25375724,0.6948411,0.0,0.19575085,0.000664069,0.35437188,0.67718595,1.0,0.0,0.0,0.8535534,0.8535534,0.22255588,0.5675233,0.69454676,0.0,0.0,0.69454676,0.0,0.0,0.0,0.4863073,-1.0,1.3,2020-03-24T03:00:00,EURUSD,H1,1,BUY,-16.59473059101746,20,"hit_tp=False,hit_sl=True,regime=1"
-0.0013731999,-0.0060606087,-0.008040326,-0.018814938,0.29058176,0.31257278,0.30401942,0.327691,0.076868236,0.4497337,0.09570662,0.22879724,0.15589443,0.37649435,0.0,0.2886702,0.0003010636,0.15101743,0.5755087,1.0,0.0,0.0,0.5,1.0,0.10566041,0.42442107,0.76544344,0.19670224,0.3011289,0.5687412,0.37857598,0.0,0.0,0.7024392,1.0,3.9000000000000004,2020-03-25T00:00:00,EURUSD,H1,1,BUY,19.635869790615157,7,"hit_tp=True,hit_sl=False,regime=1"
-0.0009289756,0.0052954876,0.006963339,0.008433525,0.37758023,0.40102747,0.36627972,0.33850476,0.5945787,0.62104625,0.8703838,0.7732045,0.18548115,0.35298252,0.0,0.68522286,0.0021271524,0.93104,0.96552,1.0,0.0,0.0,0.9330127,0.25,0.8077874,0.6143362,1.0,1.0,1.0,0.0,0.8532521,0.0,0.0,0.263206,-1.0,2.028,2020-03-25T08:00:00,EURUSD,H1,1,BUY,-16.46874980661961,25,"hit_tp=False,hit_sl=True,regime=1"
0.006031575,0.0049755457,0.0109408405,0.009765916,0.65882003,0.45592573,0.40522748,0.3525066,0.54225314,0.55782163,0.7704162,0.5253717,0.2503076,0.6600744,0.0,0.71485764,0.001733993,0.9343018,0.9671509,1.0,0.0,0.0,0.5,1.0,0.50958455,0.570757,1.0,0.0,0.0,1.0,0.22391126,0.0,0.0,0.67732024,-1.0,2.028,2020-03-27T00:00:00,EURUSD,H1,1,BUY,-17.84309336617662,45,"hit_tp=False,hit_sl=True,regime=1"
0.0026369004,0.0074422983,-0.0020383024,-0.013705257,0.65205693,0.6172415,0.40885574,0.37595487,0.3006003,0.4491697,0.19965267,0.4403923,0.11898622,0.6221234,0.0,0.35847405,0.0014643011,0.6067731,0.80338657,1.0,0.0,0.0,0.37059048,0.9829629,0.21860933,0.43557477,0.61892223,0.4,0.49513775,0.21892221,0.369345,0.0,0.41984567,0.4935082,-1.0,2.028,2020-03-28T23:00:00,EURUSD,H1,1,BUY,-19.653268905786003,35,"hit_tp=False,hit_sl=True,regime=1"
-0.0041235434,-0.005223605,-0.013425223,-0.012170319,0.19781592,0.21211609,0.24013825,0.24482286,0.2549153,0.39731342,0.21830578,0.07803375,0.14710088,0.33116123,0.0,0.41515684,6.9447466e-05,0.036338057,0.51816905,1.0,0.0,0.0,0.62940955,0.017037086,0.16517228,0.51337,0.8,0.8489404,1.0,0.04894036,0.5639265,0.0,0.0,0.7842036,-1.0,1.3,2020-03-30T11:00:00,EURUSD,H1,1,BUY,-11.12261785205293,3,"hit_tp=False,hit_sl=True,regime=1"
0.010515139,0.0045041475,0.00078311,-0.0046848347,0.25767967,0.3401316,0.285173,0.26929027,0.21803246,0.40223736,0.2878506,0.34058478,0.2529153,0.7071401,0.0,0.31946978,0.00076230033,0.30737597,0.65368795,1.0,0.0,0.0,0.0,0.5,0.22230166,0.48945433,0.92280334,0.0,0.0,0.92280334,0.32796156,0.0,0.0,0.511609,-1.0,1.6900000000000002,2020-03-30T18:00:00,EURUSD,H1,1,BUY,-12.58193456962875,4,"hit_tp=False,hit_sl=True,regime=1"
0.0017637821,0.0018841656,-0.00022407463,-0.0056615565,0.5761428,0.4863908,0.41509002,0.3460903,0.28348574,0.49078485,0.37046412,0.4262412,0.109340884,0.61719614,0.0,0.42897058,0.0009821606,0.38620922,0.6931046,1.0,0.0,0.0,0.37059048,0.9829629,0.32717893,0.56468225,0.66884345,0.0,0.0,0.66884345,0.5212984,0.0,0.0,0.66507024,1.0,5.0,2020-03-30T23:00:00,EURUSD,H1,1,BUY,19.307907535170976,32,"hit_tp=True,hit_sl=False,regime=1"
-0.009831881,-0.0023173944,0.0039477847,0.0033239063,0.33086565,0.2919309,0.30016807,0.30600983,0.6256102,0.5701407,0.81867296,0.72385377,0.30326006,0.31679678,0.0,0.57473236,0.0021674635,0.8308534,0.91542673,1.0,0.0,0.0,0.9330127,0.25,0.9368419,0.42128715,0.6,1.0,1.0,0.4,0.6334712,0.5821933,0.452953,0.44986957,-1.0,1.6900000000000002,2020-04-01T08:00:00,EURUSD,H1,1,BUY,-14.208179755093031,12,"hit_tp=False,hit_sl=True,regime=1"
0.0060311817,0.0008458225,-0.006955734,-0.012892232,0.34696987,0.32144973,0.3868148,0.3426098,0.3776921,0.38013247,0.13268644,0.19539662,0.23280543,0.6940573,0.0,0.36619163,0.0012951622,0.69917667,0.84958833,1.0,0.0,0.0,0.25,0.9330127,0.09677011,0.44550768,0.6938611,0.4,0.5550889,0.2938611,0.0,0.0,0.0,0.39023188,1.0,4.680000000000001,2020-04-01T22:00:00,EURUSD,H1,1,BUY,19.71777557283172,36,"hit_tp=True,hit_sl=False,regime=1"
0.006204839,0.00223386,-0.00036464861,-0.008051783,0.23465118,0.22386739,0.2501866,0.31764215,0.27773473,0.397279,0.23875156,0.1910513,0.14860652,0.63510066,0.0,0.1258534,0.0013987086,0.60703135,0.8035157,1.0,0.0,0.0,0.75,0.9330127,0.22523469,0.56859565,0.7604535,0.49741465,0.7565214,0.26303884,0.4611685,0.50273275,0.0,0.4914335,-1.0,2.028,2020-04-04T02:00:00,EURUSD,H1,1,BUY,-19.244378086524794,62,"hit_tp=False,hit_sl=True,regime=1"
0.007830076,0.00096997485,-0.0025396647,-0.014207504,0.32103246,0.33671406,0.35020396,0.32605562,0.4104352,0.40164623,0.17473362,0.17866692,0.15869449,0.63845277,0.0,0.5607739,0.00039135056,0.29803804,0.649019,1.0,0.0,0.0,0.017037086,0.37059048,0.12384645,0.39963037,0.6902415,0.50372684,0.69538635,0.18651468,0.4073589,0.51386327,0.43147781,0.4581182,1.0,4.680000000000001,2020-04-06T17:00:00,EURUSD,H1,1,BUY,19.46457043612959,21,"hit_tp=True,hit_sl=False,regime=1"
0.0056016156,0.001727286,0.003277478,0.0012038021,0.43034363,0.3493926,0.31845275,0.340721,0.70662147,0.549775,0.69174016,0.4775625,0.206732,0.72052443,0.0,0.60280925,0.0027351454,0.46603215,0.7330161,1.0,0.0,0.0,0.14644662,0.14644662,0.6340286,0.45698664,1.0,0.73319566,1.0,0.26680437,0.5317885,0.0,0.0,0.70482624,1.0,5.0,2020-04-07T15:00:00,EURUSD,H1,1,BUY,18.65153115662377,29,"hit_tp=True,hit_sl=False,regime=1"
0.009474602,0.0054029753,-0.0040674903,0.006657744,0.5332889,0.5024024,0.43702903,0.37225294,0.71944547,0.5302881,0.66148144,0.56480193,0.34015384,0.7082492,0.0,0.72965145,0.0038564974,0.24745089,0.6237255,1.0,0.0,0.0,0.9829629,0.62940955,0.6395473,0.38009524,0.8879351,0.9337609,1.0,0.045825772,0.45566523,0.0,0.0,0.44695464,1.0,3.9000000000000004,2020-04-09T05:00:00,EURUSD,H1,1,BUY,22.861066561103982,15,"hit_tp=True,hit_sl=False,regime=1"
0.0071544047,0.00027399062,0.0065898825,0.013593815,0.5183514,0.47276288,0.40565228,0.35244927,0.6496414,0.5069305,0.8324748,0.6475218,0.20309456,0.66777796,0.0,0.5086367,0.0039894544,0.3471951,0.6735976,1.0,0.0,0.0,0.14644662,0.8535534,0.70685726,0.4828224,0.78872,0.557769,0.87984717,0.23095097,0.4148688,0.0,0.0,0.6109333,-1.0,1.56,2020-04-09T21:00:00,EURUSD,H1,1,BUY,-17.174671646436046,73,"hit_tp=False,hit_sl=True,regime=1"
0.0056130486,0.00519334,0.0031160102,-0.021835372,0.41300178,0.37326992,0.38841984,0.3638273,0.3387543,0.40293455,0.22271839,0.2773861,0.21223597,0.6397279,0.0,0.40566975,0.00078994146,0.4168243,0.7084122,1.0,0.0,0.0,0.62940955,0.9829629,0.15561137,0.521947,1.0,0.0,0.0,1.0,0.0,0.0,0.4547431,0.6,-1.0,1.6900000000000002,2020-04-13T01:00:00,EURUSD,H1,1,BUY,-16.639325647005432,7,"hit_tp=False,hit_sl=True,regime=1"
0.010785675,0.0039763865,-0.0034921842,-0.006996704,0.31904474,0.3268949,0.3630115,0.3636874,0.3483213,0.45966443,0.19551775,0.24614343,0.34851366,0.7713501,0.0,0.4009345,0.00077237963,0.32900694,0.66450346,1.0,0.0,0.0,0.5,0.0,0.18151277,0.48920137,0.76404667,0.4,0.61123735,0.36404666,0.0,0.5091365,0.469916,0.4581743,-1.0,1.3,2020-04-13T12:00:00,EURUSD,H1,1,BUY,-17.489751995460878,9,"hit_tp=False,hit_sl=True,regime=1"
0.0038805492,0.0038492302,0.0023469373,-0.0053013624,0.22914314,0.28557357,0.30680305,0.33292565,0.27457675,0.48848101,0.25770584,0.2978273,0.2004104,0.6331421,0.0,0.44944182,0.00074515125,0.27088428,0.63544214,1.0,0.0,0.0,0.25,0.9330127,0.24794157,0.6760884,1.0,0.4,0.8,0.6,0.6723372,0.0,0.0,0.6,-1.0,1.6900000000000002,2020-04-13T22:00:00,EURUSD,H1,1,BUY,-14.36415347246367,5,"hit_tp=False,hit_sl=True,regime=1"
0.00058906764,-0.006849308,0.0015074803,0.007566961,0.44003317,0.3209581,0.33437288,0.3237486,0.32406756,0.5251265,0.30341154,0.49177247,0.09228641,0.6265506,0.0,0.34335467,0.00063577696,0.20788872,0.60394436,1.0,0.0,0.0,0.9829629,0.37059048,0.29561934,0.5501272,1.0,0.19891717,0.39783433,0.80108285,0.4704623,0.0,0.0,0.42156538,-1.0,1.6900000000000002,2020-04-14T07:00:00,EURUSD,H1,1,BUY,-15.476898889466018,19,"hit_tp=False,hit_sl=True,regime=1"
-0.0021229417,0.01162135,0.009810854,0.007865425,0.49192318,0.39206803,0.38715166,0.3517609,0.47019577,0.53891766,0.59787226,0.5297595,0.28308114,0.31283206,0.0,0.45915207,0.0014889135,0.59959155,0.79979575,1.0,0.0,0.0,0.8535534,0.8535534,0.60354,0.6067741,0.8,0.74896973,1.0,0.05103027,0.34896973,0.0,0.0,0.472096,1.0,3.9000000000000004,2020-04-15T03:00:00,EURUSD,H1,1,BUY,20.61279889476353,10,"hit_tp=True,hit_sl=False,regime=1"
-0.0062806173,-0.0006331864,-0.0023343714,-0.007175067,0.52796406,0.3934399,0.34290412,0.31100917,0.6630147,0.51547843,0.603056,0.43640125,0.32243186,0.2921215,0.0,0.67476106,0.0035820268,0.51615316,0.7580766,1.0,0.0,0.0,0.37059048,0.9829629,0.67601055,0.58946764,1.0,0.8942691,1.0,0.10573086,0.66771597,0.0,0.0,0.6764937,-1.0,1.6900000000000002,2020-04-15T23:00:00,EURUSD,H1,1,BUY,-15.48810567982395,14,"hit_tp=False,hit_sl=True,regime=1"
-0.004190582,-0.0011451388,-0.0072392835,-0.010461322,0.3763649,0.31064308,0.31971988,0.36312962,0.33052444,0.40850157,0.14812532,0.3520765,0.19051643,0.3209455,0.0,0.31676745,0.0024271684,0.99571466,0.99785733,1.0,0.0,0.0,0.25,0.0669873,0.22251518,0.5696288,0.7445683,1.0,1.0,0.2554317,0.52387387,0.0,0.0,0.5886003,-1.0,1.6900000000000002,2020-04-16T14:00:00,EURUSD,H1,1,BUY,-17.885721815764644,11,"hit_tp=False,hit_sl=True,regime=1"
0.0021605887,0.009230824,0.012475162,0.017343545,0.38060737,0.3495027,0.31849375,0.33316427,0.658526,0.5783354,0.8605765,0.64546895,0.21557991,0.6661905,0.0,0.6235982,0.0021762375,0.9258705,0.9629352,1.0,0.0,0.0,0.37059048,0.017037086,0.7738933,0.34041783,1.0,0.0,0.0,1.0,0.38882515,0.0,0.0,0.7039683,-1.0,2.028,2020-04-17T13:00:00,EURUSD,H1,1,BUY,-16.37571862135978,21,"hit_tp=False,hit_sl=True,regime=1"
0.0067022666,0.005804359,0.0040922086,-0.0037013774,0.33914575,0.29049313,0.24421597,0.3099053,0.3333401,0.4549431,0.297848,0.46152166,0.41933662,0.7675321,0.0,0.30488747,0.0013917461,0.86613864,0.93306935,1.0,0.0,0.0,0.62940955,0.017037086,0.26072985,0.55012393,1.0,0.0,0.0,1.0,0.0,0.0,0.0,0.6,1.0,5.0,2020-04-18T11:00:00,EURUSD,H1,1,BUY,19.08127441747176,8,"hit_tp=True,hit_sl=False,regime=1"
-0.004561753,-0.011074019,-0.00270936,-0.0029308372,0.36077407,0.33968768,0.35208315,0.29720762,0.58383954,0.5489057,0.6032214,0.5459627,0.21221028,0.3285974,0.0,0.5821402,0.0021623918,0.67992413,0.83996207,1.0,0.0,0.0,0.0669873,0.75,0.7188001,0.52183783,0.6740392,0.44691363,0.60247463,0.22712556,0.558642,0.0,0.0,0.5407503,-1.0,2.028,2020-04-18T20:00:00,EURUSD,H1,1,BUY,-16.8212589236183,39,"hit_tp=False,hit_sl=True,regime=1"
0.0051083774,0.0063202023,-0.001046693,-0.008814995,0.41258064,0.3278867,0.33329615,0.33465037,0.37242714,0.45310602,0.1715295,0.36087164,0.17708808,0.67965126,0.0,0.3560737,0.0009979261,0.61346227,0.8067311,1.0,0.0,0.0,0.37059048,0.017037086,0.17216371,0.45505875,0.66673315,0.6,0.80007976,0.06673313,0.66673315,0.0,0.44531876,0.6239426,-1.0,2.028,2020-04-20T13:00:00,EURUSD,H1,1,BUY,-13.94274238777582,28,"hit_tp=False,hit_sl=True,regime=1"
0.005838687,-0.00025078387,-0.00059064914,-0.008392943,0.3377633,0.2607291,0.28758892,0.3123289,0.3541747,0.44025728,0.18505886,0.33655176,0.14903544,0.6516435,0.0,0.31493512,0.0005630258,0.2926757,0.64633787,1.0,0.0,0.0,0.0669873,0.75,0.120288335,0.56628335,0.48676628,0.0,0.0,0.48676628,0.48676628,0.0,0.0,0.48555183,-1.0,1.6900000000000002,2020-04-21T20:00:00,EURUSD,H1,1,BUY,-14.492983692313555,12,"hit_tp=False,hit_sl=True,regime=1"
0.010503262,0.006893709,-0.00050418545,-0.006027404,0.36670154,0.32987884,0.3844216,0.32812667,0.32489362,0.41421813,0.23679084,0.2698536,0.23923673,0.6886793,0.0,0.35597473,0.00062208687,0.3252597,0.66262984,1.0,0.0,0.0,0.62940955,0.017037086,0.1272578,0.5669218,0.98514235,0.5197195,1.0,0.46542287,0.48918536,0.5185296,0.47322172,0.4929645,1.0,5.0,2020-04-22T11:00:00,EURUSD,H1,1,BUY,18.651557765920757,8,"hit_tp=True,hit_sl=False,regime=1"
-0.0012729411,-0.0044037723,-0.009935583,-0.026173439,0.4244228,0.38944882,0.3049267,0.3193632,0.55073285,0.48601198,0.2555841,0.26081938,0.08854758,0.37599215,0.0,0.53892756,0.0013701849,0.64625084,0.8231254,1.0,0.0,0.0,0.75,0.9330127,0.4288853,0.500033,1.0,0.25169742,0.50339484,0.7483026,0.4317999,0.0,0.0,0.67683834,-1.0,1.6900000000000002,2020-04-23T02:00:00,EURUSD,H1,1,BUY,-14.060202915120446,10,"hit_tp=False,hit_sl=True,regime=1"
0.0057108486,0.003917738,-0.005753312,-0.007285092,0.37140772,0.41152814,0.39411673,0.3421952,0.36656284,0.46529004,0.15461546,0.2835175,0.1750478,0.6763365,0.0,0.3208536,0.0007488298,0.40012524,0.70006263,1.0,0.0,0.0,0.14644662,0.14644662,0.26634592,0.4710858,1.0,0.6,1.0,0.4,0.0,0.0,0.0,0.39946714,1.0,3.9000000000000004,2020-04-23T15:00:00,EURUSD,H1,1,BUY,18.25323522924638,7,"hit_tp=True,hit_sl=False,regime=1"
-0.00061838195,0.017040005,0.018190948,0.026169272,0.242467,0.2572867,0.28456694,0.3140814,0.67621267,0.66352195,0.9980662,0.923706,0.27465564,0.30967376,0.0,0.6571919,0.0026194332,0.4413063,0.7206532,1.0,0.0,0.0,0.37059048,0.9829629,1.0,0.5510313,0.4,0.0,0.0,0.4,0.0,0.0,0.0,0.21911475,-1.0,1.56,2020-04-23T23:00:00,EURUSD,H1,1,BUY,-14.501386630667579,21,"hit_tp=False,hit_sl=True,regime=1"
0.0057026977,0.004251515,-0.013805922,-0.026526991,0.44792458,0.429568,0.4529781,0.3625496,0.16242167,0.3173119,0.16042134,0.19017634,0.21842752,0.66748893,0.0,0.21308203,0.0013085587,0.671304,0.835652,1.0,0.0,0.0,0.25,0.9330127,0.11977279,0.42058545,1.0,0.0,0.0,1.0,0.0,0.0,0.0,0.33564502,-1.0,1.6900000000000002,2020-04-24T22:00:00,EURUSD,H1,1,BUY,-16.79095003475961,5,"hit_tp=False,hit_sl=True,regime=1"
0.001197622,-0.0013333581,0.0077410694,-0.02411404,0.13182706,0.3229548,0.34266344,0.3505149,0.3458779,0.44934744,0.21838146,0.24873872,0.3396333,0.71577317,0.0,0.51242876,0.0007326497,0.25455448,0.62727726,1.0,0.0,0.0,0.0669873,0.75,0.19818954,0.41646817,0.61247635,0.0,0.0,0.61247635,0.61247635,0.0,0.0,0.45613486,1.0,5.0,2020-04-25T20:00:00,EURUSD,H1,1,BUY,19.00204791066118,17,"hit_tp=True,hit_sl=False,regime=1"
-0.01094921,-0.008156301,-0.008303348,0.009543745,0.672766,0.5563413,0.46538484,0.37519467,0.6732997,0.6444765,0.70061064,0.67332214,0.15571196,0.3624326,0.0,0.6314473,0.0021533682,0.7456383,0.8728192,1.0,0.0,0.0,0.0669873,0.25,0.82694185,0.44543236,0.8,1.0,1.0,0.2,0.3729577,0.0,0.0,0.8,-1.0,2.028,2020-04-26T16:00:00,EURUSD,H1,1,BUY,-20.178035478650713,38,"hit_tp=False,hit_sl=True,regime=1"
0.0026190341,0.0013094539,0.0050409203,-0.007847694,0.24212791,0.26702002,0.32500675,0.31494012,0.29008815,0.43577594,0.22371773,0.25809926,0.27827063,0.718667,0.0,0.33885336,0.0004865779,0.25779793,0.628899,1.0,0.0,0.0,0.25,0.0669873,0.19099495,0.38304153,0.83333904,1.0,1.0,0.16666095,0.45195112,0.0,0.0,0.6051649,1.0,4.680000000000001,2020-04-28T14:00:00,EURUSD,H1,1,BUY,18.852477522153244,60,"hit_tp=True,hit_sl=False,regime=1"
-0.0022106692,-0.0063479776,-0.0016597181,0.016994732,0.4021921,0.43554708,0.43030563,0.38388717,0.67289937,0.5906465,0.7318629,0.5952757,0.25115055,0.32634202,0.0,0.5655202,0.0020076565,0.7336567,0.8668284,1.0,0.0,0.0,0.9330127,0.75,0.8004931,0.6194026,0.6887867,0.0,0.0,0.6887867,0.49552745,0.0,0.0,0.52015686,-1.0,2.028,2020-05-01T04:00:00,EURUSD,H1,1,BUY,-18.591992301415505,37,"hit_tp=False,hit_sl=True,regime=1"
0.006073254,0.0020861472,-0.0042072665,-0.008622541,0.2886504,0.3705048,0.31675297,0.33911616,0.29934093,0.3959811,0.2796832,0.2117133,0.1954023,0.6238923,0.0,0.32889768,0.0006564321,0.2814525,0.64072627,1.0,0.0,0.0,0.37059048,0.9829629,0.20684765,0.52181464,0.753897,0.6247502,0.9419946,0.12914686,0.36302546,0.0,0.0,0.42279074,1.0,3.9000000000000004,2020-05-02T23:00:00,EURUSD,H1,1,BUY,17.352432698873876,6,"hit_tp=True,hit_sl=False,regime=1"
0.009528967,0.0035508296,0.009586301,0.02773987,0.34612203,0.36595166,0.34687567,0.32883742,0.7134195,0.6846462,0.83404684,0.8457785,0.1832582,0.6353992,0.0,0.7937197,0.0029073935,0.75060874,0.87530434,1.0,0.0,0.0,0.9330127,0.25,0.71779007,0.49614564,0.7657087,0.0,0.0,0.7657087,0.0,0.0,0.0,0.66542554,-1.0,2.028,2020-05-03T08:00:00,EURUSD,H1,1,BUY,-16.04305746909729,24,"hit_tp=False,hit_sl=True,regime=1"
0.007822007,0.0040827906,0.0009854882,-0.007965908,0.33123857,0.37496844,0.41003767,0.3830854,0.3267325,0.452672,0.13866952,0.31014878,0.21942258,0.6915561,0.0,0.15151428,0.0020270012,0.90813756,0.9540688,1.0,0.0,0.0,0.0669873,0.25,0.14166987,0.5576758,0.8487185,0.8550976,1.0,0.0063791,0.5728248,0.0,0.0,0.5201762,-1.0,2.028,2020-05-04T16:00:00,EURUSD,H1,1,BUY,-21.51556095521867,24,"hit_tp=False,hit_sl=True,regime=1"
0.003280315,0.010381706,-0.002721964,-0.0045316117,0.4758776,0.39122114,0.3250316,0.36960247,0.33416066,0.42381784,0.29813907,0.43003118,0.14137931,0.62327874,0.0,0.2757019,0.0014720809,0.69581383,0.84790695,1.0,0.0,0.0,0.017037086,0.37059048,0.22956479,0.4897877,1.0,0.0,0.0,1.0,0.54799205,0.0,0.0,0.48382825,-1.0,1.6900000000000002,2020-05-05T17:00:00,EURUSD,H1,1,BUY,-19.497933661689615,4,"hit_tp=False,hit_sl=True,regime=1"
0.013765214,0.0051001776,-0.0016261275,0.0009249507,0.36052954,0.39046043,0.4182821,0.34562832,0.29774684,0.44201425,0.23886764,0.3689723,0.30255404,0.71853834,0.0,0.29230562,0.0012056679,0.49696535,0.7484827,1.0,0.0,0.0,0.5,1.0,0.20584176,0.55316377,0.764833,0.6,0.9177996,0.16483298,0.36615032,0.0,0.0,0.4832561,1.0,4.680000000000001,2020-05-06T00:00:00,EURUSD,H1,1,BUY,27.296939114294094,92,"hit_tp=True,hit_sl=False,regime=1"
0.005589312,0.0111287,0.01119059,-0.002088183,0.41168365,0.36749944,0.3282175,0.31554922,0.70571893,0.47186893,0.46344656,0.5258362,0.2804878,0.7110003,0.0,0.69601774,0.0040859613,0.24377906,0.62188953,1.0,0.0,0.0,0.9829629,0.37059048,0.5905695,0.46678153,0.69759077,0.0,0.0,0.69759077,0.69759077,0.0,0.0,0.899763,1.0,5.0,2020-05-10T07:00:00,EURUSD,H1,1,BUY,17.11509643407716,23,"hit_tp=True,hit_sl=False,regime=1"
0.0006711528,-0.008366702,-0.006695887,-0.0061764326,0.3425427,0.26670685,0.30970296,0.3045986,0.34357974,0.40044382,0.13689771,0.52693146,0.21342486,0.62500083,0.0,0.23783275,0.002619834,0.82064766,0.9103238,1.0,0.0,0.0,0.9829629,0.62940955,0.14423789,0.4222785,0.44284782,0.8,0.7085565,0.3571522,0.44284782,0.0,0.0,0.4353706,-1.0,2.028,2020-05-12T05:00:00,EURUSD,H1,1,BUY,-14.88696468803452,24,"hit_tp=False,hit_sl=True,regime=1"
0.014644022,0.007903796,-0.0012478756,-0.006948403,0.48061943,0.53571594,0.41500822,0.37548432,0.40136865,0.43275458,0.23634346,0.30462354,0.1955862,0.6290027,0.0,0.39674422,0.001149753,0.6538651,0.82693255,1.0,0.0,0.0,1.0,0.5,0.06348051,0.5468052,0.8622482,0.5647993,0.9739943,0.2974489,0.0,0.0,0.5863073,0.48773086,-1.0,1.56,2020-05-13T06:00:00,EURUSD,H1,1,BUY,-17.176210101972345,34,"hit_tp=False,hit_sl=True,regime=1"
-0.0041942094,-0.010377773,-0.0019464047,-0.021837536,0.34949505,0.35849994,0.31551856,0.33706912,0.16000229,0.42584983,0.20487271,0.37285885,0.1928923,0.34542418,0.0,0.2483093,0.0005182968,0.14489068,0.57244533,1.0,0.0,0.0,0.37059048,0.017037086,0.23324186,0.6118135,0.7544097,0.0,0.0,0.7544097,0.41124985,0.0,0.0,0.53374547,-1.0,1.6900000000000002,2020-05-15T13:00:00,EURUSD,H1,1,BUY,-17.499288452367256,15,"hit_tp=False,hit_sl=True,regime=1"
0.0029969094,0.0013013551,-0.014237629,-0.018584112,0.27068314,0.23431937,0.30545908,0.31249118,0.32728052,0.49874336,0.09022289,0.18196052,0.2864137,0.70835423,0.0,0.3617428,0.0006031564,0.1431302,0.5715651,1.0,0.0,0.0,0.9829629,0.62940955,0.06671012,0.51695925,0.7946042,0.3131237,0.4976188,0.48148048,0.0,0.5163102,0.0,0.28882483,1.0,4.680000000000001,2020-05-16T05:00:00,EURUSD,H1,1,BUY,20.04951703016067,34,"hit_tp=True,hit_sl=False,regime=1"
0.013458916,0.009240505,0.008512563,-0.002529075,0.5010469,0.42191786,0.37657368,0.34887922,0.66563004,0.54069275,0.63778263,0.4898906,0.14606366,0.615462,0.0,0.64328164,0.0027730833,0.4984624,0.7492312,1.0,0.0,0.0,0.0669873,0.75,0.5758924,0.4141373,1.0,0.6071093,1.0,0.3928907,0.37047863,0.0,0.0,0.6,-1.0,2.028,2020-05-17T20:00:00,EURUSD,H1,1,BUY,-20.545281234118917,28,"hit_tp=False,hit_sl=True,regime=1"
0.004346749,0.00039513496,0.0042859493,-0.0039343494,0.3145905,0.3380078,0.2884891,0.30791304,0.17424734,0.3987075,0.30911028,0.47289482,0.22535023,0.6554853,0.0,0.13567895,0.001551428,0.6569844,0.8284922,1.0,0.0,0.0,0.62940955,0.9829629,0.21705696,0.5148443,0.68333584,0.25938222,0.35449034,0.42395362,0.54097086,0.0,0.0,0.61396676,-1.0,2.028,2020-05-19T01:00:00,EURUSD,H1,1,BUY,-19.658305223517747,63,"hit_tp=False,hit_sl=True,regime=1"
0.0007872525,0.0068562,0.009140726,-0.0043908465,0.27193666,0.22393106,0.2747016,0.3139145,0.4279593,0.49683553,0.3961054,0.5699078,0.13567194,0.6266766,0.0,0.3562316,0.0006648889,0.42654485,0.7132724,1.0,0.0,0.0,0.0,0.5,0.38030896,0.48203784,0.39084885,0.5273643,0.41223943,0.13651547,0.39084885,0.0,0.0,0.65169704,1.0,3.9000000000000004,2020-05-21T18:00:00,EURUSD,H1,1,BUY,16.56374847426978,9,"hit_tp=True,hit_sl=False,regime=1"
0.0021755123,0.000548759,0.008291597,-0.00040686084,0.3402465,0.36096197,0.34189415,0.32942587,0.52024686,0.4906121,0.33415127,0.48615977,0.24229433,0.6907096,0.0,0.4631743,0.0011625066,0.86249334,0.93124664,1.0,0.0,0.0,0.5,0.0,0.48060054,0.56186515,0.7228951,0.28455612,0.41140848,0.43833897,0.35569516,0.0,0.0,0.5130872,-1.0,1.6900000000000002,2020-05-22T12:00:00,EURUSD,H1,1,BUY,-15.365610721009837,7,"hit_tp=False,hit_sl=True,regime=1"
-0.0035393059,0.005272035,0.010296928,-0.0024210645,0.53425086,0.4291878,0.37994644,0.34813958,0.44726607,0.47490272,0.39516097,0.6632165,0.287227,0.30752844,0.0,0.352807,0.001419135,0.8762083,0.93810415,1.0,0.0,0.0,0.14644662,0.8535534,0.45260683,0.6054865,0.69973296,0.0,0.0,0.69973296,0.0,0.0,0.0,0.3222669,-1.0,2.028,2020-05-22T21:00:00,EURUSD,H1,1,BUY,-16.55135989159895,25,"hit_tp=False,hit_sl=True,regime=1"
0.0059808027,0.012498638,0.006161015,-0.010730975,0.39710718,0.4366587,0.39066038,0.33356428,0.37066665,0.41727346,0.29097164,0.36784545,0.20807412,0.6427616,0.0,0.4227273,0.0012456027,0.770806,0.88540304,1.0,0.0,0.0,0.37059048,0.9829629,0.23696893,0.47893792,0.70237267,0.10649589,0.14959961,0.5958768,0.4937394,0.0,0.0,0.590591,1.0,5.0,2020-05-23T23:00:00,EURUSD,H1,1,BUY,20.04226621206362,64,"hit_tp=True,hit_sl=False,regime=1"
-0.004052508,-0.003709853,0.0047866097,0.00040073114,0.5608144,0.3830664,0.3162034,0.31440142,0.70126885,0.5676058,0.69369173,0.6669345,0.17549181,0.30919173,0.0,0.6815603,0.004051278,0.2856181,0.64280903,1.0,0.0,0.0,0.14644662,0.8535534,0.79477936,0.5254426,0.6,1.0,1.0,0.4,0.0,0.0,0.4140982,0.38864204,-1.0,1.3,2020-05-26T21:00:00,EURUSD,H1,1,BUY,-15.014159504860292,2,"hit_tp=False,hit_sl=True,regime=1"
0.0031033128,-0.0057638143,-0.017674372,-0.021380946,0.46169698,0.48017746,0.40100047,0.34192753,0.5918149,0.44916725,0.41647333,0.3298789,0.1715942,0.656437,0.0,0.5948802,0.0031703608,0.70057875,0.85028934,1.0,0.0,0.0,0.5,1.0,0.4734353,0.48387772,0.5365238,0.4,0.42921904,0.1365238,0.0,0.0,0.0,0.27790946,-1.0,1.56,2020-05-27T00:00:00,EURUSD,H1,1,BUY,-16.17233389749062,51,"hit_tp=False,hit_sl=True,regime=1"
0.011777591,0.008273916,-0.0046194345,0.0065326504,0.2689627,0.31304413,0.3801308,0.33703363,0.4988772,0.52851987,0.5920565,0.42826337,0.13785072,0.62184405,0.0,0.50163245,0.0018116975,0.7774266,0.8887133,1.0,0.0,0.0,0.8535534,0.14644662,0.36397108,0.53317165,1.0,0.0,0.0,1.0,0.0,0.0,0.0,0.45077905,-1.0,2.028,2020-05-29T09:00:00,EURUSD,H1,1,BUY,-16.382662063363362,38,"hit_tp=False,hit_sl=True,regime=1"
0.0012122813,-0.012661851,-0.009750243,-0.019904992,0.24761946,0.28484446,0.289279,0.33715442,0.20570353,0.3973385,0.038739942,0.14694357,0.1192464,0.63856965,0.0,0.19952972,0.0003608845,0.20332804,0.601664,1.0,0.0,0.0,0.5,1.0,0.12052902,0.46534607,0.40612087,1.0,0.81224173,0.5938791,0.40612087,0.0,0.0,0.44038635,1.0,3.9000000000000004,2020-05-31T00:00:00,EURUSD,H1,1,BUY,18.20824665361709,16,"hit_tp=True,hit_sl=False,regime=1"
0.013049284,0.018475048,0.029658053,0.02469545,0.47488403,0.39107132,0.38246092,0.33553723,0.69671524,0.6121628,0.9456308,0.7901567,0.2439691,0.68102896,0.0,0.6115537,0.0028208876,0.5866667,0.79333335,1.0,0.0,0.0,0.017037086,0.37059048,0.87391406,0.44040966,0.6380694,0.35154742,0.4486233,0.286522,0.26476943,0.0,0.0,0.8642138,1.0,5.0,2020-05-31T17:00:00,EURUSD,H1,1,BUY,24.218429080049564,11,"hit_tp=True,hit_sl=False,regime=1"
-0.01072421,-0.014871589,-0.009787895,-0.011141557,0.5901025,0.4898283,0.39371055,0.37545767,0.6308045,0.4832877,0.52520716,0.3063562,0.17815329,0.36379763,0.0,0.71149415,0.0042585265,0.6772146,0.8386073,1.0,0.0,0.0,0.5,0.0,0.6555257,0.45596522,0.4219102,0.29870054,0.2520496,0.12320967,0.0,0.0,0.0,0.72234005,1.0,4.680000000000001,2020-06-01T12:00:00,EURUSD,H1,1,BUY,25.17689655332056,43,"hit_tp=True,hit_sl=False,regime=1"
0.0075340956,0.0016485362,-0.015972815,-0.022529252,0.24244341,0.20144816,0.30849677,0.30236146,0.52859277,0.50771195,0.47677007,0.09212642,0.31077802,0.7059641,0.0,0.5561005,0.0018985654,0.97478735,0.9873937,1.0,0.0,0.0,0.5,0.0,0.4720868,0.54817206,0.71336734,0.0,0.0,0.71336734,0.0,0.0,0.0,0.34554046,1.0,5.0,2020-06-03T12:00:00,EURUSD,H1,1,BUY,20.918172398736168,3,"hit_tp=True,hit_sl=False,regime=1"
0.0018601599,-0.0066828826,-0.00060742395,0.016567882,0.3191066,0.41719985,0.3295957,0.3446327,0.6175372,0.56172043,0.65829456,0.64411837,0.13046913,0.62325084,0.0,0.6200382,0.003212091,0.45073006,0.72536504,1.0,0.0,0.0,0.0,0.5,0.67645746,0.4916379,0.35313216,0.58746433,0.4149051,0.23433219,0.35313216,0.0,0.0,0.4677066,-1.0,1.56,2020-06-03T18:00:00,EURUSD,H1,1,BUY,-18.5875729518159,81,"hit_tp=False,hit_sl=True,regime=1"
0.017115034,0.011116708,0.015667157,0.0063786097,0.3370739,0.35627818,0.3175735,0.32909614,0.5615908,0.54225177,0.7152632,0.56843066,0.19762649,0.645427,0.0,0.4719277,0.0014663625,0.78352594,0.891763,1.0,0.0,0.0,0.9330127,0.25,0.24965818,0.5200794,0.97581464,0.6838381,1.0,0.29197654,0.2702326,0.0,0.0,0.7712819,-1.0,1.6900000000000002,2020-06-07T08:00:00,EURUSD,H1,1,BUY,-15.19586028030151,13,"hit_tp=False,hit_sl=True,regime=1"
0.0010232292,0.0019284795,-0.002849572,-0.018980108,0.3135762,0.27946287,0.22340311,0.30091766,0.20248334,0.4069514,0.16215314,0.1442725,0.29981333,0.7196013,0.0,0.28826648,0.00028527764,0.13640189,0.56820095,1.0,0.0,0.0,0.5,1.0,0.17423172,0.72395664,1.0,0.8,1.0,0.2,0.6301727,0.0,0.0,0.49153802,-1.0,1.3,2020-06-08T00:00:00,EURUSD,H1,1,BUY,-10.421159981124362,4,"hit_tp=False,hit_sl=True,regime=1"
0.0065269424,0.005580709,-0.0012944282,-0.0009982011,0.5609638,0.6727399,0.48326805,0.3525954,0.24315658,0.46076196,0.3094449,0.51108766,0.18423143,0.64826816,0.0,0.30116832,0.0012879787,0.5231217,0.76156086,1.0,0.0,0.0,0.9330127,0.25,0.2636261,0.5485563,1.0,0.4848127,0.9696254,0.51518726,0.25835627,0.0,0.0,0.47292587,1.0,5.0,2020-06-08T08:00:00,EURUSD,H1,1,BUY,21.73875329197328,34,"hit_tp=True,hit_sl=False,regime=1"
-0.0072498885,-0.013491367,-0.0069958265,0.00046151286,0.70492536,0.5633162,0.48457655,0.40318885,0.6143251,0.5422464,0.6543813,0.4578662,0.11509434,0.35226348,0.0,0.7096914,0.002212806,0.8573866,0.9286933,1.0,0.0,0.0,0.017037086,0.62940955,0.7024871,0.5320396,0.56073606,0.6547327,0.7342645,0.09399666,0.35262495,0.0,0.0,0.6175464,1.0,5.0,2020-06-09T19:00:00,EURUSD,H1,1,BUY,26.89335377817459,21,"hit_tp=True,hit_sl=False,regime=1"
-0.0056888494,-0.0034834575,0.010055301,0.0098494105,0.3382671,0.34649137,0.27758133,0.28757048,0.57881033,0.5350009,0.8463734,0.73783576,0.3895203,0.2762045,0.0,0.6196566,0.0038055659,0.3911129,0.69555646,1.0,0.0,0.0,0.017037086,0.37059048,0.91803354,0.53760123,0.5571149,0.92984486,1.0,0.37273,0.0,0.0,0.0,0.35931364,1.0,4.680000000000001,2020-06-10T17:00:00,EURUSD,H1,1,BUY,20.43006733396746,60,"hit_tp=True,hit_sl=False,regime=1"
-0.009844265,-0.012925583,-0.016062174,-0.013567402,0.29171127,0.30138564,0.38233128,0.3429571,0.6523011,0.49366227,0.46869612,0.19389082,0.19369659,0.33943012,0.0,0.6565862,0.0029512327,0.7200516,0.86002576,1.0,0.0,0.0,0.14644662,0.14644662,0.62506837,0.5418582,0.61356854,0.59127086,0.7255704,0.022297723,0.51387846,0.0,0.0,0.9676165,1.0,5.0,2020-06-13T15:00:00,EURUSD,H1,1,BUY,21.22538549490738,26,"hit_tp=True,hit_sl=False,regime=1"
0.0035435394,0.0013699085,0.012817901,0.0016002404,0.326097,0.363996,0.3167653,0.31350136,0.72098845,0.53445554,0.7203226,0.5675006,0.20143157,0.71243286,0.0,0.7901639,0.004509879,0.17762609,0.58881307,1.0,0.0,0.0,0.25,0.9330127,0.6883112,0.45711386,0.77172524,0.4,0.6173802,0.37172523,0.26169893,0.0,0.0,0.5239077,1.0,3.9000000000000004,2020-06-14T22:00:00,EURUSD,H1,1,BUY,17.464887736251544,11,"hit_tp=True,hit_sl=False,regime=1"
-0.0040166825,-0.00515129,-0.00026861677,0.010669297,0.30515808,0.2918946,0.33418453,0.33593243,0.6737876,0.54791945,0.7561356,0.71508014,0.28294,0.30521235,0.0,0.70158494,0.003939491,0.35198292,0.6759915,1.0,0.0,0.0,0.75,0.0669873,0.81009126,0.47267935,0.48047313,0.6313084,0.60665345,0.15083525,0.6313084,0.0,0.0,0.64016986,-1.0,1.3,2020-06-15T10:00:00,EURUSD,H1,1,BUY,-15.848242283240666,9,"hit_tp=False,hit_sl=True,regime=1"
0.003007294,0.0027678697,0.0038868345,-0.0055281776,0.4305377,0.39443347,0.36645475,0.35768768,0.24227677,0.3799798,0.2822121,0.39952627,0.18884616,0.63556117,0.0,0.256202,0.0027341307,0.8576068,0.9288034,1.0,0.0,0.0,0.14644662,0.8535534,0.30134556,0.58060485,1.0,0.4,0.8,0.6,0.0,0.0,0.0,0.8,1.0,5.0,2020-06-15T21:00:00,EURUSD,H1,1,BUY,19.870750629091827,7,"hit_tp=True,hit_sl=False,regime=1"
0.0064900047,0.004545615,-0.0036351318,-0.009912025,0.41443017,0.315517,0.3388102,0.35849044,0.58800995,0.45720688,0.40757993,0.33829468,0.17240474,0.6750827,0.0,0.6142084,0.002582169,0.82811487,0.91405743,1.0,0.0,0.0,0.75,0.0669873,0.38681436,0.5434469,1.0,0.5629956,1.0,0.4370044,0.27165934,0.0,0.0,0.4343387,-1.0,1.6900000000000002,2020-06-16T10:00:00,EURUSD,H1,1,BUY,-18.022703449427357,15,"hit_tp=False,hit_sl=True,regime=1"
0.0030496921,0.00954279,0.0020133893,0.0023405177,0.36386463,0.3301954,0.34394604,0.34085405,0.38174808,0.47525924,0.37829864,0.49539876,0.1868759,0.62470603,0.0,0.37548682,0.00112686,0.608191,0.8040955,1.0,0.0,0.0,0.75,0.9330127,0.34637097,0.5255204,0.89349085,0.48925492,0.8742896,0.40423593,0.38118115,0.0,0.0,0.50722057,-1.0,1.6900000000000002,2020-06-17T02:00:00,EURUSD,H1,1,BUY,-16.791341880861843,6,"hit_tp=False,hit_sl=True,regime=1"
0.0050251563,0.0035396279,-0.006754193,-0.018347478,0.34711385,0.40977204,0.34266037,0.35099894,0.16810857,0.43140185,0.18717273,0.20662646,0.12224622,0.6555302,0.0,0.26102203,0.00081171206,0.25206268,0.62603134,1.0,0.0,0.0,0.0669873,0.75,0.20111388,0.44438785,1.0,0.56617516,1.0,0.4338248,0.2540564,0.0,0.0,0.3793792,-1.0,1.56,2020-06-17T20:00:00,EURUSD,H1,1,BUY,-18.57354225525576,28,"hit_tp=False,hit_sl=True,regime=1"
0.0008484795,0.000646485,-0.0034820852,-0.0053943023,0.502606,0.381433,0.35018945,0.34063473,0.1979871,0.44851372,0.28293565,0.40403968,0.20852233,0.63777316,0.0,0.24220718,0.00097454403,0.30896735,0.6544837,1.0,0.0,0.0,1.0,0.5,0.23300353,0.5333527,1.0,0.45732573,0.91465145,0.54267424,0.39901444,0.0,0.0,0.2982832,-1.0,2.028,2020-06-19T06:00:00,EURUSD,H1,1,BUY,-18.3411889064522,36,"hit_tp=False,hit_sl=True,regime=1"
0.0067711584,0.006059468,-0.006242876,-0.007073144,0.43018135,0.39798692,0.4100278,0.34239417,0.37925076,0.46551,0.16908386,0.3973979,0.21010989,0.6772888,0.0,0.45090735,0.001276459,0.642332,0.821166,1.0,0.0,0.0,0.017037086,0.62940955,0.13346429,0.33041826,1.0,0.4,0.8,0.6,0.40450653,0.0,0.0,0.40529796,1.0,5.0,2020-06-20T19:00:00,EURUSD,H1,1,BUY,26.432354951964054,43,"hit_tp=True,hit_sl=False,regime=1"
0.0024862841,0.0016888519,0.0061154775,-0.001356692,0.18520391,0.25185624,0.30902776,0.33130762,0.7023979,0.53185195,0.63155997,0.5177333,0.19963393,0.65005857,0.0,0.5552136,0.0032035592,0.27267346,0.63633674,1.0,0.0,0.0,0.017037086,0.37059048,0.6945126,0.58680516,1.0,0.0,0.0,1.0,0.50705796,0.0,0.0,0.59350765,1.0,5.0,2020-06-22T17:00:00,EURUSD,H1,1,BUY,19.739333435535578,7,"hit_tp=True,hit_sl=False,regime=1"
-0.0010224746,-0.0026718678,0.0060873637,0.016578551,0.3057417,0.26927426,0.2918918,0.30629823,0.72902155,0.5607964,0.81497043,0.7545899,0.22051282,0.3630976,0.0,0.5876246,0.0037288226,0.30575025,0.6528751,1.0,0.0,0.0,0.62940955,0.9829629,0.79613435,0.52813053,1.0,0.0,0.0,1.0,0.41199887,0.0,0.0,0.4536761,1.0,5.0,2020-06-23T01:00:00,EURUSD,H1,1,BUY,18.71682283421494,41,"hit_tp=True,hit_sl=False,regime=1"
0.003068302,0.020180417,0.01064034,0.011719392,0.39455524,0.33484071,0.3827363,0.32420933,0.7159881,0.598018,0.81098026,0.7498366,0.28870356,0.6867944,0.0,0.6430279,0.00397716,0.0,0.4598847,1.0,0.0,0.0,0.017037086,0.62940955,0.7995845,0.6271733,1.0,0.6,1.0,0.4,0.6039124,0.0,0.0,0.46200672,1.0,3.9000000000000004,2020-06-24T19:00:00,EURUSD,H1,1,BUY,19.151367353533733,7,"hit_tp=True,hit_sl=False,regime=1"
-0.005913107,-0.001793029,-0.0034911386,0.0040250635,0.43358588,0.39385188,0.3714907,0.33530346,0.71301425,0.46240827,0.5877234,0.56369495,0.23304722,0.3475184,0.0,0.8723901,0.0056830933,0.2254057,0.61270285,1.0,0.0,0.0,0.017037086,0.37059048,0.6915109,0.5090164,1.0,0.7391774,1.0,0.26082262,0.47946295,0.0,0.0,0.70241904,1.0,4.680000000000001,2020-06-25T17:00:00,EURUSD,H1,1,BUY,16.2290213560512,28,"hit_tp=True,hit_sl=False,regime=1"
-0.00040869816,-0.0070770304,-0.0006449584,0.0050424016,0.6724216,0.48230863,0.39081275,0.3811253,0.65311,0.5023403,0.5014691,0.5479762,0.15199102,0.3829241,0.0,0.5571497,0.003324205,0.5250828,0.7625414,1.0,0.0,0.0,0.25,0.9330127,0.66709745,0.46405002,0.46172106,0.0,0.0,0.46172106,0.46172106,0.0,0.0,0.41814578,1.0,5.0,2020-06-26T22:00:00,EURUSD,H1,1,BUY,20.591978749286977,14,"hit_tp=True,hit_sl=False,regime=1"
0.00744137,0.006531699,0.0029388359,-0.022455668,0.36937428,0.44134143,0.44553998,0.378386,0.38377705,0.42273235,0.2612885,0.18681319,0.1813402,0.65607345,0.0,0.4869877,0.00088525686,0.5176799,0.75883996,1.0,0.0,0.0,0.017037086,0.37059048,0.18674192,0.42028356,1.0,0.21808942,0.43617883,0.7819106,0.36348236,0.0,0.0,0.5738365,-1.0,1.6900000000000002,2020-06-27T17:00:00,EURUSD,H1,1,BUY,-19.0644074965185,11,"hit_tp=False,hit_sl=True,regime=1"
0.016056212,0.0102484105,-0.0012908139,0.006045996,0.6151085,0.4814687,0.44136158,0.42990887,0.5066217,0.48613685,0.40068215,0.41037774,0.19961575,0.68553704,0.0,0.49764162,0.001504229,0.6998252,0.84991264,1.0,0.0,0.0,0.9829629,0.62940955,0.24969973,0.454999,0.9610018,0.48596343,0.9340235,0.4750384,0.26946607,0.0,0.0,0.48839727,1.0,5.0,2020-06-28T05:00:00,EURUSD,H1,1,BUY,28.69356595933903,100,"hit_tp=True,hit_sl=False,regime=1"
-0.008779232,-0.004693755,-0.005790437,-0.0021548609,0.45059952,0.3077405,0.29510593,0.32381228,0.5742066,0.5045049,0.63316494,0.5576689,0.20202276,0.34734428,0.0,0.5639065,0.0029974685,0.54009306,0.77004653,1.0,0.0,0.0,0.75,0.0669873,0.78734416,0.5663798,1.0,0.85806394,1.0,0.14193608,0.4374993,0.0,0.0,0.7772647,-1.0,2.028,2020-07-02T10:00:00,EURUSD,H1,1,BUY,-16.067848489678127,35,"hit_tp=False,hit_sl=True,regime=1"
0.007216554,0.0041829776,0.014237524,0.012381373,0.39953327,0.36481634,0.34946293,0.33729663,0.5081172,0.50723386,0.5859101,0.71099126,0.20259336,0.67600375,0.0,0.5342351,0.0013328233,0.9213918,0.96069586,1.0,0.0,0.0,0.75,0.9330127,0.40486166,0.6501442,0.8965651,0.31060502,0.5569553,0.5859601,0.38825628,0.0,0.0,0.6133138,-1.0,1.6900000000000002,2020-07-04T02:00:00,EURUSD,H1,1,BUY,-14.796328078834353,4,"hit_tp=False,hit_sl=True,regime=1"
-0.0015603388,0.0002870283,-0.006736413,-0.018987538,0.22005074,0.24439968,0.30652165,0.31063977,0.40634218,0.46697712,0.28396967,0.1811456,0.20687251,0.3158573,0.0,0.5133761,0.0004557354,0.3071263,0.65356314,1.0,0.0,0.0,0.9829629,0.37059048,0.24364679,0.5530867,0.7787084,0.7933872,1.0,0.01467877,0.56953806,0.0,0.0,0.48973617,1.0,3.9000000000000004,2020-07-04T07:00:00,EURUSD,H1,1,BUY,16.432460219515388,12,"hit_tp=True,hit_sl=False,regime=1"
-0.009836549,-0.0092001995,-0.011335957,0.002491551,0.27650604,0.4065888,0.3263807,0.31884092,0.66228145,0.54291296,0.6582027,0.62517047,0.10315385,0.38457045,0.0,0.8571684,0.0028747125,0.53254664,0.7662733,1.0,0.0,0.0,0.8535534,0.14644662,0.71645004,0.571485,0.47641736,1.0,0.9528347,0.52358264,0.37944645,0.0,0.0,0.8,1.0,5.0,2020-07-05T09:00:00,EURUSD,H1,1,BUY,16.01453148109666,10,"hit_tp=True,hit_sl=False,regime=1"
-4.7100068e-05,0.0026993242,0.011302468,0.022325765,0.16607468,0.23548627,0.26061565,0.2936422,0.6758913,0.56652635,0.85666126,0.9788756,0.21315454,0.35377246,0.0,0.7046197,0.004395554,0.0010709675,0.5005355,1.0,0.0,0.0,0.0669873,0.75,0.8959776,0.38883203,0.3602184,0.0,0.0,0.3602184,0.3602184,0.0,0.0,0.20248108,-1.0,1.3,2020-07-05T20:00:00,EURUSD,H1,1,BUY,-11.041111115626112,4,"hit_tp=False,hit_sl=True,regime=1"
0.01403823,0.008628955,0.00567471,-0.006592755,0.50349104,0.41024038,0.32769814,0.31434813,0.65128595,0.46092758,0.5460076,0.32178703,0.18075085,0.6189198,0.0,0.56586325,0.004067257,0.21440066,0.6072003,1.0,0.0,0.0,0.62940955,0.9829629,0.47142118,0.46592486,0.9327224,0.49658746,0.92635643,0.4361349,0.44281313,0.0,0.0,0.57603437,-1.0,1.3,2020-07-06T01:00:00,EURUSD,H1,1,BUY,-12.14605959772852,14,"hit_tp=False,hit_sl=True,regime=1"
0.0035134808,0.0011506708,-0.00263472,-0.0129690785,0.2848437,0.33536607,0.31254834,0.3449966,0.26709506,0.35172433,0.20150404,0.2892583,0.18362676,0.69040996,0.0,0.1335136,0.003017544,0.8051702,0.9025851,1.0,0.0,0.0,0.017037086,0.37059048,0.20525844,0.70893294,0.74784636,0.85571694,1.0,0.10787058,0.7323329,0.0,0.0,0.4181722,-1.0,1.6900000000000002,2020-07-06T17:00:00,EURUSD,H1,1,BUY,-12.442973934474466,1,"hit_tp=False,hit_sl=True,regime=1"
-0.0012890672,-0.009854471,-0.0063427216,-0.012487893,0.47587365,0.42841297,0.37172744,0.37250748,0.09631092,0.34322408,0.19178095,0.37535578,0.1888332,0.37650982,0.0,0.0,0.002061351,0.8984313,0.94921565,1.0,0.0,0.0,0.017037086,0.62940955,0.19338712,0.6596747,0.44870782,1.0,0.89741564,0.5512922,0.7323329,0.0,0.0,0.45783567,-1.0,1.6900000000000002,2020-07-06T19:00:00,EURUSD,H1,1,BUY,-14.495767427764594,17,"hit_tp=False,hit_sl=True,regime=1"
0.007902151,0.007205153,0.009798494,0.026390808,0.30730438,0.3554508,0.3309915,0.3677377,0.71309364,0.64390755,0.85050696,0.8155127,0.17990099,0.6693411,0.0,0.57252604,0.0026403088,0.70078784,0.8503939,1.0,0.0,0.0,0.8535534,0.8535534,0.8143911,0.52596885,1.0,0.0,0.0,1.0,0.0,0.0,0.0,0.8,1.0,5.0,2020-07-08T03:00:00,EURUSD,H1,1,BUY,18.395045147518996,6,"hit_tp=True,hit_sl=False,regime=1"
0.0017184339,0.006482215,-0.0037196788,-0.008856097,0.1986345,0.25979987,0.31030947,0.3268447,0.7227531,0.5390153,0.5906394,0.23555574,0.17756332,0.63650954,0.0,0.78952056,0.0034924825,0.5136448,0.7568224,1.0,0.0,0.0,0.25,0.0669873,0.6453042,0.43712184,0.7255162,0.33118305,0.48055735,0.39433315,0.613041,0.0,0.0,0.46180663,-1.0,1.6900000000000002,2020-07-08T14:00:00,EURUSD,H1,1,BUY,-14.943077612854516,9,"hit_tp=False,hit_sl=True,regime=1"
0.006819927,0.00062945456,-0.010631551,-0.0029634985,0.47317457,0.39695638,0.34072343,0.33098865,0.36655462,0.41282904,0.20908473,0.37041038,0.09989197,0.6221433,0.0,0.4230883,0.0028226883,0.79950744,0.89975375,1.0,0.0,0.0,0.5,1.0,0.18623024,0.41007823,0.6836193,0.81947124,1.0,0.13585193,0.27433905,0.0,0.0,0.36852717,-1.0,2.028,2020-07-09T00:00:00,EURUSD,H1,1,BUY,-15.44500051230191,49,"hit_tp=False,hit_sl=True,regime=1"
0.0042015603,0.004561542,0.0014313791,0.006416256,0.3577573,0.2892122,0.2781233,0.32644567,0.3982623,0.49185783,0.47487298,0.53003496,0.2398773,0.6491263,0.0,0.55186564,0.00093503104,0.63872313,0.81936157,1.0,0.0,0.0,0.75,0.9330127,0.31199488,0.53669167,0.35774282,0.6901526,0.49379426,0.33240977,0.0,0.0,0.0,0.7277626,-1.0,1.56,2020-07-11T02:00:00,EURUSD,H1,1,BUY,-14.708570266150911,35,"hit_tp=False,hit_sl=True,regime=1"
0.011984301,0.021839239,0.020684697,0.026538948,0.49583027,0.40907818,0.33803752,0.33269668,0.60212564,0.56706876,1.0,0.69138074,0.1911555,0.6273834,0.0,0.7220121,0.0021694552,0.4450356,0.7225178,1.0,0.0,0.0,0.25,0.0669873,0.84149927,0.5619424,0.8,0.44367534,0.70988053,0.35632467,0.520787,0.0,0.0,0.71288866,1.0,5.0,2020-07-12T14:00:00,EURUSD,H1,1,BUY,18.58223125896341,33,"hit_tp=True,hit_sl=False,regime=1"
0.0060159294,0.005146404,0.0051157656,0.0108764805,0.35127324,0.2673306,0.3145241,0.3023399,0.7046796,0.50415426,0.89548844,0.58611244,0.22194357,0.6594652,0.0,0.6241684,0.0037092867,0.25698024,0.62849015,1.0,0.0,0.0,0.9330127,0.75,0.67860067,0.48111618,1.0,0.0,0.0,1.0,0.0,0.0,0.0,0.6,-1.0,1.6900000000000002,2020-07-14T04:00:00,EURUSD,H1,1,BUY,-15.752946064249151,5,"hit_tp=False,hit_sl=True,regime=1"
0.0034541031,-0.0003791974,-5.8229953e-06,-0.0065638935,0.3526172,0.33583596,0.34018794,0.32368588,0.46680465,0.4405152,0.16080141,0.43361148,0.2951799,0.69807726,0.0,0.43205616,0.003031322,0.59949195,0.799746,1.0,0.0,0.0,0.62940955,0.017037086,0.17921881,0.54023373,0.90903217,0.9853236,1.0,0.07629147,0.48810765,0.0,0.0,0.6705236,1.0,5.0,2020-07-14T11:00:00,EURUSD,H1,1,BUY,20.510387548333675,13,"hit_tp=True,hit_sl=False,regime=1"
0.0006580087,0.0074424325,0.007507993,0.01144187,0.45840234,0.3773729,0.34438744,0.33016667,0.6944003,0.53660905,0.72419745,0.56477004,0.3663073,0.75153536,0.0,0.7381057,0.0031598618,0.3493153,0.67465764,1.0,0.0,0.0,0.62940955,0.9829629,0.77113515,0.5516639,0.82542056,0.26244366,0.4332528,0.5629769,0.43740612,0.0,0.0,0.6526026,1.0,5.0,2020-07-15T01:00:00,EURUSD,H1,1,BUY,19.22251726592661,46,"hit_tp=True,hit_sl=False,regime=1"
-0.011532295,-0.003486195,0.008139876,0.004885002,0.30488196,0.3153547,0.31368983,0.37510252,0.6493424,0.58504856,0.7588428,0.7443088,0.13097143,0.34518504,0.0,0.75439465,0.0023795029,0.5393577,0.76967883,1.0,0.0,0.0,0.5,1.0,0.90711135,0.46404698,0.6,0.8929357,1.0,0.29293573,0.38524434,0.539954,0.4827864,0.42180002,-1.0,2.028,2020-07-17T00:00:00,EURUSD,H1,1,BUY,-17.572167142900774,39,"hit_tp=False,hit_sl=True,regime=1"
-0.0031638762,-0.0048628016,-0.010538337,-0.0069758124,0.2908866,0.21783438,0.26154572,0.31887037,0.17161536,0.40628806,0.2707505,0.22921589,0.18192363,0.32567775,0.0,0.35283685,0.0006095532,0.35638663,0.67819333,1.0,0.0,0.0,0.0669873,0.25,0.24624856,0.43728364,0.4,0.42767993,0.34214395,0.027679924,0.0,0.0,0.0,0.7800687,-1.0,1.3,2020-07-18T16:00:00,EURUSD,H1,1,BUY,-14.760332713432689,3,"hit_tp=False,hit_sl=True,regime=1"
0.0018230053,0.0015144079,-0.005525469,-0.018075963,0.47655264,0.39608324,0.2912522,0.3336744,0.105048686,0.39168248,0.1937171,0.26871222,0.22602355,0.68689764,0.0,0.23308676,0.00067801453,0.3200009,0.66000044,1.0,0.0,0.0,0.0669873,0.75,0.21385735,0.4549669,1.0,0.0,0.0,1.0,0.0,0.0,0.0,0.3192349,1.0,5.0,2020-07-18T20:00:00,EURUSD,H1,1,BUY,17.796227971234035,25,"hit_tp=True,hit_sl=False,regime=1"
0.003946847,0.009341534,0.023725351,0.019343331,0.44693595,0.41255328,0.35143134,0.3334871,0.6917321,0.61343384,1.0,0.7772813,0.16388889,0.67173123,0.0,0.6169033,0.002144185,0.98979324,0.9948966,1.0,0.0,0.0,0.25,0.9330127,0.94710696,0.57407254,0.6,0.704325,0.84519,0.10432499,0.44076282,0.0,0.0,0.6999121,1.0,5.0,2020-07-19T22:00:00,EURUSD,H1,1,BUY,18.804944386050515,19,"hit_tp=True,hit_sl=False,regime=1"
0.0018879349,0.00066111895,-0.005570975,-0.01727178,0.29733634,0.37120983,0.3493554,0.32406473,0.67193276,0.4675695,0.52348983,0.17687592,0.16777465,0.63189703,0.0,0.7223978,0.0038349095,0.5474819,0.77374095,1.0,0.0,0.0,0.75,0.9330127,0.57250404,0.53664416,0.7564902,1.0,1.0,0.24350984,0.50484395,0.0,0.0,0.3211648,-1.0,1.6900000000000002,2020-07-21T02:00:00,EURUSD,H1,1,BUY,-16.065557765692073,15,"hit_tp=False,hit_sl=True,regime=1"
0.019339439,0.004075266,0.004772087,-0.0041505503,0.43991864,0.50380224,0.36045495,0.3537837,0.519996,0.43071792,0.17177881,0.2749619,0.23576362,0.6489561,0.0,0.5572392,0.0027770493,0.84064364,0.9203218,1.0,0.0,0.0,0.0,0.5,0.08865838,0.4886274,0.7112068,1.0,1.0,0.28879324,0.6471924,0.5643869,0.0,0.7287372,-1.0,1.6900000000000002,2020-07-21T18:00:00,EURUSD,H1,1,BUY,-14.147271364590708,8,"hit_tp=False,hit_sl=True,regime=1"
0.0025946407,-0.0011480851,-0.0066516246,-0.01170989,0.43344444,0.49423212,0.38523608,0.38602218,0.3221294,0.44342068,0.094692506,0.32359108,0.23887624,0.6498251,0.0,0.32967237,0.0006232928,0.31941774,0.65970886,1.0,0.0,0.0,0.8535534,0.14644662,0.15899383,0.7008585,0.6873173,0.7028064,0.966102,0.015489113,0.4796852,0.0,0.0,0.3314409,-1.0,1.3,2020-07-22T09:00:00,EURUSD,H1,1,BUY,-16.296024682986854,12,"hit_tp=False,hit_sl=True,regime=1"
0.008924472,0.0053353054,-0.0022253087,-0.018904017,0.42081955,0.34705636,0.281786,0.32543984,0.14088558,0.36757043,0.25915557,0.36496085,0.15685828,0.6235269,0.0,0.052438468,0.0010586316,0.34169018,0.6708451,1.0,0.0,0.0,1.0,0.5,0.21105342,0.52130556,0.9145276,0.0,0.0,0.9145276,0.0,0.0,0.0,0.4667273,-1.0,2.028,2020-07-23T06:00:00,EURUSD,H1,1,BUY,-13.91744263310013,31,"hit_tp=False,hit_sl=True,regime=1"
-0.0049978774,-0.0024568671,-0.0019360924,-0.0061925524,0.479544,0.47730768,0.433222,0.31702548,0.34181234,0.5201737,0.2196756,0.47016641,0.22747396,0.34112,0.0,0.3753106,0.0008061342,0.265577,0.6327885,1.0,0.0,0.0,0.25,0.0669873,0.37647972,0.4889311,0.74507624,1.0,1.0,0.25492376,0.4436691,0.0,0.0,0.57205206,1.0,4.680000000000001,2020-07-24T14:00:00,EURUSD,H1,1,BUY,19.383451231778093,25,"hit_tp=True,hit_sl=False,regime=1"
0.009720431,0.018776309,0.011798295,0.0175146,0.33959827,0.26896685,0.27974677,0.33163974,0.7272375,0.5781284,0.96043813,0.7014106,0.3138009,0.7627587,0.0,0.80997366,0.0030940047,0.2691937,0.6345969,1.0,0.0,0.0,0.0669873,0.25,0.75626385,0.46976557,0.5730544,0.6,0.6876653,0.026945608,0.26387697,0.0,0.0,0.6265961,1.0,4.680000000000001,2020-07-25T16:00:00,EURUSD,H1,1,BUY,20.497190490726958,22,"hit_tp=True,hit_sl=False,regime=1"
0.0037840267,-0.006614358,-0.006768571,-0.0037304065,0.5093621,0.5603842,0.47323012,0.37936306,0.5990638,0.52563965,0.5668019,0.38482484,0.18172231,0.6891996,0.0,0.48127052,0.0038231725,0.5259612,0.76298064,1.0,0.0,0.0,0.017037086,0.37059048,0.61593544,0.52317786,0.38045987,0.0,0.0,0.38045987,0.38045987,0.0,0.0,0.35832524,1.0,5.0,2020-07-26T17:00:00,EURUSD,H1,1,BUY,26.682482829760712,63,"hit_tp=True,hit_sl=False,regime=1"
0.0020151425,-0.002407198,-0.0022796853,0.009388648,0.3445165,0.30281082,0.3016357,0.32282618,0.7038242,0.5320276,0.7001209,0.64744514,0.17222223,0.6308185,0.0,0.5941008,0.0036928768,0.2917173,0.64585865,1.0,0.0,0.0,0.8535534,0.14644662,0.7459939,0.48190135,1.0,0.8,1.0,0.2,0.77538735,0.0,0.0,0.58415526,-1.0,1.6900000000000002,2020-07-29T09:00:00,EURUSD,H1,1,BUY,-13.742430428429486,6,"hit_tp=False,hit_sl=True,regime=1"
-0.00806187,-0.003378524,0.0018007517,-0.00044646516,0.40314215,0.34731475,0.3362331,0.30568492,0.5233751,0.45330128,0.42258966,0.51140976,0.16588089,0.37315476,0.0,0.5199207,0.0030638902,0.58357364,0.7917868,1.0,0.0,0.0,0.0669873,0.25,0.6244099,0.47028595,0.8410088,0.78685004,1.0,0.054158714,0.30126095,0.0,0.0,0.46987432,-1.0,1.3,2020-07-29T16:00:00,EURUSD,H1,1,BUY,-15.504797211998156,11,"hit_tp=False,hit_sl=True,regime=1"
0.007264269,0.0054525924,0.001629199,0.0030055614,0.25514194,0.327524,0.32529074,0.36218208,0.37213272,0.4531942,0.36433065,0.4071151,0.21543819,0.6677768,0.0,0.43984732,0.0009582819,0.5280094,0.7640047,1.0,0.0,0.0,0.75,0.0669873,0.2613042,0.39844587,1.0,0.47380656,0.9476131,0.52619344,0.6027878,0.0,0.0,0.5379022,-1.0,1.6900000000000002,2020-07-30T10:00:00,EURUSD,H1,1,BUY,-16.326004013866857,3,"hit_tp=False,hit_sl=True,regime=1"
0.004772051,0.0021022132,0.0061548008,-0.005655394,0.26142782,0.40150294,0.32356617,0.34200013,0.42263252,0.48343518,0.24280164,0.43885714,0.20860986,0.7098923,0.0,0.3604137,0.0011359764,0.5361907,0.7680953,1.0,0.0,0.0,0.0669873,0.25,0.28341842,0.41363963,0.79793024,0.1162309,0.1854883,0.68169934,0.29057723,0.0,0.0,0.64911747,-1.0,2.028,2020-07-30T16:00:00,EURUSD,H1,1,BUY,-17.991130814898337,26,"hit_tp=False,hit_sl=True,regime=1"
0.011234475,0.010045353,0.011698446,0.015100952,0.27729607,0.33733547,0.4128856,0.3683808,0.5564951,0.55750364,0.71907526,0.681882,0.26363635,0.6681364,0.0,0.3597666,0.002404718,0.7142802,0.8571401,1.0,0.0,0.0,0.62940955,0.9829629,0.5450787,0.46749067,1.0,0.3996194,0.7992388,0.6003806,0.37102005,0.0,0.0,0.8,-1.0,1.6900000000000002,2020-08-01T01:00:00,EURUSD,H1,1,BUY,-22.3826221917256,17,"hit_tp=False,hit_sl=True,regime=1"
0.005929494,0.0010768238,-0.0013607984,0.0017220126,0.5344969,0.41164654,0.33249354,0.30458903,0.41021347,0.48271814,0.26476914,0.4631877,0.18786384,0.6640674,0.0,0.40736854,0.0010127362,0.6683481,0.83417404,1.0,0.0,0.0,0.017037086,0.62940955,0.29528883,0.58100003,1.0,0.8177387,1.0,0.18226129,0.4570303,0.0,0.0,0.46910885,-1.0,1.6900000000000002,2020-08-01T19:00:00,EURUSD,H1,1,BUY,-15.796427854910533,20,"hit_tp=False,hit_sl=True,regime=1"
0.008208219,0.0045876266,0.013405454,0.0004427161,0.45173177,0.36668321,0.2999811,0.35394147,0.46997556,0.5032303,0.49052477,0.64652455,0.22462235,0.6348906,0.0,0.49925327,0.0012753119,0.6892178,0.8446089,1.0,0.0,0.0,0.017037086,0.37059048,0.3300216,0.5478121,0.87793547,0.57796437,1.0,0.29997107,0.39167103,0.0,0.0,0.6385937,1.0,5.0,2020-08-02T17:00:00,EURUSD,H1,1,BUY,20.200440713882273,10,"hit_tp=True,hit_sl=False,regime=1"
-0.0025117083,-0.0010039374,0.0011163409,0.0030266861,0.33565155,0.3457248,0.40740976,0.3440116,0.7259748,0.53858393,0.756778,0.62677556,0.21990521,0.34988412,0.0,0.8170563,0.004602393,0.28903,0.644515,1.0,0.0,0.0,0.0669873,0.75,0.7640413,0.51658094,1.0,0.7776264,1.0,0.22237357,0.7487189,0.0,0.0,0.4454614,1.0,5.0,2020-08-03T20:00:00,EURUSD,H1,1,BUY,20.808316897835688,37,"hit_tp=True,hit_sl=False,regime=1"
-0.0045430493,0.003784515,0.0020831453,0.00733467,0.43840718,0.40407333,0.37146068,0.3605575,0.7049487,0.547884,0.75425357,0.5842944,0.18554887,0.3207005,0.0,0.7064336,0.0031918918,0.37125003,0.685625,1.0,0.0,0.0,0.75,0.0669873,0.8834882,0.37478694,0.8,0.6,0.96,0.2,0.3962978,0.0,0.0,0.58709115,-1.0,1.3,2020-08-05T10:00:00,EURUSD,H1,1,BUY,-18.39605236774622,18,"hit_tp=False,hit_sl=True,regime=1"
0.0017480658,0.007857319,-0.005817975,-0.019226687,0.19191782,0.23584938,0.29846132,0.31095853,0.29732645,0.39298788,0.21300529,0.15884744,0.23433109,0.6743516,0.0,0.29276666,0.00047694016,0.2843129,0.6421565,1.0,0.0,0.0,0.75,0.0669873,0.17971335,0.41808736,0.35536322,0.28437212,0.2021108,0.070991114,0.47435683,0.0,0.415088,0.4487152,1.0,4.680000000000001,2020-08-06T10:00:00,EURUSD,H1,1,BUY,18.755478433496453,27,"hit_tp=True,hit_sl=False,regime=1"
0.00042326434,-0.0027902913,0.0026521205,0.011331362,0.36349964,0.33770806,0.31370938,0.3225781,0.6811022,0.5912652,0.8377474,0.64791924,0.16186771,0.66226566,0.0,0.6190072,0.0025997802,0.6305935,0.8152967,1.0,0.0,0.0,0.14644662,0.14644662,0.73536247,0.5643604,1.0,0.0,0.0,1.0,0.76298183,0.0,0.0,0.42796952,1.0,5.0,2020-08-07T15:00:00,EURUSD,H1,1,BUY,17.62974936894368,36,"hit_tp=True,hit_sl=False,regime=1"
0.004572666,0.005199446,0.007915646,7.229417e-05,0.35630852,0.33099675,0.3154725,0.3185174,0.6454333,0.5171714,0.60879815,0.46850815,0.21595599,0.7122457,0.0,0.61354643,0.0026738255,0.47957772,0.7397889,1.0,0.0,0.0,0.75,0.0669873,0.65835404,0.35928747,0.8277625,0.0,0.0,0.8277625,0.41301915,0.0,0.0,0.9466623,-1.0,1.6900000000000002,2020-08-09T10:00:00,EURUSD,H1,1,BUY,-14.17203777779985,4,"hit_tp=False,hit_sl=True,regime=1"
0.0039999457,-0.0017859557,0.00023779483,-0.0071293563,0.3631462,0.2936215,0.41732392,0.35561618,0.51346755,0.442299,0.1202133,0.36914563,0.2657988,0.7033739,0.0,0.34115878,0.0017076323,0.99107665,0.99553835,1.0,0.0,0.0,0.0669873,0.75,0.18500268,0.39999568,0.6767279,1.0,1.0,0.32327208,0.63175076,0.0,0.0,0.6032031,-1.0,1.6900000000000002,2020-08-09T20:00:00,EURUSD,H1,1,BUY,-18.87646391145248,20,"hit_tp=False,hit_sl=True,regime=1"
-0.007414681,-0.0027565542,-0.006059479,-0.014651543,0.29399255,0.27878147,0.31353438,0.33389887,0.34478867,0.43316844,0.2307615,0.2726302,0.15112393,0.37623414,0.0,0.35715416,0.00042525856,0.2402503,0.6201252,1.0,0.0,0.0,0.017037086,0.37059048,0.266456,0.35393623,0.86878145,1.0,1.0,0.13121857,0.49652505,0.0,0.0,0.68932307,1.0,4.680000000000001,2020-08-10T17:00:00,EURUSD,H1,1,BUY,20.82062369114679,28,"hit_tp=True,hit_sl=False,regime=1"
0.0029620922,0.0027401254,-0.0057290164,-0.007577875,0.2518744,0.28453407,0.32191604,0.3163576,0.5679973,0.43727514,0.29099652,0.18448834,0.26817593,0.6875647,0.0,0.6190545,0.0019663498,0.99740744,0.9987037,1.0,0.0,0.0,0.9829629,0.37059048,0.44815636,0.4905051,1.0,1.0,1.0,0.0,0.8250868,0.0,0.0,0.35247955,-1.0,1.6900000000000002,2020-08-12T07:00:00,EURUSD,H1,1,BUY,-14.678133057959286,5,"hit_tp=False,hit_sl=True,regime=1"
0.008665985,0.007380466,0.012092019,0.009706703,0.33662182,0.35059288,0.30453226,0.32862332,0.35122707,0.45241266,0.49630702,0.66494274,0.2210721,0.6629636,0.0,0.35200742,0.0018953475,0.9663215,0.98316073,1.0,0.0,0.0,0.14644662,0.14644662,0.3277514,0.5378386,1.0,0.24474394,0.4894879,0.75525606,0.30592993,0.0,0.0,0.7546777,-1.0,2.028,2020-08-12T15:00:00,EURUSD,H1,1,BUY,-14.605008794175145,21,"hit_tp=False,hit_sl=True,regime=1"
0.004654422,0.0022293376,-0.010354416,-0.003058188,0.38675806,0.32715854,0.32929596,0.33707964,0.33304006,0.43924487,0.22485934,0.28369653,0.1900728,0.6301787,0.0,0.4321841,0.00075569405,0.38067707,0.69033855,1.0,0.0,0.0,0.25,0.0669873,0.17754582,0.46170032,0.81991607,1.0,1.0,0.18008393,0.5862829,0.0,0.4363012,0.34196773,1.0,4.680000000000001,2020-08-13T14:00:00,EURUSD,H1,1,BUY,20.587447612836485,29,"hit_tp=True,hit_sl=False,regime=1"
-0.010116505,-0.004895396,0.0081368275,0.0058808774,0.33168715,0.36582026,0.35517204,0.3538395,0.69858825,0.59918255,0.7858553,0.78544444,0.2575139,0.30735806,0.0,0.66957676,0.0025400282,0.4849012,0.7424506,1.0,0.0,0.0,0.25,0.9330127,0.92573315,0.5592611,0.6,0.82285696,0.98742837,0.22285698,0.0,0.516584,0.48527497,0.41401216,-1.0,1.3,2020-08-14T22:00:00,EURUSD,H1,1,BUY,-17.86143117088468,6,"hit_tp=False,hit_sl=True,regime=1"
0.005129064,0.0016962504,-0.0058561563,-0.022516718,0.3387402,0.28263956,0.3032225,0.34095532,0.5022935,0.40869182,0.20459056,0.1975782,0.27824932,0.68717504,0.0,0.40964037,0.0012788397,0.7618505,0.88092524,1.0,0.0,0.0,0.9829629,0.62940955,0.2834796,0.5485131,0.7490425,0.0,0.0,0.7490425,0.0,0.0,0.0,0.3909376,1.0,5.0,2020-08-15T05:00:00,EURUSD,H1,1,BUY,19.581617243122906,11,"hit_tp=True,hit_sl=False,regime=1"
-0.0110246735,-0.008170259,-0.0086572785,0.001344483,0.5968629,0.43431613,0.3545367,0.32955667,0.6458325,0.55009425,0.7208517,0.4425405,0.21466097,0.34206036,0.0,0.65350336,0.0019222512,0.85410804,0.927054,1.0,0.0,0.0,0.0,0.5,0.7399705,0.46201923,0.8,1.0,1.0,0.2,0.0,0.0,0.0,0.8,1.0,5.0,2020-08-15T18:00:00,EURUSD,H1,1,BUY,18.876474771685192,26,"hit_tp=True,hit_sl=False,regime=1"
-0.0020677252,0.0018457696,0.006041335,0.006397534,0.525458,0.39127675,0.35180667,0.33665547,0.63976055,0.5386952,0.6756233,0.52609926,0.24501458,0.32213795,0.0,0.61108375,0.002063713,0.67334986,0.8366749,1.0,0.0,0.0,0.14644662,0.8535534,0.8207032,0.489567,1.0,0.39558566,0.7911713,0.60441434,0.4666851,0.0,0.0,0.32193762,1.0,5.0,2020-08-16T21:00:00,EURUSD,H1,1,BUY,19.553394840101657,67,"hit_tp=True,hit_sl=False,regime=1"
0.009123933,0.0077222995,-0.0023764889,-0.012596204,0.4179698,0.39344656,0.3435977,0.3347663,0.5663253,0.51977086,0.55982304,0.30941322,0.23607306,0.63320243,0.0,0.6106376,0.0018074585,0.81582904,0.9079145,1.0,0.0,0.0,0.0669873,0.75,0.51988196,0.57912004,1.0,0.0,0.0,1.0,0.0,0.0,0.0,0.46541414,1.0,5.0,2020-08-19T20:00:00,EURUSD,H1,1,BUY,19.756491899090012,18,"hit_tp=True,hit_sl=False,regime=1"
0.004613475,0.0034782395,0.0011805297,-0.0041248086,0.18657008,0.20252559,0.22551547,0.31088057,0.25374132,0.43613973,0.3237862,0.26520804,0.21295197,0.68279177,0.0,0.19343309,0.00044232665,0.19150667,0.5957533,1.0,0.0,0.0,0.37059048,0.017037086,0.3237755,0.57055765,1.0,0.23703171,0.47406343,0.7629683,0.29628965,0.0,0.0,0.5440229,-1.0,1.3,2020-08-21T13:00:00,EURUSD,H1,1,BUY,-12.291599749862936,5,"hit_tp=False,hit_sl=True,regime=1"
0.007976972,0.0074743438,0.01713768,0.034393482,0.53967035,0.45855832,0.3574927,0.31100026,0.63138384,0.68945247,0.8780356,0.8145984,0.15479,0.64987934,0.0,0.6156128,0.0024650656,0.8834548,0.9417274,1.0,0.0,0.0,0.8535534,0.8535534,0.7819397,0.48103637,1.0,0.0,0.0,1.0,0.0,0.0,0.0,0.6639237,1.0,5.0,2020-08-22T03:00:00,EURUSD,H1,1,BUY,18.722734658389584,16,"hit_tp=True,hit_sl=False,regime=1"
-0.011024724,-0.019776898,-0.01470987,-0.008295637,0.39973986,0.47669137,0.43721122,0.36598793,0.64672315,0.5135643,0.5234823,0.47407204,0.17598009,0.36612856,0.0,0.8207836,0.003271762,0.662876,0.831438,1.0,0.0,0.0,0.8535534,0.8535534,0.6749557,0.4455045,0.74651134,0.6302615,0.9409947,0.11624984,0.36627832,0.0,0.0,0.666099,-1.0,1.6900000000000002,2020-08-23T03:00:00,EURUSD,H1,1,BUY,-18.685246641674258,15,"hit_tp=False,hit_sl=True,regime=1"
-0.0067864107,-0.0016919746,-0.0050906255,-0.025069416,0.5275577,0.46180257,0.33491078,0.3560884,0.4477123,0.4003801,0.23371783,0.3517953,0.346013,0.22761063,0.0,0.51092577,0.0023036432,0.9405536,0.97027683,1.0,0.0,0.0,0.017037086,0.62940955,0.3003896,0.45452902,0.5998781,0.72200155,0.8662258,0.1221235,0.38037947,0.0,0.0,0.6664832,1.0,5.0,2020-08-23T19:00:00,EURUSD,H1,1,BUY,21.572308747475066,7,"hit_tp=True,hit_sl=False,regime=1"
-0.012942054,-0.0072930097,-0.0057442267,0.0040673334,0.2533695,0.28141677,0.3484703,0.36221164,0.7136359,0.5818423,0.69846445,0.6411146,0.28691924,0.31873575,0.0,0.5818738,0.0026628831,0.550465,0.7752325,1.0,0.0,0.0,0.62940955,0.017037086,0.80549884,0.49160278,0.5007234,1.0,1.0,0.49927658,0.783604,0.0,0.0,0.5855253,-1.0,2.028,2020-08-24T11:00:00,EURUSD,H1,1,BUY,-19.682648473438036,26,"hit_tp=False,hit_sl=True,regime=1"
0.0009660716,0.0016020933,0.0055537485,0.004081735,0.33710435,0.28670168,0.3085644,0.33683553,0.20152019,0.5036258,0.34199,0.46913895,0.1742126,0.669178,0.0,0.20476112,0.00086559035,0.26695877,0.6334794,1.0,0.0,0.0,0.37059048,0.9829629,0.3380907,0.4217983,1.0,0.0,0.0,1.0,0.8185408,0.0,0.0,0.7043935,-1.0,1.6900000000000002,2020-08-26T23:00:00,EURUSD,H1,1,BUY,-15.32230577111715,14,"hit_tp=False,hit_sl=True,regime=1"
-0.0073547508,-0.0031766216,-0.0052264077,-0.023419729,0.27808663,0.3905639,0.37102082,0.34324053,0.31685877,0.49465254,0.12547408,0.16741467,0.1971134,0.36343113,0.0,0.33324173,0.00025679418,0.09346331,0.54673165,1.0,0.0,0.0,0.25,0.0669873,0.21253215,0.46764004,0.67180556,0.79333633,1.0,0.12153077,0.43796262,0.0,0.0,0.7248698,-1.0,1.3,2020-08-27T14:00:00,EURUSD,H1,1,BUY,-18.48505901200559,19,"hit_tp=False,hit_sl=True,regime=1"
0.009040088,0.0068157627,0.0070819166,-0.0064974297,0.2990972,0.30316848,0.3190077,0.34611118,0.32126004,0.46832818,0.281548,0.28092742,0.23226221,0.678249,0.0,0.4321157,0.0007303416,0.2903418,0.64517087,1.0,0.0,0.0,0.62940955,0.017037086,0.15049055,0.38689303,1.0,0.8,1.0,0.2,0.50449574,0.0,0.47518218,0.8,-1.0,1.3,2020-08-28T11:00:00,EURUSD,H1,1,BUY,-18.570369582109336,19,"hit_tp=False,hit_sl=True,regime=1"
0.0029697814,0.00271089,-0.0079025645,-0.022199994,0.4138043,0.34390283,0.37461212,0.3331215,0.37442607,0.47359446,0.13144238,0.29324448,0.17426108,0.63862234,0.0,0.4442431,0.0009570628,0.39661938,0.69830966,1.0,0.0,0.0,0.9829629,0.37059048,0.13160546,0.58547837,1.0,0.0,0.0,1.0,0.0,0.0,0.0,0.32868797,1.0,5.0,2020-08-29T07:00:00,EURUSD,H1,1,BUY,20.397321437948257,50,"hit_tp=True,hit_sl=False,regime=1"
0.0037107167,0.00565828,0.016941922,0.015225781,0.3450128,0.27587208,0.34246185,0.3055413,0.65017724,0.5343867,0.86811596,0.8121012,0.15094188,0.6727279,0.0,0.5634386,0.0022413228,0.41677317,0.7083866,1.0,0.0,0.0,0.017037086,0.37059048,0.7969363,0.53923386,0.54498476,0.0,0.0,0.54498476,0.34966868,0.0,0.0,0.7315023,-1.0,1.6900000000000002,2020-08-31T17:00:00,EURUSD,H1,1,BUY,-14.709780840320708,11,"hit_tp=False,hit_sl=True,regime=1"
0.0053908024,0.01167711,0.010379387,0.0033592482,0.2838284,0.33886248,0.33817336,0.34116587,0.48625794,0.45260626,0.39945883,0.53780925,0.12001715,0.6284533,0.0,0.58519846,0.0017004823,0.81274015,0.9063701,1.0,0.0,0.0,0.9829629,0.62940955,0.39166853,0.5592497,0.8,0.23016088,0.3682574,0.5698391,0.38360146,0.0,0.0,0.6493801,-1.0,1.6900000000000002,2020-09-01T05:00:00,EURUSD,H1,1,BUY,-16.946372241770646,4,"hit_tp=False,hit_sl=True,regime=1"
0.0037474616,0.0034766977,0.0051320978,0.0025374605,0.37260062,0.36230642,0.366785,0.3620849,0.3694755,0.43461573,0.31508029,0.4184589,0.23754483,0.76597536,0.0,0.39105472,0.00072402117,0.42584312,0.71292156,1.0,0.0,0.0,0.0669873,0.25,0.28371257,0.5351794,1.0,0.8858285,1.0,0.1141715,0.5130827,0.0,0.0,0.7963344,1.0,4.680000000000001,2020-09-01T16:00:00,EURUSD,H1,1,BUY,23.089228825412533,46,"hit_tp=True,hit_sl=False,regime=1"
-0.0047974726,-0.0017337537,-0.006768434,-0.0035342888,0.501926,0.4673452,0.4667969,0.37363327,0.6772589,0.46428683,0.5648348,0.40918064,0.23734835,0.2632025,0.0,0.72083324,0.005410232,0.32061324,0.66030663,1.0,0.0,0.0,0.8535534,0.14644662,0.67063564,0.56548727,0.4,1.0,0.8,0.6,0.34770933,0.0,0.0,0.62318885,1.0,5.0,2020-09-04T09:00:00,EURUSD,H1,1,BUY,23.48447545968746,38,"hit_tp=True,hit_sl=False,regime=1"
0.007933928,0.0011339486,0.008889088,0.004015308,0.55042666,0.43989223,0.39550656,0.34999657,0.64708835,0.51285684,0.6481577,0.54551435,0.20219073,0.6447592,0.0,0.684649,0.002707352,0.3816348,0.6908174,1.0,0.0,0.0,0.62940955,0.9829629,0.62165326,0.52628213,0.69447064,0.3247187,0.45101523,0.3697519,0.0,0.0,0.0,0.61168563,-1.0,1.56,2020-09-06T01:00:00,EURUSD,H1,1,BUY,-17.636272943148956,37,"hit_tp=False,hit_sl=True,regime=1"
0.004784274,0.0017704066,0.0035579172,-0.001811214,0.16731769,0.1849617,0.2725879,0.32940742,0.43523166,0.47320285,0.29708263,0.40577433,0.3014245,0.69531137,0.0,0.402136,0.00080465473,0.56719905,0.7835995,1.0,0.0,0.0,0.14644662,0.8535534,0.28048256,0.43743467,0.9412672,0.9866821,1.0,0.045414913,0.29445627,0.0,0.0,0.6994744,-1.0,1.3,2020-09-07T21:00:00,EURUSD,H1,1,BUY,-13.008912989791455,12,"hit_tp=False,hit_sl=True,regime=1"
0.00022443579,-0.011154492,-0.009884278,-0.026788928,0.33429724,0.36812514,0.36538908,0.34187236,0.26253745,0.41110793,0.0748156,0.1669056,0.16608188,0.6359957,0.0,0.44573247,1.1221664e-05,0.0059748827,0.50298744,1.0,0.0,0.0,0.14644662,0.14644662,0.060530666,0.37953985,0.3889298,1.0,0.7778596,0.61107016,0.62875605,0.0,0.0,0.41045403,-1.0,1.56,2020-09-08T15:00:00,EURUSD,H1,1,BUY,-16.621693465099785,22,"hit_tp=False,hit_sl=True,regime=1"
0.005489109,0.0076924386,0.0043400098,-0.0080510285,0.49939403,0.4054847,0.35978854,0.3326387,0.2794657,0.4407194,0.32282415,0.41448972,0.16190477,0.62157065,0.0,0.2530293,0.0013247911,0.52609026,0.76304513,1.0,0.0,0.0,0.25,0.0669873,0.22522116,0.59691423,0.8,0.44387192,0.71019506,0.3561281,0.6192413,0.0,0.0,0.698242,-1.0,1.6900000000000002,2020-09-09T14:00:00,EURUSD,H1,1,BUY,-15.636384030792705,8,"hit_tp=False,hit_sl=True,regime=1"
0.007644665,0.013797121,0.012723152,0.016323559,0.39951387,0.3063471,0.38990816,0.3561511,0.39187413,0.5139633,0.51794916,0.55594045,0.22646154,0.6763494,0.0,0.32980958,0.0012070666,0.5369187,0.7684593,1.0,0.0,0.0,0.37059048,0.9829629,0.36240408,0.46762136,1.0,0.44152102,0.88304204,0.55847895,0.6671265,0.0,0.0,0.7085462,1.0,5.0,2020-09-09T23:00:00,EURUSD,H1,1,BUY,21.297481850270916,38,"hit_tp=True,hit_sl=False,regime=1"
0.001633239,-0.0019067492,0.0047090068,0.0067052483,0.37103814,0.2830201,0.2836846,0.30296338,0.71169025,0.5304185,0.77306473,0.60963994,0.1403289,0.66333556,0.0,0.72061443,0.00298568,0.34276664,0.6713833,1.0,0.0,0.0,0.14644662,0.14644662,0.71777236,0.46193388,0.6,0.27630576,0.33156693,0.32369423,0.3453822,0.0,0.0,0.48312396,-1.0,1.3,2020-09-11T15:00:00,EURUSD,H1,1,BUY,-13.634852745472159,8,"hit_tp=False,hit_sl=True,regime=1"
0.0013080138,0.0032791898,0.0006882273,-0.0009097929,0.3136096,0.35302374,0.40083933,0.337734,0.43430546,0.4412743,0.2139901,0.4806341,0.2522859,0.6760745,0.0,0.44297552,0.002139527,0.76746136,0.88373065,1.0,0.0,0.0,0.62940955,0.9829629,0.3000317,0.5519953,1.0,0.2910565,0.582113,0.7089435,0.75738466,0.0,0.0,0.53370976,1.0,5.0,2020-09-12T01:00:00,EURUSD,H1,1,BUY,21.387488717135028,47,"hit_tp=True,hit_sl=False,regime=1"
9.294044e-05,-0.004516374,-0.004074427,-0.0020382253,0.17722826,0.22481531,0.25920096,0.29495794,0.5787879,0.52779686,0.5995921,0.38436252,0.18925926,0.63937503,0.0,0.671533,0.0026064285,0.4481012,0.7240506,1.0,0.0,0.0,0.9829629,0.62940955,0.6582487,0.46987444,0.37908658,0.8,0.60653853,0.42091343,0.37908658,0.0,0.0,0.41083762,-1.0,2.028,2020-09-14T05:00:00,EURUSD,H1,1,BUY,-15.935639994293371,40,"hit_tp=False,hit_sl=True,regime=1"
0.0064388053,0.0017345077,0.0046654795,0.008670518,0.40436828,0.33797297,0.38896227,0.33263823,0.24312808,0.4344425,0.33407006,0.4938724,0.21979769,0.64007694,0.0,0.32230008,0.0009571111,0.4530152,0.7265076,1.0,0.0,0.0,0.9829629,0.62940955,0.25645593,0.3216211,0.8371212,0.61398506,1.0,0.22313611,0.27245882,0.0,0.0,0.67450416,-1.0,1.56,2020-09-16T05:00:00,EURUSD,H1,1,BUY,-17.160805358602538,23,"hit_tp=False,hit_sl=True,regime=1"
0.0014377189,-0.002902114,-0.009196833,-0.0053547127,0.49690765,0.36805806,0.31829488,0.34072143,0.38767287,0.47666135,0.19011627,0.4073401,0.15315582,0.6401336,0.0,0.41437915,0.0008592,0.32828,0.66414,1.0,0.0,0.0,0.9829629,0.62940955,0.1598605,0.5265807,0.719424,0.0,0.0,0.719424,0.6057366,0.0,0.0,0.27142662,1.0,5.0,2020-09-17T05:00:00,EURUSD,H1,1,BUY,21.49227084155436,12,"hit_tp=True,hit_sl=False,regime=1"
-0.0035060034,-0.0019934229,-0.0011002171,0.008640928,0.31949538,0.30375835,0.30397272,0.3265049,0.72497547,0.5704762,0.6982081,0.6982087,0.14500476,0.35758135,0.0,0.7129138,0.002391697,0.81292534,0.90646267,1.0,0.0,0.0,0.017037086,0.62940955,0.75045353,0.39453363,0.8,1.0,1.0,0.2,0.56348974,0.0,0.0,0.5558234,-1.0,1.6900000000000002,2020-09-17T19:00:00,EURUSD,H1,1,BUY,-16.319977104970462,15,"hit_tp=False,hit_sl=True,regime=1"
0.0012530739,0.0010980929,-0.009402761,-0.010623813,0.38315898,0.36032566,0.33317065,0.3378335,0.15759534,0.38841578,0.25033933,0.22872326,0.30145773,0.6892404,0.0,0.3806286,0.000614976,0.34663764,0.6733188,1.0,0.0,0.0,0.0669873,0.25,0.20907526,0.4459433,1.0,0.4,0.8,0.6,0.0,0.50129646,0.40598002,0.26310635,1.0,4.680000000000001,2020-09-18T16:00:00,EURUSD,H1,1,BUY,19.793108019658945,71,"hit_tp=True,hit_sl=False,regime=1"
-0.005982571,-0.014290338,-0.012591782,-0.0029390035,0.3327929,0.3490287,0.33890095,0.33109257,0.6341894,0.5447939,0.6241921,0.49851704,0.18563037,0.31649014,0.0,0.56461126,0.0021941822,0.7297005,0.8648503,1.0,0.0,0.0,0.0669873,0.25,0.68739885,0.504057,0.5620872,1.0,1.0,0.43791285,0.6363834,0.0,0.0,0.6243939,-1.0,1.6900000000000002,2020-09-21T16:00:00,EURUSD,H1,1,BUY,-17.004757585277197,19,"hit_tp=False,hit_sl=True,regime=1"
0.0035676442,0.00054190675,-3.491814e-05,-0.013937904,0.2642935,0.23215362,0.3044575,0.28870958,0.19303323,0.38331026,0.21262634,0.31502852,0.19000575,0.6452627,0.0,0.26055828,0.0007453082,0.43086293,0.71543145,1.0,0.0,0.0,0.37059048,0.017037086,0.15441269,0.49216712,0.6965218,0.0,0.0,0.6965218,0.0,0.0,0.0,0.49853855,-1.0,1.3,2020-09-22T13:00:00,EURUSD,H1,1,BUY,-12.065137582959462,4,"hit_tp=False,hit_sl=True,regime=1"
-0.0023983978,-0.0026489408,-0.008884625,-0.01069854,0.25885162,0.28879422,0.3981598,0.3386789,0.17005841,0.37063584,0.24386965,0.16588019,0.20444444,0.29803163,0.0,0.288635,0.00025749428,0.085166,0.542583,1.0,0.0,0.0,0.75,0.9330127,0.22237341,0.46006855,0.747324,0.6152828,0.9196311,0.13204126,0.4651164,0.0,0.0,0.76191694,-1.0,1.56,2020-09-23T02:00:00,EURUSD,H1,1,BUY,-18.065551676478275,29,"hit_tp=False,hit_sl=True,regime=1"
0.005191428,0.009646665,-0.0030869555,-0.016810806,0.26451573,0.25391823,0.29455334,0.3195783,0.29166603,0.4467147,0.23019987,0.2649159,0.2153492,0.62653786,0.0,0.2880512,0.0008508723,0.26044625,0.6302231,1.0,0.0,0.0,0.9330127,0.25,0.16705719,0.43972546,0.3568491,0.0,0.0,0.3568491,0.44606137,0.0,0.4236509,0.5391973,-1.0,1.3,2020-09-24T08:00:00,EURUSD,H1,1,BUY,-15.85381487446913,14,"hit_tp=False,hit_sl=True,regime=1"
-0.0025085963,0.0006370299,-0.007954923,-0.010256813,0.23684041,0.24103472,0.26931027,0.3207109,0.27672756,0.46482414,0.16955787,0.1996304,0.18638921,0.34570265,0.0,0.16866311,0.000376849,0.17319722,0.58659863,1.0,0.0,0.0,0.37059048,0.9829629,0.21690843,0.45292556,0.687946,0.4,0.5503568,0.287946,0.37002394,0.0,0.0,0.50563884,1.0,4.680000000000001,2020-09-24T23:00:00,EURUSD,H1,1,BUY,21.729784554234133,22,"hit_tp=True,hit_sl=False,regime=1"
-0.0030992597,0.0027704868,0.0068376316,0.012993472,0.21100284,0.30958256,0.27521703,0.34171697,0.69747055,0.6093199,0.83857864,0.86644155,0.18869358,0.32819933,0.0,0.6911575,0.002958427,0.66924834,0.8346242,1.0,0.0,0.0,0.25,0.9330127,0.8343803,0.48959094,0.4,0.2905585,0.23244679,0.109441504,0.2905585,0.0,0.0,0.3426832,-1.0,1.6900000000000002,2020-09-25T22:00:00,EURUSD,H1,1,BUY,-15.262525314232445,13,"hit_tp=False,hit_sl=True,regime=1"
0.00450011,0.0035091415,0.009207871,0.00016612986,0.19908541,0.29519618,0.33702928,0.30365714,0.33994398,0.43173838,0.31486112,0.38095933,0.23884615,0.71172,0.0,0.34384403,0.0021650856,0.7923547,0.89617735,1.0,0.0,0.0,0.25,0.0669873,0.28573602,0.33364388,1.0,0.41202182,0.82404363,0.5879782,0.6167136,0.0,0.0,0.64135104,-1.0,2.028,2020-09-26T14:00:00,EURUSD,H1,1,BUY,-15.636011974451414,41,"hit_tp=False,hit_sl=True,regime=1"
0.006362932,0.0028811316,0.0025097823,-0.0050716633,0.15527917,0.20585848,0.24800761,0.30613506,0.29882586,0.4444493,0.31759378,0.5040667,0.18719211,0.65727216,0.0,0.40743536,0.0007442194,0.46511087,0.73255545,1.0,0.0,0.0,0.75,0.0669873,0.20796071,0.58729243,0.80462444,0.25077197,0.4035545,0.5538525,0.41795325,0.0,0.0,0.5737184,-1.0,1.6900000000000002,2020-09-28T10:00:00,EURUSD,H1,1,BUY,-15.040333111822068,5,"hit_tp=False,hit_sl=True,regime=1"
0.0040947706,0.0013628977,5.461342e-05,-0.0019228053,0.39240423,0.39233297,0.29972598,0.3060467,0.21869493,0.45947024,0.2791986,0.41307923,0.19247897,0.6737023,0.0,0.34897122,0.0007614045,0.35317162,0.6765858,1.0,0.0,0.0,0.017037086,0.62940955,0.23978966,0.7166672,0.7498316,0.612504,0.9185497,0.13732764,0.40844554,0.0,0.0,0.5020142,1.0,3.9000000000000004,2020-09-28T19:00:00,EURUSD,H1,1,BUY,15.999404474962287,8,"hit_tp=True,hit_sl=False,regime=1"
-0.0034773638,-0.0066929087,-0.010423997,-0.012462753,0.33444938,0.26749396,0.2750546,0.29298428,0.58535635,0.5552206,0.41248012,0.34058517,0.33095068,0.2865574,0.0,0.6589638,0.0018922437,0.8786971,0.9393486,1.0,0.0,0.0,0.62940955,0.017037086,0.61280835,0.68488044,0.689279,0.60366833,0.83219177,0.08561067,0.35922852,0.0,0.0,0.80008566,-1.0,1.6900000000000002,2020-09-29T11:00:00,EURUSD,H1,1,BUY,-10.10716222535235,4,"hit_tp=False,hit_sl=True,regime=1"
0.0042777685,0.0028899435,-0.008017142,-0.01354344,0.57542473,0.5039754,0.40781128,0.31843796,0.38040543,0.4340053,0.12176313,0.308767,0.20651934,0.6715823,0.0,0.36897796,0.0013301497,0.6403826,0.82019126,1.0,0.0,0.0,0.017037086,0.37059048,0.16729759,0.5877351,1.0,0.0,0.0,1.0,0.48688895,0.0,0.0,0.35482693,-1.0,1.6900000000000002,2020-09-29T17:00:00,EURUSD,H1,1,BUY,-13.87121140814962,4,"hit_tp=False,hit_sl=True,regime=1"
0.0022483114,0.0006675268,-0.012428722,-0.019854952,0.37940922,0.4819291,0.425167,0.35479474,0.15350875,0.3807241,0.18834832,0.12097268,0.17106532,0.67737657,0.0,0.27463022,0.00026346315,0.125978,0.562989,1.0,0.0,0.0,0.37059048,0.9829629,0.13972905,0.46803367,0.7370539,1.0,1.0,0.26294616,0.3286928,0.0,0.0,0.2796592,1.0,4.680000000000001,2020-09-29T23:00:00,EURUSD,H1,1,BUY,22.71191569215958,37,"hit_tp=True,hit_sl=False,regime=1"
-0.00080912816,0.0038957,0.016275993,0.012475761,0.46424434,0.4546278,0.38015914,0.37575942,0.6692117,0.54335225,0.9521148,0.7537472,0.17790432,0.3543186,0.0,0.48439032,0.0024908215,0.54418606,0.772093,1.0,0.0,0.0,0.37059048,0.017037086,0.9086359,0.48912674,0.8397763,0.37321162,0.6268285,0.46656466,0.37321162,0.0,0.0,0.2271514,-1.0,1.6900000000000002,2020-10-01T13:00:00,EURUSD,H1,1,BUY,-20.68537544649862,11,"hit_tp=False,hit_sl=True,regime=1"
0.0016064676,-0.01145321,-0.02131205,-0.023240726,0.31311646,0.31449732,0.2765469,0.32532713,0.27842447,0.3836074,0.019845644,0.16021523,0.28434268,0.67589575,0.0,0.375048,0.00083432376,0.52791166,0.76395583,1.0,0.0,0.0,0.62940955,0.9829629,0.061371572,0.55597603,0.8212619,0.34698752,0.5699352,0.47427434,0.7782959,0.50160724,0.0,0.23926283,1.0,5.0,2020-10-02T01:00:00,EURUSD,H1,1,BUY,18.43981558579566,17,"hit_tp=True,hit_sl=False,regime=1"
0.0028958535,0.007589982,0.010664683,0.020216098,0.43371275,0.3870413,0.3687376,0.32689723,0.572896,0.5901335,0.905691,0.6934516,0.13197768,0.64252937,0.0,0.5035471,0.0022063816,0.68086547,0.8404327,1.0,0.0,0.0,0.017037086,0.62940955,0.81873906,0.47838977,0.4,1.0,0.8,0.6,0.0,0.0,0.0,0.7629852,1.0,5.0,2020-10-02T19:00:00,EURUSD,H1,1,BUY,18.72475558010178,41,"hit_tp=True,hit_sl=False,regime=1"
-0.0016217111,-0.01058456,-0.010508781,-0.0070547494,0.20406112,0.3195075,0.30580735,0.3121113,0.7133264,0.5538549,0.6017733,0.42968452,0.20868924,0.37584653,0.0,0.8403557,0.0029090496,0.5882262,0.7941131,1.0,0.0,0.0,0.017037086,0.62940955,0.6730569,0.7021536,0.6700576,0.8,1.0,0.12994242,0.45009598,0.0,0.0,0.4912341,-1.0,1.6900000000000002,2020-10-04T19:00:00,EURUSD,H1,1,BUY,-14.287876031391367,7,"hit_tp=False,hit_sl=True,regime=1"
-0.0018598604,2.9890007e-05,-0.006002466,-0.009577751,0.40156576,0.4189356,0.3797204,0.34666863,0.27363527,0.42539036,0.21336013,0.3157329,0.22688311,0.3443569,0.0,0.4963522,0.0021564597,0.92815256,0.9640763,1.0,0.0,0.0,0.8535534,0.8535534,0.4231232,0.70084757,0.4,0.7101365,0.56810915,0.31013644,0.5942878,0.0,0.0,0.51406443,0.0,1.56,2020-10-05T03:00:00,EURUSD,H1,1,BUY,-7.144709342508104,100,"hit_tp=False,hit_sl=False,regime=1"
0.0121699115,0.0010484543,0.0014466692,0.005187732,0.37251097,0.3545436,0.35139284,0.3277393,0.52342033,0.51640004,0.6206325,0.51254946,0.12867133,0.6275309,0.0,0.5193005,0.0010882609,0.9762698,0.9881349,1.0,0.0,0.0,0.9330127,0.25,0.14510806,0.4200618,0.4,0.8,0.64,0.4,0.0,0.0,0.0,0.7082395,-1.0,1.6900000000000002,2020-10-09T08:00:00,EURUSD,H1,1,BUY,-16.368644422637413,4,"hit_tp=False,hit_sl=True,regime=1"
0.00064636674,-0.009805247,-0.011586033,-0.027183564,0.531041,0.42125535,0.38627553,0.36535642,0.36181402,0.4323124,0.0,0.2885573,0.250229,0.6550422,0.0,0.5165992,0.00049330044,0.3409656,0.6704828,1.0,0.0,0.0,0.37059048,0.017037086,0.0,0.5208565,1.0,0.0,0.0,1.0,0.5469663,0.0,0.0,0.23009655,1.0,5.0,2020-10-09T13:00:00,EURUSD,H1,1,BUY,21.84581804443031,24,"hit_tp=True,hit_sl=False,regime=1"
0.011203963,0.00731097,0.0020819583,-0.0048784046,0.29277632,0.31462842,0.31150022,0.32115355,0.6838339,0.5045918,0.41112667,0.31112838,0.21026528,0.67354995,0.0,0.50720686,0.0030700206,0.41053218,0.70526606,1.0,0.0,0.0,0.14644662,0.8535534,0.526915,0.698422,0.97983897,0.0,0.0,0.97983897,0.0,0.0,0.0,0.5307439,-1.0,1.6900000000000002,2020-10-10T21:00:00,EURUSD,H1,1,BUY,-15.642612207305007,9,"hit_tp=False,hit_sl=True,regime=1"
0.004652697,0.0004202958,-0.0013099435,-0.01233307,0.2270525,0.22609769,0.2625507,0.2967442,0.34020397,0.38051838,0.19280285,0.21438378,0.3503392,0.7359188,0.0,0.29452378,0.0015523895,0.80251014,0.9012551,1.0,0.0,0.0,0.8535534,0.14644662,0.12962522,0.6521118,0.35287115,0.41638833,0.29386285,0.063517176,0.6939806,0.5152201,0.0,0.46296987,1.0,5.0,2020-10-11T09:00:00,EURUSD,H1,1,BUY,17.879164699436956,3,"hit_tp=True,hit_sl=False,regime=1"
0.013355969,0.007564972,0.016193725,0.02368115,0.39082384,0.31290716,0.37027657,0.32070377,0.59909153,0.55043143,0.85829616,0.7444639,0.27427387,0.68672055,0.0,0.58049715,0.0028039976,0.5486497,0.7743249,1.0,0.0,0.0,0.017037086,0.62940955,0.5174018,0.55368686,0.88453424,0.0,0.0,0.88453424,0.0,0.0,0.0,0.6885796,1.0,5.0,2020-10-11T19:00:00,EURUSD,H1,1,BUY,19.72963725046961,13,"hit_tp=True,hit_sl=False,regime=1"
-0.0033901592,-0.0010082048,3.0613068e-05,0.0099748075,0.29764494,0.37924215,0.3852005,0.36693645,0.6713483,0.55292726,0.80103517,0.6016482,0.14510167,0.35732266,0.0,0.67448014,0.0033384885,0.43817252,0.7190862,1.0,0.0,0.0,0.62940955,0.017037086,0.7525695,0.4918474,0.4420624,0.73719937,0.65177625,0.29513696,0.3390027,0.0,0.0,0.4986516,1.0,3.9000000000000004,2020-10-12T11:00:00,EURUSD,H1,1,BUY,24.533609456312,16,"hit_tp=True,hit_sl=False,regime=1"
0.0036708084,0.00974525,0.021258911,0.011439847,0.40690628,0.38560772,0.3190092,0.31498152,0.6256896,0.50488293,0.8381725,0.7009221,0.25055248,0.6618443,0.0,0.47871518,0.0052152495,0.19126743,0.5956337,1.0,0.0,0.0,0.9330127,0.75,0.7673332,0.44319028,0.54248583,0.4,0.43398866,0.14248583,0.54248583,0.0,0.0,0.703694,-1.0,1.3,2020-10-13T04:00:00,EURUSD,H1,1,BUY,-16.2404197967847,17,"hit_tp=False,hit_sl=True,regime=1"
-0.004253789,0.0038093054,0.0031457497,-0.0018731271,0.39662609,0.2954196,0.30250025,0.32809514,0.49267513,0.43023768,0.4275389,0.4793921,0.31366038,0.30864626,0.0,0.6352529,0.0033658,0.61471903,0.8073595,1.0,0.0,0.0,0.25,0.9330127,0.4701713,0.5006035,1.0,0.0,0.0,1.0,0.6093653,0.0,0.0,0.5966534,-1.0,1.6900000000000002,2020-10-13T22:00:00,EURUSD,H1,1,BUY,-14.420221051054671,5,"hit_tp=False,hit_sl=True,regime=1"
0.003431982,0.014418709,0.013674955,-0.0022799873,0.22605617,0.24278115,0.29828689,0.2868278,0.37435228,0.42614415,0.41133395,0.41078028,0.119199656,0.6296375,0.0,0.35107565,0.002752526,0.7892392,0.89461964,1.0,0.0,0.0,0.9330127,0.75,0.32787338,0.5445941,0.8,0.25471956,0.4075513,0.54528046,0.4245326,0.0,0.0,0.5358874,1.0,5.0,2020-10-14T04:00:00,EURUSD,H1,1,BUY,18.120616045458338,17,"hit_tp=True,hit_sl=False,regime=1"
0.0020311722,0.0015410582,0.0042931926,0.011794935,0.40878817,0.37342826,0.36199182,0.33440232,0.6492973,0.5466778,0.88462806,0.6806851,0.15340711,0.62139624,0.0,0.74742454,0.0024920579,0.3328587,0.66642934,1.0,0.0,0.0,0.37059048,0.9829629,0.78884053,0.30028513,1.0,0.0,0.0,1.0,0.3601979,0.0,0.0,0.63112736,-1.0,2.028,2020-10-14T23:00:00,EURUSD,H1,1,BUY,-18.67318431808984,40,"hit_tp=False,hit_sl=True,regime=1"
0.010352008,0.006223465,0.004879277,0.007447784,0.6010486,0.485081,0.43563503,0.38368645,0.40724975,0.4531839,0.41074762,0.52290726,0.17399527,0.64386106,0.0,0.3684623,0.0014646783,0.9310289,0.9655145,1.0,0.0,0.0,0.0669873,0.25,0.2553474,0.39724112,1.0,0.0,0.0,1.0,0.0,0.0,0.0,0.59253263,1.0,5.0,2020-10-16T16:00:00,EURUSD,H1,1,BUY,24.028657608987647,15,"hit_tp=True,hit_sl=False,regime=1"
0.0064641614,0.0029498336,-0.004812981,-0.017445022,0.41221115,0.3871802,0.3238495,0.3262192,0.5768667,0.47953,0.34006974,0.23871419,0.28925267,0.6764775,0.0,0.5856912,0.0027415,0.6759767,0.8379883,1.0,0.0,0.0,0.14644662,0.14644662,0.51126605,0.5315495,0.8066075,0.2757052,0.44477174,0.53090227,0.3446315,0.0,0.0,0.41858047,-1.0,1.6900000000000002,2020-10-17T15:00:00,EURUSD,H1,1,BUY,-17.492460469330506,8,"hit_tp=False,hit_sl=True,regime=1"
0.0025939308,0.0014423749,0.0011467272,0.0007662529,0.22012107,0.2510078,0.3201196,0.31296512,0.25863954,0.4451859,0.38233826,0.5548555,0.22642276,0.65237284,0.0,0.35721985,0.0014164816,0.6831902,0.8415951,1.0,0.0,0.0,1.0,0.5,0.3257164,0.5830948,0.87545115,0.8,1.0,0.075451136,0.5243825,0.0,0.0,0.5851365,1.0,5.0,2020-10-18T06:00:00,EURUSD,H1,1,BUY,17.47604974994932,52,"hit_tp=True,hit_sl=False,regime=1"
-0.00091812026,0.011249007,0.01597171,0.02057526,0.37495953,0.3646935,0.29223132,0.33368257,0.66187483,0.5948969,0.97729903,0.83519065,0.26425856,0.29560897,0.0,0.5629437,0.0026869532,0.16383345,0.58191675,1.0,0.0,0.0,0.62940955,0.017037086,0.96630204,0.5435017,0.52242804,0.0,0.0,0.52242804,0.2627169,0.0,0.0,0.23095748,-1.0,1.3,2020-10-20T11:00:00,EURUSD,H1,1,BUY,-14.335930585565038,3,"hit_tp=False,hit_sl=True,regime=1"
-0.0018244621,-0.0024697147,0.0017957704,0.00061930687,0.38022786,0.45945656,0.40638766,0.34546766,0.6547962,0.51636904,0.55645,0.6218384,0.3681599,0.25989634,0.0,0.5264864,0.00233834,0.50041896,0.75020945,1.0,0.0,0.0,0.0,0.5,0.67892843,0.5720818,1.0,0.0,0.0,1.0,0.6347712,0.0,0.0,0.56253463,-1.0,2.028,2020-10-20T18:00:00,EURUSD,H1,1,BUY,-17.45818486991846,24,"hit_tp=False,hit_sl=True,regime=1"
0.001706535,0.0018326204,0.0071074553,-0.019369155,0.2963777,0.29903397,0.2997916,0.2996305,0.29471722,0.39033997,0.22275244,0.29705957,0.18531588,0.6503842,0.0,0.18494578,0.0006053648,0.4184024,0.7092012,1.0,0.0,0.0,0.14644662,0.8535534,0.18427166,0.36453053,0.9873427,0.33994353,0.6712815,0.6473992,0.76629674,0.0,0.0,0.74410176,-1.0,2.028,2020-10-21T21:00:00,EURUSD,H1,1,BUY,-15.315236033102142,47,"hit_tp=False,hit_sl=True,regime=1"
0.00984942,0.009824764,0.010315748,0.017769895,0.5262783,0.41783357,0.38433453,0.33600757,0.40366343,0.5002432,0.47226742,0.66284305,0.18793018,0.67001015,0.0,0.48386434,0.0013384259,0.83646417,0.9182321,1.0,0.0,0.0,0.75,0.9330127,0.34278792,0.3316675,1.0,0.22013734,0.4402747,0.77986264,0.3668956,0.0,0.0,0.8,-1.0,1.6900000000000002,2020-10-24T02:00:00,EURUSD,H1,1,BUY,-16.067446925258633,4,"hit_tp=False,hit_sl=True,regime=1"
0.005957932,0.0018385986,-0.017676003,-0.015393281,0.58387834,0.43708295,0.42033777,0.37581322,0.41271988,0.4819716,0.25757742,0.34402233,0.20556702,0.6761073,0.0,0.5456068,0.0007390979,0.43830055,0.71915025,1.0,0.0,0.0,0.9829629,0.37059048,0.22191676,0.33723474,1.0,0.6,1.0,0.4,0.0,0.0,0.0,0.32071677,-1.0,1.3,2020-10-24T07:00:00,EURUSD,H1,1,BUY,-17.891436649870585,15,"hit_tp=False,hit_sl=True,regime=1"
0.001171187,0.009161378,0.010232365,0.0042643826,0.31421903,0.34732264,0.3313934,0.32698154,0.38021868,0.49115852,0.43769014,0.61624205,0.26939502,0.70133483,0.0,0.37482488,0.0010260665,0.51402426,0.7570121,1.0,0.0,0.0,0.8535534,0.8535534,0.37532222,0.3874662,0.67139965,0.0,0.0,0.67139965,0.67139965,0.0,0.0,0.66870654,1.0,5.0,2020-10-25T03:00:00,EURUSD,H1,1,BUY,20.1417270375015,13,"hit_tp=True,hit_sl=False,regime=1"
-0.0033965474,-0.0027608962,-0.00801782,-0.016316824,0.3354728,0.39679295,0.3574839,0.36564997,0.53394777,0.509229,0.24475384,0.23154244,0.1780269,0.35698894,0.0,0.43228802,0.0017139554,0.9577874,0.9788937,1.0,0.0,0.0,0.14644662,0.8535534,0.5640395,0.5441846,1.0,1.0,1.0,0.0,0.41681978,0.0,0.0,0.61934066,1.0,5.0,2020-10-25T21:00:00,EURUSD,H1,1,BUY,22.681978491316812,31,"hit_tp=True,hit_sl=False,regime=1"
0.006729189,0.0033649963,-0.007706907,-0.008903927,0.28862774,0.344057,0.37264106,0.32650077,0.6910437,0.53787875,0.5679357,0.13850617,0.23907563,0.7031613,0.0,0.6013977,0.002141183,0.8046034,0.9023017,1.0,0.0,0.0,0.9829629,0.37059048,0.55405617,0.5542167,0.8334292,0.28762698,0.47943348,0.54580224,0.32976362,0.0,0.0,0.39071092,-1.0,2.028,2020-10-27T07:00:00,EURUSD,H1,1,BUY,-15.436223098828084,32,"hit_tp=False,hit_sl=True,regime=1"
-0.0001226961,-0.0002761731,-0.004608161,-0.02863408,0.33369565,0.3381746,0.3130538,0.3522545,0.30728164,0.3609699,0.14671007,0.25856522,0.23797327,0.31641373,0.0,0.2956056,0.0006571137,0.3658817,0.68294084,1.0,0.0,0.0,0.017037086,0.37059048,0.14391446,0.5463558,1.0,0.0,0.0,1.0,0.908481,0.0,0.0,0.6159719,1.0,5.0,2020-10-28T17:00:00,EURUSD,H1,1,BUY,20.15629293224297,28,"hit_tp=True,hit_sl=False,regime=1"
-0.006158593,-0.0085035125,-0.002580677,-0.004224644,0.3673845,0.3911383,0.3716363,0.3489733,0.68116206,0.48949516,0.656603,0.4561521,0.19353932,0.3694332,0.0,0.48532236,0.005300157,0.3808795,0.69043976,1.0,0.0,0.0,0.017037086,0.62940955,0.7083088,0.6710122,0.6,0.29728055,0.35673666,0.30271944,0.3716007,0.0,0.0,0.6560957,1.0,4.680000000000001,2020-10-30T19:00:00,EURUSD,H1,1,BUY,24.34561748520858,25,"hit_tp=True,hit_sl=False,regime=1"
0.0010912766,-0.00938851,-0.013366401,-0.024518227,0.31314638,0.28379267,0.3287236,0.3073749,0.43474278,0.3664073,0.10557412,0.1171712,0.1965264,0.6354477,0.0,0.451879,0.0018796463,0.88162416,0.94081205,1.0,0.0,0.0,0.8535534,0.8535534,0.246712,0.32692423,0.35604805,0.0,0.0,0.35604805,0.35604805,0.0,0.0,0.24208379,1.0,5.0,2020-11-01T03:00:00,EURUSD,H1,1,BUY,18.254922088578596,24,"hit_tp=True,hit_sl=False,regime=1"
0.0015665493,-0.0028746228,-0.0018291404,-0.009127446,0.40717933,0.3505896,0.3504939,0.40607998,0.20217276,0.40857044,0.19465366,0.32605848,0.21556003,0.65616584,0.0,0.20890947,0.0011688939,0.65046614,0.8252331,1.0,0.0,0.0,0.0,0.5,0.2591659,0.5262923,1.0,1.0,1.0,0.0,0.4205673,0.0,0.0,0.53324443,1.0,5.0,2020-11-02T18:00:00,EURUSD,H1,1,BUY,25.78058153377416,28,"hit_tp=True,hit_sl=False,regime=1"
-0.0026734835,0.005484875,0.004201535,0.0040866984,0.47216672,0.3410425,0.32949093,0.3204063,0.58020407,0.5294732,0.7357227,0.47716707,0.1322616,0.34541136,0.0,0.65374184,0.0025917108,0.56016684,0.7800834,1.0,0.0,0.0,0.37059048,0.9829629,0.7827803,0.4273577,1.0,0.4183918,0.8367836,0.5816082,0.42169046,0.0,0.0,0.5324364,1.0,5.0,2020-11-03T23:00:00,EURUSD,H1,1,BUY,25.901155082310723,15,"hit_tp=True,hit_sl=False,regime=1"
0.00539682,0.0050089853,0.0063566607,0.016126705,0.40247375,0.35614368,0.41079786,0.3661888,0.70759124,0.48846662,0.8639346,0.6666587,0.18130727,0.63850945,0.0,0.54292697,0.006384212,0.12881497,0.56440747,1.0,0.0,0.0,0.9330127,0.25,0.6948753,0.55455387,1.0,0.3429946,0.6859892,0.65700537,0.42874327,0.0,0.0,0.8,1.0,4.680000000000001,2020-11-05T08:00:00,EURUSD,H1,1,BUY,26.52571916485158,27,"hit_tp=True,hit_sl=False,regime=1"
-0.009870541,-0.0037065062,-0.0018926224,0.00070521946,0.5232633,0.49766326,0.3522044,0.32310718,0.6747703,0.48679602,0.70615613,0.44606456,0.19679905,0.34842673,0.0,0.6638574,0.004712679,0.48774368,0.74387187,1.0,0.0,0.0,0.8535534,0.8535534,0.7393593,0.47784415,0.48905796,0.7668358,0.7500543,0.27777785,0.30755398,0.0,0.0,0.5317974,1.0,3.9000000000000004,2020-11-07T03:00:00,EURUSD,H1,1,BUY,18.27269045549862,8,"hit_tp=True,hit_sl=False,regime=1"
-0.0062270123,0.006409416,-0.0019398185,0.005759791,0.47257096,0.42201188,0.3673141,0.35397476,0.679694,0.5105896,0.710841,0.5119191,0.24273504,0.29834127,0.0,0.7825488,0.005775744,0.2334467,0.61672336,1.0,0.0,0.0,0.14644662,0.14644662,0.8301,0.41485098,0.6018411,1.0,1.0,0.39815894,0.4074113,0.0,0.0,0.5373395,-1.0,1.3,2020-11-07T15:00:00,EURUSD,H1,1,BUY,-18.807705369023875,11,"hit_tp=False,hit_sl=True,regime=1"
0.0055480525,0.003311326,-0.008535844,-0.013928337,0.20473829,0.22604856,0.23559469,0.29665515,0.34187225,0.35308424,0.16332689,0.15783502,0.24156977,0.6606007,0.0,0.3549995,0.0035594846,0.765141,0.8825705,1.0,0.0,0.0,0.8535534,0.8535534,0.13486554,0.47758943,1.0,0.0,0.0,1.0,0.59166425,0.52228147,0.0,0.36950997,-1.0,1.6900000000000002,2020-11-08T03:00:00,EURUSD,H1,1,BUY,-14.3630227209246,8,"hit_tp=False,hit_sl=True,regime=1"
0.002040215,-0.0068666767,-0.009315943,-0.012239905,0.31974062,0.33943596,0.30055103,0.27969143,0.21872307,0.39090833,0.106148034,0.27477437,0.123865165,0.6285809,0.0,0.20840086,0.001653798,0.714474,0.857237,1.0,0.0,0.0,0.5,0.0,0.15014775,0.36581638,0.85936856,0.0,0.0,0.85936856,0.45848593,0.0,0.0,0.2913415,-1.0,1.6900000000000002,2020-11-08T12:00:00,EURUSD,H1,1,BUY,-12.34124978132245,4,"hit_tp=False,hit_sl=True,regime=1"
-0.00094600674,0.0041689686,0.005194214,-0.0074420846,0.3821484,0.47112656,0.3746043,0.32065177,0.17633165,0.4271628,0.28421837,0.41325518,0.18333334,0.33472508,0.0,0.2766598,0.0008901576,0.4037381,0.7018691,1.0,0.0,0.0,0.017037086,0.62940955,0.28789282,0.43193135,0.94492555,0.0,0.0,0.94492555,0.4884526,0.0,0.0,0.28011757,-1.0,1.6900000000000002,2020-11-08T19:00:00,EURUSD,H1,1,BUY,-16.096220318095877,12,"hit_tp=False,hit_sl=True,regime=1"
0.0068301857,0.0018013051,-0.00045839488,-0.008142651,0.79727817,0.59404176,0.41943753,0.3975252,0.26635548,0.46630958,0.2335053,0.47297955,0.2043919,0.6714476,0.0,0.29019767,0.0012350767,0.39848602,0.699243,1.0,0.0,0.0,0.62940955,0.017037086,0.15314522,0.5174798,0.7263857,0.0,0.0,0.7263857,0.3277641,0.0,0.44680858,0.49025634,1.0,5.0,2020-11-09T11:00:00,EURUSD,H1,1,BUY,22.705335774224622,36,"hit_tp=True,hit_sl=False,regime=1"
0.0019191745,0.0064481474,0.018081473,0.028419578,0.31719425,0.2828107,0.3290562,0.3324803,0.64170766,0.59081346,0.9184739,0.8378929,0.18473282,0.66383857,0.0,0.7394909,0.0030092224,0.27873355,0.6393668,1.0,0.0,0.0,0.5,1.0,0.9236375,0.47273558,0.6938844,0.0,0.0,0.6938844,0.47328714,0.0,0.0,0.6637357,-1.0,1.6900000000000002,2020-11-11T00:00:00,EURUSD,H1,1,BUY,-17.558297516842014,4,"hit_tp=False,hit_sl=True,regime=1"
0.0016586388,-0.0032943941,0.00024993287,0.008006313,0.34785935,0.3608168,0.36367792,0.344612,0.5351933,0.53054416,0.57526594,0.6474642,0.10754643,0.6239754,0.0,0.5567294,0.0029096366,0.36655787,0.6832789,1.0,0.0,0.0,0.5,0.0,0.6534848,0.4887979,1.0,0.586314,1.0,0.41368595,0.49007922,0.0,0.0,0.49797374,1.0,5.0,2020-11-11T12:00:00,EURUSD,H1,1,BUY,23.17087223083103,19,"hit_tp=True,hit_sl=False,regime=1"
-0.001872885,0.0024910765,0.0100666005,0.00038045913,0.48313093,0.42608562,0.3718681,0.35438177,0.6890912,0.52706915,0.7640991,0.67212296,0.19960785,0.35812807,0.0,0.6875278,0.0038306697,0.259445,0.6297225,1.0,0.0,0.0,0.37059048,0.017037086,0.75294524,0.43105155,0.7046881,0.35143203,0.49529994,0.35325605,0.35143203,0.0,0.0,0.28139222,1.0,3.9000000000000004,2020-11-12T13:00:00,EURUSD,H1,1,BUY,21.339122017489665,17,"hit_tp=True,hit_sl=False,regime=1"
-0.008600308,0.00035578682,-0.003730383,0.0046416475,0.28287336,0.22647545,0.23419501,0.32595396,0.70385736,0.5005372,0.84587723,0.67157274,0.116874196,0.37345257,0.0,0.73159605,0.0054457723,0.15065765,0.5753288,1.0,0.0,0.0,0.14644662,0.8535534,0.75229007,0.50328,0.69231206,0.0,0.0,0.69231206,0.0,0.51547444,0.44620827,0.63844097,-1.0,1.3,2020-11-13T21:00:00,EURUSD,H1,1,BUY,-13.356818705365647,5,"hit_tp=False,hit_sl=True,regime=1"
0.009053321,0.0068084407,0.00945507,0.0038556936,0.25484097,0.34545943,0.31400588,0.30970284,0.23026928,0.3817745,0.31220633,0.5160213,0.14539716,0.6282752,0.0,0.24833113,0.0023271951,0.8884752,0.9442376,1.0,0.0,0.0,0.5,0.0,0.27005702,0.46187225,1.0,0.9534121,1.0,0.046587862,0.37072524,0.0,0.0,0.7895823,1.0,5.0,2020-11-14T12:00:00,EURUSD,H1,1,BUY,19.88636348690509,13,"hit_tp=True,hit_sl=False,regime=1"
-0.010155377,-0.0153674465,-0.008856835,-0.00628953,0.51814675,0.53319687,0.3954153,0.3459559,0.6019663,0.55689126,0.5432895,0.5121226,0.29591316,0.28818384,0.0,0.76363397,0.002111656,0.94053215,0.9702661,1.0,0.0,0.0,0.75,0.9330127,0.7451209,0.5243657,0.6,0.68191606,0.81829923,0.08191605,0.43863302,0.0,0.0,0.67839915,-1.0,1.6900000000000002,2020-11-15T02:00:00,EURUSD,H1,1,BUY,-16.091293718152322,11,"hit_tp=False,hit_sl=True,regime=1"
-0.0073198997,-0.011517708,-0.008498119,-0.010293773,0.3009312,0.25247705,0.26355553,0.31655812,0.2009371,0.39712712,0.23533674,0.28434974,0.19861461,0.35173452,0.0,0.33025604,0.0,0.0,0.49710655,1.0,0.0,0.0,0.25,0.0669873,0.24823628,0.44955686,0.74453783,0.61620456,0.9175753,0.12833329,0.38140598,0.0,0.0,0.7020251,-1.0,1.3,2020-11-15T14:00:00,EURUSD,H1,1,BUY,-14.24419242360031,2,"hit_tp=False,hit_sl=True,regime=1"
0.008038023,0.0065978384,8.002199e-05,-0.008964587,0.30160555,0.44133747,0.34907013,0.3437939,0.21029688,0.394566,0.20688182,0.25368392,0.29036003,0.73284775,0.0,0.30460542,0.0008529361,0.322446,0.661223,1.0,0.0,0.0,0.017037086,0.62940955,0.20801304,0.4988391,1.0,0.662631,1.0,0.337369,0.32828873,0.0,0.0,0.50150126,1.0,3.9000000000000004,2020-11-15T19:00:00,EURUSD,H1,1,BUY,17.939313632722165,18,"hit_tp=True,hit_sl=False,regime=1"
0.005226517,0.00063786027,-0.007611488,-0.011271999,0.15061362,0.21801415,0.34373724,0.3465465,0.46193627,0.51048756,0.2428881,0.13473968,0.1353244,0.629569,0.0,0.30424634,0.0017722696,0.7252493,0.86262465,1.0,0.0,0.0,0.0,0.5,0.40537518,0.6124267,0.68984073,0.0,0.0,0.68984073,0.0,0.0,0.0,0.37354797,-1.0,2.028,2020-11-16T18:00:00,EURUSD,H1,1,BUY,-14.828806667828154,27,"hit_tp=False,hit_sl=True,regime=1"
0.0029050552,0.0023850785,-0.0023501194,0.0032444303,0.46543327,0.34706074,0.3933703,0.3322462,0.33830464,0.45432252,0.30620295,0.44257,0.16687255,0.6266961,0.0,0.39006212,0.00068632636,0.4340637,0.71703184,1.0,0.0,0.0,0.9829629,0.62940955,0.22620621,0.4293421,1.0,0.43619263,0.87238526,0.56380737,0.0,0.0,0.0,0.41358468,1.0,4.680000000000001,2020-11-18T05:00:00,EURUSD,H1,1,BUY,20.287437983617096,29,"hit_tp=True,hit_sl=False,regime=1"
0.00087837566,0.00035083437,0.0046807416,0.017894395,0.48646194,0.439157,0.4168838,0.32594216,0.5549088,0.539074,0.8066726,0.6248784,0.2,0.6302711,0.0,0.5152646,0.002098489,0.5203329,0.7601664,1.0,0.0,0.0,0.62940955,0.017037086,0.6497666,0.47811332,0.777511,1.0,1.0,0.222489,0.5289746,0.0,0.0,0.49189758,1.0,5.0,2020-11-19T11:00:00,EURUSD,H1,1,BUY,17.48005007887299,13,"hit_tp=True,hit_sl=False,regime=1"
-0.006637368,0.0040348247,0.003045739,-0.0028035357,0.5911777,0.48634842,0.43695688,0.3687163,0.69766325,0.50347686,0.681155,0.4911667,0.19053435,0.3227217,0.0,0.62216157,0.004435925,0.35870695,0.6793535,1.0,0.0,0.0,0.017037086,0.37059048,0.726565,0.49455345,0.8,1.0,1.0,0.2,0.92275375,0.0,0.0,0.61766833,-1.0,1.6900000000000002,2020-11-20T17:00:00,EURUSD,H1,1,BUY,-18.545108213654515,12,"hit_tp=False,hit_sl=True,regime=1"
0.0031028811,-0.0039561978,-0.018793158,-0.034276754,0.30207038,0.3192358,0.35550928,0.34069398,0.1527685,0.2990161,0.1488903,0.07391911,0.16547199,0.6459768,0.0,0.19754906,0.0009267135,0.36337844,0.6816892,1.0,0.0,0.0,0.5,0.0,0.13769796,0.49802762,0.83420587,0.6,1.0,0.23420587,0.37358093,0.0,0.0,0.27441105,1.0,4.680000000000001,2020-11-21T12:00:00,EURUSD,H1,1,BUY,21.218886531571002,42,"hit_tp=True,hit_sl=False,regime=1"
-0.0016094907,0.0041207997,0.014924059,0.016253367,0.42951167,0.35390586,0.29760522,0.3384864,0.6353308,0.5498097,0.93562394,0.6599967,0.2665146,0.24715067,0.0,0.4465506,0.0024788,0.519526,0.759763,1.0,0.0,0.0,0.9829629,0.37059048,0.9695671,0.52229434,0.7261096,0.0,0.0,0.7261096,0.36287183,0.0,0.0,0.2532629,-1.0,1.6900000000000002,2020-11-23T07:00:00,EURUSD,H1,1,BUY,-15.030140752447796,12,"hit_tp=False,hit_sl=True,regime=1"
0.0035379017,-0.0030325898,-6.5767845e-06,-0.0028014656,0.5465751,0.42741752,0.37714243,0.3555191,0.38850874,0.4626858,0.22835506,0.4841286,0.2260492,0.6472999,0.0,0.37392318,0.0012477693,0.9319405,0.9659703,1.0,0.0,0.0,0.0669873,0.75,0.29449043,0.41724965,0.9132972,0.8574417,1.0,0.05585549,0.41995382,0.0,0.0,0.5615923,1.0,5.0,2020-11-23T20:00:00,EURUSD,H1,1,BUY,19.924945290570317,7,"hit_tp=True,hit_sl=False,regime=1"
-0.0061107147,-0.0060781417,0.0022989016,0.0032573212,0.21345091,0.22399744,0.3517033,0.314817,0.68738055,0.5729591,0.725643,0.678003,0.16821705,0.37311736,0.0,0.6499806,0.0024364083,0.44734493,0.72367245,1.0,0.0,0.0,0.9330127,0.75,0.83057517,0.40563175,0.6,1.0,1.0,0.4,0.42836618,0.0,0.0,0.45251983,0.0,1.56,2020-11-24T04:00:00,EURUSD,H1,1,BUY,2.1155956443008606,100,"hit_tp=False,hit_sl=False,regime=1"
-0.009397877,-0.0021388512,0.007173369,0.0004985566,0.44048408,0.41693464,0.36036924,0.34734386,0.48491567,0.50407386,0.53829616,0.5321113,0.1922588,0.33917743,0.0,0.5627823,0.0008913877,0.7478731,0.87393653,1.0,0.0,0.0,0.8535534,0.14644662,0.7069521,0.45286453,1.0,0.71575147,1.0,0.28424856,0.7482874,0.0,0.0,0.41718158,-1.0,1.6900000000000002,2020-11-28T09:00:00,EURUSD,H1,1,BUY,-14.783541896932206,5,"hit_tp=False,hit_sl=True,regime=1"
0.0053042066,0.0011880875,-0.0065879556,-0.014175583,0.25566554,0.29177377,0.34393904,0.33672583,0.3317653,0.41531092,0.20244066,0.15232447,0.108639225,0.6359433,0.0,0.30776617,0.00046928928,0.31327596,0.65663797,1.0,0.0,0.0,0.14644662,0.14644662,0.095587656,0.5111662,0.7147865,0.5286109,0.7556879,0.18617564,0.39741746,0.54340416,0.41123345,0.38502732,1.0,3.9000000000000004,2020-11-28T15:00:00,EURUSD,H1,1,BUY,17.887017062796495,13,"hit_tp=True,hit_sl=False,regime=1"
-0.014197411,-0.0034540358,-0.0077201608,-0.013574904,0.41083598,0.31818914,0.3696518,0.3543198,0.7281483,0.56466377,0.6113619,0.5236621,0.27781066,0.3321899,0.0,0.7488022,0.0032760866,0.40402484,0.7020124,1.0,0.0,0.0,0.25,0.0669873,0.7179986,0.4959876,0.7358819,0.7202126,1.0,0.015669337,0.0,0.0,0.0,0.69164646,1.0,3.9000000000000004,2020-11-29T14:00:00,EURUSD,H1,1,BUY,21.11820580924295,14,"hit_tp=True,hit_sl=False,regime=1"
0.004190595,-0.0017875269,-0.0007311741,-0.0014341009,0.3440992,0.40516326,0.39079607,0.33458024,0.61623144,0.4867163,0.51829636,0.38094267,0.24029039,0.6832973,0.0,0.4856857,0.0044906414,0.32374126,0.66187066,1.0,0.0,0.0,0.8535534,0.14644662,0.6065426,0.40518638,0.7988915,1.0,1.0,0.20110855,0.49452874,0.0,0.0,0.62397695,-1.0,1.3,2020-11-30T09:00:00,EURUSD,H1,1,BUY,-16.318836218325306,9,"hit_tp=False,hit_sl=True,regime=1"
0.009660314,0.00942366,0.0015497606,0.0022435645,0.43859693,0.47713116,0.41615483,0.37896326,0.39581737,0.416848,0.3186256,0.31228274,0.21170141,0.6509238,0.0,0.40618968,0.0037870228,0.5873853,0.79369265,1.0,0.0,0.0,0.0669873,0.75,0.18072084,0.4390735,1.0,0.14067994,0.28135988,0.85932004,0.35169986,0.0,0.0,0.52617383,1.0,5.0,2020-11-30T20:00:00,EURUSD,H1,1,BUY,24.37887311846909,7,"hit_tp=True,hit_sl=False,regime=1"
0.0017081704,-0.0006350352,-0.010009126,-0.030281778,0.31110013,0.3295813,0.3059486,0.34287164,0.6648223,0.490951,0.46366602,0.15683697,0.17695901,0.65663487,0.0,0.62448424,0.0027353019,0.83141696,0.9157085,1.0,0.0,0.0,0.75,0.0669873,0.5649611,0.47190565,0.7999519,0.0,0.0,0.7999519,0.39590684,0.0,0.0,0.27630678,-1.0,1.6900000000000002,2020-12-01T10:00:00,EURUSD,H1,1,BUY,-14.870484300302245,14,"hit_tp=False,hit_sl=True,regime=1"
0.0035339065,-0.00079655164,-0.0023156656,-0.0016729394,0.657309,0.42576134,0.35195506,0.343488,0.35540363,0.4336374,0.35975745,0.47800696,0.1625941,0.6341726,0.0,0.33263963,0.0018901252,0.80682063,0.9034103,1.0,0.0,0.0,0.62940955,0.9829629,0.30195346,0.48050925,0.35799193,0.4366159,0.31260997,0.07862398,0.694938,0.0,0.0,0.42594922,1.0,5.0,2020-12-02T01:00:00,EURUSD,H1,1,BUY,20.75731042546325,21,"hit_tp=True,hit_sl=False,regime=1"
-0.0055250167,-0.00045586817,0.0017687244,0.009484491,0.259733,0.27353057,0.25108063,0.33181167,0.68598485,0.5970741,0.7493163,0.6724606,0.23952879,0.33667678,0.0,0.579678,0.0030288096,0.46172553,0.7308628,1.0,0.0,0.0,0.75,0.9330127,0.82995296,0.46356812,0.47677228,0.6332983,0.60387814,0.156526,0.75051516,0.0,0.0,0.4586191,-1.0,1.6900000000000002,2020-12-03T02:00:00,EURUSD,H1,1,BUY,-14.810550405384149,7,"hit_tp=False,hit_sl=True,regime=1"
0.0041370634,0.004104048,0.00042612292,-0.014093534,0.36532077,0.4117752,0.36534485,0.31507587,0.53167605,0.4368406,0.26320478,0.32379055,0.1998062,0.6805236,0.0,0.48217556,0.0023082395,0.7988074,0.8994037,1.0,0.0,0.0,0.75,0.0669873,0.43551055,0.47146744,1.0,0.30418143,0.60836285,0.6958186,0.50696903,0.0,0.0,0.51629204,1.0,5.0,2020-12-03T10:00:00,EURUSD,H1,1,BUY,21.76886636815034,59,"hit_tp=True,hit_sl=False,regime=1"
-0.012275698,-0.00612642,0.0064362995,0.010263012,0.36837456,0.29216743,0.29002976,0.31219947,0.5293847,0.517902,0.7590514,0.7651718,0.103526644,0.37900186,0.0,0.55970085,0.0029236118,0.43460032,0.7173002,1.0,0.0,0.0,0.25,0.9330127,0.78913504,0.5137476,0.4,0.8326119,0.66608953,0.43261188,0.0,0.5224238,0.51655644,0.43773463,-1.0,1.3,2020-12-05T22:00:00,EURUSD,H1,1,BUY,-13.365319643858786,19,"hit_tp=False,hit_sl=True,regime=1"
-0.012062033,-0.013914356,-0.023108387,-0.023118779,0.42595273,0.34906402,0.32840404,0.33173966,0.24073574,0.38227344,0.0,0.1272167,0.34091836,0.20324475,0.0,0.21353339,0.00044752742,0.2731876,0.6365938,1.0,0.0,0.0,0.0,0.5,0.08557934,0.46933615,0.4,0.8479834,0.67838675,0.44798344,0.61653847,0.0,0.0,0.9130127,1.0,5.0,2020-12-06T18:00:00,EURUSD,H1,1,BUY,15.436376947641772,3,"hit_tp=True,hit_sl=False,regime=1"
0.010005605,0.016864972,0.027694825,0.013183383,0.5764443,0.5604949,0.44238713,0.36463436,0.47065258,0.46644422,0.5143428,0.7372009,0.19351146,0.6391368,0.0,0.34608638,0.002034128,0.8692789,0.93463945,1.0,0.0,0.0,0.25,0.9330127,0.38025856,0.5256988,0.6,0.0,0.0,0.6,0.0,0.0,0.0,0.81696,1.0,5.0,2020-12-06T22:00:00,EURUSD,H1,1,BUY,21.648234050928306,28,"hit_tp=True,hit_sl=False,regime=1"
0.0028045191,-0.0026674871,0.0045023556,0.009061684,0.3682693,0.29014507,0.3172974,0.3271215,0.59777737,0.52586466,0.6912862,0.6881453,0.177125,0.6342433,0.0,0.68059486,0.0036106128,0.20157066,0.6007853,1.0,0.0,0.0,0.8535534,0.8535534,0.7325917,0.4378958,0.95137197,0.0,0.0,0.95137197,0.35137194,0.0,0.0,0.50893134,1.0,5.0,2020-12-08T03:00:00,EURUSD,H1,1,BUY,20.754359873702555,14,"hit_tp=True,hit_sl=False,regime=1"
0.002723639,-0.0026478672,-0.008908179,-0.01967541,0.26400462,0.3097996,0.31942898,0.3143468,0.64639866,0.45987204,0.47597888,0.15067936,0.12559468,0.62160087,0.0,0.54879946,0.0044694985,0.45579493,0.72789747,1.0,0.0,0.0,0.75,0.9330127,0.55694795,0.520007,0.7676847,0.27748832,0.42604706,0.49019635,0.56526315,0.0,0.0,0.31379595,1.0,5.0,2020-12-09T02:00:00,EURUSD,H1,1,BUY,17.559313084714034,37,"hit_tp=True,hit_sl=False,regime=1"
-0.0021412924,0.005667569,0.015008188,0.006370177,0.27554703,0.28881422,0.2637245,0.3233827,0.71769345,0.5179879,0.81267065,0.726056,0.20069493,0.36988056,0.0,0.6939284,0.0026749172,0.27217132,0.6360857,1.0,0.0,0.0,0.0669873,0.25,0.8015962,0.4265259,0.6,0.0,0.0,0.6,0.0,0.0,0.0,0.26664492,1.0,4.680000000000001,2020-12-10T16:00:00,EURUSD,H1,1,BUY,18.17781570876198,34,"hit_tp=True,hit_sl=False,regime=1"
-0.008504941,-0.005982897,-0.006187261,0.0047079776,0.3453564,0.4326346,0.41242382,0.3473106,0.6648597,0.50829065,0.6969129,0.67174053,0.22942223,0.2731909,0.0,0.76828074,0.0033032305,0.41612744,0.7080637,1.0,0.0,0.0,0.14644662,0.14644662,0.74965703,0.60072273,0.8,1.0,1.0,0.2,0.4913412,0.0,0.0,0.8,-1.0,1.56,2020-12-12T15:00:00,EURUSD,H1,1,BUY,-15.588909854318267,26,"hit_tp=False,hit_sl=True,regime=1"
0.0068880697,0.008310878,0.025388477,0.022003973,0.6041783,0.65970755,0.50999707,0.4085807,0.3690272,0.47072914,0.52130437,0.7955421,0.1856535,0.64307684,0.0,0.20131259,0.0021684675,0.91591245,0.95795625,1.0,0.0,0.0,0.62940955,0.9829629,0.4035379,0.5686112,0.41147012,0.0,0.0,0.41147012,0.30014786,0.0,0.0,0.7629346,-1.0,2.028,2020-12-14T01:00:00,EURUSD,H1,1,BUY,-20.63388649603981,21,"hit_tp=False,hit_sl=True,regime=1"
0.0004175164,-0.001020781,-0.008518599,-0.009898479,0.32811332,0.2807742,0.31571656,0.32387212,0.15863565,0.42982805,0.17742313,0.2779319,0.30530846,0.69385344,0.0,0.3230888,0.0007925977,0.38824734,0.6941237,1.0,0.0,0.0,0.37059048,0.9829629,0.16289975,0.535652,1.0,0.6,1.0,0.4,0.7466274,0.0,0.0,0.22677118,1.0,5.0,2020-12-14T23:00:00,EURUSD,H1,1,BUY,20.201998316242697,25,"hit_tp=True,hit_sl=False,regime=1"
0.0030236708,0.0152595285,0.024725255,0.031051636,0.4944029,0.55305696,0.45306084,0.3526942,0.6364025,0.57215714,0.87721664,0.76077473,0.19546926,0.66505355,0.0,0.6892564,0.0027341973,0.22228006,0.61114,1.0,0.0,0.0,0.62940955,0.9829629,0.8974391,0.5988962,0.91912556,0.0,0.0,0.91912556,0.31912556,0.0,0.0,0.67345405,-1.0,2.028,2020-12-16T01:00:00,EURUSD,H1,1,BUY,-19.64243856457326,37,"hit_tp=False,hit_sl=True,regime=1"
0.0054739704,-0.00077728415,0.009357115,-0.0015386565,0.49899206,0.4426952,0.34243047,0.326662,0.29930714,0.38842577,0.30808052,0.417539,0.28449503,0.68191314,0.0,0.5012815,0.0016201152,0.9361238,0.9680619,1.0,0.0,0.0,0.14644662,0.14644662,0.21719208,0.5440646,0.47813463,0.0,0.0,0.47813463,0.0,0.0,0.0,0.5502579,-1.0,1.6900000000000002,2020-12-17T15:00:00,EURUSD,H1,1,BUY,-14.691865979081786,10,"hit_tp=False,hit_sl=True,regime=1"
-0.0041692457,-0.015717551,-0.023768952,-0.025545236,0.36192146,0.33395627,0.32401514,0.34152323,0.40991873,0.44585884,0.0,0.2598201,0.1425897,0.37346885,0.0,0.5032876,0.00012287934,0.07490323,0.5374516,1.0,0.0,0.0,0.75,0.9330127,0.24167109,0.54030645,0.35243994,0.6,0.42292792,0.24756007,0.40197662,0.0,0.0,0.7051411,-1.0,1.56,2020-12-18T02:00:00,EURUSD,H1,1,BUY,-17.803075584343908,28,"hit_tp=False,hit_sl=True,regime=1"
0.0023432279,0.0029570786,0.007418131,0.0024922115,0.3583754,0.43863454,0.32899046,0.33799604,0.6241923,0.54924136,0.6156069,0.63323164,0.24552552,0.68466973,0.0,0.62464285,0.0011390739,0.47058836,0.73529416,1.0,0.0,0.0,0.9829629,0.37059048,0.48540917,0.5027268,0.5924385,0.0,0.0,0.5924385,0.37465152,0.0,0.0,0.78957504,1.0,5.0,2020-12-19T07:00:00,EURUSD,H1,1,BUY,16.97999060699118,15,"hit_tp=True,hit_sl=False,regime=1"
-0.006367788,-0.008202088,-0.0056699757,0.004214157,0.471721,0.39910656,0.3066579,0.3134316,0.6486929,0.60021347,0.7433255,0.6273903,0.1920746,0.35029167,0.0,0.6653816,0.002098652,0.6549835,0.82749176,1.0,0.0,0.0,0.5,1.0,0.8344311,0.5629202,0.4,0.0,0.0,0.4,0.0,0.0,0.0,0.7558779,1.0,5.0,2020-12-20T00:00:00,EURUSD,H1,1,BUY,16.52488605914826,8,"hit_tp=True,hit_sl=False,regime=1"
-0.0013954008,0.0045951814,0.007360527,0.00023304357,0.39711472,0.35912892,0.3596704,0.3165213,0.6925604,0.57297784,0.78802246,0.7206476,0.2801795,0.32129946,0.0,0.64453053,0.0032451076,0.20339696,0.60169846,1.0,0.0,0.0,0.8535534,0.14644662,0.7777044,0.46650997,1.0,0.0,0.0,1.0,0.43997017,0.0,0.0,0.28250208,-1.0,1.6900000000000002,2020-12-20T09:00:00,EURUSD,H1,1,BUY,-15.719980207122841,7,"hit_tp=False,hit_sl=True,regime=1"
0.002004004,-0.004327708,-0.014887668,-0.027965996,0.3556194,0.31450886,0.39771435,0.3636015,0.13314551,0.31248197,0.13066804,0.12438151,0.17837837,0.63500494,0.0,0.20988007,0.0006759018,0.34898165,0.6744908,1.0,0.0,0.0,0.37059048,0.9829629,0.08347334,0.52495736,1.0,0.0,0.0,1.0,0.44921026,0.0,0.0,0.26359138,1.0,5.0,2020-12-20T23:00:00,EURUSD,H1,1,BUY,23.1093217659728,15,"hit_tp=True,hit_sl=False,regime=1"
0.008368998,0.006479035,0.0022039933,-0.0080887275,0.4028447,0.33261725,0.35552746,0.33798575,0.66849977,0.5391507,0.49901086,0.35690525,0.16264237,0.6626259,0.0,0.64641565,0.0029549752,0.75781316,0.8789066,1.0,0.0,0.0,0.5,1.0,0.56287557,0.48338658,1.0,0.63957125,1.0,0.36042872,0.37157735,0.0,0.0,0.5455092,1.0,5.0,2020-12-22T00:00:00,EURUSD,H1,1,BUY,23.60446727132759,15,"hit_tp=True,hit_sl=False,regime=1"
-0.008825455,-0.005856884,-0.0044763605,0.012096791,0.39089966,0.42156145,0.309846,0.31442165,0.68315655,0.53110176,0.7608278,0.6371949,0.1508772,0.36393642,0.0,0.76661044,0.004635534,0.32564792,0.662824,1.0,0.0,0.0,0.0,0.5,0.7769757,0.51203614,0.6490171,0.995349,1.0,0.34633192,0.45479167,0.0,0.0,0.6,1.0,3.9000000000000004,2020-12-22T18:00:00,EURUSD,H1,1,BUY,18.25810636197689,5,"hit_tp=True,hit_sl=False,regime=1"
-0.002807542,0.000715827,0.0049591716,0.00911924,0.35435632,0.3535646,0.38566372,0.32186103,0.67475176,0.5237455,0.7607693,0.6927915,0.20051184,0.35567707,0.0,0.72754115,0.005417658,0.30709153,0.65354574,1.0,0.0,0.0,0.5,1.0,0.81586957,0.40516236,0.4,0.7789813,0.6231851,0.37898135,0.51248163,0.5050457,0.41962835,0.3593333,-1.0,1.3,2020-12-23T00:00:00,EURUSD,H1,1,BUY,-15.81550825279221,5,"hit_tp=False,hit_sl=True,regime=1"
0.008077249,0.0076411613,0.0006129075,-0.008758187,0.3381687,0.41035822,0.32450077,0.32788867,0.36941656,0.45022118,0.20779537,0.26525578,0.16536313,0.6441575,0.0,0.39494082,0.0008821595,0.5190934,0.7595467,1.0,0.0,0.0,0.0669873,0.75,0.112528495,0.41957307,1.0,0.4,0.8,0.6,0.0,0.0,0.0,0.51183546,1.0,5.0,2020-12-27T20:00:00,EURUSD,H1,1,BUY,18.935996601228133,14,"hit_tp=True,hit_sl=False,regime=1"
0.004020978,-0.007008397,-0.0076134806,-0.0016971921,0.73592985,0.5723315,0.4487406,0.41071644,0.713055,0.5526514,0.57371163,0.45218948,0.16998012,0.6580165,0.0,0.60471076,0.0023146723,0.82884574,0.91442287,1.0,0.0,0.0,0.14644662,0.14644662,0.62724715,0.43977264,0.71465284,0.77581125,1.0,0.061158434,0.5285149,0.0,0.0,0.35406172,1.0,5.0,2020-12-28T15:00:00,EURUSD,H1,1,BUY,30.418144398336455,60,"hit_tp=True,hit_sl=False,regime=1"
0.0015668215,-0.001398055,-0.00175847,-0.0054461923,0.3812991,0.27420104,0.23852436,0.31443864,0.38347632,0.46810612,0.1836861,0.3964473,0.26117083,0.69740325,0.0,0.22538523,0.0007786128,0.6480528,0.8240264,1.0,0.0,0.0,0.25,0.9330127,0.2250743,0.45172003,1.0,0.29245833,0.58491665,0.70754164,0.5591277,0.0,0.0,0.3921533,-1.0,2.028,2021-01-04T22:00:00,EURUSD,H1,1,BUY,-15.702927786380716,26,"hit_tp=False,hit_sl=True,regime=1"
0.00013413173,-0.011527271,-0.015809787,-0.007356259,0.41795552,0.41959685,0.4055623,0.3391874,0.30228078,0.44546616,0.0074247606,0.31271726,0.2645577,0.71103454,0.0,0.33556706,0.00048391247,0.2932401,0.64662004,1.0,0.0,0.0,0.62940955,0.9829629,0.08257313,0.47760025,1.0,0.5421715,1.0,0.45782852,0.59334624,0.0,0.0,0.2050016,-1.0,2.028,2021-01-06T01:00:00,EURUSD,H1,1,BUY,-16.8866998516215,23,"hit_tp=False,hit_sl=True,regime=1"
0.004992045,0.004786985,0.0024775306,0.000990056,0.3831998,0.32710657,0.314804,0.34637308,0.3820841,0.4742557,0.27762607,0.39112124,0.17013365,0.63779175,0.0,0.4714913,0.00085249264,0.44242388,0.72121197,1.0,0.0,0.0,0.62940955,0.9829629,0.17762291,0.46223062,1.0,0.9443162,1.0,0.055683795,0.7813436,0.0,0.0,0.5990309,-1.0,2.028,2021-01-07T01:00:00,EURUSD,H1,1,BUY,-17.534642595848915,22,"hit_tp=False,hit_sl=True,regime=1"
-0.0035432994,-0.014932985,-0.022528816,-0.01813043,0.2985623,0.26613536,0.29347163,0.3230859,0.27657214,0.4501717,0.0,0.20771761,0.16212885,0.360255,0.0,0.3331533,0.0,0.0,0.47713375,1.0,0.0,0.0,0.5,1.0,0.12189738,0.53575486,1.0,0.4307581,0.8615162,0.5692419,0.50371855,0.0,0.0,0.6942775,1.0,4.680000000000001,2021-01-08T00:00:00,EURUSD,H1,1,BUY,18.43928641381387,24,"hit_tp=True,hit_sl=False,regime=1"
0.0015556859,-0.0053021973,-0.0025743898,0.013205233,0.3977246,0.391288,0.38807613,0.33543074,0.6803063,0.5958993,0.7361543,0.62402743,0.19027027,0.650328,0.0,0.5243106,0.0019735887,0.99036425,0.9951821,1.0,0.0,0.0,0.8535534,0.8535534,0.7530003,0.46262917,0.45780227,0.73513937,0.67309695,0.27733707,0.34530145,0.0,0.0,0.48375544,1.0,5.0,2021-01-09T03:00:00,EURUSD,H1,1,BUY,19.90802357324073,33,"hit_tp=True,hit_sl=False,regime=1"
-0.008438688,-0.0026846703,-0.0031433282,-0.0062189433,0.29217732,0.4182744,0.40314192,0.35434026,0.72563225,0.51669353,0.6432503,0.4103099,0.1420102,0.35270852,0.0,0.7351566,0.0038167594,0.46363643,0.7318182,1.0,0.0,0.0,0.75,0.9330127,0.7373457,0.5555882,0.8,0.8851835,1.0,0.08518353,0.3519687,0.0,0.0,0.7455627,-1.0,1.3,2021-01-11T02:00:00,EURUSD,H1,1,BUY,-18.28868623443114,12,"hit_tp=False,hit_sl=True,regime=1"
-0.00030999177,0.0005040875,-0.004155717,-0.012780326,0.3741759,0.3592281,0.31877315,0.36701915,0.21366711,0.3699284,0.22243533,0.25782752,0.17008343,0.36460465,0.0,0.34871957,0.002145249,0.96703315,0.9835166,1.0,0.0,0.0,0.14644662,0.14644662,0.1672836,0.58595324,0.8,0.29437858,0.47100574,0.50562143,0.4932229,0.0,0.0,0.43215328,-1.0,1.6900000000000002,2021-01-11T15:00:00,EURUSD,H1,1,BUY,-18.026592018245413,10,"hit_tp=False,hit_sl=True,regime=1"
0.0016724453,0.0043628993,0.0043662824,-0.00018254576,0.37234116,0.3281393,0.34831795,0.3310894,0.23503616,0.4163143,0.30927593,0.52106905,0.2596685,0.67983186,0.0,0.30052605,0.0009954814,0.45601708,0.7280085,1.0,0.0,0.0,0.75,0.9330127,0.2822902,0.23506683,1.0,0.17625292,0.35250583,0.8237471,0.48680636,0.0,0.0,0.8298525,-1.0,1.6900000000000002,2021-01-12T02:00:00,EURUSD,H1,1,BUY,-18.224146473506675,17,"hit_tp=False,hit_sl=True,regime=1"
-0.002446181,0.000826631,0.009191986,0.005668783,0.58615357,0.495156,0.3693398,0.36497667,0.22811587,0.47595587,0.39135414,0.5817215,0.2378157,0.33185256,0.0,0.18433534,0.001307394,0.47794238,0.7389712,1.0,0.0,0.0,0.0669873,0.75,0.3602337,0.5639082,0.79069275,0.7841373,1.0,0.00655546,0.42276996,0.0,0.0,0.304248,-1.0,1.3,2021-01-12T20:00:00,EURUSD,H1,1,BUY,-17.17637648135817,20,"hit_tp=False,hit_sl=True,regime=1"
0.0076634106,0.0019063108,0.010112136,0.007014687,0.37497616,0.49856707,0.37601262,0.31244174,0.46360505,0.4959141,0.34076577,0.51693535,0.16384576,0.66350526,0.0,0.44119304,0.0014945792,0.7301404,0.86507016,1.0,0.0,0.0,0.0669873,0.75,0.19946373,0.5352602,0.7218751,0.3008953,0.43441764,0.42097974,0.0,0.0,0.0,0.6126362,1.0,5.0,2021-01-13T20:00:00,EURUSD,H1,1,BUY,20.089147814814634,22,"hit_tp=True,hit_sl=False,regime=1"
0.004788683,0.0013290514,0.009679909,0.015529545,0.3562903,0.3589554,0.36611333,0.30994055,0.6110142,0.5440341,0.8735134,0.6971323,0.2946593,0.71842194,0.0,0.58135724,0.0027482612,0.3482195,0.67410976,1.0,0.0,0.0,0.017037086,0.62940955,0.77458304,0.62564707,1.0,0.42837688,0.85675377,0.57162315,0.38579348,0.0,0.0,0.573123,-1.0,2.028,2021-01-14T19:00:00,EURUSD,H1,1,BUY,-15.06347525463303,21,"hit_tp=False,hit_sl=True,regime=1"
0.0025196,0.00052098767,-0.0050764293,-0.00014105397,0.49246696,0.38337132,0.33946908,0.32275128,0.2487304,0.40218562,0.24770385,0.37628233,0.13363156,0.6449329,0.0,0.19046028,0.0017611469,0.9067698,0.9533849,1.0,0.0,0.0,0.017037086,0.37059048,0.2213773,0.50184005,0.71011794,0.4854914,0.6895123,0.22462651,0.42398995,0.0,0.0,0.3494194,-1.0,1.6900000000000002,2021-01-15T17:00:00,EURUSD,H1,1,BUY,-14.755017848411267,10,"hit_tp=False,hit_sl=True,regime=1"
0.010042123,0.0066153402,-0.0033579213,0.007862103,0.6551236,0.48964405,0.4943628,0.4110678,0.37977198,0.47539276,0.35928184,0.5295846,0.10944222,0.6398386,0.0,0.25112587,0.0022171552,0.840578,0.920289,1.0,0.0,0.0,0.75,0.0669873,0.21248001,0.58405596,0.9885751,0.0,0.0,0.9885751,0.0,0.0,0.0,0.45700243,-1.0,1.6900000000000002,2021-01-16T10:00:00,EURUSD,H1,1,BUY,-19.657447335805767,12,"hit_tp=False,hit_sl=True,regime=1"
0.0027278215,0.0009877944,-0.006009635,-0.0241691,0.63281006,0.5261956,0.3907879,0.3940072,0.09399445,0.3762184,0.20608489,0.2959751,0.239371,0.6911994,0.0,0.1557748,0.00061041734,0.20211837,0.6010592,1.0,0.0,0.0,0.75,0.9330127,0.14057998,0.5413747,0.7612944,0.28852576,0.4393061,0.47276866,0.36065722,0.0,0.0,0.34271938,1.0,4.680000000000001,2021-01-17T02:00:00,EURUSD,H1,1,BUY,23.495189209914447,46,"hit_tp=True,hit_sl=False,regime=1"
-0.012085595,-0.003689999,0.0017042442,0.004278617,0.2998499,0.24969569,0.31493956,0.3058212,0.71846366,0.59275365,0.76952296,0.7040364,0.1660066,0.35779047,0.0,0.78249043,0.0029341804,0.3417208,0.6708604,1.0,0.0,0.0,0.9829629,0.37059048,0.8289562,0.49650726,0.3757419,0.7398751,0.5560041,0.36413318,0.0,0.5237273,0.46177158,0.48025364,1.0,3.9000000000000004,2021-01-19T07:00:00,EURUSD,H1,1,BUY,17.500475373490865,19,"hit_tp=True,hit_sl=False,regime=1"
0.005568525,0.0103206765,0.007983403,0.015252708,0.20158972,0.3773333,0.41709045,0.38687617,0.70782745,0.52207905,0.967685,0.65240604,0.15449916,0.6644336,0.0,0.6842403,0.0042806617,0.1415159,0.5707579,1.0,0.0,0.0,0.9829629,0.37059048,0.73867303,0.58226305,0.6711265,0.0,0.0,0.6711265,0.0,0.0,0.0,0.6640359,1.0,3.9000000000000004,2021-01-20T07:00:00,EURUSD,H1,1,BUY,23.268602312835895,16,"hit_tp=True,hit_sl=False,regime=1"
-0.01094792,-0.0075029177,-0.0127078025,-0.0014808906,0.41611892,0.3620876,0.35827854,0.2970396,0.56707644,0.51982796,0.65778875,0.45655385,0.18157424,0.3169166,0.0,0.6498849,0.0041118716,0.5277093,0.7638546,1.0,0.0,0.0,0.5,1.0,0.7910441,0.5336224,0.4,1.0,0.8,0.6,0.0,0.0,0.0,0.73511446,1.0,5.0,2021-01-21T00:00:00,EURUSD,H1,1,BUY,19.04615370018181,21,"hit_tp=True,hit_sl=False,regime=1"
-0.0029435186,0.0038046578,-0.00016318828,0.012685714,0.31246734,0.35031885,0.32503927,0.3203598,0.66048175,0.5343424,0.8124628,0.7098879,0.21856369,0.35394356,0.0,0.8019028,0.003711443,0.27532303,0.6376615,1.0,0.0,0.0,0.25,0.9330127,0.84420115,0.52443486,0.62679356,0.98360276,1.0,0.3568092,0.55656075,0.0,0.0,0.5293195,-1.0,1.56,2021-01-21T22:00:00,EURUSD,H1,1,BUY,-14.620311388398033,70,"hit_tp=False,hit_sl=True,regime=1"
0.000523963,0.011168634,0.011382839,0.0022882363,0.37891975,0.3093857,0.30173767,0.30761972,0.32913786,0.46862355,0.4005735,0.5728835,0.21535298,0.6481523,0.0,0.4057015,0.0010111317,0.6811466,0.8405733,1.0,0.0,0.0,0.5,1.0,0.38571963,0.47593194,1.0,0.0,0.0,1.0,0.91466355,0.0,0.0,0.6276336,-1.0,1.6900000000000002,2021-01-25T00:00:00,EURUSD,H1,1,BUY,-13.421516610849782,15,"hit_tp=False,hit_sl=True,regime=1"
0.011435223,0.00585128,-0.007816893,-0.005360846,0.66484475,0.6089893,0.4307307,0.40489027,0.37122723,0.43049228,0.20663507,0.28064755,0.28331193,0.7114158,0.0,0.5877286,0.0012665224,0.70790315,0.8539516,1.0,0.0,0.0,0.017037086,0.62940955,0.10095995,0.47469312,0.84141254,0.4,0.67313004,0.44141254,0.6022663,0.5271199,0.5082952,0.42352703,-1.0,2.028,2021-01-25T19:00:00,EURUSD,H1,1,BUY,-18.8847283342497,21,"hit_tp=False,hit_sl=True,regime=1"
4.31905e-05,0.0032899661,0.0008353906,-0.010684338,0.37972534,0.41382125,0.32847416,0.34671918,0.28145337,0.45304772,0.22197784,0.25789157,0.15673584,0.6990303,0.0,0.2844345,0.0007608504,0.40923443,0.7046172,1.0,0.0,0.0,0.017037086,0.37059048,0.19350763,0.46494788,0.57637286,0.0,0.0,0.57637286,0.0,0.0,0.0,0.40451193,-1.0,1.3,2021-01-26T17:00:00,EURUSD,H1,1,BUY,-18.555881563702137,6,"hit_tp=False,hit_sl=True,regime=1"
-0.007523634,-0.015848737,-0.018396888,-0.02348386,0.3125369,0.39105368,0.37250167,0.33285952,0.05445886,0.41582268,0.12821944,0.21204957,0.1695463,0.37122455,0.0,0.16569778,4.0703173e-05,0.016956408,0.5084782,1.0,0.0,0.0,0.5,1.0,0.16645025,0.5032046,0.477727,0.1644206,0.15709633,0.3133064,0.4678433,0.0,0.0,0.8452439,-1.0,1.56,2021-01-27T00:00:00,EURUSD,H1,1,BUY,-21.110677707920633,46,"hit_tp=False,hit_sl=True,regime=1"
-0.00436744,-0.0066512446,-0.012257365,-0.030826693,0.18023762,0.2707078,0.37123418,0.33277145,0.20406803,0.3721331,0.14426555,0.07199537,0.15230331,0.32369342,0.0,0.3028691,0.000101425736,0.049424395,0.5247122,1.0,0.0,0.0,0.37059048,0.9829629,0.11878371,0.44359854,0.5887465,0.0,0.0,0.5887465,0.0,0.0,0.0,0.81370246,1.0,3.9000000000000004,2021-01-28T23:00:00,EURUSD,H1,1,BUY,23.62933513246679,17,"hit_tp=True,hit_sl=False,regime=1"
0.002747204,-0.0066993097,-0.0058461926,-0.004652234,0.4980095,0.38635033,0.37608972,0.33532426,0.6955966,0.5472225,0.56983024,0.44467676,0.25605947,0.6644218,0.0,0.6984563,0.0041076588,0.49140924,0.74570465,1.0,0.0,0.0,0.9829629,0.62940955,0.6271085,0.45947856,0.5270685,0.8,0.84330964,0.2729315,0.3824245,0.0,0.0,0.52630186,-1.0,1.6900000000000002,2021-01-30T05:00:00,EURUSD,H1,1,BUY,-15.500687722269646,12,"hit_tp=False,hit_sl=True,regime=1"
-0.00043805412,-0.010068716,-0.0008410209,-0.009484386,0.58887327,0.43399557,0.39056385,0.35448584,0.41479513,0.41443855,0.19830406,0.45346975,0.14976214,0.3521253,0.0,0.28920272,0.003420959,0.7444743,0.87223715,1.0,0.0,0.0,0.0,0.5,0.2217365,0.46650392,0.6,0.0,0.0,0.6,0.0,0.0,0.0,0.41361398,-1.0,1.6900000000000002,2021-01-30T18:00:00,EURUSD,H1,1,BUY,-17.50915758543581,18,"hit_tp=False,hit_sl=True,regime=1"
-0.0025335532,0.0004241787,-0.0054438324,-0.01120533,0.47019657,0.35421273,0.3460861,0.32857966,0.23015417,0.39795178,0.23217447,0.40480953,0.19491525,0.35779157,0.0,0.19928433,0.00072333263,0.29883957,0.6494198,1.0,0.0,0.0,0.0669873,0.25,0.24667525,0.70370173,1.0,0.6,1.0,0.4,0.42053315,0.0,0.0,0.5338148,1.0,4.680000000000001,2021-01-31T16:00:00,EURUSD,H1,1,BUY,25.314764311259452,22,"hit_tp=True,hit_sl=False,regime=1"
-0.0032451614,-0.0011485742,0.014821021,0.010437647,0.6119715,0.50113755,0.43348974,0.35636872,0.60436696,0.5769733,0.9841747,0.64210534,0.23925729,0.3227325,0.0,0.51259404,0.002250111,0.9804967,0.9902483,1.0,0.0,0.0,0.14644662,0.14644662,0.9634929,0.72310203,0.6,0.9423037,1.0,0.3423037,0.48294818,0.0,0.0,0.2914217,-1.0,1.6900000000000002,2021-02-01T15:00:00,EURUSD,H1,1,BUY,-19.378516983736827,20,"hit_tp=False,hit_sl=True,regime=1"
-0.0062051127,-0.0011867493,-0.008078847,-0.017854879,0.26994777,0.31145254,0.2998854,0.28835642,0.36972672,0.44375333,0.1633437,0.28574243,0.19819067,0.3598433,0.0,0.43106714,0.00094050664,0.51873183,0.7593659,1.0,0.0,0.0,0.5,0.0,0.26069862,0.5060627,0.5538921,0.82000506,0.90838856,0.26611298,0.45914227,0.0,0.0,0.6055021,-1.0,1.6900000000000002,2021-02-02T12:00:00,EURUSD,H1,1,BUY,-14.675110520778745,3,"hit_tp=False,hit_sl=True,regime=1"
0.01277105,0.008229793,0.011316205,-0.0055942014,0.29614645,0.2898001,0.3547799,0.31285587,0.31705248,0.4018309,0.2870854,0.2537001,0.23772497,0.664961,0.0,0.4225383,0.00070709956,0.34083456,0.67041725,1.0,0.0,0.0,0.0,0.5,0.17033325,0.529722,0.96889746,0.5961686,1.0,0.3727289,0.0,0.5129264,0.48466235,0.7756963,-1.0,1.3,2021-02-02T18:00:00,EURUSD,H1,1,BUY,-16.092725499443628,10,"hit_tp=False,hit_sl=True,regime=1"
-0.013478205,-0.0045221085,-0.011141077,-0.007723507,0.5898276,0.5121098,0.35404575,0.33839276,0.4979185,0.5164613,0.293008,0.40734556,0.18039024,0.3195583,0.0,0.5694726,0.0010014608,0.39847252,0.6992363,1.0,0.0,0.0,0.9829629,0.62940955,0.5029612,0.5880275,0.58043385,0.8870014,1.0,0.3065676,0.34059548,0.0,0.0,0.6783217,1.0,3.9000000000000004,2021-02-03T05:00:00,EURUSD,H1,1,BUY,18.72501087297307,20,"hit_tp=True,hit_sl=False,regime=1"
-0.0076951287,-0.008012197,0.0017857979,0.00848427,0.3219315,0.2998645,0.2919298,0.32776228,0.6957438,0.58075774,0.74520904,0.756584,0.33655983,0.261876,0.0,0.8422997,0.0024486966,0.73948,0.86974,1.0,0.0,0.0,0.8535534,0.8535534,0.80636775,0.5313198,0.59536254,0.0,0.0,0.59536254,0.0,0.0,0.45273197,0.6592465,-1.0,1.6900000000000002,2021-02-04T03:00:00,EURUSD,H1,1,BUY,-13.344024905801444,7,"hit_tp=False,hit_sl=True,regime=1"
0.0021681783,0.006244091,-0.0012001046,-0.013477559,0.47936517,0.4173405,0.38888186,0.35163787,0.26765084,0.42716742,0.22706825,0.32380402,0.3237681,0.7004948,0.0,0.097974904,0.0009270067,0.577521,0.7887605,1.0,0.0,0.0,0.017037086,0.37059048,0.24259906,0.6184686,1.0,0.21941893,0.43883786,0.78058106,0.46624407,0.0,0.0,0.49505422,1.0,5.0,2021-02-04T17:00:00,EURUSD,H1,1,BUY,24.749430940689265,23,"hit_tp=True,hit_sl=False,regime=1"
-9.739399e-05,-0.0010411596,-0.001969067,0.01264585,0.45271647,0.40233588,0.40319338,0.34742606,0.5646905,0.53325,0.6426168,0.5848049,0.35255745,0.29068628,0.0,0.52512574,0.0029542635,0.4563783,0.7281892,1.0,0.0,0.0,0.37059048,0.9829629,0.6669467,0.66535676,0.41670516,0.0,0.0,0.41670516,0.41670516,0.0,0.0,0.6296743,-1.0,1.6900000000000002,2021-02-05T23:00:00,EURUSD,H1,1,BUY,-21.61115225924881,6,"hit_tp=False,hit_sl=True,regime=1"
-0.0028718093,0.0007705052,-0.0057766843,-0.018793322,0.2889175,0.2466393,0.33240986,0.34353998,0.32224813,0.41487673,0.14489439,0.32893082,0.216,0.33204362,0.0,0.30751827,0.0015539603,0.81081545,0.9054077,1.0,0.0,0.0,1.0,0.5,0.23760168,0.5587668,1.0,0.0,0.0,1.0,0.55554444,0.0,0.0,0.53191715,-1.0,2.028,2021-02-06T06:00:00,EURUSD,H1,1,BUY,-20.551861248523373,51,"hit_tp=False,hit_sl=True,regime=1"
-0.0007725598,-0.010366515,-0.01064847,-0.017435849,0.44125965,0.39765182,0.38614208,0.35087693,0.18184412,0.43654966,0.0,0.2773199,0.16328767,0.35228306,0.0,0.3227965,0.00020613382,0.12948868,0.56474435,1.0,0.0,0.0,0.62940955,0.017037086,0.10790217,0.53796446,1.0,0.6167147,1.0,0.3832853,0.5556257,0.0,0.0,0.6435092,1.0,4.680000000000001,2021-02-08T11:00:00,EURUSD,H1,1,BUY,24.03117041832159,40,"hit_tp=True,hit_sl=False,regime=1"
0.0003521652,-0.009354426,-0.0041163675,0.0051786895,0.24840514,0.2227017,0.22859533,0.26857185,0.67596114,0.6042688,0.65682846,0.58535314,0.15776488,0.700263,0.0,0.5367555,0.0023513471,0.4574453,0.72872263,1.0,0.0,0.0,0.9330127,0.75,0.721476,0.52083904,1.0,0.64702344,1.0,0.3529766,0.81626284,0.0,0.0,0.4138059,1.0,5.0,2021-02-10T04:00:00,EURUSD,H1,1,BUY,16.205894456235992,5,"hit_tp=True,hit_sl=False,regime=1"
0.0052054105,0.00123556,0.005636798,0.0028170801,0.20680335,0.18940616,0.37072158,0.3044492,0.5869248,0.51623887,0.6681452,0.5794433,0.18303296,0.67698777,0.0,0.5463823,0.0031761716,0.3655419,0.68277097,1.0,0.0,0.0,0.14644662,0.14644662,0.62766004,0.39329123,0.7185528,0.17549035,0.25219816,0.54306245,0.4387259,0.0,0.0,0.6300583,-1.0,1.6900000000000002,2021-02-10T15:00:00,EURUSD,H1,1,BUY,-15.959234182130189,11,"hit_tp=False,hit_sl=True,regime=1"
0.007152097,-0.0010835038,-0.0017328305,0.00243937,0.6097528,0.46108502,0.34304088,0.31675166,0.4377017,0.4272855,0.294708,0.4936795,0.18027434,0.6295933,0.0,0.48825595,0.0027220936,0.5998483,0.79992414,1.0,0.0,0.0,0.8535534,0.8535534,0.21395141,0.49074703,0.6277422,0.23737957,0.29802632,0.3903626,0.75082487,0.0,0.0,0.4675715,-1.0,1.6900000000000002,2021-02-11T03:00:00,EURUSD,H1,1,BUY,-13.453475674740645,7,"hit_tp=False,hit_sl=True,regime=1"
0.010672938,0.010350901,0.0035094614,0.0076052495,0.35272595,0.29990664,0.41629556,0.33891648,0.543543,0.45597932,0.44261387,0.47891393,0.15525384,0.629272,0.0,0.42276946,0.0026620904,0.6307942,0.8153971,1.0,0.0,0.0,0.62940955,0.017037086,0.25074002,0.4978197,1.0,1.0,1.0,1.110223e-16,0.5376734,0.0,0.0,0.55905265,-1.0,2.028,2021-02-11T11:00:00,EURUSD,H1,1,BUY,-17.528121878160885,35,"hit_tp=False,hit_sl=True,regime=1"
0.0038840577,0.0033725486,0.009443516,0.004195355,0.2238454,0.26214972,0.32391825,0.368738,0.30579495,0.4462367,0.31178784,0.38223833,0.17859961,0.6699437,0.0,0.31712514,0.00056153105,0.34682518,0.6734126,1.0,0.0,0.0,0.75,0.9330127,0.24571192,0.45664132,1.0,1.0,1.0,0.0,0.8057033,0.0,0.0,0.6227152,-1.0,1.56,2021-02-13T02:00:00,EURUSD,H1,1,BUY,-16.563746993418782,53,"hit_tp=False,hit_sl=True,regime=1"
-0.000154647,0.0003577432,-0.006866788,-0.008918444,0.3634068,0.398608,0.33466563,0.32724047,0.22001153,0.44005823,0.166423,0.26002884,0.417594,0.24688695,0.0,0.21727769,0.0003890604,0.26730734,0.6336537,1.0,0.0,0.0,0.75,0.0669873,0.17943749,0.43439385,1.0,0.8,1.0,0.2,0.5137828,0.0,0.0,0.4117545,-1.0,1.3,2021-02-15T10:00:00,EURUSD,H1,1,BUY,-14.735730530734958,12,"hit_tp=False,hit_sl=True,regime=1"
0.0030231539,0.0020838869,-0.0035151595,-0.0034048795,0.41814393,0.39621735,0.39179084,0.36401048,0.3212338,0.4745657,0.24289629,0.45484132,0.12565087,0.632846,0.0,0.3083068,0.0006807499,0.33607218,0.6680361,1.0,0.0,0.0,0.8535534,0.8535534,0.18559828,0.38455775,1.0,0.5271998,1.0,0.47280017,0.41748446,0.0,0.0,0.38968566,1.0,5.0,2021-02-16T03:00:00,EURUSD,H1,1,BUY,21.724096831683415,25,"hit_tp=True,hit_sl=False,regime=1"
0.0068791197,0.006177008,0.010237976,0.026616728,0.5383743,0.51502305,0.4389216,0.38115868,0.6473992,0.576923,0.914509,0.79514015,0.2206739,0.6734868,0.0,0.5706595,0.002752429,0.075356014,0.537678,1.0,0.0,0.0,0.9829629,0.62940955,0.7958859,0.46888858,1.0,0.0,0.0,1.0,0.516755,0.0,0.0,0.7545922,-1.0,2.028,2021-02-17T05:00:00,EURUSD,H1,1,BUY,-19.950792039575838,70,"hit_tp=False,hit_sl=True,regime=1"
-0.00030557116,-0.0050851405,-0.017929714,-0.016344525,0.36319712,0.377117,0.35291284,0.33744225,0.40089396,0.46578422,0.09605387,0.23082606,0.32851824,0.3011706,0.0,0.7555817,0.0006024086,0.389367,0.6946835,1.0,0.0,0.0,0.9330127,0.75,0.13777855,0.4209322,0.56806415,0.9780868,1.0,0.41002274,0.37808686,0.0,0.0,0.6102166,-1.0,1.6900000000000002,2021-02-20T04:00:00,EURUSD,H1,1,BUY,-14.942364100818395,19,"hit_tp=False,hit_sl=True,regime=1"
0.012518621,0.0065086805,0.002041464,-0.0010735572,0.41233742,0.35693818,0.3169333,0.3263956,0.34789127,0.4701004,0.23467094,0.3595461,0.16393617,0.64571226,0.0,0.28139037,0.0010352131,0.59929895,0.7996495,1.0,0.0,0.0,0.5,1.0,0.073557675,0.48570746,0.8472773,0.62456286,1.0,0.22271441,0.2807036,0.52131003,0.52002096,0.5266478,1.0,5.0,2021-02-21T00:00:00,EURUSD,H1,1,BUY,17.095215111839757,9,"hit_tp=True,hit_sl=False,regime=1"
-0.0062300004,-0.003534977,-0.0077586533,-0.0022788453,0.6602466,0.5112776,0.45748854,0.3782939,0.71492606,0.58333987,0.6529469,0.48292086,0.2440933,0.34261054,0.0,0.71831185,0.0024330236,0.6416637,0.82083184,1.0,0.0,0.0,0.14644662,0.14644662,0.7369677,0.5803382,0.40126625,1.0,0.8025325,0.5987338,0.34743848,0.0,0.0,0.68425316,1.0,5.0,2021-02-21T15:00:00,EURUSD,H1,1,BUY,22.550490696786607,9,"hit_tp=True,hit_sl=False,regime=1"
-0.0048444388,0.0041224305,0.0036960682,0.007731691,0.25981104,0.35410368,0.34061122,0.37530085,0.63765466,0.5402642,0.7274744,0.5841107,0.35966736,0.25205666,0.0,0.5739905,0.0037288894,0.3242882,0.66214406,1.0,0.0,0.0,0.62940955,0.9829629,0.76931673,0.47861204,0.8,0.113790534,0.18206486,0.68620944,0.28447634,0.0,0.0,0.6041833,1.0,5.0,2021-02-22T01:00:00,EURUSD,H1,1,BUY,24.130027729571957,28,"hit_tp=True,hit_sl=False,regime=1"
0.0039604967,0.0014215,0.0057830336,-0.0038514864,0.17828003,0.2145387,0.31466785,0.33837745,0.36316174,0.42751628,0.28349963,0.3821226,0.2539659,0.6654173,0.0,0.2834568,0.0013862333,0.7553223,0.8776611,1.0,0.0,0.0,0.25,0.9330127,0.23837693,0.52516973,0.7599963,0.22761786,0.34597746,0.53237844,0.28452232,0.0,0.0,0.61880904,-1.0,1.6900000000000002,2021-02-23T22:00:00,EURUSD,H1,1,BUY,-16.5126870433685,8,"hit_tp=False,hit_sl=True,regime=1"
0.0007008796,0.0015900873,-0.0053536757,-0.017823165,0.33952352,0.31505984,0.27291048,0.30929586,0.22080141,0.40179098,0.15675454,0.22831476,0.26344085,0.7014881,0.0,0.2525769,0.0004466349,0.21816222,0.6090811,1.0,0.0,0.0,0.9330127,0.25,0.1585428,0.5197359,1.0,0.0,0.0,1.0,0.5860513,0.0,0.0,0.44926903,-1.0,2.028,2021-02-24T08:00:00,EURUSD,H1,1,BUY,-12.56510319241455,26,"hit_tp=False,hit_sl=True,regime=1"
0.0003377892,-0.00067574385,0.0016144706,-0.014557806,0.30848742,0.36400962,0.33937645,0.34811977,0.40490502,0.48157406,0.3010287,0.350307,0.10191625,0.6235717,0.0,0.48743522,0.00079030654,0.39089358,0.6954468,1.0,0.0,0.0,0.62940955,0.017037086,0.21607924,0.40291747,0.49592388,1.0,0.99184775,0.5040761,0.7804369,0.0,0.0,0.4556565,1.0,5.0,2021-02-25T11:00:00,EURUSD,H1,1,BUY,19.295932189564713,23,"hit_tp=True,hit_sl=False,regime=1"
0.0051711956,0.010801562,0.013869083,0.01792529,0.49586076,0.42895982,0.31415883,0.360326,0.69000596,0.56629163,1.0,0.6845413,0.30636066,0.7220138,0.0,0.6289959,0.0026264573,0.20915946,0.60457975,1.0,0.0,0.0,0.62940955,0.017037086,0.80774987,0.61820126,1.0,0.0,0.0,1.0,0.33069435,0.0,0.0,0.8238119,-1.0,1.6900000000000002,2021-02-26T11:00:00,EURUSD,H1,1,BUY,-16.97719851447177,13,"hit_tp=False,hit_sl=True,regime=1"
0.0037764783,0.0059256717,0.00038241403,-0.005627335,0.42045578,0.36580178,0.33025828,0.34001717,0.3735187,0.42797315,0.3230944,0.41634065,0.30432394,0.7067636,0.0,0.3335264,0.0018685985,0.8769384,0.9384692,1.0,0.0,0.0,0.62940955,0.9829629,0.26534367,0.47678253,0.952713,0.90204424,1.0,0.05066876,0.41980544,0.0,0.0,0.5975904,-1.0,1.6900000000000002,2021-02-27T01:00:00,EURUSD,H1,1,BUY,-14.385725843228947,18,"hit_tp=False,hit_sl=True,regime=1"
-0.0010483667,0.00032759397,-0.0020825963,0.00067052577,0.24968503,0.3327658,0.32550442,0.3262536,0.47602352,0.49063104,0.25090665,0.44658402,0.20318884,0.31942475,0.0,0.39532098,0.00061595376,0.3616162,0.68080807,1.0,0.0,0.0,0.62940955,0.017037086,0.34040216,0.46464166,0.7554822,0.1716273,0.25932273,0.5838549,0.43872213,0.0,0.0,0.5301084,-1.0,2.028,2021-02-28T11:00:00,EURUSD,H1,1,BUY,-15.476915507450784,28,"hit_tp=False,hit_sl=True,regime=1"
-0.0046617496,-0.005126872,-0.005912993,-0.009099052,0.2590384,0.2230762,0.36609107,0.33978257,0.06167781,0.38670585,0.24674489,0.2507314,0.16412441,0.32101646,0.0,0.18700098,0.00014504742,0.0496619,0.52483094,1.0,0.0,0.0,0.9829629,0.62940955,0.25895396,0.41333953,0.39449862,1.0,0.78899723,0.6055014,0.7582997,0.0,0.0,1.0,-1.0,1.6900000000000002,2021-03-02T05:00:00,EURUSD,H1,1,BUY,-16.843015709504527,7,"hit_tp=False,hit_sl=True,regime=1"
0.0019027438,-0.0025418326,-0.008314174,-0.018721864,0.37522823,0.4029636,0.3694326,0.37036097,0.2199947,0.43592516,0.121340044,0.21577865,0.26189944,0.70770985,0.0,0.05659759,0.00054075953,0.13770334,0.56885165,1.0,0.0,0.0,0.25,0.0669873,0.2197287,0.44293752,0.9062707,0.51334655,0.9304618,0.3929241,0.69083744,0.0,0.0,0.2941648,1.0,3.9000000000000004,2021-03-02T14:00:00,EURUSD,H1,1,BUY,19.480473929895936,8,"hit_tp=True,hit_sl=False,regime=1"
0.004578278,0.008634471,0.013817317,0.01658582,0.5722373,0.4885091,0.41027224,0.37090984,0.5796473,0.664404,0.8215206,0.701347,0.21294777,0.72249526,0.0,0.62198025,0.0020958297,0.5345306,0.76726526,1.0,0.0,0.0,0.37059048,0.9829629,0.5921063,0.39268926,0.9676744,0.0,0.0,0.9676744,0.5463717,0.0,0.0,0.7988978,1.0,5.0,2021-03-02T23:00:00,EURUSD,H1,1,BUY,26.55491300964652,93,"hit_tp=True,hit_sl=False,regime=1"
-0.0022529992,0.0034464307,0.0022384136,0.0064170263,0.24702573,0.22220652,0.26643425,0.32590973,0.7252978,0.5471451,0.770972,0.57848877,0.15894428,0.34869626,0.0,0.71891254,0.002180926,0.39282027,0.6964101,1.0,0.0,0.0,0.14644662,0.8535534,0.77931064,0.3928266,1.0,1.0,1.0,0.0,0.83301985,0.0,0.0,0.54759264,-1.0,1.6900000000000002,2021-03-06T21:00:00,EURUSD,H1,1,BUY,-14.966523280715016,6,"hit_tp=False,hit_sl=True,regime=1"
-0.00074199,0.0037730644,-7.776387e-05,-0.0018804446,0.41338444,0.33714893,0.30521354,0.28977486,0.3709629,0.4418598,0.23458691,0.38651034,0.33548388,0.2825749,0.0,0.39661455,0.0012661372,0.932194,0.966097,1.0,0.0,0.0,0.9330127,0.75,0.37030658,0.5007573,0.55633706,0.4751596,0.5286978,0.081177495,0.34276474,0.0,0.0,0.44888926,-1.0,1.6900000000000002,2021-03-07T04:00:00,EURUSD,H1,1,BUY,-14.781074618794854,5,"hit_tp=False,hit_sl=True,regime=1"
0.0024244832,0.0023852212,-0.0044005406,-0.012997228,0.25677538,0.3118767,0.3563589,0.3058501,0.19191155,0.37806076,0.24032237,0.1686356,0.20612884,0.65768844,0.0,0.22018571,0.00037152704,0.22785524,0.6139276,1.0,0.0,0.0,0.5,0.0,0.17835046,0.57948256,1.0,0.75016165,1.0,0.24983832,0.0,0.0,0.0,0.35724655,-1.0,1.3,2021-03-07T12:00:00,EURUSD,H1,1,BUY,-15.734005993777167,14,"hit_tp=False,hit_sl=True,regime=1"
0.008322369,0.0037137084,-0.0069996137,-0.014150791,0.24975242,0.24325712,0.34667742,0.32080686,0.1865547,0.40586784,0.2138475,0.16237247,0.14227554,0.6797049,0.0,0.2730705,0.0004159454,0.16924372,0.58462185,1.0,0.0,0.0,0.9829629,0.62940955,0.11144407,0.49429002,0.8010243,0.0,0.0,0.8010243,0.0,0.5066426,0.0,0.41114083,-1.0,1.3,2021-03-08T05:00:00,EURUSD,H1,1,BUY,-15.035770292242123,6,"hit_tp=False,hit_sl=True,regime=1"
0.0015850554,-0.0027603582,0.0029626843,-0.0182941,0.42020717,0.38266036,0.33020326,0.3368815,0.2814082,0.46669605,0.23171012,0.3817986,0.16956522,0.63042563,0.0,0.2953232,0.0008490988,0.2837645,0.64188224,1.0,0.0,0.0,0.5,0.0,0.26733103,0.4863761,1.0,0.0,0.0,1.0,0.42333606,0.0,0.0,0.48160216,1.0,5.0,2021-03-08T12:00:00,EURUSD,H1,1,BUY,20.238496887996504,15,"hit_tp=True,hit_sl=False,regime=1"
0.004407489,0.0092343595,0.016849516,0.00028429474,0.276589,0.33872482,0.31469098,0.33971938,0.5178015,0.45282567,0.36967158,0.49952963,0.23679155,0.73066854,0.0,0.47286952,0.0036602435,0.39202464,0.6960123,1.0,0.0,0.0,0.25,0.9330127,0.5187703,0.47015658,0.6747311,0.0,0.0,0.6747311,0.66984767,0.0,0.0,0.7570453,-1.0,1.6900000000000002,2021-03-09T22:00:00,EURUSD,H1,1,BUY,-15.807593985883717,15,"hit_tp=False,hit_sl=True,regime=1"
0.0029611585,-0.0038109373,-0.013904706,-0.015208434,0.48555738,0.41749826,0.41038617,0.3430153,0.29872835,0.36651644,0.09536759,0.22554249,0.13837536,0.6519274,0.0,0.3231179,0.0019908652,0.87314063,0.93657035,1.0,0.0,0.0,0.0669873,0.25,0.06980452,0.5263689,0.7606757,0.6,0.9128109,0.16067576,0.7503515,0.0,0.0,0.28955674,1.0,5.0,2021-03-10T16:00:00,EURUSD,H1,1,BUY,18.782278588642676,16,"hit_tp=True,hit_sl=False,regime=1"
0.0015800028,0.0064932327,0.0058225594,0.015150625,0.4128831,0.3535074,0.34173608,0.36609346,0.6490811,0.6004424,0.79691416,0.6886658,0.128844,0.65345424,0.0,0.7381603,0.0021254232,0.7392839,0.86964196,1.0,0.0,0.0,0.8535534,0.14644662,0.8221546,0.440879,0.8,0.0,0.0,0.8,0.0,0.0,0.0,0.5323663,-1.0,1.6900000000000002,2021-03-11T09:00:00,EURUSD,H1,1,BUY,-15.60313521630885,9,"hit_tp=False,hit_sl=True,regime=1"
0.0065531516,0.0005610777,-0.008189784,-0.002089444,0.44446412,0.39455363,0.36645353,0.34907842,0.3957338,0.45662045,0.1931403,0.34865394,0.13548137,0.6508701,0.0,0.5294023,0.0012784158,0.7691933,0.88459665,1.0,0.0,0.0,0.017037086,0.62940955,0.26423746,0.44612452,0.39050633,0.5478885,0.42790788,0.1573822,0.39050633,0.0,0.0,0.38457733,1.0,5.0,2021-03-11T19:00:00,EURUSD,H1,1,BUY,21.004127825539065,59,"hit_tp=True,hit_sl=False,regime=1"
0.010559265,0.0030011944,0.0047827456,0.0033626675,0.43914917,0.3859929,0.29602322,0.34886456,0.63440466,0.52565026,0.7167894,0.45592558,0.27492958,0.72744584,0.0,0.58637875,0.003210238,0.47773707,0.73886853,1.0,0.0,0.0,0.9330127,0.25,0.5911692,0.37478536,0.8664541,0.8,1.0,0.0664541,0.33392924,0.0,0.0,0.71840173,-1.0,1.3,2021-03-14T08:00:00,EURUSD,H1,1,BUY,-14.604312822270593,15,"hit_tp=False,hit_sl=True,regime=1"
0.003927062,0.003739905,0.010121905,-0.0048038005,0.29845262,0.3331419,0.31237897,0.3048201,0.40782976,0.44407192,0.29575145,0.42294866,0.21713345,0.6925911,0.0,0.35888416,0.0012979533,0.81579745,0.9078987,1.0,0.0,0.0,0.8535534,0.8535534,0.2938003,0.5519892,1.0,0.8,1.0,0.2,0.89079696,0.0,0.0,0.6245528,-1.0,1.6900000000000002,2021-03-15T03:00:00,EURUSD,H1,1,BUY,-14.039156727234658,4,"hit_tp=False,hit_sl=True,regime=1"
0.0014216048,0.0035113147,-0.0067582596,-0.020153627,0.43243998,0.37474683,0.35297722,0.3376725,0.34361205,0.39726144,0.15211166,0.2623186,0.26345864,0.6682586,0.0,0.282714,0.00059391384,0.30662394,0.65331197,1.0,0.0,0.0,0.75,0.0669873,0.16829161,0.4834191,0.62106645,0.0,0.0,0.62106645,0.35726818,0.0,0.0,0.46188548,-1.0,1.6900000000000002,2021-03-15T10:00:00,EURUSD,H1,1,BUY,-16.123689187730328,5,"hit_tp=False,hit_sl=True,regime=1"
-0.004879074,-0.004924713,-0.00680676,-0.0210627,0.44059235,0.43600526,0.4051483,0.36082414,0.168511,0.39645854,0.19065401,0.27919483,0.16550988,0.35211018,0.0,0.14695358,0.00024331041,0.10248675,0.55124336,1.0,0.0,0.0,0.0669873,0.25,0.21282372,0.5051237,0.8927495,0.0,0.0,0.8927495,0.41048527,0.0,0.0,1.0,-1.0,2.028,2021-03-15T16:00:00,EURUSD,H1,1,BUY,-18.306662173523947,28,"hit_tp=False,hit_sl=True,regime=1"
0.0029126543,-0.00015766906,-0.008774856,0.0016800844,0.22977057,0.2833787,0.28747904,0.31318936,0.52119976,0.57868963,0.5938705,0.3725447,0.2771725,0.6907691,0.0,0.3357092,0.0019821213,0.7681093,0.88405466,1.0,0.0,0.0,1.0,0.5,0.5456937,0.5628332,0.6871046,0.0,0.0,0.6871046,0.6445884,0.0,0.0,0.31965467,1.0,5.0,2021-03-17T06:00:00,EURUSD,H1,1,BUY,19.037149212290938,10,"hit_tp=True,hit_sl=False,regime=1"
0.007312381,0.0013076038,-0.005907864,0.002902938,0.43381026,0.41829917,0.37291807,0.3233191,0.6306294,0.5448421,0.6032127,0.30397174,0.22683285,0.63946354,0.0,0.6592049,0.0027674702,0.53368306,0.76684153,1.0,0.0,0.0,0.0,0.5,0.5711424,0.43361646,0.70297337,0.42501146,0.5975435,0.2779619,0.31475985,0.0,0.0,0.41364014,-1.0,1.6900000000000002,2021-03-17T18:00:00,EURUSD,H1,1,BUY,-15.438763742243733,11,"hit_tp=False,hit_sl=True,regime=1"
0.0009227935,-0.004204169,-0.01550363,-0.013382297,0.41931796,0.36935183,0.36678985,0.3759372,0.4016926,0.41003895,0.003977438,0.21934338,0.2457539,0.6976991,0.0,0.4539476,0.0018060242,0.95598257,0.9779913,1.0,0.0,0.0,1.0,0.5,0.11629613,0.51441467,1.0,0.32933304,0.6586661,0.670667,0.92638004,0.0,0.0,0.23189017,-1.0,1.6900000000000002,2021-03-18T06:00:00,EURUSD,H1,1,BUY,-16.50636489885171,9,"hit_tp=False,hit_sl=True,regime=1"
0.003409647,0.0006645671,-0.0042262077,-0.010896688,0.3497584,0.33839908,0.40740588,0.37076366,0.311181,0.45036736,0.2953209,0.3235194,0.47057036,0.7688203,0.0,0.3713991,0.0011862494,0.62752765,0.8137638,1.0,0.0,0.0,0.0669873,0.25,0.26799977,0.6322733,0.70702255,0.0,0.0,0.70702255,0.0,0.0,0.0,0.38518745,-1.0,2.028,2021-03-18T16:00:00,EURUSD,H1,1,BUY,-21.00846260769451,25,"hit_tp=False,hit_sl=True,regime=1"
0.0037649402,0.001240239,0.0040819305,-0.005133124,0.668238,0.5640006,0.5017117,0.39888704,0.34564927,0.4845624,0.35445452,0.46902576,0.1769556,0.65460944,0.0,0.50627893,0.0016273045,0.7061428,0.8530714,1.0,0.0,0.0,0.0,0.5,0.23253705,0.5761552,0.7485557,0.0,0.0,0.7485557,0.0,0.0,0.0,0.6473961,1.0,5.0,2021-03-19T18:00:00,EURUSD,H1,1,BUY,30.27067767609859,89,"hit_tp=True,hit_sl=False,regime=1"
0.0049151178,0.0025726252,-0.0072877468,-0.0021105204,0.26318988,0.38327006,0.39204827,0.3388742,0.63154835,0.52691346,0.6199539,0.3708933,0.18758684,0.68636453,0.0,0.7903455,0.003155711,0.48697487,0.7434874,1.0,0.0,0.0,0.017037086,0.62940955,0.63718337,0.5020212,0.8497521,0.4994018,0.8487355,0.3503503,0.0,0.0,0.0,0.37223428,1.0,3.9000000000000004,2021-03-23T19:00:00,EURUSD,H1,1,BUY,21.74822305446744,10,"hit_tp=True,hit_sl=False,regime=1"
-0.01216333,-0.012793227,-0.008222404,0.0067579634,0.30814502,0.29460636,0.28244787,0.2697853,0.62341744,0.50992966,0.67454934,0.71147245,0.20011261,0.33504903,0.0,0.6988129,0.0051798266,0.25795,0.628975,1.0,0.0,0.0,0.25,0.0669873,0.7364558,0.4913083,0.49990657,0.5227374,0.5226397,0.022830801,0.6534217,0.0,0.4688161,0.8,-1.0,1.3,2021-03-24T14:00:00,EURUSD,H1,1,BUY,-12.305668578644902,7,"hit_tp=False,hit_sl=True,regime=1"
0.008846546,0.004594622,-0.0016512413,-0.009206808,0.39951265,0.3202961,0.26693672,0.28785133,0.47052023,0.3580528,0.20180878,0.34320626,0.16388889,0.6319951,0.0,0.40820032,0.0048477505,0.38129264,0.6906463,1.0,0.0,0.0,0.25,0.9330127,0.30570304,0.48464513,1.0,0.35241863,0.70483726,0.6475814,0.8003482,0.0,0.0,0.47437948,1.0,5.0,2021-03-24T22:00:00,EURUSD,H1,1,BUY,14.642409513216936,3,"hit_tp=True,hit_sl=False,regime=1"
0.0006529836,0.0076307342,0.00935921,0.021435395,0.39354244,0.44296896,0.37816107,0.32636186,0.44162148,0.4409399,0.63636196,0.6764968,0.16124646,0.6327393,0.0,0.41177687,0.0051755556,0.24014105,0.6200705,1.0,0.0,0.0,0.75,0.9330127,0.62805474,0.45239612,1.0,0.0,0.0,1.0,0.89203113,0.0,0.0,0.6418797,1.0,5.0,2021-03-25T02:00:00,EURUSD,H1,1,BUY,16.62002491640502,13,"hit_tp=True,hit_sl=False,regime=1"
0.00075291324,-0.009298276,-0.0087886015,-0.011841854,0.37389603,0.2892364,0.31907776,0.3290125,0.4513652,0.39370435,0.15253179,0.31620792,0.23203884,0.65685123,0.0,0.2548593,0.0020882972,0.99083686,0.9954184,1.0,0.0,0.0,0.75,0.9330127,0.3388006,0.46351814,0.3915396,1.0,0.7830792,0.60846037,0.618867,0.0,0.0,0.4399108,-1.0,1.6900000000000002,2021-03-26T02:00:00,EURUSD,H1,1,BUY,-15.285556306854353,5,"hit_tp=False,hit_sl=True,regime=1"
0.0024939664,0.004429178,0.0070648408,-0.0075218696,0.4384672,0.41194955,0.37173805,0.35435638,0.16275361,0.37934488,0.29298815,0.4107649,0.20071839,0.6332821,0.0,0.21705824,0.0012744623,0.6521841,0.82609206,1.0,0.0,0.0,0.9330127,0.25,0.25789994,0.47407076,0.5469048,0.0,0.0,0.5469048,0.3398142,0.0,0.0,0.81185484,-1.0,1.6900000000000002,2021-03-26T08:00:00,EURUSD,H1,1,BUY,-15.117791593413088,16,"hit_tp=False,hit_sl=True,regime=1"
0.0053458586,0.006592775,0.0029435204,-0.0073535126,0.25669873,0.26530287,0.30513078,0.33568347,0.3450091,0.4477244,0.21028277,0.2565094,0.15047519,0.6375359,0.0,0.35827398,0.00063851965,0.30712536,0.65356266,1.0,0.0,0.0,0.62940955,0.9829629,0.14354566,0.40086406,0.5526985,0.0,0.0,0.5526985,0.5526985,0.0,0.0,0.7132076,-1.0,1.6900000000000002,2021-03-27T01:00:00,EURUSD,H1,1,BUY,-16.31894011499213,7,"hit_tp=False,hit_sl=True,regime=1"
0.0029074624,0.0014080092,-0.0049532014,-0.009791451,0.37149218,0.4439472,0.36650318,0.34151816,0.21855386,0.45179397,0.21639568,0.30002874,0.14389051,0.64225,0.0,0.3131656,0.0006098219,0.24390234,0.62195116,1.0,0.0,0.0,0.8535534,0.14644662,0.20928854,0.50064826,0.82319194,0.6,0.98783034,0.22319195,0.0,0.0,0.0,0.36197445,-1.0,1.3,2021-03-27T09:00:00,EURUSD,H1,1,BUY,-16.210039592015058,17,"hit_tp=False,hit_sl=True,regime=1"
-3.6236568e-05,-0.00145066,-0.009926432,-0.011017063,0.36586034,0.37264305,0.32405517,0.35893044,0.19416988,0.4694217,0.16476235,0.2944065,0.17432751,0.33284697,0.0,0.3153305,0.00061102846,0.25634372,0.62817186,1.0,0.0,0.0,0.8535534,0.8535534,0.16289842,0.5172462,1.0,1.0,1.0,1.110223e-16,0.47882822,0.0,0.0,0.60218924,1.0,3.9000000000000004,2021-03-28T03:00:00,EURUSD,H1,1,BUY,20.513744753614116,16,"hit_tp=True,hit_sl=False,regime=1"
-0.0051759114,-0.00851295,-0.006933002,-0.006458673,0.3665359,0.39364162,0.35190868,0.29409721,0.7160751,0.52153283,0.4803401,0.4698434,0.19359756,0.32693326,0.0,0.7118105,0.0029307988,0.5675297,0.78376484,1.0,0.0,0.0,1.0,0.5,0.63904834,0.57016474,0.4316386,0.6815911,0.5884021,0.2499525,0.32953972,0.0,0.0,0.707628,1.0,5.0,2021-03-29T06:00:00,EURUSD,H1,1,BUY,17.934497791949333,6,"hit_tp=True,hit_sl=False,regime=1"
0.0029386473,0.009931562,0.024466747,0.02973232,0.5017615,0.48626027,0.42767572,0.368027,0.69186074,0.5744947,1.0,0.8724585,0.1603349,0.6381186,0.0,0.78592783,0.0047403607,0.0,0.46801734,1.0,0.0,0.0,0.37059048,0.017037086,0.9212186,0.5523968,0.6,0.0,0.0,0.6,0.0,0.0,0.0,0.6721422,-1.0,1.3,2021-03-29T13:00:00,EURUSD,H1,1,BUY,-18.145483248750427,11,"hit_tp=False,hit_sl=True,regime=1"
-0.0077071097,-0.010727956,-0.010815507,-0.012765714,0.29652125,0.27153194,0.26377445,0.3494919,0.30368632,0.39188284,0.16819906,0.31035578,0.28727984,0.30019158,0.0,0.29768386,0.0032351667,0.817196,0.908598,1.0,0.0,0.0,0.62940955,0.9829629,0.39740422,0.658775,0.6,0.4,0.48,0.2,0.43455914,0.0,0.0,1.0,-1.0,1.6900000000000002,2021-03-30T01:00:00,EURUSD,H1,1,BUY,-15.617578582651781,11,"hit_tp=False,hit_sl=True,regime=1"
0.0022915471,0.0061642732,-0.009667109,-0.006895989,0.5861661,0.5121292,0.4055546,0.33919355,0.31219292,0.4035055,0.20963714,0.32062197,0.1738631,0.6626246,0.0,0.3230658,0.0020109976,0.80200744,0.9010037,1.0,0.0,0.0,0.37059048,0.017037086,0.21501969,0.3682722,0.35057744,0.6,0.42069295,0.24942255,0.0,0.0,0.0,0.4624994,-1.0,1.6900000000000002,2021-03-30T13:00:00,EURUSD,H1,1,BUY,-19.037142891968895,13,"hit_tp=False,hit_sl=True,regime=1"
0.0035599256,0.011906154,0.009919528,0.0030099796,0.30744803,0.23947142,0.2410283,0.35073072,0.39257914,0.4764185,0.41091466,0.6231911,0.100495614,0.6218877,0.0,0.5315284,0.0010828937,0.44922137,0.7246107,1.0,0.0,0.0,0.8535534,0.8535534,0.3185018,0.4265458,0.8,0.4,0.64,0.4,0.0,0.0,0.0,0.55382067,-1.0,1.3,2021-03-31T03:00:00,EURUSD,H1,1,BUY,-15.440689062256041,5,"hit_tp=False,hit_sl=True,regime=1"
0.0023772733,-0.0023140658,-0.006748991,-0.007260155,0.34541044,0.38063642,0.30758202,0.32130045,0.2837382,0.45589817,0.21941604,0.32720423,0.21110386,0.6476483,0.0,0.28869274,0.00057632726,0.19971904,0.59985954,1.0,0.0,0.0,0.5,0.0,0.19489801,0.59328395,0.64552253,0.6,0.7746271,0.04552256,0.32972294,0.0,0.0,0.32396024,-1.0,1.3,2021-03-31T12:00:00,EURUSD,H1,1,BUY,-14.22557203180963,3,"hit_tp=False,hit_sl=True,regime=1"
0.001153395,-0.0002612954,-0.010532409,-0.023044292,0.33083814,0.3117296,0.341746,0.3016787,0.1223413,0.40244165,0.14328064,0.20083243,0.34579208,0.7514402,0.0,0.1209201,0.00072263816,0.2056424,0.60282123,1.0,0.0,0.0,0.0669873,0.25,0.14019807,0.4895259,1.0,0.4,0.8,0.6,0.90207934,0.0,0.0,0.25387445,1.0,5.0,2021-03-31T16:00:00,EURUSD,H1,1,BUY,18.473301018442356,31,"hit_tp=True,hit_sl=False,regime=1"
-0.00034615377,-0.0017490071,0.004073796,0.0038152218,0.22916846,0.2759295,0.28257504,0.3099938,0.71499115,0.48932093,0.63828397,0.6632349,0.3262352,0.289067,0.0,0.52679247,0.0051723095,0.2084326,0.6042163,1.0,0.0,0.0,0.017037086,0.62940955,0.6665623,0.61072487,0.37264857,0.0,0.0,0.37264857,0.7549373,0.0,0.0,0.42743203,1.0,5.0,2021-04-02T19:00:00,EURUSD,H1,1,BUY,18.602356274732834,12,"hit_tp=True,hit_sl=False,regime=1"
-0.018430667,-0.011946108,-0.014453074,-0.0073429686,0.3955684,0.31843662,0.26495937,0.2789505,0.5773488,0.46535376,0.5865104,0.39455467,0.15749249,0.33330962,0.0,0.5027069,0.0056807227,0.43021473,0.7151074,1.0,0.0,0.0,0.9330127,0.25,0.82715386,0.5150317,1.0,1.0,1.0,0.0,0.5089151,0.0,0.0,0.8,1.0,3.9000000000000004,2021-04-03T08:00:00,EURUSD,H1,1,BUY,16.61538718663369,6,"hit_tp=True,hit_sl=False,regime=1"
0.004775202,0.004265826,0.016369997,0.023105016,0.38378227,0.30224398,0.3816174,0.32871905,0.71995956,0.5593388,0.85754716,0.79793876,0.21499312,0.64747745,0.0,0.85736835,0.0076120365,0.0929068,0.5464534,1.0,0.0,0.0,0.0669873,0.75,0.8616877,0.20699793,1.0,0.30109408,0.60218817,0.6989059,0.0,0.0,0.0,0.5648606,-1.0,1.3,2021-04-03T20:00:00,EURUSD,H1,1,BUY,-16.88132189004099,3,"hit_tp=False,hit_sl=True,regime=1"
0.0025578886,-0.0046247337,-0.0045523946,-0.018074213,0.2687453,0.33566648,0.36030316,0.34195995,0.5455411,0.39713645,0.28429806,0.26473045,0.20183067,0.63164437,0.0,0.6054412,0.0043561677,0.607687,0.8038435,1.0,0.0,0.0,0.8535534,0.8535534,0.43651858,0.3424994,0.612368,1.0,1.0,0.38763198,0.612368,0.0,0.0,0.5563731,-1.0,1.6900000000000002,2021-04-04T03:00:00,EURUSD,H1,1,BUY,-16.944581258069302,6,"hit_tp=False,hit_sl=True,regime=1"
0.00078616245,0.00044394276,-0.0043125707,-0.009569796,0.32614625,0.28315112,0.25475988,0.30319273,0.18277062,0.35034004,0.2388388,0.2941775,0.22209667,0.67198217,0.0,0.07855906,0.0017050552,0.75196224,0.87598115,1.0,0.0,0.0,0.75,0.0669873,0.23932023,0.45779508,0.88288265,0.0,0.0,0.88288265,0.0,0.0,0.0,0.28013888,1.0,5.0,2021-04-04T10:00:00,EURUSD,H1,1,BUY,17.36699386381435,19,"hit_tp=True,hit_sl=False,regime=1"
0.004539757,0.0015379931,0.014656407,0.026231715,0.34689224,0.3170492,0.35447034,0.3472656,0.6502591,0.5811802,0.9082198,0.82319605,0.15707317,0.6415056,0.0,0.68880665,0.002060632,0.8345575,0.9172787,1.0,0.0,0.0,1.0,0.5,0.84904957,0.54589754,0.7520799,0.23111244,0.34763002,0.5209675,0.37923536,0.0,0.0,0.53189254,-1.0,1.6900000000000002,2021-04-05T06:00:00,EURUSD,H1,1,BUY,-17.597190614297986,13,"hit_tp=False,hit_sl=True,regime=1"
0.0034610946,0.0014834703,-0.004554798,-0.0074493783,0.3463217,0.3610398,0.36487105,0.3455432,0.39338666,0.45173642,0.26078752,0.43207127,0.15806451,0.6698578,0.0,0.44077826,0.0011975605,0.6767254,0.8383627,1.0,0.0,0.0,0.0669873,0.75,0.301443,0.49580744,0.79170954,0.34849516,0.5518139,0.4432144,0.0,0.0,0.0,0.38091207,-1.0,1.6900000000000002,2021-04-05T20:00:00,EURUSD,H1,1,BUY,-17.961839877822516,10,"hit_tp=False,hit_sl=True,regime=1"
-0.0011110753,-0.0010963288,-0.0044024633,-0.011766104,0.3382482,0.41531986,0.32403818,0.32351893,0.012078893,0.37844855,0.2480179,0.2816757,0.15034106,0.3433091,0.0,0.08130552,0.00041464326,0.16931908,0.5846595,1.0,0.0,0.0,0.37059048,0.017037086,0.2310414,0.5110548,1.0,1.0,1.0,0.0,0.49489793,0.0,0.0,0.550393,-1.0,1.56,2021-04-06T13:00:00,EURUSD,H1,1,BUY,-15.582278419317142,44,"hit_tp=False,hit_sl=True,regime=1"
0.009549796,0.004534273,0.0020003917,-0.0042441515,0.44014347,0.35123122,0.39838722,0.3573912,0.3369429,0.41548437,0.25854838,0.41083685,0.30830377,0.69122016,0.0,0.34287322,0.0009625126,0.7030755,0.85153776,1.0,0.0,0.0,0.25,0.0669873,0.13841851,0.6234518,0.8174133,0.5564369,0.90967786,0.26097634,0.32114106,0.0,0.0,0.53511095,-1.0,2.028,2021-04-08T14:00:00,EURUSD,H1,1,BUY,-16.016172415906915,53,"hit_tp=False,hit_sl=True,regime=1"
0.0035964916,0.002360829,-0.0036568695,-0.013382448,0.25562048,0.24825835,0.26578286,0.32281435,0.1756394,0.40383458,0.22632314,0.28666574,0.2247191,0.66120446,0.0,0.16607653,0.0004712065,0.29534763,0.64767385,1.0,0.0,0.0,0.25,0.9330127,0.1889091,0.5042065,0.9851535,0.63349605,1.0,0.35165748,0.6707535,0.0,0.41816175,0.39886263,-1.0,1.6900000000000002,2021-04-10T22:00:00,EURUSD,H1,1,BUY,-16.28028468805498,14,"hit_tp=False,hit_sl=True,regime=1"
-0.0029699246,-0.0057198233,-0.015851455,-0.022166211,0.41568992,0.3699486,0.36272913,0.35704437,0.45333567,0.47916377,0.15175985,0.3005441,0.14754452,0.3694326,0.0,0.39452666,0.00059151964,0.2810847,0.6405423,1.0,0.0,0.0,0.25,0.0669873,0.22767702,0.51165634,0.72010076,0.56602156,0.8151852,0.1540792,0.707527,0.0,0.0,0.7123434,-1.0,1.56,2021-04-11T14:00:00,EURUSD,H1,1,BUY,-17.58098878999581,23,"hit_tp=False,hit_sl=True,regime=1"
0.002661577,0.009941565,-0.0031538573,-0.015314815,0.44659942,0.38563558,0.34551057,0.3257644,0.24581936,0.41742033,0.21775429,0.3201411,0.24671258,0.6793488,0.0,0.26813617,0.0012381243,0.4963825,0.74819124,1.0,0.0,0.0,0.25,0.9330127,0.23302405,0.6115934,1.0,0.0,0.0,1.0,0.40042126,0.0,0.41229308,0.46933997,-1.0,2.028,2021-04-12T22:00:00,EURUSD,H1,1,BUY,-16.456309404144775,24,"hit_tp=False,hit_sl=True,regime=1"
0.007713989,-0.0010137322,-0.007999381,0.0025101576,0.5302536,0.38374397,0.33968884,0.3436769,0.541533,0.5369267,0.12541462,0.41299236,0.17282547,0.64052653,0.0,0.5760293,0.0010312478,0.45412377,0.72706187,1.0,0.0,0.0,0.37059048,0.9829629,0.24195147,0.47731957,0.5962687,1.0,1.0,0.4037313,0.5962687,0.0,0.0,0.39751056,-1.0,1.6900000000000002,2021-04-13T23:00:00,EURUSD,H1,1,BUY,-14.974556992524146,3,"hit_tp=False,hit_sl=True,regime=1"
0.00018355007,-0.004688113,-0.002821583,-0.012895267,0.26712105,0.32983133,0.33373192,0.32303533,0.36174446,0.46297652,0.116014026,0.1777442,0.19044545,0.6359643,0.0,0.3363148,0.00034858866,0.14246157,0.57123077,1.0,0.0,0.0,0.8535534,0.8535534,0.10531905,0.4240651,0.39501157,1.0,0.79002315,0.6049884,0.39501157,0.5018023,0.40027875,0.41590646,1.0,3.9000000000000004,2021-04-14T03:00:00,EURUSD,H1,1,BUY,19.11301286973588,16,"hit_tp=True,hit_sl=False,regime=1"
0.0067985132,0.013609723,0.0099811675,0.026730476,0.46784818,0.4054132,0.3403166,0.31295714,0.6876032,0.62299037,0.91191816,0.7544001,0.256116,0.68348825,0.0,0.63892955,0.002196329,0.63870066,0.81935036,1.0,0.0,0.0,0.0669873,0.75,0.8750242,0.44880575,0.74388933,0.47423607,0.7055583,0.26965326,0.34533206,0.0,0.0,0.63673615,-1.0,1.6900000000000002,2021-04-14T20:00:00,EURUSD,H1,1,BUY,-14.604950398398042,13,"hit_tp=False,hit_sl=True,regime=1"
0.0051364447,0.0035446836,-0.0046928413,-0.013234798,0.24225934,0.34786305,0.35033762,0.3499719,0.32361612,0.39734727,0.12756535,0.1793903,0.15953016,0.6307141,0.0,0.3485944,0.0009680162,0.6765205,0.83826023,1.0,0.0,0.0,0.5,0.0,0.114566065,0.515471,1.0,0.6634324,1.0,0.3365676,0.6961818,0.0,0.0,0.40589646,-1.0,1.6900000000000002,2021-04-15T12:00:00,EURUSD,H1,1,BUY,-15.939085328580127,5,"hit_tp=False,hit_sl=True,regime=1"
0.0038553206,0.00049746287,-0.0015350753,-0.007406179,0.5333952,0.38215148,0.3537604,0.3466668,0.24126382,0.41188335,0.30300024,0.43117446,0.24501425,0.65282387,0.0,0.33473334,0.0009094687,0.54211515,0.77105755,1.0,0.0,0.0,0.0,0.5,0.22275074,0.42544445,1.0,0.72975236,1.0,0.27024764,0.3947924,0.0,0.0,0.45017937,-1.0,1.6900000000000002,2021-04-15T18:00:00,EURUSD,H1,1,BUY,-16.322880904082737,12,"hit_tp=False,hit_sl=True,regime=1"
-0.00397827,-0.003822273,-0.0019844635,-0.0065616355,0.5175593,0.43780068,0.3177329,0.3489622,0.30850458,0.4928657,0.24440797,0.45378122,0.20313513,0.3348587,0.0,0.4895042,0.0007585784,0.35545018,0.6777251,1.0,0.0,0.0,0.9829629,0.37059048,0.32846883,0.52099586,1.0,1.0,1.0,0.0,0.0,0.0,0.0,0.5996735,-1.0,1.3,2021-04-16T07:00:00,EURUSD,H1,1,BUY,-16.80950716924423,8,"hit_tp=False,hit_sl=True,regime=1"
0.006874167,0.0013846491,-0.003614693,-0.017995732,0.25974736,0.31794548,0.3214895,0.33642042,0.23003179,0.43940684,0.1676986,0.14581606,0.21355264,0.64861923,0.0,0.43518978,0.0003673507,0.14505222,0.5725261,1.0,0.0,0.0,0.0669873,0.25,0.077184275,0.55855244,0.7087203,0.0,0.0,0.7087203,0.0,0.50363374,0.45525506,0.43751898,1.0,3.9000000000000004,2021-04-16T16:00:00,EURUSD,H1,1,BUY,20.642447144163523,14,"hit_tp=True,hit_sl=False,regime=1"
0.003904837,0.0005534987,0.012438256,0.022371788,0.2496938,0.2458436,0.30652082,0.29659775,0.72508454,0.6731724,0.82733953,0.95011395,0.21764113,0.693963,0.0,0.6882117,0.002486001,0.9391052,0.9695526,1.0,0.0,0.0,0.9330127,0.25,0.85454834,0.5288548,0.7001188,0.0,0.0,0.7001188,0.7001188,0.0,0.0,0.5224378,1.0,5.0,2021-04-17T08:00:00,EURUSD,H1,1,BUY,14.761281089099576,8,"hit_tp=True,hit_sl=False,regime=1"
-8.159732e-05,0.0008392974,-0.01578097,-0.017121267,0.24580777,0.22130148,0.2705984,0.3277803,0.35751435,0.43964925,0.08239398,0.10132864,0.27773997,0.31466126,0.0,0.4963514,0.0007958786,0.40900844,0.7045042,1.0,0.0,0.0,0.5,1.0,0.18910742,0.38171902,1.0,0.28253734,0.5650747,0.71746266,0.5802892,0.0,0.0,0.40277618,-1.0,1.6900000000000002,2021-04-19T00:00:00,EURUSD,H1,1,BUY,-11.658008833912437,10,"hit_tp=False,hit_sl=True,regime=1"
0.008512052,0.010884142,0.0050882264,0.0037018815,0.26072672,0.2874123,0.26780155,0.26979193,0.37594664,0.5094628,0.489757,0.62931985,0.1283182,0.63422596,0.0,0.3416944,0.0011148585,0.5365733,0.76828665,1.0,0.0,0.0,0.62940955,0.017037086,0.2981147,0.33396205,0.78258014,0.6,0.9390962,0.18258016,0.7311773,0.0,0.0,0.70625114,1.0,5.0,2021-04-19T11:00:00,EURUSD,H1,1,BUY,12.997506319698537,2,"hit_tp=True,hit_sl=False,regime=1"
0.0071585895,0.0049874685,0.0086351,0.01448224,0.40198827,0.47636664,0.3850017,0.3222754,0.615476,0.60998374,0.8332015,0.65886503,0.15794718,0.6460609,0.0,0.46222153,0.0018376398,0.8850831,0.94254154,1.0,0.0,0.0,0.0669873,0.25,0.6352109,0.32272205,1.0,0.0,0.0,1.0,0.28223768,0.0,0.0,0.73101705,-1.0,2.028,2021-04-19T16:00:00,EURUSD,H1,1,BUY,-13.44029371969091,35,"hit_tp=False,hit_sl=True,regime=1"
0.0027624352,0.0028759546,0.01414328,0.014181471,0.76541895,0.6054708,0.4697416,0.42589435,0.523312,0.5213193,0.5352162,0.6310234,0.15787843,0.687634,0.0,0.50064176,0.0017471355,0.9254965,0.9627483,1.0,0.0,0.0,0.9829629,0.37059048,0.62898207,0.5022456,1.0,0.0,0.0,1.0,0.5694059,0.0,0.0,0.7172574,1.0,5.0,2021-04-21T07:00:00,EURUSD,H1,1,BUY,28.096490683102715,30,"hit_tp=True,hit_sl=False,regime=1"
0.0070650144,0.0027103422,-0.0016130448,-0.0044587203,0.21496645,0.29088762,0.3118219,0.31728864,0.63911116,0.48342603,0.5150119,0.40829876,0.09456128,0.6149319,0.0,0.51715183,0.003793348,0.3455799,0.67278993,1.0,0.0,0.0,0.0,0.5,0.55229634,0.6571831,0.7704364,0.0,0.0,0.7704364,0.0,0.0,0.0,0.46924976,-1.0,1.56,2021-04-22T18:00:00,EURUSD,H1,1,BUY,-15.459978370255811,26,"hit_tp=False,hit_sl=True,regime=1"
0.009955901,0.0083659915,0.00763377,-0.0029238223,0.45297995,0.46692327,0.43411872,0.38280076,0.21135217,0.39416417,0.35635877,0.5164069,0.2932899,0.7030938,0.0,0.20694712,0.0013641713,0.57720494,0.7886025,1.0,0.0,0.0,0.9829629,0.62940955,0.2730309,0.5961855,1.0,0.5790818,1.0,0.42091823,0.48589936,0.0,0.0,0.6,-1.0,2.028,2021-04-24T05:00:00,EURUSD,H1,1,BUY,-18.981539266780256,28,"hit_tp=False,hit_sl=True,regime=1"
-0.004818755,-0.0007249699,-0.002970444,-0.011876962,0.30822605,0.30779287,0.27421594,0.30156115,0.31931877,0.49141356,0.2396434,0.34702283,0.16790639,0.31074756,0.0,0.32727635,0.0005657184,0.2125908,0.6062954,1.0,0.0,0.0,0.75,0.0669873,0.30466777,0.5426835,0.6431061,0.90068144,1.0,0.2575753,0.41454586,0.0,0.0,0.6591183,1.0,3.9000000000000004,2021-04-25T10:00:00,EURUSD,H1,1,BUY,17.336533876419757,3,"hit_tp=True,hit_sl=False,regime=1"
-1.5293264e-05,-0.0026330298,0.011699962,0.019001918,0.37926757,0.32028213,0.3162379,0.32543403,0.6021774,0.5921166,0.82305515,0.79360604,0.29175314,0.25369993,0.0,0.4641481,0.0017549484,0.6602761,0.830138,1.0,0.0,0.0,0.25,0.0669873,0.74635017,0.6095193,0.3676289,0.7021355,0.5162506,0.33450657,0.4309351,0.0,0.0,0.40054104,1.0,5.0,2021-04-25T14:00:00,EURUSD,H1,1,BUY,16.57331048166455,5,"hit_tp=True,hit_sl=False,regime=1"
-0.0062576034,-0.0030683232,-0.00024628072,0.0028348942,0.6071386,0.5274005,0.4370994,0.35814703,0.6735301,0.6101433,0.6660273,0.5652247,0.17626962,0.3294226,0.0,0.57116264,0.0022879995,0.99794084,0.99897045,1.0,0.0,0.0,0.0669873,0.75,0.7920756,0.5800378,0.44956085,0.8269621,0.74353963,0.3774013,0.39328632,0.0,0.0,0.50602007,-1.0,1.6900000000000002,2021-04-25T20:00:00,EURUSD,H1,1,BUY,-17.729845045455495,10,"hit_tp=False,hit_sl=True,regime=1"
-0.004607904,-0.0030933297,-0.01119986,-0.0077650533,0.43327868,0.39336568,0.34120768,0.36857328,0.32085252,0.4404033,0.2523406,0.3080907,0.19977938,0.33383417,0.0,0.28143966,0.0011611786,0.6822125,0.84110624,1.0,0.0,0.0,0.9829629,0.37059048,0.31793028,0.41013,0.3754819,1.0,0.7509638,0.6245181,0.0,0.0,0.0,0.5942463,-1.0,2.028,2021-04-26T07:00:00,EURUSD,H1,1,BUY,-18.263067038717384,34,"hit_tp=False,hit_sl=True,regime=1"
0.0033330878,-0.008889298,-0.018211931,-0.03186847,0.4445686,0.38045552,0.30728444,0.3037015,0.12103232,0.298415,0.13224103,0.12257154,0.12890147,0.6214381,0.0,0.08517494,0.00032975597,0.1392488,0.5696244,1.0,0.0,0.0,0.017037086,0.62940955,0.09638209,0.4915854,0.39240423,0.0,0.0,0.39240423,0.39240423,0.0,0.0,0.28032264,-1.0,1.3,2021-04-27T19:00:00,EURUSD,H1,1,BUY,-13.441457968967896,3,"hit_tp=False,hit_sl=True,regime=1"
0.0056808386,0.0001488174,0.0014605446,-0.009639947,0.40653843,0.44273326,0.363087,0.3590778,0.36930126,0.48372072,0.20911779,0.43901172,0.26721087,0.675622,0.0,0.30354184,0.0011830219,0.37460655,0.68730325,1.0,0.0,0.0,0.9330127,0.25,0.27403054,0.5884409,0.48488536,0.8,0.77581656,0.31511465,0.48488536,0.0,0.0,0.67213994,-1.0,1.3,2021-04-28T08:00:00,EURUSD,H1,1,BUY,-18.24359353860272,13,"hit_tp=False,hit_sl=True,regime=1"
0.00081277057,-0.0042481436,-0.010947341,-0.022386938,0.15159133,0.1953026,0.29688406,0.30459127,0.16956723,0.440029,0.16469857,0.042410314,0.2677707,0.68717504,0.0,0.2605922,4.0636874e-05,0.01048303,0.5052415,1.0,0.0,0.0,0.62940955,0.9829629,0.13662316,0.44227237,0.97446513,0.0,0.0,0.97446513,0.53371334,0.0,0.0,0.23876695,-1.0,1.6900000000000002,2021-04-29T01:00:00,EURUSD,H1,1,BUY,-12.933096056984006,11,"hit_tp=False,hit_sl=True,regime=1"
-0.007577337,-0.0106885405,-0.021529123,-0.028488785,0.32344854,0.43553308,0.37235072,0.33833796,0.19744542,0.4613054,0.056697182,0.09803971,0.20038168,0.35802686,0.0,0.3009279,5.397601e-06,0.0013624378,0.5006812,1.0,0.0,0.0,0.37059048,0.017037086,0.18993385,0.43099615,0.5570109,0.0,0.0,0.5570109,0.0,0.0,0.0,0.81102705,-1.0,1.3,2021-04-29T13:00:00,EURUSD,H1,1,BUY,-14.35504919174102,9,"hit_tp=False,hit_sl=True,regime=1"
-0.0008291174,0.0026078296,0.0046976046,-0.0011923934,0.60307246,0.4534966,0.38401404,0.37141347,0.28342947,0.5533956,0.41202974,0.57691085,0.26303723,0.33139643,0.0,0.14601353,0.0009767172,0.29025295,0.64512646,1.0,0.0,0.0,0.37059048,0.9829629,0.37509656,0.5414611,0.5122413,0.15334222,0.15709645,0.3588991,0.3956443,0.0,0.0,0.27828574,1.0,3.9000000000000004,2021-04-29T23:00:00,EURUSD,H1,1,BUY,21.92788946223434,3,"hit_tp=True,hit_sl=False,regime=1"
0.007645755,0.014184578,0.027236018,0.034053903,0.62008053,0.5852909,0.46151024,0.40334338,0.6718523,0.69803447,0.98380375,0.8332917,0.121911325,0.6303142,0.0,0.4341481,0.0027162028,0.84641576,0.9232079,1.0,0.0,0.0,0.8535534,0.8535534,0.6882438,0.5796982,0.4,0.0,0.0,0.4,0.0,0.0,0.0,0.7685982,1.0,5.0,2021-04-30T03:00:00,EURUSD,H1,1,BUY,24.58185475415986,31,"hit_tp=True,hit_sl=False,regime=1"
0.007994753,0.0038461434,0.013693664,0.019479718,0.46540365,0.40969303,0.31483483,0.32014176,0.5867219,0.5105784,0.8135586,0.585143,0.2621672,0.6937335,0.0,0.5327458,0.0043499195,0.26647434,0.6332372,1.0,0.0,0.0,0.5,0.0,0.6962773,0.49927017,0.82124376,0.26562065,0.43627858,0.5556231,0.3320258,0.0,0.0,0.61818355,-1.0,1.56,2021-05-01T12:00:00,EURUSD,H1,1,BUY,-15.760224462231243,27,"hit_tp=False,hit_sl=True,regime=1"
-0.0054509654,-0.012041264,-0.012134326,-0.003934903,0.4299989,0.46944192,0.4562502,0.3892186,0.28028122,0.41663244,0.17182423,0.43648946,0.19640288,0.3505069,0.0,0.4908423,0.0006304666,0.37403148,0.6870158,1.0,0.0,0.0,0.8535534,0.8535534,0.224547,0.5194636,0.7652942,0.0,0.0,0.7652942,0.0,0.0,0.0,0.869441,1.0,3.9000000000000004,2021-05-03T03:00:00,EURUSD,H1,1,BUY,25.11443401555624,15,"hit_tp=True,hit_sl=False,regime=1"
-0.005896623,-0.014980231,-0.015007889,-0.010141229,0.3819981,0.33542532,0.3703548,0.32794923,0.65991896,0.5551698,0.5098195,0.55429035,0.36905488,0.27578005,0.0,0.7998052,0.0021225451,0.70605445,0.8530272,1.0,0.0,0.0,0.14644662,0.8535534,0.6490528,0.4844473,0.36480662,0.6,0.43776795,0.23519337,0.66476166,0.0,0.0,0.8356334,1.0,5.0,2021-05-03T21:00:00,EURUSD,H1,1,BUY,18.70262206992379,14,"hit_tp=True,hit_sl=False,regime=1"
-0.008802983,-0.005367001,-0.008134135,-0.004124617,0.17538075,0.25554574,0.30296844,0.35685167,0.7238837,0.5463603,0.66258353,0.5714857,0.21501577,0.33782014,0.0,0.77654904,0.0037216109,0.4135184,0.7067592,1.0,0.0,0.0,0.0669873,0.25,0.7588187,0.5010607,0.73823506,1.0,1.0,0.2617649,0.43167007,0.0,0.0,0.7519392,1.0,4.680000000000001,2021-05-04T16:00:00,EURUSD,H1,1,BUY,21.813220168935832,47,"hit_tp=True,hit_sl=False,regime=1"
0.009528702,0.0032367269,0.0023936417,0.004126084,0.6026874,0.5375225,0.45650423,0.37185827,0.57419246,0.51694584,0.880741,0.5508592,0.14138219,0.6619961,0.0,0.4456634,0.0021487817,0.562509,0.7812545,1.0,0.0,0.0,0.0669873,0.25,0.5655641,0.5454753,1.0,0.0,0.0,1.0,0.0,0.0,0.0,0.54311055,1.0,5.0,2021-05-06T16:00:00,EURUSD,H1,1,BUY,25.0631886066488,56,"hit_tp=True,hit_sl=False,regime=1"
-0.0010648229,-0.007074211,-0.005235116,-0.003606057,0.3068642,0.23728283,0.26324955,0.2977211,0.6213147,0.49333903,0.61544955,0.34863994,0.16538675,0.36650744,0.0,0.5666094,0.0028242962,0.4365586,0.7182793,1.0,0.0,0.0,0.62940955,0.9829629,0.6349106,0.45812467,0.8851336,1.0,1.0,0.1148664,0.58575183,0.0,0.0,0.4716532,-1.0,1.3,2021-05-09T01:00:00,EURUSD,H1,1,BUY,-14.099280365360567,15,"hit_tp=False,hit_sl=True,regime=1"
0.0025351571,-0.009585498,-0.000103194776,-0.008252679,0.41959363,0.44379798,0.4130467,0.36439544,0.34953508,0.43929896,0.13373369,0.4473672,0.14758247,0.652492,0.0,0.2636724,0.0015255179,0.96986526,0.9849326,1.0,0.0,0.0,0.017037086,0.37059048,0.17239267,0.42446578,1.0,0.69032395,1.0,0.30967605,0.3630025,0.0,0.0,0.46298596,1.0,5.0,2021-05-09T17:00:00,EURUSD,H1,1,BUY,23.300064496041273,20,"hit_tp=True,hit_sl=False,regime=1"
-0.0009529706,-0.0029972002,0.005849057,0.016360568,0.26268455,0.32617834,0.4059728,0.32857177,0.69967186,0.6006449,0.7888474,0.8257663,0.216826,0.34294108,0.0,0.52071464,0.003276399,0.24749689,0.6237484,1.0,0.0,0.0,0.017037086,0.37059048,0.81092095,0.53092396,0.6,0.9436679,1.0,0.3436679,0.75369287,0.0,0.0,0.4482839,1.0,5.0,2021-05-10T17:00:00,EURUSD,H1,1,BUY,20.70250819621533,18,"hit_tp=True,hit_sl=False,regime=1"
0.0007853542,-0.0022865916,0.007086461,0.020952664,0.33121726,0.3665012,0.30350584,0.32636878,0.67193615,0.5283106,0.8140364,0.74947894,0.21323815,0.65269005,0.0,0.49556196,0.0044848574,0.3089054,0.6544527,1.0,0.0,0.0,0.5,0.0,0.86562693,0.6159593,1.0,0.76052946,1.0,0.23947053,0.57806736,0.0,0.0,0.43562013,-1.0,1.3,2021-05-11T12:00:00,EURUSD,H1,1,BUY,-12.511120057780989,4,"hit_tp=False,hit_sl=True,regime=1"
0.008931488,0.0027213015,0.00038780386,0.0004750608,0.57783103,0.469041,0.37385142,0.31944072,0.7128819,0.47036096,0.5842048,0.54800063,0.19826551,0.64127517,0.0,0.63304716,0.0043900087,0.34482738,0.6724137,1.0,0.0,0.0,0.0,0.5,0.5315208,0.5974461,0.73973256,0.46644053,0.6900825,0.27329203,0.0,0.0,0.0,0.50666034,1.0,3.9000000000000004,2021-05-11T18:00:00,EURUSD,H1,1,BUY,20.773402945089003,6,"hit_tp=True,hit_sl=False,regime=1"
0.004779883,0.0075706723,0.015190056,0.016589403,0.537283,0.40139306,0.44454455,0.37397096,0.725744,0.537687,0.93952453,0.7121888,0.16413867,0.64771473,0.0,0.6906471,0.005284274,0.2647425,0.63237125,1.0,0.0,0.0,0.62940955,0.9829629,0.8127723,0.5151219,0.6,0.79920024,0.9590403,0.19920024,0.31037006,0.0,0.0,0.7889013,1.0,4.680000000000001,2021-05-12T01:00:00,EURUSD,H1,1,BUY,22.11719419272118,38,"hit_tp=True,hit_sl=False,regime=1"
0.010776654,0.0055857985,0.014601908,0.012038007,0.32946998,0.31784138,0.30666637,0.3174365,0.7045518,0.53836495,0.7931936,0.78070843,0.31547377,0.717842,0.0,0.8724957,0.0046831397,0.10841303,0.5542065,1.0,0.0,0.0,0.017037086,0.37059048,0.70156896,0.5210772,0.84611076,0.2248798,0.38054642,0.62123096,0.28109977,0.0,0.0,0.6588682,1.0,3.9000000000000004,2021-05-13T17:00:00,EURUSD,H1,1,BUY,17.078495741464916,8,"hit_tp=True,hit_sl=False,regime=1"
0.0011607261,0.005040143,0.005066616,-0.011012036,0.36827433,0.37366524,0.33189824,0.330301,0.59675735,0.391559,0.36934876,0.50536126,0.21700913,0.6689875,0.0,0.49682915,0.0065693725,0.21638858,0.6081943,1.0,0.0,0.0,0.25,0.9330127,0.5411357,0.42931613,0.41122237,0.0,0.0,0.41122237,0.41122237,0.0,0.0,0.7374825,-1.0,1.3,2021-05-14T22:00:00,EURUSD,H1,1,BUY,-14.451822409828896,17,"hit_tp=False,hit_sl=True,regime=1"
0.007412497,0.0023596545,-0.0076815146,-0.018221797,0.43557662,0.40216926,0.36168998,0.3344443,0.34210297,0.37022644,0.11998522,0.24500939,0.28815234,0.6897521,0.0,0.43343326,0.002603167,0.8788714,0.9394357,1.0,0.0,0.0,0.017037086,0.37059048,0.0054073054,0.4897314,0.7445281,0.19406967,0.28898066,0.55045843,0.32344946,0.0,0.0,0.39755848,-1.0,1.6900000000000002,2021-05-15T17:00:00,EURUSD,H1,1,BUY,-16.03232867072757,9,"hit_tp=False,hit_sl=True,regime=1"
0.0027050606,0.000828086,0.001553636,7.697075e-05,0.5531472,0.39607176,0.38129285,0.35181364,0.41678873,0.508259,0.4074379,0.3943842,0.29595903,0.73945713,0.0,0.35274872,0.0010528823,0.5459244,0.7729622,1.0,0.0,0.0,0.75,0.0669873,0.34560946,0.43192855,0.74020684,1.0,1.0,0.2597932,0.36893225,0.0,0.0,0.7057991,-1.0,1.6900000000000002,2021-05-16T10:00:00,EURUSD,H1,1,BUY,-14.599833334014711,3,"hit_tp=False,hit_sl=True,regime=1"
0.004178001,0.0047191354,0.0029922028,-0.0045143054,0.3381704,0.37489435,0.3830311,0.345291,0.49153712,0.49251065,0.3101062,0.35951617,0.22759435,0.6795279,0.0,0.35918638,0.0009796133,0.47255382,0.7362769,1.0,0.0,0.0,0.25,0.0669873,0.2683693,0.37814978,0.48885417,0.4,0.39108336,0.08885418,0.0,0.0,0.0,0.7889141,-1.0,1.56,2021-05-16T14:00:00,EURUSD,H1,1,BUY,-16.69170963066735,26,"hit_tp=False,hit_sl=True,regime=1"
-0.0029161398,-0.0040240297,-0.0026832626,-0.0097628,0.5089851,0.41195542,0.3799203,0.3428853,0.35692534,0.4909065,0.25018662,0.45021743,0.22224909,0.32800665,0.0,0.48947626,0.00076395326,0.3725714,0.68628573,1.0,0.0,0.0,0.017037086,0.37059048,0.2966418,0.53785974,0.6,0.32744122,0.39292946,0.27255878,0.49791777,0.0,0.0,0.72611237,1.0,3.9000000000000004,2021-05-17T17:00:00,EURUSD,H1,1,BUY,19.77950216558444,10,"hit_tp=True,hit_sl=False,regime=1"
-0.007967113,-0.003979927,0.0073378645,0.008179017,0.2892246,0.2917327,0.31252584,0.32199103,0.63111985,0.586159,0.8036442,0.765873,0.20301047,0.35241282,0.0,0.60760784,0.00199276,0.6507327,0.8253664,1.0,0.0,0.0,0.9330127,0.75,0.8679383,0.6547808,0.6,0.83296365,0.99955636,0.23296364,0.0,0.0,0.44915116,0.40545726,1.0,4.680000000000001,2021-05-18T04:00:00,EURUSD,H1,1,BUY,20.886814565599376,84,"hit_tp=True,hit_sl=False,regime=1"
0.0028218748,0.0050359466,0.006674488,0.01800146,0.55755335,0.44834942,0.38248906,0.31706154,0.71482176,0.5989875,0.77645344,0.6881485,0.120673284,0.63442504,0.0,0.6040458,0.0037638955,0.26396218,0.6319811,1.0,0.0,0.0,0.0669873,0.75,0.8329838,0.5494139,0.9411135,0.8,1.0,0.14111349,0.4725775,0.0,0.0,0.8537198,-1.0,1.3,2021-05-21T20:00:00,EURUSD,H1,1,BUY,-16.42031728312343,17,"hit_tp=False,hit_sl=True,regime=1"
0.00032349568,-0.0013331311,0.0010130614,-0.0070959227,0.45795146,0.3600359,0.31879506,0.35473117,0.34350386,0.41613063,0.1869426,0.36152685,0.17067118,0.6458544,0.0,0.39946973,0.0012908897,0.6393222,0.8196611,1.0,0.0,0.0,0.62940955,0.9829629,0.2716063,0.6260599,0.50376135,0.0,0.0,0.50376135,0.36473578,0.0,0.0,0.4448624,-1.0,2.028,2021-05-23T01:00:00,EURUSD,H1,1,BUY,-17.711108330524805,95,"hit_tp=False,hit_sl=True,regime=1"
0.011135805,0.0076876385,0.011018543,0.019867783,0.2579382,0.20981783,0.30702728,0.31147948,0.53557587,0.5326801,0.6689163,0.8037209,0.15235516,0.6350777,0.0,0.45836395,0.00153076,0.8161783,0.90808916,1.0,0.0,0.0,0.9829629,0.62940955,0.49014062,0.41648763,1.0,0.31989715,0.6397943,0.6801028,0.39987144,0.0,0.0,0.77301097,-1.0,1.6900000000000002,2021-05-27T05:00:00,EURUSD,H1,1,BUY,-16.828460709976678,13,"hit_tp=False,hit_sl=True,regime=1"
0.0019758402,-0.007541765,-0.023850098,-0.036520183,0.2894313,0.27363864,0.36513075,0.31910765,0.18285471,0.33741888,0.06533395,0.06993416,0.12594682,0.6420907,0.0,0.17699648,0.00031028513,0.15913361,0.57956684,1.0,0.0,0.0,0.0669873,0.75,0.013084787,0.41923785,0.64191973,0.4,0.5135358,0.24191976,0.3645833,0.0,0.0,0.24259405,1.0,3.9000000000000004,2021-05-27T20:00:00,EURUSD,H1,1,BUY,21.83898046152155,18,"hit_tp=True,hit_sl=False,regime=1"
0.00093910366,0.009980552,0.011054,0.013569554,0.6197318,0.47104555,0.4168543,0.35761818,0.716314,0.60259414,0.8050085,0.58345366,0.347158,0.75067276,0.0,0.7496237,0.0021400421,0.96550345,0.9827517,1.0,0.0,0.0,0.14644662,0.14644662,0.869818,0.43979597,0.5195392,0.61350816,0.63748306,0.09396899,0.42832413,0.0,0.0,0.65099937,-1.0,2.028,2021-05-28T15:00:00,EURUSD,H1,1,BUY,-19.243649944526986,24,"hit_tp=False,hit_sl=True,regime=1"
-0.00555774,-0.014794757,-0.012684489,-0.01521977,0.3633323,0.31461427,0.30306214,0.31590995,0.13081887,0.3726886,0.22522779,0.22269115,0.18424657,0.35305053,0.0,0.06281139,0.00029654198,0.13979296,0.56989646,1.0,0.0,0.0,0.0669873,0.25,0.24674952,0.5125762,0.6,1.0,1.0,0.4,0.5774001,0.0,0.0,0.59715074,-1.0,1.56,2021-05-29T16:00:00,EURUSD,H1,1,BUY,-16.36110873994845,61,"hit_tp=False,hit_sl=True,regime=1"
0.0056517273,0.002330746,-0.0052910075,-0.011070796,0.36093152,0.4216462,0.46214193,0.35409635,0.23639873,0.37755468,0.2622114,0.21172085,0.20494753,0.6275579,0.0,0.2822382,0.00054827565,0.27746785,0.6387339,1.0,0.0,0.0,0.75,0.0669873,0.16621052,0.529799,0.7836705,0.6,0.94040453,0.18367046,0.0,0.0,0.0,0.40431175,-1.0,1.3,2021-06-01T10:00:00,EURUSD,H1,1,BUY,-21.449950682321806,11,"hit_tp=False,hit_sl=True,regime=1"
0.0096971365,0.008625832,0.00585934,0.013322593,0.24795796,0.25413686,0.2667801,0.30004483,0.4046873,0.522006,0.42370355,0.6369052,0.2846695,0.7006878,0.0,0.27361017,0.0010462793,0.38783103,0.6939155,1.0,0.0,0.0,0.75,0.9330127,0.30320668,0.57561433,1.0,0.15955526,0.3191105,0.84044474,0.26592544,0.0,0.0,0.6,1.0,5.0,2021-06-02T02:00:00,EURUSD,H1,1,BUY,17.44101464489667,4,"hit_tp=True,hit_sl=False,regime=1"
0.00699769,0.0084053455,0.008250211,0.018693633,0.44731137,0.41911253,0.33888912,0.31441063,0.6223794,0.63095236,0.86306655,0.67316,0.261279,0.68455374,0.0,0.58314997,0.001979111,0.7342954,0.86714774,1.0,0.0,0.0,0.9829629,0.37059048,0.6278183,0.53265065,1.0,0.0,0.0,1.0,0.38053665,0.0,0.0,0.8,-1.0,1.6900000000000002,2021-06-02T07:00:00,EURUSD,H1,1,BUY,-16.608830062945223,19,"hit_tp=False,hit_sl=True,regime=1"
-0.009414958,-0.0026945225,-0.008667615,-0.018897258,0.3030846,0.29125944,0.30902094,0.30914208,0.2714814,0.42249307,0.15299766,0.18884405,0.31177267,0.2817839,0.0,0.24625757,0.00070151204,0.27188927,0.63594466,1.0,0.0,0.0,0.8535534,0.8535534,0.23469867,0.611139,0.55002135,0.7334593,0.8068366,0.18343794,0.0,0.0,0.0,0.65549433,-1.0,1.3,2021-06-03T03:00:00,EURUSD,H1,1,BUY,-15.872145561470763,7,"hit_tp=False,hit_sl=True,regime=1"
-0.001229705,-0.007584044,-0.005852509,-0.015536582,0.35920772,0.3616306,0.344324,0.32758027,0.22215761,0.42851055,0.16083443,0.32479268,0.29793888,0.2948509,0.0,0.21687755,0.00048107962,0.2442596,0.6221298,1.0,0.0,0.0,0.37059048,0.017037086,0.2363363,0.54618245,0.92615265,0.9038506,1.0,0.022302052,0.37291202,0.0,0.0,0.47917363,-1.0,1.3,2021-06-03T13:00:00,EURUSD,H1,1,BUY,-15.928391402002529,11,"hit_tp=False,hit_sl=True,regime=1"
0.010487098,0.003971973,0.005028521,-0.0038857227,0.32350236,0.42285866,0.39072138,0.35114145,0.40502316,0.5265005,0.34668177,0.32789752,0.16927107,0.6799387,0.0,0.42875957,0.0009586707,0.38529095,0.6926455,1.0,0.0,0.0,0.8535534,0.8535534,0.24800496,0.47534418,0.76832896,0.8,1.0,0.031671047,0.0,0.0,0.0,0.7484556,1.0,4.680000000000001,2021-06-04T03:00:00,EURUSD,H1,1,BUY,18.662177389339174,42,"hit_tp=True,hit_sl=False,regime=1"
-0.002700536,-0.0028277254,-0.010139535,0.015277645,0.4008789,0.37473935,0.33672678,0.3750886,0.71684664,0.5867643,0.75192845,0.6619924,0.28905714,0.30992705,0.0,0.7080952,0.002802608,0.42303044,0.71151525,1.0,0.0,0.0,0.5,1.0,0.77875847,0.47250912,0.8,0.34722167,0.5555546,0.45277834,0.5395174,0.0,0.0,0.7597428,-1.0,1.6900000000000002,2021-06-06T00:00:00,EURUSD,H1,1,BUY,-16.217033681691362,13,"hit_tp=False,hit_sl=True,regime=1"
0.000966226,0.0023688746,-0.0032440785,-0.022295587,0.33172816,0.34971446,0.3864861,0.37446436,0.42195395,0.41580907,0.17095615,0.3487841,0.19960396,0.6399813,0.0,0.50598806,0.0018616457,0.94728744,0.9736437,1.0,0.0,0.0,0.14644662,0.14644662,0.23154244,0.5764899,0.80150217,0.0,0.0,0.80150217,0.679171,0.0,0.0,0.47262868,1.0,5.0,2021-06-06T15:00:00,EURUSD,H1,1,BUY,25.627569283277474,19,"hit_tp=True,hit_sl=False,regime=1"
0.0032239049,0.0015904141,-0.0033656254,-0.0061181216,0.34062204,0.3818436,0.3710043,0.31285903,0.6771692,0.53637403,0.6385942,0.38613096,0.11974157,0.6541631,0.0,0.62186915,0.002858622,0.49557057,0.7477853,1.0,0.0,0.0,0.25,0.0669873,0.6599225,0.45475152,0.82896435,0.3232829,0.53598,0.50568146,0.5388048,0.0,0.0,0.39708933,1.0,5.0,2021-06-07T14:00:00,EURUSD,H1,1,BUY,19.84526945897791,13,"hit_tp=True,hit_sl=False,regime=1"
-0.0040460904,-0.004498924,-0.00026866526,0.0137464,0.33438343,0.37982598,0.314896,0.32965344,0.67725146,0.559062,0.6919806,0.6635728,0.16831683,0.3435378,0.0,0.75365895,0.003988999,0.31230828,0.65615416,1.0,0.0,0.0,0.9829629,0.62940955,0.79310334,0.5357194,1.0,0.0,0.0,1.0,0.56484544,0.0,0.0,0.6780996,-1.0,2.028,2021-06-08T05:00:00,EURUSD,H1,1,BUY,-14.542895418427904,26,"hit_tp=False,hit_sl=True,regime=1"
-0.0010876342,-0.007581439,-0.000364629,-0.0039199106,0.45119488,0.38321352,0.29080704,0.36701354,0.33447364,0.4256623,0.23547272,0.48236418,0.2608438,0.33703166,0.0,0.28247586,0.0016460775,0.8368013,0.91840065,1.0,0.0,0.0,0.9330127,0.25,0.26664275,0.6924297,1.0,0.52874476,1.0,0.4712552,0.48657748,0.0,0.0,0.44408378,-1.0,2.028,2021-06-09T08:00:00,EURUSD,H1,1,BUY,-18.169719344161006,26,"hit_tp=False,hit_sl=True,regime=1"
0.0032663685,0.0027656741,0.00143263,-0.013366558,0.15380377,0.21666025,0.31021398,0.30853495,0.19682658,0.42079848,0.28453344,0.1947151,0.2746828,0.70437074,0.0,0.27038923,0.00043818846,0.19545251,0.5977263,1.0,0.0,0.0,0.14644662,0.14644662,0.21392699,0.5780586,1.0,0.0,0.0,1.0,0.0,0.0,0.0,0.5842801,1.0,3.9000000000000004,2021-06-10T15:00:00,EURUSD,H1,1,BUY,17.669702963727385,6,"hit_tp=True,hit_sl=False,regime=1"
-0.0024746405,-0.0044111027,-0.008157859,-0.004103842,0.43214807,0.3408975,0.2707068,0.3188589,0.49901754,0.5502534,0.518842,0.302519,0.30925223,0.27740535,0.0,0.49587873,0.00093448494,0.46009248,0.7300463,1.0,0.0,0.0,0.37059048,0.9829629,0.48778257,0.469369,0.75409126,1.0,1.0,0.24590872,0.6671085,0.0,0.0,0.78195477,-1.0,1.6900000000000002,2021-06-10T23:00:00,EURUSD,H1,1,BUY,-14.357285978483514,5,"hit_tp=False,hit_sl=True,regime=1"
-0.004181584,-0.0047435155,-0.011208525,-0.02117275,0.2678446,0.34454817,0.35503185,0.32595888,0.43330812,0.46969932,0.15393935,0.2139324,0.26206896,0.30442354,0.0,0.49422047,0.0005450951,0.26699644,0.6334982,1.0,0.0,0.0,0.9829629,0.62940955,0.26855606,0.4753335,0.8,0.0,0.0,0.8,0.90041083,0.0,0.0,0.82376426,1.0,5.0,2021-06-11T05:00:00,EURUSD,H1,1,BUY,17.611919639004547,17,"hit_tp=True,hit_sl=False,regime=1"
-0.012286429,0.001122863,-0.0014490705,0.006644117,0.35419568,0.33886436,0.3421116,0.3413499,0.6915464,0.6144941,0.8191523,0.76245815,0.1778108,0.3342781,0.0,0.7913398,0.002062403,0.8049851,0.9024926,1.0,0.0,0.0,0.37059048,0.9829629,0.95054084,0.54155225,1.0,0.0,0.0,1.0,0.50406677,0.61401224,0.0,0.6608088,-1.0,1.6900000000000002,2021-06-11T23:00:00,EURUSD,H1,1,BUY,-16.119378109957783,17,"hit_tp=False,hit_sl=True,regime=1"
0.01248994,0.00508099,-0.0009799781,-0.01052694,0.54565895,0.46292368,0.3480144,0.3380455,0.3575217,0.4075923,0.19984943,0.48663,0.30760095,0.736238,0.0,0.3203186,0.0016424797,0.9466752,0.9733376,1.0,0.0,0.0,0.0,0.5,0.069375195,0.53274274,0.7810365,0.0,0.0,0.7810365,0.0,0.0,0.0,0.48866767,-1.0,1.6900000000000002,2021-06-12T18:00:00,EURUSD,H1,1,BUY,-15.660258276952721,4,"hit_tp=False,hit_sl=True,regime=1"
-0.002912026,0.0016741101,-0.00048760907,-0.015463037,0.4440921,0.43118396,0.4411301,0.35685617,0.33125293,0.40728867,0.27264783,0.42665413,0.19756544,0.35142934,0.0,0.35174042,0.00087000045,0.501054,0.750527,1.0,0.0,0.0,0.37059048,0.9829629,0.26082686,0.5927544,0.68290395,0.21742222,0.296957,0.46548176,0.4426674,0.0,0.0,0.5808888,1.0,5.0,2021-06-12T23:00:00,EURUSD,H1,1,BUY,21.70696203342093,52,"hit_tp=True,hit_sl=False,regime=1"
0.004812633,-0.0029496884,0.0026196716,0.0074944734,0.4250536,0.35334328,0.3906218,0.34006393,0.6080751,0.5043224,0.55220675,0.58351564,0.2659525,0.76209164,0.0,0.47556433,0.0027753054,0.44152313,0.72076154,1.0,0.0,0.0,0.9330127,0.75,0.5878973,0.529279,0.6751943,0.5858136,0.791076,0.08938072,0.39640975,0.0,0.0,0.5591225,-1.0,1.56,2021-06-15T04:00:00,EURUSD,H1,1,BUY,-19.440643380486122,83,"hit_tp=False,hit_sl=True,regime=1"
0.0033845906,0.0011734642,0.009710473,-0.0009831837,0.33973947,0.33569524,0.31440946,0.3479327,0.28699887,0.43884754,0.3155322,0.6062887,0.19172882,0.6254405,0.0,0.22293167,0.0012619651,0.57503015,0.78751504,1.0,0.0,0.0,0.017037086,0.62940955,0.2710665,0.52705425,0.90167016,0.0,0.0,0.90167016,0.44936427,0.0,0.0,0.54372543,1.0,5.0,2021-06-18T19:00:00,EURUSD,H1,1,BUY,21.302936733302857,28,"hit_tp=True,hit_sl=False,regime=1"
-0.012161566,-0.01650752,-0.013737564,-0.007583323,0.2935306,0.31927693,0.2778413,0.3424684,0.619847,0.57306916,0.62346685,0.5046767,0.17034107,0.348978,0.0,0.6592546,0.0027444053,0.72346485,0.8617324,1.0,0.0,0.0,0.8535534,0.8535534,0.75990576,0.47940838,0.4,0.60917836,0.4873427,0.20917836,0.0,0.0,0.0,0.7784018,1.0,4.680000000000001,2021-06-20T03:00:00,EURUSD,H1,1,BUY,17.176283115563074,31,"hit_tp=True,hit_sl=False,regime=1"
0.003413313,0.008429766,0.0052607204,0.009441628,0.35099223,0.2987915,0.26544592,0.33950362,0.6414229,0.5223177,0.7388975,0.46106827,0.3168612,0.7254084,0.0,0.8149126,0.003150532,0.4085878,0.7042939,1.0,0.0,0.0,0.62940955,0.017037086,0.7276352,0.4265006,0.61108,0.95123816,1.0,0.34015816,0.5915714,0.0,0.0,0.57662565,1.0,5.0,2021-06-21T11:00:00,EURUSD,H1,1,BUY,15.7086586212829,28,"hit_tp=True,hit_sl=False,regime=1"
-0.0012341026,-0.014381646,-0.010105131,-0.011575159,0.2811606,0.3287146,0.33224887,0.35348478,0.6320674,0.51919514,0.4836485,0.43088782,0.19832519,0.35989144,0.0,0.726749,0.0033940396,0.47130695,0.73565346,1.0,0.0,0.0,0.25,0.9330127,0.6269841,0.3924839,1.0,0.8,1.0,0.2,0.6372353,0.0,0.0,0.43965498,-1.0,1.6900000000000002,2021-06-22T22:00:00,EURUSD,H1,1,BUY,-12.710038159986503,4,"hit_tp=False,hit_sl=True,regime=1"
0.007671324,0.002788821,-0.0037829084,0.0053186496,0.29341358,0.33115774,0.39329085,0.37935913,0.33167097,0.41318038,0.27178094,0.4469403,0.13956834,0.6310481,0.0,0.28488126,0.0018803057,0.9234283,0.96171415,1.0,0.0,0.0,0.75,0.0669873,0.20127855,0.44979513,0.76190096,0.61515445,0.9373736,0.1467465,0.2551335,0.0,0.0,0.44063467,1.0,5.0,2021-06-23T10:00:00,EURUSD,H1,1,BUY,21.57809396812649,30,"hit_tp=True,hit_sl=False,regime=1"
-0.01021793,-0.01405667,-0.01605726,-0.012002997,0.5865204,0.42545637,0.4103561,0.35523048,0.68033814,0.5885669,0.6025727,0.4457966,0.16130978,0.32109186,0.0,0.6227106,0.002410956,0.7172867,0.85864335,1.0,0.0,0.0,0.0,0.5,0.7143087,0.6026992,0.4,0.0,0.0,0.4,0.0,0.0,0.0,0.9816943,-1.0,1.6900000000000002,2021-06-24T18:00:00,EURUSD,H1,1,BUY,-18.1099669193574,12,"hit_tp=False,hit_sl=True,regime=1"
0.004294616,0.010956663,0.0039976877,-0.0057854853,0.25305113,0.23141618,0.2711896,0.31258187,0.20118935,0.40012947,0.28702936,0.30907068,0.093920335,0.6206808,0.0,0.23429886,0.000690679,0.27185586,0.6359279,1.0,0.0,0.0,0.017037086,0.62940955,0.2765682,0.6565584,0.6816442,0.0,0.0,0.6816442,0.37660664,0.0,0.4261213,0.54388696,-1.0,1.6900000000000002,2021-06-25T19:00:00,EURUSD,H1,1,BUY,-14.838214550412232,4,"hit_tp=False,hit_sl=True,regime=1"
-0.0040610074,-0.0076045766,-0.011939985,-0.01984763,0.43832386,0.39872852,0.31821305,0.32562882,0.16162749,0.44564807,0.17396218,0.3076689,0.19135195,0.34174854,0.0,0.15450281,0.0004595875,0.15718165,0.5785908,1.0,0.0,0.0,0.5,1.0,0.2594173,0.64650595,0.64057,0.3120175,0.39973807,0.32855248,0.33871293,0.0,0.0,0.8039905,-1.0,1.3,2021-06-26T00:00:00,EURUSD,H1,1,BUY,-16.33227378096347,4,"hit_tp=False,hit_sl=True,regime=1"
0.002366136,0.0046107727,0.009747923,-0.0023460903,0.3701989,0.37501642,0.37968582,0.34096426,0.34178403,0.5012246,0.33022234,0.5806154,0.33553615,0.74106133,0.0,0.44986796,0.0014256745,0.40850845,0.7042542,1.0,0.0,0.0,1.0,0.5,0.30625647,0.63714236,0.64483345,0.0,0.0,0.64483345,0.64483345,0.0,0.0,0.7456931,1.0,5.0,2021-06-26T06:00:00,EURUSD,H1,1,BUY,20.803661649202443,10,"hit_tp=True,hit_sl=False,regime=1"
0.0016584202,-0.0006095937,-0.0054851696,-0.0110121295,0.23661533,0.2600557,0.2893345,0.30845407,0.5852575,0.4781243,0.29674053,0.23212793,0.35290322,0.7388935,0.0,0.46802452,0.0040660193,0.46394825,0.7319741,1.0,0.0,0.0,0.8535534,0.14644662,0.5319025,0.5334375,0.7347174,0.49335814,0.72495764,0.2413593,0.7347174,0.0,0.0,0.31302306,-1.0,2.028,2021-06-27T09:00:00,EURUSD,H1,1,BUY,-15.59280164624699,44,"hit_tp=False,hit_sl=True,regime=1"
0.000109364344,-0.00877151,-0.0150054125,-0.019041443,0.3735457,0.29799387,0.27073824,0.33164793,0.29023066,0.42650288,0.0011280539,0.31498516,0.3063178,0.7264447,0.0,0.35553882,0.0006093805,0.35632572,0.6781629,1.0,0.0,0.0,1.0,0.5,0.12642717,0.5075037,1.0,0.69043213,1.0,0.30956787,0.9285679,0.0,0.0,0.20430696,-1.0,1.6900000000000002,2021-06-29T06:00:00,EURUSD,H1,1,BUY,-14.157288215672637,9,"hit_tp=False,hit_sl=True,regime=1"
0.001912399,0.0023797087,-0.004295144,-0.0063631698,0.47642505,0.36027572,0.4371939,0.3583703,0.28909317,0.45388862,0.1515349,0.38201803,0.16311844,0.65533036,0.0,0.2627291,0.0009880853,0.43761724,0.71880865,1.0,0.0,0.0,0.017037086,0.37059048,0.20129526,0.5299834,0.74847484,0.31331939,0.46902335,0.43515548,0.55699134,0.0,0.40975875,0.5267078,1.0,5.0,2021-06-29T17:00:00,EURUSD,H1,1,BUY,24.26785956501476,15,"hit_tp=True,hit_sl=False,regime=1"
0.0006228602,0.0007201647,-0.0033932806,-0.019859908,0.31001684,0.34145135,0.3620566,0.34506193,0.36339036,0.43861446,0.21560661,0.25274792,0.17938596,0.6547516,0.0,0.4805775,0.0020351673,0.9424073,0.9712037,1.0,0.0,0.0,0.14644662,0.8535534,0.3442276,0.23611885,0.77766514,0.41390598,0.6437605,0.3637592,0.57427275,0.0,0.0,0.47730526,1.0,5.0,2021-06-30T21:00:00,EURUSD,H1,1,BUY,21.74316991155889,44,"hit_tp=True,hit_sl=False,regime=1"
-0.0069350847,-0.008685916,-0.010498273,0.0027431543,0.5143754,0.40805283,0.37507796,0.33025154,0.71552444,0.54643315,0.65588105,0.5939439,0.30194357,0.28371364,0.0,0.7432264,0.0026282487,0.5956808,0.7978404,1.0,0.0,0.0,0.25,0.9330127,0.749982,0.46285132,0.6,0.4,0.48,0.2,0.6157561,0.0,0.0,0.9962849,-1.0,1.6900000000000002,2021-07-02T22:00:00,EURUSD,H1,1,BUY,-14.489290480808048,1,"hit_tp=False,hit_sl=True,regime=1"
0.004097025,0.002822458,-0.0041136052,-0.007677296,0.57761705,0.5830124,0.43274066,0.36120674,0.6876007,0.51111925,0.63210267,0.48554367,0.15946381,0.63486904,0.0,0.66349816,0.0027689808,0.52027637,0.76013815,1.0,0.0,0.0,0.5,1.0,0.60361636,0.5340016,1.0,0.71187913,1.0,0.28812087,0.4000465,0.0,0.0,0.39970306,-1.0,1.6900000000000002,2021-07-03T00:00:00,EURUSD,H1,1,BUY,-17.63224397488994,6,"hit_tp=False,hit_sl=True,regime=1"
0.001567503,0.0005388888,0.005803097,0.002161639,0.40616688,0.38137835,0.37694022,0.40493053,0.23818207,0.4093646,0.34952852,0.449011,0.15219513,0.6410796,0.0,0.36569354,0.00068722415,0.36180475,0.68090236,1.0,0.0,0.0,0.14644662,0.14644662,0.2873648,0.3901916,0.7539898,0.45234212,0.6821227,0.3016477,0.3819357,0.0,0.0,0.5196712,-1.0,1.56,2021-07-03T15:00:00,EURUSD,H1,1,BUY,-19.890723505728847,26,"hit_tp=False,hit_sl=True,regime=1"
0.011209966,0.0049191792,0.008149211,0.013121474,0.41906834,0.3336807,0.32681826,0.33612466,0.46785063,0.50487006,0.37949032,0.45917442,0.24081632,0.6477069,0.0,0.5814307,0.0010172654,0.41014192,0.705071,1.0,0.0,0.0,0.14644662,0.8535534,0.22858031,0.41058683,0.79706734,0.6596393,1.0,0.13742805,0.30062202,0.0,0.0,0.7244729,-1.0,1.56,2021-07-04T21:00:00,EURUSD,H1,1,BUY,-17.818631420503106,72,"hit_tp=False,hit_sl=True,regime=1"
0.0029953022,0.0023770297,0.0024729501,-0.0038602531,0.7123452,0.5308272,0.4496593,0.35829118,0.31298217,0.4924042,0.37381738,0.5932798,0.12288692,0.64358014,0.0,0.4111442,0.0011974488,0.6530135,0.82650673,1.0,0.0,0.0,0.37059048,0.9829629,0.31378943,0.55835897,1.0,0.8,1.0,0.2,0.30811474,0.0,0.0,0.8,-1.0,2.028,2021-07-07T23:00:00,EURUSD,H1,1,BUY,-20.011646300202024,67,"hit_tp=False,hit_sl=True,regime=1"
0.0065887948,0.0018344943,0.0040899906,-0.008712971,0.2788905,0.34843656,0.36066714,0.32081586,0.38893196,0.4658643,0.28967467,0.27240047,0.23101045,0.68050444,0.0,0.37496164,0.00061935635,0.30969715,0.6548486,1.0,0.0,0.0,0.14644662,0.8535534,0.18052943,0.46938515,0.73099786,0.68101466,0.9956405,0.04998317,0.0,0.0,0.0,0.69071984,-1.0,1.56,2021-07-10T21:00:00,EURUSD,H1,1,BUY,-16.455800605650328,28,"hit_tp=False,hit_sl=True,regime=1"
0.00421559,0.006897357,0.0003326725,-0.0100081265,0.2544023,0.2900955,0.3012236,0.32430273,0.19188657,0.41716146,0.2519552,0.27896708,0.21526718,0.7162939,0.0,0.30245176,0.00069563976,0.33482903,0.6674145,1.0,0.0,0.0,0.9829629,0.62940955,0.18900399,0.55682,0.56467247,0.106506556,0.120282635,0.4581659,0.56467247,0.0,0.0,0.58791447,1.0,5.0,2021-07-12T05:00:00,EURUSD,H1,1,BUY,21.848458697084627,11,"hit_tp=True,hit_sl=False,regime=1"
-0.0053903605,-0.0069078025,-0.012157834,-0.004246044,0.27002066,0.29062623,0.3413465,0.30976176,0.72668207,0.5529393,0.62251955,0.34658098,0.27411026,0.32272485,0.0,0.70193493,0.003914572,0.43415973,0.7170799,1.0,0.0,0.0,0.9330127,0.25,0.69237804,0.5587905,0.5295698,0.13964295,0.14790137,0.38992685,0.23273824,0.0,0.0,0.86592895,-1.0,1.3,2021-07-13T08:00:00,EURUSD,H1,1,BUY,-15.340998009389928,4,"hit_tp=False,hit_sl=True,regime=1"
0.0029394631,-0.0008988209,-0.009115336,-0.023894766,0.32978565,0.2700905,0.282859,0.30135047,0.40573034,0.3713212,0.16144903,0.16172422,0.21961325,0.64390546,0.0,0.35114053,0.0027230866,0.9120586,0.9560293,1.0,0.0,0.0,0.37059048,0.017037086,0.31681332,0.5481477,0.6613778,0.28840858,0.38149402,0.37296918,0.6613778,0.0,0.0,0.31758037,1.0,5.0,2021-07-13T13:00:00,EURUSD,H1,1,BUY,18.138359080592803,18,"hit_tp=True,hit_sl=False,regime=1"
-0.0072420766,-0.017574297,-0.010200555,-0.0010229667,0.5104191,0.4162978,0.3885959,0.34058437,0.5964333,0.5304419,0.5897801,0.5035796,0.2534527,0.31504115,0.0,0.5076241,0.0031466605,0.69904923,0.8495246,1.0,0.0,0.0,0.9330127,0.25,0.6992329,0.5840479,0.6,0.89014465,1.0,0.29014465,0.4863764,0.0,0.0,0.57405555,1.0,5.0,2021-07-14T08:00:00,EURUSD,H1,1,BUY,20.56116228811744,47,"hit_tp=True,hit_sl=False,regime=1"
0.0052768537,0.0060507557,0.00766338,0.011748415,0.3449944,0.3704421,0.3668805,0.3624373,0.7242433,0.5707937,0.8854987,0.7038377,0.16708185,0.677651,0.0,0.7135205,0.0024974956,0.30670047,0.65335023,1.0,0.0,0.0,0.9330127,0.25,0.80205214,0.4560827,0.9020743,0.0,0.0,0.9020743,0.57054126,0.0,0.0,1.0,-1.0,1.6900000000000002,2021-07-16T08:00:00,EURUSD,H1,1,BUY,-17.483361256025454,8,"hit_tp=False,hit_sl=True,regime=1"
0.01149265,0.00032097936,-0.004422085,-0.007175708,0.44808355,0.36134508,0.38579673,0.36654022,0.45956817,0.43865648,0.2340068,0.31112513,0.3258786,0.7275114,0.0,0.4122568,0.0016600096,0.9527801,0.97639006,1.0,0.0,0.0,0.017037086,0.37059048,0.18118945,0.47622862,0.4,0.0,0.0,0.4,0.82595855,0.0,0.0,0.45156372,-1.0,2.028,2021-07-16T17:00:00,EURUSD,H1,1,BUY,-19.277880721171314,27,"hit_tp=False,hit_sl=True,regime=1"
0.012217674,0.0066984394,0.007952215,-0.0042715273,0.42628494,0.32391363,0.29740393,0.3095917,0.3750999,0.42776948,0.25300488,0.4664261,0.24996729,0.68425447,0.0,0.29230946,0.001437829,0.7954877,0.8977438,1.0,0.0,0.0,0.25,0.9330127,0.09832915,0.36271212,0.8690658,0.8,1.0,0.06906585,0.0,0.0,0.51220137,0.7860511,-1.0,1.3,2021-07-17T22:00:00,EURUSD,H1,1,BUY,-14.962055112683892,15,"hit_tp=False,hit_sl=True,regime=1"
0.0068105995,-0.0065309685,-0.010924025,-0.0074460567,0.3252221,0.25525245,0.23571461,0.32577312,0.46135542,0.50732064,0.12524953,0.3943599,0.12649833,0.6917861,0.0,0.38250938,0.0007035702,0.41011244,0.7050562,1.0,0.0,0.0,0.25,0.0669873,0.16194203,0.53263175,0.5085665,0.0,0.0,0.5085665,0.5085665,0.0,0.0,0.36641714,-1.0,1.6900000000000002,2021-07-18T14:00:00,EURUSD,H1,1,BUY,-14.812181518895073,16,"hit_tp=False,hit_sl=True,regime=1"
-0.0078984285,-0.0110375965,-0.010965267,-0.009489515,0.36001107,0.32598487,0.33152667,0.3268534,0.21905354,0.48427644,0.04378093,0.33304706,0.20040789,0.36216518,0.0,0.38292432,0.00031979702,0.16712987,0.58356494,1.0,0.0,0.0,0.9829629,0.37059048,0.2847272,0.4042235,0.9189005,0.8,1.0,0.11890046,0.6057646,0.0,0.0,0.8,1.0,3.9000000000000004,2021-07-19T07:00:00,EURUSD,H1,1,BUY,18.699742965309074,8,"hit_tp=True,hit_sl=False,regime=1"
0.008996794,0.0085335765,0.0022472024,-0.0014077348,0.49320284,0.41054597,0.40919125,0.32914624,0.6224089,0.49434865,0.518283,0.5841999,0.20031463,0.66499656,0.0,0.71225375,0.0017725952,0.62459767,0.81229883,1.0,0.0,0.0,0.75,0.9330127,0.35740447,0.5582522,1.0,0.68519205,1.0,0.31480795,0.41060892,0.0,0.0,0.54283005,-1.0,1.6900000000000002,2021-07-24T02:00:00,EURUSD,H1,1,BUY,-16.196279704303596,5,"hit_tp=False,hit_sl=True,regime=1"
0.0052157966,0.0025107265,-0.0072466177,-0.011638967,0.35186028,0.35332203,0.3817914,0.34961963,0.35788497,0.43527293,0.19246133,0.36817986,0.11417357,0.61380625,0.0,0.42431512,0.0012361706,0.8627928,0.9313964,1.0,0.0,0.0,0.9330127,0.25,0.11451058,0.62189543,1.0,0.0,0.0,1.0,0.43868256,0.0,0.0,0.37697932,-1.0,2.028,2021-07-24T08:00:00,EURUSD,H1,1,BUY,-17.63353393052114,23,"hit_tp=False,hit_sl=True,regime=1"
0.007946988,0.0061803306,0.0054452363,0.017280733,0.33948335,0.31451082,0.35360888,0.3551319,0.5004399,0.50418425,0.45632,0.6762144,0.20882894,0.66072917,0.0,0.35687354,0.0015130078,0.84935284,0.9246764,1.0,0.0,0.0,0.5,0.0,0.335272,0.6461328,1.0,0.0,0.0,1.0,0.33090833,0.0,0.0,0.6,-1.0,1.6900000000000002,2021-07-25T12:00:00,EURUSD,H1,1,BUY,-16.164751708209746,12,"hit_tp=False,hit_sl=True,regime=1"
0.0008676243,0.003282349,0.0025724247,-0.010068368,0.2907149,0.27357465,0.31976083,0.32821348,0.3535203,0.4516192,0.21991806,0.27950227,0.23035108,0.6932466,0.0,0.44211668,0.0005443465,0.30659208,0.65329605,1.0,0.0,0.0,0.62940955,0.9829629,0.23726206,0.5982594,1.0,0.6,1.0,0.4,0.52983004,0.0,0.0,0.53041404,1.0,5.0,2021-07-26T01:00:00,EURUSD,H1,1,BUY,17.185597651814266,23,"hit_tp=True,hit_sl=False,regime=1"
0.004986491,-0.000101049765,0.007776468,0.009492789,0.4382962,0.3439742,0.39515212,0.3592838,0.6142295,0.57031214,0.8534875,0.7063002,0.39178282,0.745769,0.0,0.409586,0.001757178,0.7558268,0.8779134,1.0,0.0,0.0,0.62940955,0.9829629,0.74097884,0.4591333,0.4,0.0,0.0,0.4,0.3927403,0.0,0.0,0.56667453,1.0,5.0,2021-07-27T01:00:00,EURUSD,H1,1,BUY,21.756254088078908,72,"hit_tp=True,hit_sl=False,regime=1"
0.0060760947,0.003831138,0.008604444,0.009673446,0.57014567,0.49066675,0.37193623,0.36840466,0.569993,0.5064135,0.83933926,0.6161723,0.16915467,0.66364735,0.0,0.64287674,0.002609744,0.36272854,0.6813643,1.0,0.0,0.0,0.75,0.9330127,0.6381861,0.39720848,1.0,0.0,0.0,1.0,0.0,0.0,0.0,0.67845565,1.0,5.0,2021-07-30T02:00:00,EURUSD,H1,1,BUY,21.84512552424911,26,"hit_tp=True,hit_sl=False,regime=1"
0.0032939364,0.0017514854,0.010806477,0.0062630894,0.2767597,0.28973794,0.28203127,0.32568985,0.63776374,0.5131219,0.7420518,0.7369067,0.20688644,0.63279074,0.0,0.7124205,0.0029839322,0.31631026,0.65815514,1.0,0.0,0.0,0.75,0.0669873,0.68054295,0.5194933,0.8559513,0.0,0.0,0.8559513,0.0,0.0,0.0,0.54231685,-1.0,1.3,2021-07-31T10:00:00,EURUSD,H1,1,BUY,-15.788841303170376,4,"hit_tp=False,hit_sl=True,regime=1"
0.00091350474,0.009055925,-0.000752678,-0.008481899,0.5382575,0.4952501,0.39284256,0.37100387,0.51418895,0.4621198,0.4151636,0.47094566,0.25911763,0.6693528,0.0,0.4907912,0.0025524592,0.556936,0.778468,1.0,0.0,0.0,0.14644662,0.14644662,0.5081761,0.4867528,0.5171223,0.0,0.0,0.5171223,0.47734487,0.0,0.0,0.42906594,1.0,5.0,2021-07-31T15:00:00,EURUSD,H1,1,BUY,22.558242421975017,18,"hit_tp=True,hit_sl=False,regime=1"
0.007847394,0.0046736267,0.011765158,0.01507629,0.3995001,0.3811432,0.41437158,0.3451152,0.6512164,0.5080307,0.8458967,0.6476521,0.32162923,0.6960709,0.0,0.6274249,0.0037221054,0.31757143,0.6587857,1.0,0.0,0.0,0.75,0.0669873,0.66389436,0.42576176,0.912193,0.0,0.0,0.912193,0.0,0.0,0.0,0.6600066,1.0,5.0,2021-08-01T10:00:00,EURUSD,H1,1,BUY,22.965463834145883,32,"hit_tp=True,hit_sl=False,regime=1"
0.00088072923,0.000893597,0.015106228,0.02093641,0.5206049,0.36370695,0.3843467,0.34230098,0.715902,0.5344982,0.91010785,0.6805557,0.31009173,0.6868305,0.0,0.67492634,0.0037715593,0.38995844,0.69497925,1.0,0.0,0.0,0.017037086,0.62940955,0.8477994,0.51913184,0.39322498,0.0,0.0,0.39322498,0.39322498,0.0,0.0,0.6350063,-1.0,1.6900000000000002,2021-08-02T19:00:00,EURUSD,H1,1,BUY,-18.343374723908124,5,"hit_tp=False,hit_sl=True,regime=1"
2.6042535e-05,0.002618958,-0.009238841,-0.025249919,0.22039324,0.29462272,0.36727747,0.34543908,0.45110047,0.42128107,0.22759633,0.16987865,0.37363154,0.7860178,0.0,0.60465896,0.0024803502,0.9585621,0.979281,1.0,0.0,0.0,0.62940955,0.9829629,0.29917896,0.45814687,1.0,0.0,0.0,1.0,0.49298164,0.0,0.0,0.4010791,-1.0,1.6900000000000002,2021-08-03T01:00:00,EURUSD,H1,1,BUY,-16.68062753077848,18,"hit_tp=False,hit_sl=True,regime=1"
0.0028658553,0.010098599,0.0029036573,-0.00029894078,0.57970953,0.54343224,0.46253803,0.34096262,0.39188954,0.46962267,0.38217714,0.5094507,0.21512513,0.67824215,0.0,0.3506538,0.001267581,0.6350133,0.8175066,1.0,0.0,0.0,0.0669873,0.75,0.34339243,0.42662385,0.53010136,0.6970487,0.73901296,0.16694736,0.35351846,0.0,0.0,0.4994729,-1.0,2.028,2021-08-03T20:00:00,EURUSD,H1,1,BUY,-21.09495490053126,72,"hit_tp=False,hit_sl=True,regime=1"
0.009111961,0.011303488,0.01044921,5.4659864e-05,0.36966115,0.37653485,0.3732564,0.3403743,0.35601434,0.45352316,0.3512467,0.36446095,0.1713598,0.68793195,0.0,0.20353332,0.0010661193,0.6677829,0.83389145,1.0,0.0,0.0,0.14644662,0.8535534,0.28042322,0.5795309,0.74207026,0.58778685,0.87235826,0.15428337,0.8284844,0.0,0.0,0.8,-1.0,1.6900000000000002,2021-08-06T21:00:00,EURUSD,H1,1,BUY,-16.46460265094074,5,"hit_tp=False,hit_sl=True,regime=1"
0.0013766683,0.0022611397,-0.007679779,-0.015729235,0.20047703,0.2810737,0.33651313,0.3329283,0.2391161,0.4209154,0.15764898,0.14596741,0.19637682,0.64360625,0.0,0.13706629,0.0005214912,0.2823898,0.6411949,1.0,0.0,0.0,0.8535534,0.8535534,0.20511214,0.5338151,1.0,0.4,0.8,0.6,0.65276253,0.0,0.0,0.46767536,1.0,5.0,2021-08-07T03:00:00,EURUSD,H1,1,BUY,19.658167383533875,36,"hit_tp=True,hit_sl=False,regime=1"
-0.008480361,-0.0074102203,-0.0020038455,-0.00021899746,0.25869888,0.27682346,0.29634312,0.31582454,0.6764799,0.5569108,0.6457363,0.5266443,0.1191344,0.34819648,0.0,0.6825277,0.0025188066,0.5736599,0.78682995,1.0,0.0,0.0,0.14644662,0.8535534,0.71972734,0.57794636,0.6,1.0,1.0,0.4,0.40753084,0.0,0.0,0.5401776,1.0,5.0,2021-08-08T21:00:00,EURUSD,H1,1,BUY,16.65068843518025,8,"hit_tp=True,hit_sl=False,regime=1"
-0.0076501216,-0.0031521644,-0.003698505,0.0060041053,0.27589872,0.3306113,0.32820147,0.31697175,0.67608225,0.54312325,0.77461207,0.6557165,0.27484998,0.26954934,0.0,0.69808304,0.0034989861,0.4181618,0.70908093,1.0,0.0,0.0,1.0,0.5,0.8432192,0.47396484,0.96119386,1.0,1.0,0.038806166,0.61585283,0.0,0.0,0.7615622,1.0,3.9000000000000004,2021-08-09T06:00:00,EURUSD,H1,1,BUY,16.96785076219509,18,"hit_tp=True,hit_sl=False,regime=1"
0.0008444242,0.00816634,0.017025132,0.019067125,0.41546804,0.26957288,0.35653046,0.3713031,0.67932266,0.5373586,0.84490484,0.6059001,0.33791575,0.7274366,0.0,0.7440246,0.0040289387,0.24784526,0.62392265,1.0,0.0,0.0,0.62940955,0.017037086,0.8554926,0.5054912,0.4541609,0.0,0.0,0.4541609,0.4541609,0.0,0.0,0.6297833,-1.0,1.56,2021-08-10T11:00:00,EURUSD,H1,1,BUY,-18.338527802175264,46,"hit_tp=False,hit_sl=True,regime=1"
0.009300358,0.0056514153,0.00748693,0.0017006362,0.49780443,0.4313899,0.39478356,0.35274807,0.3987575,0.47256836,0.32681322,0.4355824,0.15645161,0.6309567,0.0,0.26447764,0.0009579972,0.55560577,0.7778029,1.0,0.0,0.0,0.25,0.9330127,0.27071118,0.64269793,0.924917,0.66503817,1.0,0.25987878,0.67475736,0.0,0.0,0.777464,-1.0,1.6900000000000002,2021-08-12T22:00:00,EURUSD,H1,1,BUY,-17.57684245115465,10,"hit_tp=False,hit_sl=True,regime=1"
0.0037273418,0.0020256774,-0.010812124,0.0014505323,0.37140754,0.28784597,0.28785214,0.33587068,0.35699803,0.51361907,0.32086605,0.38512376,0.30534044,0.694175,0.0,0.2778988,0.000831632,0.35821077,0.6791054,1.0,0.0,0.0,0.37059048,0.017037086,0.26668838,0.54112494,0.8651052,0.44205442,0.76484716,0.4230508,0.0,0.0,0.0,0.32237726,1.0,3.9000000000000004,2021-08-13T13:00:00,EURUSD,H1,1,BUY,15.921632526145757,5,"hit_tp=True,hit_sl=False,regime=1"
-0.010670579,-0.012582131,-0.0094028395,-0.0025039325,0.4103906,0.3988499,0.37497362,0.31516424,0.489773,0.5870354,0.63807595,0.54922926,0.113267,0.38347232,0.0,0.59467286,0.0011913346,0.5133311,0.7566656,1.0,0.0,0.0,0.017037086,0.62940955,0.7123396,0.46763948,0.40228745,0.32019824,0.25762346,0.082089216,0.67047906,0.0,0.0,0.8,-1.0,1.6900000000000002,2021-08-13T19:00:00,EURUSD,H1,1,BUY,-16.05935214601395,13,"hit_tp=False,hit_sl=True,regime=1"
0.00025993897,-0.003545126,-0.0064798803,-0.020537393,0.3922283,0.39068377,0.3762124,0.3649199,0.28061327,0.43535855,0.1014728,0.2238524,0.21782462,0.69419885,0.0,0.41078776,0.0005062069,0.243942,0.621971,1.0,0.0,0.0,0.75,0.0669873,0.14143646,0.5374736,0.43678585,0.2014232,0.1759576,0.23536263,0.43678585,0.0,0.0,0.22227429,1.0,3.9000000000000004,2021-08-14T10:00:00,EURUSD,H1,1,BUY,22.257855295226836,18,"hit_tp=True,hit_sl=False,regime=1"
0.0076092766,0.018466776,0.011531867,0.02443368,0.33779302,0.34121886,0.32906574,0.30007106,0.6622425,0.5864128,0.9439426,0.7482015,0.18522292,0.6375513,0.0,0.5623783,0.0028478513,0.41707736,0.7085387,1.0,0.0,0.0,0.9829629,0.62940955,0.7864045,0.53998965,0.60879153,0.0,0.0,0.60879153,0.0,0.0,0.0,0.57986057,1.0,3.9000000000000004,2021-08-15T05:00:00,EURUSD,H1,1,BUY,18.414338519017193,6,"hit_tp=True,hit_sl=False,regime=1"
-0.0022527836,-0.001554557,-0.00066300354,-0.0036357322,0.50997627,0.45451748,0.40212533,0.36340046,0.7220255,0.5207863,0.5853816,0.48553368,0.14519773,0.35238785,0.0,0.5166934,0.003542783,0.4882882,0.7441441,1.0,0.0,0.0,0.0669873,0.25,0.6560698,0.5155871,0.6,1.0,1.0,0.4,0.0,0.0,0.0,0.5517573,-1.0,1.3,2021-08-15T16:00:00,EURUSD,H1,1,BUY,-18.426063823562266,12,"hit_tp=False,hit_sl=True,regime=1"
0.010795577,0.01032368,0.0064712246,-0.004547033,0.23682357,0.29535487,0.30134612,0.36671758,0.42297852,0.3635011,0.28705394,0.33186162,0.22605634,0.6486537,0.0,0.35465398,0.0028190743,0.901724,0.950862,1.0,0.0,0.0,1.0,0.5,0.1742567,0.53133357,1.0,0.0,0.0,1.0,0.0,0.0,0.0,0.6,1.0,5.0,2021-08-16T06:00:00,EURUSD,H1,1,BUY,21.312311114285443,8,"hit_tp=True,hit_sl=False,regime=1"
-0.0027132388,-0.0024583675,-0.002663472,0.0063026655,0.4493626,0.3970151,0.29947004,0.32205144,0.59999174,0.521424,0.74271655,0.5197229,0.28,0.31237757,0.0,0.5857573,0.0024010665,0.8014661,0.90073305,1.0,0.0,0.0,0.14644662,0.14644662,0.56174934,0.49302542,0.965686,1.0,1.0,0.034313954,0.5654525,0.0,0.0,0.8,-1.0,2.028,2021-08-16T15:00:00,EURUSD,H1,1,BUY,-15.26394034166989,22,"hit_tp=False,hit_sl=True,regime=1"
0.010491497,0.005273605,0.0070559904,-0.0047008917,0.44647622,0.39202523,0.4145,0.34727517,0.42997643,0.4273616,0.29120663,0.37205845,0.15743707,0.62862724,0.0,0.4883972,0.0008669599,0.5261754,0.7630877,1.0,0.0,0.0,0.14644662,0.14644662,0.18069018,0.5048953,0.83520126,1.0,1.0,0.16479872,0.3732151,0.0,0.0,0.7599092,-1.0,1.56,2021-08-17T15:00:00,EURUSD,H1,1,BUY,-16.851498162315792,21,"hit_tp=False,hit_sl=True,regime=1"
-0.0058839056,0.0017034895,-0.0047249817,-0.0060223136,0.38267815,0.3238024,0.36461827,0.36230737,0.3641286,0.49894938,0.35735956,0.52516407,0.23838384,0.3508041,0.0,0.47822803,0.0008088848,0.42331207,0.71165603,1.0,0.0,0.0,0.37059048,0.017037086,0.4078681,0.5308068,0.5573798,0.6896719,0.7688183,0.13229214,0.8224134,0.0,0.0,0.5774201,-1.0,2.028,2021-08-18T13:00:00,EURUSD,H1,1,BUY,-21.4563499298559,38,"hit_tp=False,hit_sl=True,regime=1"
0.00032846155,-0.013265909,-0.013728872,-0.02068482,0.35711813,0.28574547,0.31904075,0.32810953,0.27632886,0.44703326,0.014234938,0.17923102,0.38950437,0.7334482,0.0,0.32913938,0.00038166565,0.20611183,0.6030559,1.0,0.0,0.0,0.9330127,0.75,0.0,0.46917793,0.36095306,0.0,0.0,0.36095306,0.36113313,0.0,0.0,0.21369022,-1.0,1.3,2021-08-20T04:00:00,EURUSD,H1,1,BUY,-16.56619311392271,9,"hit_tp=False,hit_sl=True,regime=1"
0.0011460307,-0.005075496,-0.004008465,-0.016722137,0.1549265,0.23436812,0.2936102,0.30710816,0.12892081,0.41916674,0.22367363,0.08822118,0.20058452,0.6759925,0.0,0.123308405,5.7298254e-05,0.02552132,0.51276064,1.0,0.0,0.0,0.25,0.0669873,0.19760714,0.46295008,0.40464225,1.0,0.8092845,0.5953578,0.6744037,0.0,0.0,0.48150307,-1.0,1.56,2021-08-20T14:00:00,EURUSD,H1,1,BUY,-14.548167604861995,28,"hit_tp=False,hit_sl=True,regime=1"
-0.0063212803,-0.004817095,-0.003445148,-0.009058548,0.38492757,0.32742423,0.3560681,0.3310127,0.21661526,0.47513077,0.204423,0.36881518,0.25238368,0.30520803,0.0,0.2887063,0.00029207958,0.11310895,0.5565545,1.0,0.0,0.0,0.017037086,0.62940955,0.29393798,0.36765152,0.44229555,1.0,0.8845911,0.55770445,0.36278993,0.0,0.0,0.6,1.0,3.9000000000000004,2021-08-21T19:00:00,EURUSD,H1,1,BUY,17.477655903790357,2,"hit_tp=True,hit_sl=False,regime=1"
0.010013731,0.007902663,0.0063523385,0.016056389,0.34224647,0.29145747,0.39295155,0.35540104,0.61961514,0.60651714,0.7903847,0.75915885,0.23898467,0.72081304,0.0,0.450223,0.0022979726,0.96214426,0.9810721,1.0,0.0,0.0,0.75,0.9330127,0.5869361,0.51171756,1.0,0.0,0.0,1.0,0.0,0.0,0.0,0.6,-1.0,1.6900000000000002,2021-08-22T02:00:00,EURUSD,H1,1,BUY,-16.34057700182545,5,"hit_tp=False,hit_sl=True,regime=1"
0.006998545,0.0048045455,0.009579814,0.0061966167,0.19309664,0.35679716,0.3287719,0.3532286,0.5094482,0.50464493,0.3889071,0.6839279,0.24042132,0.66423285,0.0,0.5253842,0.0015593069,0.86824876,0.9341244,1.0,0.0,0.0,0.62940955,0.017037086,0.39392784,0.59126264,1.0,0.0,0.0,1.0,0.0,0.0,0.0,0.700678,1.0,5.0,2021-08-22T11:00:00,EURUSD,H1,1,BUY,18.23504012928634,22,"hit_tp=True,hit_sl=False,regime=1"
-0.0061523435,-0.0012728195,0.010642564,0.014364805,0.5010259,0.36400223,0.35639426,0.34969515,0.5855981,0.57177424,0.8628969,0.7084462,0.22126816,0.33372152,0.0,0.72492415,0.0022785868,0.6844928,0.8422464,1.0,0.0,0.0,0.75,0.0669873,0.87366235,0.4197233,0.86342597,0.98918784,1.0,0.12576187,0.6976492,0.506005,0.4715664,0.36092746,1.0,5.0,2021-08-23T10:00:00,EURUSD,H1,1,BUY,20.94533255751374,9,"hit_tp=True,hit_sl=False,regime=1"
0.00199428,0.0072902446,0.0022521983,-0.0033703265,0.26631144,0.32313517,0.34076428,0.33245838,0.32026035,0.34220335,0.27623287,0.22429131,0.1514722,0.6269148,0.0,0.4914891,0.0026753177,0.9368152,0.9684076,1.0,0.0,0.0,0.5,0.0,0.26866332,0.45667794,0.37897572,0.0,0.0,0.37897572,0.37897572,0.0,0.0,0.49708882,-1.0,1.6900000000000002,2021-08-24T12:00:00,EURUSD,H1,1,BUY,-14.687706051863536,17,"hit_tp=False,hit_sl=True,regime=1"
0.0068295975,0.00437818,-0.004966694,-0.01304169,0.43257174,0.35821816,0.3177373,0.33702764,0.38171092,0.4432658,0.20919916,0.28839025,0.24722032,0.6590721,0.0,0.2556652,0.0008658265,0.39816564,0.6990828,1.0,0.0,0.0,0.9829629,0.37059048,0.118931815,0.35543323,0.96443146,0.766132,1.0,0.19829947,0.32119736,0.0,0.4156924,0.4199687,-1.0,1.56,2021-08-25T07:00:00,EURUSD,H1,1,BUY,-14.182378914093796,34,"hit_tp=False,hit_sl=True,regime=1"
0.0007961216,0.0100704,0.007708653,-0.011415318,0.34715202,0.37348866,0.42445004,0.3625667,0.4781977,0.493556,0.4673255,0.312493,0.2075188,0.6579912,0.0,0.4907988,0.00078007043,0.47236967,0.73618484,1.0,0.0,0.0,0.0,0.5,0.40030384,0.48892155,0.8,0.3735461,0.5976738,0.4264539,0.62257683,0.0,0.0,0.438443,-1.0,2.028,2021-08-26T18:00:00,EURUSD,H1,1,BUY,-16.921937168248302,21,"hit_tp=False,hit_sl=True,regime=1"
0.0010840376,-0.00054302963,-0.0047002938,-0.007609179,0.29536408,0.27932906,0.2919113,0.31531805,0.20829247,0.43490198,0.22119653,0.4845591,0.15682437,0.6391668,0.0,0.29868647,0.0009976083,0.54944307,0.7747215,1.0,0.0,0.0,0.017037086,0.37059048,0.18071021,0.5116674,0.8009218,0.0,0.0,0.8009218,0.76963913,0.0,0.0,0.29467943,1.0,5.0,2021-08-27T17:00:00,EURUSD,H1,1,BUY,18.35675651855162,6,"hit_tp=True,hit_sl=False,regime=1"
0.0018369058,0.0063158646,0.013938375,0.022972407,0.32666063,0.36164093,0.34880707,0.32781205,0.64746684,0.60701776,0.89621085,0.852282,0.18078682,0.6840373,0.0,0.44510528,0.0027085026,0.50570506,0.7528525,1.0,0.0,0.0,0.5,1.0,0.78171474,0.59976333,1.0,0.52447164,1.0,0.4755284,0.45368558,0.0,0.0,0.6791204,-1.0,2.028,2021-08-28T00:00:00,EURUSD,H1,1,BUY,-15.993678850114712,35,"hit_tp=False,hit_sl=True,regime=1"
0.005545409,0.004663685,-0.0011182622,0.004049489,0.34305683,0.33990833,0.31995293,0.33004755,0.3454599,0.48666504,0.34449863,0.45874774,0.121903054,0.6257822,0.0,0.33945742,0.0009321502,0.45089775,0.72544885,1.0,0.0,0.0,0.14644662,0.8535534,0.3159214,0.44995472,1.0,0.81579536,1.0,0.18420462,0.26974422,0.0,0.0,0.47251377,1.0,3.9000000000000004,2021-08-29T21:00:00,EURUSD,H1,1,BUY,18.22821121007845,11,"hit_tp=True,hit_sl=False,regime=1"
-0.0069927857,-0.012720812,-0.0020253384,0.008542553,0.60877305,0.49957663,0.44432345,0.37038267,0.6631459,0.5580261,0.6328238,0.6475233,0.11890267,0.3645336,0.0,0.573758,0.0031726272,0.5351047,0.7675523,1.0,0.0,0.0,0.0669873,0.75,0.7589911,0.44110233,0.83550906,0.0,0.0,0.83550906,0.0,0.0,0.45953327,0.57911783,-1.0,2.028,2021-08-30T20:00:00,EURUSD,H1,1,BUY,-21.484880328912492,26,"hit_tp=False,hit_sl=True,regime=1"
0.005134399,0.009325135,0.009603746,-0.0020736528,0.3668819,0.31184065,0.30421257,0.30519602,0.4993761,0.46610066,0.4418481,0.39157745,0.25455526,0.7218797,0.0,0.49516743,0.0020493623,0.97528374,0.9876419,1.0,0.0,0.0,0.37059048,0.9829629,0.34299773,0.5198001,0.83098155,0.4274349,0.710381,0.40354666,0.35192588,0.0,0.0,0.9208462,-1.0,1.6900000000000002,2021-08-31T23:00:00,EURUSD,H1,1,BUY,-13.84210068394287,1,"hit_tp=False,hit_sl=True,regime=1"
-0.0017574113,-0.0069812625,-0.0018486559,0.002619132,0.61377877,0.46021274,0.36005437,0.3417663,0.4577,0.46933585,0.33898342,0.5125383,0.22866414,0.30361515,0.0,0.41616532,0.0017008929,0.8091659,0.904583,1.0,0.0,0.0,0.62940955,0.9829629,0.35853824,0.5075557,0.44276938,0.2982453,0.26410776,0.14452408,0.35192588,0.0,0.0,0.4870184,1.0,5.0,2021-09-01T01:00:00,EURUSD,H1,1,BUY,20.758425419380444,14,"hit_tp=True,hit_sl=False,regime=1"
-0.0029124308,-0.0007260251,-0.0021408077,0.010952086,0.3835694,0.4074247,0.29887637,0.35788414,0.7283875,0.5929259,0.7961054,0.6161348,0.26666668,0.32761586,0.0,0.67473227,0.0024604343,0.5610777,0.78053886,1.0,0.0,0.0,0.0,0.5,0.8289384,0.55002475,0.6060614,0.7220025,0.8751556,0.115941115,0.38097572,0.0,0.0,0.6682743,1.0,3.9000000000000004,2021-09-01T18:00:00,EURUSD,H1,1,BUY,15.959051244975875,12,"hit_tp=True,hit_sl=False,regime=1"
0.003808229,-0.004384893,-0.011836642,0.0001435158,0.25698465,0.34569034,0.36690032,0.35980567,0.47616336,0.5009889,0.4992298,0.3592019,0.256096,0.68955725,0.0,0.4824514,0.0027433205,0.645434,0.822717,1.0,0.0,0.0,0.8535534,0.14644662,0.51667756,0.4253494,0.705049,0.9551804,1.0,0.25013143,0.41632947,0.0,0.0,0.31740284,1.0,5.0,2021-09-02T09:00:00,EURUSD,H1,1,BUY,20.37696932548405,9,"hit_tp=True,hit_sl=False,regime=1"
0.012346949,0.0034851476,0.012752386,0.022557972,0.3811586,0.2885979,0.27701765,0.3454042,0.6850573,0.59613824,0.81371135,0.7768877,0.16188216,0.6922041,0.0,0.6101624,0.0049748844,0.097279124,0.54863954,1.0,0.0,0.0,0.0669873,0.75,0.76677984,0.3848557,0.7322534,0.0,0.0,0.7322534,0.0,0.0,0.0,0.64310884,1.0,3.9000000000000004,2021-09-02T20:00:00,EURUSD,H1,1,BUY,17.012870180053152,7,"hit_tp=True,hit_sl=False,regime=1"
-0.0021052987,-0.0070950226,-0.008751236,0.001196032,0.26896912,0.2957565,0.2917578,0.33683044,0.28670374,0.37657315,0.27349496,0.47732487,0.20761245,0.30507436,0.0,0.40029225,0.002538547,0.98372436,0.9918622,1.0,0.0,0.0,0.0669873,0.75,0.27833205,0.5493206,1.0,0.4766553,0.9533106,0.5233447,0.76673007,0.0,0.0,0.7442949,-1.0,1.6900000000000002,2021-09-03T20:00:00,EURUSD,H1,1,BUY,-15.517808032559088,19,"hit_tp=False,hit_sl=True,regime=1"
0.002616673,0.008704866,0.004085896,0.005144626,0.39891762,0.32893246,0.34567356,0.34055898,0.42239556,0.5079103,0.53005874,0.59215117,0.18284519,0.69545156,0.0,0.5730853,0.001371479,0.69988245,0.84994125,1.0,0.0,0.0,0.0669873,0.25,0.47794566,0.53394854,0.5757575,0.3162573,0.36417505,0.2595002,0.4050134,0.0,0.0,0.5178784,1.0,5.0,2021-09-04T16:00:00,EURUSD,H1,1,BUY,20.580204143785252,32,"hit_tp=True,hit_sl=False,regime=1"
0.0024946404,0.007928832,0.01180923,0.01157737,0.41961217,0.39762333,0.30407223,0.30344352,0.72294444,0.55918896,1.0,0.6247697,0.3221451,0.7244196,0.0,0.7020427,0.0028548476,0.42926696,0.71463346,1.0,0.0,0.0,0.62940955,0.9829629,0.760805,0.5088618,1.0,0.28711432,0.57422864,0.7128857,0.46609977,0.0,0.0,0.7268059,1.0,5.0,2021-09-06T01:00:00,EURUSD,H1,1,BUY,15.491349780438757,4,"hit_tp=True,hit_sl=False,regime=1"
0.0023314806,-0.006109919,-0.0112903565,-0.010535048,0.4659029,0.48197588,0.41392505,0.37880084,0.66662943,0.45993164,0.39968362,0.35209537,0.2556826,0.6762107,0.0,0.58035517,0.0037445254,0.55637926,0.77818966,1.0,0.0,0.0,0.25,0.0669873,0.55140084,0.47164103,0.657851,0.288117,0.3790761,0.369734,0.5420938,0.0,0.0,0.28764406,1.0,5.0,2021-09-06T14:00:00,EURUSD,H1,1,BUY,20.181644696433132,25,"hit_tp=True,hit_sl=False,regime=1"
-0.006141928,-0.0012980052,-0.003373919,0.005721724,0.18111311,0.1806064,0.248268,0.3195638,0.71546465,0.5385779,0.7250215,0.6020386,0.1599614,0.34131998,0.0,0.73564506,0.0034580464,0.28056327,0.6402816,1.0,0.0,0.0,0.37059048,0.9829629,0.79330593,0.55948687,0.71116215,1.0,1.0,0.28883785,0.7888453,0.0,0.0,0.68212956,-1.0,1.6900000000000002,2021-09-07T23:00:00,EURUSD,H1,1,BUY,-14.533276644235205,17,"hit_tp=False,hit_sl=True,regime=1"
0.0024004518,-0.003848439,-0.010478603,-0.010830443,0.44785562,0.40707752,0.41043937,0.3616424,0.3090245,0.39082462,0.24850401,0.33140907,0.2093201,0.6282075,0.0,0.40047336,0.0014613016,0.8155938,0.9077969,1.0,0.0,0.0,0.017037086,0.37059048,0.13165575,0.59256136,0.38926718,0.28159034,0.21922775,0.10767683,0.40504095,0.0,0.0,0.29421997,1.0,5.0,2021-09-08T17:00:00,EURUSD,H1,1,BUY,24.611504273377438,40,"hit_tp=True,hit_sl=False,regime=1"
-0.0036102291,-0.008112887,-0.0032032167,-0.007075078,0.50610566,0.39276412,0.36849946,0.31824347,0.52494276,0.51241404,0.5209489,0.45490244,0.23949973,0.2839767,0.0,0.63099945,0.0023208507,0.7616737,0.88083684,1.0,0.0,0.0,0.75,0.0669873,0.63369614,0.3804959,0.43385488,0.42390957,0.36783046,0.009945286,0.33977634,0.0,0.0,0.5662898,1.0,5.0,2021-09-10T10:00:00,EURUSD,H1,1,BUY,20.380889448414763,18,"hit_tp=True,hit_sl=False,regime=1"
0.003307295,0.010922442,0.009755462,0.01373866,0.4490898,0.38331828,0.40929013,0.34142947,0.640874,0.5479265,0.8983044,0.67498845,0.21004127,0.646103,0.0,0.7948056,0.003528334,0.21214496,0.6060725,1.0,0.0,0.0,0.9829629,0.62940955,0.8496909,0.5010446,0.99091953,0.5643477,1.0,0.42657185,0.47729883,0.0,0.0,0.5642117,1.0,4.680000000000001,2021-09-11T05:00:00,EURUSD,H1,1,BUY,22.46686988906177,42,"hit_tp=True,hit_sl=False,regime=1"
0.006965046,0.006843361,0.0040223575,-0.011140758,0.34082922,0.3966872,0.36892086,0.3650482,0.7060655,0.51496226,0.57038915,0.35162038,0.17465825,0.66711944,0.0,0.62481785,0.0027390434,0.5619,0.78095,1.0,0.0,0.0,0.9829629,0.62940955,0.58714753,0.48504078,1.0,0.0,0.0,1.0,0.2813503,0.0,0.0,0.6,1.0,5.0,2021-09-13T05:00:00,EURUSD,H1,1,BUY,24.44773948048873,45,"hit_tp=True,hit_sl=False,regime=1"
-0.0029590486,0.004547265,0.0009949893,-0.008275619,0.38073468,0.3783704,0.36079764,0.28774738,0.70023936,0.5029055,0.65113896,0.48734897,0.19575243,0.3485078,0.0,0.75199425,0.005060189,0.25273785,0.62636894,1.0,0.0,0.0,0.14644662,0.14644662,0.67709416,0.54998076,0.6818024,0.4964851,0.67700946,0.18531728,0.38876334,0.0,0.0,0.52668583,-1.0,1.3,2021-09-15T15:00:00,EURUSD,H1,1,BUY,-14.865418047023127,8,"hit_tp=False,hit_sl=True,regime=1"
0.006782601,0.0056382157,-0.002770539,-0.0049755652,0.2736189,0.30444166,0.34184748,0.3406473,0.28444338,0.36466613,0.2379304,0.15714535,0.110732675,0.6250657,0.0,0.42754313,0.002945057,0.818597,0.9092985,1.0,0.0,0.0,0.75,0.9330127,0.16790824,0.5375985,1.0,1.0,1.0,0.0,0.5017845,0.512311,0.0,0.44909978,-1.0,1.6900000000000002,2021-09-16T02:00:00,EURUSD,H1,1,BUY,-17.455971951894078,19,"hit_tp=False,hit_sl=True,regime=1"
0.013296222,0.010427487,0.0051830574,0.000600314,0.60009676,0.47924197,0.37661713,0.37190968,0.40352502,0.4585978,0.2632126,0.5188309,0.13060756,0.65388215,0.0,0.38332242,0.0016955736,0.77531165,0.88765585,1.0,0.0,0.0,0.37059048,0.9829629,0.17715348,0.6458288,1.0,0.36026305,0.7205261,0.63973695,0.0,0.0,0.5093015,0.5726643,1.0,5.0,2021-09-16T23:00:00,EURUSD,H1,1,BUY,24.98098638535895,37,"hit_tp=True,hit_sl=False,regime=1"
-0.01198443,-0.00753339,-0.009914569,-0.009732089,0.3926867,0.39865047,0.383023,0.34966224,0.68010694,0.50145906,0.6388053,0.47300315,0.21053907,0.33629262,0.0,0.7963418,0.005105353,0.3728968,0.6864484,1.0,0.0,0.0,0.8535534,0.8535534,0.73118216,0.54289126,0.64926034,0.94858116,1.0,0.29932082,0.0,0.0,0.0,0.782096,1.0,4.680000000000001,2021-09-19T03:00:00,EURUSD,H1,1,BUY,21.588594467161215,37,"hit_tp=True,hit_sl=False,regime=1"
-0.010779129,-0.0048567518,0.0030752176,0.003232674,0.43724552,0.49293303,0.38198435,0.32960644,0.559768,0.50094366,0.71263427,0.5727783,0.24193045,0.29356775,0.0,0.63218987,0.002281253,0.5937975,0.7968988,1.0,0.0,0.0,0.017037086,0.37059048,0.87467045,0.43528506,0.44175377,0.936658,0.8275444,0.49490425,0.33346754,0.0,0.0,0.46257097,-1.0,2.028,2021-09-20T17:00:00,EURUSD,H1,1,BUY,-15.38814620045903,23,"hit_tp=False,hit_sl=True,regime=1"
0.009483067,0.00915112,0.002290548,0.0010607288,0.41346967,0.40460488,0.33596575,0.3245789,0.39541695,0.47959748,0.46506193,0.4598618,0.17539267,0.6230943,0.0,0.33217764,0.0010639572,0.7891783,0.8945891,1.0,0.0,0.0,0.017037086,0.37059048,0.28323308,0.5398973,1.0,0.5378242,1.0,0.4621758,0.372011,0.0,0.0,0.54122454,1.0,5.0,2021-09-21T17:00:00,EURUSD,H1,1,BUY,17.73883268402443,9,"hit_tp=True,hit_sl=False,regime=1"
-0.008477983,0.00279276,-0.00085224974,0.0036748676,0.31146717,0.36148956,0.37172872,0.37329814,0.6942487,0.59360826,0.75377285,0.73776495,0.20177427,0.31200668,0.0,0.76643085,0.002474114,0.3494839,0.674742,1.0,0.0,0.0,0.9829629,0.37059048,0.8476023,0.52971756,1.0,0.43014526,0.8602905,0.56985474,0.5040164,0.0,0.47052053,0.6174746,-1.0,1.6900000000000002,2021-09-22T07:00:00,EURUSD,H1,1,BUY,-18.187307755312965,9,"hit_tp=False,hit_sl=True,regime=1"
-0.0038840321,-0.014653149,-0.018627757,-0.023039259,0.30310652,0.2991106,0.31477195,0.33334413,0.05031207,0.34636676,0.09360736,0.14023493,0.18824859,0.3403553,0.0,0.12870711,0.0,0.0,0.45450917,1.0,0.0,0.0,0.14644662,0.8535534,0.1050362,0.59492785,0.87662894,0.17478414,0.30644166,0.7018448,0.43696034,0.0,0.0,0.72501236,-1.0,1.3,2021-09-22T21:00:00,EURUSD,H1,1,BUY,-15.656220244739671,10,"hit_tp=False,hit_sl=True,regime=1"
0.002464413,-0.005588933,-0.0017640736,-0.0044994885,0.21870837,0.29839706,0.30033886,0.33894548,0.4266565,0.55601937,0.46292347,0.44119197,0.25957838,0.74509865,0.0,0.31096807,0.00071960967,0.28482312,0.64241153,1.0,0.0,0.0,0.017037086,0.37059048,0.38321674,0.5500599,0.43072593,0.68067765,0.586371,0.2499517,0.43072593,0.0,0.0,0.503065,1.0,4.680000000000001,2021-09-23T17:00:00,EURUSD,H1,1,BUY,18.033632668763566,23,"hit_tp=True,hit_sl=False,regime=1"
0.0035668362,0.002669812,-0.00016821518,0.009564226,0.29226384,0.25077635,0.34322163,0.3059048,0.5563257,0.5696962,0.6992607,0.40377274,0.30249152,0.73790306,0.0,0.461822,0.0018528708,0.9525981,0.97629905,1.0,0.0,0.0,0.0,0.5,0.67484146,0.46376583,1.0,0.8364382,1.0,0.16356184,0.46323767,0.0,0.0,0.49308735,-1.0,1.6900000000000002,2021-09-24T18:00:00,EURUSD,H1,1,BUY,-14.444118782726001,9,"hit_tp=False,hit_sl=True,regime=1"
0.0018727183,-9.035743e-05,-0.008273221,-0.014723108,0.59923226,0.5079305,0.3861698,0.36995095,0.42383575,0.4375983,0.045906786,0.32466066,0.20968689,0.6941398,0.0,0.50565153,0.0012103637,0.8317718,0.9158859,1.0,0.0,0.0,0.9330127,0.75,0.31917253,0.48720676,1.0,0.0,0.0,1.0,0.5015433,0.0,0.0,0.29345787,1.0,5.0,2021-09-25T04:00:00,EURUSD,H1,1,BUY,18.722129233621487,9,"hit_tp=True,hit_sl=False,regime=1"
0.0021549822,0.006311209,0.0063501084,0.022001967,0.42107627,0.3944745,0.33313277,0.3519457,0.6485138,0.5921934,0.8273046,0.75661707,0.1973054,0.6224783,0.0,0.62852764,0.0029017515,0.10993044,0.5549652,1.0,0.0,0.0,0.25,0.0669873,0.8091862,0.49532893,0.7236284,0.0,0.0,0.7236284,0.790332,0.0,0.0,0.80365944,-1.0,1.6900000000000002,2021-09-25T14:00:00,EURUSD,H1,1,BUY,-17.19222257798858,6,"hit_tp=False,hit_sl=True,regime=1"
0.0055040484,0.002101633,0.0016903067,0.0027206643,0.28463912,0.29938468,0.3351786,0.32105678,0.41073963,0.45147493,0.35049438,0.5119948,0.15793686,0.658201,0.0,0.49218976,0.002038418,0.8893826,0.9446913,1.0,0.0,0.0,0.75,0.9330127,0.36356193,0.49155307,0.76964307,0.12937057,0.19913833,0.6402725,0.32342643,0.0,0.0,0.55443394,1.0,5.0,2021-09-26T02:00:00,EURUSD,H1,1,BUY,18.657159456525463,6,"hit_tp=True,hit_sl=False,regime=1"
0.007468958,0.0038410313,-0.0028532455,-0.0036813256,0.26644793,0.23991291,0.27202466,0.31430912,0.6628701,0.49657437,0.44439787,0.33723214,0.15418719,0.638281,0.0,0.68198574,0.0031351063,0.2558437,0.6279218,1.0,0.0,0.0,0.017037086,0.37059048,0.55513585,0.4894836,0.84318924,0.38999695,0.6576825,0.45319232,0.0,0.0,0.0,0.45186678,-1.0,1.3,2021-09-26T17:00:00,EURUSD,H1,1,BUY,-13.637813277034283,9,"hit_tp=False,hit_sl=True,regime=1"
0.0026346156,0.0023223797,0.005296592,0.0040736715,0.32373855,0.3558195,0.40146533,0.33094794,0.366286,0.4569292,0.38874865,0.54255766,0.3046302,0.7274946,0.0,0.44187188,0.0008917544,0.4745126,0.7372563,1.0,0.0,0.0,0.14644662,0.14644662,0.31982097,0.36837792,1.0,1.0,1.0,0.0,0.7351494,0.0,0.0,0.6670087,-1.0,1.6900000000000002,2021-09-27T15:00:00,EURUSD,H1,1,BUY,-14.655156934848534,5,"hit_tp=False,hit_sl=True,regime=1"
0.0018557903,-0.0011866358,-0.0020713438,-0.01718101,0.37269393,0.37301162,0.36536345,0.34838486,0.25958937,0.43275917,0.10234792,0.20476064,0.17296651,0.6318703,0.0,0.30711803,0.00030054382,0.14182007,0.57091004,1.0,0.0,0.0,0.14644662,0.8535534,0.16952014,0.5636361,0.9287892,1.0,1.0,0.071210824,0.605858,0.0,0.0,0.39253145,-1.0,1.56,2021-09-27T21:00:00,EURUSD,H1,1,BUY,-15.530069248406164,21,"hit_tp=False,hit_sl=True,regime=1"
-1.439442e-05,0.0022700045,-0.0026809264,-0.010612935,0.4088516,0.41994843,0.35962534,0.35432965,0.39300054,0.5008869,0.09538468,0.4231464,0.21645664,0.35686845,0.0,0.41894403,0.0007119371,0.26261666,0.6313083,1.0,0.0,0.0,0.0669873,0.75,0.2633061,0.40723848,1.0,0.0,0.0,1.0,0.94309133,0.0,0.0,0.40119132,1.0,5.0,2021-09-28T20:00:00,EURUSD,H1,1,BUY,19.51268115649496,12,"hit_tp=True,hit_sl=False,regime=1"
0.00046342865,0.0021400717,0.0083640795,0.00410676,0.21886744,0.2627596,0.35165632,0.37095648,0.66015375,0.5780881,0.6761362,0.6124235,0.21450083,0.68676466,0.0,0.5657349,0.002076326,0.72215277,0.86107635,1.0,0.0,0.0,0.62940955,0.017037086,0.75781804,0.496892,1.0,0.3539541,0.7079082,0.64604586,0.79518193,0.0,0.0,0.6332573,-1.0,1.6900000000000002,2021-09-29T11:00:00,EURUSD,H1,1,BUY,-18.40378738508397,14,"hit_tp=False,hit_sl=True,regime=1"
0.00022701155,-0.00013736692,-0.0011132966,-0.010834474,0.3230594,0.34193358,0.2618459,0.33074388,0.19881405,0.40264517,0.22632714,0.34259725,0.27104294,0.71355194,0.0,0.23380746,0.0007927976,0.42902374,0.7145119,1.0,0.0,0.0,0.9829629,0.37059048,0.21532531,0.6626309,1.0,0.8336852,1.0,0.1663148,0.77511275,0.0,0.0,0.28689992,1.0,5.0,2021-09-30T07:00:00,EURUSD,H1,1,BUY,19.12520156602371,11,"hit_tp=True,hit_sl=False,regime=1"
-0.011345516,-0.008640628,-0.014620963,-0.0041568493,0.38441315,0.36266968,0.30096865,0.34826988,0.63340247,0.58638555,0.6502279,0.5024256,0.19657701,0.34313756,0.0,0.81221473,0.0023177161,0.81069666,0.9053483,1.0,0.0,0.0,0.37059048,0.9829629,0.7927666,0.5838926,0.4,1.0,0.8,0.6,0.0,0.0,0.0,0.7397628,1.0,5.0,2021-09-30T23:00:00,EURUSD,H1,1,BUY,23.907161020388923,34,"hit_tp=True,hit_sl=False,regime=1"
0.0048333453,0.008700681,0.019616444,0.0040173633,0.519497,0.45263663,0.40665522,0.33483765,0.7137498,0.5080823,0.7434469,0.6680679,0.20810953,0.6850424,0.0,0.877295,0.003836519,0.18808877,0.5940444,1.0,0.0,0.0,0.0,0.5,0.69310844,0.2861579,0.99858254,0.0,0.0,0.99858254,0.45663267,0.0,0.0,0.7479447,1.0,5.0,2021-10-02T18:00:00,EURUSD,H1,1,BUY,19.758289424316455,33,"hit_tp=True,hit_sl=False,regime=1"
-0.0034848177,-0.0005979319,0.009823668,0.015103005,0.41361538,0.38635662,0.41955268,0.36716053,0.7236892,0.55655175,0.87661576,0.80596423,0.18203592,0.3658996,0.0,0.6450539,0.0035538233,0.28468293,0.64234143,1.0,0.0,0.0,0.9330127,0.75,0.92798054,0.5125687,0.849496,0.70118064,1.0,0.14831536,0.4209159,0.53513026,0.40607584,0.3245558,1.0,3.9000000000000004,2021-10-04T04:00:00,EURUSD,H1,1,BUY,19.928874675090302,18,"hit_tp=True,hit_sl=False,regime=1"
0.0034970152,0.0016319272,0.0055964747,0.020193221,0.27668467,0.2903062,0.27406487,0.31967515,0.7062925,0.56289786,0.79290575,0.7099598,0.19031093,0.6281115,0.0,0.6877282,0.0039022276,0.25514832,0.62757415,1.0,0.0,0.0,0.5,1.0,0.8189789,0.3996647,0.8125233,0.3285345,0.53388387,0.48398876,0.41066813,0.0,0.0,0.6249906,-1.0,1.3,2021-10-05T00:00:00,EURUSD,H1,1,BUY,-12.762862354973592,10,"hit_tp=False,hit_sl=True,regime=1"
0.005252415,0.0070002764,0.007687563,-0.014607165,0.3125261,0.31994683,0.3056666,0.31212252,0.41975573,0.33931053,0.24028014,0.28802958,0.15187058,0.64376557,0.0,0.47511804,0.0030671265,0.82713383,0.91356695,1.0,0.0,0.0,0.37059048,0.017037086,0.2973436,0.42554617,0.60150796,0.0,0.0,0.60150796,0.60150796,0.0,0.0,1.0,-1.0,2.028,2021-10-05T13:00:00,EURUSD,H1,1,BUY,-13.62441398658154,25,"hit_tp=False,hit_sl=True,regime=1"
0.0060220514,0.0032578,0.0039501316,0.0040765614,0.24802114,0.18419372,0.23751046,0.282352,0.27365947,0.45031828,0.35854143,0.36322296,0.28919113,0.68502015,0.0,0.38905874,0.0004155853,0.24415524,0.62207764,1.0,0.0,0.0,0.0,0.5,0.25817063,0.4895983,0.8631503,1.0,1.0,0.1368497,0.43841925,0.0,0.0,0.7812169,1.0,3.9000000000000004,2021-10-06T18:00:00,EURUSD,H1,1,BUY,14.241829991390453,4,"hit_tp=True,hit_sl=False,regime=1"
0.0011510001,0.00059209194,-0.0044737877,-0.009144035,0.21870647,0.2797717,0.39676553,0.3017769,0.6216732,0.5225206,0.46544635,0.17632803,0.13479319,0.6338339,0.0,0.49074697,0.0009862694,0.56637555,0.78318775,1.0,0.0,0.0,1.0,0.5,0.5303368,0.74593085,0.8432389,0.4,0.6745911,0.44323888,0.32852668,0.0,0.0,0.30190274,1.0,5.0,2021-10-07T06:00:00,EURUSD,H1,1,BUY,17.875663479984816,17,"hit_tp=True,hit_sl=False,regime=1"
0.0064135785,0.005745999,0.01191601,0.026828872,0.27585304,0.2953179,0.24558385,0.34648448,0.7254177,0.6051839,0.8841156,0.85282207,0.19292036,0.7047624,0.0,0.6551572,0.0028839135,0.053807653,0.5269038,1.0,0.0,0.0,0.62940955,0.9829629,0.8578421,0.51784307,1.0,0.0,0.0,1.0,0.0,0.0,0.0,0.6904807,-1.0,1.3,2021-10-08T01:00:00,EURUSD,H1,1,BUY,-14.97361790631535,6,"hit_tp=False,hit_sl=True,regime=1"
0.0017803217,-0.0008684712,-0.0031213367,-0.006351268,0.3580295,0.3802233,0.3171443,0.34410208,0.08241895,0.43707883,0.22952452,0.33848682,0.27078506,0.68807095,0.0,0.07358796,0.00053426326,0.21441327,0.60720664,1.0,0.0,0.0,0.75,0.9330127,0.2554823,0.44176182,0.7884657,0.19780761,0.31192905,0.59065807,0.6464519,0.0,0.0,0.3598433,1.0,5.0,2021-10-09T02:00:00,EURUSD,H1,1,BUY,20.592206248488676,15,"hit_tp=True,hit_sl=False,regime=1"
0.004461556,-0.007030269,-0.014237619,-0.0015176352,0.65412617,0.48602408,0.4215005,0.3859031,0.6627628,0.5725196,0.45088753,0.35288244,0.14439617,0.65226567,0.0,0.6987604,0.0019719168,0.70472264,0.8523613,1.0,0.0,0.0,0.017037086,0.62940955,0.55232865,0.45982128,0.7835024,0.0,0.0,0.7835024,0.4381223,0.0,0.0,0.31551424,-1.0,2.028,2021-10-09T19:00:00,EURUSD,H1,1,BUY,-21.71959061030737,35,"hit_tp=False,hit_sl=True,regime=1"
-0.006260278,-0.008523261,-0.01484817,-0.024688229,0.41899097,0.3607626,0.31059235,0.31259382,0.25254875,0.43919325,0.1582523,0.20787902,0.25675058,0.33205903,0.0,0.20650727,0.00014417052,0.0703239,0.535162,1.0,0.0,0.0,0.9829629,0.37059048,0.22769733,0.5229346,1.0,0.5018169,1.0,0.49818304,0.5295339,0.0,0.0,0.85286295,-1.0,1.3,2021-10-11T07:00:00,EURUSD,H1,1,BUY,-15.160194095766855,12,"hit_tp=False,hit_sl=True,regime=1"
0.00023092671,0.0015047255,-0.009194676,-0.009211488,0.33728203,0.28584048,0.3028157,0.32126093,0.17276558,0.46945098,0.19161682,0.28419045,0.12236842,0.62569976,0.0,0.13444208,0.00040923493,0.1387997,0.56939983,1.0,0.0,0.0,0.5,1.0,0.20779899,0.47433156,0.36858127,0.6,0.44229752,0.23141874,0.36858127,0.0,0.40118697,0.41134936,-1.0,1.3,2021-10-12T00:00:00,EURUSD,H1,1,BUY,-14.247033525680575,3,"hit_tp=False,hit_sl=True,regime=1"
0.0072237146,0.005289306,0.00844763,0.006444226,0.36837712,0.3844242,0.35275367,0.3632857,0.3604911,0.5514387,0.47949657,0.55459875,0.10273623,0.62885684,0.0,0.24291518,0.0013020707,0.38768578,0.6938429,1.0,0.0,0.0,0.25,0.0669873,0.34967795,0.494739,1.0,0.34579194,0.6915839,0.65420806,0.61828613,0.0,0.0,0.7519496,1.0,5.0,2021-10-12T14:00:00,EURUSD,H1,1,BUY,25.28799317175645,70,"hit_tp=True,hit_sl=False,regime=1"
-0.009750056,-0.004714852,-0.0023489308,-0.00035618752,0.3063961,0.26754823,0.3686723,0.36288434,0.67753696,0.5257795,0.723194,0.6302045,0.15695715,0.35351878,0.0,0.6132499,0.002661558,0.5461125,0.77305627,1.0,0.0,0.0,0.14644662,0.8535534,0.759248,0.48083907,0.9606648,1.0,1.0,0.039335188,0.548726,0.0,0.0,0.541069,1.0,5.0,2021-10-15T21:00:00,EURUSD,H1,1,BUY,23.201385539735053,44,"hit_tp=True,hit_sl=False,regime=1"
-0.001575187,-0.0050324406,-0.006430361,0.005733374,0.18902962,0.39536333,0.3806543,0.36922416,0.58739835,0.5672143,0.6775785,0.5475426,0.24259385,0.32853517,0.0,0.48880583,0.0019364395,0.84062797,0.92031395,1.0,0.0,0.0,0.0669873,0.75,0.7502215,0.5357768,0.7936407,0.0,0.0,0.7936407,0.27012527,0.0,0.0,0.74694073,-1.0,2.028,2021-10-17T20:00:00,EURUSD,H1,1,BUY,-19.127549408166633,30,"hit_tp=False,hit_sl=True,regime=1"
0.0018146267,-0.005674924,-0.0064581144,-0.014496578,0.31329855,0.30862927,0.28239727,0.3280247,0.25998423,0.36767578,0.19190815,0.17723681,0.24317369,0.6565154,0.0,0.32178098,0.00013227478,0.06556896,0.53278446,1.0,0.0,0.0,1.0,0.5,0.16734345,0.3582217,0.36165982,0.6,0.4339918,0.23834018,0.50633806,0.0,0.0,0.30790597,-1.0,1.3,2021-10-19T06:00:00,EURUSD,H1,1,BUY,-14.483766018731359,8,"hit_tp=False,hit_sl=True,regime=1"
-0.0026079176,-0.00473215,-0.009020535,-0.013285049,0.41935343,0.32301357,0.35857686,0.34180063,0.25898764,0.46643275,0.045312144,0.33537105,0.3486559,0.2629781,0.0,0.29128763,0.0006328319,0.24052717,0.6202636,1.0,0.0,0.0,0.14644662,0.14644662,0.2841854,0.30376765,0.38066342,0.6105461,0.46482515,0.22988267,0.47337314,0.0,0.0,0.77340966,1.0,4.680000000000001,2021-10-19T15:00:00,EURUSD,H1,1,BUY,19.136188150059574,24,"hit_tp=True,hit_sl=False,regime=1"
-0.006214784,-0.008806656,-0.0076817228,0.00069680525,0.3269852,0.33003217,0.34895432,0.33654076,0.51900095,0.54516965,0.5517528,0.5089142,0.1596143,0.373239,0.0,0.48361588,0.0014570709,0.6753367,0.83766836,1.0,0.0,0.0,0.0669873,0.25,0.72033304,0.6519405,0.4,0.8,0.64,0.4,0.51047623,0.0,0.0,0.7753903,-1.0,1.6900000000000002,2021-10-20T16:00:00,EURUSD,H1,1,BUY,-16.350837807619367,8,"hit_tp=False,hit_sl=True,regime=1"
0.0045259413,-0.002564044,-0.0024718437,-0.012873605,0.56283706,0.46398258,0.41003165,0.3625572,0.38235894,0.43673363,0.16538405,0.43217558,0.17416508,0.624656,0.0,0.42750376,0.0013960161,0.6486217,0.82431084,1.0,0.0,0.0,0.62940955,0.9829629,0.09064377,0.6946809,0.5992782,0.8,0.95884514,0.20072179,0.43641505,0.0,0.0,0.63191944,-1.0,1.6900000000000002,2021-10-21T01:00:00,EURUSD,H1,1,BUY,-18.290985310061014,7,"hit_tp=False,hit_sl=True,regime=1"
0.0007577163,0.007658508,0.008457954,-0.0034732665,0.28210843,0.4368629,0.3683184,0.37197253,0.30328184,0.47381723,0.36605257,0.47101584,0.257289,0.68406284,0.0,0.30583337,0.0010693189,0.5462327,0.77311635,1.0,0.0,0.0,0.62940955,0.017037086,0.33662254,0.45482567,0.39084825,0.12365733,0.0966625,0.2671909,0.39084825,0.0,0.0,0.6537724,-1.0,1.6900000000000002,2021-10-21T11:00:00,EURUSD,H1,1,BUY,-21.428096888773673,13,"hit_tp=False,hit_sl=True,regime=1"
0.002388068,0.005996155,0.0067147645,0.0034904692,0.19870761,0.2932326,0.32352173,0.35130796,0.16657016,0.4720513,0.32541475,0.49998224,0.19477287,0.642844,0.0,0.35544795,0.00112753,0.30389524,0.6519476,1.0,0.0,0.0,0.62940955,0.017037086,0.2906114,0.40803763,0.7384124,0.0,0.0,0.7384124,0.73822695,0.0,0.0,0.8134326,-1.0,1.6900000000000002,2021-10-22T11:00:00,EURUSD,H1,1,BUY,-20.715618837705563,8,"hit_tp=False,hit_sl=True,regime=1"
0.005616413,0.0036405167,0.0005716259,-0.0044046687,0.29185832,0.23727009,0.31408334,0.29321373,0.39836222,0.5638975,0.35452965,0.44485524,0.1971591,0.62056375,0.0,0.33149925,0.0010688695,0.32497603,0.66248804,1.0,0.0,0.0,0.8535534,0.8535534,0.29759634,0.4185075,0.97383016,0.8173243,1.0,0.15650588,0.55562055,0.0,0.0,0.5160893,-1.0,1.3,2021-10-23T03:00:00,EURUSD,H1,1,BUY,-14.487461174039762,15,"hit_tp=False,hit_sl=True,regime=1"
0.008389607,0.007003564,0.008249314,0.009307663,0.5866842,0.5712755,0.4432925,0.35892245,0.26409346,0.49166745,0.38843688,0.53479916,0.15328798,0.62569475,0.0,0.46898013,0.001450997,0.4670281,0.7335141,1.0,0.0,0.0,0.25,0.9330127,0.2829861,0.4724198,1.0,0.548348,1.0,0.45165202,0.38145995,0.0,0.0,0.8,1.0,5.0,2021-10-23T22:00:00,EURUSD,H1,1,BUY,21.949769025790822,48,"hit_tp=True,hit_sl=False,regime=1"
0.001379403,0.004048818,-0.00746351,0.0018749571,0.28692064,0.26240626,0.23461379,0.2856434,0.72025126,0.5373165,0.60318834,0.32710984,0.14225154,0.6413194,0.0,0.62347186,0.0026168635,0.33383745,0.66691875,1.0,0.0,0.0,0.8535534,0.8535534,0.649961,0.5403106,0.7585321,0.6,0.91023856,0.15853211,0.868577,0.0,0.0,0.45317882,-1.0,1.6900000000000002,2021-10-26T03:00:00,EURUSD,H1,1,BUY,-13.094845718402137,8,"hit_tp=False,hit_sl=True,regime=1"
0.0033647683,0.00053689943,0.0015657407,-0.014385334,0.5146751,0.43303964,0.39772633,0.333576,0.29693335,0.37608847,0.24518034,0.39829263,0.17375155,0.68128574,0.0,0.31955054,0.0014311712,0.8104749,0.90523744,1.0,0.0,0.0,0.14644662,0.14644662,0.14612368,0.5853925,0.6983153,0.76644653,1.0,0.06813116,0.0,0.0,0.0,0.6795636,1.0,3.9000000000000004,2021-10-26T15:00:00,EURUSD,H1,1,BUY,21.15963296457135,7,"hit_tp=True,hit_sl=False,regime=1"
-0.007644933,0.0049162386,0.011897972,0.0049676253,0.5305759,0.4707465,0.45001465,0.40302882,0.528725,0.5399184,0.8359873,0.67460066,0.1433892,0.36420003,0.0,0.48550296,0.002459337,0.6058374,0.8029187,1.0,0.0,0.0,0.37059048,0.9829629,0.7322171,0.54636335,0.41887397,0.0,0.0,0.41887397,0.2940327,0.0,0.0,0.36878577,-1.0,2.028,2021-10-26T23:00:00,EURUSD,H1,1,BUY,-21.71554795702413,58,"hit_tp=False,hit_sl=True,regime=1"
0.012073176,0.0068602865,0.0045181788,0.0037684788,0.30254278,0.4166885,0.34644523,0.3152329,0.347311,0.4468776,0.30880994,0.44867635,0.33095238,0.7204535,0.0,0.2660616,0.001233747,0.5636376,0.7818188,1.0,0.0,0.0,0.25,0.0669873,0.16136426,0.59788865,0.88613635,0.4,0.7089091,0.48613635,0.54822516,0.0,0.0,0.5690885,-1.0,1.6900000000000002,2021-10-29T14:00:00,EURUSD,H1,1,BUY,-14.379600966993866,4,"hit_tp=False,hit_sl=True,regime=1"
0.010325258,0.008519779,0.01291084,0.008642422,0.30380732,0.2627354,0.3210049,0.3336402,0.52714056,0.5626333,0.7165575,0.48728272,0.18475452,0.6301461,0.0,0.4621968,0.0012356731,0.5597015,0.7798507,1.0,0.0,0.0,0.25,0.9330127,0.41390517,0.6296748,1.0,0.5672168,1.0,0.4327832,0.6247647,0.0,0.0,0.7750412,-1.0,2.028,2021-10-30T22:00:00,EURUSD,H1,1,BUY,-16.70802743997779,58,"hit_tp=False,hit_sl=True,regime=1"
0.010094551,0.002454177,-0.0006524059,0.007921321,0.47856358,0.4285524,0.37739766,0.35082668,0.46942452,0.47009513,0.24285783,0.39038923,0.21296929,0.6378781,0.0,0.37615907,0.00096699165,0.6661854,0.8330927,1.0,0.0,0.0,0.8535534,0.14644662,0.21822505,0.49961072,0.72022897,0.24027468,0.34610558,0.47995427,0.30034333,0.0,0.0,0.49060407,-1.0,1.6900000000000002,2021-11-02T09:00:00,EURUSD,H1,1,BUY,-17.038892340426326,5,"hit_tp=False,hit_sl=True,regime=1"
8.524713e-05,-0.00751685,-0.006564457,-0.025380813,0.402104,0.37943858,0.42731905,0.36607388,0.31917012,0.42584276,0.15218987,0.2844019,0.22685371,0.651873,0.0,0.38018408,0.000723663,0.3833901,0.69169503,1.0,0.0,0.0,0.14644662,0.14644662,0.1658519,0.48393103,0.4,0.8,0.64,0.4,0.4052623,0.0,0.0,0.4059177,1.0,5.0,2021-11-02T15:00:00,EURUSD,H1,1,BUY,23.08927401639682,23,"hit_tp=True,hit_sl=False,regime=1"
0.0002996285,-0.016131386,-0.014754159,-0.012011678,0.570608,0.43894297,0.37619534,0.3524729,0.4698275,0.4859282,0.0,0.4307602,0.19986667,0.6323096,0.0,0.5340019,0.0013094315,0.7878648,0.8939324,1.0,0.0,0.0,0.14644662,0.14644662,0.18104059,0.2862758,0.40594292,0.8,0.6495087,0.39405707,0.5619499,0.0,0.0,0.40991968,1.0,5.0,2021-11-03T15:00:00,EURUSD,H1,1,BUY,22.875873208512143,20,"hit_tp=True,hit_sl=False,regime=1"
-0.004903192,-0.011639249,-0.009505871,-0.007588539,0.32270467,0.33660278,0.3260811,0.31451273,0.61952275,0.5217837,0.44280988,0.41727865,0.15446118,0.3799674,0.0,0.6837797,0.0026135466,0.6306087,0.81530434,1.0,0.0,0.0,0.25,0.0669873,0.63556695,0.5227564,0.878837,0.8,1.0,0.078837015,0.36190104,0.0,0.0,0.6135182,-1.0,1.6900000000000002,2021-11-04T14:00:00,EURUSD,H1,1,BUY,-14.423030599977071,7,"hit_tp=False,hit_sl=True,regime=1"
0.0024857668,0.00639009,0.004608056,-0.01572437,0.54334986,0.451073,0.37031457,0.3410667,0.43524453,0.42136136,0.21372128,0.41934624,0.33187225,0.74634826,0.0,0.60726184,0.0021214809,0.84298486,0.9214924,1.0,0.0,0.0,0.25,0.9330127,0.25874358,0.47108567,1.0,0.23400596,0.46801192,0.7659941,0.43236145,0.0,0.0,0.58255047,1.0,5.0,2021-11-04T22:00:00,EURUSD,H1,1,BUY,20.842672364738135,26,"hit_tp=True,hit_sl=False,regime=1"
0.0006954748,0.00021886319,0.0049190414,-0.0047873813,0.32636458,0.33276874,0.35240442,0.3490449,0.35124782,0.46565625,0.32594296,0.46796942,0.25892735,0.68685704,0.0,0.42509484,0.0020319563,0.776756,0.88837796,1.0,0.0,0.0,0.37059048,0.017037086,0.4485882,0.5224435,0.74320376,0.0,0.0,0.74320376,0.41381282,0.0,0.0,0.47107294,-1.0,1.6900000000000002,2021-11-06T13:00:00,EURUSD,H1,1,BUY,-19.243595643294586,7,"hit_tp=False,hit_sl=True,regime=1"
0.009270115,0.007232046,0.0007783425,-0.0027632576,0.37606975,0.2881786,0.2739098,0.31197643,0.35615247,0.43606865,0.25432202,0.4764227,0.20728052,0.6894314,0.0,0.2621497,0.0014699696,0.88442826,0.94221413,1.0,0.0,0.0,0.25,0.9330127,0.111448385,0.60120827,1.0,0.0,0.0,1.0,0.0,0.0,0.0,0.513152,1.0,5.0,2021-11-06T22:00:00,EURUSD,H1,1,BUY,19.009075632845374,18,"hit_tp=True,hit_sl=False,regime=1"
-0.0012106386,-0.0003946688,-0.006225521,0.006386775,0.17387868,0.24369629,0.2698093,0.31433433,0.5468009,0.47131345,0.34494147,0.45667738,0.21406347,0.34001398,0.0,0.4061582,0.0021599922,0.8697915,0.93489575,1.0,0.0,0.0,0.62940955,0.9829629,0.5191262,0.3068813,0.87013197,1.0,1.0,0.12986802,0.29043084,0.0,0.0,0.49242622,-1.0,2.028,2021-11-08T01:00:00,EURUSD,H1,1,BUY,-15.69423532829406,24,"hit_tp=False,hit_sl=True,regime=1"
0.0017275856,0.0009780149,-0.0059327395,-0.015080987,0.49076873,0.47839603,0.38866535,0.34437594,0.095937215,0.35362512,0.22988027,0.35547775,0.2524813,0.6741611,0.0,0.28330737,0.0008537848,0.355228,0.67761403,1.0,0.0,0.0,1.0,0.5,0.16888331,0.48134267,0.8841466,0.28902662,0.51108384,0.59511995,0.62066233,0.0,0.0,0.31038663,-1.0,1.6900000000000002,2021-11-09T06:00:00,EURUSD,H1,1,BUY,-15.712568210903832,9,"hit_tp=False,hit_sl=True,regime=1"
0.0058320123,0.009574262,0.020530233,0.011503699,0.35808554,0.39607167,0.36577585,0.35064238,0.65420324,0.6084652,0.9383255,0.69404,0.2770041,0.7174612,0.0,0.4686074,0.0025213005,0.99530864,0.9976543,1.0,0.0,0.0,0.75,0.9330127,0.8473183,0.35468805,0.5566122,0.73837185,0.82197356,0.18175963,0.5566122,0.0,0.0,0.7705669,-1.0,1.6900000000000002,2021-11-10T02:00:00,EURUSD,H1,1,BUY,-20.776982936177024,15,"hit_tp=False,hit_sl=True,regime=1"
-0.0006317124,-0.006979798,-0.0039988845,-0.009019097,0.31604204,0.4132519,0.3576422,0.31006002,0.32082304,0.45008448,0.16211598,0.32208517,0.25846383,0.3427225,0.0,0.41723564,0.0012385402,0.5172028,0.75860137,1.0,0.0,0.0,0.14644662,0.8535534,0.20758732,0.41482943,1.0,0.6838958,1.0,0.31610417,0.43130466,0.0,0.0,0.43803787,-1.0,2.028,2021-11-10T21:00:00,EURUSD,H1,1,BUY,-15.020687491302809,25,"hit_tp=False,hit_sl=True,regime=1"
-0.008112228,-0.016334867,-0.01163168,-0.016971668,0.28995118,0.295923,0.2770206,0.32999396,0.20540546,0.43740755,0.11671465,0.21844253,0.19532163,0.32904026,0.0,0.13346896,0.0,0.0,0.48724797,1.0,0.0,0.0,0.37059048,0.9829629,0.18604922,0.6063949,1.0,0.63306725,1.0,0.36693275,0.47988778,0.0,0.0,0.6312334,-1.0,1.3,2021-11-11T23:00:00,EURUSD,H1,1,BUY,-15.391894557068575,11,"hit_tp=False,hit_sl=True,regime=1"
0.0004015956,0.0048455927,0.0032546802,0.004885623,0.43771186,0.3250607,0.36625206,0.34234798,0.36032474,0.50359434,0.39074624,0.4931259,0.21416059,0.64048237,0.0,0.4164804,0.0014476201,0.5884371,0.79421854,1.0,0.0,0.0,0.62940955,0.017037086,0.36178714,0.35967886,1.0,0.0,0.0,1.0,0.44803834,0.0,0.0,0.43744585,-1.0,1.6900000000000002,2021-11-12T11:00:00,EURUSD,H1,1,BUY,-16.905778857927434,6,"hit_tp=False,hit_sl=True,regime=1"
0.0017363419,-0.0053555695,-0.0071700043,-0.0055839373,0.20898911,0.31964877,0.3665165,0.35130572,0.3615895,0.46840784,0.16246256,0.2878639,0.17816493,0.6450883,0.0,0.30938163,0.0005048225,0.22022873,0.6101144,1.0,0.0,0.0,0.25,0.9330127,0.18000546,0.423104,0.88714826,0.0,0.0,0.88714826,0.5882265,0.0,0.0,0.29785988,-1.0,1.6900000000000002,2021-11-12T22:00:00,EURUSD,H1,1,BUY,-18.486327017839255,13,"hit_tp=False,hit_sl=True,regime=1"
0.011301677,0.010506965,0.008476735,0.0004605387,0.22352707,0.33349484,0.329768,0.31296736,0.37508824,0.480575,0.3419924,0.59646803,0.25458646,0.6687937,0.0,0.38751805,0.001491672,0.5258978,0.7629489,1.0,0.0,0.0,0.25,0.0669873,0.21880896,0.5153127,1.0,0.0,0.0,1.0,0.31241038,0.0,0.0,0.6,1.0,5.0,2021-11-13T14:00:00,EURUSD,H1,1,BUY,20.182729797821874,8,"hit_tp=True,hit_sl=False,regime=1"
-0.0047394712,-0.015675616,-0.00539299,-0.003941345,0.3202368,0.37958902,0.4282879,0.34711757,0.71668774,0.6211985,0.6683015,0.5856613,0.15316804,0.3425585,0.0,0.6928648,0.0027115005,0.861067,0.93053347,1.0,0.0,0.0,0.8535534,0.8535534,0.7282503,0.4599407,0.38712054,0.0,0.0,0.38712054,0.0,0.0,0.0,0.5094767,1.0,5.0,2021-11-14T03:00:00,EURUSD,H1,1,BUY,22.71375254464747,42,"hit_tp=True,hit_sl=False,regime=1"
-0.0060274787,0.0032126843,-0.002190765,-0.0019981712,0.25949463,0.28085476,0.32338202,0.3375775,0.6623771,0.5242257,0.69810766,0.50439733,0.15494958,0.32226714,0.0,0.79301465,0.0030121692,0.35627338,0.6781367,1.0,0.0,0.0,0.8535534,0.14644662,0.6999562,0.481182,0.62805027,0.0,0.0,0.62805027,0.0,0.0,0.0,0.5749825,-1.0,1.3,2021-11-16T09:00:00,EURUSD,H1,1,BUY,-15.289454269591385,8,"hit_tp=False,hit_sl=True,regime=1"
-0.004790872,-0.01604004,-0.029244382,-0.028145678,0.4740734,0.38714063,0.3555466,0.34746337,0.24132773,0.35239252,0.0,0.12731443,0.24362959,0.32396397,0.0,0.3630804,0.00130493,0.6922459,0.846123,1.0,0.0,0.0,0.0,0.5,0.0,0.44763443,0.4,1.0,0.8,0.6,0.35546723,0.0,0.0,0.6981729,-1.0,1.6900000000000002,2021-11-16T18:00:00,EURUSD,H1,1,BUY,-15.770955387393037,14,"hit_tp=False,hit_sl=True,regime=1"
0.0011411323,0.00026434002,-0.00080410915,0.00652421,0.44876117,0.33871648,0.34358934,0.3331306,0.5763438,0.54207087,0.61774576,0.5136793,0.2199683,0.6820812,0.0,0.60693413,0.0011275669,0.555158,0.777579,1.0,0.0,0.0,0.37059048,0.017037086,0.4925234,0.3708842,0.7169171,0.5716969,0.8197185,0.14522023,0.45319754,0.0,0.0,0.42183343,-1.0,1.6900000000000002,2021-11-17T13:00:00,EURUSD,H1,1,BUY,-14.566175810020177,16,"hit_tp=False,hit_sl=True,regime=1"
-0.0051155905,-0.00029620083,-0.011741379,-0.004725714,0.4288491,0.34093618,0.30485678,0.3667588,0.35171813,0.4864059,0.35212728,0.42453068,0.14255238,0.3381104,0.0,0.4091566,0.00074604375,0.32748255,0.6637413,1.0,0.0,0.0,1.0,0.5,0.3029423,0.4923038,0.623035,1.0,1.0,0.376965,0.64098823,0.0,0.0,0.54353374,1.0,5.0,2021-11-18T06:00:00,EURUSD,H1,1,BUY,20.55322129065562,13,"hit_tp=True,hit_sl=False,regime=1"
-0.005826511,-0.007236678,0.001467819,0.014055151,0.4156369,0.37858263,0.31292403,0.34939566,0.63650095,0.5878738,0.745329,0.6672474,0.35730824,0.29928482,0.0,0.5044908,0.002022592,0.72256935,0.8612847,1.0,0.0,0.0,0.0669873,0.75,0.84452957,0.5090652,0.6,0.15187626,0.18225151,0.44812375,0.37969065,0.0,0.0,0.6192937,1.0,5.0,2021-11-18T20:00:00,EURUSD,H1,1,BUY,23.20156624285641,20,"hit_tp=True,hit_sl=False,regime=1"
8.7990535e-05,-0.0010738982,0.016976118,0.012648943,0.43146688,0.3630539,0.32449332,0.3007229,0.6266344,0.51768047,0.8386287,0.7788648,0.20685484,0.6792869,0.0,0.53352857,0.0035318441,0.29481667,0.64740837,1.0,0.0,0.0,0.017037086,0.37059048,0.7810958,0.66957754,0.6,0.4,0.48,0.2,0.0,0.0,0.0,0.4027375,-1.0,1.3,2021-11-19T17:00:00,EURUSD,H1,1,BUY,-15.79974731676037,14,"hit_tp=False,hit_sl=True,regime=1"
0.0133520225,0.013154047,0.008613277,-0.0018526767,0.5396632,0.49269792,0.35038948,0.33138952,0.3889603,0.43767232,0.38161817,0.44001788,0.24616946,0.72225374,0.0,0.17459585,0.002191811,0.8388297,0.9194149,1.0,0.0,0.0,0.37059048,0.017037086,0.22367223,0.4394855,1.0,0.2326836,0.4653672,0.7673164,0.387806,0.0,0.0,0.6,1.0,5.0,2021-11-20T13:00:00,EURUSD,H1,1,BUY,19.159377326292137,17,"hit_tp=True,hit_sl=False,regime=1"
0.009967596,0.0021620076,0.0044050235,0.016183436,0.44880515,0.3825582,0.35680726,0.37479213,0.6918875,0.60517687,0.7752685,0.71703845,0.15277162,0.6289157,0.0,0.76711035,0.00265872,0.25241154,0.6262058,1.0,0.0,0.0,0.9829629,0.37059048,0.7413601,0.55126625,0.9158246,0.8,1.0,0.11582457,0.3382854,0.0,0.0,0.6987927,1.0,4.680000000000001,2021-11-21T07:00:00,EURUSD,H1,1,BUY,21.448046663845588,34,"hit_tp=True,hit_sl=False,regime=1"
-0.0016619207,0.0017659628,-0.007293111,-0.009519971,0.43665147,0.3067474,0.32975683,0.32862848,0.5063266,0.48664597,0.54331845,0.43964967,0.19848485,0.30976245,0.0,0.40566102,0.0038865549,0.35977915,0.67988956,1.0,0.0,0.0,0.017037086,0.62940955,0.62793076,0.5474945,0.7654727,0.4,0.6123781,0.36547267,0.36960563,0.0,0.0,0.4704685,1.0,4.680000000000001,2021-11-22T19:00:00,EURUSD,H1,1,BUY,18.45710267332601,27,"hit_tp=True,hit_sl=False,regime=1"
-0.012883828,-0.0024698777,-0.0024854862,-0.007341096,0.29901597,0.3053069,0.3143201,0.28371924,0.59914714,0.4958539,0.6280736,0.47453406,0.15802017,0.33868,0.0,0.59775996,0.0029660745,0.51004344,0.75502175,1.0,0.0,0.0,0.9829629,0.37059048,0.81988835,0.57540745,0.8,0.8796985,1.0,0.0796985,0.43382236,0.0,0.0,0.7315636,-1.0,1.3,2021-11-24T07:00:00,EURUSD,H1,1,BUY,-13.68264332911151,8,"hit_tp=False,hit_sl=True,regime=1"
0.00753828,0.006214444,-0.0030774237,-0.0012463793,0.6184279,0.49222553,0.41739678,0.35717583,0.3646472,0.41257697,0.30788037,0.432135,0.3029041,0.7517427,0.0,0.33295232,0.0018055959,0.9251878,0.9625939,1.0,0.0,0.0,0.0669873,0.25,0.17679718,0.44080117,1.0,0.0,0.0,1.0,0.0,0.0,0.0,0.44912216,-1.0,2.028,2021-11-24T16:00:00,EURUSD,H1,1,BUY,-17.166142472855306,27,"hit_tp=False,hit_sl=True,regime=1"
0.006222877,0.0044900216,0.0019852067,0.0027462358,0.43501857,0.34643117,0.41570124,0.3407327,0.27828234,0.42019376,0.3141798,0.3676401,0.16150524,0.6216129,0.0,0.34927282,0.0006695596,0.37089556,0.6854478,1.0,0.0,0.0,0.37059048,0.9829629,0.20796749,0.34505886,1.0,0.61355144,1.0,0.38644856,0.41325346,0.0,0.46710214,0.5569483,1.0,3.9000000000000004,2021-11-25T23:00:00,EURUSD,H1,1,BUY,19.000257611188065,19,"hit_tp=True,hit_sl=False,regime=1"
0.002160829,-0.002107259,-0.009126452,-0.009747114,0.37063938,0.3649317,0.2932011,0.32427552,0.5674313,0.54216033,0.46549574,0.29201955,0.21126565,0.6439343,0.0,0.5651247,0.0017014437,0.8994661,0.949733,1.0,0.0,0.0,0.14644662,0.8535534,0.5722104,0.60361785,0.7266872,1.0,1.0,0.2733128,0.7266872,0.0,0.0,0.29637045,-1.0,1.6900000000000002,2021-11-26T21:00:00,EURUSD,H1,1,BUY,-15.900628662939287,4,"hit_tp=False,hit_sl=True,regime=1"
-0.0020628427,-0.010251677,-0.009693077,-0.016338594,0.46942306,0.3722983,0.36942053,0.36385864,0.42650846,0.44357273,0.17613502,0.28393337,0.16386192,0.3544249,0.0,0.3520124,0.0008852372,0.5733749,0.7866875,1.0,0.0,0.0,0.75,0.9330127,0.29719713,0.6228955,0.6,1.0,1.0,0.4,0.57654256,0.0,0.0,0.51444364,-1.0,1.6900000000000002,2021-11-27T02:00:00,EURUSD,H1,1,BUY,-14.706565370674607,2,"hit_tp=False,hit_sl=True,regime=1"
0.006034132,-0.003132438,-0.0017828599,-0.0025886993,0.5679591,0.5633546,0.45016983,0.3969473,0.30803406,0.45469072,0.29333872,0.49950516,0.3098966,0.7057475,0.0,0.16422512,0.00080894644,0.4548236,0.7274118,1.0,0.0,0.0,0.5,0.0,0.27227703,0.51898843,0.7592792,1.0,1.0,0.24072081,0.40054432,0.0,0.0,0.61872756,-1.0,1.3,2021-11-27T12:00:00,EURUSD,H1,1,BUY,-20.549482812397546,18,"hit_tp=False,hit_sl=True,regime=1"
0.0067095305,0.0057064556,0.0025251722,-0.028119324,0.32490033,0.33351615,0.3052862,0.35612845,0.32291585,0.4136045,0.23201787,0.19025475,0.1747333,0.6405345,0.0,0.351636,0.0008457693,0.3345012,0.66725063,1.0,0.0,0.0,0.9829629,0.37059048,0.15101302,0.50996155,1.0,0.24987452,0.49974903,0.75012547,0.41645753,0.0,0.43016052,0.5695569,-1.0,1.6900000000000002,2021-11-28T07:00:00,EURUSD,H1,1,BUY,-18.32951251070636,18,"hit_tp=False,hit_sl=True,regime=1"
0.008424113,0.006949007,0.0037404222,-0.0009759504,0.338782,0.29268008,0.2601603,0.31046548,0.19524372,0.44717118,0.29351947,0.40797365,0.2249539,0.669708,0.0,0.23677437,0.0011704006,0.3855614,0.69278073,1.0,0.0,0.0,0.75,0.9330127,0.20894155,0.5243773,1.0,0.4,0.8,0.6,0.0,0.0,0.0,0.58563316,-1.0,1.3,2021-11-29T02:00:00,EURUSD,H1,1,BUY,-17.63811155288675,5,"hit_tp=False,hit_sl=True,regime=1"
0.00509423,0.001893414,0.0021256146,-0.010973123,0.34695542,0.28903845,0.29893544,0.2954356,0.22728007,0.45033577,0.24393608,0.41219085,0.07750725,0.6192199,0.0,0.26002473,0.00085505075,0.2768602,0.6384301,1.0,0.0,0.0,0.8535534,0.14644662,0.24064024,0.70363146,0.765282,0.8,1.0,0.034718055,0.65161335,0.0,0.42518088,0.7584557,1.0,3.9000000000000004,2021-11-29T09:00:00,EURUSD,H1,1,BUY,17.94436583151926,13,"hit_tp=True,hit_sl=False,regime=1"
-0.012579121,-0.016546471,-0.0122404415,-0.005865287,0.36726716,0.37713358,0.39587492,0.33198583,0.5448883,0.61245704,0.60789365,0.51946956,0.14263323,0.37591833,0.0,0.7043885,0.001143655,0.37041548,0.6852077,1.0,0.0,0.0,0.37059048,0.9829629,0.7417559,0.42458963,0.4,0.0,0.0,0.4,0.0,0.0,0.0,0.761828,-1.0,1.3,2021-11-29T23:00:00,EURUSD,H1,1,BUY,-16.795073366566715,7,"hit_tp=False,hit_sl=True,regime=1"
0.0069532557,0.011732312,0.0024151173,-0.001525851,0.5251066,0.4246244,0.33047572,0.3552675,0.3914923,0.4868857,0.3144662,0.5388583,0.21815029,0.6753213,0.0,0.5348635,0.0013520876,0.4523566,0.7261783,1.0,0.0,0.0,0.9330127,0.25,0.27949786,0.36503315,0.6711761,0.75583565,1.0,0.08465953,0.38958907,0.0,0.0,0.5982551,1.0,3.9000000000000004,2021-11-30T08:00:00,EURUSD,H1,1,BUY,20.757322248474708,11,"hit_tp=True,hit_sl=False,regime=1"
-0.0014858634,0.0026852218,0.0124960095,0.008373545,0.42675745,0.41845384,0.34118637,0.35056213,0.70423305,0.58930624,0.8603206,0.5889197,0.25037354,0.29823843,0.0,0.70355976,0.002442051,0.715108,0.857554,1.0,0.0,0.0,0.14644662,0.8535534,0.86023355,0.43908283,0.45802575,1.0,0.9160515,0.54197425,0.71455157,0.0,0.0,0.2576698,-1.0,2.028,2021-11-30T21:00:00,EURUSD,H1,1,BUY,-19.011048999078017,31,"hit_tp=False,hit_sl=True,regime=1"
0.00031182973,-0.00058837153,-0.003905776,-0.005773382,0.44356644,0.35897958,0.35555422,0.32088467,0.2849901,0.44441816,0.3124302,0.44433963,0.1773913,0.66898525,0.0,0.25224888,0.0012335154,0.70021075,0.85010535,1.0,0.0,0.0,1.0,0.5,0.28371644,0.45907658,0.79491657,0.17810835,0.28316253,0.6168082,0.4308146,0.0,0.0,0.24129954,-1.0,1.6900000000000002,2021-12-02T06:00:00,EURUSD,H1,1,BUY,-16.7695090083142,12,"hit_tp=False,hit_sl=True,regime=1"
0.0021267696,0.015765455,0.013438985,0.0023024827,0.3361463,0.29984486,0.33376998,0.34204474,0.48030952,0.48985055,0.42086747,0.5763527,0.24255319,0.659272,0.0,0.36786786,0.0014349305,0.7403451,0.87017256,1.0,0.0,0.0,0.017037086,0.62940955,0.4220147,0.55505043,1.0,0.4777492,0.9554984,0.5222508,0.62725204,0.0,0.0,0.4705863,-1.0,2.028,2021-12-02T19:00:00,EURUSD,H1,1,BUY,-16.5257029249144,27,"hit_tp=False,hit_sl=True,regime=1"
0.0062007466,0.0021663182,0.003930692,-0.0013551873,0.20176566,0.29182786,0.41301647,0.33124408,0.29339856,0.46574032,0.31586015,0.49516684,0.31034482,0.688149,0.0,0.41682807,0.0012534407,0.83438015,0.9171901,1.0,0.0,0.0,0.62940955,0.9829629,0.24182983,0.6427159,0.7561874,1.0,1.0,0.2438126,0.57113343,0.0,0.0,0.7100599,-1.0,2.028,2021-12-04T01:00:00,EURUSD,H1,1,BUY,-22.11485435731353,24,"hit_tp=False,hit_sl=True,regime=1"
-0.00084084366,0.0041625155,0.0005135386,-0.014291794,0.3116727,0.31093976,0.3296165,0.3226394,0.38325888,0.4807284,0.19137798,0.3766448,0.16956522,0.3618335,0.0,0.5137047,0.0010055888,0.46998766,0.7349938,1.0,0.0,0.0,0.75,0.9330127,0.25094706,0.4786559,0.5828347,0.5338902,0.62233955,0.04894453,0.54585296,0.0,0.0,0.4531555,-1.0,1.56,2021-12-05T02:00:00,EURUSD,H1,1,BUY,-20.309825918845004,51,"hit_tp=False,hit_sl=True,regime=1"
0.0054965,0.0050590206,0.0054142573,0.009764164,0.35782206,0.28802657,0.26564938,0.27920917,0.35551327,0.50560194,0.3981984,0.6089225,0.2478889,0.69841987,0.0,0.37640423,0.00079918146,0.39075434,0.6953772,1.0,0.0,0.0,0.5,0.0,0.31076792,0.5023922,1.0,0.96420133,1.0,0.035798673,0.8929854,0.0,0.0,0.8,-1.0,1.6900000000000002,2021-12-07T12:00:00,EURUSD,H1,1,BUY,-10.827466113720874,4,"hit_tp=False,hit_sl=True,regime=1"
-0.002172646,0.0011166242,-0.0041738795,-0.006736183,0.4200631,0.34231,0.32222286,0.29843304,0.38503352,0.5277343,0.24904892,0.47400212,0.15098494,0.38022467,0.0,0.33691186,0.00079001574,0.35752815,0.67876405,1.0,0.0,0.0,0.017037086,0.37059048,0.38972896,0.5005842,0.7175087,0.5487031,0.78739846,0.16880557,0.0,0.0,0.0,0.52123606,-1.0,1.3,2021-12-07T17:00:00,EURUSD,H1,1,BUY,-12.405777434252308,2,"hit_tp=False,hit_sl=True,regime=1"
0.0071173976,0.0043312414,-0.0006743709,-0.014596611,0.5988805,0.50190383,0.41805252,0.34402618,0.4162532,0.47019222,0.1883051,0.34724987,0.4397408,0.7773015,0.0,0.44496325,0.0010488053,0.3956249,0.69781244,1.0,0.0,0.0,0.14644662,0.8535534,0.112304986,0.4544011,0.9258519,0.0,0.0,0.9258519,0.0,0.0,0.4468931,0.48642525,-1.0,1.6900000000000002,2021-12-07T21:00:00,EURUSD,H1,1,BUY,-16.418726579208176,11,"hit_tp=False,hit_sl=True,regime=1"
0.0015324408,-0.00250826,-0.0030851194,-0.0032124405,0.38254014,0.2877089,0.35039127,0.36703053,0.38361958,0.4943962,0.12063664,0.33834386,0.21529536,0.6827628,0.0,0.496829,0.0006103596,0.26340997,0.631705,1.0,0.0,0.0,0.75,0.0669873,0.24432783,0.55958843,0.909365,0.21232739,0.3861662,0.6970376,0.71705604,0.0,0.0,0.34948894,-1.0,1.6900000000000002,2021-12-08T10:00:00,EURUSD,H1,1,BUY,-15.453670120793017,7,"hit_tp=False,hit_sl=True,regime=1"
-0.0050315857,-0.0009827529,-0.0069707814,-0.003243803,0.31344453,0.28390667,0.29752868,0.32933107,0.29663324,0.47328547,0.28688744,0.33859628,0.2180045,0.36239076,0.0,0.35623667,0.0004711425,0.1915168,0.5957584,1.0,0.0,0.0,0.0,0.5,0.2688729,0.48264718,0.9666493,1.0,1.0,0.03335072,0.43924606,0.0,0.0,0.6003349,1.0,3.9000000000000004,2021-12-08T18:00:00,EURUSD,H1,1,BUY,17.35891592266059,10,"hit_tp=True,hit_sl=False,regime=1"
0.0016807835,0.00071188377,-0.00177251,0.010715956,0.43361497,0.44029546,0.38558415,0.34320265,0.54766524,0.59510815,0.8486126,0.56023014,0.24413432,0.7546786,0.0,0.7637834,0.0015261847,0.67019737,0.8350987,1.0,0.0,0.0,0.9829629,0.62940955,0.57407886,0.44106454,0.78913265,1.0,1.0,0.21086733,0.4979931,0.0,0.0,0.39641485,-1.0,1.6900000000000002,2021-12-09T05:00:00,EURUSD,H1,1,BUY,-16.231753356739098,17,"hit_tp=False,hit_sl=True,regime=1"
0.014980696,0.011574145,-0.00076188997,0.0027026923,0.308167,0.34354523,0.32262263,0.31672725,0.353778,0.4753763,0.28492364,0.22071616,0.25140664,0.67327464,0.0,0.30296573,0.00074847415,0.4007352,0.7003676,1.0,0.0,0.0,0.8535534,0.8535534,0.15029489,0.44731808,1.0,0.6,1.0,0.4,0.0,0.52712476,0.5495396,0.4925547,-1.0,1.3,2021-12-10T03:00:00,EURUSD,H1,1,BUY,-13.805211688133756,3,"hit_tp=False,hit_sl=True,regime=1"
0.0025435314,-0.01019883,-0.01313333,-0.005202869,0.26435614,0.3694795,0.37145677,0.32954204,0.34169123,0.45036662,0.15826009,0.33583236,0.11512495,0.6148157,0.0,0.5324393,0.0003731808,0.18708476,0.5935424,1.0,0.0,0.0,0.5,0.0,0.15781449,0.6111622,0.7415799,0.5060872,0.7506082,0.23549268,0.7400233,0.0,0.0,0.2837115,1.0,3.9000000000000004,2021-12-10T12:00:00,EURUSD,H1,1,BUY,20.454715786615285,14,"hit_tp=True,hit_sl=False,regime=1"
0.0063460204,0.0023354043,0.0007572004,0.0001649335,0.2992954,0.25489596,0.3154435,0.32789212,0.65853906,0.59550977,0.68258286,0.5112569,0.49555215,0.7769346,0.0,0.5247167,0.0023299349,0.7722511,0.88612556,1.0,0.0,0.0,0.9829629,0.37059048,0.6716305,0.50449777,0.7637484,0.7172212,1.0,0.046527203,0.736677,0.0,0.0,0.51903886,1.0,5.0,2021-12-11T07:00:00,EURUSD,H1,1,BUY,19.945102818219596,25,"hit_tp=True,hit_sl=False,regime=1"
0.004347564,0.0028456396,-0.015303783,-0.021983515,0.5293945,0.45309445,0.37078905,0.31397578,0.52751714,0.45279652,0.38498935,0.17422587,0.34627625,0.7437252,0.0,0.49406245,0.0036608125,0.5685342,0.7842671,1.0,0.0,0.0,0.25,0.0669873,0.4611031,0.3920863,0.98251235,0.743968,1.0,0.23854429,0.7919959,0.0,0.0,0.3086259,-1.0,1.6900000000000002,2021-12-12T14:00:00,EURUSD,H1,1,BUY,-12.661958391595451,3,"hit_tp=False,hit_sl=True,regime=1"
0.0064027826,0.005376716,0.0036906602,-0.011198029,0.26803875,0.24963734,0.3606927,0.31325632,0.4306,0.34177554,0.23583317,0.207999,0.248,0.6440769,0.0,0.44498593,0.0024762491,0.97665703,0.9883285,1.0,0.0,0.0,0.0669873,0.75,0.2193728,0.49089932,1.0,1.0,1.0,0.0,0.55889386,0.0,0.0,0.6,1.0,5.0,2021-12-12T20:00:00,EURUSD,H1,1,BUY,17.252564557912464,7,"hit_tp=True,hit_sl=False,regime=1"
0.0013233474,-0.0035884387,0.0014828822,0.015535603,0.31352565,0.31611452,0.29865247,0.3314815,0.5419273,0.55573016,0.7586463,0.7485379,0.17606539,0.636125,0.0,0.6788849,0.0025011036,0.63023365,0.8151168,1.0,0.0,0.0,0.9330127,0.75,0.5909732,0.46077448,0.3794853,0.0,0.0,0.3794853,0.6324755,0.0,0.0,0.4702152,-1.0,1.6900000000000002,2021-12-13T04:00:00,EURUSD,H1,1,BUY,-11.956851344756547,7,"hit_tp=False,hit_sl=True,regime=1"
0.005205317,0.0009699595,-0.005406479,-0.02528678,0.28651989,0.43914774,0.35822466,0.3334303,0.25182733,0.31530356,0.19795613,0.13945267,0.18787879,0.66424096,0.0,0.42327732,0.00048954383,0.2739216,0.6369608,1.0,0.0,0.0,0.14644662,0.14644662,0.15846997,0.50532484,0.7048457,0.0,0.0,0.7048457,0.0,0.0,0.4132767,0.39742053,-1.0,1.3,2021-12-13T15:00:00,EURUSD,H1,1,BUY,-12.755721700774547,3,"hit_tp=False,hit_sl=True,regime=1"
0.010094453,0.004266243,-0.004202834,-0.0033487128,0.3512743,0.31081334,0.32806927,0.334879,0.251458,0.3855723,0.2435283,0.19090447,0.24885227,0.6974142,0.0,0.34162492,0.00050446804,0.20999011,0.6049951,1.0,0.0,0.0,0.5,1.0,0.23837152,0.57043755,0.78872806,0.0,0.0,0.78872806,0.0,0.5237632,0.42276463,0.44827768,-1.0,1.3,2021-12-14T00:00:00,EURUSD,H1,1,BUY,-14.847902938888158,9,"hit_tp=False,hit_sl=True,regime=1"
0.008881984,0.009257669,0.004737701,-0.0053270115,0.44276914,0.45074028,0.36633602,0.3565024,0.25349468,0.4585263,0.30790606,0.3369114,0.12603071,0.64702123,0.0,0.18451875,0.00081356114,0.24801557,0.62400776,1.0,0.0,0.0,0.14644662,0.14644662,0.2195923,0.50494975,0.5537278,0.0,0.0,0.5537278,0.34799376,0.0,0.0,0.7868373,1.0,4.680000000000001,2021-12-14T15:00:00,EURUSD,H1,1,BUY,19.99515738331681,24,"hit_tp=True,hit_sl=False,regime=1"
-0.0066176383,-0.0070605483,-0.0006421644,0.0011677981,0.46392864,0.54563326,0.4378468,0.38396186,0.6364131,0.5733139,0.6858713,0.51398426,0.31993088,0.25572303,0.0,0.79429024,0.001927841,0.8412921,0.920646,1.0,0.0,0.0,0.017037086,0.62940955,0.7862746,0.4701571,0.6,0.25982946,0.31179535,0.34017056,0.25982946,0.0,0.0,0.69456583,-1.0,2.028,2021-12-15T19:00:00,EURUSD,H1,1,BUY,-19.059778568213392,30,"hit_tp=False,hit_sl=True,regime=1"
-3.615191e-05,-0.0008323459,-0.005298822,-0.015433614,0.3968908,0.38290173,0.34219623,0.35559416,0.23674141,0.38393235,0.20879029,0.30132854,0.30410397,0.29625404,0.0,0.26638144,0.0008417194,0.42879587,0.7143979,1.0,0.0,0.0,0.9330127,0.75,0.16042328,0.41589004,0.43930158,0.24006736,0.21092394,0.19923422,0.43930158,0.0,0.0,0.6040925,-1.0,1.3,2021-12-17T04:00:00,EURUSD,H1,1,BUY,-18.21334422977605,12,"hit_tp=False,hit_sl=True,regime=1"
0.003340446,-0.0018381977,-0.004778952,-0.0037841855,0.4034611,0.31927854,0.38544923,0.33757582,0.3309369,0.4987485,0.2866648,0.44081387,0.29909256,0.71963465,0.0,0.37672085,0.00091269513,0.3763216,0.68816084,1.0,0.0,0.0,0.017037086,0.37059048,0.27929822,0.4276505,0.4,0.94205576,0.7536446,0.5420557,0.36030886,0.0,0.0,0.37486514,1.0,5.0,2021-12-17T17:00:00,EURUSD,H1,1,BUY,22.307924800915035,50,"hit_tp=True,hit_sl=False,regime=1"
0.0039076856,0.0021191314,0.009476325,0.012493116,0.41802317,0.41422984,0.3733534,0.37618506,0.5093237,0.5256054,0.7298438,0.63603806,0.25889647,0.69026136,0.0,0.5034032,0.0019664827,0.66599613,0.8329981,1.0,0.0,0.0,0.0669873,0.75,0.6520472,0.64812493,1.0,0.0,0.0,1.0,0.0,0.0,0.0,0.5796579,-1.0,1.6900000000000002,2021-12-19T20:00:00,EURUSD,H1,1,BUY,-19.028046138218624,10,"hit_tp=False,hit_sl=True,regime=1"
0.007771133,0.0014754243,-0.004949801,-0.021771558,0.4543076,0.35128567,0.3322163,0.35023966,0.40833342,0.40889746,0.14439471,0.3085707,0.19373724,0.6343174,0.0,0.451625,0.0015944436,0.85532767,0.92766386,1.0,0.0,0.0,0.9829629,0.37059048,0.15139203,0.6015789,0.7057408,0.0,0.0,0.7057408,0.0,0.0,0.0,0.4275008,-1.0,2.028,2021-12-20T07:00:00,EURUSD,H1,1,BUY,-18.48177825346964,23,"hit_tp=False,hit_sl=True,regime=1"
0.0037585222,0.0014742492,-0.006735857,-0.01104373,0.3328911,0.29481596,0.39069423,0.32008442,0.19548956,0.43132448,0.22639078,0.3109027,0.24027027,0.66594493,0.0,0.3095429,0.0010967845,0.43000492,0.7150025,1.0,0.0,0.0,0.75,0.0669873,0.12555557,0.3507333,0.77425206,0.0,0.0,0.77425206,0.0,0.5194011,0.0,0.35818204,-1.0,2.028,2021-12-21T10:00:00,EURUSD,H1,1,BUY,-20.194641690471915,23,"hit_tp=False,hit_sl=True,regime=1"
0.0137764495,0.010858523,0.009178507,-0.023062848,0.40010285,0.4110995,0.3511036,0.3292316,0.4177193,0.44108233,0.26318398,0.27431452,0.114678115,0.620392,0.0,0.34086877,0.0013307518,0.5529041,0.77645206,1.0,0.0,0.0,0.75,0.0669873,0.15065213,0.40249225,1.0,0.21198839,0.42397678,0.7880116,0.4943744,0.0,0.527054,0.6,1.0,5.0,2021-12-22T10:00:00,EURUSD,H1,1,BUY,20.32698677539191,19,"hit_tp=True,hit_sl=False,regime=1"
-0.0043975855,0.006264157,0.017454788,0.01710225,0.37068447,0.29909566,0.28171945,0.3201944,0.67897636,0.5966934,1.0,0.80131394,0.30356082,0.31472674,0.0,0.7111143,0.0027127832,0.5039866,0.7519933,1.0,0.0,0.0,1.0,0.5,1.0,0.5435137,0.58094037,0.8175866,0.9499381,0.23664619,0.51068354,0.0,0.0,0.30058938,-1.0,1.6900000000000002,2021-12-23T06:00:00,EURUSD,H1,1,BUY,-15.017958760865646,6,"hit_tp=False,hit_sl=True,regime=1"
-0.0013811971,-0.022524295,-0.020924754,-0.022867372,0.31974754,0.3134837,0.37450135,0.31631637,0.42349282,0.45191666,0.07157181,0.17370154,0.20532715,0.34119985,0.0,0.3813996,0.001249645,0.71377075,0.8568854,1.0,0.0,0.0,0.37059048,0.017037086,0.26958188,0.32354292,1.0,0.8,1.0,0.2,0.6724059,0.0,0.0,0.43431395,-1.0,1.6900000000000002,2021-12-23T13:00:00,EURUSD,H1,1,BUY,-16.34058356599244,5,"hit_tp=False,hit_sl=True,regime=1"
0.010502444,0.007418663,0.0026212318,-0.01822003,0.33872962,0.31708226,0.29743475,0.3196116,0.2171816,0.38014516,0.2600393,0.26237953,0.24281901,0.7017378,0.0,0.29123682,0.0010110436,0.51955545,0.7597777,1.0,0.0,0.0,0.017037086,0.62940955,0.15037334,0.4050493,1.0,0.2840038,0.5680076,0.7159962,0.35500473,0.5131323,0.46775222,0.54279464,-1.0,2.028,2021-12-23T19:00:00,EURUSD,H1,1,BUY,-17.06225776358039,47,"hit_tp=False,hit_sl=True,regime=1"
-0.00022089154,-0.0051487177,-0.008151223,-0.0003459418,0.73930234,0.5702491,0.4576016,0.36284572,0.42331898,0.5066928,0.5191715,0.55410296,0.18939555,0.33773366,0.0,0.47824574,0.0011223981,0.6580456,0.8290228,1.0,0.0,0.0,0.017037086,0.62940955,0.37947452,0.5326789,0.9004363,0.0,0.0,0.9004363,0.743028,0.0,0.0,0.6162531,-1.0,1.6900000000000002,2021-12-25T19:00:00,EURUSD,H1,1,BUY,-16.960215670185352,4,"hit_tp=False,hit_sl=True,regime=1"
0.007964174,0.004404463,0.0012579719,-0.0038205117,0.3535441,0.39127597,0.3482546,0.37920973,0.14498727,0.45634466,0.3117348,0.3703519,0.27204302,0.7057036,0.0,0.22189692,0.0009288662,0.39247653,0.6962383,1.0,0.0,0.0,1.0,0.5,0.22515632,0.5162958,0.87296695,0.0,0.0,0.87296695,0.0,0.0,0.0,0.52573395,1.0,5.0,2021-12-26T06:00:00,EURUSD,H1,1,BUY,23.3980081554086,23,"hit_tp=True,hit_sl=False,regime=1"
-0.0010167016,0.004918786,0.008309579,0.019626722,0.6735687,0.54781544,0.42542562,0.35454595,0.47643575,0.549061,0.8497346,0.6259958,0.14970946,0.3662421,0.0,0.6405673,0.0023255649,0.8804783,0.94023913,1.0,0.0,0.0,1.0,0.5,0.7325524,0.53099847,0.77901363,0.0,0.0,0.77901363,0.44753402,0.0,0.0,0.25900128,-1.0,1.6900000000000002,2021-12-27T06:00:00,EURUSD,H1,1,BUY,-17.29633100588268,2,"hit_tp=False,hit_sl=True,regime=1"
0.0020069194,-0.0012192618,-0.0145674385,-0.009652236,0.6699942,0.693467,0.5088302,0.3897235,0.49954927,0.48568487,0.13149911,0.35695764,0.18726179,0.673578,0.0,0.5602469,0.001598357,0.8722952,0.93614763,1.0,0.0,0.0,0.8535534,0.14644662,0.27280372,0.5655452,0.94033855,0.0,0.0,0.94033855,0.81827503,0.0,0.0,0.26476243,1.0,5.0,2021-12-27T09:00:00,EURUSD,H1,1,BUY,26.53695531909861,28,"hit_tp=True,hit_sl=False,regime=1"
0.0018650508,0.00572368,0.0013595228,-0.012291703,0.16624619,0.19906671,0.24821441,0.28558454,0.42339256,0.39048308,0.24967127,0.14201303,0.13500948,0.63121367,0.0,0.5286369,0.0025130194,0.9187497,0.95937485,1.0,0.0,0.0,0.62940955,0.9829629,0.37849215,0.643215,0.65041274,0.29082844,0.37831703,0.3595843,0.3902526,0.0,0.0,0.51095325,1.0,5.0,2021-12-29T01:00:00,EURUSD,H1,1,BUY,17.251025775553153,18,"hit_tp=True,hit_sl=False,regime=1"
-0.002683899,0.001002642,0.0072498834,0.016564202,0.2519083,0.25283274,0.25686762,0.3114367,0.7175342,0.56266046,0.93651587,0.8279356,0.14679892,0.34637824,0.0,0.71094173,0.003680439,0.41460082,0.7073004,1.0,0.0,0.0,0.0669873,0.75,0.9442525,0.47600508,0.5982477,0.74151397,0.887218,0.14326623,0.7399862,0.0,0.0,0.327662,-1.0,1.6900000000000002,2021-12-29T20:00:00,EURUSD,H1,1,BUY,-13.214480323548994,15,"hit_tp=False,hit_sl=True,regime=1"
-0.0042904643,-0.0042210137,-0.0022867946,0.0014764394,0.4240807,0.3506488,0.30372754,0.31751323,0.35995692,0.45220813,0.35180148,0.5598589,0.21965174,0.27210394,0.0,0.5358062,0.001278842,0.82522833,0.91261417,1.0,0.0,0.0,0.5,0.0,0.4053724,0.5366818,0.9126425,1.0,1.0,0.08735754,0.40157923,0.0,0.0,0.6,-1.0,1.6900000000000002,2021-12-30T12:00:00,EURUSD,H1,1,BUY,-12.23158027665594,4,"hit_tp=False,hit_sl=True,regime=1"
0.0089648515,0.004518837,0.0023562796,-0.0029043083,0.50946975,0.5111269,0.4290111,0.33791736,0.3842612,0.43956363,0.26735705,0.42852893,0.37171447,0.74006677,0.0,0.5056058,0.0011382538,0.73334527,0.86667264,1.0,0.0,0.0,0.017037086,0.37059048,0.13035218,0.4525821,0.8361392,0.2154395,0.36027482,0.6206997,0.35906583,0.0,0.0,0.54540753,-1.0,2.028,2021-12-30T17:00:00,EURUSD,H1,1,BUY,-16.554530468666506,27,"hit_tp=False,hit_sl=True,regime=1"
0.0024968586,0.00096551975,0.010077025,0.0013969854,0.33960384,0.3547478,0.31139937,0.3395341,0.40811756,0.48376733,0.36393097,0.63884646,0.19233227,0.6416866,0.0,0.3786414,0.0010683456,0.6252205,0.8126102,1.0,0.0,0.0,0.9330127,0.25,0.32107735,0.48242548,0.7717643,0.73986274,1.0,0.03190154,0.43844992,0.0,0.0,0.51404876,-1.0,1.6900000000000002,2022-01-01T08:00:00,EURUSD,H1,1,BUY,-15.800145197892856,19,"hit_tp=False,hit_sl=True,regime=1"
0.002409533,-0.007370605,-0.0053215404,-0.008837013,0.39433333,0.41952246,0.4068705,0.3379523,0.250507,0.44809976,0.22464392,0.42731345,0.1593477,0.63381004,0.0,0.18728167,0.0010040015,0.54466534,0.77233267,1.0,0.0,0.0,0.9330127,0.75,0.17603816,0.4534282,0.37316635,1.0,0.7463327,0.6268336,0.62194395,0.5118071,0.41617692,0.5014975,-1.0,2.028,2022-01-02T04:00:00,EURUSD,H1,1,BUY,-16.94706352104669,62,"hit_tp=False,hit_sl=True,regime=1"
0.009001626,0.0078106886,0.012508052,0.019362343,0.19649489,0.24881503,0.33579925,0.34923708,0.3812273,0.48579043,0.44810063,0.6408776,0.20714726,0.65228915,0.0,0.45523286,0.0012031653,0.5519141,0.77595705,1.0,0.0,0.0,0.9829629,0.62940955,0.33580542,0.47338682,1.0,0.0,0.0,1.0,0.0,0.0,0.0,0.7628027,1.0,5.0,2022-01-05T05:00:00,EURUSD,H1,1,BUY,24.73731126917622,7,"hit_tp=True,hit_sl=False,regime=1"
-0.0074605336,-0.010521676,-0.008095945,-0.007132917,0.30202815,0.27022177,0.2970953,0.32988968,0.7151537,0.520488,0.56772804,0.49873617,0.17150396,0.37871906,0.0,0.66257864,0.004554351,0.41453806,0.707269,1.0,0.0,0.0,0.8535534,0.8535534,0.6608274,0.41921255,0.7605497,0.5682542,0.8643712,0.19229557,0.34933197,0.0,0.0,0.7456517,1.0,3.9000000000000004,2022-01-06T03:00:00,EURUSD,H1,1,BUY,20.58333943754098,13,"hit_tp=True,hit_sl=False,regime=1"
0.010453766,0.0030019514,0.013035492,0.016584633,0.39169157,0.3265864,0.2890861,0.30941623,0.6804876,0.50951576,0.8590314,0.6653641,0.24451257,0.6787401,0.0,0.736758,0.0059577273,0.21183151,0.6059158,1.0,0.0,0.0,0.017037086,0.37059048,0.7400027,0.50091183,0.73384315,0.22755723,0.33398262,0.5062859,0.28444654,0.0,0.0,0.6245288,-1.0,1.3,2022-01-06T17:00:00,EURUSD,H1,1,BUY,-16.97449792545269,8,"hit_tp=False,hit_sl=True,regime=1"
0.0002622598,0.0015937551,0.00020753105,-0.0038033803,0.23144665,0.33634272,0.37332124,0.32730544,0.45934728,0.4387184,0.29661328,0.52658147,0.17859365,0.6310168,0.0,0.4758955,0.0048008906,0.45160323,0.72580165,1.0,0.0,0.0,1.0,0.5,0.4269528,0.5539725,0.87400615,0.0,0.0,0.87400615,0.50332946,0.0,0.0,0.45280802,1.0,5.0,2022-01-07T06:00:00,EURUSD,H1,1,BUY,21.941302871990587,15,"hit_tp=True,hit_sl=False,regime=1"
0.0025481663,0.0019777713,0.00988219,0.01183293,0.25811255,0.25175226,0.28408298,0.3018741,0.4687282,0.49482295,0.68916315,0.7404179,0.19595084,0.63187975,0.0,0.5160005,0.0026030985,0.41361883,0.7068094,1.0,0.0,0.0,0.75,0.0669873,0.6271651,0.43546665,1.0,0.0,0.0,1.0,0.0,0.0,0.0,0.5387481,1.0,5.0,2022-01-08T10:00:00,EURUSD,H1,1,BUY,20.237029768068737,32,"hit_tp=True,hit_sl=False,regime=1"
0.008214516,0.0072573284,-0.0003464566,-0.002840969,0.18234643,0.2522403,0.2991396,0.35305715,0.46802396,0.49305674,0.4286393,0.4503081,0.1679304,0.6278784,0.0,0.37229767,0.0014052421,0.96904624,0.9845231,1.0,0.0,0.0,1.0,0.5,0.3523427,0.5437206,1.0,0.36855656,0.7371131,0.63144344,0.25504592,0.0,0.0,0.49380153,1.0,5.0,2022-01-10T06:00:00,EURUSD,H1,1,BUY,20.553235588463004,15,"hit_tp=True,hit_sl=False,regime=1"
-0.0059664813,-0.0075700395,-0.007377823,0.01450546,0.21413398,0.34471598,0.38168296,0.33781925,0.68173486,0.5818356,0.7627499,0.77861935,0.25886568,0.2947107,0.0,0.5697259,0.004061145,0.27960676,0.6398034,1.0,0.0,0.0,0.9330127,0.75,0.8079187,0.59743303,0.64224464,0.8,1.0,0.15775535,0.5599359,0.0,0.0,0.8,-1.0,1.56,2022-01-11T04:00:00,EURUSD,H1,1,BUY,-18.15753778344087,21,"hit_tp=False,hit_sl=True,regime=1"
-0.0010303837,-0.0075629894,-0.0069351834,-0.01909906,0.3142902,0.36490372,0.32480502,0.29831392,0.25916374,0.33961368,0.18944326,0.19878444,0.15691283,0.36615083,0.0,0.32751244,0.00233855,0.8828131,0.94140655,1.0,0.0,0.0,0.8535534,0.8535534,0.18670101,0.5247958,1.0,0.8,1.0,0.2,0.40568313,0.0,0.0,0.47545195,1.0,5.0,2022-01-12T03:00:00,EURUSD,H1,1,BUY,16.57652384310815,17,"hit_tp=True,hit_sl=False,regime=1"
0.0044889096,0.0010073711,-4.247391e-05,0.012069402,0.328862,0.3350215,0.3295953,0.3452735,0.72379607,0.5739925,0.7207994,0.6895574,0.1949355,0.69669116,0.0,0.73947006,0.0023302026,0.8417954,0.92089766,1.0,0.0,0.0,0.14644662,0.8535534,0.7057054,0.44974414,1.0,0.0,0.0,1.0,0.52277136,0.0,0.0,0.4985869,1.0,5.0,2022-01-12T21:00:00,EURUSD,H1,1,BUY,18.986197426889007,26,"hit_tp=True,hit_sl=False,regime=1"
0.0076376735,0.0070038675,0.013431259,0.029798988,0.36703533,0.3846571,0.33755955,0.3384819,0.71446496,0.5977907,0.79044056,0.7274266,0.20311365,0.68655956,0.0,0.6068023,0.0038447087,0.19296423,0.5964821,1.0,0.0,0.0,0.62940955,0.9829629,0.807731,0.41582254,1.0,1.0,1.0,0.0,0.8025894,0.0,0.0,0.7118575,1.0,3.9000000000000004,2022-01-14T01:00:00,EURUSD,H1,1,BUY,17.015007641039137,14,"hit_tp=True,hit_sl=False,regime=1"
-0.001487572,-0.0103640165,-0.010040337,-0.015933393,0.20547238,0.15890591,0.27165815,0.30359834,0.6796227,0.48468906,0.53253,0.36569422,0.22559808,0.3259209,0.0,0.7220357,0.004962349,0.29318258,0.6465913,1.0,0.0,0.0,0.62940955,0.9829629,0.63205874,0.5083858,0.9857376,0.8,1.0,0.18573761,0.47732684,0.0,0.0,0.4834729,1.0,3.9000000000000004,2022-01-15T01:00:00,EURUSD,H1,1,BUY,14.776210807427859,5,"hit_tp=True,hit_sl=False,regime=1"
0.0021399674,-0.0025073031,0.0029359201,0.003245157,0.43782198,0.48101205,0.4065558,0.34971622,0.4328484,0.43688494,0.49596572,0.45544595,0.19144523,0.63445455,0.0,0.29928192,0.0053306967,0.33607623,0.66803813,1.0,0.0,0.0,0.75,0.0669873,0.56823105,0.57847863,0.36543235,0.0,0.0,0.36543235,0.36543235,0.0,0.0,0.5049731,1.0,3.9000000000000004,2022-01-15T10:00:00,EURUSD,H1,1,BUY,18.342473578183416,8,"hit_tp=True,hit_sl=False,regime=1"
0.001642529,0.0008168747,-0.008923328,0.004374079,0.6137396,0.5310179,0.40287673,0.3845702,0.6296182,0.48312557,0.6635318,0.5420332,0.18889455,0.66636944,0.0,0.49973536,0.005351328,0.3497712,0.6748856,1.0,0.0,0.0,0.017037086,0.62940955,0.68483156,0.46053943,1.0,0.59860986,1.0,0.40139014,0.46578664,0.0,0.0,0.2806934,1.0,5.0,2022-01-15T19:00:00,EURUSD,H1,1,BUY,24.565838480061775,39,"hit_tp=True,hit_sl=False,regime=1"
0.003005864,0.0018842298,0.0029726254,0.01307425,0.26530817,0.21510096,0.38755748,0.3328627,0.6335028,0.5634238,0.7624157,0.73557013,0.10751853,0.6342289,0.0,0.7454794,0.003141296,0.2893654,0.6446827,1.0,0.0,0.0,0.0,0.5,0.78003585,0.49408883,0.9466915,0.8,1.0,0.1466915,0.43121567,0.0,0.0,0.7457869,-1.0,1.3,2022-01-17T18:00:00,EURUSD,H1,1,BUY,-15.603430638064797,3,"hit_tp=False,hit_sl=True,regime=1"
0.00036386107,7.914647e-05,0.0029277315,0.0010717703,0.24044989,0.24615757,0.2908808,0.32724026,0.19894867,0.4190966,0.33184877,0.58574194,0.24269663,0.66036,0.0,0.18998966,0.00053964823,0.35887742,0.6794387,1.0,0.0,0.0,0.9829629,0.37059048,0.29779664,0.5072646,0.7129984,0.0,0.0,0.7129984,0.37375447,0.0,0.0,0.46243346,-1.0,1.6900000000000002,2022-01-18T07:00:00,EURUSD,H1,1,BUY,-18.69769962938861,9,"hit_tp=False,hit_sl=True,regime=1"
0.004499354,0.006108861,0.0056170085,0.0050241537,0.2833754,0.26785558,0.3151583,0.30763403,0.37146428,0.4621359,0.33382466,0.5056642,0.16695227,0.6265785,0.0,0.19361229,0.0008089049,0.3695706,0.6847853,1.0,0.0,0.0,0.017037086,0.37059048,0.30062214,0.38326076,1.0,0.4,0.8,0.6,0.6410446,0.0,0.0,0.8,-1.0,1.6900000000000002,2022-01-18T17:00:00,EURUSD,H1,1,BUY,-14.450918990971395,5,"hit_tp=False,hit_sl=True,regime=1"
0.00028399876,-0.0006791702,-0.006596599,-0.020457344,0.2002836,0.30297524,0.3148335,0.35247976,0.119580284,0.41219237,0.21772106,0.12407709,0.2019431,0.6391587,0.0,0.08531356,0.00026234493,0.07112573,0.5355629,1.0,0.0,0.0,0.62940955,0.017037086,0.18519546,0.50674105,0.38268623,0.0,0.0,0.38268623,0.38268623,0.0,0.0,0.22377595,-1.0,1.56,2022-01-19T11:00:00,EURUSD,H1,1,BUY,-19.482507035744057,49,"hit_tp=False,hit_sl=True,regime=1"
0.012380722,0.010825154,0.006411045,-0.0007082426,0.34805164,0.30670008,0.3668083,0.34591922,0.39580888,0.47093093,0.33966193,0.46313578,0.2422045,0.6544907,0.0,0.42795235,0.0010477336,0.53148675,0.7657434,1.0,0.0,0.0,0.0,0.5,0.2206288,0.36591354,1.0,1.0,1.0,0.0,0.66549623,0.0,0.0,0.6,-1.0,1.6900000000000002,2022-01-21T18:00:00,EURUSD,H1,1,BUY,-19.387917420323753,10,"hit_tp=False,hit_sl=True,regime=1"
0.00089328695,-0.0027725843,-0.006974525,-0.030015105,0.35594633,0.3262146,0.24534947,0.33534655,0.245182,0.41065857,0.09283422,0.18472199,0.29276437,0.723064,0.0,0.19064796,0.00029885885,0.1704888,0.5852444,1.0,0.0,0.0,0.25,0.0669873,0.14243878,0.54154736,1.0,0.8616647,1.0,0.13833527,0.48857707,0.0,0.0,0.26115716,-1.0,1.3,2022-01-26T14:00:00,EURUSD,H1,1,BUY,-15.05538705760534,7,"hit_tp=False,hit_sl=True,regime=1"
0.015848344,0.006850208,0.005345052,-0.0060743145,0.3484486,0.33001933,0.3529091,0.29671502,0.25197053,0.43187395,0.26526684,0.2541126,0.3651325,0.7432848,0.0,0.35940245,0.0007917898,0.3344726,0.66723627,1.0,0.0,0.0,0.25,0.9330127,0.18292825,0.4883803,1.0,0.21939498,0.43878996,0.780605,0.3656583,0.5240344,0.46557257,0.56088907,-1.0,1.6900000000000002,2022-01-26T22:00:00,EURUSD,H1,1,BUY,-16.52185779729143,14,"hit_tp=False,hit_sl=True,regime=1"
0.004591069,0.0034245793,0.015043292,-0.008953927,0.41746667,0.43795568,0.38864195,0.3773825,0.48982474,0.5240868,0.3349609,0.56731176,0.18923959,0.6237667,0.0,0.5395147,0.001336542,0.46006545,0.73003274,1.0,0.0,0.0,0.14644662,0.14644662,0.3260671,0.5719655,1.0,0.0,0.0,1.0,0.38071382,0.0,0.0,0.5586042,0.0,1.56,2022-01-27T15:00:00,EURUSD,H1,1,BUY,7.9560293629055145,100,"hit_tp=False,hit_sl=False,regime=1"
0.005579151,0.002593958,0.00095480395,0.0028719108,0.23515813,0.28627774,0.3165099,0.31464037,0.6126479,0.5805562,0.71166253,0.5765793,0.2015625,0.6340117,0.0,0.6104813,0.0027611475,0.636198,0.81809896,1.0,0.0,0.0,0.14644662,0.8535534,0.686552,0.4742548,0.81153065,0.44115555,0.7160225,0.3703751,0.3179142,0.0,0.0,0.52807975,1.0,5.0,2022-01-31T21:00:00,EURUSD,H1,1,BUY,18.62512958046958,32,"hit_tp=True,hit_sl=False,regime=1"
0.00050127535,0.0021898416,-0.0051898896,-0.009066446,0.35640872,0.28687713,0.35585698,0.32812947,0.5557088,0.49976817,0.5488058,0.37866375,0.31079623,0.71548504,0.0,0.5620892,0.002854183,0.4511752,0.7255876,1.0,0.0,0.0,0.75,0.0669873,0.5625854,0.49516588,0.37828147,0.38883713,0.29417977,0.010555655,0.37828147,0.0,0.0,0.43142566,1.0,3.9000000000000004,2022-02-02T10:00:00,EURUSD,H1,1,BUY,18.834552770876645,3,"hit_tp=True,hit_sl=False,regime=1"
0.008051902,0.0062635276,-0.0034080544,0.0005019864,0.18919826,0.29716948,0.3062883,0.33445504,0.50526416,0.4292674,0.36548832,0.28185248,0.18157151,0.65322924,0.0,0.4824506,0.0038876457,0.4062219,0.70311093,1.0,0.0,0.0,0.9829629,0.37059048,0.47303203,0.4336804,1.0,0.26144654,0.5228931,0.73855346,0.32680815,0.0,0.0,0.44757542,-1.0,1.6900000000000002,2022-02-03T07:00:00,EURUSD,H1,1,BUY,-13.875949883959127,16,"hit_tp=False,hit_sl=True,regime=1"
0.00026317075,-0.0015905687,-0.00613623,-0.013141973,0.49488726,0.4350031,0.3878651,0.3347468,0.36183524,0.37771136,0.1693688,0.38217163,0.21419598,0.6633032,0.0,0.34722272,0.0031730048,0.7879065,0.89395326,1.0,0.0,0.0,0.62940955,0.9829629,0.22357309,0.5402614,1.0,1.0,1.0,0.0,0.6741283,0.0,0.0,0.22369292,-1.0,2.028,2022-02-04T01:00:00,EURUSD,H1,1,BUY,-17.200678397342184,23,"hit_tp=False,hit_sl=True,regime=1"
0.005159332,0.0040608454,0.010259304,0.0101089645,0.31516796,0.28992456,0.29632807,0.2974075,0.28539893,0.46904838,0.45681524,0.7398081,0.10627219,0.6222152,0.0,0.34852532,0.0010230194,0.5028133,0.7514066,1.0,0.0,0.0,1.0,0.5,0.35123104,0.59052646,1.0,0.0,0.0,1.0,0.0,0.0,0.0,0.64857817,-1.0,1.6900000000000002,2022-02-05T06:00:00,EURUSD,H1,1,BUY,-12.704750198977433,20,"hit_tp=False,hit_sl=True,regime=1"
6.426847e-05,-0.0008360676,0.0011544909,-0.002519036,0.42278492,0.38322854,0.3796027,0.37648904,0.40980378,0.51291144,0.31166238,0.49129233,0.13223271,0.65237397,0.0,0.34642082,0.0009153178,0.44768107,0.72384053,1.0,0.0,0.0,0.8535534,0.8535534,0.3578702,0.42300293,0.8928528,0.0,0.0,0.8928528,0.6487932,0.0,0.0,0.41304862,-1.0,1.6900000000000002,2022-02-06T03:00:00,EURUSD,H1,1,BUY,-17.794386517668848,19,"hit_tp=False,hit_sl=True,regime=1"
-0.00022530173,0.0019049557,-0.0053068255,-0.008837613,0.22634834,0.19191456,0.2653161,0.343741,0.29538265,0.40037802,0.26621246,0.2948273,0.2486634,0.2914268,0.0,0.23106045,0.00060433795,0.29568154,0.6478408,1.0,0.0,0.0,0.37059048,0.9829629,0.2170343,0.65559584,1.0,0.38578203,0.77156407,0.614218,0.82699245,0.0,0.0,0.41412804,1.0,5.0,2022-02-06T23:00:00,EURUSD,H1,1,BUY,19.261148525764327,16,"hit_tp=True,hit_sl=False,regime=1"
-0.010055329,-0.012800388,-0.007442584,-0.0003092966,0.30609527,0.27669826,0.35342827,0.31568012,0.65624183,0.62524134,0.6584336,0.5370382,0.1533289,0.28959918,0.0,0.6777896,0.0022518858,0.9225435,0.96127176,1.0,0.0,0.0,0.0669873,0.25,0.75743175,0.5946645,0.74636996,0.7454635,1.0,0.0009064408,0.92617613,0.0,0.0,0.7321754,1.0,5.0,2022-02-07T16:00:00,EURUSD,H1,1,BUY,19.797764090589975,16,"hit_tp=True,hit_sl=False,regime=1"
-0.003979993,-0.00422984,0.003366504,-0.0004218132,0.333115,0.36576506,0.2812911,0.33830708,0.70575094,0.53574395,0.6229238,0.4245446,0.15733427,0.30606043,0.0,0.7785332,0.003517644,0.55707526,0.77853763,1.0,0.0,0.0,0.5,0.0,0.7248789,0.33486456,0.6889378,0.30247438,0.41677204,0.38646337,0.0,0.0,0.0,0.6019437,1.0,3.9000000000000004,2022-02-08T12:00:00,EURUSD,H1,1,BUY,20.50251586223073,15,"hit_tp=True,hit_sl=False,regime=1"
-0.00411874,-0.00093375257,-0.0005816,0.01142322,0.30962592,0.40702465,0.37294286,0.34042394,0.7299835,0.58136994,0.72080535,0.6875917,0.23001422,0.36089492,0.0,0.68026954,0.0056096683,0.22450134,0.6122507,1.0,0.0,0.0,0.8535534,0.14644662,0.79989326,0.44827682,0.5682978,0.9494795,1.0,0.3811817,0.45008248,0.0,0.0,0.5227858,-1.0,1.3,2022-02-09T09:00:00,EURUSD,H1,1,BUY,-16.394016814391676,14,"hit_tp=False,hit_sl=True,regime=1"
0.00032867206,0.0023217164,-0.0043029524,-0.007625,0.44643196,0.3848773,0.3123471,0.34288388,0.31049877,0.4011131,0.17811015,0.3276609,0.2251978,0.6709461,0.0,0.3424698,0.0031791027,0.69473207,0.84736603,1.0,0.0,0.0,0.5,1.0,0.2274641,0.5894991,0.6551761,0.4263622,0.5586846,0.22881393,0.38054875,0.0,0.0,0.42204145,1.0,5.0,2022-02-10T00:00:00,EURUSD,H1,1,BUY,19.220324285376122,13,"hit_tp=True,hit_sl=False,regime=1"
0.0022675553,-0.0033723651,-0.0062120613,0.00070802117,0.48567498,0.44984856,0.35469127,0.32162395,0.702569,0.50675744,0.52409244,0.47524685,0.18561842,0.6737704,0.0,0.6248136,0.0037304729,0.33634052,0.6681703,1.0,0.0,0.0,0.5,1.0,0.6122724,0.62355,0.53925806,0.22729146,0.2451375,0.31196657,0.40557063,0.0,0.0,0.32656345,-1.0,1.56,2022-02-11T00:00:00,EURUSD,H1,1,BUY,-15.598001673595707,58,"hit_tp=False,hit_sl=True,regime=1"
0.001186,-0.0018583761,-0.008942379,-0.022965595,0.3853261,0.40576136,0.41340917,0.37170133,0.3396294,0.39666158,0.1397534,0.18289772,0.22806574,0.66172034,0.0,0.36620724,0.0006714442,0.37359664,0.68679833,1.0,0.0,0.0,0.25,0.0669873,0.11806255,0.5277585,0.96265846,0.28770047,0.5539146,0.67495793,0.8242166,0.0,0.0,0.26286823,1.0,5.0,2022-02-13T14:00:00,EURUSD,H1,1,BUY,20.089087130845673,58,"hit_tp=True,hit_sl=False,regime=1"
-0.0011594831,0.002030501,0.016112292,0.014407431,0.5286592,0.41712293,0.35421067,0.3523608,0.67062104,0.570382,0.9675398,0.6930956,0.22600897,0.36317644,0.0,0.51485336,0.002378011,0.5567396,0.7783698,1.0,0.0,0.0,0.62940955,0.9829629,0.87503856,0.6020061,0.40087235,1.0,0.8017447,0.59912765,0.5123434,0.0,0.0,0.2377736,-1.0,1.6900000000000002,2022-02-16T01:00:00,EURUSD,H1,1,BUY,-16.165363805034083,13,"hit_tp=False,hit_sl=True,regime=1"
-0.0061044893,-0.015492252,-0.01621243,-0.025653204,0.33455166,0.33123606,0.3081581,0.32424074,0.21461642,0.3747988,0.08731259,0.25246274,0.29116654,0.30792654,0.0,0.22767635,0.0008015861,0.47988725,0.7399436,1.0,0.0,0.0,0.14644662,0.14644662,0.16491356,0.65186024,0.5508036,0.0,0.0,0.5508036,0.43713072,0.0,0.0,0.8258046,-1.0,1.6900000000000002,2022-02-16T15:00:00,EURUSD,H1,1,BUY,-14.555390937085466,18,"hit_tp=False,hit_sl=True,regime=1"
0.009323515,0.025627999,0.012111905,0.01643422,0.43957445,0.3062479,0.32079503,0.33297163,0.49332684,0.5166847,0.6218168,0.6053637,0.30134395,0.766634,0.0,0.3698077,0.001745596,0.87482244,0.9374112,1.0,0.0,0.0,0.75,0.0669873,0.44895926,0.5623717,0.5608626,0.6,0.67303514,0.039137386,0.0,0.0,0.0,0.543057,1.0,4.680000000000001,2022-02-17T10:00:00,EURUSD,H1,1,BUY,19.711431373035104,27,"hit_tp=True,hit_sl=False,regime=1"
-0.011041662,-0.017739777,-0.013284784,-0.0024419138,0.48237035,0.38893878,0.3880102,0.36736536,0.6077422,0.53084135,0.5895004,0.58063555,0.15608048,0.34508583,0.0,0.543919,0.0025633257,0.64558274,0.82279134,1.0,0.0,0.0,0.25,0.0669873,0.72297627,0.4572924,0.6,1.0,1.0,0.4,0.6977094,0.0,0.0,0.69835377,-1.0,1.6900000000000002,2022-02-18T14:00:00,EURUSD,H1,1,BUY,-16.521080322853265,13,"hit_tp=False,hit_sl=True,regime=1"
-0.0064639226,-0.004516422,-0.0008970582,-0.00525905,0.52464736,0.38749138,0.35018784,0.34608686,0.3494703,0.47272146,0.42360353,0.5960724,0.2270515,0.32532382,0.0,0.38358238,0.0017980931,0.94935316,0.9746766,1.0,0.0,0.0,0.9330127,0.75,0.44046035,0.5287124,0.7879883,1.0,1.0,0.21201168,0.5000281,0.0,0.0,0.52236223,1.0,5.0,2022-02-19T04:00:00,EURUSD,H1,1,BUY,19.252798697131368,7,"hit_tp=True,hit_sl=False,regime=1"
-0.014836928,-0.010964336,-0.013331445,-0.009160249,0.22542082,0.19406697,0.2785727,0.29402986,0.6590424,0.5312889,0.6352997,0.56002903,0.18985991,0.3669715,0.0,0.81262267,0.0036144042,0.39201546,0.6960077,1.0,0.0,0.0,0.9330127,0.75,0.77105117,0.59671617,0.6181498,1.0,1.0,0.38185015,0.0,0.0,0.0,0.8,-1.0,1.3,2022-02-20T04:00:00,EURUSD,H1,1,BUY,-13.750722372409818,3,"hit_tp=False,hit_sl=True,regime=1"
4.4679655e-05,-0.0067118714,-0.013733733,-0.0370609,0.28963155,0.30501783,0.25284877,0.28773808,0.44617277,0.35773093,0.17000593,0.102630086,0.17483644,0.6632193,0.0,0.58979267,0.0025051662,0.9088254,0.9544127,1.0,0.0,0.0,0.9330127,0.25,0.2927423,0.44613788,1.0,0.0,0.0,1.0,0.70793295,0.0,0.0,0.20193802,1.0,5.0,2022-02-20T08:00:00,EURUSD,H1,1,BUY,14.75744739279472,9,"hit_tp=True,hit_sl=False,regime=1"
-0.006242398,0.004879863,0.0033606705,0.01454008,0.35793224,0.345945,0.34351304,0.3050088,0.5183368,0.53462476,0.8126102,0.81170344,0.2481,0.2624075,0.0,0.5590067,0.0037358175,0.370781,0.68539053,1.0,0.0,0.0,0.0,0.5,0.67135805,0.44799086,0.8,0.0,0.0,0.8,0.0,0.0,0.0,0.5983808,1.0,3.9000000000000004,2022-02-20T18:00:00,EURUSD,H1,1,BUY,16.33207455616903,17,"hit_tp=True,hit_sl=False,regime=1"
0.0037390336,-0.0073510753,-0.010280839,0.006901563,0.4048563,0.4344267,0.3969117,0.37011883,0.6542131,0.5194753,0.5728573,0.5292272,0.2521739,0.7433081,0.0,0.55252403,0.002654137,0.43760318,0.7188016,1.0,0.0,0.0,0.25,0.0669873,0.6382487,0.47184467,0.8175368,0.0,0.0,0.8175368,0.5259603,0.0,0.0,0.32627517,-1.0,2.028,2022-02-21T14:00:00,EURUSD,H1,1,BUY,-17.965204510403954,32,"hit_tp=False,hit_sl=True,regime=1"
0.0007373281,-0.0009246138,0.0046660346,0.003188988,0.26425967,0.27272868,0.2682018,0.32725307,0.32264522,0.49579352,0.42833573,0.7295213,0.1844413,0.6708874,0.0,0.38417357,0.0008001589,0.49287876,0.7464394,1.0,0.0,0.0,0.75,0.0669873,0.36701328,0.42749557,0.70984274,0.0,0.0,0.70984274,0.35373303,0.0,0.0,0.45537463,-1.0,1.6900000000000002,2022-02-23T10:00:00,EURUSD,H1,1,BUY,-13.363345486718803,3,"hit_tp=False,hit_sl=True,regime=1"
0.0034433205,0.0026557343,0.0009833132,-0.013834505,0.34268683,0.31417817,0.29762116,0.32676065,0.3324881,0.4695882,0.20565763,0.35569233,0.17911647,0.64161557,0.0,0.47368032,0.0006063193,0.32363462,0.6618173,1.0,0.0,0.0,0.14644662,0.14644662,0.2087982,0.5279531,1.0,0.3320063,0.6640126,0.6679937,0.4150079,0.0,0.0,0.54997766,1.0,5.0,2022-02-23T15:00:00,EURUSD,H1,1,BUY,15.457186461098615,12,"hit_tp=True,hit_sl=False,regime=1"
-0.0018103558,0.0026983311,0.0051679537,0.02658866,0.36397702,0.38337868,0.40585682,0.34652758,0.715691,0.6675489,0.85447156,0.8426613,0.2483126,0.30683178,0.0,0.7108543,0.0023876603,0.80045265,0.9002263,1.0,0.0,0.0,0.9330127,0.75,0.8656405,0.5905101,0.44098562,0.53412014,0.4710786,0.09313451,0.73497605,0.0,0.0,0.32361782,1.0,5.0,2022-02-24T04:00:00,EURUSD,H1,1,BUY,19.599202600446564,43,"hit_tp=True,hit_sl=False,regime=1"
-0.0056275045,-0.00480968,-0.0028283224,0.010440989,0.21705349,0.25526536,0.3109749,0.35795888,0.6675877,0.56763005,0.7316111,0.75649494,0.15257142,0.32195887,0.0,0.57271683,0.0034495052,0.27958727,0.63979363,1.0,0.0,0.0,0.9330127,0.75,0.8092404,0.44315413,0.6588611,1.0,1.0,0.3411389,0.35260347,0.0,0.0,0.6,-1.0,1.3,2022-02-26T04:00:00,EURUSD,H1,1,BUY,-14.603361833349648,18,"hit_tp=False,hit_sl=True,regime=1"
0.0055049346,0.0064613167,-0.0061339815,-0.015318615,0.31832802,0.3512208,0.36720437,0.338153,0.3888201,0.38257498,0.18984316,0.22044016,0.19363892,0.68586725,0.0,0.3645873,0.0026658773,0.7982112,0.8991056,1.0,0.0,0.0,0.37059048,0.9829629,0.10323273,0.5936037,0.8,0.0,0.0,0.8,0.58327544,0.0,0.0,0.57329667,-1.0,2.028,2022-02-26T23:00:00,EURUSD,H1,1,BUY,-15.77008174253658,26,"hit_tp=False,hit_sl=True,regime=1"
0.009793853,0.0020947757,0.010023405,0.004375716,0.4518344,0.3958726,0.27994317,0.30115855,0.49386498,0.49415934,0.34250945,0.5270979,0.17484143,0.6498597,0.0,0.511024,0.0010854179,0.66727924,0.8336396,1.0,0.0,0.0,0.75,0.9330127,0.28731316,0.4910011,0.7120358,0.0,0.0,0.7120358,0.0,0.0,0.0,0.63117033,1.0,5.0,2022-02-28T02:00:00,EURUSD,H1,1,BUY,15.720639426453076,39,"hit_tp=True,hit_sl=False,regime=1"
0.01338524,0.009177809,0.009530874,-0.001589421,0.2581677,0.26914522,0.34584454,0.33280233,0.57315403,0.47105178,0.3893219,0.3442521,0.14643814,0.62632,0.0,0.33853367,0.0012465019,0.9807663,0.99038315,1.0,0.0,0.0,0.75,0.9330127,0.24454233,0.54940295,1.0,0.8,1.0,0.2,0.48090526,0.0,0.0,0.8,1.0,5.0,2022-03-02T02:00:00,EURUSD,H1,1,BUY,22.896891694197397,41,"hit_tp=True,hit_sl=False,regime=1"
0.006998676,0.0057689403,0.01188967,0.021503884,0.54997325,0.42437184,0.4045696,0.3618757,0.6030753,0.54596925,0.94694716,0.59036344,0.18464889,0.6507892,0.0,0.50394803,0.0019375769,0.7074597,0.85372984,1.0,0.0,0.0,0.0669873,0.75,0.7075844,0.58972013,1.0,0.32118303,0.64236605,0.678817,0.4014788,0.0,0.0,0.69271874,-1.0,1.6900000000000002,2022-03-03T20:00:00,EURUSD,H1,1,BUY,-18.420114890165262,18,"hit_tp=False,hit_sl=True,regime=1"
-0.0005915159,-0.008807761,-0.015001734,-0.010984814,0.4391416,0.33133283,0.32349804,0.3308496,0.42660293,0.43449974,0.12429574,0.3531677,0.28264004,0.2887006,0.0,0.5582116,0.0008356699,0.4955626,0.7477813,1.0,0.0,0.0,0.14644662,0.14644662,0.11774048,0.47406137,0.365616,0.37355605,0.27315614,0.00794005,0.37355605,0.0,0.0,0.62364084,-1.0,1.3,2022-03-04T15:00:00,EURUSD,H1,1,BUY,-17.972717524830095,18,"hit_tp=False,hit_sl=True,regime=1"
0.007078158,0.008004999,0.01354834,-0.016611096,0.43744963,0.43289605,0.3897892,0.3588566,0.46275994,0.48162258,0.2983827,0.35231146,0.22087431,0.676762,0.0,0.61251616,0.001210275,0.5580135,0.7790067,1.0,0.0,0.0,0.75,0.0669873,0.27524194,0.37552857,0.40693688,0.0,0.0,0.40693688,0.40693688,0.0,0.0,0.9135636,-1.0,1.6900000000000002,2022-03-05T10:00:00,EURUSD,H1,1,BUY,-19.739629906507794,20,"hit_tp=False,hit_sl=True,regime=1"
0.00078040315,-0.009001926,-0.01216338,-0.013026768,0.24871178,0.21994583,0.27331376,0.28715983,0.18708958,0.47351182,0.0,0.19883282,0.21697038,0.6668811,0.0,0.36017525,0.0002243766,0.09775563,0.54887784,1.0,0.0,0.0,0.9829629,0.37059048,0.14173055,0.40316215,0.64594984,0.6,0.7751398,0.045949835,0.6823219,0.0,0.0,0.23409842,-1.0,1.3,2022-03-06T07:00:00,EURUSD,H1,1,BUY,-14.33510520757908,11,"hit_tp=False,hit_sl=True,regime=1"
0.008106454,0.00369077,-0.010310092,-0.011208032,0.24435088,0.24769863,0.31499666,0.33607513,0.15494554,0.43060076,0.22001356,0.11969885,0.15551724,0.6925568,0.0,0.2148098,0.00045292423,0.1376472,0.5688236,1.0,0.0,0.0,0.9829629,0.62940955,0.16873766,0.40507892,0.8060284,0.4,0.6448228,0.40602845,0.55004287,0.5311001,0.0,0.3833175,1.0,3.9000000000000004,2022-03-07T05:00:00,EURUSD,H1,1,BUY,19.53591880129224,12,"hit_tp=True,hit_sl=False,regime=1"
-0.0006837855,0.0011169752,0.002197933,0.010489048,0.25296807,0.27122393,0.32508913,0.30655083,0.72539914,0.68343914,0.76639384,0.74452776,0.23873563,0.3191228,0.0,0.74537,0.002907441,0.8720883,0.93604416,1.0,0.0,0.0,0.25,0.9330127,0.78589576,0.48645785,1.0,1.0,1.0,0.0,0.562571,0.0,0.0,0.3150769,1.0,5.0,2022-03-07T22:00:00,EURUSD,H1,1,BUY,18.54502995643381,9,"hit_tp=True,hit_sl=False,regime=1"
-0.001063886,-0.0048775338,-0.0014796808,0.0013907825,0.52624774,0.43334293,0.39881435,0.36115745,0.71487904,0.5829603,0.7107478,0.6343631,0.45772517,0.20082334,0.0,0.74073327,0.0041003353,0.41169313,0.70584655,1.0,0.0,0.0,0.9330127,0.25,0.69386464,0.5481908,0.6781356,0.5496462,0.7454693,0.12848935,0.60792196,0.0,0.0,0.47711906,1.0,4.680000000000001,2022-03-08T08:00:00,EURUSD,H1,1,BUY,20.37807062426955,49,"hit_tp=True,hit_sl=False,regime=1"
0.0048033446,0.0035211504,0.0070430106,0.0044934177,0.6568735,0.58654577,0.4624683,0.36371872,0.6259762,0.5026286,0.62537384,0.5464776,0.20014244,0.62926954,0.0,0.6364249,0.003259666,0.44030344,0.7201517,1.0,0.0,0.0,0.017037086,0.37059048,0.6338549,0.4904133,1.0,0.28931528,0.57863057,0.7106847,0.3616441,0.0,0.0,0.7000164,1.0,5.0,2022-03-10T17:00:00,EURUSD,H1,1,BUY,23.29650526342375,27,"hit_tp=True,hit_sl=False,regime=1"
-0.0015805654,-0.004255942,-0.0020691534,0.010961042,0.35198405,0.44772995,0.35187224,0.3853185,0.5489978,0.49059358,0.6093671,0.6155547,0.11499822,0.3645091,0.0,0.5388599,0.0039342,0.36316442,0.6815822,1.0,0.0,0.0,0.14644662,0.8535534,0.7230278,0.35683376,1.0,0.56311965,1.0,0.43688035,0.40099218,0.0,0.0,0.5471702,-1.0,2.028,2022-03-11T21:00:00,EURUSD,H1,1,BUY,-18.025585198826466,46,"hit_tp=False,hit_sl=True,regime=1"
0.00025568277,-0.011464723,-0.0023887854,-0.0107926475,0.5111337,0.36916694,0.33619687,0.3599323,0.32997698,0.415327,0.18861437,0.32097456,0.18810198,0.65425855,0.0,0.35400572,0.00058257417,0.31769753,0.65884876,1.0,0.0,0.0,0.0669873,0.75,0.18802713,0.52859575,0.6,0.57216007,0.6865921,0.027839923,0.0,0.0,0.40081888,0.40728262,-1.0,1.3,2022-03-13T20:00:00,EURUSD,H1,1,BUY,-15.742223687096324,11,"hit_tp=False,hit_sl=True,regime=1"
-0.0033480062,0.00040544913,0.00027600836,-0.006589091,0.36038178,0.29572338,0.33985427,0.32992283,0.19990817,0.4370156,0.28062248,0.3808786,0.12308957,0.3650737,0.0,0.43976438,0.0007565663,0.298265,0.6491325,1.0,0.0,0.0,0.9330127,0.25,0.2751106,0.5102781,0.8,0.48782915,0.78052664,0.31217086,0.44079348,0.0,0.0,0.67781186,1.0,3.9000000000000004,2022-03-14T08:00:00,EURUSD,H1,1,BUY,21.45639469249838,16,"hit_tp=True,hit_sl=False,regime=1"
0.006067915,0.0013462385,-0.010598791,-0.002737931,0.33534005,0.42054677,0.40927717,0.34835833,0.57665575,0.5789907,0.5758495,0.25031686,0.2121113,0.671342,0.0,0.7547738,0.0016817042,0.71272665,0.85636336,1.0,0.0,0.0,0.8535534,0.8535534,0.57253927,0.41758573,0.71420085,0.6,0.85704106,0.11420088,0.2762401,0.0,0.0,0.36007893,1.0,5.0,2022-03-15T03:00:00,EURUSD,H1,1,BUY,22.53090220404097,30,"hit_tp=True,hit_sl=False,regime=1"
0.002740336,0.004333361,-0.0034091682,-0.0029340165,0.2524603,0.33308718,0.29587463,0.34016865,0.72571796,0.500298,0.5192619,0.34096357,0.23880596,0.72407234,0.0,0.5524701,0.0026113642,0.56611305,0.7830565,1.0,0.0,0.0,0.37059048,0.017037086,0.5909689,0.5297842,0.5516598,0.0,0.0,0.5516598,0.5516598,0.0,0.0,0.53615165,1.0,5.0,2022-03-16T13:00:00,EURUSD,H1,1,BUY,16.738671105929193,5,"hit_tp=True,hit_sl=False,regime=1"
0.010098865,0.0063122297,0.015670221,0.021317607,0.3424798,0.3107873,0.29169032,0.29664245,0.68218285,0.5763165,0.9667161,0.88830984,0.25053763,0.67123115,0.0,0.67822725,0.0042319237,0.032004695,0.51600236,1.0,0.0,0.0,0.017037086,0.62940955,0.7867738,0.5193531,1.0,0.0,0.0,1.0,0.0,0.0,0.0,0.6607645,-1.0,1.3,2022-03-16T19:00:00,EURUSD,H1,1,BUY,-15.004713115072121,4,"hit_tp=False,hit_sl=True,regime=1"
0.0072102635,0.0017701524,-0.003042491,0.007364699,0.29639485,0.36396483,0.42923614,0.35097873,0.6380691,0.48553732,0.64439267,0.5205932,0.17257006,0.642312,0.0,0.6521176,0.004355533,0.2833019,0.641651,1.0,0.0,0.0,1.0,0.5,0.587223,0.57469404,0.7209177,0.5303654,0.7646997,0.1905523,0.0,0.0,0.0,0.44771037,1.0,3.9000000000000004,2022-03-17T06:00:00,EURUSD,H1,1,BUY,23.307116398030292,17,"hit_tp=True,hit_sl=False,regime=1"
-0.008860913,0.0019348303,0.006660012,0.008396143,0.45593888,0.43083394,0.39151835,0.37478074,0.55012167,0.49412957,0.92558175,0.59979403,0.24570674,0.31847376,0.0,0.6072598,0.0044159996,0.4950334,0.7475167,1.0,0.0,0.0,0.5,1.0,0.88903755,0.54647577,0.83580214,0.0,0.0,0.83580214,0.29475272,0.0,0.0,0.4180998,1.0,5.0,2022-03-18T00:00:00,EURUSD,H1,1,BUY,25.138651404450485,15,"hit_tp=True,hit_sl=False,regime=1"
0.004449181,0.0007443907,-0.0053149965,-0.006778995,0.25072843,0.27854463,0.26955798,0.27406242,0.64028895,0.47763813,0.5421488,0.29953685,0.30154467,0.7015294,0.0,0.7203646,0.004022617,0.4030095,0.70150477,1.0,0.0,0.0,0.25,0.9330127,0.5633921,0.5736759,0.7001619,0.19366595,0.27119502,0.50649595,0.3227766,0.0,0.0,0.3877825,-1.0,1.6900000000000002,2022-03-18T22:00:00,EURUSD,H1,1,BUY,-17.75095036400831,5,"hit_tp=False,hit_sl=True,regime=1"
0.0083198,0.005996102,-0.0015349755,-0.014425299,0.3438257,0.32519636,0.26734978,0.32036996,0.33051702,0.39065295,0.20027857,0.30285108,0.20241228,0.66443324,0.0,0.50142604,0.0025836416,0.8240989,0.9120495,1.0,0.0,0.0,0.9330127,0.75,0.28574684,0.60659486,1.0,0.0,0.0,1.0,0.0,0.0,0.0,0.4746513,-1.0,2.028,2022-03-19T04:00:00,EURUSD,H1,1,BUY,-14.695657379018012,27,"hit_tp=False,hit_sl=True,regime=1"
0.00028722206,0.00481603,-0.00060662563,0.009353436,0.28002656,0.37381846,0.29793537,0.3603421,0.39084792,0.5117783,0.4757009,0.570535,0.15489957,0.72399884,0.0,0.4123113,0.0011342895,0.6508484,0.8254242,1.0,0.0,0.0,0.25,0.0669873,0.4543682,0.5239997,1.0,0.0,0.0,1.0,0.50909525,0.0,0.0,0.4168351,-1.0,1.6900000000000002,2022-03-20T14:00:00,EURUSD,H1,1,BUY,-16.93575255683033,12,"hit_tp=False,hit_sl=True,regime=1"
0.001994125,0.0009848578,-0.009239568,-0.0268963,0.3610168,0.40707886,0.33246222,0.3312719,0.3510478,0.4137834,0.1704776,0.14764233,0.110450685,0.6471754,0.0,0.20593001,0.00023141444,0.13331844,0.5666592,1.0,0.0,0.0,0.8535534,0.8535534,0.1831586,0.416695,0.96215683,0.8629804,1.0,0.099176414,0.33209547,0.5034038,0.41659355,0.2904159,1.0,4.680000000000001,2022-03-21T03:00:00,EURUSD,H1,1,BUY,19.43039745443631,26,"hit_tp=True,hit_sl=False,regime=1"
0.0063181273,0.0010667768,0.0052406797,0.0052539897,0.42076868,0.37946466,0.36671466,0.33630624,0.5529219,0.55734825,0.8223658,0.6189909,0.12898615,0.62956834,0.0,0.7141472,0.0019515222,0.78134334,0.8906717,1.0,0.0,0.0,0.9829629,0.37059048,0.6164316,0.6099718,0.90049833,0.5677428,1.0,0.33275548,0.3332729,0.0,0.0,0.64079595,-1.0,2.028,2022-03-22T07:00:00,EURUSD,H1,1,BUY,-17.24138902747585,36,"hit_tp=False,hit_sl=True,regime=1"
0.01442742,0.013170779,0.0020792454,-0.0020146754,0.36299548,0.26682666,0.31152427,0.34013316,0.39878237,0.51649916,0.39998442,0.411557,0.11796029,0.61860466,0.0,0.2136837,0.0010834839,0.3873799,0.69368994,1.0,0.0,0.0,0.5,0.0,0.27598146,0.67129374,1.0,0.8571671,1.0,0.14283288,0.3214589,0.0,0.0,0.5233118,-1.0,1.3,2022-03-24T12:00:00,EURUSD,H1,1,BUY,-15.424986764622783,10,"hit_tp=False,hit_sl=True,regime=1"
-0.005674732,-0.0014224285,-0.00059164414,-0.009655574,0.5546939,0.44908157,0.37883288,0.3541784,0.4387731,0.5368345,0.35614285,0.47587627,0.16250594,0.34471568,0.0,0.51294154,0.0012451287,0.39718887,0.69859445,1.0,0.0,0.0,0.37059048,0.9829629,0.46219486,0.55030686,0.7625073,0.72240216,1.0,0.04010519,0.5232348,0.0,0.0,0.5164944,-1.0,1.56,2022-03-24T23:00:00,EURUSD,H1,1,BUY,-19.528922155378492,29,"hit_tp=False,hit_sl=True,regime=1"
0.007425297,0.003042788,-0.0021493596,0.00089703087,0.32887855,0.29355124,0.29147357,0.3190777,0.3418041,0.48063353,0.27427778,0.29108438,0.12764753,0.64680815,0.0,0.39078432,0.0004776551,0.22216167,0.6110808,1.0,0.0,0.0,0.0669873,0.25,0.26045233,0.6279613,0.7824268,0.6,0.9389121,0.18242675,0.0,0.0,0.0,0.46205407,-1.0,1.3,2022-03-26T16:00:00,EURUSD,H1,1,BUY,-16.06523952740746,20,"hit_tp=False,hit_sl=True,regime=1"
0.010285728,0.019613525,0.01260382,0.004126313,0.49656358,0.3682273,0.34959763,0.30144107,0.5142686,0.53189045,0.57787186,0.47097096,0.21971677,0.685877,0.0,0.44972867,0.0015255455,0.6498234,0.8249117,1.0,0.0,0.0,0.37059048,0.017037086,0.31529325,0.53419966,0.5774469,0.0,0.0,0.5774469,0.0,0.0,0.0,0.63195294,-1.0,1.6900000000000002,2022-03-27T13:00:00,EURUSD,H1,1,BUY,-13.538123374918776,15,"hit_tp=False,hit_sl=True,regime=1"
0.013297618,0.011469234,0.0037464697,-0.00024337637,0.4432274,0.30192676,0.35592425,0.36559013,0.35371906,0.45954975,0.3102067,0.37370825,0.1779661,0.6490069,0.0,0.36275062,0.0011112406,0.67761856,0.83880925,1.0,0.0,0.0,0.25,0.0669873,0.22909477,0.59291416,1.0,0.7304117,1.0,0.26958826,0.7026506,0.0,0.0,0.5492177,1.0,5.0,2022-03-28T14:00:00,EURUSD,H1,1,BUY,20.85222833321909,9,"hit_tp=True,hit_sl=False,regime=1"
0.00068854867,0.0016458916,0.019120365,0.014591266,0.48723477,0.47733444,0.3625527,0.35698232,0.7201962,0.61361575,0.78929037,0.69770354,0.18408488,0.62650627,0.0,0.5423528,0.0026562985,0.47441894,0.73720944,1.0,0.0,0.0,0.5,1.0,0.8266603,0.6475113,0.6,0.0,0.0,0.6,0.0,0.0,0.0,0.6216267,-1.0,1.3,2022-03-29T00:00:00,EURUSD,H1,1,BUY,-17.521868599215118,14,"hit_tp=False,hit_sl=True,regime=1"
0.0008327558,-0.010147071,-0.022739185,-0.02890988,0.46590653,0.4418756,0.34930348,0.3622549,0.27498367,0.37997842,0.0059321085,0.19244677,0.1812074,0.6639903,0.0,0.39694026,0.000765183,0.43863273,0.71931636,1.0,0.0,0.0,0.0669873,0.25,0.022297371,0.610342,0.36935416,0.1548887,0.11441757,0.21446545,0.38722175,0.0,0.0,0.22045118,1.0,4.680000000000001,2022-03-29T16:00:00,EURUSD,H1,1,BUY,22.750049516586657,28,"hit_tp=True,hit_sl=False,regime=1"
-0.0031915363,0.0026955686,-0.002044808,0.008741702,0.46054322,0.46181425,0.35360104,0.3016301,0.5309926,0.5283744,0.6221526,0.6060578,0.22091965,0.3036734,0.0,0.5141883,0.0027999217,0.6483106,0.8241553,1.0,0.0,0.0,0.14644662,0.8535534,0.74867797,0.6196493,1.0,0.6,1.0,0.4,0.34414828,0.0,0.0,0.5385885,-1.0,1.6900000000000002,2022-03-30T21:00:00,EURUSD,H1,1,BUY,-14.927512307514323,4,"hit_tp=False,hit_sl=True,regime=1"
0.0072268676,0.00593843,0.0044011753,-0.0011148752,0.4515996,0.39838633,0.3857284,0.32349446,0.53293097,0.47607392,0.4459406,0.5291987,0.23508137,0.6754046,0.0,0.39038438,0.002556417,0.6390108,0.8195054,1.0,0.0,0.0,0.8535534,0.8535534,0.28644574,0.566748,1.0,0.5888776,1.0,0.41112235,0.3901894,0.0,0.0,0.6,-1.0,1.6900000000000002,2022-03-31T03:00:00,EURUSD,H1,1,BUY,-18.092508830718224,5,"hit_tp=False,hit_sl=True,regime=1"
0.00043925075,4.836787e-05,8.167477e-05,-0.005141041,0.4006508,0.31213567,0.39156735,0.37773955,0.37835306,0.459932,0.1944267,0.39192834,0.12800963,0.6475301,0.0,0.43297058,0.0017615336,0.9955024,0.99775124,1.0,0.0,0.0,0.25,0.0669873,0.24025683,0.45814553,0.6872905,1.0,1.0,0.31270954,0.620569,0.0,0.0,0.7052311,1.0,5.0,2022-03-31T14:00:00,EURUSD,H1,1,BUY,26.111001830229075,99,"hit_tp=True,hit_sl=False,regime=1"
-0.008081329,-0.00093786017,0.0053273523,0.00931482,0.20641547,0.24290018,0.27093983,0.29293376,0.6477048,0.51656145,0.8334901,0.8468132,0.16352887,0.33728895,0.0,0.6164621,0.003911791,0.18904272,0.59452134,1.0,0.0,0.0,0.0,0.5,0.8659969,0.3905643,0.6,0.6885393,0.8262472,0.088539355,0.0,0.5374035,0.46165654,0.42566773,-1.0,1.3,2022-04-04T18:00:00,EURUSD,H1,1,BUY,-12.29696413617587,3,"hit_tp=False,hit_sl=True,regime=1"
-0.0008788296,0.0002946171,-0.0077861813,-0.024865841,0.42173606,0.34197533,0.3248492,0.31616002,0.42979336,0.42739645,0.18723278,0.24971029,0.16114484,0.33313763,0.0,0.40004805,0.0025509961,0.6906959,0.84534794,1.0,0.0,0.0,0.25,0.9330127,0.3631394,0.4199884,1.0,0.0,0.0,1.0,0.46657708,0.0,0.0,0.45202363,1.0,5.0,2022-04-04T22:00:00,EURUSD,H1,1,BUY,16.81322900407345,14,"hit_tp=True,hit_sl=False,regime=1"
-0.006940998,-0.0032537507,0.0028258888,0.005432496,0.33159664,0.25534916,0.30443004,0.34447476,0.7246304,0.53868544,0.81186783,0.688393,0.21852632,0.35795572,0.0,0.6507051,0.0027580375,0.29774284,0.6488714,1.0,0.0,0.0,0.25,0.0669873,0.83562666,0.41355407,1.0,0.81368786,1.0,0.18631212,0.44128624,0.5019028,0.43806672,0.44928,1.0,4.680000000000001,2022-04-05T14:00:00,EURUSD,H1,1,BUY,18.55077720700926,34,"hit_tp=True,hit_sl=False,regime=1"
-0.006511516,-0.0020580257,0.005705127,0.0063195108,0.23159629,0.16762725,0.26725316,0.28119892,0.71410066,0.49429944,0.67013276,0.6910524,0.30604467,0.28552556,0.0,0.76144,0.005051959,0.2697176,0.6348588,1.0,0.0,0.0,0.0669873,0.75,0.7137271,0.49828258,0.37952897,0.7436608,0.5644816,0.36413184,0.51429546,0.0,0.0,0.40865025,-1.0,1.3,2022-04-07T20:00:00,EURUSD,H1,1,BUY,-12.463423131778839,10,"hit_tp=False,hit_sl=True,regime=1"
0.001744781,-0.014131886,-0.005058269,-0.008892442,0.42590407,0.4082233,0.41716605,0.30338222,0.30242968,0.31467482,0.19596422,0.3293208,0.3091491,0.72268766,0.0,0.31560382,0.0033322587,0.86067945,0.93033975,1.0,0.0,0.0,0.62940955,0.017037086,0.13953856,0.4445846,0.3587212,0.63322216,0.45430046,0.274501,0.3587212,0.0,0.0,0.43918538,-1.0,1.6900000000000002,2022-04-08T11:00:00,EURUSD,H1,1,BUY,-15.116287689203034,18,"hit_tp=False,hit_sl=True,regime=1"
-0.008277477,-0.0095817195,-0.010073833,-0.023882322,0.33936095,0.30172285,0.31221157,0.33519298,0.16539954,0.42165363,0.07959644,0.21862985,0.24482249,0.33808854,0.0,0.16684349,2.3871224e-05,0.010865182,0.5054326,1.0,0.0,0.0,1.0,0.5,0.18425651,0.3439109,0.8,0.87404966,1.0,0.07404969,0.9183738,0.0,0.0,1.0,-1.0,1.3,2022-04-09T06:00:00,EURUSD,H1,1,BUY,-12.371245818814103,8,"hit_tp=False,hit_sl=True,regime=1"
0.0016950833,-0.004927912,-0.0021959152,-0.020132063,0.25980723,0.26880363,0.27277458,0.3031936,0.26479134,0.45524016,0.16125888,0.18585123,0.15684931,0.6276646,0.0,0.1673101,0.00016057397,0.057946216,0.5289731,1.0,0.0,0.0,0.0669873,0.25,0.22068758,0.52955294,0.7346189,0.72316813,1.0,0.011450747,0.43627712,0.0,0.0,0.49201643,-1.0,1.3,2022-04-09T16:00:00,EURUSD,H1,1,BUY,-12.34845484825442,10,"hit_tp=False,hit_sl=True,regime=1"
0.0020675021,0.00044308245,-0.003030579,-0.006136654,0.34595224,0.3627462,0.38209507,0.33691055,0.35017133,0.4863763,0.29554218,0.3174834,0.30061686,0.69767374,0.0,0.4068064,0.00048897375,0.15585728,0.57792866,1.0,0.0,0.0,1.0,0.5,0.19441716,0.5294483,0.712132,1.0,1.0,0.28786805,0.455578,0.0,0.0,0.37310058,1.0,4.680000000000001,2022-04-10T06:00:00,EURUSD,H1,1,BUY,19.036047571692194,38,"hit_tp=True,hit_sl=False,regime=1"
-0.0066270796,-0.0004822058,0.013796826,0.021372506,0.46078563,0.41574618,0.35873982,0.33511996,0.5901639,0.59138167,0.8621327,0.8332077,0.23519062,0.32181063,0.0,0.51444376,0.0020610483,0.48686928,0.7434346,1.0,0.0,0.0,0.14644662,0.8535534,0.91682106,0.4676195,0.4,0.0,0.0,0.4,0.5398634,0.5225019,0.48471063,0.3470674,-1.0,2.028,2022-04-11T21:00:00,EURUSD,H1,1,BUY,-15.746473327440391,23,"hit_tp=False,hit_sl=True,regime=1"
0.0066744587,0.005524992,-0.0015617859,-0.01512483,0.39153337,0.404471,0.42809483,0.38964263,0.43737894,0.43325728,0.19540432,0.32416162,0.11409943,0.6253908,0.0,0.48301917,0.0012259621,0.8010107,0.90050536,1.0,0.0,0.0,0.25,0.9330127,0.14415112,0.48836753,1.0,0.85255575,1.0,0.14744426,0.51902825,0.0,0.0,0.46856552,-1.0,1.6900000000000002,2022-04-12T22:00:00,EURUSD,H1,1,BUY,-19.281024549679948,10,"hit_tp=False,hit_sl=True,regime=1"
-0.008838061,-0.0025496334,-0.0033893397,-0.018295528,0.38307315,0.31488013,0.34413785,0.37509692,0.30974886,0.42278284,0.22991504,0.3629042,0.28567165,0.3285261,0.0,0.23245816,0.00054013013,0.2872802,0.6436401,1.0,0.0,0.0,0.8535534,0.14644662,0.2702702,0.5635816,0.8,0.73421156,1.0,0.06578845,0.32269695,0.0,0.0,0.73211473,-1.0,1.3,2022-04-13T09:00:00,EURUSD,H1,1,BUY,-18.755014938041104,14,"hit_tp=False,hit_sl=True,regime=1"
-0.0027086723,0.0044583757,-0.0015715808,-0.0015047851,0.4896289,0.46554938,0.3510563,0.32623404,0.39641485,0.5247493,0.4445105,0.42635363,0.12728752,0.35936126,0.0,0.2829573,0.0008150827,0.3276259,0.66381294,1.0,0.0,0.0,0.5,1.0,0.40007776,0.5522803,0.5584855,0.40189847,0.44890893,0.15658705,0.5792443,0.0,0.0,0.50219864,-1.0,1.3,2022-04-14T00:00:00,EURUSD,H1,1,BUY,-16.40709750682756,14,"hit_tp=False,hit_sl=True,regime=1"
-0.010991612,-0.024483535,-0.028435677,-0.024519663,0.6238106,0.57245857,0.47189525,0.41511422,0.358208,0.47550786,0.0,0.3633372,0.1249885,0.37472442,0.0,0.3630499,0.00040834234,0.14103745,0.57051873,1.0,0.0,0.0,0.14644662,0.14644662,0.091288015,0.49753973,0.7751684,0.0,0.0,0.7751684,0.0,0.0,0.0,0.8317234,1.0,4.680000000000001,2022-04-14T15:00:00,EURUSD,H1,1,BUY,26.76239112062051,59,"hit_tp=True,hit_sl=False,regime=1"
-0.0024458268,0.00562542,0.003407055,-0.00027881475,0.46100932,0.37367854,0.3657887,0.32740033,0.7007095,0.592098,0.6945028,0.51548123,0.18896104,0.34715974,0.0,0.75030625,0.0040233918,0.30599022,0.6529951,1.0,0.0,0.0,0.9330127,0.25,0.77634794,0.53026754,0.8,0.23492803,0.37588486,0.56507194,0.39154673,0.0,0.0,0.51526135,-1.0,1.6900000000000002,2022-04-17T08:00:00,EURUSD,H1,1,BUY,-17.600493511871207,7,"hit_tp=False,hit_sl=True,regime=1"
0.0063456977,-0.0014415605,-0.012122391,-0.013207476,0.29684708,0.35166797,0.40563542,0.35551116,0.34574366,0.39412683,0.0552448,0.15034582,0.132004,0.6178195,0.0,0.3395578,0.0026644715,0.9359189,0.96795946,1.0,0.0,0.0,0.0669873,0.25,0.2986482,0.5894946,0.6221037,0.30190814,0.37563634,0.32019556,0.6221037,0.0,0.0,0.3533704,1.0,5.0,2022-04-17T16:00:00,EURUSD,H1,1,BUY,25.706992524383576,15,"hit_tp=True,hit_sl=False,regime=1"
-0.008332402,-0.002694817,0.00020840786,0.0014946151,0.3416929,0.32905313,0.286538,0.30599266,0.67097086,0.522486,0.78316253,0.58757186,0.12970027,0.37131572,0.0,0.5535283,0.0040319245,0.41593364,0.7079668,1.0,0.0,0.0,0.9330127,0.25,0.8133675,0.38645682,0.4,0.74630165,0.5970413,0.34630165,0.4845209,0.0,0.0,0.49629605,-1.0,2.028,2022-04-18T08:00:00,EURUSD,H1,1,BUY,-16.329982576783753,27,"hit_tp=False,hit_sl=True,regime=1"
0.0055713397,0.008154792,0.008575484,-0.010118371,0.37166932,0.38530827,0.4425662,0.3607422,0.12937133,0.35109913,0.2675248,0.34109843,0.23802058,0.7256444,0.0,0.414205,0.0008720565,0.35315517,0.67657757,1.0,0.0,0.0,0.0669873,0.75,0.22394891,0.4249539,0.92958426,0.0,0.0,0.92958426,0.43600112,0.0,0.0,0.9898676,-1.0,1.6900000000000002,2022-04-19T20:00:00,EURUSD,H1,1,BUY,-20.84020703494449,19,"hit_tp=False,hit_sl=True,regime=1"
0.005016304,0.009161494,0.016841456,0.006682048,0.5072141,0.46016368,0.43647096,0.33274388,0.22212256,0.45819375,0.3830581,0.65445286,0.25861636,0.6913312,0.0,0.21555889,0.0018396258,0.43153852,0.7157693,1.0,0.0,0.0,0.37059048,0.9829629,0.31185445,0.55318564,0.42025644,0.0,0.0,0.42025644,0.30737486,0.0,0.0,0.7788183,1.0,5.0,2022-04-20T23:00:00,EURUSD,H1,1,BUY,22.961959174048197,27,"hit_tp=True,hit_sl=False,regime=1"
-0.00017976692,-0.0012698206,-0.0060656928,0.00010239102,0.5817181,0.4215975,0.35049626,0.2987282,0.7032505,0.55108124,0.5635886,0.48829305,0.2581741,0.32608643,0.0,0.6201215,0.003494558,0.7183575,0.8591788,1.0,0.0,0.0,0.9330127,0.75,0.6809115,0.5214433,0.3974341,0.5496431,0.4368938,0.15220901,0.3974341,0.0,0.0,0.61777675,1.0,5.0,2022-04-22T04:00:00,EURUSD,H1,1,BUY,17.3549858687716,5,"hit_tp=True,hit_sl=False,regime=1"
-0.0119767925,-0.009865775,-0.0053402213,-0.00029372392,0.35401815,0.30381456,0.36559677,0.32800853,0.70119935,0.5780627,0.6685474,0.5220287,0.1573595,0.33862713,0.0,0.71512836,0.0048930626,0.386104,0.693052,1.0,0.0,0.0,0.37059048,0.017037086,0.79668975,0.5858764,0.45753703,1.0,0.91507405,0.54246294,0.0,0.0,0.0,0.5860339,-1.0,1.3,2022-04-22T13:00:00,EURUSD,H1,1,BUY,-16.911298746200565,14,"hit_tp=False,hit_sl=True,regime=1"
0.002516246,-0.005111354,-0.011285374,-0.016840806,0.4273071,0.31924888,0.3183999,0.3352799,0.26878932,0.35726908,0.15673171,0.25865805,0.19214123,0.6520583,0.0,0.3212047,0.003359488,0.8226082,0.9113041,1.0,0.0,0.0,0.9330127,0.75,0.0657938,0.5331795,0.4,0.6,0.48,0.2,0.53334624,0.0,0.0,0.29247695,-1.0,2.028,2022-04-23T04:00:00,EURUSD,H1,1,BUY,-16.291403327777232,26,"hit_tp=False,hit_sl=True,regime=1"
-0.0036368663,-0.011458317,-0.023398448,-0.025282899,0.3651378,0.35402906,0.3650969,0.3455936,0.16585006,0.39458025,0.0,0.17310916,0.16708004,0.35390055,0.0,0.29248273,0.0,0.0,0.48299488,1.0,0.0,0.0,0.9330127,0.25,0.07825596,0.4981842,0.7073776,0.29619342,0.4190412,0.41118416,0.44774222,0.0,0.0,0.693167,-1.0,1.56,2022-04-24T08:00:00,EURUSD,H1,1,BUY,-19.151715180592,31,"hit_tp=False,hit_sl=True,regime=1"
0.0013852408,-0.0002901613,-0.011417774,-0.0166287,0.4492388,0.3633844,0.33730662,0.34891135,0.21505018,0.42854154,0.12253073,0.24059257,0.2361528,0.6605157,0.0,0.27029577,0.00052412256,0.2213015,0.6106507,1.0,0.0,0.0,0.0669873,0.25,0.19878194,0.50183654,0.40996733,0.0,0.0,0.40996733,0.40996733,0.0,0.0,0.25854954,-1.0,1.3,2022-04-25T16:00:00,EURUSD,H1,1,BUY,-16.853949764983334,8,"hit_tp=False,hit_sl=True,regime=1"
0.0069918605,0.001552759,-0.009484369,-0.0150575545,0.5669812,0.46498016,0.3787642,0.3471325,0.22152305,0.46200046,0.22969182,0.28033376,0.19705883,0.657612,0.0,0.31057343,0.0009382554,0.30979416,0.6548971,1.0,0.0,0.0,0.9829629,0.37059048,0.19366501,0.5233036,0.71426344,0.60879934,0.86968625,0.10546407,0.2609992,0.0,0.40156862,0.37869877,-1.0,1.3,2022-04-26T07:00:00,EURUSD,H1,1,BUY,-16.09600758877283,8,"hit_tp=False,hit_sl=True,regime=1"
0.004933465,0.008385371,0.009352936,0.0050240164,0.31703144,0.4288289,0.36288175,0.3705158,0.35362732,0.5477037,0.43372285,0.63979614,0.13036288,0.62715477,0.0,0.4904747,0.001327133,0.36436749,0.68218374,1.0,0.0,0.0,0.14644662,0.8535534,0.35313246,0.43015698,0.57898074,0.0,0.0,0.57898074,0.33039656,0.0,0.0,0.9165563,1.0,5.0,2022-04-26T21:00:00,EURUSD,H1,1,BUY,21.560377124865138,99,"hit_tp=True,hit_sl=False,regime=1"
-0.002196901,-0.004041479,0.00248796,0.0010794909,0.49709064,0.37155524,0.30068383,0.34445724,0.6601554,0.53189987,0.7903193,0.57047206,0.13814645,0.37473065,0.0,0.5784973,0.0025875869,0.5578884,0.7789442,1.0,0.0,0.0,0.62940955,0.9829629,0.6870295,0.55621135,0.45267028,0.63770276,0.57733816,0.18503249,0.5201319,0.0,0.0,0.524693,1.0,5.0,2022-05-01T01:00:00,EURUSD,H1,1,BUY,19.321671755796466,20,"hit_tp=True,hit_sl=False,regime=1"
-0.0061564413,0.002292134,0.0050984165,0.014975211,0.30575827,0.3122213,0.26532155,0.32917622,0.6310088,0.54406637,0.92445767,0.80062467,0.2172824,0.33924702,0.0,0.48447454,0.0040935297,0.19575651,0.5978783,1.0,0.0,0.0,0.25,0.9330127,0.892152,0.57914734,0.4,0.0,0.0,0.4,0.0,0.5100874,0.0,0.4121882,-1.0,1.3,2022-05-01T22:00:00,EURUSD,H1,1,BUY,-13.943439719790174,15,"hit_tp=False,hit_sl=True,regime=1"
0.006956432,0.005846397,-0.0010681762,-0.006239632,0.18462636,0.22127225,0.2880228,0.31405252,0.46694013,0.41515929,0.31239727,0.238035,0.15615384,0.63052744,0.0,0.47595024,0.0020780568,0.853639,0.9268195,1.0,0.0,0.0,0.25,0.0669873,0.23470673,0.51084673,1.0,0.0,0.0,1.0,0.7044452,0.0,0.0,0.47860137,-1.0,1.6900000000000002,2022-05-02T14:00:00,EURUSD,H1,1,BUY,-12.708042399613984,6,"hit_tp=False,hit_sl=True,regime=1"
0.005563456,0.0041567553,0.004435459,-0.009324044,0.3890049,0.32094932,0.33275598,0.30948386,0.27430868,0.4084881,0.2799619,0.42553684,0.22308214,0.6547803,0.0,0.19601221,0.0010987094,0.6320542,0.8160271,1.0,0.0,0.0,0.25,0.9330127,0.21381882,0.49722496,1.0,0.8,1.0,0.2,0.0,0.0,0.45117402,0.8,1.0,3.9000000000000004,2022-05-02T22:00:00,EURUSD,H1,1,BUY,18.09640423900527,13,"hit_tp=True,hit_sl=False,regime=1"
0.00192656,0.0013057926,-0.0018622464,-0.006865783,0.36620513,0.38843846,0.34801227,0.38034782,0.70246255,0.5144148,0.6071691,0.43345842,0.20637228,0.666165,0.0,0.5802877,0.004206989,0.3198364,0.6599182,1.0,0.0,0.0,0.8535534,0.8535534,0.6459668,0.5442695,1.0,0.0,0.0,1.0,0.3625484,0.0,0.0,0.40223786,-1.0,1.6900000000000002,2022-05-04T03:00:00,EURUSD,H1,1,BUY,-18.42264153147033,9,"hit_tp=False,hit_sl=True,regime=1"
-0.0040356843,0.010133516,0.015095208,-0.0017172092,0.53586173,0.39033917,0.40775934,0.35395703,0.4873431,0.4403079,0.4516882,0.67115784,0.21995798,0.31737897,0.0,0.3363868,0.00420714,0.5700204,0.7850102,1.0,0.0,0.0,0.25,0.0669873,0.61253923,0.5383081,0.7808097,0.0,0.0,0.7808097,0.0,0.0,0.0,0.30458683,1.0,5.0,2022-05-04T14:00:00,EURUSD,H1,1,BUY,26.510947175839572,61,"hit_tp=True,hit_sl=False,regime=1"
0.003188444,0.0022397295,0.0075465282,0.0044843573,0.37473574,0.31250727,0.2962042,0.29930627,0.5975472,0.53548133,0.7067458,0.62584895,0.19173333,0.637332,0.0,0.5628474,0.0037321183,0.1307947,0.5653973,1.0,0.0,0.0,0.0,0.5,0.73992157,0.53115106,1.0,0.0,0.0,1.0,0.3799338,0.0,0.0,0.6026101,-1.0,1.6900000000000002,2022-05-07T18:00:00,EURUSD,H1,1,BUY,-13.394235203381122,3,"hit_tp=False,hit_sl=True,regime=1"
0.0048094434,0.004803295,-0.0033080392,0.0010794115,0.59965926,0.45392945,0.37527168,0.3524595,0.72791904,0.4943776,0.6170998,0.561726,0.205698,0.64165926,0.0,0.6329792,0.0026809555,0.3426934,0.67134666,1.0,0.0,0.0,0.25,0.9330127,0.59074736,0.5180923,1.0,0.6,1.0,0.4,0.36469904,0.0,0.0,0.42320582,-1.0,1.56,2022-05-07T22:00:00,EURUSD,H1,1,BUY,-14.627546943437597,23,"hit_tp=False,hit_sl=True,regime=1"
-0.0030112865,-0.019949077,-0.013687421,-0.020776726,0.30765638,0.28078285,0.2734431,0.33619887,0.2522561,0.39691123,0.0,0.17127088,0.35343322,0.25467935,0.0,0.2541282,0.00039146838,0.24359986,0.62179995,1.0,0.0,0.0,0.25,0.9330127,0.07854556,0.52770305,0.49485302,1.0,0.98970604,0.505147,0.47826052,0.0,0.0,0.46886286,1.0,3.9000000000000004,2022-05-08T22:00:00,EURUSD,H1,1,BUY,13.709957535075201,3,"hit_tp=True,hit_sl=False,regime=1"
-5.2333842e-05,0.006148776,0.0048219957,0.008991354,0.50668454,0.38821608,0.353432,0.3387578,0.3846789,0.45703557,0.4029189,0.45225415,0.18448676,0.327445,0.0,0.39387134,0.0012946186,0.73649466,0.86824733,1.0,0.0,0.0,0.75,0.9330127,0.37140736,0.46957865,1.0,0.0,0.0,1.0,0.5633305,0.0,0.0,0.40414384,1.0,5.0,2022-05-09T02:00:00,EURUSD,H1,1,BUY,17.627244222138128,13,"hit_tp=True,hit_sl=False,regime=1"
-0.015073716,-0.0059836037,0.0021496154,0.005246538,0.33213517,0.29219186,0.33649233,0.35373563,0.6478502,0.5892744,0.7727404,0.74735856,0.17776307,0.38148886,0.0,0.8141138,0.0023306685,0.67273074,0.83636534,1.0,0.0,0.0,0.0669873,0.25,0.9022635,0.32086423,0.35877544,0.776293,0.5570297,0.41751757,0.0,0.5523682,0.48072734,0.48004872,-1.0,1.6900000000000002,2022-05-09T16:00:00,EURUSD,H1,1,BUY,-16.29412167088562,13,"hit_tp=False,hit_sl=True,regime=1"
0.007681089,0.003422766,-0.00769849,-0.011141313,0.38853174,0.3428021,0.43191978,0.36518303,0.2439331,0.357853,0.21222822,0.20590256,0.16418958,0.63034314,0.0,0.14923796,0.0007800376,0.46939364,0.7346968,1.0,0.0,0.0,0.75,0.0669873,0.12339019,0.48937482,0.8006819,0.68257755,1.0,0.11810436,0.4607631,0.0,0.43840876,0.39979774,-1.0,1.3,2022-05-10T10:00:00,EURUSD,H1,1,BUY,-19.543501164691612,8,"hit_tp=False,hit_sl=True,regime=1"
0.008192046,0.0069785696,0.0040183184,0.002069034,0.30670202,0.2502868,0.25276133,0.35048518,0.31662583,0.44353262,0.30786076,0.518148,0.19927052,0.65691346,0.0,0.19666971,0.0011274782,0.5151755,0.7575878,1.0,0.0,0.0,0.017037086,0.62940955,0.27362144,0.57164043,1.0,0.28950408,0.57900816,0.7104959,0.5059034,0.0,0.0,0.59751326,-1.0,1.6900000000000002,2022-05-10T19:00:00,EURUSD,H1,1,BUY,-14.538083743431685,1,"hit_tp=False,hit_sl=True,regime=1"
0.005726757,-0.010394625,-0.0022068373,-0.006378395,0.5339166,0.46017426,0.35687262,0.36297274,0.31547073,0.44774592,0.20422429,0.5311821,0.11806008,0.65237874,0.0,0.19441961,0.0008633201,0.3725545,0.6862773,1.0,0.0,0.0,0.14644662,0.8535534,0.23808806,0.50505614,0.859412,0.66242313,1.0,0.19698885,0.25941202,0.0,0.0,0.5143376,-1.0,1.3,2022-05-10T21:00:00,EURUSD,H1,1,BUY,-17.577905186663134,20,"hit_tp=False,hit_sl=True,regime=1"
-0.0017446702,0.0039015552,-0.00089769263,-0.004913464,0.41282168,0.31763205,0.24271223,0.26268762,0.37952784,0.51076525,0.3179143,0.40375608,0.14605467,0.36719504,0.0,0.40824005,0.00059228163,0.2176142,0.6088071,1.0,0.0,0.0,0.0,0.5,0.31148753,0.5404004,0.5568708,0.86962783,0.9685407,0.31275702,0.41815087,0.0,0.0,0.48588857,1.0,3.9000000000000004,2022-05-11T18:00:00,EURUSD,H1,1,BUY,12.966770162352592,4,"hit_tp=True,hit_sl=False,regime=1"
0.00770077,0.0049904766,0.010766935,0.017659489,0.1657156,0.31157815,0.3400625,0.27356213,0.6122262,0.64392316,0.8304085,0.76766,0.28239644,0.6856565,0.0,0.524828,0.002040867,0.7509372,0.8754686,1.0,0.0,0.0,0.62940955,0.9829629,0.7769345,0.47657642,0.97366893,0.0,0.0,0.97366893,0.0,0.0,0.0,0.68548644,1.0,5.0,2022-05-12T01:00:00,EURUSD,H1,1,BUY,15.466466820595048,3,"hit_tp=True,hit_sl=False,regime=1"
-0.010301532,-0.016026748,-0.0034298636,0.0024358938,0.4443641,0.54214275,0.41187122,0.35106418,0.68698245,0.6371699,0.6765964,0.5208942,0.19952969,0.34223458,0.0,0.93069,0.0023641787,0.96726304,0.9836315,1.0,0.0,0.0,0.9829629,0.37059048,0.76995176,0.51359993,0.46305567,0.29189795,0.27033,0.17115773,0.29179078,0.0,0.0,0.61585945,-1.0,1.6900000000000002,2022-05-12T07:00:00,EURUSD,H1,1,BUY,-16.165791735469615,13,"hit_tp=False,hit_sl=True,regime=1"
0.0021824115,0.004123839,-0.0018902138,0.0068816985,0.5321823,0.446244,0.35072336,0.3793916,0.35390243,0.43965292,0.31627083,0.45194244,0.1671514,0.6785388,0.0,0.36530036,0.001635054,0.86935145,0.93467575,1.0,0.0,0.0,0.25,0.9330127,0.29653254,0.5774521,0.77622086,0.6,0.93146497,0.17622083,0.5494057,0.0,0.0,0.52916884,-1.0,1.6900000000000002,2022-05-12T22:00:00,EURUSD,H1,1,BUY,-14.737525826657993,16,"hit_tp=False,hit_sl=True,regime=1"
0.004492194,0.0013764005,0.0006462275,-0.0037125186,0.39503905,0.38744545,0.3475572,0.37609094,0.30841202,0.45671615,0.24891816,0.33364898,0.24257627,0.6639177,0.0,0.28048548,0.0007289332,0.3872193,0.69360965,1.0,0.0,0.0,0.0,0.5,0.16397686,0.47688305,0.7403081,0.767909,1.0,0.027600853,0.4992012,0.0,0.0,0.52325535,1.0,4.680000000000001,2022-05-13T18:00:00,EURUSD,H1,1,BUY,21.341029023729252,30,"hit_tp=True,hit_sl=False,regime=1"
0.004669865,0.004100154,0.015660785,0.018430056,0.23417418,0.33429465,0.35359484,0.32958788,0.6890871,0.55348957,0.9505243,0.8857166,0.18868779,0.6421357,0.0,0.55422246,0.002942066,0.19519432,0.5975972,1.0,0.0,0.0,0.62940955,0.9829629,0.8095692,0.5734362,1.0,0.28567147,0.57134295,0.7143285,0.42106616,0.0,0.0,0.5668665,-1.0,1.6900000000000002,2022-05-15T01:00:00,EURUSD,H1,1,BUY,-17.037913128790105,7,"hit_tp=False,hit_sl=True,regime=1"
0.002909835,-0.0026180935,-0.0006949582,-0.0016240797,0.36530557,0.37221286,0.28210783,0.34037778,0.5062185,0.46244472,0.4105747,0.42239243,0.23490813,0.66102767,0.0,0.44809386,0.0021638987,0.60100454,0.8005023,1.0,0.0,0.0,0.8535534,0.14644662,0.38831815,0.5357863,0.9910566,1.0,1.0,0.008943375,0.48299506,0.0,0.0,0.56848705,-1.0,1.6900000000000002,2022-05-15T09:00:00,EURUSD,H1,1,BUY,-15.850512745136935,17,"hit_tp=False,hit_sl=True,regime=1"
0.004689403,0.0012791508,0.0020796978,-0.0058319666,0.42127603,0.33007604,0.2926765,0.3310779,0.46152353,0.4637533,0.12797292,0.3420385,0.16020942,0.62692875,0.0,0.385543,0.0008729864,0.6259818,0.8129909,1.0,0.0,0.0,0.8535534,0.8535534,0.21055298,0.5401227,0.7291963,1.0,1.0,0.27080372,0.43478101,0.0,0.0,0.716138,1.0,5.0,2022-05-16T03:00:00,EURUSD,H1,1,BUY,17.471464788103575,8,"hit_tp=True,hit_sl=False,regime=1"
-0.006176596,-0.0028988367,0.0022361856,0.009612328,0.39677766,0.37902504,0.36100137,0.31832302,0.63425326,0.6044573,0.74125123,0.67753994,0.22010177,0.26716706,0.0,0.6583361,0.0019978643,0.51562333,0.75781167,1.0,0.0,0.0,0.5,0.0,0.85588306,0.52636033,0.57698315,1.0,1.0,0.42301685,0.6446008,0.0,0.0,0.45403382,-1.0,1.6900000000000002,2022-05-16T12:00:00,EURUSD,H1,1,BUY,-16.06979077990678,12,"hit_tp=False,hit_sl=True,regime=1"
0.008306579,0.004629624,-0.00085044245,-0.010413203,0.34148988,0.3381207,0.43049476,0.35905898,0.4546949,0.4988522,0.47492528,0.30432236,0.25317547,0.7104595,0.0,0.2610799,0.0020242634,0.9564736,0.9782368,1.0,0.0,0.0,0.75,0.0669873,0.33351886,0.55693126,0.8766025,0.7086619,1.0,0.16794056,0.4351469,0.0,0.0,0.48538414,1.0,5.0,2022-05-17T10:00:00,EURUSD,H1,1,BUY,22.628031849827313,19,"hit_tp=True,hit_sl=False,regime=1"
0.0019583171,-0.0073626423,-0.008589144,0.017110853,0.29299363,0.42875504,0.35709897,0.31637013,0.6431003,0.57524365,0.6899207,0.68308705,0.2534331,0.7446659,0.0,0.4953004,0.0034085696,0.41572735,0.7078637,1.0,0.0,0.0,0.9829629,0.37059048,0.7275287,0.6665928,0.8335918,0.0,0.0,0.8335918,0.6417546,0.0,0.0,0.2939217,-1.0,1.6900000000000002,2022-05-18T07:00:00,EURUSD,H1,1,BUY,-15.271323489383093,4,"hit_tp=False,hit_sl=True,regime=1"
-0.0033491685,-0.0058083422,-0.010249374,-0.01750681,0.3501052,0.27307627,0.33403,0.32233828,0.41905743,0.41934815,0.19929285,0.18965437,0.17678812,0.38508138,0.0,0.27082312,0.00199131,0.92422867,0.96211433,1.0,0.0,0.0,0.37059048,0.017037086,0.31755295,0.6893563,0.68616503,0.8,1.0,0.11383496,0.46376646,0.0,0.0,0.7959931,1.0,5.0,2022-05-18T13:00:00,EURUSD,H1,1,BUY,21.408579563768626,88,"hit_tp=True,hit_sl=False,regime=1"
0.0026570545,0.0090950895,0.019153131,0.029536871,0.4128085,0.40036,0.3769009,0.3619325,0.57974464,0.56686586,1.0,0.83666074,0.19867948,0.65680504,0.0,0.55935884,0.002892305,0.14495723,0.5724786,1.0,0.0,0.0,1.0,0.5,0.9465511,0.30272684,0.68107927,0.0,0.0,0.68107927,0.396191,0.0,0.0,0.6833048,-1.0,1.3,2022-05-22T06:00:00,EURUSD,H1,1,BUY,-18.57420465055437,14,"hit_tp=False,hit_sl=True,regime=1"
0.015617636,0.015293377,0.0037128774,0.0019714183,0.37193418,0.2752609,0.26644123,0.34978673,0.54081655,0.45879453,0.3814459,0.5228382,0.28178787,0.6946428,0.0,0.43378562,0.0024238569,0.67408407,0.83704203,1.0,0.0,0.0,0.14644662,0.8535534,0.25003794,0.38709557,1.0,0.54385173,1.0,0.45614827,0.0,0.0,0.0,0.54049844,-1.0,2.028,2022-05-22T21:00:00,EURUSD,H1,1,BUY,-20.73240364665274,36,"hit_tp=False,hit_sl=True,regime=1"
-0.0022819617,0.003811579,0.002056244,-0.0071089505,0.36460853,0.3504008,0.33980647,0.31194705,0.30337918,0.42728943,0.28060576,0.32295564,0.1543204,0.34680137,0.0,0.35564268,0.00069797377,0.40660045,0.70330024,1.0,0.0,0.0,0.75,0.0669873,0.27479604,0.50237155,1.0,0.0,0.0,1.0,0.26237893,0.0,0.0,0.5351744,1.0,5.0,2022-05-24T10:00:00,EURUSD,H1,1,BUY,18.55103320979712,15,"hit_tp=True,hit_sl=False,regime=1"
0.010189711,0.0035934167,0.013316603,0.011677978,0.48672634,0.38696417,0.37660187,0.3502906,0.69411165,0.5504896,0.71148187,0.60755634,0.2923195,0.6785281,0.0,0.71002305,0.003137727,0.37240595,0.686203,1.0,0.0,0.0,0.62940955,0.017037086,0.64414185,0.42132062,0.7575067,0.58143926,0.88088834,0.17606749,0.37409243,0.0,0.0,0.6306691,1.0,4.680000000000001,2022-05-25T11:00:00,EURUSD,H1,1,BUY,21.696264782449237,29,"hit_tp=True,hit_sl=False,regime=1"
-0.00042875684,0.004944597,0.0075670076,0.007610496,0.35650396,0.24120678,0.26560557,0.30338106,0.5902462,0.49722862,0.92437154,0.7149473,0.23729032,0.32677045,0.0,0.6161234,0.004518929,0.20610924,0.60305464,1.0,0.0,0.0,0.017037086,0.37059048,0.8757602,0.44855657,0.6477791,0.0,0.0,0.6477791,0.57306117,0.0,0.0,0.2305473,-1.0,1.6900000000000002,2022-05-26T17:00:00,EURUSD,H1,1,BUY,-13.41980639204765,8,"hit_tp=False,hit_sl=True,regime=1"
0.0016339718,0.0009685623,-0.0038254969,-0.0012436479,0.32132223,0.39622155,0.40703744,0.39665556,0.573284,0.51638263,0.64489114,0.4469399,0.15811709,0.6221603,0.0,0.50114834,0.0018328757,0.9600771,0.9800385,1.0,0.0,0.0,0.37059048,0.017037086,0.527669,0.39506716,0.9092846,0.44928214,0.81705064,0.46000242,0.405887,0.0,0.0,0.33818936,-1.0,2.028,2022-05-27T13:00:00,EURUSD,H1,1,BUY,-21.052604184730317,53,"hit_tp=False,hit_sl=True,regime=1"
0.005319629,0.0064208973,0.0061635217,0.013926689,0.53671944,0.43359724,0.4159378,0.32676178,0.26836988,0.47963133,0.43852484,0.5335137,0.33433375,0.746792,0.0,0.2863828,0.0011684916,0.56603897,0.7830195,1.0,0.0,0.0,0.017037086,0.62940955,0.3462241,0.58416677,1.0,0.0,0.0,1.0,0.83265233,0.0,0.0,0.8,-1.0,1.6900000000000002,2022-05-29T19:00:00,EURUSD,H1,1,BUY,-14.83688401866079,4,"hit_tp=False,hit_sl=True,regime=1"
0.007923905,0.005821386,3.2143616e-05,-0.0040691285,0.3876421,0.39965215,0.40560383,0.35151184,0.48086983,0.49175024,0.30443934,0.32051885,0.14851157,0.6144443,0.0,0.4811684,0.0007358453,0.33860728,0.66930366,1.0,0.0,0.0,0.75,0.9330127,0.25438482,0.50019747,1.0,0.7825817,1.0,0.2174183,0.36610046,0.0,0.0,0.5006099,-1.0,1.3,2022-05-30T02:00:00,EURUSD,H1,1,BUY,-17.86327267629728,8,"hit_tp=False,hit_sl=True,regime=1"
-0.0015395277,0.0024209828,-0.0003882693,-0.014850191,0.23223858,0.3056291,0.39097902,0.376892,0.2636332,0.46272087,0.2082333,0.21751942,0.23731607,0.3236152,0.0,0.2700016,0.00045125192,0.17051888,0.58525944,1.0,0.0,0.0,0.62940955,0.017037086,0.21910223,0.4485993,1.0,0.60324174,1.0,0.3967583,0.0,0.0,0.0,0.5111798,-1.0,1.56,2022-05-30T11:00:00,EURUSD,H1,1,BUY,-19.040941177870252,30,"hit_tp=False,hit_sl=True,regime=1"
0.007925575,0.004506051,0.003531493,-0.008119996,0.48335537,0.40199038,0.37562802,0.3653077,0.30179572,0.44463027,0.24169792,0.354188,0.21093632,0.63102764,0.0,0.26731023,0.0012648993,0.49303773,0.74651885,1.0,0.0,0.0,0.0,0.5,0.23707224,0.5376775,0.8863774,0.78027034,1.0,0.106107056,0.749126,0.0,0.0,0.5860207,-1.0,1.6900000000000002,2022-05-31T18:00:00,EURUSD,H1,1,BUY,-19.16668025740753,14,"hit_tp=False,hit_sl=True,regime=1"
0.0026198998,-0.0004241767,-0.0030700755,-0.021185182,0.5305185,0.47396562,0.43138748,0.37651035,0.37798968,0.4846879,0.122596085,0.39027667,0.20200472,0.65723604,0.0,0.3034554,0.00089347875,0.34198496,0.6709925,1.0,0.0,0.0,0.75,0.0669873,0.119121656,0.4513565,0.40615553,0.0,0.0,0.40615553,0.40615553,0.0,0.0,0.38914528,-1.0,1.3,2022-06-01T10:00:00,EURUSD,H1,1,BUY,-19.377553244801504,8,"hit_tp=False,hit_sl=True,regime=1"
0.0034631838,-0.0004389499,-0.0091426,-0.010048019,0.31179526,0.28222495,0.33753076,0.3457929,0.16666606,0.464593,0.19530061,0.33044294,0.2071471,0.66418266,0.0,0.119240195,0.0007249874,0.23006815,0.61503404,1.0,0.0,0.0,0.017037086,0.62940955,0.20187822,0.51481503,0.8239829,0.46053556,0.75894684,0.36344737,0.5016762,0.0,0.0,0.32926556,-1.0,1.56,2022-06-01T19:00:00,EURUSD,H1,1,BUY,-18.470749551326993,60,"hit_tp=False,hit_sl=True,regime=1"
0.0023707987,-0.0029152234,-0.0135300355,-0.027156193,0.38311723,0.29820397,0.30347002,0.316051,0.27782163,0.38548344,0.11353098,0.17200905,0.19811232,0.6856963,0.0,0.2737402,0.00041604365,0.18999968,0.59499985,1.0,0.0,0.0,0.8535534,0.14644662,0.068386845,0.5208022,0.90710366,0.24848653,0.45080608,0.65861714,0.42568502,0.0,0.0,0.27780592,1.0,5.0,2022-06-04T09:00:00,EURUSD,H1,1,BUY,20.045980346916625,23,"hit_tp=True,hit_sl=False,regime=1"
0.0062370757,0.0044769854,0.009080888,0.0154143935,0.62686867,0.45840436,0.44007802,0.37846315,0.56794935,0.57841766,0.8551894,0.5606236,0.17178683,0.6439897,0.0,0.5612754,0.0019548512,0.9331436,0.9665718,1.0,0.0,0.0,0.8535534,0.14644662,0.6744298,0.41123194,1.0,0.0,0.0,1.0,0.47455505,0.0,0.0,0.69702727,1.0,5.0,2022-06-05T09:00:00,EURUSD,H1,1,BUY,22.449171814604707,31,"hit_tp=True,hit_sl=False,regime=1"
0.0024534003,0.0013213423,0.010255715,0.012458778,0.895064,0.6520731,0.48657796,0.42397594,0.67433923,0.5751476,0.7716978,0.5209019,0.17232704,0.6434254,0.0,0.66933423,0.0032971073,0.5995829,0.79979146,1.0,0.0,0.0,0.0,0.5,0.82227296,0.50187624,0.8612245,0.68053246,1.0,0.18069203,0.49753582,0.0,0.0,0.5176156,1.0,5.0,2022-06-06T18:00:00,EURUSD,H1,1,BUY,26.7370280883239,84,"hit_tp=True,hit_sl=False,regime=1"
0.0020808992,-0.00036046063,-0.0039409106,0.0011820741,0.2791158,0.30484423,0.3889422,0.3261279,0.56412196,0.4787025,0.3880054,0.4228488,0.3364936,0.7061459,0.0,0.6031072,0.003756599,0.45338288,0.7266914,1.0,0.0,0.0,0.0,0.5,0.59405506,0.6414066,0.78005195,0.45437923,0.7088788,0.32567272,0.76002496,0.0,0.0,0.35406646,-1.0,1.6900000000000002,2022-06-10T18:00:00,EURUSD,H1,1,BUY,-16.350853397066878,11,"hit_tp=False,hit_sl=True,regime=1"
-0.0020988148,0.0013129188,-0.0015816631,-0.003179324,0.31256726,0.36129183,0.32632694,0.3372578,0.36915424,0.4357182,0.3068031,0.53416157,0.3105263,0.2551087,0.0,0.4632412,0.0020631591,0.7825545,0.89127725,1.0,0.0,0.0,0.14644662,0.14644662,0.35008943,0.33438802,0.557159,0.7515385,0.8374529,0.19437951,0.41484663,0.0,0.0,0.54983246,1.0,5.0,2022-06-15T15:00:00,EURUSD,H1,1,BUY,19.303764267710743,10,"hit_tp=True,hit_sl=False,regime=1"
-0.0009764329,-0.0018848082,0.0055360203,0.008534138,0.49583688,0.44099364,0.43423298,0.35694078,0.6153906,0.55311984,0.7566911,0.62943447,0.12950191,0.37309796,0.0,0.6750684,0.003012308,0.44903594,0.72451794,1.0,0.0,0.0,0.75,0.9330127,0.75403225,0.46840468,0.74796677,0.34297547,0.5130685,0.4049913,0.42871934,0.0,0.0,0.4629685,-1.0,2.028,2022-06-16T02:00:00,EURUSD,H1,1,BUY,-20.553112940997487,51,"hit_tp=False,hit_sl=True,regime=1"
0.0041617067,0.0066304095,0.011716099,0.0043022917,0.37928078,0.2940793,0.3548606,0.3134397,0.35298237,0.43478474,0.36570045,0.55863494,0.17857859,0.6665398,0.0,0.513117,0.0012863155,0.8485492,0.92427456,1.0,0.0,0.0,0.9829629,0.37059048,0.2971157,0.25240046,0.45058843,0.6001282,0.5408216,0.14953972,0.37204835,0.0,0.0,0.813208,-1.0,2.028,2022-06-18T07:00:00,EURUSD,H1,1,BUY,-17.160269969256348,60,"hit_tp=False,hit_sl=True,regime=1"
0.011722817,0.0044890707,0.005032759,-0.0038540652,0.41404828,0.40872282,0.37193096,0.3846219,0.39154813,0.4536218,0.23094434,0.42202792,0.22884484,0.6605073,0.0,0.4065144,0.0010184175,0.7076914,0.8538457,1.0,0.0,0.0,0.14644662,0.8535534,0.11044571,0.63602525,0.7701562,0.8,1.0,0.029843807,0.0,0.0,0.0,0.7607262,-1.0,1.3,2022-06-20T21:00:00,EURUSD,H1,1,BUY,-18.449877100330525,10,"hit_tp=False,hit_sl=True,regime=1"
0.007492189,0.005363589,0.006040534,-0.014235359,0.16039759,0.21373849,0.24611753,0.30873695,0.18808462,0.42188212,0.25509527,0.18521982,0.1554054,0.6798729,0.0,0.3527066,0.00048534907,0.21399051,0.6069953,1.0,0.0,0.0,0.62940955,0.017037086,0.19512099,0.64161724,1.0,0.8,1.0,0.2,0.5950936,0.0,0.0,0.8,-1.0,1.3,2022-06-21T11:00:00,EURUSD,H1,1,BUY,-14.9378468968564,7,"hit_tp=False,hit_sl=True,regime=1"
0.016355505,0.011203148,0.008546018,-0.0022735312,0.40249434,0.3985703,0.33681637,0.31811237,0.31695426,0.48688382,0.2463455,0.28857946,0.24936351,0.6685029,0.0,0.4259443,0.0011455459,0.4087038,0.7043519,1.0,0.0,0.0,0.017037086,0.62940955,0.22111124,0.54916805,1.0,0.43556747,0.87113494,0.5644325,0.31297672,0.5033888,0.49834293,0.6,1.0,5.0,2022-06-21T19:00:00,EURUSD,H1,1,BUY,19.52381640406342,17,"hit_tp=True,hit_sl=False,regime=1"
0.00041653242,0.0029477733,0.015364762,0.01612506,0.26117158,0.24422948,0.20456372,0.32064623,0.716313,0.5936217,0.95635796,0.8507656,0.1388806,0.6646491,0.0,0.5303319,0.0030799194,0.8351508,0.9175754,1.0,0.0,0.0,0.37059048,0.017037086,0.7818105,0.65330446,1.0,0.0,0.0,1.0,0.47007707,0.0,0.0,0.61627793,-1.0,1.6900000000000002,2022-06-22T13:00:00,EURUSD,H1,1,BUY,-12.814242550587274,15,"hit_tp=False,hit_sl=True,regime=1"
-0.00039386906,0.0032698554,0.0032753411,-0.016525647,0.29222953,0.3881756,0.37243718,0.35827637,0.45362574,0.42584074,0.23972224,0.27606004,0.21442753,0.34480396,0.0,0.44227183,0.002369503,0.937371,0.9686855,1.0,0.0,0.0,0.9829629,0.62940955,0.30620158,0.4382237,0.61011463,0.6,0.73213756,0.010114616,0.49681646,0.0,0.0,0.25817165,-1.0,1.6900000000000002,2022-06-23T05:00:00,EURUSD,H1,1,BUY,-19.145119256578358,7,"hit_tp=False,hit_sl=True,regime=1"
0.0052910456,0.0037046676,-0.004719322,-0.0010347699,0.37909135,0.36791244,0.32311156,0.35419333,0.25957054,0.43318218,0.28773946,0.38371435,0.22202073,0.66320616,0.0,0.3706961,0.0016304924,0.7306705,0.8653352,1.0,0.0,0.0,0.37059048,0.017037086,0.25571227,0.47247955,1.0,0.6,1.0,0.4,0.0,0.0,0.0,0.40744072,-1.0,2.028,2022-06-23T13:00:00,EURUSD,H1,1,BUY,-12.589262921318678,100,"hit_tp=False,hit_sl=False,regime=1"
-0.0005690825,-0.0019253001,-0.002156672,0.0019057519,0.24076846,0.3756057,0.3224982,0.32590067,0.3315223,0.51124364,0.4763397,0.5412458,0.2200957,0.35367787,0.0,0.38862082,0.0011306022,0.7755193,0.8877597,1.0,0.0,0.0,0.5,1.0,0.45141742,0.5106942,1.0,0.9980175,1.0,0.001982506,0.5796678,0.0,0.0,0.7583094,-1.0,1.6900000000000002,2022-06-28T00:00:00,EURUSD,H1,1,BUY,-16.244452210862903,6,"hit_tp=False,hit_sl=True,regime=1"
0.003955421,0.009293646,0.009858199,0.0046930513,0.27198693,0.32276508,0.36102217,0.34856337,0.3404892,0.50041986,0.43122005,0.47316188,0.27145523,0.75573254,0.0,0.25018585,0.000988388,0.50902134,0.75451064,1.0,0.0,0.0,0.0669873,0.25,0.35931182,0.4426447,0.35509533,0.75260717,0.5344946,0.39751184,0.7048021,0.0,0.0,0.8408099,1.0,5.0,2022-06-28T16:00:00,EURUSD,H1,1,BUY,19.351558269105062,13,"hit_tp=True,hit_sl=False,regime=1"
-0.012381298,-0.0031055915,-0.00149747,0.023552882,0.2373246,0.2661491,0.34345332,0.32350868,0.71772516,0.636168,0.8279156,0.86658114,0.27184615,0.34070268,0.0,0.57133096,0.0034187166,0.30679694,0.65339845,1.0,0.0,0.0,0.37059048,0.017037086,0.89979786,0.6490958,0.48158738,0.7224336,0.69582987,0.24084628,0.5728694,0.5670501,0.41285995,0.5192984,-1.0,1.3,2022-06-29T13:00:00,EURUSD,H1,1,BUY,-16.59181287596123,7,"hit_tp=False,hit_sl=True,regime=1"
0.015566699,0.0051712124,-0.0049260883,-0.004789806,0.39608443,0.3840102,0.37485212,0.36698672,0.532668,0.42967814,0.28449732,0.3080046,0.16070321,0.64107496,0.0,0.3932548,0.0026702473,0.7094002,0.8547001,1.0,0.0,0.0,0.14644662,0.8535534,0.30359444,0.55934405,0.74963915,0.1356512,0.2033789,0.613988,0.339128,0.0,0.0,0.45898068,-1.0,1.6900000000000002,2022-06-29T21:00:00,EURUSD,H1,1,BUY,-15.938628789418097,4,"hit_tp=False,hit_sl=True,regime=1"
-0.002120938,0.00030253953,-0.0139598,-0.02689525,0.30297998,0.24441738,0.3140241,0.32437465,0.2223313,0.35712248,0.16092537,0.13980551,0.14444998,0.3682357,0.0,0.24951066,0.0013272698,0.6406412,0.8203206,1.0,0.0,0.0,0.75,0.9330127,0.20210692,0.54904306,0.56028235,0.0,0.0,0.56028235,0.70035297,0.0,0.0,0.4676357,1.0,5.0,2022-06-30T02:00:00,EURUSD,H1,1,BUY,19.398030300279423,13,"hit_tp=True,hit_sl=False,regime=1"
-0.00016818741,0.012146807,0.016951365,0.02364581,0.48645666,0.4216446,0.383384,0.32730687,0.72506154,0.5865109,0.93621826,0.8719907,0.22284928,0.34987396,0.0,0.6145835,0.0030681137,0.47540623,0.7377031,1.0,0.0,0.0,0.0669873,0.25,0.86051303,0.48807284,0.6,0.14732783,0.1767934,0.45267218,0.47546557,0.0,0.0,0.20584212,1.0,5.0,2022-06-30T16:00:00,EURUSD,H1,1,BUY,18.905791833829788,12,"hit_tp=True,hit_sl=False,regime=1"
0.008306212,-0.0012299682,0.0019369103,0.021042645,0.3622761,0.41452733,0.36807945,0.3671668,0.6817365,0.59408617,0.75239956,0.7404993,0.21852604,0.6601195,0.0,0.7218694,0.0035331182,0.25216192,0.626081,1.0,0.0,0.0,0.9829629,0.62940955,0.7292794,0.46314052,0.39615598,0.8,0.63384956,0.40384403,0.54636896,0.0,0.0,0.63719535,-1.0,1.3,2022-07-01T05:00:00,EURUSD,H1,1,BUY,-18.124447553564682,10,"hit_tp=False,hit_sl=True,regime=1"
-0.004018166,-0.010615061,-0.01436854,-0.022082532,0.28984576,0.3584336,0.30463943,0.32657072,0.13707085,0.3692677,0.058573365,0.16128857,0.28709888,0.29639506,0.0,0.13013218,0.0013835188,0.6856279,0.84281397,1.0,0.0,0.0,0.017037086,0.37059048,0.1797273,0.59564,0.6482594,0.2873812,0.3725951,0.3608782,0.49130973,0.0,0.0,0.76770324,1.0,5.0,2022-07-01T17:00:00,EURUSD,H1,1,BUY,19.772953616417066,20,"hit_tp=True,hit_sl=False,regime=1"
0.0087228445,0.0057233595,0.011962078,0.017745854,0.38720286,0.43663022,0.44867447,0.35751146,0.6839558,0.5608595,0.91981053,0.6279475,0.13541867,0.63110805,0.0,0.5157443,0.001987031,0.77273834,0.88636917,1.0,0.0,0.0,0.25,0.0669873,0.7669511,0.48234907,0.9848244,0.0,0.0,0.9848244,0.0,0.0,0.0,0.69145125,-1.0,1.6900000000000002,2022-07-02T14:00:00,EURUSD,H1,1,BUY,-18.31039320040695,12,"hit_tp=False,hit_sl=True,regime=1"
-0.0022197294,-0.0036424778,-0.0076703904,-0.023947641,0.28408003,0.29785982,0.26399174,0.35093266,0.3497104,0.42636085,0.15836906,0.2855097,0.28918207,0.25746596,0.0,0.38538608,0.0008684387,0.49208647,0.74604326,1.0,0.0,0.0,0.8535534,0.8535534,0.15052754,0.4646877,0.8,0.6321876,1.0,0.16781239,0.51516134,0.0,0.0,0.77358615,-1.0,1.6900000000000002,2022-07-03T03:00:00,EURUSD,H1,1,BUY,-15.348054851083148,5,"hit_tp=False,hit_sl=True,regime=1"
0.0048143333,0.003969538,0.006970736,0.013972942,0.40767935,0.3219397,0.33875853,0.3338825,0.48515725,0.5353742,0.7032342,0.63249713,0.22817059,0.6866932,0.0,0.55854136,0.0017682636,0.88396734,0.9419837,1.0,0.0,0.0,0.0669873,0.25,0.46216053,0.39537588,1.0,0.30442756,0.6088551,0.69557244,0.27232704,0.0,0.0,0.73358566,-1.0,2.028,2022-07-03T16:00:00,EURUSD,H1,1,BUY,-18.87707562270524,29,"hit_tp=False,hit_sl=True,regime=1"
-0.0029112354,-0.0067097116,-0.013332662,-0.013124012,0.25409886,0.26884976,0.28266907,0.26175526,0.25050563,0.40368584,0.17286803,0.1625935,0.18020542,0.32733196,0.0,0.35998583,0.00023425513,0.13552238,0.5677612,1.0,0.0,0.0,0.25,0.9330127,0.13784789,0.3943892,0.4,0.9051585,0.7241268,0.5051585,0.5274062,0.0,0.0,0.73094386,1.0,3.9000000000000004,2022-07-04T22:00:00,EURUSD,H1,1,BUY,15.253166802440266,4,"hit_tp=True,hit_sl=False,regime=1"
0.0032503617,0.0034958303,0.00023347767,0.009366969,0.505088,0.38211092,0.34580317,0.30841598,0.31127104,0.5048167,0.43005532,0.4762236,0.17478897,0.63414353,0.0,0.35057747,0.001156888,0.62237424,0.8111871,1.0,0.0,0.0,0.9330127,0.75,0.37876734,0.39227018,0.72584194,0.1978437,0.2872065,0.5279982,0.55393916,0.0,0.0,0.68857616,-1.0,2.028,2022-07-05T04:00:00,EURUSD,H1,1,BUY,-16.061658689778824,21,"hit_tp=False,hit_sl=True,regime=1"
-0.000334178,-0.0019584273,-0.010030893,-0.008027746,0.44123325,0.41709265,0.39546803,0.35146686,0.20330636,0.43886513,0.19248886,0.3759038,0.20943153,0.35655132,0.0,0.07604031,0.00088497176,0.53253984,0.7662699,1.0,0.0,0.0,0.75,0.9330127,0.19520068,0.41847086,1.0,0.59730846,1.0,0.40269154,0.7953464,0.0,0.0,0.6199792,-1.0,1.6900000000000002,2022-07-06T02:00:00,EURUSD,H1,1,BUY,-18.77429694359556,8,"hit_tp=False,hit_sl=True,regime=1"
0.010599922,0.0071476875,0.0034557262,0.0048327325,0.35239094,0.28354606,0.3667626,0.32403168,0.49663723,0.56868446,0.6268728,0.52979517,0.11286885,0.6198551,0.0,0.39174563,0.0021569338,0.9265774,0.96328866,1.0,0.0,0.0,0.017037086,0.62940955,0.42862025,0.4737179,1.0,0.6,1.0,0.4,0.0,0.0,0.0,0.5584508,-1.0,1.6900000000000002,2022-07-06T19:00:00,EURUSD,H1,1,BUY,-15.369772253976954,15,"hit_tp=False,hit_sl=True,regime=1"
-0.0072765183,0.0049883015,-0.005656819,-0.008170883,0.23137748,0.20403618,0.2932341,0.31657028,0.29995683,0.47533128,0.31327847,0.33533,0.16694215,0.35259336,0.0,0.39127183,0.0011180424,0.47979003,0.73989505,1.0,0.0,0.0,0.62940955,0.017037086,0.36805,0.60191953,0.953633,0.6,1.0,0.35363302,0.9382897,0.0,0.0,0.54466295,1.0,5.0,2022-07-07T11:00:00,EURUSD,H1,1,BUY,18.286204920776594,38,"hit_tp=True,hit_sl=False,regime=1"
-0.0005202606,-0.0004017297,0.0023829327,0.007247992,0.20964988,0.24033168,0.3803116,0.35257393,0.59814227,0.5542921,0.75015235,0.6880358,0.18424438,0.33986595,0.0,0.5567017,0.00184265,0.58501655,0.7925083,1.0,0.0,0.0,0.75,0.9330127,0.8035036,0.5268238,1.0,1.0,1.0,0.0,0.586917,0.0,0.0,0.29119077,-1.0,2.028,2022-07-09T02:00:00,EURUSD,H1,1,BUY,-18.766660512616884,22,"hit_tp=False,hit_sl=True,regime=1"
0.0029433065,-0.008340561,-0.014874782,-0.01651558,0.4099739,0.45371506,0.41691688,0.34469172,0.23000245,0.4033708,0.04446251,0.18703686,0.29926035,0.6886676,0.0,0.23584045,0.00014714367,0.10336777,0.5516839,1.0,0.0,0.0,0.9330127,0.75,0.05052812,0.5836876,0.38200015,0.49744073,0.38004488,0.11544058,0.38200015,0.0,0.0,0.2850066,1.0,3.9000000000000004,2022-07-10T04:00:00,EURUSD,H1,1,BUY,20.63939640221557,9,"hit_tp=True,hit_sl=False,regime=1"
0.022894576,0.019773077,0.02265612,0.011435944,0.43773454,0.36869252,0.37667128,0.3357456,0.6666743,0.5905626,0.7862313,0.6120904,0.26317936,0.68960744,0.0,0.64200336,0.0029400347,0.3793014,0.6896507,1.0,0.0,0.0,0.0669873,0.75,0.58470666,0.5010282,1.0,0.0,0.0,1.0,0.0,0.0,0.0,0.8,1.0,5.0,2022-07-10T20:00:00,EURUSD,H1,1,BUY,17.593031538900572,9,"hit_tp=True,hit_sl=False,regime=1"
0.0003468492,-0.00018947266,-0.0071367198,-0.0067659505,0.31613612,0.29269892,0.36195633,0.3383047,0.7158332,0.5049869,0.50186485,0.36224177,0.2556037,0.701856,0.0,0.7179941,0.003983254,0.515286,0.757643,1.0,0.0,0.0,0.75,0.0669873,0.61835086,0.6914709,0.7900632,1.0,1.0,0.20993681,0.57291955,0.0,0.0,0.22656798,-1.0,1.6900000000000002,2022-07-11T10:00:00,EURUSD,H1,1,BUY,-14.369817105261973,11,"hit_tp=False,hit_sl=True,regime=1"
-0.007954383,-0.009826603,-0.016508818,-0.011141542,0.5161421,0.41113308,0.3696899,0.360662,0.34105676,0.40312257,0.07581027,0.47311574,0.13353235,0.36477146,0.0,0.46244583,0.003301402,0.7702808,0.88514036,1.0,0.0,0.0,0.25,0.9330127,0.16959524,0.38150555,0.8,0.6,0.96,0.2,0.42765132,0.0,0.0,0.888972,-1.0,1.6900000000000002,2022-07-11T22:00:00,EURUSD,H1,1,BUY,-15.021074081480457,16,"hit_tp=False,hit_sl=True,regime=1"
-0.0030094583,-0.007262232,-0.016484369,-0.026875373,0.5737434,0.53836226,0.45190063,0.3918557,0.4579931,0.44412518,0.29396582,0.23368591,0.20105319,0.31941983,0.0,0.5483762,0.0017377619,0.74814993,0.874075,1.0,0.0,0.0,0.14644662,0.14644662,0.2798365,0.5967007,0.4,1.0,0.8,0.6,0.616779,0.0,0.0,0.7094648,1.0,5.0,2022-07-12T15:00:00,EURUSD,H1,1,BUY,22.28467498670339,58,"hit_tp=True,hit_sl=False,regime=1"
-0.015364951,-0.015795385,-0.015643956,-0.0077998196,0.16711897,0.17907923,0.22952577,0.28316164,0.6910891,0.54082984,0.6299757,0.60018265,0.27071825,0.31630656,0.0,0.7393406,0.0031845225,0.43083793,0.71541893,1.0,0.0,0.0,0.9330127,0.25,0.7576707,0.6555029,1.0,1.0,1.0,0.0,0.7642715,0.0,0.0,0.8,-1.0,1.6900000000000002,2022-07-15T08:00:00,EURUSD,H1,1,BUY,-12.892790649385866,1,"hit_tp=False,hit_sl=True,regime=1"
0.010472679,0.007824019,0.010327338,0.002482758,0.32531282,0.47031033,0.32697314,0.31514138,0.5224069,0.44993457,0.39752665,0.48593977,0.23811339,0.7256074,0.0,0.5643767,0.0033082496,0.46567214,0.73283607,1.0,0.0,0.0,0.37059048,0.017037086,0.44178766,0.37972972,1.0,0.0,0.0,1.0,0.0,0.0,0.0,0.8,-1.0,1.6900000000000002,2022-07-15T13:00:00,EURUSD,H1,1,BUY,-15.61414289336538,11,"hit_tp=False,hit_sl=True,regime=1"
-0.009976041,-0.003029974,-0.0072053247,-0.020836161,0.32547134,0.2910245,0.3084003,0.3223007,0.37922162,0.41097838,0.12246743,0.28149673,0.2075982,0.35267597,0.0,0.45860752,0.0021026928,0.97402644,0.9870132,1.0,0.0,0.0,0.62940955,0.9829629,0.31779101,0.47144827,0.62184256,0.7393328,0.91949725,0.11749022,0.0,0.0,0.0,0.6836981,-1.0,1.6900000000000002,2022-07-16T01:00:00,EURUSD,H1,1,BUY,-15.06402011930641,7,"hit_tp=False,hit_sl=True,regime=1"
0.0042009368,0.007577982,0.0039528604,0.0060684523,0.40308946,0.32547945,0.3385094,0.3351937,0.32013437,0.45463663,0.33529302,0.5090647,0.23378746,0.65704507,0.0,0.2882473,0.00092331343,0.42045802,0.710229,1.0,0.0,0.0,0.14644662,0.14644662,0.2946446,0.52517784,0.6630508,0.48227626,0.6395473,0.18077452,0.6493115,0.0,0.0,0.6250401,-1.0,2.028,2022-07-16T15:00:00,EURUSD,H1,1,BUY,-18.75251670632405,24,"hit_tp=False,hit_sl=True,regime=1"
-0.00430158,0.0034217713,-0.0002420661,-0.0039754813,0.26643112,0.27073392,0.31386793,0.30381197,0.45178488,0.5402111,0.47035262,0.45020345,0.2650182,0.33432543,0.0,0.5230476,0.00069230766,0.28482148,0.64241076,1.0,0.0,0.0,0.0669873,0.25,0.5601229,0.48690477,0.6811231,0.41250703,0.56193614,0.26861605,0.4010384,0.0,0.0,0.56453747,1.0,4.680000000000001,2022-07-17T16:00:00,EURUSD,H1,1,BUY,17.023287801771758,34,"hit_tp=True,hit_sl=False,regime=1"
-0.0027301682,-0.014742881,-0.0065160156,-0.0005027229,0.5055532,0.39580908,0.38925818,0.33106118,0.6859768,0.5586339,0.5987164,0.41593313,0.28781456,0.30193275,0.0,0.7433168,0.002331245,0.7389073,0.86945367,1.0,0.0,0.0,0.9829629,0.62940955,0.69079304,0.4570177,0.7996226,0.59465396,0.9509975,0.20496866,0.26543814,0.0,0.0,0.47126442,1.0,5.0,2022-07-19T05:00:00,EURUSD,H1,1,BUY,20.33904528613517,8,"hit_tp=True,hit_sl=False,regime=1"
0.009186214,0.00094004074,-0.009709768,0.0016230146,0.51238686,0.4174514,0.36565885,0.36841422,0.6058661,0.53645265,0.60764307,0.44943377,0.2675298,0.7322625,0.0,0.6540465,0.0035531174,0.41798115,0.7089906,1.0,0.0,0.0,0.14644662,0.14644662,0.617262,0.4705433,0.6856749,0.43912876,0.60219914,0.24654618,0.366956,0.0,0.0,0.3962071,1.0,4.680000000000001,2022-07-19T15:00:00,EURUSD,H1,1,BUY,21.652253205743932,30,"hit_tp=True,hit_sl=False,regime=1"
-0.0010792225,0.0033349127,0.004603151,-0.0012160592,0.20468882,0.20869893,0.26081693,0.3089596,0.633346,0.49458045,0.5502219,0.31302997,0.28517714,0.31529042,0.0,0.58452463,0.0033734909,0.47556305,0.7377815,1.0,0.0,0.0,0.9829629,0.62940955,0.65395826,0.58097494,1.0,0.0,0.0,1.0,0.45827287,0.0,0.0,0.2957848,-1.0,1.6900000000000002,2022-07-21T05:00:00,EURUSD,H1,1,BUY,-13.012131760898882,5,"hit_tp=False,hit_sl=True,regime=1"
-0.004289913,-0.008191546,-0.0037214963,-0.008266116,0.60127443,0.44166765,0.3399267,0.3317069,0.3542087,0.44433513,0.19182262,0.5067547,0.19655629,0.3538789,0.0,0.42497194,0.0030254014,0.7163729,0.8581865,1.0,0.0,0.0,0.62940955,0.017037086,0.5239812,0.65833217,1.0,0.38911638,0.77823275,0.6108836,0.5142595,0.0,0.0,0.6032347,-1.0,1.6900000000000002,2022-07-21T11:00:00,EURUSD,H1,1,BUY,-15.388667835121161,7,"hit_tp=False,hit_sl=True,regime=1"
0.007942529,0.0068513323,-0.008249694,-0.008556431,0.43665653,0.32402965,0.41826907,0.33719838,0.36980534,0.40653318,0.15731438,0.3513815,0.2173619,0.6872463,0.0,0.45779976,0.002392858,0.9153073,0.95765364,1.0,0.0,0.0,0.017037086,0.62940955,0.04949972,0.35282364,1.0,0.4,0.8,0.6,0.0,0.0,0.0,0.3973999,1.0,5.0,2022-07-21T19:00:00,EURUSD,H1,1,BUY,21.14521905993927,37,"hit_tp=True,hit_sl=False,regime=1"
0.0019838864,0.0016038772,0.00800492,0.023911411,0.37513712,0.30376562,0.36377874,0.33545738,0.53843987,0.575008,0.8114415,0.74668956,0.15172727,0.6472375,0.0,0.5963914,0.0026585057,0.40683737,0.7034187,1.0,0.0,0.0,0.8535534,0.14644662,0.7717443,0.4830187,1.0,0.0,0.0,1.0,0.0,0.0,0.0,0.53584427,-1.0,1.6900000000000002,2022-07-23T09:00:00,EURUSD,H1,1,BUY,-15.261796733740951,13,"hit_tp=False,hit_sl=True,regime=1"
0.0066686403,0.0066411905,-0.0025811386,-0.008649138,0.31694895,0.32873422,0.3099455,0.34762388,0.25182375,0.38404945,0.24398033,0.19275516,0.16418888,0.6556217,0.0,0.21779521,0.00059844676,0.36543006,0.68271506,1.0,0.0,0.0,0.9330127,0.75,0.17035858,0.399683,1.0,0.105522096,0.21104419,0.8944779,0.26380524,0.0,0.0,0.45133668,-1.0,1.6900000000000002,2022-07-24T04:00:00,EURUSD,H1,1,BUY,-16.445821430415286,18,"hit_tp=False,hit_sl=True,regime=1"
0.0015272261,0.0012943437,0.009795099,0.010503055,0.4770722,0.62074184,0.4423915,0.3581537,0.48773205,0.5120445,0.53479105,0.77732617,0.21309592,0.67622924,0.0,0.414042,0.002333441,0.9721162,0.9860581,1.0,0.0,0.0,0.75,0.9330127,0.4600364,0.5173133,1.0,0.3451515,0.690303,0.6548485,0.43143937,0.0,0.0,0.4893394,-1.0,1.6900000000000002,2022-07-25T02:00:00,EURUSD,H1,1,BUY,-17.948081506171665,4,"hit_tp=False,hit_sl=True,regime=1"
0.0041011586,0.000506446,-0.0022040675,-0.010862022,0.30111894,0.3262869,0.3170845,0.36308944,0.2857436,0.42275435,0.23366594,0.25895494,0.1619096,0.6456277,0.0,0.27385038,0.00079686823,0.30306745,0.6515337,1.0,0.0,0.0,0.37059048,0.017037086,0.20194598,0.52117014,0.6901525,0.85673124,1.0,0.16657867,0.8271098,0.0,0.43395177,0.43644422,-1.0,2.028,2022-07-25T13:00:00,EURUSD,H1,1,BUY,-17.066343110923032,47,"hit_tp=False,hit_sl=True,regime=1"
0.005311357,0.0026834174,0.0033170888,-0.0018510092,0.39558932,0.36279118,0.3079913,0.35649008,0.34947115,0.46445334,0.25952342,0.4331137,0.20403121,0.6430236,0.0,0.40481997,0.0013081345,0.86863345,0.9343167,1.0,0.0,0.0,0.37059048,0.017037086,0.18889737,0.49640146,1.0,1.0,1.0,0.0,0.43392488,0.0,0.0,0.77174425,1.0,5.0,2022-07-27T13:00:00,EURUSD,H1,1,BUY,21.38618643631629,21,"hit_tp=True,hit_sl=False,regime=1"
0.0033426466,0.0010480426,-0.0009284382,0.0023159569,0.3055035,0.39635205,0.41331682,0.38946614,0.6155876,0.5512253,0.6531747,0.34706807,0.18466997,0.6250789,0.0,0.5705599,0.0026669353,0.7459098,0.8729549,1.0,0.0,0.0,0.37059048,0.017037086,0.6470835,0.44740734,0.7428031,1.0,1.0,0.2571969,0.49114245,0.0,0.0,0.46341017,-1.0,1.6900000000000002,2022-07-28T13:00:00,EURUSD,H1,1,BUY,-22.283831611658034,12,"hit_tp=False,hit_sl=True,regime=1"
0.0023410001,-0.0023790693,-0.0041610114,-0.004852622,0.22350244,0.25215173,0.33580136,0.3232909,0.28749818,0.42225918,0.23270115,0.35263133,0.22404093,0.6685748,0.0,0.43708694,0.0011360253,0.53338176,0.7666909,1.0,0.0,0.0,0.75,0.9330127,0.19805995,0.4951003,0.7467065,0.0,0.0,0.7467065,0.6309757,0.0,0.0,0.3588129,-1.0,1.6900000000000002,2022-07-29T02:00:00,EURUSD,H1,1,BUY,-16.977023154731707,11,"hit_tp=False,hit_sl=True,regime=1"
0.0069758077,0.005904976,0.0052147084,-0.0032146915,0.17117594,0.3191577,0.32317832,0.29504764,0.27009052,0.45240733,0.31519887,0.5277263,0.24440154,0.67587936,0.0,0.42665958,0.0014172785,0.47911265,0.7395563,1.0,0.0,0.0,0.017037086,0.37059048,0.21689184,0.4926663,1.0,0.7746589,1.0,0.22534108,0.664551,0.0,0.0,0.6,1.0,5.0,2022-07-29T17:00:00,EURUSD,H1,1,BUY,18.947758116441005,6,"hit_tp=True,hit_sl=False,regime=1"
0.006797173,-0.0027906527,0.0031310713,-0.0035495083,0.56657696,0.50125825,0.379936,0.3724852,0.72513247,0.56121343,0.5432685,0.5182743,0.25279266,0.6468765,0.0,0.6635107,0.0035998693,0.7803943,0.89019716,1.0,0.0,0.0,0.8535534,0.14644662,0.6088499,0.550901,0.5095488,1.0,1.0,0.49045125,0.5095488,0.0,0.0,0.58280176,1.0,5.0,2022-07-30T09:00:00,EURUSD,H1,1,BUY,25.30849953607861,13,"hit_tp=True,hit_sl=False,regime=1"
0.0013259227,0.0014332503,0.0034922992,-0.00606618,0.165406,0.22051434,0.27446032,0.2749248,0.56806624,0.42652762,0.3698179,0.36427623,0.33675784,0.7315208,0.0,0.46764174,0.0058566285,0.26135594,0.63067794,1.0,0.0,0.0,0.25,0.9330127,0.52899146,0.5276002,1.0,0.2834498,0.5668996,0.71655023,0.4567361,0.0,0.0,0.82782656,-1.0,2.028,2022-07-31T22:00:00,EURUSD,H1,1,BUY,-13.838235938881116,42,"hit_tp=False,hit_sl=True,regime=1"
-0.004912979,-0.0031297973,-0.0041238554,-0.03679496,0.29292023,0.32836577,0.2844777,0.3524841,0.35423785,0.4027048,0.15272371,0.2075696,0.18786128,0.37457794,0.0,0.5319957,0.00053490367,0.35234305,0.67617154,1.0,0.0,0.0,0.017037086,0.37059048,0.1883996,0.38428417,0.63918823,0.9591241,1.0,0.3199359,0.0,0.0,0.0,0.78329647,1.0,3.9000000000000004,2022-08-02T17:00:00,EURUSD,H1,1,BUY,18.10862312763284,6,"hit_tp=True,hit_sl=False,regime=1"
0.0056869714,0.0033524116,0.010103611,0.019222863,0.20062032,0.2197129,0.29584074,0.30135012,0.52445567,0.5542061,0.69129497,0.8394006,0.26761618,0.67139554,0.0,0.72886103,0.0023442674,0.560167,0.7800835,1.0,0.0,0.0,0.5,1.0,0.57818043,0.376379,0.9060669,0.6038117,1.0,0.3022552,0.49337965,0.0,0.0,0.6310255,1.0,5.0,2022-08-03T00:00:00,EURUSD,H1,1,BUY,17.5049523423354,17,"hit_tp=True,hit_sl=False,regime=1"
0.0043125036,0.0020934108,-0.0035688346,0.006497609,0.44784766,0.35648113,0.3777839,0.36036193,0.49192548,0.46841994,0.34060752,0.5158097,0.27491713,0.731389,0.0,0.33636147,0.003251309,0.5999951,0.79999757,1.0,0.0,0.0,0.8535534,0.8535534,0.4687638,0.46891865,0.938134,0.47978702,0.90020907,0.458347,0.4499186,0.0,0.0,0.41217288,-1.0,2.028,2022-08-04T03:00:00,EURUSD,H1,1,BUY,-18.881865158895117,27,"hit_tp=False,hit_sl=True,regime=1"
0.0059817135,0.0016098667,-0.00014066133,0.0020207798,0.2849552,0.3217885,0.31363827,0.35308465,0.505887,0.5004756,0.33242577,0.45337322,0.19266056,0.6319266,0.0,0.4524458,0.0014561644,0.9913987,0.99569935,1.0,0.0,0.0,0.14644662,0.14644662,0.29511455,0.4861017,1.0,0.0,0.0,1.0,0.40947485,0.0,0.0,0.4965125,1.0,5.0,2022-08-09T15:00:00,EURUSD,H1,1,BUY,25.111332703671163,17,"hit_tp=True,hit_sl=False,regime=1"
-0.0075078066,-0.0032450806,0.0032934933,0.01068778,0.4841906,0.34614834,0.36590293,0.32240477,0.71692866,0.54936504,0.8522031,0.65581816,0.22057383,0.34589753,0.0,0.70554215,0.0033752762,0.48993012,0.7449651,1.0,0.0,0.0,0.75,0.0669873,0.79080176,0.35523912,0.4789751,1.0,0.9579502,0.5210249,0.46081513,0.0,0.43517873,0.446059,1.0,5.0,2022-08-10T10:00:00,EURUSD,H1,1,BUY,22.114188930237866,27,"hit_tp=True,hit_sl=False,regime=1"
0.0027170398,0.0002620579,0.0037514109,0.016741363,0.26620063,0.24612677,0.23035268,0.27223566,0.7074058,0.592976,0.74543893,0.8110397,0.22715133,0.6493104,0.0,0.7295851,0.0048872028,0.13740543,0.5687027,1.0,0.0,0.0,0.25,0.0669873,0.7918818,0.53138155,0.72476053,0.0,0.0,0.72476053,0.42092696,0.0,0.0,0.58822316,1.0,3.9000000000000004,2022-08-11T14:00:00,EURUSD,H1,1,BUY,14.56773370926756,5,"hit_tp=True,hit_sl=False,regime=1"
0.0016284755,-0.0036447502,-0.0015684741,-0.01236339,0.30742204,0.28920284,0.3028863,0.31313688,0.72092706,0.48522708,0.5399255,0.36406213,0.16484472,0.6266753,0.0,0.64368784,0.005094167,0.2620752,0.6310376,1.0,0.0,0.0,0.9330127,0.75,0.63127124,0.52049494,1.0,0.73857945,1.0,0.26142055,0.5343727,0.0,0.0,0.508811,-1.0,1.3,2022-08-12T04:00:00,EURUSD,H1,1,BUY,-13.79069541196154,5,"hit_tp=False,hit_sl=True,regime=1"
0.008430602,0.005232275,0.005827091,-0.0012036918,0.50345564,0.44344702,0.38757336,0.35000798,0.5173295,0.39536,0.42889684,0.58003306,0.12180763,0.63800997,0.0,0.48466825,0.0045815906,0.29386777,0.64693385,1.0,0.0,0.0,0.62940955,0.017037086,0.43233627,0.5572386,1.0,0.8,1.0,0.2,0.38620982,0.0,0.0,0.8,-1.0,1.3,2022-08-12T11:00:00,EURUSD,H1,1,BUY,-14.449362392594534,9,"hit_tp=False,hit_sl=True,regime=1"
0.0021616947,0.00057088357,0.0018476669,-0.018749245,0.27319238,0.3030679,0.3030595,0.3550338,0.34213293,0.3764955,0.25883466,0.26114878,0.22899409,0.6785525,0.0,0.6350939,0.003463641,0.7116264,0.8558132,1.0,0.0,0.0,0.37059048,0.9829629,0.16983402,0.4112654,0.9109482,1.0,1.0,0.08905179,0.479738,0.0,0.0,0.65789557,1.0,5.0,2022-08-12T23:00:00,EURUSD,H1,1,BUY,17.700514028236025,8,"hit_tp=True,hit_sl=False,regime=1"
-0.00048572078,-0.005361325,0.0029928472,0.0055941283,0.5585232,0.49193853,0.39610422,0.36617556,0.41067323,0.5046261,0.62831646,0.5748271,0.13778584,0.33078235,0.0,0.59699464,0.0030373475,0.6871164,0.8435582,1.0,0.0,0.0,0.9330127,0.25,0.52200294,0.35720283,1.0,0.26749077,0.53498155,0.73250926,0.58470154,0.0,0.0,0.42124516,1.0,5.0,2022-08-13T08:00:00,EURUSD,H1,1,BUY,19.68510346934016,21,"hit_tp=True,hit_sl=False,regime=1"
0.0013011436,0.0010428338,0.008376148,0.017957436,0.3240804,0.3162444,0.32540905,0.31671414,0.6226113,0.58162224,0.82755023,0.83431643,0.20828402,0.6411292,0.0,0.62199515,0.0026421873,0.21233006,0.60616505,1.0,0.0,0.0,1.0,0.5,0.86315393,0.57635546,1.0,0.8,1.0,0.2,0.5830985,0.0,0.0,0.48781833,-1.0,1.3,2022-08-14T06:00:00,EURUSD,H1,1,BUY,-13.530715466587573,15,"hit_tp=False,hit_sl=True,regime=1"
0.0066281958,0.0046140337,0.004075243,0.0014822768,0.3316357,0.41772184,0.38688758,0.37532428,0.41520157,0.45263308,0.3240373,0.54392177,0.11650295,0.6542689,0.0,0.43792692,0.00244309,0.6016297,0.80081487,1.0,0.0,0.0,0.62940955,0.9829629,0.2688702,0.4890147,1.0,0.3646045,0.729209,0.63539547,0.45575565,0.0,0.0,0.6,-1.0,1.6900000000000002,2022-08-15T01:00:00,EURUSD,H1,1,BUY,-18.213611966961807,15,"hit_tp=False,hit_sl=True,regime=1"
0.0021441346,0.0013217145,0.0070306542,0.0075164516,0.18966052,0.27574325,0.2960931,0.32704285,0.3318713,0.4812142,0.41691765,0.7847648,0.23279956,0.6817042,0.0,0.38085544,0.0012765595,0.5355055,0.7677527,1.0,0.0,0.0,0.9330127,0.75,0.35664287,0.46433443,0.934546,0.0,0.0,0.934546,0.63074994,0.0,0.0,0.5483202,-1.0,1.6900000000000002,2022-08-16T04:00:00,EURUSD,H1,1,BUY,-14.599432111077615,8,"hit_tp=False,hit_sl=True,regime=1"
0.0034498703,0.0018740165,-3.4446577e-05,-0.0055908626,0.235116,0.42560217,0.3202358,0.3333534,0.46387038,0.526094,0.27372828,0.48679847,0.26423958,0.7022358,0.0,0.47339448,0.0012562656,0.4770463,0.7385231,1.0,0.0,0.0,0.14644662,0.14644662,0.2536544,0.51115096,0.864902,0.41568258,0.7190494,0.44921947,0.34012663,0.0,0.0,0.4985092,-1.0,1.6900000000000002,2022-08-16T15:00:00,EURUSD,H1,1,BUY,-13.801170897436155,18,"hit_tp=False,hit_sl=True,regime=1"
0.00030164572,-0.004996722,-0.009614702,-0.009740639,0.21497768,0.34914902,0.32723293,0.31113997,0.20778696,0.45367175,0.17049679,0.17601202,0.25415298,0.7371516,0.0,0.17494069,0.00020394866,0.07924519,0.5396226,1.0,0.0,0.0,0.75,0.0669873,0.15142885,0.60205245,1.0,0.0,0.0,1.0,0.8391651,0.0,0.0,0.21770434,-1.0,1.6900000000000002,2022-08-17T10:00:00,EURUSD,H1,1,BUY,-13.206699777732478,14,"hit_tp=False,hit_sl=True,regime=1"
-0.0044643413,-0.0077501475,0.00059094327,-0.0072787153,0.562173,0.50867754,0.43365228,0.38982448,0.41945502,0.5244382,0.20138669,0.45318943,0.22617693,0.30751795,0.0,0.48753357,0.00072789536,0.40137225,0.70068616,1.0,0.0,0.0,0.62940955,0.9829629,0.3829839,0.49642727,1.0,0.0,0.0,1.0,0.0,0.0,0.0,0.5664387,-1.0,1.6900000000000002,2022-08-18T01:00:00,EURUSD,H1,1,BUY,-18.33672805599651,5,"hit_tp=False,hit_sl=True,regime=1"
-0.0008380643,0.0032804327,-0.006195037,-0.015612933,0.2641609,0.294626,0.3664501,0.36467603,0.3334255,0.43648663,0.27477363,0.21870811,0.38602793,0.2489775,0.0,0.4461396,0.00048612087,0.20723613,0.6036181,1.0,0.0,0.0,0.9829629,0.37059048,0.19212204,0.46122658,0.48784864,1.0,0.9756973,0.51215136,0.7203954,0.0,0.0,0.4348411,-1.0,2.028,2022-08-18T07:00:00,EURUSD,H1,1,BUY,-18.465795390514295,44,"hit_tp=False,hit_sl=True,regime=1"
0.0023553155,0.0011373016,-0.007376907,-0.01828144,0.25227538,0.27539113,0.28439027,0.3094567,0.15491682,0.36135316,0.20610274,0.14748956,0.28356263,0.6884943,0.0,0.15032952,0.0004912191,0.22994658,0.6149733,1.0,0.0,0.0,0.9829629,0.62940955,0.17464274,0.5907568,0.8223074,0.0,0.0,0.8223074,0.40518108,0.5079323,0.0,0.31687814,1.0,5.0,2022-08-20T05:00:00,EURUSD,H1,1,BUY,17.16472024575255,10,"hit_tp=True,hit_sl=False,regime=1"
0.006269387,0.013835062,0.010807001,0.02997099,0.4126384,0.40181187,0.33311653,0.30547634,0.6890368,0.6491525,0.9209282,0.8139409,0.17103902,0.6778345,0.0,0.5455154,0.0023842952,0.8817598,0.9408799,1.0,0.0,0.0,0.0669873,0.25,0.7141013,0.5662328,1.0,0.0,0.0,1.0,0.39066505,0.0,0.0,0.6231744,-1.0,1.6900000000000002,2022-08-20T16:00:00,EURUSD,H1,1,BUY,-13.96129940253843,6,"hit_tp=False,hit_sl=True,regime=1"
-0.0018927832,-0.0048870146,-0.010017634,-0.016230525,0.3508285,0.3488425,0.35868943,0.32099214,0.5581419,0.5150473,0.36141583,0.21546286,0.1088916,0.37742034,0.0,0.53393966,0.0011137744,0.5216984,0.76084924,1.0,0.0,0.0,0.37059048,0.9829629,0.48257893,0.553679,0.7530026,0.6568407,0.9892055,0.09616193,0.5161348,0.0,0.0,0.713321,1.0,5.0,2022-08-20T23:00:00,EURUSD,H1,1,BUY,18.737158260182518,7,"hit_tp=True,hit_sl=False,regime=1"
0.00058927096,0.016728664,0.020871151,0.017575085,0.3543019,0.30075428,0.3479183,0.34995675,0.63930094,0.6033076,1.0,0.8101073,0.29206586,0.6760354,0.0,0.5316565,0.002901094,0.6386748,0.81933737,1.0,0.0,0.0,0.9829629,0.37059048,0.9058699,0.55094266,0.42720848,0.8080254,0.69039065,0.3808169,0.4080254,0.0,0.0,0.6169574,-1.0,1.6900000000000002,2022-08-21T07:00:00,EURUSD,H1,1,BUY,-15.500219022019923,11,"hit_tp=False,hit_sl=True,regime=1"
0.01674118,0.012745342,0.0023245923,-0.0047100596,0.43257922,0.40485874,0.31633776,0.32644683,0.5317521,0.45225427,0.33054394,0.38556215,0.2132199,0.6529754,0.0,0.4075433,0.0023163247,0.6594851,0.82974255,1.0,0.0,0.0,0.017037086,0.62940955,0.26317343,0.60269034,1.0,0.6,1.0,0.4,0.3354544,0.0,0.0,0.5223994,-1.0,1.6900000000000002,2022-08-21T19:00:00,EURUSD,H1,1,BUY,-13.303931679737868,3,"hit_tp=False,hit_sl=True,regime=1"
0.010604136,0.009707094,-0.0027856599,-0.01598794,0.33802867,0.3896446,0.3982859,0.3358934,0.38724485,0.4115074,0.2220381,0.23217687,0.2262214,0.67070234,0.0,0.37373632,0.0015181414,0.9017528,0.9508764,1.0,0.0,0.0,0.5,1.0,0.14941165,0.65209365,1.0,0.13752934,0.2750587,0.8624707,0.34382334,0.0,0.0,0.46514976,-1.0,1.6900000000000002,2022-08-22T00:00:00,EURUSD,H1,1,BUY,-15.002893501165904,13,"hit_tp=False,hit_sl=True,regime=1"
0.0033601285,0.008493757,-0.0032130016,-0.014514367,0.41399392,0.4012488,0.4163191,0.3803339,0.41699874,0.43708664,0.26463324,0.3061949,0.24113074,0.6627149,0.0,0.50451034,0.0010068454,0.5610009,0.7805005,1.0,0.0,0.0,0.25,0.0669873,0.22183894,0.57447046,0.53792596,0.0,0.0,0.53792596,0.41538128,0.0,0.0,0.49981955,-1.0,2.028,2022-08-22T14:00:00,EURUSD,H1,1,BUY,-19.415877171515827,25,"hit_tp=False,hit_sl=True,regime=1"
0.0013529592,-0.00747722,-0.011888255,-0.018717725,0.37772402,0.32406005,0.31785232,0.28237543,0.43264917,0.4838155,0.102994435,0.2550929,0.1630462,0.6228917,0.0,0.35940114,0.00056256325,0.27462003,0.63731,1.0,0.0,0.0,0.0669873,0.25,0.164016,0.4360848,1.0,0.24794053,0.49588105,0.75205946,0.57763356,0.0,0.0,0.25559324,-1.0,1.6900000000000002,2022-08-23T16:00:00,EURUSD,H1,1,BUY,-14.34143495663509,18,"hit_tp=False,hit_sl=True,regime=1"
0.005473788,-0.003331114,-0.0003353832,-0.016198866,0.61020553,0.4969336,0.41549173,0.3604235,0.38010013,0.46201673,0.17151214,0.3770608,0.17267509,0.643455,0.0,0.31741968,0.0010364633,0.47391874,0.7369594,1.0,0.0,0.0,0.62940955,0.017037086,0.11812745,0.5935028,0.478532,0.79177284,0.7577773,0.31324086,0.50932586,0.0,0.44004193,0.5900922,1.0,5.0,2022-08-24T11:00:00,EURUSD,H1,1,BUY,20.898913283029508,32,"hit_tp=True,hit_sl=False,regime=1"
-0.00013069944,-0.004481055,-0.00058642554,0.0053185364,0.47293395,0.37986496,0.35616347,0.33286634,0.5492512,0.49816698,0.47966462,0.6184265,0.23132169,0.2879055,0.0,0.4856793,0.0019931665,0.73881286,0.86940646,1.0,0.0,0.0,0.0669873,0.75,0.48954904,0.50675565,1.0,0.5489318,1.0,0.4510682,0.40607724,0.0,0.0,0.40936062,1.0,5.0,2022-08-25T20:00:00,EURUSD,H1,1,BUY,21.46063708085233,21,"hit_tp=True,hit_sl=False,regime=1"
-0.0002083982,-0.0050309105,0.0021044645,0.007673621,0.3686228,0.3156076,0.26322308,0.29065186,0.5961293,0.5165126,0.7348093,0.5322503,0.24358621,0.3347499,0.0,0.56807965,0.0034178286,0.52630895,0.76315445,1.0,0.0,0.0,0.0,0.5,0.7168786,0.46176142,0.44612083,1.0,0.89224166,0.55387914,0.97922045,0.0,0.0,0.41027564,-1.0,1.6900000000000002,2022-08-26T18:00:00,EURUSD,H1,1,BUY,-13.751319662580475,5,"hit_tp=False,hit_sl=True,regime=1"
0.0034118588,0.013994419,0.008359804,-0.0013117922,0.29724878,0.24058211,0.26296142,0.2819046,0.5852931,0.46025795,0.50246644,0.5304386,0.3030618,0.7309004,0.0,0.4583696,0.002625919,0.6801996,0.8400998,1.0,0.0,0.0,0.5,1.0,0.5149255,0.5291452,1.0,0.0,0.0,1.0,0.4381995,0.0,0.0,0.5043578,-1.0,1.6900000000000002,2022-08-27T00:00:00,EURUSD,H1,1,BUY,-12.331848615023677,13,"hit_tp=False,hit_sl=True,regime=1"
-0.0036546465,-0.0020461928,-0.008361487,-0.032005228,0.45777595,0.43361443,0.39988926,0.3557296,0.31760585,0.35703868,0.10892171,0.17657274,0.16907082,0.38284978,0.0,0.3713734,0.0010366191,0.5201812,0.7600906,1.0,0.0,0.0,0.0669873,0.25,0.14254735,0.39888906,0.8321044,0.87865275,1.0,0.046548344,0.0,0.0,0.0,0.5893485,1.0,3.9000000000000004,2022-08-27T16:00:00,EURUSD,H1,1,BUY,19.72878670294609,11,"hit_tp=True,hit_sl=False,regime=1"
0.0011383409,0.008565883,0.0050469358,0.010559722,0.32998243,0.3149005,0.31582814,0.34543929,0.7248234,0.57705843,0.8083904,0.64742565,0.18734507,0.6341813,0.0,0.8104994,0.0021587368,0.8012639,0.90063196,1.0,0.0,0.0,0.9330127,0.75,0.6869482,0.3786183,0.6814855,0.0,0.0,0.6814855,0.23765211,0.0,0.0,0.45654264,1.0,5.0,2022-08-28T04:00:00,EURUSD,H1,1,BUY,20.183103364057597,12,"hit_tp=True,hit_sl=False,regime=1"
-0.0061444347,-0.0019002368,-0.0048679532,-0.0017758562,0.22653462,0.2788903,0.22724624,0.2852986,0.6827166,0.5809871,0.6974568,0.6996115,0.17297728,0.30523095,0.0,0.7720819,0.0037238605,0.28329876,0.64164937,1.0,0.0,0.0,0.0,0.5,0.76191276,0.47493598,0.87738556,0.7412647,1.0,0.13612089,0.0,0.0,0.43681937,0.67601275,1.0,3.9000000000000004,2022-08-28T18:00:00,EURUSD,H1,1,BUY,14.579395804357187,7,"hit_tp=True,hit_sl=False,regime=1"
-0.007406985,-0.0013228055,-0.0017427885,0.014212445,0.38884595,0.3717128,0.35452542,0.3309553,0.6415153,0.5516417,0.77403426,0.7624271,0.20880881,0.31077608,0.0,0.7162582,0.0047482457,0.19278225,0.59639114,1.0,0.0,0.0,0.75,0.9330127,0.7888567,0.44784194,1.0,0.70288944,1.0,0.29711056,0.39168712,0.5172338,0.43246773,0.7194625,-1.0,1.56,2022-08-29T02:00:00,EURUSD,H1,1,BUY,-13.323265993412381,24,"hit_tp=False,hit_sl=True,regime=1"
0.0006648937,0.001487027,-0.0057323845,-0.0018901625,0.1738095,0.21853264,0.2302801,0.3281728,0.36843565,0.44161722,0.31636894,0.35207307,0.19598512,0.6228399,0.0,0.4184449,0.0030595374,0.76804656,0.8840233,1.0,0.0,0.0,0.8535534,0.8535534,0.20976263,0.33805734,0.8,1.0,1.0,0.2,0.56367236,0.0,0.0,0.44581178,1.0,5.0,2022-08-30T03:00:00,EURUSD,H1,1,BUY,18.712083129965862,7,"hit_tp=True,hit_sl=False,regime=1"
-0.010724318,-0.010272458,-0.02058251,-0.010021962,0.32496065,0.29466283,0.34127977,0.31870973,0.7081584,0.5306402,0.5670038,0.26372766,0.15816994,0.3695588,0.0,0.66968125,0.0027673221,0.74192315,0.87096155,1.0,0.0,0.0,0.017037086,0.62940955,0.68550044,0.59821063,0.8,1.0,1.0,0.2,0.57974637,0.0,0.0,0.69932705,-1.0,2.028,2022-08-30T19:00:00,EURUSD,H1,1,BUY,-17.505018453856103,44,"hit_tp=False,hit_sl=True,regime=1"
0.007827447,0.0017140104,-0.0026864626,-0.008688843,0.2508303,0.24028231,0.24361616,0.28449354,0.2077878,0.3816746,0.23294213,0.1241111,0.41006866,0.7420851,0.0,0.10166888,0.00039121922,0.21179076,0.6058954,1.0,0.0,0.0,0.0669873,0.25,0.1363578,0.5147683,0.71341294,0.3748908,0.5349039,0.33852214,0.80374676,0.5566215,0.0,0.45603913,1.0,5.0,2022-09-01T16:00:00,EURUSD,H1,1,BUY,13.092804868490848,7,"hit_tp=True,hit_sl=False,regime=1"
0.0053846934,0.015964413,0.01442259,0.011128663,0.6244484,0.4621886,0.40437537,0.33415163,0.5392987,0.5667221,0.94462144,0.6435318,0.20692168,0.6527805,0.0,0.54398245,0.0015391652,0.79629344,0.89814675,1.0,0.0,0.0,0.5,1.0,0.5291591,0.6120278,1.0,0.0,0.0,1.0,0.38164106,0.0,0.0,0.58466154,-1.0,1.6900000000000002,2022-09-02T00:00:00,EURUSD,H1,1,BUY,-14.550649564832874,6,"hit_tp=False,hit_sl=True,regime=1"
-0.0028016246,-0.0038588224,-0.002783553,-0.015189207,0.25484142,0.26122487,0.3658108,0.39828265,0.1398856,0.46152085,0.17208354,0.2719903,0.23825504,0.33455122,0.0,0.22249399,0.0004034044,0.17689951,0.5884498,1.0,0.0,0.0,0.0,0.5,0.2667536,0.50792485,0.71268076,0.0,0.0,0.71268076,0.3635497,0.0,0.0,0.740657,-1.0,1.56,2022-09-02T18:00:00,EURUSD,H1,1,BUY,-19.27982095802694,58,"hit_tp=False,hit_sl=True,regime=1"
-0.0009771548,-0.0042924583,-0.009921661,-0.0052390113,0.43514046,0.2985141,0.2989516,0.34404674,0.25524792,0.430306,0.20258987,0.44661152,0.16293964,0.35622516,0.0,0.27304074,0.0008285576,0.39601597,0.698008,1.0,0.0,0.0,0.9829629,0.62940955,0.23129472,0.4786876,0.37317425,0.46135208,0.34432945,0.08817784,0.37317425,0.0,0.0,0.6590657,1.0,4.680000000000001,2022-09-05T05:00:00,EURUSD,H1,1,BUY,22.37656543962574,32,"hit_tp=True,hit_sl=False,regime=1"
-0.013481817,-0.011676766,-0.00989481,0.0029932072,0.38336658,0.3071011,0.31941944,0.3353605,0.7073482,0.637447,0.7298072,0.5706727,0.22712855,0.2555924,0.0,0.6193077,0.002989761,0.7930987,0.89654934,1.0,0.0,0.0,0.14644662,0.14644662,0.8278898,0.4958058,0.5563148,1.0,1.0,0.44368517,0.51063263,0.0,0.48522606,0.6,-1.0,1.6900000000000002,2022-09-06T15:00:00,EURUSD,H1,1,BUY,-17.667794607276743,16,"hit_tp=False,hit_sl=True,regime=1"
-0.0031671424,-0.0029107665,-0.00561643,-0.015723422,0.19723639,0.19988456,0.3150296,0.31243345,0.0035591067,0.33031,0.22681971,0.1463004,0.16159004,0.3461321,0.0,0.07904943,0.0,0.0,0.4986548,1.0,0.0,0.0,0.017037086,0.37059048,0.24339516,0.64229786,0.7024411,1.0,1.0,0.29755893,0.47164083,0.0,0.0,0.71000016,-1.0,1.3,2022-09-07T17:00:00,EURUSD,H1,1,BUY,-14.056008207687931,5,"hit_tp=False,hit_sl=True,regime=1"
0.0004023642,0.0070093917,-0.007610137,-0.011057208,0.5342983,0.3884343,0.327622,0.34781396,0.18774992,0.43228656,0.22122936,0.34448642,0.24662213,0.651482,0.0,0.22755311,0.0009907027,0.321567,0.66078347,1.0,0.0,0.0,0.37059048,0.9829629,0.3038755,0.5243708,1.0,0.90906256,1.0,0.09093744,0.49409202,0.0,0.0,0.41116264,1.0,4.680000000000001,2022-09-07T23:00:00,EURUSD,H1,1,BUY,19.86884437837899,31,"hit_tp=True,hit_sl=False,regime=1"
-0.0055526327,0.0006938737,-0.0023750209,-0.0027136588,0.39509425,0.43906447,0.34132582,0.32523912,0.6906976,0.5571256,0.7084151,0.45942572,0.21967213,0.3535882,0.0,0.7553617,0.002136116,0.93607104,0.9680355,1.0,0.0,0.0,0.8535534,0.14644662,0.7293884,0.55485964,0.6714332,0.10917231,0.14660382,0.5622609,0.27293077,0.0,0.0,0.6240888,1.0,5.0,2022-09-09T09:00:00,EURUSD,H1,1,BUY,17.652427447005792,5,"hit_tp=True,hit_sl=False,regime=1"
-0.0042922734,-0.0005036396,0.005561708,0.008297275,0.4634849,0.48695037,0.38700673,0.35821268,0.7090425,0.58849126,0.74275064,0.71916026,0.1230479,0.35668123,0.0,0.8042116,0.00421138,0.2642965,0.63214827,1.0,0.0,0.0,0.017037086,0.62940955,0.8021462,0.63672715,0.49033207,0.6888176,0.6754987,0.19848558,0.43256938,0.0,0.0,0.38208792,1.0,4.680000000000001,2022-09-09T19:00:00,EURUSD,H1,1,BUY,23.801156342735386,21,"hit_tp=True,hit_sl=False,regime=1"
0.0033484355,0.001975768,0.009398904,0.018146606,0.41190603,0.34954256,0.33952487,0.33819968,0.67523783,0.5227168,0.84513384,0.7389437,0.18839161,0.62902486,0.0,0.76565254,0.0057664653,0.14305526,0.5715276,1.0,0.0,0.0,0.017037086,0.37059048,0.79392016,0.4721055,0.90660083,0.7706519,1.0,0.13594897,0.0,0.0,0.0,0.56547564,-1.0,1.56,2022-09-10T17:00:00,EURUSD,H1,1,BUY,-17.441114759448872,22,"hit_tp=False,hit_sl=True,regime=1"
0.0019169429,0.0043965187,-0.008787904,-0.014910989,0.42513338,0.3291653,0.32751143,0.30708244,0.29765025,0.40044972,0.2000425,0.2136122,0.17312019,0.6331718,0.0,0.27095294,0.0019610794,0.9457157,0.9728579,1.0,0.0,0.0,0.0669873,0.25,0.12359298,0.33073694,0.37287465,0.6,0.44744956,0.22712535,0.3712301,0.0,0.0,0.4654077,-1.0,1.6900000000000002,2022-09-11T16:00:00,EURUSD,H1,1,BUY,-16.225893267858282,9,"hit_tp=False,hit_sl=True,regime=1"
0.0031735278,8.937413e-05,-0.0045812386,0.012134525,0.30759394,0.2797673,0.32514572,0.3211458,0.40807968,0.5085794,0.3433994,0.46925497,0.19270673,0.6705135,0.0,0.27019927,0.00092201994,0.39784932,0.69892466,1.0,0.0,0.0,0.37059048,0.017037086,0.3366036,0.45008105,0.71445704,0.95628524,1.0,0.2418282,0.6423509,0.0,0.0,0.3742089,-1.0,1.6900000000000002,2022-09-12T13:00:00,EURUSD,H1,1,BUY,-16.055384391655547,18,"hit_tp=False,hit_sl=True,regime=1"
-0.005765623,0.004308045,-0.002134446,-0.008851347,0.44074884,0.44597334,0.40587392,0.34326637,0.36083055,0.48735717,0.2968029,0.29151472,0.13814433,0.3743693,0.0,0.40767148,0.0006291677,0.2647823,0.63239115,1.0,0.0,0.0,0.9330127,0.25,0.3176616,0.5589183,0.60852176,0.87488776,1.0,0.26636598,0.41098532,0.0,0.0,0.5552886,-1.0,1.3,2022-09-13T08:00:00,EURUSD,H1,1,BUY,-16.114973905214658,10,"hit_tp=False,hit_sl=True,regime=1"
0.0016842737,-0.002694484,0.0013516113,-0.0091318535,0.5009719,0.43753985,0.32254902,0.3675884,0.39053348,0.4695916,0.18206175,0.49212912,0.23880804,0.6633243,0.0,0.3596797,0.0006123461,0.25845382,0.6292269,1.0,0.0,0.0,0.0669873,0.75,0.21396881,0.65997446,1.0,0.0,0.0,1.0,0.4576533,0.0,0.0,0.4999536,-1.0,1.6900000000000002,2022-09-13T20:00:00,EURUSD,H1,1,BUY,-16.503551277180506,13,"hit_tp=False,hit_sl=True,regime=1"
0.011304931,0.0073915063,0.0019504805,-0.0045374893,0.32923028,0.55118614,0.4499811,0.40570366,0.44404638,0.4998829,0.19023159,0.45106035,0.21032257,0.6682775,0.0,0.4039596,0.0015862456,0.68577397,0.842887,1.0,0.0,0.0,0.5,0.0,0.107079715,0.5542532,0.9816374,0.7596702,1.0,0.2219672,0.29203725,0.0,0.0,0.52833784,-1.0,2.028,2022-09-14T12:00:00,EURUSD,H1,1,BUY,-19.85835716901141,47,"hit_tp=False,hit_sl=True,regime=1"
-0.0026552526,-0.004125331,-0.00910075,-0.0089253085,0.6577261,0.4897827,0.43923423,0.37549308,0.33432087,0.4266738,0.18499029,0.42777997,0.19615385,0.34803495,0.0,0.45739928,0.0011506433,0.5441092,0.7720546,1.0,0.0,0.0,0.37059048,0.017037086,0.17309482,0.5190024,0.68174255,0.0,0.0,0.68174255,0.0,0.0,0.0,0.77500063,1.0,2.028,2022-09-16T13:00:00,EURUSD,H1,1,BUY,15.806637291300163,100,"hit_tp=False,hit_sl=False,regime=1"
0.00035306628,-0.0017971927,0.009727672,0.003180221,0.3937318,0.38516238,0.322748,0.29760772,0.65984577,0.567492,0.7541724,0.70019144,0.20395137,0.697019,0.0,0.6501545,0.0023863968,0.30727234,0.65363616,1.0,0.0,0.0,0.0,0.5,0.74255383,0.5123474,0.86262524,0.2365527,0.40811265,0.6260725,0.29569086,0.0,0.0,0.4151055,1.0,5.0,2022-09-20T18:00:00,EURUSD,H1,1,BUY,18.232099608113117,9,"hit_tp=True,hit_sl=False,regime=1"
0.0015362548,-0.0014343526,-0.006427744,0.0032561244,0.35034186,0.32682693,0.38379407,0.37980577,0.5659344,0.41518015,0.25631213,0.45609057,0.17964837,0.65988237,0.0,0.57018775,0.0061572464,0.43562844,0.7178142,1.0,0.0,0.0,0.25,0.9330127,0.5453692,0.5352049,1.0,0.0,0.0,1.0,0.47879368,0.0,0.0,0.29699782,1.0,5.0,2022-09-21T22:00:00,EURUSD,H1,1,BUY,24.410720613943226,15,"hit_tp=True,hit_sl=False,regime=1"
0.0015652629,0.00017240441,0.001622104,0.004516907,0.31322408,0.28473535,0.27106082,0.29052594,0.6423458,0.50661707,0.6981015,0.67844933,0.3592219,0.7298246,0.0,0.5656223,0.0068554743,0.11775348,0.55887675,1.0,0.0,0.0,0.017037086,0.37059048,0.7033954,0.7284743,1.0,0.0,0.0,1.0,0.8057398,0.0,0.0,0.6130673,-1.0,1.6900000000000002,2022-09-22T17:00:00,EURUSD,H1,1,BUY,-12.892900518710615,20,"hit_tp=False,hit_sl=True,regime=1"
0.0025665616,0.0075070746,-0.005703184,-0.003948267,0.4353228,0.39737913,0.3870765,0.32505092,0.46742034,0.4288128,0.22243349,0.2570232,0.21496326,0.65504205,0.0,0.424967,0.00271534,0.616803,0.80840147,1.0,0.0,0.0,0.25,0.0669873,0.33093515,0.41252613,0.4005225,0.5182738,0.4151606,0.11775124,0.4005225,0.0,0.0,0.47433567,1.0,5.0,2022-09-23T14:00:00,EURUSD,H1,1,BUY,19.611885409962504,14,"hit_tp=True,hit_sl=False,regime=1"
-0.0011227818,0.000116629584,0.009670009,0.010015447,0.30018106,0.33059055,0.30748534,0.32614347,0.6750207,0.5674852,0.81107044,0.7671405,0.16969697,0.37184134,0.0,0.8543423,0.0029381213,0.28191447,0.64095724,1.0,0.0,0.0,0.9829629,0.62940955,0.82936746,0.32281825,0.5691245,0.45088628,0.51322085,0.118238226,0.32435983,0.0,0.0,0.2565616,1.0,3.9000000000000004,2022-09-24T05:00:00,EURUSD,H1,1,BUY,16.430336461705775,6,"hit_tp=True,hit_sl=False,regime=1"
0.0020433315,-0.008721961,-0.007935678,-0.00854313,0.416853,0.32057026,0.36574605,0.36125723,0.59748787,0.4850902,0.44701537,0.46934888,0.18854782,0.6464209,0.0,0.57421774,0.002813191,0.508274,0.754137,1.0,0.0,0.0,0.0,0.5,0.57044214,0.44595203,0.64699197,1.0,1.0,0.35300803,0.42600143,0.0,0.0,0.4901447,-1.0,1.6900000000000002,2022-09-24T18:00:00,EURUSD,H1,1,BUY,-16.86761419293914,9,"hit_tp=False,hit_sl=True,regime=1"
0.0061056204,0.0011254249,-0.016143225,-0.018945847,0.35500318,0.34348482,0.38174242,0.35172457,0.24363665,0.36357874,0.065065086,0.1707864,0.36583212,0.73316544,0.0,0.27928066,0.001568354,0.7973411,0.89867055,1.0,0.0,0.0,0.9829629,0.62940955,0.04777576,0.38433573,0.70434153,0.4,0.5634732,0.3043415,0.91328305,0.0,0.0,0.32911727,-1.0,1.6900000000000002,2022-09-25T05:00:00,EURUSD,H1,1,BUY,-17.90599831291262,16,"hit_tp=False,hit_sl=True,regime=1"
0.003020591,-0.005054076,-0.0058404445,0.0048127533,0.42782548,0.3827685,0.35059333,0.34391534,0.35611135,0.485571,0.23755343,0.59351933,0.24604605,0.73322505,0.0,0.5230179,0.0013612141,0.60563606,0.80281806,1.0,0.0,0.0,0.25,0.9330127,0.24745879,0.3685145,0.69366854,0.50612056,0.7021598,0.18754797,0.78705823,0.0,0.0,0.35250092,-1.0,2.028,2022-09-25T22:00:00,EURUSD,H1,1,BUY,-15.350120000738876,30,"hit_tp=False,hit_sl=True,regime=1"
0.0057505486,0.00574664,0.005110602,-0.004479927,0.409893,0.5088482,0.32817116,0.3240964,0.5240304,0.5006912,0.47522515,0.554918,0.18149972,0.6577454,0.0,0.47828597,0.0012023705,0.7513501,0.875675,1.0,0.0,0.0,0.9829629,0.37059048,0.3271431,0.5563385,1.0,0.0,0.0,1.0,0.0,0.0,0.0,0.6,-1.0,1.6900000000000002,2022-09-27T07:00:00,EURUSD,H1,1,BUY,-14.024605298175175,16,"hit_tp=False,hit_sl=True,regime=1"
0.0025683367,0.0025348112,0.0045980127,-0.011615144,0.26216322,0.3640833,0.30107006,0.34101182,0.18396716,0.4156818,0.264703,0.3168594,0.28327453,0.6824149,0.0,0.25724894,0.0008279469,0.43606263,0.7180313,1.0,0.0,0.0,0.9330127,0.75,0.21388163,0.4006391,1.0,0.19845398,0.39690796,0.80154604,0.49613494,0.0,0.0,0.73036146,-1.0,1.6900000000000002,2022-09-28T04:00:00,EURUSD,H1,1,BUY,-13.620391887207983,5,"hit_tp=False,hit_sl=True,regime=1"
0.0045267236,0.0047400524,-0.0013651451,-0.009849537,0.4067778,0.3136928,0.3366659,0.30960497,0.21469475,0.46144167,0.2622212,0.36699584,0.2884224,0.70592606,0.0,0.34783635,0.000953242,0.45001,0.72500503,1.0,0.0,0.0,0.75,0.0669873,0.26651174,0.45249563,0.98660856,0.0,0.0,0.98660856,0.41493452,0.0,0.0,0.6504283,-1.0,1.6900000000000002,2022-09-28T10:00:00,EURUSD,H1,1,BUY,-14.338872346595366,7,"hit_tp=False,hit_sl=True,regime=1"
0.0007486116,0.0110283,0.013276121,0.02492992,0.57639587,0.45778653,0.47585288,0.37907243,0.46885067,0.5385429,0.5358765,0.5994864,0.18549043,0.65114146,0.0,0.49775988,0.0015564676,0.6005042,0.8002521,1.0,0.0,0.0,0.37059048,0.9829629,0.4676516,0.37472713,0.56754404,0.0,0.0,0.56754404,0.35299826,0.0,0.0,0.63385385,1.0,3.0420000000000007,2022-09-28T23:00:00,EURUSD,H1,1,BUY,22.31552121117586,100,"hit_tp=False,hit_sl=False,regime=1"
-0.0023559208,-0.0029050803,0.0006335057,0.012158782,0.3238659,0.36069626,0.3579817,0.31005725,0.72503746,0.5635246,0.85886955,0.7121362,0.25710288,0.33107895,0.0,0.660802,0.0038776451,0.23970157,0.61985075,1.0,0.0,0.0,1.0,0.5,0.8084464,0.4921226,0.5530298,1.0,1.0,0.44697025,0.48211178,0.0,0.41266823,0.61936843,-1.0,1.3,2022-10-03T06:00:00,EURUSD,H1,1,BUY,-15.60938571608661,12,"hit_tp=False,hit_sl=True,regime=1"
0.008743018,0.0020718093,-0.0031115452,0.0058163716,0.22815284,0.27331933,0.28118676,0.3164914,0.4987004,0.44086578,0.30178025,0.52255076,0.19990942,0.6956056,0.0,0.4771331,0.0023781362,0.8329877,0.9164939,1.0,0.0,0.0,0.25,0.9330127,0.20543824,0.57726187,0.71844923,0.4387466,0.63043433,0.27970266,0.0,0.0,0.0,0.45465803,-1.0,1.6900000000000002,2022-10-03T22:00:00,EURUSD,H1,1,BUY,-14.668506743766851,7,"hit_tp=False,hit_sl=True,regime=1"
0.0062888125,0.001914199,0.011833999,0.019036682,0.35938814,0.3760335,0.43615523,0.3366118,0.3847509,0.482211,0.45017582,0.69091153,0.18052632,0.6218119,0.0,0.4167661,0.0015133648,0.6653361,0.83266807,1.0,0.0,0.0,0.25,0.0669873,0.34719482,0.47515318,0.7396179,0.0,0.0,0.7396179,0.0,0.0,0.0,0.5833552,-1.0,2.028,2022-10-04T14:00:00,EURUSD,H1,1,BUY,-18.323003078029032,61,"hit_tp=False,hit_sl=True,regime=1"
0.003331304,0.002613479,0.007216818,0.0227497,0.6052211,0.5192788,0.5575242,0.4256758,0.46040702,0.5040515,0.5569043,0.73868936,0.21354643,0.6298309,0.0,0.5185532,0.0023819685,0.88320744,0.9416037,1.0,0.0,0.0,0.9330127,0.25,0.44720942,0.50719064,1.0,0.0,0.0,1.0,0.0,0.0,0.0,0.63104945,1.0,5.0,2022-10-07T08:00:00,EURUSD,H1,1,BUY,25.42345202945384,62,"hit_tp=True,hit_sl=False,regime=1"
0.002452092,-0.002802328,0.0016775118,0.00591399,0.23436067,0.2629065,0.27762353,0.27959526,0.7000485,0.5296428,0.70301896,0.63497263,0.21803778,0.6643659,0.0,0.57702196,0.0032031566,0.25858566,0.62929285,1.0,0.0,0.0,0.62940955,0.9829629,0.6766015,0.5298139,0.35431948,0.5563811,0.3942733,0.2020616,0.35431948,0.0,0.0,0.52071446,1.0,3.9000000000000004,2022-10-10T01:00:00,EURUSD,H1,1,BUY,16.90723816597073,16,"hit_tp=True,hit_sl=False,regime=1"
0.0074683595,0.014425325,0.022679728,0.03325077,0.54773843,0.4012442,0.37751186,0.35929692,0.6642742,0.5469452,1.0,0.8080773,0.19427754,0.68988645,0.0,0.58416915,0.004517329,0.009084205,0.5045421,1.0,0.0,0.0,0.017037086,0.62940955,0.8639611,0.37669998,0.7243226,0.0,0.0,0.7243226,0.47948176,0.0,0.0,0.7977282,1.0,3.9000000000000004,2022-10-10T19:00:00,EURUSD,H1,1,BUY,20.027817451457874,14,"hit_tp=True,hit_sl=False,regime=1"
0.0026160341,-0.005625319,-0.0032738822,0.009107896,0.28638414,0.3539944,0.36251658,0.35102195,0.6221211,0.48689395,0.6490444,0.53268135,0.18825911,0.63102037,0.0,0.68964845,0.0054956526,0.30319923,0.6515996,1.0,0.0,0.0,0.0669873,0.25,0.67538726,0.41541174,0.75806195,0.8,1.0,0.04193803,0.64672804,0.0,0.0,0.5187981,-1.0,1.3,2022-10-11T16:00:00,EURUSD,H1,1,BUY,-20.19673532255517,19,"hit_tp=False,hit_sl=True,regime=1"
-0.0046136715,-0.008161387,-0.010266003,-0.036173943,0.33934698,0.33638093,0.2854976,0.25783622,0.33954522,0.33035037,0.13901655,0.16331728,0.3545977,0.2735611,0.0,0.28807646,0.0019241556,0.809783,0.9048915,1.0,0.0,0.0,0.5,0.0,0.13749118,0.3881668,0.3920263,0.0,0.0,0.3920263,0.0,0.0,0.0,0.8695712,-1.0,1.6900000000000002,2022-10-12T12:00:00,EURUSD,H1,1,BUY,-10.679122997296897,5,"hit_tp=False,hit_sl=True,regime=1"
0.003670865,0.005588041,0.010274592,0.005875328,0.49455494,0.37766773,0.3478032,0.2918722,0.23922603,0.42637894,0.38545492,0.6234452,0.17518668,0.645019,0.0,0.27084512,0.0018102811,0.80552155,0.90276074,1.0,0.0,0.0,0.017037086,0.62940955,0.33767083,0.37398067,0.9841804,0.0,0.0,0.9841804,0.457668,0.0,0.0,0.81443626,1.0,5.0,2022-10-12T19:00:00,EURUSD,H1,1,BUY,16.574113497294096,28,"hit_tp=True,hit_sl=False,regime=1"
0.010734498,0.0123994285,0.01921078,0.008922054,0.5650091,0.39596203,0.3316188,0.3317306,0.68388677,0.5637398,0.87416166,0.6373546,0.18008186,0.62289053,0.0,0.7422222,0.0026379987,0.45500743,0.7275037,1.0,0.0,0.0,0.5,1.0,0.72175443,0.4285558,0.41340572,0.0,0.0,0.41340572,0.0,0.0,0.0,0.93540674,-1.0,1.3,2022-10-14T00:00:00,EURUSD,H1,1,BUY,-15.403183293323242,19,"hit_tp=False,hit_sl=True,regime=1"
-0.0016659909,0.00019665707,0.008537056,0.0151749505,0.35779786,0.302322,0.2826008,0.2810893,0.4440338,0.4608562,0.45086354,0.6970846,0.23387334,0.34975377,0.0,0.477332,0.0013182105,0.8655031,0.93275154,1.0,0.0,0.0,0.5,1.0,0.44514823,0.50933677,0.9628411,0.0,0.0,0.9628411,0.5505537,0.0,0.0,0.28424954,-1.0,1.6900000000000002,2022-10-15T00:00:00,EURUSD,H1,1,BUY,-10.930785179221747,9,"hit_tp=False,hit_sl=True,regime=1"
0.0067169643,0.0058219656,0.010261099,0.015250608,0.19035281,0.21482062,0.3505878,0.3330004,0.3962635,0.4589007,0.40204093,0.71233594,0.20059453,0.66037035,0.0,0.43309593,0.0010579992,0.62019384,0.8100969,1.0,0.0,0.0,0.14644662,0.14644662,0.32649443,0.43636978,1.0,1.0,1.0,0.0,0.5461211,0.0,0.0,0.734489,-1.0,1.6900000000000002,2022-10-15T15:00:00,EURUSD,H1,1,BUY,-13.521822740854006,9,"hit_tp=False,hit_sl=True,regime=1"
0.0023780947,-0.0003323294,-0.005852637,-0.00864415,0.460865,0.3578516,0.4261247,0.38144496,0.48637623,0.46552217,0.15586014,0.35905406,0.19610195,0.62868196,0.0,0.49810037,0.0008144048,0.41379607,0.70689803,1.0,0.0,0.0,0.62940955,0.9829629,0.25940183,0.5033802,0.7080377,0.5113744,0.72414464,0.19666328,0.4387042,0.0,0.0,0.33446655,-1.0,1.56,2022-10-16T01:00:00,EURUSD,H1,1,BUY,-15.337838815423499,33,"hit_tp=False,hit_sl=True,regime=1"
-4.847833e-05,0.008214682,-0.0070763016,-0.0033543857,0.27084878,0.2884926,0.3272771,0.31937256,0.3883017,0.4713665,0.18491425,0.3122006,0.31508622,0.28822345,0.0,0.39097494,0.0005509381,0.30208337,0.6510417,1.0,0.0,0.0,0.5,0.0,0.24197884,0.44090024,1.0,0.0,0.0,1.0,0.8500266,0.0,0.0,0.4012326,-1.0,2.028,2022-10-17T12:00:00,EURUSD,H1,1,BUY,-15.086493172777882,35,"hit_tp=False,hit_sl=True,regime=1"
0.0052221995,0.0005018169,-0.00035133897,-0.007113323,0.22129174,0.28488007,0.34353733,0.35396057,0.23932436,0.42770654,0.28846347,0.25709692,0.3131282,0.7573352,0.0,0.32979885,0.00039805708,0.19208775,0.5960439,1.0,0.0,0.0,0.8535534,0.14644662,0.23897685,0.61530465,0.68438935,0.17631558,0.24133702,0.5080738,0.44078895,0.0,0.0,0.49023396,1.0,3.9000000000000004,2022-10-19T09:00:00,EURUSD,H1,1,BUY,19.676142944655695,9,"hit_tp=True,hit_sl=False,regime=1"
-0.0073422347,0.0037944547,0.010563008,0.015818669,0.30855665,0.28193706,0.33410463,0.33798823,0.65175503,0.64905834,0.91980505,0.81801134,0.20668185,0.37880227,0.0,0.79149914,0.0020891891,0.9732888,0.9866444,1.0,0.0,0.0,0.017037086,0.62940955,0.89547527,0.4985693,0.39429492,0.4453847,0.35122585,0.05108977,0.4453847,0.0,0.0,0.37455168,1.0,5.0,2022-10-19T19:00:00,EURUSD,H1,1,BUY,18.781813020134486,4,"hit_tp=True,hit_sl=False,regime=1"
0.004175634,0.0017793339,-0.008968771,-0.0102095725,0.2352616,0.23416936,0.32238507,0.31941715,0.7160423,0.6017239,0.584482,0.2166774,0.09184692,0.6190089,0.0,0.6723459,0.0033887627,0.48743185,0.74371594,1.0,0.0,0.0,0.9330127,0.75,0.6435151,0.43309817,0.7904481,0.5659471,0.89470375,0.22450101,0.33991736,0.0,0.0,0.34460282,1.0,3.9000000000000004,2022-10-20T04:00:00,EURUSD,H1,1,BUY,17.618922699660367,5,"hit_tp=True,hit_sl=False,regime=1"
-0.0072763846,-0.009104053,-0.008220185,0.005933504,0.49054223,0.36846966,0.31266782,0.30616644,0.6709334,0.44769248,0.7120255,0.64885575,0.19275261,0.3622063,0.0,0.75309753,0.008502094,0.14790645,0.5739532,1.0,0.0,0.0,0.37059048,0.017037086,0.7184176,0.47803855,1.0,0.94849616,1.0,0.05150382,0.5325756,0.0,0.0,0.8,1.0,3.9000000000000004,2022-10-21T13:00:00,EURUSD,H1,1,BUY,16.43887486512341,8,"hit_tp=True,hit_sl=False,regime=1"
0.0006387022,0.003751526,0.016425388,0.008565231,0.49261552,0.43740243,0.46706575,0.35804695,0.70963836,0.4577603,0.8803473,0.6367085,0.1813482,0.66953236,0.0,0.56362444,0.00789382,0.2328545,0.61642724,1.0,0.0,0.0,0.25,0.9330127,0.8321432,0.5040851,0.39453876,0.0,0.0,0.39453876,0.39453876,0.0,0.0,0.6233494,-1.0,1.3,2022-10-21T22:00:00,EURUSD,H1,1,BUY,-17.55726300709748,11,"hit_tp=False,hit_sl=True,regime=1"
0.0014149203,0.00925044,0.01898167,0.0027071557,0.47046474,0.37808368,0.32788855,0.3582404,0.4648106,0.41870534,0.56676453,0.54798853,0.20302677,0.6604743,0.0,0.47856334,0.005524615,0.41421047,0.7071052,1.0,0.0,0.0,0.75,0.0669873,0.5418423,0.5360159,0.44634852,0.8835534,0.78874546,0.43720484,0.4328929,0.0,0.0,0.6447641,-1.0,1.6900000000000002,2022-10-22T10:00:00,EURUSD,H1,1,BUY,-17.891357905759353,10,"hit_tp=False,hit_sl=True,regime=1"
0.004120711,-0.0024747886,-0.0018616308,-0.015557374,0.4124752,0.3530156,0.33475968,0.32646933,0.515104,0.39299935,0.19042954,0.32262093,0.19726028,0.63514775,0.0,0.4413876,0.0024292676,0.97159594,0.985798,1.0,0.0,0.0,0.14644662,0.8535534,0.16229783,0.5694233,0.5485145,0.8,0.8776232,0.2514855,0.44075316,0.0,0.0,0.6182108,1.0,5.0,2022-10-22T21:00:00,EURUSD,H1,1,BUY,20.077668418658767,5,"hit_tp=True,hit_sl=False,regime=1"
0.0069276867,0.006586929,0.01804467,0.027050732,0.5425442,0.50933045,0.45142296,0.38979954,0.55230653,0.5478539,0.8494619,0.7989188,0.19300096,0.68459237,0.0,0.5379736,0.0025221023,0.43821397,0.719107,1.0,0.0,0.0,0.8535534,0.8535534,0.7176,0.5201543,1.0,0.0,0.0,1.0,0.23760742,0.0,0.0,0.6220893,-1.0,2.028,2022-10-23T03:00:00,EURUSD,H1,1,BUY,-19.713662078966188,46,"hit_tp=False,hit_sl=True,regime=1"
0.004179649,0.008495037,0.0048231916,-0.008640562,0.19343393,0.20241867,0.23177998,0.29669952,0.34452194,0.45501962,0.25306055,0.24769345,0.30352265,0.70139426,0.0,0.4673358,0.00061351917,0.3452244,0.6726122,1.0,0.0,0.0,0.75,0.9330127,0.2395879,0.3023238,1.0,0.0,0.0,1.0,0.55043477,0.0,0.0,0.60617536,-1.0,1.6900000000000002,2022-10-25T02:00:00,EURUSD,H1,1,BUY,-16.154511589985265,6,"hit_tp=False,hit_sl=True,regime=1"
0.009150606,0.005103489,0.0006521051,0.007813842,0.40665182,0.39240918,0.40450665,0.33502468,0.5131599,0.5522707,0.582006,0.5314549,0.18977273,0.64529955,0.0,0.50971824,0.0012854683,0.6144361,0.807218,1.0,0.0,0.0,0.017037086,0.62940955,0.35721996,0.5363226,0.87693256,0.9291949,1.0,0.05226235,0.37166944,0.0,0.0,0.51108927,1.0,3.9000000000000004,2022-10-25T19:00:00,EURUSD,H1,1,BUY,21.792718387141363,13,"hit_tp=True,hit_sl=False,regime=1"
-0.011435673,-0.0056674937,-0.0058722603,0.003649542,0.49668908,0.3901879,0.35392118,0.36620876,0.68969995,0.5765246,0.6990272,0.61429185,0.14900964,0.36620212,0.0,0.8899322,0.0033772155,0.5158438,0.7579219,1.0,0.0,0.0,0.0669873,0.25,0.7592818,0.47125477,0.8,1.0,1.0,0.2,0.42617193,0.0,0.48488763,0.7941011,1.0,5.0,2022-10-26T16:00:00,EURUSD,H1,1,BUY,21.229300771214987,25,"hit_tp=True,hit_sl=False,regime=1"
-0.00055819075,-0.0005833842,0.0018982571,0.0040599396,0.45350185,0.32543838,0.2603222,0.29856554,0.5696685,0.464779,0.5825365,0.56274605,0.13631938,0.36957404,0.0,0.50755537,0.0041952836,0.3353122,0.66765606,1.0,0.0,0.0,0.0,0.5,0.66095376,0.49936557,1.0,0.0,0.0,1.0,0.8090948,0.0,0.0,0.50927776,1.0,5.0,2022-10-27T18:00:00,EURUSD,H1,1,BUY,15.684388275738481,13,"hit_tp=True,hit_sl=False,regime=1"
0.0028615855,0.0013857802,0.011976362,0.017751474,0.42585155,0.3422356,0.3154771,0.3623168,0.7268382,0.6064712,0.7867897,0.7648826,0.26700664,0.7257278,0.0,0.775452,0.0045382236,0.20398164,0.6019908,1.0,0.0,0.0,0.5,0.0,0.8397666,0.350533,0.82318896,0.0,0.0,0.82318896,0.4407769,0.0,0.0,0.5150593,1.0,5.0,2022-10-28T12:00:00,EURUSD,H1,1,BUY,20.760976018279198,32,"hit_tp=True,hit_sl=False,regime=1"
0.00488104,0.0016611089,0.01066221,0.016592447,0.37055442,0.29117218,0.29155326,0.3100339,0.7048157,0.51257765,0.7724227,0.7871674,0.10855236,0.6203411,0.0,0.7058695,0.0048413505,0.106699094,0.55334955,1.0,0.0,0.0,0.14644662,0.8535534,0.7533217,0.53217125,1.0,0.0,0.0,1.0,0.4856455,0.0,0.0,0.57127994,-1.0,1.6900000000000002,2022-10-29T21:00:00,EURUSD,H1,1,BUY,-12.132482456084226,5,"hit_tp=False,hit_sl=True,regime=1"
0.0055419873,0.004359904,0.0013885399,0.005165858,0.16789432,0.3129383,0.37723044,0.32018647,0.6065073,0.45542598,0.56286836,0.4667816,0.21631701,0.6730564,0.0,0.72180617,0.00397477,0.371137,0.6855685,1.0,0.0,0.0,1.0,0.5,0.51186246,0.47362092,1.0,0.6747741,1.0,0.3252259,0.52711594,0.0,0.0,0.54297477,-1.0,1.6900000000000002,2022-10-30T06:00:00,EURUSD,H1,1,BUY,-14.790330244580652,6,"hit_tp=False,hit_sl=True,regime=1"
-0.0025471908,0.003004251,-0.007009608,-0.019556703,0.3905497,0.4390819,0.30861625,0.352916,0.3653486,0.39812708,0.16898501,0.22410144,0.2958816,0.28221142,0.0,0.5330509,0.001797089,0.9882807,0.9941403,1.0,0.0,0.0,0.37059048,0.017037086,0.21029644,0.48289785,0.49317092,0.18599567,0.1834553,0.30717525,0.61646366,0.0,0.0,0.4843795,1.0,5.0,2022-10-30T13:00:00,EURUSD,H1,1,BUY,19.40334020073209,61,"hit_tp=True,hit_sl=False,regime=1"
0.012032935,0.010734414,0.0110872835,0.018516166,0.46533936,0.34422734,0.31530103,0.31779787,0.6318886,0.56397986,0.9698613,0.714628,0.23226434,0.71568197,0.0,0.59254676,0.0028244404,0.2930324,0.6465162,1.0,0.0,0.0,0.8535534,0.8535534,0.7583772,0.45281968,1.0,0.8,1.0,0.2,0.61496246,0.0,0.0,0.8,1.0,3.9000000000000004,2022-11-02T03:00:00,EURUSD,H1,1,BUY,19.233560130131888,17,"hit_tp=True,hit_sl=False,regime=1"
