timestamp,open,high,low,close,volume
1672531200000,1.07026,1.07026,1.07026,1.07026,0
1672532100000,1.07026,1.07026,1.07026,1.07026,0
1672533000000,1.07026,1.07026,1.07026,1.07026,0
1672533900000,1.07026,1.07026,1.07026,1.07026,0
1672534800000,1.07026,1.07026,1.07026,1.07026,0
1672535700000,1.07026,1.07026,1.07026,1.07026,0
1672536600000,1.07026,1.07026,1.07026,1.07026,0
1672537500000,1.07026,1.07026,1.07026,1.07026,0
1672538400000,1.07026,1.07026,1.07026,1.07026,0
1672539300000,1.07026,1.07026,1.07026,1.07026,0
1672540200000,1.07026,1.07026,1.07026,1.07026,0
1672541100000,1.07026,1.07026,1.07026,1.07026,0
1672542000000,1.07026,1.07026,1.07026,1.07026,0
1672542900000,1.07026,1.07026,1.07026,1.07026,0
1672543800000,1.07026,1.07026,1.07026,1.07026,0
1672544700000,1.07026,1.07026,1.07026,1.07026,0
1672545600000,1.07026,1.07026,1.07026,1.07026,0
1672546500000,1.07026,1.07026,1.07026,1.07026,0
1672547400000,1.07026,1.07026,1.07026,1.07026,0
1672548300000,1.07026,1.07026,1.07026,1.07026,0
1672549200000,1.07026,1.07026,1.07026,1.07026,0
1672550100000,1.07026,1.07026,1.07026,1.07026,0
1672551000000,1.07026,1.07026,1.07026,1.07026,0
1672551900000,1.07026,1.07026,1.07026,1.07026,0
1672552800000,1.07026,1.07026,1.07026,1.07026,0
1672553700000,1.07026,1.07026,1.07026,1.07026,0
1672554600000,1.07026,1.07026,1.07026,1.07026,0
1672555500000,1.07026,1.07026,1.07026,1.07026,0
1672556400000,1.07026,1.07026,1.07026,1.07026,0
1672557300000,1.07026,1.07026,1.07026,1.07026,0
1672558200000,1.07026,1.07026,1.07026,1.07026,0
1672559100000,1.07026,1.07026,1.07026,1.07026,0
1672560000000,1.07026,1.07026,1.07026,1.07026,0
1672560900000,1.07026,1.07026,1.07026,1.07026,0
1672561800000,1.07026,1.07026,1.07026,1.07026,0
1672562700000,1.07026,1.07026,1.07026,1.07026,0
1672563600000,1.07026,1.07026,1.07026,1.07026,0
1672564500000,1.07026,1.07026,1.07026,1.07026,0
1672565400000,1.07026,1.07026,1.07026,1.07026,0
1672566300000,1.07026,1.07026,1.07026,1.07026,0
1672567200000,1.07026,1.07026,1.07026,1.07026,0
1672568100000,1.07026,1.07026,1.07026,1.07026,0
1672569000000,1.07026,1.07026,1.07026,1.07026,0
1672569900000,1.07026,1.07026,1.07026,1.07026,0
1672570800000,1.07026,1.07026,1.07026,1.07026,0
1672571700000,1.07026,1.07026,1.07026,1.07026,0
1672572600000,1.07026,1.07026,1.07026,1.07026,0
1672573500000,1.07026,1.07026,1.07026,1.07026,0
1672574400000,1.07026,1.07026,1.07026,1.07026,0
1672575300000,1.07026,1.07026,1.07026,1.07026,0
1672576200000,1.07026,1.07026,1.07026,1.07026,0
1672577100000,1.07026,1.07026,1.07026,1.07026,0
1672578000000,1.07026,1.07026,1.07026,1.07026,0
1672578900000,1.07026,1.07026,1.07026,1.07026,0
1672579800000,1.07026,1.07026,1.07026,1.07026,0
1672580700000,1.07026,1.07026,1.07026,1.07026,0
1672581600000,1.07026,1.07026,1.07026,1.07026,0
1672582500000,1.07026,1.07026,1.07026,1.07026,0
1672583400000,1.07026,1.07026,1.07026,1.07026,0
1672584300000,1.07026,1.07026,1.07026,1.07026,0
1672585200000,1.07026,1.07026,1.07026,1.07026,0
1672586100000,1.07026,1.07026,1.07026,1.07026,0
1672587000000,1.07026,1.07026,1.07026,1.07026,0
1672587900000,1.07026,1.07026,1.07026,1.07026,0
1672588800000,1.07026,1.07026,1.07026,1.07026,0
1672589700000,1.07026,1.07026,1.07026,1.07026,0
1672590600000,1.07026,1.07026,1.07026,1.07026,0
1672591500000,1.07026,1.07026,1.07026,1.07026,0
1672592400000,1.07026,1.07026,1.07026,1.07026,0
1672593300000,1.07026,1.07026,1.07026,1.07026,0
1672594200000,1.07026,1.07026,1.07026,1.07026,0
1672595100000,1.07026,1.07026,1.07026,1.07026,0
1672596000000,1.07026,1.07026,1.07026,1.07026,0
1672596900000,1.07026,1.07026,1.07026,1.07026,0
1672597800000,1.07026,1.07026,1.07026,1.07026,0
1672598700000,1.07026,1.07026,1.07026,1.07026,0
1672599600000,1.07026,1.07026,1.07026,1.07026,0
1672600500000,1.07026,1.07026,1.07026,1.07026,0
1672601400000,1.07026,1.07026,1.07026,1.07026,0
1672602300000,1.07026,1.07026,1.07026,1.07026,0
1672603200000,1.07026,1.07026,1.07026,1.07026,0
1672604100000,1.07026,1.07026,1.07026,1.07026,0
1672605000000,1.07026,1.07026,1.07026,1.07026,0
1672605900000,1.07026,1.07026,1.07026,1.07026,0
1672606800000,1.07026,1.07026,1.07026,1.07026,0
1672607700000,1.07026,1.07026,1.07026,1.07026,0
1672608600000,1.07026,1.07026,1.07026,1.07026,0
1672609500000,1.07026,1.07026,1.07026,1.07026,0
1672610400000,1.07026,1.07066,1.06899,1.06899,35.54
1672611300000,1.06788,1.06788,1.06788,1.06788,6.3
1672612200000,1.06788,1.06958,1.06788,1.06956,99.36
1672613100000,1.06962,1.07061,1.06823,1.06929,2336.22
1672614000000,1.06896,1.0704,1.06829,1.06895,379.32
1672614900000,1.06933,1.07047,1.06849,1.0695,909.72
1672615800000,1.0695,1.06997,1.06923,1.06944,2700
1672616700000,1.06947,1.07012,1.06942,1.07005,943.92
1672617600000,1.07007,1.07034,1.06994,1.07,521.64
1672618500000,1.07006,1.07007,1.06948,1.06977,772.22
1672619400000,1.06975,1.07018,1.06912,1.06949,1190.79
1672620300000,1.06949,1.07058,1.06942,1.0704,1037.48
1672621200000,1.07041,1.07087,1.07028,1.07038,80.17
1672622100000,1.07045,1.07047,1.07026,1.07029,75.32
1672623000000,1.07029,1.07046,1.07013,1.07013,116.23
1672623900000,1.07012,1.07035,1.06919,1.06977,160.56
1672624800000,1.06977,1.06977,1.06862,1.06877,358.46
1672625700000,1.06877,1.06917,1.06877,1.06909,282.22
1672626600000,1.06909,1.06915,1.06888,1.06902,460.44
1672627500000,1.06909,1.06925,1.0688,1.06904,480.18
1672628400000,1.06904,1.06905,1.06892,1.06896,821.96
1672629300000,1.06895,1.06904,1.06889,1.06904,604.44
1672630200000,1.06896,1.07027,1.06893,1.06901,704.96
1672631100000,1.06902,1.06908,1.06886,1.06899,584.74
1672632000000,1.06896,1.0702,1.06887,1.06997,1721.19
1672632900000,1.07005,1.07008,1.06991,1.07002,600.18
1672633800000,1.06996,1.07004,1.06986,1.06992,1409.36
1672634700000,1.06991,1.07,1.06989,1.06993,1767.14
1672635600000,1.06994,1.06997,1.06882,1.06946,775.8
1672636500000,1.06947,1.06966,1.06915,1.06921,502.94
1672637400000,1.06921,1.06968,1.06918,1.06949,419.68
1672638300000,1.0695,1.06996,1.06872,1.06938,1181.59
1672639200000,1.06943,1.06996,1.06923,1.06941,919.73
1672640100000,1.06941,1.06953,1.0693,1.06934,526.18
1672641000000,1.06931,1.06974,1.06921,1.06936,1320.34
1672641900000,1.06939,1.06944,1.06741,1.06894,636.62
1672642800000,1.06891,1.06922,1.06822,1.06831,813.92
1672643700000,1.0683,1.06849,1.06694,1.06794,519.64
1672644600000,1.06786,1.0684,1.06778,1.06801,3806.26
1672645500000,1.068,1.06827,1.06632,1.06786,4859.95
1672646400000,1.06794,1.068,1.06712,1.06751,3889.84
1672647300000,1.06751,1.06766,1.06726,1.06758,2502.88
1672648200000,1.06758,1.06875,1.06748,1.068,3092.9
1672649100000,1.06799,1.06971,1.06783,1.0679,2667.45
1672650000000,1.06791,1.06994,1.06788,1.06863,1913.79
1672650900000,1.06863,1.06864,1.068,1.06834,2866.79
1672651800000,1.06834,1.06843,1.06815,1.06824,2568.7
1672652700000,1.06822,1.06834,1.06766,1.06786,4309.15
1672653600000,1.06786,1.06865,1.06777,1.06844,1692.39
1672654500000,1.06844,1.06896,1.06818,1.06818,1012.93
1672655400000,1.06819,1.06868,1.06743,1.06771,1653.82
1672656300000,1.06771,1.06833,1.06758,1.06833,660.69
1672657200000,1.06833,1.06855,1.06804,1.06846,1144.32
1672658100000,1.06846,1.06847,1.0681,1.06819,607.97
1672659000000,1.06819,1.06855,1.06816,1.06846,688.99
1672659900000,1.06847,1.06864,1.068,1.06842,758.56
1672660800000,1.06841,1.06867,1.06763,1.0686,270.15
1672661700000,1.06862,1.06865,1.06784,1.0684,1826.57
1672662600000,1.06849,1.0687,1.06786,1.06836,1071.37
1672663500000,1.06836,1.06861,1.06794,1.06822,897.55
1672664400000,1.06822,1.06848,1.06786,1.06823,1198.18
1672665300000,1.06823,1.06863,1.06794,1.06838,1522.01
1672666200000,1.06838,1.0685,1.0682,1.06836,644.58
1672667100000,1.06837,1.06838,1.0677,1.06784,1337.76
1672668000000,1.06783,1.06818,1.06781,1.0681,781.94
1672668900000,1.0681,1.06819,1.06796,1.06807,683.81
1672669800000,1.06816,1.06817,1.06794,1.06804,500.07
1672670700000,1.06801,1.06801,1.06702,1.06722,2380.75
1672671600000,1.06723,1.06739,1.06699,1.06726,929.76
1672672500000,1.06726,1.06728,1.06648,1.06662,1245.3
1672673400000,1.06662,1.06685,1.06652,1.0666,1060.93
1672674300000,1.0666,1.06677,1.0658,1.066,1624.67
1672675200000,1.06598,1.06705,1.0659,1.06686,3176.78
1672676100000,1.06687,1.06687,1.0653,1.06538,2749.5799
1672677000000,1.06537,1.06555,1.06523,1.06537,1657.04
1672677900000,1.06536,1.06579,1.0651,1.06545,1835.74
1672678800000,1.06545,1.06619,1.06539,1.06594,1892.41
1672679700000,1.06596,1.06611,1.0658,1.06591,1390.69
1672680600000,1.06597,1.06609,1.06586,1.066,1044.52
1672681500000,1.06601,1.06608,1.06584,1.06599,1677.87
1672682400000,1.06601,1.06606,1.06557,1.06563,2298.16
1672683300000,1.06563,1.0657,1.06508,1.06508,2100.63
1672684200000,1.0651,1.06541,1.06509,1.06525,1609.66
1672685100000,1.06522,1.06532,1.06519,1.06519,271.45
1672686000000,1.0652,1.06529,1.0651,1.06517,635.87
1672686900000,1.06522,1.06537,1.06499,1.06527,499.5
1672687800000,1.06526,1.06532,1.06514,1.06532,133.34
1672688700000,1.06532,1.06586,1.0652,1.06561,223.03
1672689600000,1.0656,1.06627,1.06546,1.06589,1840.79
1672690500000,1.06583,1.0662,1.06577,1.06606,234.06
1672691400000,1.06606,1.06697,1.06605,1.06619,2013.72
1672692300000,1.06625,1.06677,1.06609,1.0663,4653.22
1672693200000,1.0663,1.06725,1.06625,1.06668,1548.67
1672694100000,1.06669,1.06691,1.06646,1.06646,622.68
1672695000000,1.06646,1.06657,1.06626,1.06628,784.36
1672695900000,1.06636,1.06666,1.06593,1.06646,945.46
1672696800000,1.06646,1.06651,1.06645,1.06651,56.13
1672697700000,1.06651,1.06653,1.06648,1.06652,21.14
1672698600000,1.06652,1.06652,1.06636,1.0664,166.39
1672699500000,1.06636,1.06646,1.06627,1.06634,437.94
1672700400000,1.06652,1.06833,1.06627,1.06636,3915.16
1672701300000,1.06637,1.06668,1.06499,1.06639,6229.67
1672702200000,1.06638,1.06742,1.06635,1.06706,3128.9499
1672703100000,1.06705,1.06773,1.06687,1.06765,2782.55
1672704000000,1.06764,1.06783,1.06718,1.06757,3348.55
1672704900000,1.06758,1.06758,1.06666,1.06685,3873.66
1672705800000,1.06684,1.06749,1.06678,1.06735,2678.3
1672706700000,1.06734,1.06744,1.06699,1.06704,2430.97
1672707600000,1.06703,1.06708,1.06595,1.06688,5161.7
1672708500000,1.06687,1.06741,1.06549,1.0656,5240.2501
1672709400000,1.0656,1.06597,1.06508,1.06523,7438.14
1672710300000,1.06523,1.06598,1.06503,1.06597,3976.97
1672711200000,1.06597,1.06631,1.06575,1.06612,2766.84
1672712100000,1.06611,1.06675,1.06596,1.06661,2728.04
1672713000000,1.06661,1.06733,1.06658,1.0673,3678.16
1672713900000,1.06734,1.06776,1.06718,1.06763,3835.46
1672714800000,1.06763,1.06783,1.06727,1.06728,2864.75
1672715700000,1.06729,1.06758,1.06688,1.06717,2739.55
1672716600000,1.06722,1.06758,1.06716,1.06753,1749.86
1672717500000,1.06754,1.06764,1.06708,1.06722,2125.41
1672718400000,1.06722,1.06792,1.06707,1.06776,1376.02
1672719300000,1.06777,1.068,1.06753,1.0678,1248.53
1672720200000,1.0678,1.06801,1.06768,1.06775,1478.79
1672721100000,1.06776,1.06779,1.06669,1.06672,1295.87
1672722000000,1.06673,1.06706,1.06668,1.06675,3184.37
1672722900000,1.06676,1.06695,1.06596,1.06634,3421.54
1672723800000,1.06634,1.06649,1.06589,1.06648,3435.37
1672724700000,1.06647,1.06658,1.06607,1.06634,3390.52
1672725600000,1.06633,1.06676,1.06623,1.06674,2919.71
1672726500000,1.06674,1.06676,1.06602,1.06629,2957.69
1672727400000,1.06626,1.0663,1.06539,1.06563,4621.83
1672728300000,1.06563,1.06582,1.06513,1.06521,2734.92
1672729200000,1.06525,1.06571,1.06498,1.0652,4463.9399
1672730100000,1.0652,1.0657,1.06518,1.06567,3513.91
1672731000000,1.06567,1.06585,1.06539,1.06541,4377.5
1672731900000,1.06541,1.06552,1.06199,1.06236,10352.2
1672732800000,1.06237,1.06282,1.0586,1.05878,11836.6499
1672733700000,1.05879,1.05896,1.05696,1.05761,13585.4901
1672734600000,1.0576,1.05797,1.05569,1.0568,10781.44
1672735500000,1.0568,1.05711,1.05506,1.05517,10468.6999
1672736400000,1.05518,1.05541,1.05339,1.05442,14758.7899
1672737300000,1.05442,1.05484,1.05382,1.05479,10656.23
1672738200000,1.0548,1.05609,1.0548,1.0554,10166.9699
1672739100000,1.0554,1.0558,1.05433,1.05473,8085.96
1672740000000,1.05474,1.05547,1.05439,1.055,7284.0699
1672740900000,1.05499,1.05517,1.0535,1.05375,8125.56
1672741800000,1.05374,1.05455,1.0533,1.05369,9170.0999
1672742700000,1.0537,1.05424,1.05252,1.05308,6763.46
1672743600000,1.05309,1.05327,1.05249,1.05272,5787.4401
1672744500000,1.05274,1.05293,1.05194,1.05263,5385.48
1672745400000,1.05265,1.05359,1.05253,1.05318,6075.81
1672746300000,1.05317,1.05352,1.05265,1.05282,5165.0901
1672747200000,1.05281,1.05333,1.05238,1.05329,5027.85
1672748100000,1.05328,1.054,1.05307,1.05397,5435.42
1672749000000,1.05398,1.05491,1.05387,1.05464,4964.31
1672749900000,1.05465,1.05466,1.05347,1.05355,5430.05
1672750800000,1.05354,1.05458,1.05303,1.05449,8793.5201
1672751700000,1.05448,1.05595,1.05435,1.05554,8723.17
1672752600000,1.05555,1.05673,1.05536,1.05666,9176.65
1672753500000,1.05666,1.05697,1.05568,1.056,6386.36
1672754400000,1.05599,1.05743,1.05554,1.05741,8073.9999
1672755300000,1.0574,1.0574,1.0561,1.05715,6510.4
1672756200000,1.05715,1.05973,1.05666,1.05905,13616.95
1672757100000,1.05906,1.05908,1.05739,1.05739,12052.9502
1672758000000,1.05742,1.05787,1.05643,1.057,9492.97
1672758900000,1.05703,1.05818,1.05659,1.05685,11643.61
1672759800000,1.05684,1.05725,1.05623,1.05646,11553.96
1672760700000,1.05649,1.05721,1.05544,1.05554,13520.46
1672761600000,1.05554,1.05566,1.05371,1.05441,10223.3999
1672762500000,1.05441,1.0555,1.054,1.05548,7615.7601
1672763400000,1.05549,1.05552,1.05399,1.05446,10352.35
1672764300000,1.05445,1.05586,1.05399,1.05579,7629.18
1672765200000,1.05579,1.05589,1.05536,1.0556,6718.4901
1672766100000,1.05561,1.05586,1.055,1.0552,5172.4
1672767000000,1.0552,1.05536,1.05452,1.0548,4820.25
1672767900000,1.05481,1.05489,1.05401,1.0546,3959.65
1672768800000,1.0546,1.05492,1.05432,1.05473,3674.61
1672769700000,1.05472,1.05565,1.0543,1.05562,4123.14
1672770600000,1.05562,1.05605,1.05534,1.056,3567.02
1672771500000,1.05599,1.05601,1.05546,1.05563,3771.9899
1672772400000,1.05564,1.05591,1.0555,1.05588,4924.43
1672773300000,1.05587,1.05618,1.05565,1.05614,4123.71
1672774200000,1.05613,1.05632,1.05583,1.05625,2805.05
1672775100000,1.05627,1.05681,1.05626,1.05662,5977.04
1672776000000,1.05664,1.05671,1.05605,1.05666,6238.19
1672776900000,1.05666,1.05688,1.05561,1.05611,3618.53
1672777800000,1.05612,1.05638,1.05547,1.05547,2995.56
1672778700000,1.05546,1.05573,1.05505,1.05514,3698.69
1672779600000,1.05514,1.05535,1.05493,1.05523,935.49
1672780500000,1.05524,1.05537,1.05475,1.05499,992.37
1672781400000,1.05498,1.05512,1.0546,1.05477,876.21
1672782300000,1.05477,1.05497,1.05464,1.05466,1179.57
1672783200000,1.05461,1.05469,1.0545,1.05469,56.98
1672784100000,1.05469,1.05474,1.05469,1.05469,221
1672785000000,1.05469,1.0548,1.05469,1.05472,6972.71
1672785900000,1.0547,1.05476,1.05468,1.05474,738.55
1672786800000,1.05474,1.05542,1.05466,1.05503,4333.3399
1672787700000,1.05507,1.05516,1.05403,1.05444,2171.13
1672788600000,1.05444,1.05471,1.0542,1.05429,2382.08
1672789500000,1.05428,1.05477,1.05419,1.05455,1367.71
1672790400000,1.05453,1.05567,1.0545,1.0555,5046.22
1672791300000,1.05554,1.05575,1.05541,1.05556,2391.79
1672792200000,1.05556,1.05596,1.05555,1.05584,2391.78
1672793100000,1.05584,1.0561,1.05566,1.05579,1965.91
1672794000000,1.0558,1.05635,1.05569,1.05598,2972.12
1672794900000,1.05598,1.05654,1.05598,1.05615,2638.41
1672795800000,1.05615,1.05687,1.05606,1.05651,3751.89
1672796700000,1.05652,1.05695,1.05631,1.05667,4063.33
1672797600000,1.05666,1.05692,1.05657,1.05682,1874.61
1672798500000,1.05682,1.05688,1.05641,1.05674,1832.72
1672799400000,1.05675,1.05692,1.0563,1.05645,3130.07
1672800300000,1.05645,1.05659,1.05614,1.05647,2736.21
1672801200000,1.05648,1.05688,1.05647,1.05681,1503.91
1672802100000,1.05682,1.05691,1.05664,1.05677,1085.12
1672803000000,1.05677,1.05686,1.05668,1.05675,1099.3
1672803900000,1.05676,1.05697,1.05667,1.05687,1644.82
1672804800000,1.05688,1.05697,1.05668,1.05673,1205.05
1672805700000,1.05672,1.05682,1.05658,1.05672,1814.26
1672806600000,1.05672,1.05682,1.05659,1.05682,842.68
1672807500000,1.05685,1.05743,1.05664,1.05727,2277.14
1672808400000,1.05726,1.05784,1.05693,1.057,3205.1
1672809300000,1.057,1.0572,1.05664,1.05682,2402.8
1672810200000,1.05686,1.05691,1.05644,1.05683,2514.39
1672811100000,1.05683,1.0571,1.05665,1.05691,2671.64
1672812000000,1.05691,1.05733,1.05661,1.05726,3844.68
1672812900000,1.05728,1.05749,1.05703,1.05731,2461.14
1672813800000,1.05732,1.05732,1.05594,1.05649,2997.7
1672814700000,1.05649,1.05729,1.05643,1.057,3285.63
1672815600000,1.05698,1.0581,1.05667,1.05771,4744.35
1672816500000,1.05771,1.0586,1.05745,1.05845,3638.25
1672817400000,1.05845,1.06057,1.05844,1.06045,5189.49
1672818300000,1.06047,1.06054,1.05879,1.05937,8182.02
1672819200000,1.05938,1.06275,1.059,1.06263,11396.9901
1672820100000,1.06262,1.06307,1.06152,1.06214,7282.59
1672821000000,1.06215,1.06354,1.06093,1.06098,5980.6699
1672821900000,1.06098,1.06246,1.06081,1.06157,4867.32
1672822800000,1.06157,1.0617,1.06054,1.06099,4884.22
1672823700000,1.06098,1.06261,1.06098,1.06252,3927.09
1672824600000,1.06252,1.06299,1.06143,1.06147,3578.8
1672825500000,1.06148,1.06218,1.06106,1.06106,3250.67
1672826400000,1.06105,1.06159,1.06082,1.06151,2658.28
1672827300000,1.06152,1.06194,1.06107,1.06145,2746.74
1672828200000,1.06147,1.06203,1.06145,1.06171,2747.94
1672829100000,1.06171,1.06227,1.06159,1.06206,2701.41
1672830000000,1.06206,1.06242,1.06169,1.06227,1958.26
1672830900000,1.06228,1.06231,1.06101,1.06111,2241.76
1672831800000,1.0611,1.06113,1.06048,1.06051,2489.01
1672832700000,1.0605,1.06085,1.06021,1.06043,2244.94
1672833600000,1.06044,1.06102,1.06004,1.06088,1852.75
1672834500000,1.06088,1.06109,1.06027,1.06032,2591.2
1672835400000,1.06033,1.06095,1.05997,1.06068,2462.59
1672836300000,1.06067,1.061,1.05986,1.06071,3802.03
1672837200000,1.06072,1.06099,1.05979,1.05979,7600.1501
1672838100000,1.05974,1.06142,1.05948,1.06134,7285.74
1672839000000,1.06134,1.06195,1.06119,1.06141,7041.4999
1672839900000,1.06143,1.06171,1.06083,1.06104,6723.2299
1672840800000,1.06104,1.06148,1.0602,1.06145,9172.45
1672841700000,1.06145,1.06184,1.06117,1.06121,6983.43
1672842600000,1.06121,1.0619,1.06081,1.06107,9742.64
1672843500000,1.06107,1.06282,1.06052,1.06239,7690.04
1672844400000,1.06239,1.0625,1.0582,1.05887,20116.84
1672845300000,1.05887,1.05985,1.0581,1.0598,15328.39
1672846200000,1.0598,1.05994,1.05847,1.05957,14861.1901
1672847100000,1.05956,1.06079,1.05947,1.0603,14624.6599
1672848000000,1.0603,1.06072,1.05926,1.06009,9336.27
1672848900000,1.06009,1.06106,1.05975,1.06076,9193.13
1672849800000,1.06076,1.06145,1.06039,1.06132,6932.04
1672850700000,1.06134,1.06205,1.06121,1.06187,6824.8799
1672851600000,1.0619,1.06198,1.06147,1.0615,3706.4
1672852500000,1.06149,1.06156,1.06074,1.06093,4637.08
1672853400000,1.06093,1.06175,1.0608,1.06169,3271.58
1672854300000,1.06167,1.0617,1.06046,1.06071,4597.96
1672855200000,1.06069,1.06127,1.06056,1.06074,4500.08
1672856100000,1.06074,1.06105,1.0599,1.05993,3569.26
1672857000000,1.05994,1.06006,1.05954,1.05971,2504.58
1672857900000,1.05971,1.0605,1.0596,1.05988,3530.32
1672858800000,1.0599,1.06034,1.0585,1.05987,16905.33
1672859700000,1.05985,1.06066,1.0596,1.05977,9032.61
1672860600000,1.05976,1.0605,1.05964,1.06,8161.3
1672861500000,1.06003,1.06066,1.05993,1.06053,5483.25
1672862400000,1.06053,1.06064,1.06013,1.06039,4830.36
1672863300000,1.06039,1.06101,1.06015,1.06049,5446.95
1672864200000,1.06049,1.06074,1.06029,1.06035,3790.41
1672865100000,1.06036,1.06085,1.06009,1.06032,3237.78
1672866000000,1.06035,1.06065,1.06008,1.06056,1338.84
1672866900000,1.06056,1.0608,1.06056,1.0606,482.57
1672867800000,1.0606,1.06075,1.06046,1.06048,313.49
1672868700000,1.06046,1.06051,1.06008,1.06008,863.24
1672869600000,1.06006,1.06035,1.05997,1.0603,101.54
1672870500000,1.0603,1.06102,1.0603,1.06101,123.19
1672871400000,1.06099,1.06099,1.06035,1.0604,4041.22
1672872300000,1.0604,1.06075,1.06039,1.06055,2908.9101
1672873200000,1.06056,1.06075,1.06025,1.06048,1826.85
1672874100000,1.06048,1.06069,1.06032,1.06054,2425.9
1672875000000,1.06055,1.06112,1.06051,1.06101,1180.2
1672875900000,1.06105,1.06111,1.06061,1.06061,589.67
1672876800000,1.06058,1.06123,1.06029,1.06111,2039.38
1672877700000,1.06109,1.06258,1.06107,1.06258,3867.44
1672878600000,1.06262,1.06275,1.06174,1.06242,4268.16
1672879500000,1.06241,1.06311,1.0623,1.06289,4400.65
1672880400000,1.06291,1.06314,1.06257,1.06287,3655.66
1672881300000,1.06286,1.06291,1.06229,1.06232,4106.0701
1672882200000,1.06231,1.06243,1.06184,1.06189,2787.08
1672883100000,1.06189,1.06237,1.06184,1.06203,3653.5001
1672884000000,1.06202,1.06202,1.06104,1.06136,4180.25
1672884900000,1.06136,1.06192,1.06094,1.06099,2242.64
1672885800000,1.06099,1.06161,1.06088,1.06153,2498.64
1672886700000,1.06153,1.06198,1.06137,1.06176,1932.12
1672887600000,1.06175,1.06193,1.06156,1.06182,2400.14
1672888500000,1.06182,1.06196,1.06113,1.06117,2537.38
1672889400000,1.06119,1.06141,1.06116,1.0612,2216.35
1672890300000,1.06119,1.06125,1.06061,1.06069,1794.27
1672891200000,1.0607,1.06115,1.0606,1.06061,2831.99
1672892100000,1.0606,1.06092,1.06059,1.06073,2725.08
1672893000000,1.06073,1.06103,1.06073,1.06084,1884.59
1672893900000,1.06084,1.06084,1.06033,1.0604,1632.65
1672894800000,1.06041,1.06067,1.06027,1.06043,2737.11
1672895700000,1.06043,1.06057,1.06016,1.06035,2233.05
1672896600000,1.06035,1.06076,1.06018,1.06062,2188.1
1672897500000,1.06061,1.06106,1.06052,1.06104,3060.1
1672898400000,1.06107,1.06199,1.06087,1.06193,3438.43
1672899300000,1.06192,1.06198,1.06107,1.06142,2547.37
1672900200000,1.06142,1.06159,1.06121,1.06137,2462.52
1672901100000,1.06137,1.06139,1.06027,1.0603,2438.19
1672902000000,1.06031,1.06093,1.06015,1.06068,3946.17
1672902900000,1.06066,1.06097,1.06037,1.06078,3484.92
1672903800000,1.06077,1.06121,1.06001,1.06001,3894.98
1672904700000,1.06001,1.06061,1.05901,1.06052,6894.45
1672905600000,1.06052,1.06187,1.06049,1.06104,6692.02
1672906500000,1.06103,1.06278,1.06097,1.06195,5135.05
1672907400000,1.06195,1.06258,1.06144,1.06175,4996.1
1672908300000,1.06175,1.06247,1.06149,1.06199,6152.22
1672909200000,1.062,1.06205,1.06093,1.06127,5619.7101
1672910100000,1.06126,1.06196,1.0612,1.06181,3847.4299
1672911000000,1.0618,1.06288,1.0618,1.06253,6165.76
1672911900000,1.06253,1.06288,1.06177,1.06232,4713.29
1672912800000,1.06233,1.0626,1.0616,1.06193,5538.01
1672913700000,1.06193,1.06211,1.06165,1.06177,3524.02
1672914600000,1.06177,1.06199,1.06099,1.06161,4094.82
1672915500000,1.06161,1.06185,1.06129,1.06184,3404.08
1672916400000,1.06185,1.06219,1.06158,1.06159,3956.44
1672917300000,1.06161,1.0617,1.06051,1.06053,2881.28
1672918200000,1.06051,1.06124,1.0603,1.06086,3844.41
1672919100000,1.06086,1.06142,1.06069,1.0611,3585.14
1672920000000,1.06111,1.06122,1.06046,1.06085,4327.31
1672920900000,1.06085,1.06163,1.06071,1.06119,3629.6
1672921800000,1.06121,1.06173,1.06101,1.06123,2620.83
1672922700000,1.06123,1.06131,1.0598,1.05993,4857.67
1672923600000,1.05994,1.06083,1.05984,1.06005,5771.33
1672924500000,1.06016,1.06029,1.05778,1.058,16502.91
1672925400000,1.058,1.058,1.05619,1.05702,16323.2701
1672926300000,1.05703,1.05749,1.05511,1.05521,11527.48
1672927200000,1.05521,1.05602,1.05469,1.05595,10833.53
1672928100000,1.05596,1.05621,1.05483,1.05502,9327.25
1672929000000,1.05504,1.05548,1.05442,1.05492,11479.8499
1672929900000,1.05492,1.05531,1.05355,1.05391,12116.8898
1672930800000,1.05392,1.05673,1.05269,1.0543,15598.39
1672931700000,1.05428,1.05439,1.05236,1.05283,14924.85
1672932600000,1.05284,1.05328,1.0517,1.0527,12710.34
1672933500000,1.05269,1.05286,1.05148,1.05181,12659.0299
1672934400000,1.05183,1.05282,1.05174,1.05232,8689.52
1672935300000,1.05232,1.05315,1.05206,1.05313,7485.6299
1672936200000,1.05311,1.05317,1.05175,1.05197,7019.3001
1672937100000,1.05196,1.05235,1.05183,1.05209,4718.03
1672938000000,1.05208,1.05266,1.05185,1.05225,6865.42
1672938900000,1.05226,1.05318,1.05184,1.0527,6930.57
1672939800000,1.05269,1.05307,1.05203,1.05301,4814.37
1672940700000,1.053,1.0533,1.05254,1.05298,4848.41
1672941600000,1.05298,1.0533,1.0529,1.05319,4406.47
1672942500000,1.05319,1.0543,1.05297,1.05369,8127.2899
1672943400000,1.05373,1.0543,1.05354,1.05372,6829.7101
1672944300000,1.05372,1.05395,1.0534,1.05357,4849.74
1672945200000,1.05359,1.05385,1.05314,1.05334,3554.72
1672946100000,1.05335,1.05384,1.05308,1.05315,3234.1
1672947000000,1.05314,1.05351,1.05294,1.05335,2901.82
1672947900000,1.05335,1.05353,1.05289,1.053,3862.81
1672948800000,1.05299,1.05306,1.05237,1.05255,4563.55
1672949700000,1.05255,1.05265,1.05228,1.05239,4530.32
1672950600000,1.05238,1.05257,1.05208,1.05218,3399.67
1672951500000,1.0522,1.05254,1.05198,1.05199,3257.33
1672952400000,1.05197,1.05227,1.05155,1.05179,1688.38
1672953300000,1.05178,1.05207,1.05173,1.05187,840.77
1672954200000,1.05187,1.05209,1.05172,1.05204,518.22
1672955100000,1.05203,1.05221,1.05191,1.05202,559.61
1672956000000,1.05195,1.05209,1.05195,1.05209,34.89
1672956900000,1.05209,1.05224,1.05209,1.05224,361.27
1672957800000,1.05224,1.05225,1.05209,1.05209,2488.5301
1672958700000,1.05209,1.0522,1.05196,1.05208,1127.41
1672959600000,1.05205,1.05239,1.05202,1.05232,2735.45
1672960500000,1.05233,1.0526,1.05229,1.0525,2079.6
1672961400000,1.05251,1.05252,1.05195,1.0521,1106.33
1672962300000,1.05211,1.05219,1.05204,1.05208,454.68
1672963200000,1.05209,1.05218,1.05188,1.05205,2742.92
1672964100000,1.05205,1.05249,1.05203,1.05245,1608.7
1672965000000,1.05245,1.05304,1.05245,1.05296,2547.21
1672965900000,1.05297,1.05314,1.0526,1.05292,2343.54
1672966800000,1.05294,1.05326,1.05254,1.05258,2782.51
1672967700000,1.05258,1.05269,1.0524,1.05255,3309.78
1672968600000,1.05254,1.05262,1.05224,1.05244,2210.24
1672969500000,1.05243,1.05265,1.05234,1.05249,1986.49
1672970400000,1.0525,1.05325,1.05248,1.05324,1803.13
1672971300000,1.05325,1.05339,1.05307,1.05311,1338.28
1672972200000,1.05309,1.0531,1.05279,1.05295,1676.54
1672973100000,1.05296,1.053,1.05259,1.05265,1026.44
1672974000000,1.05268,1.05362,1.0526,1.05345,3192.18
1672974900000,1.05345,1.05363,1.05301,1.05329,2244.11
1672975800000,1.05331,1.05343,1.05295,1.05332,3761.72
1672976700000,1.05334,1.05361,1.05318,1.05321,1862.69
1672977600000,1.05319,1.05319,1.05275,1.05308,1848.37
1672978500000,1.05309,1.05343,1.05305,1.05314,1754.51
1672979400000,1.05315,1.05325,1.05284,1.0529,833.74
1672980300000,1.05291,1.05295,1.05243,1.05243,1344.64
1672981200000,1.05245,1.05253,1.05178,1.0519,2495.54
1672982100000,1.05189,1.05202,1.05149,1.05154,2526.09
1672983000000,1.05155,1.05188,1.05138,1.05169,2528.91
1672983900000,1.0517,1.05171,1.05105,1.05142,4687.68
1672984800000,1.05146,1.0521,1.05139,1.05198,4130.22
1672985700000,1.05198,1.05216,1.05171,1.05185,3386.7301
1672986600000,1.05185,1.05223,1.05181,1.05208,2509.9
1672987500000,1.0521,1.0521,1.05104,1.05124,2122.35
1672988400000,1.05123,1.05224,1.05102,1.05142,5895.7299
1672989300000,1.05142,1.05155,1.05095,1.05141,4116.31
1672990200000,1.0514,1.0519,1.05069,1.05163,3824.43
1672991100000,1.05166,1.05215,1.05124,1.05124,4961.13
1672992000000,1.05126,1.05295,1.05109,1.05216,7502.86
1672992900000,1.05217,1.05309,1.05186,1.05186,5446.9201
1672993800000,1.05187,1.05244,1.05155,1.05236,3062.72
1672994700000,1.05236,1.05264,1.05168,1.05183,2634.51
1672995600000,1.05182,1.05193,1.05145,1.0515,3258.02
1672996500000,1.05152,1.05172,1.04965,1.05073,6219.8
1672997400000,1.05073,1.05157,1.05064,1.05064,4740.19
1672998300000,1.05064,1.05089,1.05047,1.05072,4215.39
1672999200000,1.05072,1.05157,1.05072,1.05133,4505.63
1673000100000,1.05133,1.05155,1.05028,1.05044,3183.84
1673001000000,1.05044,1.05158,1.05044,1.05138,3375.69
1673001900000,1.05137,1.05156,1.05066,1.05073,3855.16
1673002800000,1.05075,1.0511,1.05044,1.05062,4488.99
1673003700000,1.05062,1.05087,1.05031,1.05077,3424.56
1673004600000,1.05077,1.05096,1.04993,1.05006,3707.96
1673005500000,1.05005,1.05012,1.04922,1.0494,3220.88
1673006400000,1.04942,1.04964,1.04832,1.04904,4269.17
1673007300000,1.04906,1.04941,1.04885,1.04907,3487.29
1673008200000,1.04907,1.04932,1.04863,1.04903,3756.87
1673009100000,1.04903,1.04963,1.04877,1.04945,4675.14
1673010000000,1.04944,1.0501,1.04888,1.04996,5722.3
1673010900000,1.04994,1.05008,1.04942,1.04942,6611.9501
1673011800000,1.04942,1.05308,1.04823,1.05243,23224.6499
1673012700000,1.05246,1.05449,1.05206,1.05424,21871.16
1673013600000,1.05424,1.05432,1.05269,1.05308,13752.6
1673014500000,1.05308,1.05329,1.05185,1.05207,12526.66
1673015400000,1.05206,1.05333,1.05023,1.05034,15218.44
1673016300000,1.05034,1.05175,1.05008,1.05083,13232.75
1673017200000,1.05089,1.0577,1.05079,1.05672,23013.6201
1673018100000,1.05678,1.05997,1.05676,1.05814,13864.3201
1673019000000,1.05814,1.06056,1.05801,1.06003,13418.94
1673019900000,1.06004,1.06123,1.05999,1.06016,11365.77
1673020800000,1.06018,1.06134,1.05967,1.06052,10075.9601
1673021700000,1.06051,1.06141,1.05976,1.0604,9608.17
1673022600000,1.06041,1.06203,1.06036,1.06168,7524.2601
1673023500000,1.06167,1.06223,1.06151,1.06185,7133.6799
1673024400000,1.06185,1.06237,1.06179,1.06194,6208.2999
1673025300000,1.06194,1.06222,1.06163,1.06222,3724.2
1673026200000,1.06223,1.06329,1.0621,1.06327,4661.87
1673027100000,1.0633,1.06379,1.06279,1.06374,4286.32
1673028000000,1.06374,1.06394,1.06315,1.0635,3911.04
1673028900000,1.06351,1.06365,1.06294,1.06346,2233.56
1673029800000,1.06347,1.06434,1.0632,1.06424,3337.56
1673030700000,1.06424,1.06424,1.06364,1.06376,3368.67
1673031600000,1.06376,1.06478,1.06376,1.06434,3953.4001
1673032500000,1.06433,1.06462,1.06411,1.06439,3074.71
1673033400000,1.06441,1.06478,1.06434,1.06454,2718.19
1673034300000,1.06454,1.06472,1.06414,1.06453,3440.2
1673035200000,1.06453,1.06472,1.06425,1.06428,2406.05
1673036100000,1.0643,1.06479,1.06428,1.06475,1815.88
1673037000000,1.06476,1.0648,1.06452,1.06457,890.25
1673037900000,1.06456,1.06472,1.06432,1.06462,1494.72
1673038800000,1.0646,1.0646,1.06427,1.06435,1332.66
1673039700000,1.06436,1.06449,1.0643,1.06442,531.23
1673040600000,1.0644,1.06452,1.06429,1.06433,653.42
1673041500000,1.06433,1.06458,1.06413,1.06413,2263.23
1673042400000,1.06413,1.06413,1.06413,1.06413,0
1673043300000,1.06413,1.06413,1.06413,1.06413,0
1673044200000,1.06413,1.06413,1.06413,1.06413,0
1673045100000,1.06413,1.06413,1.06413,1.06413,0
1673046000000,1.06413,1.06413,1.06413,1.06413,0
1673046900000,1.06413,1.06413,1.06413,1.06413,0
1673047800000,1.06413,1.06413,1.06413,1.06413,0
1673048700000,1.06413,1.06413,1.06413,1.06413,0
1673049600000,1.06413,1.06413,1.06413,1.06413,0
1673050500000,1.06413,1.06413,1.06413,1.06413,0
1673051400000,1.06413,1.06413,1.06413,1.06413,0
1673052300000,1.06413,1.06413,1.06413,1.06413,0
1673053200000,1.06413,1.06413,1.06413,1.06413,0
1673054100000,1.06413,1.06413,1.06413,1.06413,0
1673055000000,1.06413,1.06413,1.06413,1.06413,0
1673055900000,1.06413,1.06413,1.06413,1.06413,0
1673056800000,1.06413,1.06413,1.06413,1.06413,0
1673057700000,1.06413,1.06413,1.06413,1.06413,0
1673058600000,1.06413,1.06413,1.06413,1.06413,0
1673059500000,1.06413,1.06413,1.06413,1.06413,0
1673060400000,1.06413,1.06413,1.06413,1.06413,0
1673061300000,1.06413,1.06413,1.06413,1.06413,0
1673062200000,1.06413,1.06413,1.06413,1.06413,0
1673063100000,1.06413,1.06413,1.06413,1.06413,0
1673064000000,1.06413,1.06413,1.06413,1.06413,0
1673064900000,1.06413,1.06413,1.06413,1.06413,0
1673065800000,1.06413,1.06413,1.06413,1.06413,0
1673066700000,1.06413,1.06413,1.06413,1.06413,0
1673067600000,1.06413,1.06413,1.06413,1.06413,0
1673068500000,1.06413,1.06413,1.06413,1.06413,0
1673069400000,1.06413,1.06413,1.06413,1.06413,0
1673070300000,1.06413,1.06413,1.06413,1.06413,0
1673071200000,1.06413,1.06413,1.06413,1.06413,0
1673072100000,1.06413,1.06413,1.06413,1.06413,0
1673073000000,1.06413,1.06413,1.06413,1.06413,0
1673073900000,1.06413,1.06413,1.06413,1.06413,0
1673074800000,1.06413,1.06413,1.06413,1.06413,0
1673075700000,1.06413,1.06413,1.06413,1.06413,0
1673076600000,1.06413,1.06413,1.06413,1.06413,0
1673077500000,1.06413,1.06413,1.06413,1.06413,0
1673078400000,1.06413,1.06413,1.06413,1.06413,0
1673079300000,1.06413,1.06413,1.06413,1.06413,0
1673080200000,1.06413,1.06413,1.06413,1.06413,0
1673081100000,1.06413,1.06413,1.06413,1.06413,0
1673082000000,1.06413,1.06413,1.06413,1.06413,0
1673082900000,1.06413,1.06413,1.06413,1.06413,0
1673083800000,1.06413,1.06413,1.06413,1.06413,0
1673084700000,1.06413,1.06413,1.06413,1.06413,0
1673085600000,1.06413,1.06413,1.06413,1.06413,0
1673086500000,1.06413,1.06413,1.06413,1.06413,0
1673087400000,1.06413,1.06413,1.06413,1.06413,0
1673088300000,1.06413,1.06413,1.06413,1.06413,0
1673089200000,1.06413,1.06413,1.06413,1.06413,0
1673090100000,1.06413,1.06413,1.06413,1.06413,0
1673091000000,1.06413,1.06413,1.06413,1.06413,0
1673091900000,1.06413,1.06413,1.06413,1.06413,0
1673092800000,1.06413,1.06413,1.06413,1.06413,0
1673093700000,1.06413,1.06413,1.06413,1.06413,0
1673094600000,1.06413,1.06413,1.06413,1.06413,0
1673095500000,1.06413,1.06413,1.06413,1.06413,0
1673096400000,1.06413,1.06413,1.06413,1.06413,0
1673097300000,1.06413,1.06413,1.06413,1.06413,0
1673098200000,1.06413,1.06413,1.06413,1.06413,0
1673099100000,1.06413,1.06413,1.06413,1.06413,0
1673100000000,1.06413,1.06413,1.06413,1.06413,0
1673100900000,1.06413,1.06413,1.06413,1.06413,0
1673101800000,1.06413,1.06413,1.06413,1.06413,0
1673102700000,1.06413,1.06413,1.06413,1.06413,0
1673103600000,1.06413,1.06413,1.06413,1.06413,0
1673104500000,1.06413,1.06413,1.06413,1.06413,0
1673105400000,1.06413,1.06413,1.06413,1.06413,0
1673106300000,1.06413,1.06413,1.06413,1.06413,0
1673107200000,1.06413,1.06413,1.06413,1.06413,0
1673108100000,1.06413,1.06413,1.06413,1.06413,0
1673109000000,1.06413,1.06413,1.06413,1.06413,0
1673109900000,1.06413,1.06413,1.06413,1.06413,0
1673110800000,1.06413,1.06413,1.06413,1.06413,0
1673111700000,1.06413,1.06413,1.06413,1.06413,0
1673112600000,1.06413,1.06413,1.06413,1.06413,0
1673113500000,1.06413,1.06413,1.06413,1.06413,0
1673114400000,1.06413,1.06413,1.06413,1.06413,0
1673115300000,1.06413,1.06413,1.06413,1.06413,0
1673116200000,1.06413,1.06413,1.06413,1.06413,0
1673117100000,1.06413,1.06413,1.06413,1.06413,0
1673118000000,1.06413,1.06413,1.06413,1.06413,0
1673118900000,1.06413,1.06413,1.06413,1.06413,0
1673119800000,1.06413,1.06413,1.06413,1.06413,0
1673120700000,1.06413,1.06413,1.06413,1.06413,0
1673121600000,1.06413,1.06413,1.06413,1.06413,0
1673122500000,1.06413,1.06413,1.06413,1.06413,0
1673123400000,1.06413,1.06413,1.06413,1.06413,0
1673124300000,1.06413,1.06413,1.06413,1.06413,0
1673125200000,1.06413,1.06413,1.06413,1.06413,0
1673126100000,1.06413,1.06413,1.06413,1.06413,0
1673127000000,1.06413,1.06413,1.06413,1.06413,0
1673127900000,1.06413,1.06413,1.06413,1.06413,0
1673128800000,1.06413,1.06413,1.06413,1.06413,0
1673129700000,1.06413,1.06413,1.06413,1.06413,0
1673130600000,1.06413,1.06413,1.06413,1.06413,0
1673131500000,1.06413,1.06413,1.06413,1.06413,0
1673132400000,1.06413,1.06413,1.06413,1.06413,0
1673133300000,1.06413,1.06413,1.06413,1.06413,0
1673134200000,1.06413,1.06413,1.06413,1.06413,0
1673135100000,1.06413,1.06413,1.06413,1.06413,0
1673136000000,1.06413,1.06413,1.06413,1.06413,0
1673136900000,1.06413,1.06413,1.06413,1.06413,0
1673137800000,1.06413,1.06413,1.06413,1.06413,0
1673138700000,1.06413,1.06413,1.06413,1.06413,0
1673139600000,1.06413,1.06413,1.06413,1.06413,0
1673140500000,1.06413,1.06413,1.06413,1.06413,0
1673141400000,1.06413,1.06413,1.06413,1.06413,0
1673142300000,1.06413,1.06413,1.06413,1.06413,0
1673143200000,1.06413,1.06413,1.06413,1.06413,0
1673144100000,1.06413,1.06413,1.06413,1.06413,0
1673145000000,1.06413,1.06413,1.06413,1.06413,0
1673145900000,1.06413,1.06413,1.06413,1.06413,0
1673146800000,1.06413,1.06413,1.06413,1.06413,0
1673147700000,1.06413,1.06413,1.06413,1.06413,0
1673148600000,1.06413,1.06413,1.06413,1.06413,0
1673149500000,1.06413,1.06413,1.06413,1.06413,0
1673150400000,1.06413,1.06413,1.06413,1.06413,0
1673151300000,1.06413,1.06413,1.06413,1.06413,0
1673152200000,1.06413,1.06413,1.06413,1.06413,0
1673153100000,1.06413,1.06413,1.06413,1.06413,0
1673154000000,1.06413,1.06413,1.06413,1.06413,0
1673154900000,1.06413,1.06413,1.06413,1.06413,0
1673155800000,1.06413,1.06413,1.06413,1.06413,0
1673156700000,1.06413,1.06413,1.06413,1.06413,0
1673157600000,1.06413,1.06413,1.06413,1.06413,0
1673158500000,1.06413,1.06413,1.06413,1.06413,0
1673159400000,1.06413,1.06413,1.06413,1.06413,0
1673160300000,1.06413,1.06413,1.06413,1.06413,0
1673161200000,1.06413,1.06413,1.06413,1.06413,0
1673162100000,1.06413,1.06413,1.06413,1.06413,0
1673163000000,1.06413,1.06413,1.06413,1.06413,0
1673163900000,1.06413,1.06413,1.06413,1.06413,0
1673164800000,1.06413,1.06413,1.06413,1.06413,0
1673165700000,1.06413,1.06413,1.06413,1.06413,0
1673166600000,1.06413,1.06413,1.06413,1.06413,0
1673167500000,1.06413,1.06413,1.06413,1.06413,0
1673168400000,1.06413,1.06413,1.06413,1.06413,0
1673169300000,1.06413,1.06413,1.06413,1.06413,0
1673170200000,1.06413,1.06413,1.06413,1.06413,0
1673171100000,1.06413,1.06413,1.06413,1.06413,0
1673172000000,1.06413,1.06413,1.06413,1.06413,0
1673172900000,1.06413,1.06413,1.06413,1.06413,0
1673173800000,1.06413,1.06413,1.06413,1.06413,0
1673174700000,1.06413,1.06413,1.06413,1.06413,0
1673175600000,1.06413,1.06413,1.06413,1.06413,0
1673176500000,1.06413,1.06413,1.06413,1.06413,0
1673177400000,1.06413,1.06413,1.06413,1.06413,0
1673178300000,1.06413,1.06413,1.06413,1.06413,0
1673179200000,1.06413,1.06413,1.06413,1.06413,0
1673180100000,1.06413,1.06413,1.06413,1.06413,0
1673181000000,1.06413,1.06413,1.06413,1.06413,0
1673181900000,1.06413,1.06413,1.06413,1.06413,0
1673182800000,1.06413,1.06413,1.06413,1.06413,0
1673183700000,1.06413,1.06413,1.06413,1.06413,0
1673184600000,1.06413,1.06413,1.06413,1.06413,0
1673185500000,1.06413,1.06413,1.06413,1.06413,0
1673186400000,1.06413,1.06413,1.06413,1.06413,0
1673187300000,1.06413,1.06413,1.06413,1.06413,0
1673188200000,1.06413,1.06413,1.06413,1.06413,0
1673189100000,1.06413,1.06413,1.06413,1.06413,0
1673190000000,1.06413,1.06413,1.06413,1.06413,0
1673190900000,1.06413,1.06413,1.06413,1.06413,0
1673191800000,1.06413,1.06413,1.06413,1.06413,0
1673192700000,1.06413,1.06413,1.06413,1.06413,0
1673193600000,1.06413,1.06413,1.06413,1.06413,0
1673194500000,1.06413,1.06413,1.06413,1.06413,0
1673195400000,1.06413,1.06413,1.06413,1.06413,0
1673196300000,1.06413,1.06413,1.06413,1.06413,0
1673197200000,1.06413,1.06413,1.06413,1.06413,0
1673198100000,1.06413,1.06413,1.06413,1.06413,0
1673199000000,1.06413,1.06413,1.06413,1.06413,0
1673199900000,1.06413,1.06413,1.06413,1.06413,0
1673200800000,1.06413,1.06413,1.06413,1.06413,0
1673201700000,1.06413,1.06413,1.06413,1.06413,0
1673202600000,1.06413,1.06413,1.06413,1.06413,0
1673203500000,1.06413,1.06413,1.06413,1.06413,0
1673204400000,1.06413,1.06413,1.06413,1.06413,0
1673205300000,1.06413,1.06413,1.06413,1.06413,0
1673206200000,1.06413,1.06413,1.06413,1.06413,0
1673207100000,1.06413,1.06413,1.06413,1.06413,0
1673208000000,1.06413,1.06413,1.06413,1.06413,0
1673208900000,1.06413,1.06413,1.06413,1.06413,0
1673209800000,1.06413,1.06413,1.06413,1.06413,0
1673210700000,1.06413,1.06413,1.06413,1.06413,0
1673211600000,1.06413,1.06413,1.06413,1.06413,0
1673212500000,1.06413,1.06413,1.06413,1.06413,0
1673213400000,1.06413,1.06413,1.06413,1.06413,0
1673214300000,1.06413,1.06413,1.06413,1.06413,0
1673215200000,1.06406,1.0641,1.06389,1.06405,94.08
1673216100000,1.06405,1.06406,1.06404,1.06405,8.8
1673217000000,1.06402,1.0641,1.06381,1.06407,1501.9
1673217900000,1.06404,1.06415,1.06391,1.06395,1180.27
1673218800000,1.06392,1.06481,1.06392,1.06473,2590.48
1673219700000,1.06471,1.06571,1.0646,1.06563,3023.31
1673220600000,1.06562,1.06572,1.06515,1.06541,3763.7499
1673221500000,1.0654,1.06628,1.06536,1.06627,2113.95
1673222400000,1.06628,1.06676,1.06586,1.06647,5051.13
1673223300000,1.06645,1.06646,1.06525,1.06535,3384.5601
1673224200000,1.06533,1.06567,1.06521,1.06522,2876.91
1673225100000,1.06521,1.06612,1.06513,1.06611,2581.03
1673226000000,1.06613,1.06662,1.06591,1.06592,3258.67
1673226900000,1.06592,1.0664,1.06551,1.06627,4821.63
1673227800000,1.06626,1.06696,1.06601,1.06693,5037
1673228700000,1.06692,1.06722,1.06662,1.06665,3783.99
1673229600000,1.06666,1.06737,1.06662,1.06732,2503.6
1673230500000,1.06731,1.06736,1.06697,1.06698,3693.61
1673231400000,1.06699,1.06747,1.0669,1.06733,3934.58
1673232300000,1.06733,1.06777,1.06722,1.0677,3995.76
1673233200000,1.06768,1.06768,1.06685,1.06697,3710.08
1673234100000,1.06696,1.06724,1.06669,1.06717,3681.14
1673235000000,1.06718,1.06749,1.06696,1.0672,1959.13
1673235900000,1.0672,1.06728,1.06659,1.06675,2010.99
1673236800000,1.06674,1.06741,1.06666,1.06728,1630.49
1673237700000,1.06728,1.06761,1.06725,1.06752,1440.75
1673238600000,1.06751,1.06768,1.0674,1.06763,1026.1
1673239500000,1.06766,1.06782,1.0675,1.06764,1200.94
1673240400000,1.06764,1.06772,1.06729,1.0674,2010.39
1673241300000,1.0674,1.06808,1.06735,1.06793,2088.39
1673242200000,1.06793,1.06817,1.06762,1.06789,2762.35
1673243100000,1.06788,1.06828,1.06762,1.06769,2278.28
1673244000000,1.06771,1.068,1.06763,1.06799,3578.51
1673244900000,1.06799,1.06861,1.06789,1.06792,2311.57
1673245800000,1.06792,1.06803,1.06754,1.06789,2797.19
1673246700000,1.06788,1.06831,1.06767,1.06817,3378.55
1673247600000,1.06818,1.06891,1.06797,1.06875,5041.03
1673248500000,1.06875,1.06947,1.06756,1.06779,5082.69
1673249400000,1.06777,1.06795,1.06679,1.06735,6724.57
1673250300000,1.06735,1.06784,1.06683,1.0673,5659.0599
1673251200000,1.0673,1.06958,1.06725,1.06925,6802.09
1673252100000,1.06924,1.06978,1.06826,1.06906,7226.67
1673253000000,1.06906,1.06953,1.06886,1.0695,6775.77
1673253900000,1.0695,1.06995,1.06878,1.06901,5793.74
1673254800000,1.069,1.06933,1.06749,1.06757,6756.97
1673255700000,1.06758,1.06811,1.06731,1.06778,3558.14
1673256600000,1.06778,1.06785,1.06686,1.06707,4167.11
1673257500000,1.06706,1.0677,1.066,1.0672,6481.9801
1673258400000,1.06721,1.06731,1.06631,1.06646,4052.18
1673259300000,1.06646,1.06667,1.06614,1.06645,4973.28
1673260200000,1.06645,1.06762,1.06643,1.06726,5117.86
1673261100000,1.06727,1.0674,1.06666,1.06688,5031.4799
1673262000000,1.06688,1.06843,1.06675,1.06808,5789.07
1673262900000,1.06808,1.06848,1.06756,1.06835,4335.21
1673263800000,1.06838,1.06839,1.06745,1.06813,3528.07
1673264700000,1.06813,1.06855,1.06801,1.06843,2597.31
1673265600000,1.06841,1.06868,1.06822,1.06829,3083.3
1673266500000,1.06829,1.06884,1.06807,1.06876,3511.5201
1673267400000,1.06875,1.06927,1.0686,1.06891,3491.29
1673268300000,1.0689,1.06936,1.0684,1.06886,5089.96
1673269200000,1.06886,1.06974,1.06851,1.06955,6112.5601
1673270100000,1.06954,1.07224,1.06947,1.07182,10103.55
1673271000000,1.07183,1.07317,1.07174,1.07202,8644.54
1673271900000,1.07203,1.07262,1.07168,1.07249,6925.51
1673272800000,1.07251,1.07319,1.07208,1.07218,8204.7799
1673273700000,1.07217,1.07228,1.07115,1.07166,6240.08
1673274600000,1.07165,1.07217,1.07121,1.07156,7752.68
1673275500000,1.07157,1.07381,1.07142,1.07279,9475.8
1673276400000,1.07279,1.07397,1.07278,1.07343,6838.5601
1673277300000,1.07343,1.07457,1.07342,1.0745,8004.44
1673278200000,1.0745,1.07489,1.07432,1.07461,8624.4199
1673279100000,1.07462,1.07491,1.07397,1.074,7036.84
1673280000000,1.07402,1.07489,1.07399,1.07478,6405.0201
1673280900000,1.0748,1.07489,1.07436,1.07472,4446.06
1673281800000,1.07473,1.07486,1.07448,1.07481,3815.36
1673282700000,1.07481,1.07605,1.0744,1.0758,9015.3499
1673283600000,1.07579,1.07599,1.07462,1.07504,5779.75
1673284500000,1.07503,1.07516,1.07397,1.07439,5338.2901
1673285400000,1.07438,1.07478,1.07416,1.07423,4434.4099
1673286300000,1.07423,1.07505,1.07417,1.075,3027.6
1673287200000,1.07501,1.0754,1.07458,1.07497,2976.64
1673288100000,1.07496,1.07504,1.07458,1.07489,3390.9
1673289000000,1.07491,1.07534,1.07415,1.07419,4898.21
1673289900000,1.07419,1.07435,1.07374,1.07429,4397.88
1673290800000,1.0743,1.07478,1.07413,1.07449,4541.27
1673291700000,1.07449,1.07496,1.07435,1.07487,4622.87
1673292600000,1.07488,1.07517,1.07453,1.07471,3328.86
1673293500000,1.07469,1.07528,1.07449,1.07517,4821.34
1673294400000,1.07517,1.07537,1.0742,1.07429,5357.04
1673295300000,1.0743,1.07481,1.07428,1.07442,3493.41
1673296200000,1.07444,1.07449,1.07368,1.07409,4310.2601
1673297100000,1.0741,1.07417,1.07305,1.07309,5769.79
1673298000000,1.07309,1.07353,1.07307,1.07316,908.53
1673298900000,1.07318,1.07335,1.073,1.07328,1016.5
1673299800000,1.07328,1.07345,1.0731,1.0733,825.52
1673300700000,1.07329,1.07337,1.07293,1.07293,925.32
1673301600000,1.07293,1.07303,1.0727,1.07295,153.56
1673302500000,1.07295,1.07309,1.07295,1.07304,1148.82
1673303400000,1.07304,1.07326,1.07297,1.07318,1789.44
1673304300000,1.0731,1.07332,1.07297,1.07332,1676.16
1673305200000,1.07329,1.07385,1.07285,1.07325,4790.9
1673306100000,1.07325,1.07339,1.07299,1.0732,2004.67
1673307000000,1.07319,1.07342,1.07308,1.07315,1352.96
1673307900000,1.07316,1.07351,1.0731,1.07326,834.97
1673308800000,1.07324,1.07381,1.07276,1.07302,4334.49
1673309700000,1.07303,1.07311,1.07205,1.07228,4186.47
1673310600000,1.07227,1.07243,1.07223,1.07225,2427.8
1673311500000,1.07228,1.07288,1.07225,1.07273,2804.18
1673312400000,1.07273,1.0731,1.07259,1.07274,3848.84
1673313300000,1.07274,1.0737,1.07267,1.07356,2783.04
1673314200000,1.07354,1.07391,1.07336,1.07365,3250.38
1673315100000,1.07366,1.07396,1.07332,1.0736,4596.65
1673316000000,1.0736,1.0742,1.07323,1.07402,3667.32
1673316900000,1.07402,1.07424,1.07309,1.0731,3643.84
1673317800000,1.07309,1.07329,1.07212,1.07241,4303.31
1673318700000,1.07242,1.07314,1.07231,1.07308,2799.5
1673319600000,1.07309,1.07331,1.07255,1.07271,2580.02
1673320500000,1.07272,1.07328,1.07265,1.07328,1850.43
1673321400000,1.0733,1.07341,1.07285,1.07322,1953.44
1673322300000,1.07319,1.07332,1.07299,1.07321,3022.71
1673323200000,1.07323,1.07339,1.07278,1.07289,2087.21
1673324100000,1.0729,1.07311,1.07282,1.07307,1501.85
1673325000000,1.07306,1.07335,1.07292,1.07304,1235.2
1673325900000,1.07305,1.07322,1.07284,1.07306,789.09
1673326800000,1.07304,1.07366,1.07295,1.07349,1961.77
1673327700000,1.07348,1.07413,1.07344,1.07394,2579.52
1673328600000,1.07395,1.0744,1.07385,1.07421,2316.52
1673329500000,1.07422,1.07439,1.07393,1.07426,3740.25
1673330400000,1.07427,1.0743,1.07368,1.07372,2360.24
1673331300000,1.07373,1.07403,1.07355,1.07359,2960.03
1673332200000,1.07359,1.0736,1.07309,1.0733,4390.95
1673333100000,1.07329,1.07349,1.07262,1.07338,4004.24
1673334000000,1.0734,1.07374,1.07264,1.07289,6089.34
1673334900000,1.0729,1.07324,1.07219,1.07244,4359.61
1673335800000,1.07245,1.07347,1.07239,1.07342,3899.91
1673336700000,1.07342,1.07393,1.07261,1.07314,5519.26
1673337600000,1.07316,1.07421,1.0731,1.07388,7743.62
1673338500000,1.0739,1.07442,1.07358,1.07391,7668.4201
1673339400000,1.07391,1.07472,1.07351,1.07364,6064.64
1673340300000,1.07366,1.07398,1.0732,1.07382,3988.47
1673341200000,1.07383,1.07384,1.07293,1.07307,5154.74
1673342100000,1.07307,1.07487,1.07307,1.07474,6291.39
1673343000000,1.07477,1.07516,1.07367,1.07367,4527.32
1673343900000,1.07371,1.0747,1.07358,1.07458,4710.66
1673344800000,1.07457,1.0746,1.07377,1.07438,4542.1
1673345700000,1.07437,1.07449,1.07357,1.07374,3441.27
1673346600000,1.07374,1.0739,1.07353,1.07366,2452.85
1673347500000,1.07365,1.07386,1.07339,1.07362,2799.64
1673348400000,1.07363,1.07423,1.0732,1.0733,3886.66
1673349300000,1.07331,1.07413,1.07316,1.07404,2816.78
1673350200000,1.07404,1.07404,1.07351,1.07363,2718.71
1673351100000,1.07363,1.07391,1.07336,1.07349,2699.37
1673352000000,1.07349,1.07353,1.07263,1.0727,3490.81
1673352900000,1.07268,1.07312,1.07227,1.07298,4019.59
1673353800000,1.07297,1.07304,1.07155,1.07196,4106.63
1673354700000,1.07195,1.07204,1.07154,1.07191,4360.59
1673355600000,1.07191,1.07239,1.07172,1.07229,5447.23
1673356500000,1.07227,1.07231,1.07175,1.07176,5429.28
1673357400000,1.07176,1.072,1.07119,1.07178,6984.3901
1673358300000,1.07178,1.07251,1.07165,1.07215,6720.33
1673359200000,1.07216,1.07468,1.07214,1.07435,16615.6901
1673360100000,1.07437,1.07506,1.07391,1.07445,9699.22
1673361000000,1.07444,1.07592,1.07381,1.07426,12882.18
1673361900000,1.07427,1.07449,1.07318,1.07402,12644.4801
1673362800000,1.07403,1.07529,1.07331,1.07461,12643.7901
1673363700000,1.07464,1.07501,1.07325,1.0733,8833.4201
1673364600000,1.0733,1.07339,1.0724,1.07276,15301.6601
1673365500000,1.07276,1.07323,1.07215,1.07274,14108.4399
1673366400000,1.07275,1.07362,1.07254,1.07348,6326.12
1673367300000,1.07348,1.07418,1.07336,1.07341,5917.5399
1673368200000,1.07342,1.07386,1.0724,1.07322,6543.2001
1673369100000,1.07321,1.07373,1.0728,1.07362,6596.78
1673370000000,1.0736,1.07364,1.07295,1.07349,6178.2699
1673370900000,1.0735,1.07412,1.07329,1.07398,4223.5
1673371800000,1.07399,1.07437,1.07387,1.074,4226.9
1673372700000,1.07398,1.07408,1.07305,1.07332,4226.96
1673373600000,1.07331,1.07362,1.07312,1.0732,3788.07
1673374500000,1.07319,1.07328,1.07277,1.07287,3016.1
1673375400000,1.07287,1.07364,1.07276,1.07311,3298.35
1673376300000,1.07311,1.07396,1.07307,1.07379,2689.12
1673377200000,1.07379,1.07431,1.07375,1.07411,2378.81
1673378100000,1.07411,1.07417,1.07382,1.07396,1579.25
1673379000000,1.07395,1.07411,1.07368,1.07371,2834.07
1673379900000,1.07372,1.0741,1.07362,1.07407,2931.76
1673380800000,1.07409,1.07419,1.07378,1.07416,2047.82
1673381700000,1.07418,1.0744,1.07381,1.07397,1777.2
1673382600000,1.07396,1.07424,1.07304,1.0731,2502.93
1673383500000,1.0731,1.07388,1.07304,1.07358,2883.78
1673384400000,1.07359,1.07376,1.07348,1.07357,1335.86
1673385300000,1.07357,1.07373,1.07344,1.07366,890.86
1673386200000,1.07365,1.07375,1.07354,1.07362,518.78
1673387100000,1.07362,1.07363,1.07321,1.07322,871.89
1673388000000,1.07322,1.07333,1.07305,1.07333,74.52
1673388900000,1.07333,1.07368,1.07333,1.07333,335.2
1673389800000,1.07333,1.07357,1.07333,1.0734,2146.4199
1673390700000,1.0734,1.07344,1.07339,1.0734,747.74
1673391600000,1.0734,1.07358,1.07326,1.07353,728.06
1673392500000,1.07357,1.07386,1.07346,1.07358,1808.99
1673393400000,1.07358,1.07376,1.07357,1.07375,1533.14
1673394300000,1.07375,1.0739,1.07372,1.07382,1315.02
1673395200000,1.07383,1.07429,1.07376,1.07416,2481.28
1673396100000,1.07416,1.07423,1.07371,1.07373,1749.4
1673397000000,1.07373,1.07431,1.07373,1.07424,2964.7
1673397900000,1.07423,1.07453,1.07399,1.07449,3627.48
1673398800000,1.0745,1.0745,1.07306,1.07312,4660.18
1673399700000,1.07313,1.07322,1.0728,1.07288,3580.22
1673400600000,1.07289,1.07326,1.07255,1.07324,4886.56
1673401500000,1.07324,1.0734,1.07294,1.07308,2668.82
1673402400000,1.07307,1.0735,1.07281,1.07333,2884.26
1673403300000,1.07333,1.0738,1.07299,1.07371,3463.97
1673404200000,1.0737,1.07374,1.07328,1.07351,4055.59
1673405100000,1.07351,1.07352,1.07266,1.07267,4152.48
1673406000000,1.07268,1.07306,1.07262,1.07304,2201.42
1673406900000,1.07304,1.07341,1.07302,1.07307,2250.2
1673407800000,1.07306,1.0734,1.07303,1.07334,1148.26
1673408700000,1.07333,1.07367,1.07325,1.07334,1070.18
1673409600000,1.07335,1.07346,1.07318,1.07335,1582.76
1673410500000,1.07334,1.07351,1.07328,1.07341,1159.82
1673411400000,1.0734,1.07396,1.07339,1.07371,2305.83
1673412300000,1.07372,1.07393,1.07354,1.07384,1569.22
1673413200000,1.07383,1.07423,1.07367,1.07419,2516.56
1673414100000,1.07419,1.07455,1.07395,1.07446,3145.66
1673415000000,1.07446,1.07533,1.07444,1.07523,3963.32
1673415900000,1.07523,1.07566,1.07464,1.07474,4496.82
1673416800000,1.07474,1.07511,1.0747,1.07494,2479.21
1673417700000,1.07494,1.07549,1.0748,1.07528,2860.68
1673418600000,1.07528,1.0755,1.07508,1.07511,2697.89
1673419500000,1.07513,1.0753,1.07456,1.07456,4530.3801
1673420400000,1.07456,1.07523,1.0744,1.07484,4856.74
1673421300000,1.07483,1.07572,1.07445,1.0757,4203.28
1673422200000,1.0757,1.07573,1.07434,1.0747,5040.58
1673423100000,1.07469,1.07514,1.07445,1.07466,3260.06
1673424000000,1.07465,1.07486,1.07391,1.07422,6968.81
1673424900000,1.07423,1.07469,1.07364,1.07377,6801.15
1673425800000,1.07375,1.07449,1.07326,1.07442,5867.47
1673426700000,1.0744,1.07452,1.07286,1.07295,5882.8699
1673427600000,1.07294,1.0736,1.07254,1.07348,7236.08
1673428500000,1.07346,1.0747,1.07335,1.07462,7064.53
1673429400000,1.07462,1.0748,1.07432,1.0744,5682.93
1673430300000,1.0744,1.07455,1.074,1.07413,4124.48
1673431200000,1.07413,1.0749,1.07399,1.07433,6063.8
1673432100000,1.07433,1.07461,1.07406,1.07433,4995.28
1673433000000,1.07432,1.0746,1.07417,1.0745,3505.22
1673433900000,1.07449,1.0751,1.07448,1.07489,3061.41
1673434800000,1.07488,1.07521,1.0746,1.0748,4689.53
1673435700000,1.07481,1.07503,1.07434,1.07445,3894.26
1673436600000,1.07446,1.07531,1.07434,1.07525,4298.89
1673437500000,1.07525,1.0755,1.07461,1.07481,6058.7399
1673438400000,1.07483,1.07488,1.07355,1.07366,3995.53
1673439300000,1.07366,1.0737,1.07279,1.07319,5618.43
1673440200000,1.07319,1.0737,1.07304,1.07347,4505.36
1673441100000,1.07346,1.0741,1.0732,1.07403,5408.25
1673442000000,1.07403,1.07473,1.07391,1.07467,5419.21
1673442900000,1.07468,1.07506,1.07428,1.07485,6679.4399
1673443800000,1.07486,1.0752,1.07426,1.0752,5136.07
1673444700000,1.0752,1.07526,1.07465,1.07497,6027.77
1673445600000,1.07498,1.07517,1.0745,1.07493,6505.4099
1673446500000,1.07494,1.07686,1.07487,1.07674,6782.12
1673447400000,1.07675,1.07686,1.07549,1.07613,11230.2
1673448300000,1.07613,1.07762,1.07613,1.07696,11184.4
1673449200000,1.07697,1.07748,1.076,1.07651,9808.1
1673450100000,1.07651,1.07734,1.07616,1.07717,9006.8701
1673451000000,1.07719,1.0774,1.07698,1.077,8651.79
1673451900000,1.07702,1.07704,1.07518,1.07549,9632.72
1673452800000,1.07549,1.07616,1.07504,1.07574,6645.32
1673453700000,1.07578,1.07583,1.07493,1.07505,4595.91
1673454600000,1.07505,1.07586,1.075,1.07574,3622.42
1673455500000,1.07575,1.07575,1.07374,1.07387,4071.75
1673456400000,1.07388,1.07438,1.07362,1.07399,5262.39
1673457300000,1.074,1.07436,1.07379,1.07404,3300.59
1673458200000,1.07403,1.07483,1.07394,1.0742,3085.99
1673459100000,1.07421,1.07465,1.07421,1.07465,2394.01
1673460000000,1.07465,1.0768,1.07458,1.07615,3011.15
1673460900000,1.07618,1.07623,1.07348,1.07424,10213.58
1673461800000,1.07423,1.07536,1.07419,1.0752,5892.52
1673462700000,1.07521,1.07556,1.07474,1.0753,4304.1299
1673463600000,1.07532,1.07551,1.07509,1.0752,5493.35
1673464500000,1.07522,1.07525,1.07474,1.07514,3516.92
1673465400000,1.07517,1.07594,1.07506,1.07575,3329.65
1673466300000,1.07575,1.07635,1.07553,1.0763,2796.38
1673467200000,1.07629,1.07629,1.0755,1.07554,3236.46
1673468100000,1.07556,1.07582,1.07544,1.07575,1706.98
1673469000000,1.07575,1.07582,1.07546,1.07576,2445.93
1673469900000,1.07576,1.07589,1.07523,1.07537,3767.97
1673470800000,1.07537,1.07557,1.07518,1.0755,1465.67
1673471700000,1.07552,1.07564,1.07539,1.07555,705.24
1673472600000,1.07557,1.07572,1.07551,1.07569,800.57
1673473500000,1.07567,1.07579,1.07554,1.07561,947.95
1673474400000,1.07559,1.07559,1.0753,1.07541,130.82
1673475300000,1.07541,1.07559,1.07485,1.07536,384.38
1673476200000,1.07536,1.07583,1.07509,1.07563,4846.77
1673477100000,1.07564,1.076,1.07544,1.07565,885.09
1673478000000,1.07563,1.07654,1.0756,1.07612,2916.57
1673478900000,1.07614,1.07645,1.07582,1.07645,2756.92
1673479800000,1.07647,1.07673,1.07622,1.07658,1936.05
1673480700000,1.0766,1.07661,1.07637,1.07652,1706.44
1673481600000,1.07652,1.07715,1.0761,1.07693,2842.97
1673482500000,1.07691,1.07703,1.07647,1.07697,3013.77
1673483400000,1.07698,1.07745,1.07678,1.07709,3443.51
1673484300000,1.0771,1.07718,1.07601,1.0761,3328.13
1673485200000,1.07611,1.07658,1.07611,1.07631,3657.26
1673486100000,1.07633,1.07669,1.07627,1.07651,3994.13
1673487000000,1.07651,1.07668,1.07603,1.07643,5817.28
1673487900000,1.07643,1.07673,1.07623,1.07664,5029.85
1673488800000,1.07664,1.07672,1.0763,1.07631,4429.19
1673489700000,1.07632,1.07652,1.07612,1.07634,3487.06
1673490600000,1.07632,1.07664,1.07624,1.0766,3381.81
1673491500000,1.07661,1.07687,1.07661,1.07668,3969.29
1673492400000,1.07667,1.07711,1.07667,1.07704,3002.51
1673493300000,1.07704,1.07706,1.07664,1.07667,3183.85
1673494200000,1.07669,1.07674,1.07647,1.07659,2409.89
1673495100000,1.07659,1.0769,1.07659,1.07684,1410.53
1673496000000,1.07685,1.07697,1.07659,1.07677,2038.53
1673496900000,1.07676,1.07699,1.07671,1.07692,2414.39
1673497800000,1.07692,1.0771,1.07688,1.07704,2150.31
1673498700000,1.07706,1.07733,1.07679,1.07715,2858.9
1673499600000,1.07715,1.07723,1.07685,1.07723,2604.85
1673500500000,1.07723,1.0775,1.07709,1.07729,3376.08
1673501400000,1.0773,1.07732,1.07681,1.07692,4536.75
1673502300000,1.07692,1.07699,1.07622,1.07624,3894.05
1673503200000,1.07624,1.07686,1.07619,1.07652,3931.35
1673504100000,1.07651,1.07651,1.07593,1.07626,4346.69
1673505000000,1.07626,1.07629,1.07591,1.07608,4404.53
1673505900000,1.07607,1.07617,1.07564,1.07571,4086.5
1673506800000,1.07571,1.07599,1.07558,1.07562,4620.2801
1673507700000,1.07561,1.07627,1.07555,1.07588,3327.05
1673508600000,1.07588,1.07649,1.07584,1.07604,3628.5801
1673509500000,1.07604,1.0765,1.07555,1.07623,5075.06
1673510400000,1.07626,1.07644,1.07549,1.07556,6586.53
1673511300000,1.07557,1.07581,1.07466,1.07483,6811.67
1673512200000,1.07481,1.07565,1.07476,1.07506,6540.35
1673513100000,1.07505,1.07527,1.07453,1.07479,5202.4499
1673514000000,1.07479,1.07548,1.07426,1.07546,6835.76
1673514900000,1.07546,1.07675,1.07546,1.07665,5751.8001
1673515800000,1.07665,1.07732,1.07632,1.0766,7031.2699
1673516700000,1.0766,1.07709,1.07651,1.07651,6669.34
1673517600000,1.07652,1.07683,1.07595,1.07612,7364.1
1673518500000,1.07614,1.07631,1.07516,1.07566,3889.97
1673519400000,1.07566,1.07613,1.07516,1.07607,5044.35
1673520300000,1.07607,1.07674,1.07603,1.07623,5885.98
1673521200000,1.07623,1.07643,1.0759,1.0764,4309.11
1673522100000,1.07642,1.07664,1.07589,1.0763,4121.92
1673523000000,1.07629,1.07647,1.07588,1.0761,4455.13
1673523900000,1.07611,1.07658,1.07589,1.07616,3661.84
1673524800000,1.07615,1.07644,1.07591,1.07633,5494.98
1673525700000,1.07634,1.07665,1.07614,1.07651,3856.57
1673526600000,1.07651,1.07659,1.07571,1.07576,3645.31
1673527500000,1.07576,1.07637,1.07548,1.07625,4439.13
1673528400000,1.07628,1.07718,1.0762,1.07714,6015.3701
1673529300000,1.07713,1.08132,1.07657,1.07768,8640.88
1673530200000,1.07758,1.08153,1.07297,1.07696,33131.6605
1673531100000,1.07695,1.08387,1.07693,1.08287,28392.2898
1673532000000,1.08292,1.08338,1.07958,1.0797,17616.0999
1673532900000,1.07969,1.08192,1.07887,1.08145,15850.3801
1673533800000,1.08146,1.08249,1.0784,1.07851,22134.1397
1673534700000,1.0785,1.07948,1.07516,1.07674,21791.0599
1673535600000,1.07676,1.08013,1.07636,1.07937,22770.1099
1673536500000,1.07937,1.08029,1.07864,1.07962,20060.46
1673537400000,1.07961,1.08089,1.07846,1.07994,19460.0402
1673538300000,1.07993,1.08096,1.07915,1.08067,20853.3601
1673539200000,1.08066,1.08137,1.08023,1.08136,13403.85
1673540100000,1.08137,1.08176,1.08103,1.0814,12837.2399
1673541000000,1.0814,1.08173,1.08065,1.08168,12769.4699
1673541900000,1.08168,1.08259,1.08138,1.08222,10883.6901
1673542800000,1.08223,1.08311,1.0821,1.0829,9585.06
1673543700000,1.0829,1.08354,1.08256,1.08314,7864.6
1673544600000,1.08315,1.08426,1.08267,1.08357,9784.57
1673545500000,1.08356,1.08487,1.08343,1.08485,7589.6201
1673546400000,1.08484,1.08668,1.08479,1.0863,10361.0501
1673547300000,1.08629,1.08662,1.08464,1.08493,9442.08
1673548200000,1.08494,1.08566,1.0846,1.08555,9292.2499
1673549100000,1.08555,1.08599,1.08539,1.08555,6798.33
1673550000000,1.08554,1.0856,1.08474,1.08501,6794.99
1673550900000,1.085,1.0851,1.084,1.08404,6671.7199
1673551800000,1.08403,1.08461,1.08392,1.08438,5384.26
1673552700000,1.0844,1.08502,1.08408,1.08491,6303.95
1673553600000,1.0849,1.08492,1.08411,1.0844,6418.82
1673554500000,1.08441,1.08495,1.08438,1.08465,6453.75
1673555400000,1.08465,1.08498,1.08465,1.08482,2502.89
1673556300000,1.08479,1.08523,1.08456,1.08522,4491.13
1673557200000,1.08524,1.08543,1.08502,1.08521,935.4
1673558100000,1.08521,1.0855,1.08513,1.08534,1230.84
1673559000000,1.08534,1.08545,1.08488,1.08491,567.06
1673559900000,1.08489,1.08524,1.08489,1.08516,802.2
1673560800000,1.08476,1.08501,1.08476,1.08476,84.36
1673561700000,1.08476,1.08489,1.08476,1.08476,392.53
1673562600000,1.08476,1.08499,1.08476,1.08486,3754.75
1673563500000,1.08486,1.08496,1.08474,1.08478,1410.99
1673564400000,1.08479,1.08525,1.08456,1.0849,2953.51
1673565300000,1.08492,1.08598,1.08492,1.08582,2203.27
1673566200000,1.08582,1.08589,1.0854,1.08586,1359.16
1673567100000,1.08585,1.08599,1.08576,1.08595,1321.12
1673568000000,1.08595,1.08601,1.08576,1.08591,2354.38
1673568900000,1.08591,1.08679,1.08582,1.08641,3115.61
1673569800000,1.0864,1.0865,1.08552,1.08558,3089.89
1673570700000,1.08559,1.08563,1.0851,1.0852,4325.6299
1673571600000,1.08521,1.08546,1.0849,1.08534,4198.18
1673572500000,1.08536,1.08536,1.08457,1.08508,6027.9701
1673573400000,1.08507,1.08542,1.08455,1.0854,5540.9899
1673574300000,1.08539,1.08559,1.08497,1.08555,3992.46
1673575200000,1.08556,1.0856,1.08417,1.08427,5731
1673576100000,1.08425,1.08426,1.08315,1.08379,5544.3
1673577000000,1.08378,1.08463,1.08369,1.0846,4560.5
1673577900000,1.0846,1.08481,1.08427,1.08447,3964.57
1673578800000,1.08447,1.08476,1.08433,1.08456,4107.07
1673579700000,1.08455,1.08455,1.08424,1.0845,4068.41
1673580600000,1.0845,1.08455,1.08428,1.08437,1810.98
1673581500000,1.08435,1.0846,1.08413,1.08456,1270.51
1673582400000,1.08454,1.08463,1.08401,1.08407,1369.89
1673583300000,1.08406,1.08446,1.08396,1.08436,1717.65
1673584200000,1.08438,1.0846,1.08425,1.08442,1698.37
1673585100000,1.08442,1.08442,1.08376,1.08398,2137.99
1673586000000,1.08396,1.08426,1.08393,1.08414,2687.37
1673586900000,1.08414,1.08432,1.08347,1.08347,2009.31
1673587800000,1.08347,1.08365,1.08315,1.08363,2587.04
1673588700000,1.08363,1.08381,1.08321,1.08369,3688.35
1673589600000,1.08373,1.084,1.08356,1.08375,4249.93
1673590500000,1.08373,1.0843,1.08337,1.08398,3948.55
1673591400000,1.08397,1.08498,1.08384,1.0848,3396.75
1673592300000,1.08481,1.08508,1.0844,1.08449,5099.39
1673593200000,1.08459,1.08481,1.08405,1.08421,7929.43
1673594100000,1.08421,1.08438,1.0833,1.08356,5146.69
1673595000000,1.08355,1.08426,1.08339,1.08408,5697.52
1673595900000,1.08408,1.08488,1.08383,1.08488,8732.94
1673596800000,1.08487,1.08583,1.0837,1.08523,11542.62
1673597700000,1.08521,1.0853,1.08433,1.08496,9840.5099
1673598600000,1.08494,1.0862,1.08459,1.08583,9894.39
1673599500000,1.08582,1.0864,1.08535,1.08551,7168.5699
1673600400000,1.0855,1.08599,1.08496,1.08581,6671.62
1673601300000,1.08581,1.08596,1.08369,1.08379,7135.2701
1673602200000,1.08379,1.08406,1.08331,1.08356,5713.98
1673603100000,1.08356,1.08442,1.0835,1.08423,5392.4901
1673604000000,1.08422,1.08516,1.08418,1.08504,4307.0901
1673604900000,1.08504,1.08515,1.08433,1.08437,4774.72
1673605800000,1.08438,1.08468,1.08394,1.0841,4214.25
1673606700000,1.0841,1.08468,1.0837,1.08449,4758.5
1673607600000,1.08447,1.08456,1.08278,1.08298,5736.63
1673608500000,1.08297,1.08321,1.08123,1.08146,6087.9599
1673609400000,1.08145,1.08149,1.08083,1.08133,5873.08
1673610300000,1.08132,1.08145,1.08097,1.0812,4896.47
1673611200000,1.08119,1.08157,1.08067,1.08101,4418.28
1673612100000,1.08101,1.08147,1.08082,1.08104,5058.2
1673613000000,1.08105,1.08106,1.08031,1.08077,5747.5701
1673613900000,1.08076,1.08124,1.08032,1.08117,5905.81
1673614800000,1.08119,1.08152,1.08081,1.0813,6663.03
1673615700000,1.08133,1.08199,1.08102,1.08199,7594.4801
1673616600000,1.08197,1.08199,1.08031,1.08049,10898.81
1673617500000,1.08047,1.08075,1.07925,1.07935,9220.74
1673618400000,1.07937,1.08058,1.07803,1.08028,9922.42
1673619300000,1.08028,1.0804,1.07942,1.08015,8710.58
1673620200000,1.08016,1.08054,1.07958,1.08018,11942.7299
1673621100000,1.08019,1.082,1.07989,1.08182,10776.6499
1673622000000,1.08182,1.08325,1.08122,1.08271,16882.5501
1673622900000,1.08271,1.08319,1.08239,1.08256,12964.21
1673623800000,1.08258,1.08299,1.08175,1.08253,11467.8302
1673624700000,1.08252,1.08386,1.08211,1.08292,11969.2
1673625600000,1.08292,1.08333,1.08119,1.0814,10459.6199
1673626500000,1.0814,1.0824,1.08089,1.08185,8001.2101
1673627400000,1.08187,1.0819,1.0803,1.08052,7428.7201
1673628300000,1.0805,1.08121,1.08009,1.081,7568.53
1673629200000,1.081,1.08172,1.08064,1.08165,7375.4001
1673630100000,1.08165,1.08252,1.08159,1.08238,6123.3601
1673631000000,1.08239,1.08254,1.08212,1.08243,4420.3
1673631900000,1.08243,1.08316,1.08242,1.08279,5087.78
1673632800000,1.08279,1.08303,1.0824,1.08257,5257.44
1673633700000,1.0826,1.08265,1.08179,1.08189,5524.48
1673634600000,1.08191,1.08298,1.08187,1.08278,4737.86
1673635500000,1.08276,1.08342,1.08264,1.0831,4471.03
1673636400000,1.08309,1.08341,1.08286,1.0834,3079.36
1673637300000,1.0834,1.08351,1.08267,1.08324,2875.49
1673638200000,1.08323,1.08351,1.08273,1.08273,2387.46
1673639100000,1.08274,1.08297,1.08264,1.08291,3539.58
1673640000000,1.0829,1.08306,1.08268,1.08289,1949.65
1673640900000,1.08288,1.08303,1.08273,1.08294,1618.29
1673641800000,1.08295,1.08323,1.08293,1.08321,1547.44
1673642700000,1.08322,1.08356,1.08311,1.08323,1759.53
1673643600000,1.08323,1.08333,1.08302,1.08318,1205.53
1673644500000,1.0832,1.08343,1.08309,1.08334,1018.85
1673645400000,1.08333,1.08335,1.08286,1.08306,687.73
1673646300000,1.08306,1.08339,1.08292,1.08302,2375.33
1673647200000,1.08302,1.08302,1.08302,1.08302,0
1673648100000,1.08302,1.08302,1.08302,1.08302,0
1673649000000,1.08302,1.08302,1.08302,1.08302,0
1673649900000,1.08302,1.08302,1.08302,1.08302,0
1673650800000,1.08302,1.08302,1.08302,1.08302,0
1673651700000,1.08302,1.08302,1.08302,1.08302,0
1673652600000,1.08302,1.08302,1.08302,1.08302,0
1673653500000,1.08302,1.08302,1.08302,1.08302,0
1673654400000,1.08302,1.08302,1.08302,1.08302,0
1673655300000,1.08302,1.08302,1.08302,1.08302,0
1673656200000,1.08302,1.08302,1.08302,1.08302,0
1673657100000,1.08302,1.08302,1.08302,1.08302,0
1673658000000,1.08302,1.08302,1.08302,1.08302,0
1673658900000,1.08302,1.08302,1.08302,1.08302,0
1673659800000,1.08302,1.08302,1.08302,1.08302,0
1673660700000,1.08302,1.08302,1.08302,1.08302,0
1673661600000,1.08302,1.08302,1.08302,1.08302,0
1673662500000,1.08302,1.08302,1.08302,1.08302,0
1673663400000,1.08302,1.08302,1.08302,1.08302,0
1673664300000,1.08302,1.08302,1.08302,1.08302,0
1673665200000,1.08302,1.08302,1.08302,1.08302,0
1673666100000,1.08302,1.08302,1.08302,1.08302,0
1673667000000,1.08302,1.08302,1.08302,1.08302,0
1673667900000,1.08302,1.08302,1.08302,1.08302,0
1673668800000,1.08302,1.08302,1.08302,1.08302,0
1673669700000,1.08302,1.08302,1.08302,1.08302,0
1673670600000,1.08302,1.08302,1.08302,1.08302,0
1673671500000,1.08302,1.08302,1.08302,1.08302,0
1673672400000,1.08302,1.08302,1.08302,1.08302,0
1673673300000,1.08302,1.08302,1.08302,1.08302,0
1673674200000,1.08302,1.08302,1.08302,1.08302,0
1673675100000,1.08302,1.08302,1.08302,1.08302,0
1673676000000,1.08302,1.08302,1.08302,1.08302,0
1673676900000,1.08302,1.08302,1.08302,1.08302,0
1673677800000,1.08302,1.08302,1.08302,1.08302,0
1673678700000,1.08302,1.08302,1.08302,1.08302,0
1673679600000,1.08302,1.08302,1.08302,1.08302,0
1673680500000,1.08302,1.08302,1.08302,1.08302,0
1673681400000,1.08302,1.08302,1.08302,1.08302,0
1673682300000,1.08302,1.08302,1.08302,1.08302,0
1673683200000,1.08302,1.08302,1.08302,1.08302,0
1673684100000,1.08302,1.08302,1.08302,1.08302,0
1673685000000,1.08302,1.08302,1.08302,1.08302,0
1673685900000,1.08302,1.08302,1.08302,1.08302,0
1673686800000,1.08302,1.08302,1.08302,1.08302,0
1673687700000,1.08302,1.08302,1.08302,1.08302,0
1673688600000,1.08302,1.08302,1.08302,1.08302,0
1673689500000,1.08302,1.08302,1.08302,1.08302,0
1673690400000,1.08302,1.08302,1.08302,1.08302,0
1673691300000,1.08302,1.08302,1.08302,1.08302,0
1673692200000,1.08302,1.08302,1.08302,1.08302,0
1673693100000,1.08302,1.08302,1.08302,1.08302,0
1673694000000,1.08302,1.08302,1.08302,1.08302,0
1673694900000,1.08302,1.08302,1.08302,1.08302,0
1673695800000,1.08302,1.08302,1.08302,1.08302,0
1673696700000,1.08302,1.08302,1.08302,1.08302,0
1673697600000,1.08302,1.08302,1.08302,1.08302,0
1673698500000,1.08302,1.08302,1.08302,1.08302,0
1673699400000,1.08302,1.08302,1.08302,1.08302,0
1673700300000,1.08302,1.08302,1.08302,1.08302,0
1673701200000,1.08302,1.08302,1.08302,1.08302,0
1673702100000,1.08302,1.08302,1.08302,1.08302,0
1673703000000,1.08302,1.08302,1.08302,1.08302,0
1673703900000,1.08302,1.08302,1.08302,1.08302,0
1673704800000,1.08302,1.08302,1.08302,1.08302,0
1673705700000,1.08302,1.08302,1.08302,1.08302,0
1673706600000,1.08302,1.08302,1.08302,1.08302,0
1673707500000,1.08302,1.08302,1.08302,1.08302,0
1673708400000,1.08302,1.08302,1.08302,1.08302,0
1673709300000,1.08302,1.08302,1.08302,1.08302,0
1673710200000,1.08302,1.08302,1.08302,1.08302,0
1673711100000,1.08302,1.08302,1.08302,1.08302,0
1673712000000,1.08302,1.08302,1.08302,1.08302,0
1673712900000,1.08302,1.08302,1.08302,1.08302,0
1673713800000,1.08302,1.08302,1.08302,1.08302,0
1673714700000,1.08302,1.08302,1.08302,1.08302,0
1673715600000,1.08302,1.08302,1.08302,1.08302,0
1673716500000,1.08302,1.08302,1.08302,1.08302,0
1673717400000,1.08302,1.08302,1.08302,1.08302,0
1673718300000,1.08302,1.08302,1.08302,1.08302,0
1673719200000,1.08302,1.08302,1.08302,1.08302,0
1673720100000,1.08302,1.08302,1.08302,1.08302,0
1673721000000,1.08302,1.08302,1.08302,1.08302,0
1673721900000,1.08302,1.08302,1.08302,1.08302,0
1673722800000,1.08302,1.08302,1.08302,1.08302,0
1673723700000,1.08302,1.08302,1.08302,1.08302,0
1673724600000,1.08302,1.08302,1.08302,1.08302,0
1673725500000,1.08302,1.08302,1.08302,1.08302,0
1673726400000,1.08302,1.08302,1.08302,1.08302,0
1673727300000,1.08302,1.08302,1.08302,1.08302,0
1673728200000,1.08302,1.08302,1.08302,1.08302,0
1673729100000,1.08302,1.08302,1.08302,1.08302,0
1673730000000,1.08302,1.08302,1.08302,1.08302,0
1673730900000,1.08302,1.08302,1.08302,1.08302,0
1673731800000,1.08302,1.08302,1.08302,1.08302,0
1673732700000,1.08302,1.08302,1.08302,1.08302,0
1673733600000,1.08302,1.08302,1.08302,1.08302,0
1673734500000,1.08302,1.08302,1.08302,1.08302,0
1673735400000,1.08302,1.08302,1.08302,1.08302,0
1673736300000,1.08302,1.08302,1.08302,1.08302,0
1673737200000,1.08302,1.08302,1.08302,1.08302,0
1673738100000,1.08302,1.08302,1.08302,1.08302,0
1673739000000,1.08302,1.08302,1.08302,1.08302,0
1673739900000,1.08302,1.08302,1.08302,1.08302,0
1673740800000,1.08302,1.08302,1.08302,1.08302,0
1673741700000,1.08302,1.08302,1.08302,1.08302,0
1673742600000,1.08302,1.08302,1.08302,1.08302,0
1673743500000,1.08302,1.08302,1.08302,1.08302,0
1673744400000,1.08302,1.08302,1.08302,1.08302,0
1673745300000,1.08302,1.08302,1.08302,1.08302,0
1673746200000,1.08302,1.08302,1.08302,1.08302,0
1673747100000,1.08302,1.08302,1.08302,1.08302,0
1673748000000,1.08302,1.08302,1.08302,1.08302,0
1673748900000,1.08302,1.08302,1.08302,1.08302,0
1673749800000,1.08302,1.08302,1.08302,1.08302,0
1673750700000,1.08302,1.08302,1.08302,1.08302,0
1673751600000,1.08302,1.08302,1.08302,1.08302,0
1673752500000,1.08302,1.08302,1.08302,1.08302,0
1673753400000,1.08302,1.08302,1.08302,1.08302,0
1673754300000,1.08302,1.08302,1.08302,1.08302,0
1673755200000,1.08302,1.08302,1.08302,1.08302,0
1673756100000,1.08302,1.08302,1.08302,1.08302,0
1673757000000,1.08302,1.08302,1.08302,1.08302,0
1673757900000,1.08302,1.08302,1.08302,1.08302,0
1673758800000,1.08302,1.08302,1.08302,1.08302,0
1673759700000,1.08302,1.08302,1.08302,1.08302,0
1673760600000,1.08302,1.08302,1.08302,1.08302,0
1673761500000,1.08302,1.08302,1.08302,1.08302,0
1673762400000,1.08302,1.08302,1.08302,1.08302,0
1673763300000,1.08302,1.08302,1.08302,1.08302,0
1673764200000,1.08302,1.08302,1.08302,1.08302,0
1673765100000,1.08302,1.08302,1.08302,1.08302,0
1673766000000,1.08302,1.08302,1.08302,1.08302,0
1673766900000,1.08302,1.08302,1.08302,1.08302,0
1673767800000,1.08302,1.08302,1.08302,1.08302,0
1673768700000,1.08302,1.08302,1.08302,1.08302,0
1673769600000,1.08302,1.08302,1.08302,1.08302,0
1673770500000,1.08302,1.08302,1.08302,1.08302,0
1673771400000,1.08302,1.08302,1.08302,1.08302,0
1673772300000,1.08302,1.08302,1.08302,1.08302,0
1673773200000,1.08302,1.08302,1.08302,1.08302,0
1673774100000,1.08302,1.08302,1.08302,1.08302,0
1673775000000,1.08302,1.08302,1.08302,1.08302,0
1673775900000,1.08302,1.08302,1.08302,1.08302,0
1673776800000,1.08302,1.08302,1.08302,1.08302,0
1673777700000,1.08302,1.08302,1.08302,1.08302,0
1673778600000,1.08302,1.08302,1.08302,1.08302,0
1673779500000,1.08302,1.08302,1.08302,1.08302,0
1673780400000,1.08302,1.08302,1.08302,1.08302,0
1673781300000,1.08302,1.08302,1.08302,1.08302,0
1673782200000,1.08302,1.08302,1.08302,1.08302,0
1673783100000,1.08302,1.08302,1.08302,1.08302,0
1673784000000,1.08302,1.08302,1.08302,1.08302,0
1673784900000,1.08302,1.08302,1.08302,1.08302,0
1673785800000,1.08302,1.08302,1.08302,1.08302,0
1673786700000,1.08302,1.08302,1.08302,1.08302,0
1673787600000,1.08302,1.08302,1.08302,1.08302,0
1673788500000,1.08302,1.08302,1.08302,1.08302,0
1673789400000,1.08302,1.08302,1.08302,1.08302,0
1673790300000,1.08302,1.08302,1.08302,1.08302,0
1673791200000,1.08302,1.08302,1.08302,1.08302,0
1673792100000,1.08302,1.08302,1.08302,1.08302,0
1673793000000,1.08302,1.08302,1.08302,1.08302,0
1673793900000,1.08302,1.08302,1.08302,1.08302,0
1673794800000,1.08302,1.08302,1.08302,1.08302,0
1673795700000,1.08302,1.08302,1.08302,1.08302,0
1673796600000,1.08302,1.08302,1.08302,1.08302,0
1673797500000,1.08302,1.08302,1.08302,1.08302,0
1673798400000,1.08302,1.08302,1.08302,1.08302,0
1673799300000,1.08302,1.08302,1.08302,1.08302,0
1673800200000,1.08302,1.08302,1.08302,1.08302,0
1673801100000,1.08302,1.08302,1.08302,1.08302,0
1673802000000,1.08302,1.08302,1.08302,1.08302,0
1673802900000,1.08302,1.08302,1.08302,1.08302,0
1673803800000,1.08302,1.08302,1.08302,1.08302,0
1673804700000,1.08302,1.08302,1.08302,1.08302,0
1673805600000,1.08302,1.08302,1.08302,1.08302,0
1673806500000,1.08302,1.08302,1.08302,1.08302,0
1673807400000,1.08302,1.08302,1.08302,1.08302,0
1673808300000,1.08302,1.08302,1.08302,1.08302,0
1673809200000,1.08302,1.08302,1.08302,1.08302,0
1673810100000,1.08302,1.08302,1.08302,1.08302,0
1673811000000,1.08302,1.08302,1.08302,1.08302,0
1673811900000,1.08302,1.08302,1.08302,1.08302,0
1673812800000,1.08302,1.08302,1.08302,1.08302,0
1673813700000,1.08302,1.08302,1.08302,1.08302,0
1673814600000,1.08302,1.08302,1.08302,1.08302,0
1673815500000,1.08302,1.08302,1.08302,1.08302,0
1673816400000,1.08302,1.08302,1.08302,1.08302,0
1673817300000,1.08302,1.08302,1.08302,1.08302,0
1673818200000,1.08302,1.08302,1.08302,1.08302,0
1673819100000,1.08302,1.08302,1.08302,1.08302,0
1673820000000,1.08288,1.0835,1.08279,1.08315,99.58
1673820900000,1.08315,1.08318,1.08305,1.08305,79.9
1673821800000,1.08305,1.08327,1.08305,1.08305,2351.53
1673822700000,1.08305,1.08332,1.08305,1.08317,788.03
1673823600000,1.08317,1.08333,1.08259,1.08261,4240.53
1673824500000,1.0826,1.08265,1.08201,1.08219,1946.47
1673825400000,1.08219,1.08307,1.08217,1.08279,1225.3
1673826300000,1.08279,1.08279,1.08221,1.08225,1485.28
1673827200000,1.08224,1.0833,1.08211,1.0831,2303.26
1673828100000,1.08309,1.08357,1.08309,1.08314,1907.9
1673829000000,1.08316,1.08403,1.08316,1.08364,1721.81
1673829900000,1.08367,1.08441,1.08363,1.08416,3515.77
1673830800000,1.08414,1.08446,1.08405,1.08433,5140.81
1673831700000,1.08433,1.08508,1.08431,1.08461,2115.84
1673832600000,1.08463,1.08563,1.08462,1.08537,3565.22
1673833500000,1.08536,1.0872,1.08525,1.08678,3955.5899
1673834400000,1.08677,1.087,1.08654,1.08688,6807.94
1673835300000,1.0869,1.08741,1.0868,1.0873,5229.53
1673836200000,1.08731,1.08737,1.08681,1.08691,4779.1199
1673837100000,1.08692,1.08717,1.08665,1.08665,4395.91
1673838000000,1.08665,1.08672,1.08612,1.08618,2844.41
1673838900000,1.08616,1.08663,1.08616,1.08625,3661.23
1673839800000,1.08626,1.0865,1.08591,1.08606,2129.66
1673840700000,1.08605,1.08622,1.08591,1.08599,1956.41
1673841600000,1.08599,1.08619,1.08589,1.08598,1896.25
1673842500000,1.08598,1.08637,1.08586,1.08626,2641.66
1673843400000,1.08623,1.08626,1.08586,1.08593,404.98
1673844300000,1.08594,1.08596,1.08506,1.08526,2578.55
1673845200000,1.08527,1.08573,1.08521,1.08573,2598.41
1673846100000,1.08571,1.08592,1.08539,1.08542,2216.64
1673847000000,1.08543,1.08609,1.08541,1.08584,2509.94
1673847900000,1.08586,1.08606,1.0853,1.08603,3389.3
1673848800000,1.08603,1.08603,1.08545,1.08576,3346.29
1673849700000,1.08574,1.08577,1.08482,1.08482,4230.14
1673850600000,1.08482,1.08498,1.08403,1.08404,4439.16
1673851500000,1.08406,1.0843,1.08359,1.08392,4635.55
1673852400000,1.08393,1.08421,1.08354,1.08382,4816.55
1673853300000,1.08382,1.08393,1.08317,1.08336,3892.8901
1673854200000,1.08336,1.08403,1.08296,1.08396,3907.19
1673855100000,1.08391,1.08392,1.08264,1.08308,3983.27
1673856000000,1.08307,1.0832,1.08107,1.08137,7312.7899
1673856900000,1.08137,1.08234,1.08069,1.08098,6194.02
1673857800000,1.08099,1.08136,1.08064,1.08104,7585.99
1673858700000,1.08104,1.08123,1.08022,1.08032,5615.6501
1673859600000,1.08031,1.08091,1.08013,1.08079,5247.25
1673860500000,1.08082,1.08197,1.08075,1.08162,5202.7499
1673861400000,1.08164,1.08241,1.08159,1.08173,4317.84
1673862300000,1.08173,1.08235,1.08173,1.08207,4519.6
1673863200000,1.0821,1.08271,1.08205,1.08266,4207.06
1673864100000,1.08267,1.08313,1.08233,1.08308,4510.23
1673865000000,1.08307,1.08325,1.08237,1.08268,4610.17
1673865900000,1.08266,1.08333,1.08252,1.08299,4301.07
1673866800000,1.08299,1.08348,1.08282,1.08346,3597.13
1673867700000,1.08347,1.08349,1.08307,1.08317,4362.17
1673868600000,1.08317,1.08364,1.08301,1.0832,4077.93
1673869500000,1.08321,1.08323,1.08238,1.08268,2714.58
1673870400000,1.08267,1.08284,1.08226,1.08236,3963.65
1673871300000,1.08236,1.08279,1.08233,1.08277,3657.48
1673872200000,1.08278,1.0828,1.08218,1.08221,3240.15
1673873100000,1.08223,1.08243,1.08143,1.0815,3609.98
1673874000000,1.08149,1.08186,1.08122,1.08122,5044.02
1673874900000,1.08121,1.08135,1.08061,1.08061,2821.71
1673875800000,1.08059,1.082,1.08058,1.08177,5350.16
1673876700000,1.08177,1.08187,1.08128,1.08156,4951.14
1673877600000,1.08155,1.08187,1.08137,1.08172,4369.1
1673878500000,1.08171,1.08253,1.08153,1.08222,4395.84
1673879400000,1.08222,1.08223,1.08152,1.08158,3638.39
1673880300000,1.08156,1.08243,1.08153,1.08218,3299.21
1673881200000,1.08217,1.08273,1.08202,1.08237,2992.92
1673882100000,1.08236,1.08238,1.08163,1.08171,2397.22
1673883000000,1.08172,1.08226,1.08161,1.08195,2302
1673883900000,1.08195,1.0829,1.08184,1.08251,4132.39
1673884800000,1.08251,1.08261,1.08201,1.08234,4118.56
1673885700000,1.08236,1.08253,1.08211,1.08215,2141.18
1673886600000,1.08216,1.08232,1.08172,1.08219,2106.03
1673887500000,1.08218,1.08255,1.08212,1.08246,2675.13
1673888400000,1.08244,1.08264,1.08228,1.08241,2124.29
1673889300000,1.08241,1.08244,1.08177,1.08181,1965.3
1673890200000,1.08182,1.08184,1.08121,1.08127,2039.02
1673891100000,1.08125,1.08162,1.08115,1.08136,2246.24
1673892000000,1.08136,1.08144,1.08112,1.08113,884.2
1673892900000,1.08112,1.08146,1.08107,1.08123,862.04
1673893800000,1.08123,1.08136,1.08121,1.08134,502.61
1673894700000,1.08134,1.08134,1.08115,1.08127,1000.77
1673895600000,1.08126,1.08149,1.08123,1.08144,697.43
1673896500000,1.08144,1.08172,1.08142,1.08165,471.76
1673897400000,1.08164,1.08176,1.08158,1.08173,1077.15
1673898300000,1.08174,1.08192,1.08172,1.08192,340.24
1673899200000,1.08193,1.08203,1.08179,1.08179,487.26
1673900100000,1.08178,1.08187,1.08173,1.08183,507.59
1673901000000,1.08185,1.08188,1.0818,1.08183,411.93
1673901900000,1.08184,1.08205,1.08182,1.08203,587.75
1673902800000,1.08203,1.08203,1.08187,1.08193,394.39
1673903700000,1.08191,1.08243,1.08191,1.08233,553.72
1673904600000,1.08233,1.08245,1.0822,1.08221,443.21
1673905500000,1.0822,1.08241,1.0819,1.08192,1315.19
1673906400000,1.08196,1.08209,1.08196,1.08209,119.4
1673907300000,1.08209,1.08209,1.08165,1.08195,2590.59
1673908200000,1.08194,1.08229,1.08194,1.0822,8214.6301
1673909100000,1.0822,1.08227,1.08214,1.0822,2763.7
1673910000000,1.0822,1.08307,1.08214,1.08256,2737.06
1673910900000,1.08256,1.08301,1.08248,1.0829,2005.81
1673911800000,1.08288,1.08323,1.08273,1.0828,912.15
1673912700000,1.08279,1.08308,1.08276,1.08294,1029.75
1673913600000,1.08294,1.08336,1.08259,1.08329,2034.34
1673914500000,1.08329,1.0833,1.08285,1.08298,1925.08
1673915400000,1.08298,1.08301,1.08264,1.08268,1954.39
1673916300000,1.08268,1.08322,1.08254,1.08284,3460.88
1673917200000,1.08285,1.08315,1.08176,1.08183,5675.15
1673918100000,1.08182,1.08252,1.08178,1.08236,4914.53
1673919000000,1.08235,1.08246,1.08138,1.08194,5402.41
1673919900000,1.08193,1.082,1.08144,1.08169,5463.39
1673920800000,1.08169,1.08327,1.08166,1.08281,4201.77
1673921700000,1.08281,1.08281,1.08119,1.08122,4865.09
1673922600000,1.08122,1.08135,1.08061,1.08105,5230.34
1673923500000,1.08104,1.08147,1.08102,1.08142,3449.8
1673924400000,1.08143,1.08181,1.08136,1.08156,3804.6
1673925300000,1.08157,1.08227,1.08135,1.08224,2794.66
1673926200000,1.08223,1.08272,1.0822,1.08251,2189.23
1673927100000,1.08251,1.08284,1.08235,1.08249,2204.3
1673928000000,1.08249,1.08266,1.08218,1.08225,2364.4
1673928900000,1.08226,1.08287,1.08221,1.08271,2563.24
1673929800000,1.08269,1.08279,1.08244,1.08265,1630.56
1673930700000,1.08263,1.08271,1.08241,1.0826,2063.92
1673931600000,1.08258,1.08318,1.08239,1.08316,1824.32
1673932500000,1.08315,1.08322,1.08275,1.08277,1771.4
1673933400000,1.08278,1.08287,1.08218,1.08232,3503.83
1673934300000,1.08232,1.08316,1.08218,1.08308,3166.6
1673935200000,1.08309,1.08315,1.08275,1.08309,3570.18
1673936100000,1.08312,1.08354,1.08276,1.08293,2777.82
1673937000000,1.08294,1.08332,1.08284,1.08311,3091.55
1673937900000,1.08312,1.08312,1.08133,1.08146,5021.61
1673938800000,1.08146,1.08205,1.08125,1.08184,8169.9
1673939700000,1.08185,1.08205,1.08118,1.08169,4848.65
1673940600000,1.0817,1.08261,1.08152,1.08254,5710.49
1673941500000,1.08255,1.08295,1.08221,1.08279,5815.64
1673942400000,1.0828,1.08362,1.0828,1.08346,6775.88
1673943300000,1.08348,1.08385,1.08301,1.08306,5159.23
1673944200000,1.08304,1.0836,1.08253,1.08335,5497.3601
1673945100000,1.08336,1.0837,1.08229,1.08272,6912.44
1673946000000,1.08271,1.08309,1.08158,1.08162,5791.1999
1673946900000,1.08162,1.08248,1.08156,1.08178,5768.05
1673947800000,1.08177,1.08216,1.08143,1.08178,5144.51
1673948700000,1.08177,1.08189,1.08108,1.08172,5116.1401
1673949600000,1.08174,1.08273,1.08108,1.08152,7158.23
1673950500000,1.0815,1.08163,1.08089,1.08102,6340.01
1673951400000,1.08104,1.0815,1.08088,1.08136,7237.9
1673952300000,1.08137,1.08273,1.08133,1.08213,5080.7201
1673953200000,1.08213,1.08261,1.08174,1.08189,4917.27
1673954100000,1.08188,1.08212,1.08145,1.08175,5013.29
1673955000000,1.08174,1.08235,1.08132,1.08205,4292.43
1673955900000,1.08206,1.08337,1.08173,1.08322,6595.53
1673956800000,1.08323,1.08337,1.08221,1.08299,4703.81
1673957700000,1.08299,1.0844,1.08293,1.08439,6064.99
1673958600000,1.0844,1.08462,1.08363,1.0838,6769.6
1673959500000,1.0838,1.08576,1.08344,1.08525,7393.23
1673960400000,1.08523,1.08548,1.08422,1.08427,8007.13
1673961300000,1.08427,1.08469,1.08361,1.08412,7275.9
1673962200000,1.08414,1.0858,1.08406,1.08503,12938.7798
1673963100000,1.08505,1.08572,1.084,1.08423,9060.47
1673964000000,1.08425,1.0861,1.08421,1.08597,9581.61
1673964900000,1.08599,1.08693,1.08565,1.08623,12257.2101
1673965800000,1.08624,1.08692,1.08609,1.08625,9817.3301
1673966700000,1.08624,1.08673,1.08605,1.08628,9698.99
1673967600000,1.08627,1.08637,1.08232,1.08358,21220.6001
1673968500000,1.08359,1.08371,1.08109,1.08264,14041.1399
1673969400000,1.08263,1.08271,1.07956,1.07978,13641.5101
1673970300000,1.07975,1.08109,1.07949,1.08016,14611.6501
1673971200000,1.08016,1.08091,1.07926,1.07943,10825.0001
1673972100000,1.07942,1.08074,1.07927,1.08051,7069.11
1673973000000,1.0805,1.08059,1.0786,1.07869,9049.4901
1673973900000,1.07869,1.07993,1.07865,1.07926,5482.45
1673974800000,1.07926,1.07984,1.07872,1.07892,6262.51
1673975700000,1.07891,1.07912,1.07814,1.07822,5184.21
1673976600000,1.07821,1.07863,1.07793,1.07803,4252.78
1673977500000,1.07803,1.07821,1.07744,1.07819,4147.0699
1673978400000,1.07819,1.07865,1.07797,1.0785,4195.83
1673979300000,1.07848,1.07888,1.07821,1.07879,3806.69
1673980200000,1.07879,1.07924,1.07857,1.07914,2845.81
1673981100000,1.07913,1.07964,1.07894,1.0795,2834.53
1673982000000,1.07951,1.07973,1.07928,1.07953,3136.76
1673982900000,1.07952,1.08022,1.07911,1.07998,4403.78
1673983800000,1.07998,1.08035,1.07969,1.08029,5218.77
1673984700000,1.08029,1.08029,1.07916,1.07932,4457.37
1673985600000,1.07932,1.07968,1.07908,1.07921,3923.77
1673986500000,1.07922,1.07926,1.07879,1.07899,4415.8
1673987400000,1.079,1.07907,1.07871,1.07875,2211.16
1673988300000,1.07874,1.07935,1.07866,1.07934,3189.64
1673989200000,1.07934,1.07936,1.0789,1.07904,822.91
1673990100000,1.07904,1.07909,1.07884,1.07909,674.32
1673991000000,1.07908,1.07921,1.07879,1.07906,555.87
1673991900000,1.07904,1.07907,1.07872,1.07872,1144.35
1673992800000,1.07872,1.07882,1.07854,1.07878,115.75
1673993700000,1.0787,1.07933,1.0787,1.07919,2163.2
1673994600000,1.07919,1.07936,1.079,1.07914,3805.03
1673995500000,1.07915,1.07927,1.079,1.07907,1365.42
1673996400000,1.07907,1.07918,1.07897,1.07908,1164.32
1673997300000,1.0791,1.07932,1.07896,1.0792,975.95
1673998200000,1.0792,1.0792,1.07875,1.07903,1177.23
1673999100000,1.07902,1.07932,1.07853,1.07893,1492.21
1674000000000,1.07891,1.07901,1.07823,1.0785,2727.26
1674000900000,1.07849,1.07888,1.07846,1.0788,1282.47
1674001800000,1.07882,1.07911,1.0787,1.07875,1455.38
1674002700000,1.07876,1.07887,1.07828,1.07842,3187.8
1674003600000,1.07843,1.07898,1.07833,1.07866,3200.41
1674004500000,1.07866,1.07902,1.07856,1.0787,3560.89
1674005400000,1.07869,1.07891,1.0786,1.07887,3451.32
1674006300000,1.07887,1.0796,1.0786,1.07959,2733.43
1674007200000,1.0796,1.07986,1.07952,1.07981,3068.74
1674008100000,1.07981,1.07992,1.07927,1.07928,3053.97
1674009000000,1.07927,1.07932,1.07728,1.07898,9461.5099
1674009900000,1.07901,1.07903,1.07661,1.07871,13755.96
1674010800000,1.07872,1.07883,1.07785,1.07882,9566.49
1674011700000,1.07882,1.07889,1.07737,1.07763,4826.86
1674012600000,1.07764,1.07764,1.07682,1.07719,4528.1701
1674013500000,1.07718,1.07764,1.07709,1.07728,5445.11
1674014400000,1.0773,1.07745,1.07672,1.07694,5068.17
1674015300000,1.07692,1.07729,1.07676,1.07719,3289.52
1674016200000,1.07718,1.07773,1.07707,1.07772,2981.26
1674017100000,1.07774,1.07776,1.07726,1.07742,3049.87
1674018000000,1.07743,1.07762,1.077,1.07705,3254.2
1674018900000,1.07706,1.07726,1.07679,1.07703,2842.78
1674019800000,1.07704,1.0778,1.07692,1.07767,5235.4499
1674020700000,1.07765,1.07799,1.07747,1.07795,5188.34
1674021600000,1.07795,1.07876,1.07795,1.07854,3959.12
1674022500000,1.07853,1.07888,1.07832,1.0785,4158.89
1674023400000,1.07849,1.07872,1.07815,1.07861,5928.3001
1674024300000,1.0786,1.07908,1.07816,1.07895,4565.73
1674025200000,1.07896,1.08093,1.07896,1.08067,8685.6201
1674026100000,1.08072,1.08205,1.08071,1.08113,5971.1199
1674027000000,1.08115,1.0826,1.08079,1.08251,7193.4
1674027900000,1.08252,1.08364,1.08177,1.08252,8039.37
1674028800000,1.08252,1.08388,1.08251,1.08356,6740.58
1674029700000,1.08357,1.08512,1.08356,1.08429,5075.56
1674030600000,1.08429,1.08462,1.08375,1.08415,2899.9
1674031500000,1.08416,1.08438,1.08349,1.0843,3531.36
1674032400000,1.0843,1.08492,1.08368,1.08455,2889.79
1674033300000,1.08453,1.08566,1.08451,1.0853,2428.53
1674034200000,1.08529,1.08603,1.08505,1.08583,3341.44
1674035100000,1.08583,1.08714,1.08567,1.08697,3198.14
1674036000000,1.08697,1.08699,1.08556,1.08561,2772.3
1674036900000,1.08561,1.08613,1.08551,1.08556,2529.75
1674037800000,1.08557,1.08615,1.08529,1.08572,1906.63
1674038700000,1.08573,1.08584,1.08495,1.08525,2131.29
1674039600000,1.08524,1.0854,1.0845,1.0845,1519.67
1674040500000,1.0845,1.08455,1.08295,1.08303,1886.11
1674041400000,1.08305,1.08363,1.08251,1.08337,1668.23
1674042300000,1.08337,1.08339,1.08115,1.0815,2927.02
1674043200000,1.08151,1.0829,1.08149,1.08259,2861.83
1674044100000,1.08258,1.08336,1.08231,1.08326,1962.09
1674045000000,1.08327,1.08334,1.08205,1.08246,2106.42
1674045900000,1.08246,1.08334,1.08225,1.0824,2612.2
1674046800000,1.08237,1.08384,1.08222,1.08383,2887.34
1674047700000,1.08385,1.08441,1.08347,1.08403,2285.8
1674048600000,1.08411,1.08647,1.0839,1.08559,12568.3599
1674049500000,1.08558,1.08676,1.08534,1.08582,11254.11
1674050400000,1.08581,1.0868,1.08521,1.08656,4786.34
1674051300000,1.08656,1.08873,1.08655,1.08787,8127.7199
1674052200000,1.08786,1.08849,1.08478,1.08616,10454.9201
1674053100000,1.08616,1.08677,1.08489,1.08637,8279.5199
1674054000000,1.08638,1.08686,1.0845,1.08482,6736.1001
1674054900000,1.08482,1.08571,1.08425,1.08503,5426.95
1674055800000,1.08502,1.08537,1.0836,1.08425,4973.69
1674056700000,1.08423,1.08491,1.08264,1.0833,7124.66
1674057600000,1.08332,1.08357,1.08279,1.08346,5437.6801
1674058500000,1.08345,1.08347,1.08151,1.08234,4672.42
1674059400000,1.08235,1.08235,1.08134,1.08165,3860.47
1674060300000,1.08168,1.0829,1.08138,1.08265,3196.43
1674061200000,1.08268,1.08277,1.07961,1.07978,4723.02
1674062100000,1.07979,1.0802,1.07871,1.0792,3780.04
1674063000000,1.07921,1.07963,1.07879,1.07942,3766.66
1674063900000,1.0794,1.07965,1.07881,1.07957,3320.66
1674064800000,1.07958,1.07989,1.07891,1.07935,3289.2
1674065700000,1.07936,1.07954,1.07902,1.07922,2822.04
1674066600000,1.07921,1.07939,1.07866,1.07905,2625.79
1674067500000,1.07906,1.07964,1.07888,1.07961,2075.83
1674068400000,1.0796,1.07963,1.07885,1.07919,2321.54
1674069300000,1.07916,1.07944,1.07892,1.07928,1831.34
1674070200000,1.07928,1.07938,1.07885,1.0791,1143.42
1674071100000,1.0791,1.07966,1.07869,1.07948,1663.04
1674072000000,1.07947,1.07949,1.0788,1.07907,1945.54
1674072900000,1.07908,1.07942,1.07898,1.07934,2380.6
1674073800000,1.07933,1.07938,1.07872,1.07898,1579.14
1674074700000,1.079,1.0792,1.07889,1.07889,1680.47
1674075600000,1.0789,1.0793,1.0789,1.07894,729.2
1674076500000,1.07894,1.07941,1.07894,1.07914,204.06
1674077400000,1.07912,1.07958,1.07912,1.07946,463.84
1674078300000,1.07945,1.07971,1.07934,1.07935,378.56
1674079200000,1.07928,1.0793,1.07891,1.07919,177.28
1674080100000,1.07919,1.07919,1.07887,1.07909,353.39
1674081000000,1.07909,1.07924,1.07909,1.07914,634.49
1674081900000,1.07915,1.07932,1.07906,1.07912,5355.7801
1674082800000,1.07911,1.07949,1.07901,1.07928,751.54
1674083700000,1.0793,1.0795,1.07918,1.07941,771.8
1674084600000,1.0794,1.07969,1.07933,1.07969,353.1
1674085500000,1.07968,1.07978,1.07957,1.07972,247.95
1674086400000,1.07974,1.07982,1.07934,1.07965,894.9
1674087300000,1.07965,1.07973,1.07898,1.07938,744.26
1674088200000,1.07939,1.07967,1.07889,1.07915,1733.89
1674089100000,1.07917,1.07939,1.07861,1.07872,2616.62
1674090000000,1.07872,1.07954,1.07862,1.07915,2100.06
1674090900000,1.07913,1.0793,1.07877,1.07904,1150.04
1674091800000,1.07904,1.07932,1.07895,1.07906,941.45
1674092700000,1.07907,1.0791,1.07823,1.07875,2009.95
1674093600000,1.07877,1.07883,1.07824,1.07833,1624.38
1674094500000,1.07835,1.07885,1.07821,1.07883,1712.18
1674095400000,1.07884,1.07929,1.07878,1.07909,1082.21
1674096300000,1.0791,1.07943,1.07898,1.07933,1301.29
1674097200000,1.07933,1.07972,1.07923,1.07961,1749.67
1674098100000,1.07962,1.07965,1.0794,1.07944,2237.71
1674099000000,1.07944,1.08049,1.07939,1.0804,1010.13
1674099900000,1.08039,1.08054,1.07999,1.08005,1423.63
1674100800000,1.08005,1.08018,1.07967,1.07981,1173.71
1674101700000,1.0798,1.07988,1.07932,1.0796,1393.37
1674102600000,1.07962,1.07966,1.0793,1.07936,984.74
1674103500000,1.07936,1.07966,1.0793,1.07956,622.21
1674104400000,1.07958,1.07968,1.07907,1.07933,906.23
1674105300000,1.07935,1.07978,1.07917,1.0796,2112.97
1674106200000,1.07961,1.07967,1.07923,1.07928,2109.9
1674107100000,1.07929,1.07951,1.07912,1.07914,822.97
1674108000000,1.07912,1.07996,1.07912,1.0797,916.46
1674108900000,1.07969,1.07998,1.07947,1.07977,1114.34
1674109800000,1.07978,1.08031,1.07976,1.08022,800.39
1674110700000,1.08024,1.08031,1.07906,1.07906,1375.68
1674111600000,1.07909,1.07988,1.07893,1.07925,2083.24
1674112500000,1.07925,1.08014,1.07825,1.07932,3265.22
1674113400000,1.07932,1.08076,1.0792,1.08033,2066.26
1674114300000,1.08034,1.08138,1.08013,1.08076,2155.75
1674115200000,1.08078,1.08241,1.08031,1.08223,3033.48
1674116100000,1.08221,1.08238,1.08132,1.08198,3040.85
1674117000000,1.08199,1.08236,1.08151,1.0822,2333.8
1674117900000,1.0822,1.08247,1.08137,1.08166,2627.57
1674118800000,1.08167,1.08221,1.08157,1.08213,2159.75
1674119700000,1.08212,1.08242,1.08167,1.08185,1774.47
1674120600000,1.08185,1.08291,1.08173,1.08222,2798.87
1674121500000,1.08222,1.08262,1.08215,1.08245,2434.17
1674122400000,1.08247,1.08279,1.08193,1.08222,2295.61
1674123300000,1.08223,1.08252,1.08156,1.08249,1832.86
1674124200000,1.08249,1.0838,1.08155,1.08235,3609.36
1674125100000,1.08234,1.08293,1.08203,1.08288,2015.08
1674126000000,1.08292,1.08345,1.0824,1.08277,2366.67
1674126900000,1.08277,1.08291,1.08228,1.08244,1821.81
1674127800000,1.08244,1.08246,1.08158,1.08179,2632.82
1674128700000,1.08181,1.08245,1.08162,1.08216,2069.8
1674129600000,1.08216,1.08255,1.08203,1.0823,1757.35
1674130500000,1.08229,1.08229,1.0814,1.08181,1362.54
1674131400000,1.08181,1.0827,1.08147,1.08183,2947.08
1674132300000,1.08182,1.08218,1.08049,1.08088,2286.57
1674133200000,1.08089,1.08162,1.08088,1.08143,2935.72
1674134100000,1.08145,1.08227,1.08106,1.08184,3537.7
1674135000000,1.08184,1.08199,1.07984,1.081,9344.92
1674135900000,1.08101,1.08102,1.07955,1.08093,4722.22
1674136800000,1.08092,1.08154,1.08018,1.08057,3924.31
1674137700000,1.08057,1.08216,1.08057,1.08208,3863.58
1674138600000,1.0821,1.0825,1.08141,1.08171,5414.27
1674139500000,1.08171,1.08182,1.07953,1.08102,4476.72
1674140400000,1.08102,1.08188,1.08069,1.08087,3539.58
1674141300000,1.08086,1.08154,1.08034,1.08034,2829.48
1674142200000,1.08036,1.08038,1.07875,1.07893,4212.75
1674143100000,1.07896,1.07967,1.07837,1.0789,6664.0501
1674144000000,1.07892,1.07986,1.07872,1.07955,3669.28
1674144900000,1.07954,1.07977,1.0791,1.07943,2683.87
1674145800000,1.07946,1.08066,1.0792,1.07994,3586.63
1674146700000,1.07996,1.08093,1.07996,1.08089,2830.89
1674147600000,1.08089,1.08218,1.08085,1.08211,5203.26
1674148500000,1.08211,1.08243,1.0814,1.08171,2762.05
1674149400000,1.0817,1.08232,1.08145,1.08145,2364.67
1674150300000,1.08144,1.08173,1.08098,1.08161,1929.9
1674151200000,1.0816,1.08229,1.08137,1.08228,3336.4
1674152100000,1.08228,1.08228,1.08128,1.08217,4390.41
1674153000000,1.08219,1.0835,1.08219,1.08262,2834.15
1674153900000,1.08263,1.08302,1.08252,1.08286,1683.8
1674154800000,1.08285,1.08292,1.08208,1.08236,2138.27
1674155700000,1.08241,1.08284,1.08232,1.08272,1953.56
1674156600000,1.08273,1.08348,1.08273,1.0833,1693.49
1674157500000,1.08329,1.08356,1.08299,1.08304,1769.63
1674158400000,1.08303,1.08363,1.08292,1.08361,1529.89
1674159300000,1.08362,1.08398,1.08348,1.08352,2482.95
1674160200000,1.08355,1.08355,1.08306,1.0831,1982.48
1674161100000,1.08309,1.08349,1.08276,1.08289,2913.5
1674162000000,1.0829,1.08345,1.08284,1.0829,1004.56
1674162900000,1.08289,1.08327,1.08279,1.08315,469.29
1674163800000,1.08314,1.08321,1.08294,1.08305,410.95
1674164700000,1.08306,1.08319,1.08295,1.08308,752.91
1674165600000,1.08267,1.08299,1.08265,1.08299,48.6
1674166500000,1.08299,1.08319,1.08299,1.0831,136.64
1674167400000,1.08309,1.08336,1.08299,1.08317,896.2
1674168300000,1.08318,1.08322,1.08277,1.08299,1477.12
1674169200000,1.08295,1.08327,1.08274,1.08323,819.95
1674170100000,1.08324,1.08369,1.08322,1.08358,292.24
1674171000000,1.08357,1.08369,1.08349,1.08363,283.52
1674171900000,1.08364,1.08364,1.08333,1.08333,206.97
1674172800000,1.08332,1.08393,1.08316,1.08385,862.29
1674173700000,1.08385,1.08401,1.08373,1.0838,1606.15
1674174600000,1.0838,1.08389,1.08327,1.08339,1353.72
1674175500000,1.08337,1.08341,1.08285,1.08312,2389.85
1674176400000,1.08313,1.08327,1.08279,1.08292,1361.13
1674177300000,1.08296,1.0844,1.08287,1.08439,2277.29
1674178200000,1.08438,1.08438,1.08355,1.08397,1698.82
1674179100000,1.08399,1.084,1.08333,1.0836,1255.36
1674180000000,1.08361,1.08384,1.08312,1.08369,1183.5
1674180900000,1.08369,1.08437,1.08367,1.08436,792.5
1674181800000,1.08436,1.08438,1.08373,1.08377,1383.56
1674182700000,1.08376,1.08404,1.08361,1.08361,1055.54
1674183600000,1.08362,1.08383,1.08348,1.08365,1027.93
1674184500000,1.08366,1.08371,1.08328,1.08332,1505.48
1674185400000,1.08334,1.08355,1.08323,1.08349,470.13
1674186300000,1.08349,1.08353,1.0832,1.08343,402.57
1674187200000,1.08343,1.0835,1.08278,1.08287,967.7
1674188100000,1.08288,1.08338,1.08287,1.08311,659.84
1674189000000,1.0831,1.08336,1.08295,1.08308,899.9
1674189900000,1.08308,1.08327,1.08292,1.08294,641.87
1674190800000,1.08293,1.08303,1.08278,1.08291,780.49
1674191700000,1.08291,1.08296,1.08247,1.08262,1564.36
1674192600000,1.08261,1.08323,1.0826,1.0832,1271.61
1674193500000,1.08319,1.08354,1.08311,1.0835,604.16
1674194400000,1.08351,1.08365,1.08319,1.08322,955.58
1674195300000,1.08325,1.08342,1.08309,1.08318,862.92
1674196200000,1.08319,1.08334,1.08268,1.08282,1240.05
1674197100000,1.08281,1.08306,1.08238,1.08244,907.74
1674198000000,1.08244,1.08361,1.08207,1.08334,1594.69
1674198900000,1.08339,1.08464,1.08334,1.08393,1780.85
1674199800000,1.08393,1.08425,1.08352,1.08401,1597.82
1674200700000,1.08404,1.08454,1.08391,1.08399,1350.72
1674201600000,1.08401,1.08587,1.08382,1.08535,3228.06
1674202500000,1.08534,1.08547,1.08439,1.08443,2345.05
1674203400000,1.08442,1.08499,1.0841,1.08486,1528.96
1674204300000,1.08489,1.08499,1.08383,1.08402,1842.1
1674205200000,1.08402,1.08463,1.08386,1.08433,2144.08
1674206100000,1.08435,1.08516,1.08403,1.08423,1949.94
1674207000000,1.08424,1.0843,1.08318,1.08402,2162.76
1674207900000,1.08403,1.08409,1.08282,1.08308,1695.77
1674208800000,1.08307,1.08365,1.08258,1.08359,1894.93
1674209700000,1.08358,1.08405,1.08338,1.08353,1733.41
1674210600000,1.08356,1.08472,1.08341,1.08353,2910.84
1674211500000,1.08356,1.08402,1.08324,1.08384,1909.17
1674212400000,1.08384,1.08416,1.08335,1.08339,1291.68
1674213300000,1.0834,1.08372,1.08312,1.08361,1105.76
1674214200000,1.08359,1.08373,1.08277,1.08303,1771.29
1674215100000,1.08302,1.08309,1.08243,1.08247,1401.88
1674216000000,1.08248,1.08273,1.0817,1.08208,1881.42
1674216900000,1.08208,1.08224,1.08141,1.08197,1800.84
1674217800000,1.08198,1.08239,1.08158,1.08172,1745.9
1674218700000,1.08172,1.08224,1.08139,1.08182,1842.82
1674219600000,1.08182,1.08273,1.08142,1.08258,2112.79
1674220500000,1.08259,1.08274,1.08225,1.08246,1753.59
1674221400000,1.08248,1.08269,1.08173,1.08202,2600.95
1674222300000,1.08206,1.08227,1.08022,1.08062,3172.37
1674223200000,1.08063,1.08141,1.08059,1.08092,2979.01
1674224100000,1.08089,1.08178,1.08072,1.08142,2571.88
1674225000000,1.08142,1.0815,1.08044,1.08145,4348.34
1674225900000,1.08146,1.0826,1.08105,1.08215,2923.6
1674226800000,1.08217,1.08345,1.08182,1.08318,3214.64
1674227700000,1.08318,1.08452,1.08254,1.08435,3258.57
1674228600000,1.08439,1.08477,1.08281,1.08283,3244.35
1674229500000,1.08282,1.08358,1.08222,1.08309,4834.41
1674230400000,1.08309,1.08449,1.08291,1.08382,3422.79
1674231300000,1.08382,1.08404,1.08328,1.08387,3710.99
1674232200000,1.08388,1.08433,1.08313,1.08313,3089.42
1674233100000,1.08314,1.08379,1.08272,1.08303,2278.15
1674234000000,1.08303,1.0839,1.08293,1.08373,2576.65
1674234900000,1.08375,1.08472,1.08375,1.08431,1714.5
1674235800000,1.0843,1.08458,1.08412,1.08437,1400.4
1674236700000,1.08437,1.08457,1.08418,1.08437,1190.2
1674237600000,1.08438,1.08503,1.08371,1.08447,2924.24
1674238500000,1.08447,1.08456,1.08335,1.08413,2659.29
1674239400000,1.08413,1.08497,1.08411,1.08474,1204.66
1674240300000,1.08473,1.08501,1.08455,1.08475,935.03
1674241200000,1.08476,1.08529,1.08456,1.0852,1663.87
1674242100000,1.08522,1.08548,1.08506,1.08534,730.84
1674243000000,1.08536,1.08571,1.08532,1.08568,762.78
1674243900000,1.08569,1.08582,1.08529,1.08539,2231.16
1674244800000,1.0854,1.08577,1.08519,1.08561,801.1
1674245700000,1.08561,1.08581,1.08528,1.08555,1600.57
1674246600000,1.08553,1.08563,1.08521,1.08554,1931.93
1674247500000,1.08554,1.08579,1.08542,1.08562,2600.24
1674248400000,1.08563,1.08574,1.08544,1.08562,805.05
1674249300000,1.0856,1.08578,1.08557,1.08576,392.21
1674250200000,1.08575,1.0858,1.08562,1.08571,275.07
1674251100000,1.08569,1.08576,1.08547,1.08549,2095.62
1674252000000,1.08549,1.08549,1.08549,1.08549,0
1674252900000,1.08549,1.08549,1.08549,1.08549,0
1674253800000,1.08549,1.08549,1.08549,1.08549,0
1674254700000,1.08549,1.08549,1.08549,1.08549,0
1674255600000,1.08549,1.08549,1.08549,1.08549,0
1674256500000,1.08549,1.08549,1.08549,1.08549,0
1674257400000,1.08549,1.08549,1.08549,1.08549,0
1674258300000,1.08549,1.08549,1.08549,1.08549,0
1674259200000,1.08549,1.08549,1.08549,1.08549,0
1674260100000,1.08549,1.08549,1.08549,1.08549,0
1674261000000,1.08549,1.08549,1.08549,1.08549,0
1674261900000,1.08549,1.08549,1.08549,1.08549,0
1674262800000,1.08549,1.08549,1.08549,1.08549,0
1674263700000,1.08549,1.08549,1.08549,1.08549,0
1674264600000,1.08549,1.08549,1.08549,1.08549,0
1674265500000,1.08549,1.08549,1.08549,1.08549,0
1674266400000,1.08549,1.08549,1.08549,1.08549,0
1674267300000,1.08549,1.08549,1.08549,1.08549,0
1674268200000,1.08549,1.08549,1.08549,1.08549,0
1674269100000,1.08549,1.08549,1.08549,1.08549,0
1674270000000,1.08549,1.08549,1.08549,1.08549,0
1674270900000,1.08549,1.08549,1.08549,1.08549,0
1674271800000,1.08549,1.08549,1.08549,1.08549,0
1674272700000,1.08549,1.08549,1.08549,1.08549,0
1674273600000,1.08549,1.08549,1.08549,1.08549,0
1674274500000,1.08549,1.08549,1.08549,1.08549,0
1674275400000,1.08549,1.08549,1.08549,1.08549,0
1674276300000,1.08549,1.08549,1.08549,1.08549,0
1674277200000,1.08549,1.08549,1.08549,1.08549,0
1674278100000,1.08549,1.08549,1.08549,1.08549,0
1674279000000,1.08549,1.08549,1.08549,1.08549,0
1674279900000,1.08549,1.08549,1.08549,1.08549,0
1674280800000,1.08549,1.08549,1.08549,1.08549,0
1674281700000,1.08549,1.08549,1.08549,1.08549,0
1674282600000,1.08549,1.08549,1.08549,1.08549,0
1674283500000,1.08549,1.08549,1.08549,1.08549,0
1674284400000,1.08549,1.08549,1.08549,1.08549,0
1674285300000,1.08549,1.08549,1.08549,1.08549,0
1674286200000,1.08549,1.08549,1.08549,1.08549,0
1674287100000,1.08549,1.08549,1.08549,1.08549,0
1674288000000,1.08549,1.08549,1.08549,1.08549,0
1674288900000,1.08549,1.08549,1.08549,1.08549,0
1674289800000,1.08549,1.08549,1.08549,1.08549,0
1674290700000,1.08549,1.08549,1.08549,1.08549,0
1674291600000,1.08549,1.08549,1.08549,1.08549,0
1674292500000,1.08549,1.08549,1.08549,1.08549,0
1674293400000,1.08549,1.08549,1.08549,1.08549,0
1674294300000,1.08549,1.08549,1.08549,1.08549,0
1674295200000,1.08549,1.08549,1.08549,1.08549,0
1674296100000,1.08549,1.08549,1.08549,1.08549,0
1674297000000,1.08549,1.08549,1.08549,1.08549,0
1674297900000,1.08549,1.08549,1.08549,1.08549,0
1674298800000,1.08549,1.08549,1.08549,1.08549,0
1674299700000,1.08549,1.08549,1.08549,1.08549,0
1674300600000,1.08549,1.08549,1.08549,1.08549,0
1674301500000,1.08549,1.08549,1.08549,1.08549,0
1674302400000,1.08549,1.08549,1.08549,1.08549,0
1674303300000,1.08549,1.08549,1.08549,1.08549,0
1674304200000,1.08549,1.08549,1.08549,1.08549,0
1674305100000,1.08549,1.08549,1.08549,1.08549,0
1674306000000,1.08549,1.08549,1.08549,1.08549,0
1674306900000,1.08549,1.08549,1.08549,1.08549,0
1674307800000,1.08549,1.08549,1.08549,1.08549,0
1674308700000,1.08549,1.08549,1.08549,1.08549,0
1674309600000,1.08549,1.08549,1.08549,1.08549,0
1674310500000,1.08549,1.08549,1.08549,1.08549,0
1674311400000,1.08549,1.08549,1.08549,1.08549,0
1674312300000,1.08549,1.08549,1.08549,1.08549,0
1674313200000,1.08549,1.08549,1.08549,1.08549,0
1674314100000,1.08549,1.08549,1.08549,1.08549,0
1674315000000,1.08549,1.08549,1.08549,1.08549,0
1674315900000,1.08549,1.08549,1.08549,1.08549,0
1674316800000,1.08549,1.08549,1.08549,1.08549,0
1674317700000,1.08549,1.08549,1.08549,1.08549,0
1674318600000,1.08549,1.08549,1.08549,1.08549,0
1674319500000,1.08549,1.08549,1.08549,1.08549,0
1674320400000,1.08549,1.08549,1.08549,1.08549,0
1674321300000,1.08549,1.08549,1.08549,1.08549,0
1674322200000,1.08549,1.08549,1.08549,1.08549,0
1674323100000,1.08549,1.08549,1.08549,1.08549,0
1674324000000,1.08549,1.08549,1.08549,1.08549,0
1674324900000,1.08549,1.08549,1.08549,1.08549,0
1674325800000,1.08549,1.08549,1.08549,1.08549,0
1674326700000,1.08549,1.08549,1.08549,1.08549,0
1674327600000,1.08549,1.08549,1.08549,1.08549,0
1674328500000,1.08549,1.08549,1.08549,1.08549,0
1674329400000,1.08549,1.08549,1.08549,1.08549,0
1674330300000,1.08549,1.08549,1.08549,1.08549,0
1674331200000,1.08549,1.08549,1.08549,1.08549,0
1674332100000,1.08549,1.08549,1.08549,1.08549,0
1674333000000,1.08549,1.08549,1.08549,1.08549,0
1674333900000,1.08549,1.08549,1.08549,1.08549,0
1674334800000,1.08549,1.08549,1.08549,1.08549,0
1674335700000,1.08549,1.08549,1.08549,1.08549,0
1674336600000,1.08549,1.08549,1.08549,1.08549,0
1674337500000,1.08549,1.08549,1.08549,1.08549,0
1674338400000,1.08549,1.08549,1.08549,1.08549,0
1674339300000,1.08549,1.08549,1.08549,1.08549,0
1674340200000,1.08549,1.08549,1.08549,1.08549,0
1674341100000,1.08549,1.08549,1.08549,1.08549,0
1674342000000,1.08549,1.08549,1.08549,1.08549,0
1674342900000,1.08549,1.08549,1.08549,1.08549,0
1674343800000,1.08549,1.08549,1.08549,1.08549,0
1674344700000,1.08549,1.08549,1.08549,1.08549,0
1674345600000,1.08549,1.08549,1.08549,1.08549,0
1674346500000,1.08549,1.08549,1.08549,1.08549,0
1674347400000,1.08549,1.08549,1.08549,1.08549,0
1674348300000,1.08549,1.08549,1.08549,1.08549,0
1674349200000,1.08549,1.08549,1.08549,1.08549,0
1674350100000,1.08549,1.08549,1.08549,1.08549,0
1674351000000,1.08549,1.08549,1.08549,1.08549,0
1674351900000,1.08549,1.08549,1.08549,1.08549,0
1674352800000,1.08549,1.08549,1.08549,1.08549,0
1674353700000,1.08549,1.08549,1.08549,1.08549,0
1674354600000,1.08549,1.08549,1.08549,1.08549,0
1674355500000,1.08549,1.08549,1.08549,1.08549,0
1674356400000,1.08549,1.08549,1.08549,1.08549,0
1674357300000,1.08549,1.08549,1.08549,1.08549,0
1674358200000,1.08549,1.08549,1.08549,1.08549,0
1674359100000,1.08549,1.08549,1.08549,1.08549,0
1674360000000,1.08549,1.08549,1.08549,1.08549,0
1674360900000,1.08549,1.08549,1.08549,1.08549,0
1674361800000,1.08549,1.08549,1.08549,1.08549,0
1674362700000,1.08549,1.08549,1.08549,1.08549,0
1674363600000,1.08549,1.08549,1.08549,1.08549,0
1674364500000,1.08549,1.08549,1.08549,1.08549,0
1674365400000,1.08549,1.08549,1.08549,1.08549,0
1674366300000,1.08549,1.08549,1.08549,1.08549,0
1674367200000,1.08549,1.08549,1.08549,1.08549,0
1674368100000,1.08549,1.08549,1.08549,1.08549,0
1674369000000,1.08549,1.08549,1.08549,1.08549,0
1674369900000,1.08549,1.08549,1.08549,1.08549,0
1674370800000,1.08549,1.08549,1.08549,1.08549,0
1674371700000,1.08549,1.08549,1.08549,1.08549,0
1674372600000,1.08549,1.08549,1.08549,1.08549,0
1674373500000,1.08549,1.08549,1.08549,1.08549,0
1674374400000,1.08549,1.08549,1.08549,1.08549,0
1674375300000,1.08549,1.08549,1.08549,1.08549,0
1674376200000,1.08549,1.08549,1.08549,1.08549,0
1674377100000,1.08549,1.08549,1.08549,1.08549,0
1674378000000,1.08549,1.08549,1.08549,1.08549,0
1674378900000,1.08549,1.08549,1.08549,1.08549,0
1674379800000,1.08549,1.08549,1.08549,1.08549,0
1674380700000,1.08549,1.08549,1.08549,1.08549,0
1674381600000,1.08549,1.08549,1.08549,1.08549,0
1674382500000,1.08549,1.08549,1.08549,1.08549,0
1674383400000,1.08549,1.08549,1.08549,1.08549,0
1674384300000,1.08549,1.08549,1.08549,1.08549,0
1674385200000,1.08549,1.08549,1.08549,1.08549,0
1674386100000,1.08549,1.08549,1.08549,1.08549,0
1674387000000,1.08549,1.08549,1.08549,1.08549,0
1674387900000,1.08549,1.08549,1.08549,1.08549,0
1674388800000,1.08549,1.08549,1.08549,1.08549,0
1674389700000,1.08549,1.08549,1.08549,1.08549,0
1674390600000,1.08549,1.08549,1.08549,1.08549,0
1674391500000,1.08549,1.08549,1.08549,1.08549,0
1674392400000,1.08549,1.08549,1.08549,1.08549,0
1674393300000,1.08549,1.08549,1.08549,1.08549,0
1674394200000,1.08549,1.08549,1.08549,1.08549,0
1674395100000,1.08549,1.08549,1.08549,1.08549,0
1674396000000,1.08549,1.08549,1.08549,1.08549,0
1674396900000,1.08549,1.08549,1.08549,1.08549,0
1674397800000,1.08549,1.08549,1.08549,1.08549,0
1674398700000,1.08549,1.08549,1.08549,1.08549,0
1674399600000,1.08549,1.08549,1.08549,1.08549,0
1674400500000,1.08549,1.08549,1.08549,1.08549,0
1674401400000,1.08549,1.08549,1.08549,1.08549,0
1674402300000,1.08549,1.08549,1.08549,1.08549,0
1674403200000,1.08549,1.08549,1.08549,1.08549,0
1674404100000,1.08549,1.08549,1.08549,1.08549,0
1674405000000,1.08549,1.08549,1.08549,1.08549,0
1674405900000,1.08549,1.08549,1.08549,1.08549,0
1674406800000,1.08549,1.08549,1.08549,1.08549,0
1674407700000,1.08549,1.08549,1.08549,1.08549,0
1674408600000,1.08549,1.08549,1.08549,1.08549,0
1674409500000,1.08549,1.08549,1.08549,1.08549,0
1674410400000,1.08549,1.08549,1.08549,1.08549,0
1674411300000,1.08549,1.08549,1.08549,1.08549,0
1674412200000,1.08549,1.08549,1.08549,1.08549,0
1674413100000,1.08549,1.08549,1.08549,1.08549,0
1674414000000,1.08549,1.08549,1.08549,1.08549,0
1674414900000,1.08549,1.08549,1.08549,1.08549,0
1674415800000,1.08549,1.08549,1.08549,1.08549,0
1674416700000,1.08549,1.08549,1.08549,1.08549,0
1674417600000,1.08549,1.08549,1.08549,1.08549,0
1674418500000,1.08549,1.08549,1.08549,1.08549,0
1674419400000,1.08549,1.08549,1.08549,1.08549,0
1674420300000,1.08549,1.08549,1.08549,1.08549,0
1674421200000,1.08549,1.08549,1.08549,1.08549,0
1674422100000,1.08549,1.08549,1.08549,1.08549,0
1674423000000,1.08549,1.08549,1.08549,1.08549,0
1674423900000,1.08549,1.08549,1.08549,1.08549,0
1674424800000,1.08678,1.08683,1.08611,1.08647,138.0475
1674425700000,1.08647,1.08652,1.08637,1.08646,39.41
1674426600000,1.08647,1.08647,1.08617,1.08628,712.33
1674427500000,1.08629,1.08665,1.08628,1.08653,988.19
1674428400000,1.08651,1.08688,1.08619,1.08666,5499.88
1674429300000,1.08666,1.08683,1.08641,1.08669,1333.76
1674430200000,1.08668,1.08696,1.08648,1.08648,1939
1674431100000,1.0865,1.08658,1.08638,1.08643,1038.57
1674432000000,1.08639,1.08719,1.08639,1.08698,828.41
1674432900000,1.08697,1.08713,1.0866,1.08673,454.73
1674433800000,1.08674,1.08749,1.08674,1.08738,964.39
1674434700000,1.08738,1.0887,1.08726,1.08848,3199.69
1674435600000,1.08846,1.0888,1.08804,1.0888,2117.19
1674436500000,1.08878,1.0899,1.08876,1.08939,3280.99
1674437400000,1.08939,1.08983,1.08874,1.08982,2104.29
1674438300000,1.08982,1.08993,1.08934,1.08947,1127.58
1674439200000,1.08945,1.08974,1.08931,1.08941,1183.24
1674440100000,1.08943,1.08982,1.0894,1.08982,524.97
1674441000000,1.08987,1.08989,1.08941,1.08941,666.89
1674441900000,1.08946,1.08948,1.08896,1.08921,541.88
1674442800000,1.08924,1.09029,1.08923,1.0901,810.77
1674443700000,1.09009,1.09029,1.08999,1.09024,723.57
1674444600000,1.09022,1.09022,1.08962,1.08999,660.88
1674445500000,1.08998,1.09012,1.08976,1.08983,781.98
1674446400000,1.08986,1.08986,1.08923,1.08951,950.96
1674447300000,1.0895,1.08978,1.08899,1.08914,902.11
1674448200000,1.08914,1.08927,1.08888,1.08915,686.78
1674449100000,1.08913,1.08949,1.08902,1.08946,428.82
1674450000000,1.08945,1.08959,1.08914,1.08919,550.51
1674450900000,1.08918,1.08968,1.089,1.08964,683.29
1674451800000,1.08964,1.08983,1.08951,1.08963,906.49
1674452700000,1.08961,1.08981,1.08916,1.08921,634.73
1674453600000,1.08921,1.08936,1.08889,1.08919,927.57
1674454500000,1.08917,1.08927,1.08872,1.08881,1112.05
1674455400000,1.08882,1.08954,1.08871,1.08935,1072.06
1674456300000,1.08935,1.09118,1.08914,1.09003,2469.1
1674457200000,1.09004,1.09267,1.08986,1.09084,4239
1674458100000,1.09083,1.09086,1.0892,1.0894,1947.96
1674459000000,1.08941,1.09019,1.08939,1.09003,1846.69
1674459900000,1.09002,1.09141,1.09002,1.09141,1578.39
1674460800000,1.09141,1.09154,1.09018,1.09028,3052.58
1674461700000,1.09031,1.09085,1.08935,1.09006,3561.34
1674462600000,1.09004,1.09009,1.0893,1.08997,3053.0801
1674463500000,1.08999,1.09051,1.08939,1.08997,2973.08
1674464400000,1.08996,1.08998,1.08931,1.08972,1499.31
1674465300000,1.08972,1.09026,1.08971,1.08996,1566.22
1674466200000,1.08996,1.09085,1.08984,1.09085,1600.57
1674467100000,1.09086,1.09203,1.09085,1.09114,1575.05
1674468000000,1.09113,1.09152,1.09088,1.09095,1615.55
1674468900000,1.09095,1.09106,1.09039,1.0905,1783.91
1674469800000,1.0905,1.09054,1.08955,1.08967,1476.87
1674470700000,1.08966,1.0906,1.08964,1.08992,1833.24
1674471600000,1.08991,1.09021,1.0891,1.08915,2135.6
1674472500000,1.08915,1.08979,1.08877,1.08904,1804.06
1674473400000,1.08904,1.08905,1.0879,1.08792,2075.28
1674474300000,1.0879,1.08841,1.08787,1.08811,1927.72
1674475200000,1.08811,1.0882,1.08683,1.08728,2115.76
1674476100000,1.0873,1.08758,1.08697,1.08702,1821.21
1674477000000,1.08701,1.08772,1.08666,1.08767,2225.51
1674477900000,1.08767,1.08831,1.0868,1.08708,3205.17
1674478800000,1.08711,1.08773,1.08701,1.08703,2979.59
1674479700000,1.08702,1.08776,1.08675,1.08741,2665.84
1674480600000,1.08742,1.08747,1.08545,1.08591,3129.11
1674481500000,1.08592,1.08606,1.08531,1.08587,2922.5
1674482400000,1.08586,1.08603,1.08479,1.08533,3285.24
1674483300000,1.08533,1.08559,1.08461,1.08516,2741.06
1674484200000,1.08516,1.08562,1.0847,1.08516,4159.57
1674485100000,1.08517,1.08681,1.08507,1.08615,4573.06
1674486000000,1.08615,1.08623,1.08467,1.08516,5103.74
1674486900000,1.0852,1.0858,1.08487,1.0858,3018.9
1674487800000,1.0858,1.0867,1.08572,1.08607,4142.09
1674488700000,1.08608,1.0869,1.08593,1.08646,6093.95
1674489600000,1.08645,1.08757,1.08626,1.08677,4210.94
1674490500000,1.08676,1.08728,1.08626,1.08664,3135.68
1674491400000,1.08664,1.08688,1.08613,1.08617,2505.93
1674492300000,1.08617,1.08646,1.08597,1.08638,1976.2
1674493200000,1.08638,1.08648,1.08569,1.08602,2069.59
1674494100000,1.08603,1.08614,1.08573,1.08593,2819.54
1674495000000,1.08596,1.0864,1.08579,1.08607,1703.66
1674495900000,1.08606,1.08626,1.08583,1.08622,1977.53
1674496800000,1.08623,1.08677,1.08621,1.08663,1501.45
1674497700000,1.08661,1.0869,1.0863,1.08683,1689.78
1674498600000,1.08683,1.08699,1.08646,1.08696,1331.44
1674499500000,1.08697,1.08728,1.08657,1.0866,1474.93
1674500400000,1.0866,1.08671,1.08627,1.08644,1365.71
1674501300000,1.08644,1.08652,1.08612,1.08612,1170.95
1674502200000,1.08613,1.0864,1.08579,1.08589,1346.71
1674503100000,1.08589,1.08589,1.08474,1.08587,3611.73
1674504000000,1.08588,1.08646,1.0857,1.08592,2861.09
1674504900000,1.08591,1.08633,1.08573,1.08614,2592.53
1674505800000,1.08614,1.08623,1.08583,1.08623,2108.27
1674506700000,1.08626,1.08681,1.08621,1.08679,1206.53
1674507600000,1.08677,1.08688,1.0865,1.08686,584.17
1674508500000,1.08687,1.08714,1.08686,1.08714,277.83
1674509400000,1.08716,1.08716,1.08688,1.08689,562.34
1674510300000,1.08689,1.08717,1.08685,1.08713,543.72
1674511200000,1.0871,1.08715,1.08709,1.0871,103.88
1674512100000,1.0871,1.08713,1.08699,1.087,78.54
1674513000000,1.08701,1.08703,1.08692,1.08694,111.03
1674513900000,1.08694,1.08705,1.0869,1.08697,1198.45
1674514800000,1.08698,1.08747,1.08684,1.08685,1339.18
1674515700000,1.08684,1.08719,1.08676,1.08719,649.99
1674516600000,1.08717,1.08759,1.08714,1.08738,295.9
1674517500000,1.08737,1.08745,1.08709,1.08711,221.06
1674518400000,1.08711,1.08724,1.08674,1.08701,534.08
1674519300000,1.08699,1.08743,1.08699,1.08718,593.24
1674520200000,1.08719,1.08746,1.08719,1.08723,532.53
1674521100000,1.08724,1.08746,1.08713,1.08735,627.15
1674522000000,1.08735,1.08753,1.08715,1.08752,390.75
1674522900000,1.08754,1.08773,1.0874,1.08744,581.31
1674523800000,1.08744,1.08811,1.08744,1.08805,936.54
1674524700000,1.08807,1.08824,1.08778,1.08807,950.96
1674525600000,1.08806,1.08828,1.08806,1.08813,691.27
1674526500000,1.08814,1.08815,1.08791,1.08797,649.41
1674527400000,1.08797,1.08802,1.08776,1.08799,916.33
1674528300000,1.088,1.08802,1.08774,1.08788,690.55
1674529200000,1.08786,1.08802,1.08761,1.08782,587.23
1674530100000,1.08784,1.08793,1.08768,1.08789,438.47
1674531000000,1.08792,1.08797,1.08756,1.08758,728.31
1674531900000,1.08758,1.08763,1.08729,1.08743,908.64
1674532800000,1.08742,1.08746,1.08692,1.08712,1066.93
1674533700000,1.08711,1.08735,1.08702,1.08735,1243.75
1674534600000,1.08735,1.08751,1.08727,1.08749,306.43
1674535500000,1.08748,1.08762,1.08732,1.08761,787.66
1674536400000,1.08763,1.08786,1.08753,1.08786,789.56
1674537300000,1.08785,1.08807,1.08775,1.08794,535.56
1674538200000,1.08796,1.08818,1.08777,1.08817,408.71
1674539100000,1.08816,1.08825,1.08771,1.08781,573.28
1674540000000,1.08779,1.08816,1.08773,1.08809,863.77
1674540900000,1.08807,1.08852,1.08794,1.08848,462.33
1674541800000,1.08847,1.08884,1.08795,1.08865,1278.8
1674542700000,1.08863,1.08916,1.08841,1.08876,1358
1674543600000,1.08875,1.08926,1.08831,1.08865,1352.95
1674544500000,1.08866,1.08922,1.0885,1.08912,1435.8
1674545400000,1.08912,1.08974,1.08901,1.08947,1476.08
1674546300000,1.08947,1.08978,1.08855,1.08885,2095.12
1674547200000,1.08886,1.08957,1.0884,1.0886,3166.29
1674548100000,1.08859,1.08943,1.08811,1.08882,2738.86
1674549000000,1.08881,1.08881,1.08663,1.08757,3445.81
1674549900000,1.08758,1.08765,1.08703,1.08748,1867.49
1674550800000,1.08746,1.08829,1.08706,1.08714,2765.28
1674551700000,1.08714,1.08742,1.08683,1.08691,1731.91
1674552600000,1.08691,1.0872,1.08615,1.08616,6552.72
1674553500000,1.08616,1.08651,1.08517,1.08607,7286.42
1674554400000,1.08608,1.08651,1.0854,1.0857,4764.94
1674555300000,1.08571,1.08631,1.08519,1.08595,5217.86
1674556200000,1.08596,1.08662,1.08579,1.08637,4176.72
1674557100000,1.08635,1.08664,1.08599,1.08636,3788.77
1674558000000,1.08635,1.08635,1.08535,1.08552,3996.99
1674558900000,1.08554,1.08687,1.08553,1.08671,2987.22
1674559800000,1.08672,1.08691,1.08639,1.08675,2718.48
1674560700000,1.08676,1.08757,1.08665,1.08665,3567.96
1674561600000,1.08665,1.08695,1.08633,1.08655,2259.03
1674562500000,1.08655,1.08741,1.08646,1.0874,2618.06
1674563400000,1.0874,1.08763,1.08644,1.08675,4853.7
1674564300000,1.08675,1.08681,1.08588,1.08594,5495.62
1674565200000,1.08595,1.08617,1.0854,1.08571,7080.8501
1674566100000,1.08569,1.08807,1.08565,1.08777,6242.6
1674567000000,1.08778,1.08787,1.0862,1.0863,6759.9
1674567900000,1.08631,1.08677,1.08575,1.08657,8038.3401
1674568800000,1.08656,1.08698,1.08644,1.08688,6229.7799
1674569700000,1.08688,1.08691,1.08553,1.08632,6760.86
1674570600000,1.08631,1.08691,1.08569,1.08655,9453.9301
1674571500000,1.08655,1.08665,1.08403,1.0842,17881.5698
1674572400000,1.08421,1.08564,1.08349,1.08533,14193.0199
1674573300000,1.08533,1.08618,1.08458,1.08614,13784.16
1674574200000,1.08614,1.08672,1.08509,1.08661,12960
1674575100000,1.0866,1.08803,1.08635,1.0875,13138.83
1674576000000,1.08751,1.08805,1.08723,1.08753,8832.56
1674576900000,1.08754,1.08827,1.08699,1.08819,6485.25
1674577800000,1.08819,1.08831,1.08735,1.08739,5916.5
1674578700000,1.08739,1.08764,1.08669,1.08714,5630.7
1674579600000,1.08715,1.08781,1.08699,1.08761,5980.9199
1674580500000,1.0876,1.08834,1.08758,1.08801,5117.5
1674581400000,1.088,1.08869,1.0879,1.08812,4732.21
1674582300000,1.08813,1.08848,1.0881,1.08831,3332.16
1674583200000,1.08832,1.08887,1.08801,1.08872,4672.82
1674584100000,1.08871,1.08876,1.08844,1.08866,3400.27
1674585000000,1.08866,1.08877,1.08805,1.08808,3471.86
1674585900000,1.08809,1.0881,1.08765,1.08789,2165.88
1674586800000,1.08789,1.08791,1.08738,1.08756,2475.83
1674587700000,1.08756,1.08807,1.08745,1.0876,1794.4
1674588600000,1.0876,1.08803,1.08756,1.0879,1833.31
1674589500000,1.0879,1.08843,1.0879,1.08835,2551.66
1674590400000,1.08836,1.08845,1.08792,1.08796,1880.61
1674591300000,1.08796,1.08837,1.08793,1.08831,1259.74
1674592200000,1.08831,1.08836,1.08793,1.08808,1945.3
1674593100000,1.08808,1.08827,1.08789,1.08814,3319.49
1674594000000,1.08813,1.08855,1.08805,1.08821,3240.68
1674594900000,1.08823,1.08853,1.08823,1.0884,475.03
1674595800000,1.08841,1.0886,1.08828,1.08853,736.51
1674596700000,1.08852,1.08886,1.08848,1.08848,932.45
1674597600000,1.08848,1.08868,1.08848,1.08867,47.37
1674598500000,1.08867,1.08873,1.08864,1.08864,55.99
1674599400000,1.08864,1.0888,1.08864,1.08866,547.82
1674600300000,1.08866,1.08871,1.08814,1.08854,3577.68
1674601200000,1.0885,1.0887,1.08846,1.0885,1310.7
1674602100000,1.08849,1.08868,1.08835,1.08862,2340.04
1674603000000,1.08862,1.08864,1.08826,1.08852,2618.86
1674603900000,1.08853,1.08903,1.0884,1.08897,2410.56
1674604800000,1.08899,1.08903,1.08837,1.08839,2174.99
1674605700000,1.0884,1.08843,1.08813,1.08823,987.95
1674606600000,1.08825,1.08897,1.08807,1.08813,4993.7801
1674607500000,1.08814,1.08884,1.08809,1.0887,4657.77
1674608400000,1.0887,1.08935,1.08851,1.08858,4340.14
1674609300000,1.08859,1.08913,1.08837,1.08908,2839.65
1674610200000,1.08911,1.08919,1.08876,1.08902,2745.7
1674611100000,1.08901,1.0894,1.08894,1.0893,2449.47
1674612000000,1.08929,1.08986,1.08928,1.08973,2505
1674612900000,1.08973,1.08996,1.08968,1.08994,2082.55
1674613800000,1.08994,1.09013,1.08969,1.08981,3037.68
1674614700000,1.08984,1.08987,1.08956,1.08963,1498.31
1674615600000,1.08963,1.0897,1.08923,1.0897,2554.83
1674616500000,1.08969,1.08985,1.08951,1.08975,2329.31
1674617400000,1.08977,1.08993,1.08956,1.08959,1834.21
1674618300000,1.0896,1.08976,1.08947,1.08971,1938.09
1674619200000,1.08971,1.09028,1.08971,1.08997,1754.07
1674620100000,1.08998,1.09,1.08968,1.08993,1511.52
1674621000000,1.08993,1.09009,1.08983,1.0899,1940.07
1674621900000,1.08991,1.08996,1.0897,1.08986,1841.02
1674622800000,1.08986,1.08987,1.08953,1.08965,1841.96
1674623700000,1.08965,1.08992,1.08964,1.08979,2368.21
1674624600000,1.08979,1.08985,1.08927,1.08932,1934.88
1674625500000,1.08933,1.08978,1.08918,1.08973,2629
1674626400000,1.08972,1.08984,1.08956,1.08976,2055.54
1674627300000,1.08976,1.09109,1.08976,1.09066,3829.14
1674628200000,1.09065,1.09079,1.09033,1.0905,3843.21
1674629100000,1.09051,1.09082,1.08988,1.09059,3770.95
1674630000000,1.0906,1.09076,1.09011,1.0907,5019.03
1674630900000,1.0907,1.0911,1.09009,1.0904,3579.63
1674631800000,1.09041,1.09052,1.08913,1.08939,3424.28
1674632700000,1.08939,1.08946,1.08784,1.08809,6328.83
1674633600000,1.08808,1.08911,1.08781,1.08863,6823.99
1674634500000,1.08863,1.08908,1.08821,1.08861,5939.46
1674635400000,1.08862,1.08903,1.08851,1.08868,4038.25
1674636300000,1.08867,1.08867,1.08677,1.08768,6674.88
1674637200000,1.08771,1.0879,1.08698,1.08752,6859.45
1674638100000,1.08749,1.08827,1.08741,1.08815,3765.77
1674639000000,1.08814,1.08918,1.0881,1.08867,5187.82
1674639900000,1.08868,1.08876,1.08791,1.0881,5888.03
1674640800000,1.08811,1.08811,1.08673,1.08684,5991.51
1674641700000,1.08685,1.0874,1.08629,1.08709,4537.8
1674642600000,1.0871,1.08721,1.08639,1.08666,4631.95
1674643500000,1.08666,1.08712,1.08641,1.08657,3860.49
1674644400000,1.08657,1.08695,1.08604,1.08656,5516.19
1674645300000,1.08656,1.08685,1.08571,1.08637,4719.14
1674646200000,1.08636,1.08646,1.08572,1.08621,4363.8
1674647100000,1.08621,1.0865,1.08581,1.08645,3545.69
1674648000000,1.08646,1.08689,1.08614,1.08681,4047.51
1674648900000,1.0868,1.08687,1.08585,1.08631,4815.8101
1674649800000,1.08632,1.08672,1.08592,1.08647,4573.01
1674650700000,1.08645,1.08767,1.08637,1.08746,4078.27
1674651600000,1.08736,1.08793,1.08722,1.08777,4785.47
1674652500000,1.08778,1.08848,1.08732,1.08734,5998.32
1674653400000,1.08733,1.08763,1.08707,1.08725,5671.18
1674654300000,1.08725,1.08769,1.08643,1.08719,5546.14
1674655200000,1.08721,1.08834,1.08685,1.08789,5894.17
1674656100000,1.08789,1.08863,1.08721,1.08836,6518.7599
1674657000000,1.08836,1.08923,1.08799,1.08906,9072.52
1674657900000,1.08906,1.09003,1.08885,1.08936,10167.8199
1674658800000,1.08936,1.09236,1.08918,1.09109,15216.6201
1674659700000,1.09108,1.09183,1.09042,1.09093,9981.1701
1674660600000,1.09093,1.09121,1.08907,1.08947,11445.7
1674661500000,1.08948,1.09042,1.08912,1.09021,11825.74
1674662400000,1.09018,1.09033,1.08755,1.08775,13152.1
1674663300000,1.08776,1.08935,1.08741,1.08881,7949.6199
1674664200000,1.08881,1.08909,1.08854,1.08905,6896.66
1674665100000,1.08905,1.09013,1.08879,1.09001,5196.32
1674666000000,1.09001,1.0901,1.08938,1.08991,4585.21
1674666900000,1.08991,1.0901,1.08948,1.08948,3687.28
1674667800000,1.08949,1.0902,1.08948,1.08993,3209.92
1674668700000,1.08993,1.09035,1.08989,1.08991,2986.87
1674669600000,1.08992,1.09126,1.08992,1.09105,4269.87
1674670500000,1.09105,1.0918,1.09073,1.09124,4532.73
1674671400000,1.09124,1.09153,1.09091,1.09114,4441.1301
1674672300000,1.09116,1.09155,1.09081,1.09089,3337.59
1674673200000,1.09089,1.09117,1.09066,1.09113,3994.81
1674674100000,1.09114,1.09136,1.09088,1.09092,3706.85
1674675000000,1.09092,1.09102,1.09076,1.09083,2062.69
1674675900000,1.09082,1.09149,1.09079,1.09144,2499.26
1674676800000,1.09145,1.09174,1.09119,1.09129,2698.43
1674677700000,1.09129,1.09132,1.09063,1.09093,2164.35
1674678600000,1.09094,1.09131,1.0909,1.09111,2202.47
1674679500000,1.09112,1.09145,1.0909,1.09142,2143.06
1674680400000,1.09142,1.09142,1.09113,1.09133,1694.18
1674681300000,1.09134,1.09172,1.09134,1.09159,538.22
1674682200000,1.09158,1.09177,1.0915,1.09156,1015.92
1674683100000,1.09156,1.09164,1.09147,1.09147,1730.69
1674684000000,1.09146,1.09159,1.09137,1.09152,72.09
1674684900000,1.09152,1.09153,1.0914,1.09144,140.74
1674685800000,1.09144,1.09167,1.09141,1.09161,292.7
1674686700000,1.0916,1.09177,1.09113,1.09125,1709.61
1674687600000,1.09125,1.09195,1.09125,1.09193,926.65
1674688500000,1.09194,1.09225,1.09194,1.09209,2613.42
1674689400000,1.09208,1.09228,1.09208,1.09214,1001.21
1674690300000,1.09214,1.09223,1.09204,1.09206,819.89
1674691200000,1.09206,1.09238,1.09195,1.09224,1496.94
1674692100000,1.09227,1.09246,1.09213,1.09214,2378.45
1674693000000,1.09213,1.09219,1.0918,1.09182,1804.88
1674693900000,1.09182,1.09203,1.09155,1.09155,2107.05
1674694800000,1.09156,1.09158,1.09115,1.09115,2129.5
1674695700000,1.09115,1.09134,1.09069,1.09079,2801.44
1674696600000,1.09077,1.09162,1.0907,1.09157,3264.83
1674697500000,1.09157,1.09209,1.09155,1.0919,1563.21
1674698400000,1.0919,1.09215,1.0917,1.09184,1347.63
1674699300000,1.09183,1.09189,1.09125,1.09129,1600.97
1674700200000,1.0913,1.09178,1.0913,1.09136,2132.98
1674701100000,1.09138,1.09152,1.09107,1.09152,2748.67
1674702000000,1.09151,1.09175,1.09121,1.09142,2474.55
1674702900000,1.09141,1.0916,1.09122,1.09152,1985.43
1674703800000,1.0915,1.09156,1.09129,1.0913,1244.32
1674704700000,1.09132,1.09147,1.09112,1.09131,1048.78
1674705600000,1.09129,1.09154,1.09128,1.09149,1089.44
1674706500000,1.09147,1.09182,1.09145,1.09155,1670.67
1674707400000,1.09153,1.09166,1.09133,1.09155,1388.69
1674708300000,1.09156,1.09161,1.09128,1.09143,1549.39
1674709200000,1.09142,1.09142,1.09089,1.09095,1695.32
1674710100000,1.09095,1.09124,1.09091,1.09124,1045.78
1674711000000,1.09125,1.09136,1.09109,1.09125,1407.06
1674711900000,1.09124,1.09186,1.09094,1.09185,2880.76
1674712800000,1.09184,1.09205,1.09173,1.09204,2252.36
1674713700000,1.09204,1.09206,1.0917,1.09186,1524.87
1674714600000,1.09187,1.09233,1.09187,1.09231,2072.81
1674715500000,1.09233,1.09293,1.09195,1.09201,3178.94
1674716400000,1.09201,1.09202,1.09064,1.09069,6177.9399
1674717300000,1.0907,1.09192,1.09067,1.0915,4599.8
1674718200000,1.09151,1.09222,1.09149,1.09195,3818.82
1674719100000,1.09194,1.09224,1.09149,1.09194,4740.11
1674720000000,1.09195,1.09206,1.09116,1.09195,5836.89
1674720900000,1.09195,1.09279,1.09173,1.09177,5962.8001
1674721800000,1.09177,1.09211,1.09154,1.09174,3764.77
1674722700000,1.09172,1.09183,1.09055,1.09089,3662.17
1674723600000,1.09089,1.09099,1.09033,1.09078,3512.45
1674724500000,1.09078,1.09097,1.0897,1.08973,3972.24
1674725400000,1.08975,1.09008,1.08924,1.08966,6364.41
1674726300000,1.08966,1.09009,1.08928,1.08955,4890.21
1674727200000,1.08955,1.0902,1.08936,1.08994,3741.21
1674728100000,1.08993,1.09011,1.08951,1.08985,3990.19
1674729000000,1.08985,1.09076,1.08979,1.09063,5145.12
1674729900000,1.09061,1.09072,1.09013,1.09065,3294.05
1674730800000,1.09066,1.09076,1.09027,1.09046,3146.81
1674731700000,1.09045,1.09047,1.08995,1.09003,2924.01
1674732600000,1.09004,1.09026,1.08994,1.09015,3067.16
1674733500000,1.09014,1.09044,1.0899,1.09027,2272.09
1674734400000,1.09028,1.09042,1.08952,1.08964,2332.18
1674735300000,1.08963,1.08963,1.08866,1.08935,3726.29
1674736200000,1.08934,1.08953,1.08877,1.08914,3543.18
1674737100000,1.08914,1.08995,1.08912,1.08926,4875.38
1674738000000,1.08925,1.08947,1.08909,1.08946,4076.84
1674738900000,1.08945,1.08982,1.08919,1.08968,5695.72
1674739800000,1.08967,1.09036,1.08729,1.0894,21116.0999
1674740700000,1.08942,1.09082,1.08896,1.09024,10617.8
1674741600000,1.09025,1.09121,1.08987,1.09025,10535.17
1674742500000,1.09024,1.09173,1.08931,1.08984,11787.5801
1674743400000,1.08984,1.09059,1.08924,1.08938,14023.7701
1674744300000,1.08936,1.08958,1.08814,1.0887,10581.91
1674745200000,1.08869,1.08926,1.08782,1.08908,11862.44
1674746100000,1.08909,1.08946,1.08844,1.08874,9276.19
1674747000000,1.08872,1.089,1.0868,1.08746,10454.22
1674747900000,1.08747,1.08763,1.08508,1.08551,15333.88
1674748800000,1.08551,1.08673,1.08528,1.08666,8471.44
1674749700000,1.08667,1.08718,1.08505,1.0863,8804.5201
1674750600000,1.0863,1.08659,1.08575,1.08655,6364.55
1674751500000,1.08656,1.08676,1.08614,1.08646,5541
1674752400000,1.08647,1.08698,1.08629,1.08674,6128.52
1674753300000,1.08675,1.08676,1.08578,1.08605,4115.31
1674754200000,1.08604,1.0862,1.08579,1.08612,3494.61
1674755100000,1.08612,1.08668,1.08592,1.08644,3397.75
1674756000000,1.08645,1.08718,1.08634,1.08698,4368.58
1674756900000,1.08698,1.08775,1.08669,1.08757,3975.76
1674757800000,1.08757,1.0888,1.08756,1.08855,2009.71
1674758700000,1.08857,1.08865,1.08824,1.0886,2205.48
1674759600000,1.0886,1.08866,1.08834,1.08858,1628.01
1674760500000,1.08859,1.08903,1.08836,1.08839,1613.63
1674761400000,1.08845,1.08875,1.0884,1.08855,1332.02
1674762300000,1.08856,1.08892,1.0882,1.0889,1486.67
1674763200000,1.0889,1.08921,1.08868,1.08904,1897.87
1674764100000,1.08904,1.08916,1.08876,1.08887,1991.52
1674765000000,1.08888,1.08914,1.08862,1.08899,1666.23
1674765900000,1.08901,1.08923,1.08874,1.08921,2356.26
1674766800000,1.08919,1.08933,1.089,1.08929,1114.11
1674767700000,1.08928,1.08932,1.08915,1.08929,638.81
1674768600000,1.0893,1.08939,1.08922,1.08931,475.49
1674769500000,1.08933,1.08948,1.08904,1.08916,704.33
1674770400000,1.08918,1.08918,1.08894,1.08899,64.05
1674771300000,1.08899,1.08901,1.08894,1.08894,251.4
1674772200000,1.08894,1.08894,1.08868,1.0888,837.6
1674773100000,1.0888,1.08901,1.0888,1.08895,446.62
1674774000000,1.08895,1.08946,1.08889,1.08944,1125.92
1674774900000,1.08943,1.08958,1.08923,1.08929,1383.36
1674775800000,1.0893,1.08963,1.0893,1.08945,1090.04
1674776700000,1.08946,1.08956,1.08928,1.0893,605.3
1674777600000,1.0893,1.08982,1.0893,1.08956,816.89
1674778500000,1.08956,1.08984,1.08956,1.08979,1078.24
1674779400000,1.08978,1.08997,1.08974,1.08986,1353.33
1674780300000,1.08989,1.09001,1.08935,1.08964,2913.95
1674781200000,1.08963,1.08992,1.08941,1.0897,1741.83
1674782100000,1.08971,1.08979,1.08858,1.08895,2011.88
1674783000000,1.08895,1.08937,1.08889,1.08892,1299.19
1674783900000,1.08893,1.08899,1.08863,1.08892,1971.72
1674784800000,1.08893,1.08899,1.08874,1.0888,1472.33
1674785700000,1.08881,1.08885,1.08808,1.08813,1534.19
1674786600000,1.08813,1.08854,1.08813,1.08822,1086.5
1674787500000,1.08822,1.0883,1.08784,1.08794,1151.24
1674788400000,1.08794,1.088,1.08785,1.08789,1094.03
1674789300000,1.08789,1.08793,1.0875,1.08754,1261.88
1674790200000,1.08752,1.08755,1.08704,1.0873,1591.48
1674791100000,1.08731,1.08747,1.08726,1.08735,1204.63
1674792000000,1.08735,1.08735,1.08702,1.08712,1529.3
1674792900000,1.0871,1.08725,1.08694,1.08694,966.77
1674793800000,1.08694,1.087,1.08671,1.08677,974.24
1674794700000,1.08678,1.08695,1.08658,1.08661,1085.9
1674795600000,1.08662,1.08685,1.08654,1.08669,1284.06
1674796500000,1.08671,1.08681,1.0866,1.08681,642.85
1674797400000,1.0868,1.08723,1.08676,1.08719,1587.37
1674798300000,1.08721,1.08737,1.08695,1.08735,1685.5
1674799200000,1.08733,1.08736,1.08693,1.08725,1601.86
1674800100000,1.08727,1.08734,1.08706,1.08734,1936.95
1674801000000,1.08735,1.08735,1.08665,1.08686,3045.66
1674801900000,1.08684,1.08707,1.08662,1.08697,2893.93
1674802800000,1.08696,1.08734,1.08681,1.08723,2310.23
1674803700000,1.08723,1.08771,1.0872,1.08747,2582.98
1674804600000,1.08748,1.08786,1.08732,1.08778,2219.85
1674805500000,1.08777,1.08793,1.08732,1.08734,3561.4
1674806400000,1.08738,1.08782,1.08729,1.08746,4505.45
1674807300000,1.08746,1.0875,1.08654,1.08737,4181.69
1674808200000,1.08737,1.08865,1.08737,1.08847,4300.61
1674809100000,1.08848,1.08916,1.08847,1.08902,4071.44
1674810000000,1.08901,1.0892,1.08855,1.08861,5280.34
1674810900000,1.08857,1.08901,1.08835,1.08887,4952.76
1674811800000,1.08888,1.08905,1.0879,1.0879,3338.83
1674812700000,1.08792,1.08866,1.08774,1.08835,2690.66
1674813600000,1.08834,1.08899,1.08825,1.08865,3131.26
1674814500000,1.08866,1.08897,1.08855,1.08871,1712.96
1674815400000,1.08874,1.08953,1.0884,1.08915,3383.33
1674816300000,1.08915,1.08921,1.08856,1.08891,2723.77
1674817200000,1.0889,1.08937,1.08886,1.08905,2611.29
1674818100000,1.08905,1.08934,1.08854,1.08861,3069.29
1674819000000,1.0886,1.08864,1.08805,1.08806,3356.25
1674819900000,1.08806,1.08814,1.08753,1.08789,2323.41
1674820800000,1.08789,1.08802,1.08752,1.08791,2323.27
1674821700000,1.08791,1.08807,1.08746,1.08762,2619.38
1674822600000,1.08761,1.0878,1.08723,1.08772,4479.74
1674823500000,1.08772,1.08774,1.08661,1.08667,3664.66
1674824400000,1.08666,1.08673,1.08592,1.08646,4958.8601
1674825300000,1.08646,1.08697,1.08632,1.08683,5605.22
1674826200000,1.08683,1.08777,1.08624,1.08702,12296.93
1674827100000,1.08702,1.08766,1.08619,1.0862,7674.43
1674828000000,1.0862,1.08684,1.0845,1.08511,8714.7
1674828900000,1.08509,1.08583,1.08471,1.08506,10788.8099
1674829800000,1.08507,1.08724,1.08455,1.08692,11181.78
1674830700000,1.08691,1.08765,1.08631,1.08651,9169.6699
1674831600000,1.08654,1.0879,1.08608,1.08731,10115.93
1674832500000,1.08729,1.08736,1.08646,1.08672,8599.9
1674833400000,1.08672,1.08692,1.08432,1.08518,8491.33
1674834300000,1.08517,1.0852,1.08377,1.08385,14943.46
1674835200000,1.08385,1.08551,1.08381,1.08527,9498.8999
1674836100000,1.08527,1.08588,1.08526,1.08566,6841.21
1674837000000,1.08567,1.08653,1.08567,1.08636,5809.33
1674837900000,1.08636,1.08672,1.0854,1.08562,5682.8199
1674838800000,1.08563,1.08594,1.08524,1.08587,6146.9301
1674839700000,1.08586,1.08634,1.08581,1.08618,5615.21
1674840600000,1.08617,1.08681,1.08613,1.0866,2136.72
1674841500000,1.08659,1.08717,1.08652,1.08664,2461.09
1674842400000,1.08664,1.08664,1.08573,1.08617,3179.55
1674843300000,1.08617,1.08621,1.08562,1.08575,3190.59
1674844200000,1.08575,1.0865,1.08568,1.08649,2726.91
1674845100000,1.08649,1.08675,1.08633,1.08656,1341.17
1674846000000,1.08655,1.08687,1.0864,1.08685,1819.27
1674846900000,1.08684,1.08721,1.08682,1.08705,1242.86
1674847800000,1.08707,1.08719,1.08667,1.08688,887.41
1674848700000,1.08688,1.08693,1.08662,1.08683,884.4
1674849600000,1.08684,1.08728,1.08683,1.08691,797.53
1674850500000,1.08692,1.087,1.08675,1.08697,646.81
1674851400000,1.08701,1.08701,1.08672,1.08683,598.71
1674852300000,1.08682,1.08694,1.08639,1.08652,849.95
1674853200000,1.08651,1.08679,1.08648,1.08673,491.71
1674854100000,1.08673,1.0869,1.08664,1.08683,327.14
1674855000000,1.08685,1.08686,1.08665,1.08676,313.06
1674855900000,1.08677,1.08697,1.08649,1.08649,2511.42
1674856800000,1.08649,1.08649,1.08649,1.08649,0
1674857700000,1.08649,1.08649,1.08649,1.08649,0
1674858600000,1.08649,1.08649,1.08649,1.08649,0
1674859500000,1.08649,1.08649,1.08649,1.08649,0
1674860400000,1.08649,1.08649,1.08649,1.08649,0
1674861300000,1.08649,1.08649,1.08649,1.08649,0
1674862200000,1.08649,1.08649,1.08649,1.08649,0
1674863100000,1.08649,1.08649,1.08649,1.08649,0
1674864000000,1.08649,1.08649,1.08649,1.08649,0
1674864900000,1.08649,1.08649,1.08649,1.08649,0
1674865800000,1.08649,1.08649,1.08649,1.08649,0
1674866700000,1.08649,1.08649,1.08649,1.08649,0
1674867600000,1.08649,1.08649,1.08649,1.08649,0
1674868500000,1.08649,1.08649,1.08649,1.08649,0
1674869400000,1.08649,1.08649,1.08649,1.08649,0
1674870300000,1.08649,1.08649,1.08649,1.08649,0
1674871200000,1.08649,1.08649,1.08649,1.08649,0
1674872100000,1.08649,1.08649,1.08649,1.08649,0
1674873000000,1.08649,1.08649,1.08649,1.08649,0
1674873900000,1.08649,1.08649,1.08649,1.08649,0
1674874800000,1.08649,1.08649,1.08649,1.08649,0
1674875700000,1.08649,1.08649,1.08649,1.08649,0
1674876600000,1.08649,1.08649,1.08649,1.08649,0
1674877500000,1.08649,1.08649,1.08649,1.08649,0
1674878400000,1.08649,1.08649,1.08649,1.08649,0
1674879300000,1.08649,1.08649,1.08649,1.08649,0
1674880200000,1.08649,1.08649,1.08649,1.08649,0
1674881100000,1.08649,1.08649,1.08649,1.08649,0
1674882000000,1.08649,1.08649,1.08649,1.08649,0
1674882900000,1.08649,1.08649,1.08649,1.08649,0
1674883800000,1.08649,1.08649,1.08649,1.08649,0
1674884700000,1.08649,1.08649,1.08649,1.08649,0
1674885600000,1.08649,1.08649,1.08649,1.08649,0
1674886500000,1.08649,1.08649,1.08649,1.08649,0
1674887400000,1.08649,1.08649,1.08649,1.08649,0
1674888300000,1.08649,1.08649,1.08649,1.08649,0
1674889200000,1.08649,1.08649,1.08649,1.08649,0
1674890100000,1.08649,1.08649,1.08649,1.08649,0
1674891000000,1.08649,1.08649,1.08649,1.08649,0
1674891900000,1.08649,1.08649,1.08649,1.08649,0
1674892800000,1.08649,1.08649,1.08649,1.08649,0
1674893700000,1.08649,1.08649,1.08649,1.08649,0
1674894600000,1.08649,1.08649,1.08649,1.08649,0
1674895500000,1.08649,1.08649,1.08649,1.08649,0
1674896400000,1.08649,1.08649,1.08649,1.08649,0
1674897300000,1.08649,1.08649,1.08649,1.08649,0
1674898200000,1.08649,1.08649,1.08649,1.08649,0
1674899100000,1.08649,1.08649,1.08649,1.08649,0
1674900000000,1.08649,1.08649,1.08649,1.08649,0
1674900900000,1.08649,1.08649,1.08649,1.08649,0
1674901800000,1.08649,1.08649,1.08649,1.08649,0
1674902700000,1.08649,1.08649,1.08649,1.08649,0
1674903600000,1.08649,1.08649,1.08649,1.08649,0
1674904500000,1.08649,1.08649,1.08649,1.08649,0
1674905400000,1.08649,1.08649,1.08649,1.08649,0
1674906300000,1.08649,1.08649,1.08649,1.08649,0
1674907200000,1.08649,1.08649,1.08649,1.08649,0
1674908100000,1.08649,1.08649,1.08649,1.08649,0
1674909000000,1.08649,1.08649,1.08649,1.08649,0
1674909900000,1.08649,1.08649,1.08649,1.08649,0
1674910800000,1.08649,1.08649,1.08649,1.08649,0
1674911700000,1.08649,1.08649,1.08649,1.08649,0
1674912600000,1.08649,1.08649,1.08649,1.08649,0
1674913500000,1.08649,1.08649,1.08649,1.08649,0
1674914400000,1.08649,1.08649,1.08649,1.08649,0
1674915300000,1.08649,1.08649,1.08649,1.08649,0
1674916200000,1.08649,1.08649,1.08649,1.08649,0
1674917100000,1.08649,1.08649,1.08649,1.08649,0
1674918000000,1.08649,1.08649,1.08649,1.08649,0
1674918900000,1.08649,1.08649,1.08649,1.08649,0
1674919800000,1.08649,1.08649,1.08649,1.08649,0
1674920700000,1.08649,1.08649,1.08649,1.08649,0
1674921600000,1.08649,1.08649,1.08649,1.08649,0
1674922500000,1.08649,1.08649,1.08649,1.08649,0
1674923400000,1.08649,1.08649,1.08649,1.08649,0
1674924300000,1.08649,1.08649,1.08649,1.08649,0
1674925200000,1.08649,1.08649,1.08649,1.08649,0
1674926100000,1.08649,1.08649,1.08649,1.08649,0
1674927000000,1.08649,1.08649,1.08649,1.08649,0
1674927900000,1.08649,1.08649,1.08649,1.08649,0
1674928800000,1.08649,1.08649,1.08649,1.08649,0
1674929700000,1.08649,1.08649,1.08649,1.08649,0
1674930600000,1.08649,1.08649,1.08649,1.08649,0
1674931500000,1.08649,1.08649,1.08649,1.08649,0
1674932400000,1.08649,1.08649,1.08649,1.08649,0
1674933300000,1.08649,1.08649,1.08649,1.08649,0
1674934200000,1.08649,1.08649,1.08649,1.08649,0
1674935100000,1.08649,1.08649,1.08649,1.08649,0
1674936000000,1.08649,1.08649,1.08649,1.08649,0
1674936900000,1.08649,1.08649,1.08649,1.08649,0
1674937800000,1.08649,1.08649,1.08649,1.08649,0
1674938700000,1.08649,1.08649,1.08649,1.08649,0
1674939600000,1.08649,1.08649,1.08649,1.08649,0
1674940500000,1.08649,1.08649,1.08649,1.08649,0
1674941400000,1.08649,1.08649,1.08649,1.08649,0
1674942300000,1.08649,1.08649,1.08649,1.08649,0
1674943200000,1.08649,1.08649,1.08649,1.08649,0
1674944100000,1.08649,1.08649,1.08649,1.08649,0
1674945000000,1.08649,1.08649,1.08649,1.08649,0
1674945900000,1.08649,1.08649,1.08649,1.08649,0
1674946800000,1.08649,1.08649,1.08649,1.08649,0
1674947700000,1.08649,1.08649,1.08649,1.08649,0
1674948600000,1.08649,1.08649,1.08649,1.08649,0
1674949500000,1.08649,1.08649,1.08649,1.08649,0
1674950400000,1.08649,1.08649,1.08649,1.08649,0
1674951300000,1.08649,1.08649,1.08649,1.08649,0
1674952200000,1.08649,1.08649,1.08649,1.08649,0
1674953100000,1.08649,1.08649,1.08649,1.08649,0
1674954000000,1.08649,1.08649,1.08649,1.08649,0
1674954900000,1.08649,1.08649,1.08649,1.08649,0
1674955800000,1.08649,1.08649,1.08649,1.08649,0
1674956700000,1.08649,1.08649,1.08649,1.08649,0
1674957600000,1.08649,1.08649,1.08649,1.08649,0
1674958500000,1.08649,1.08649,1.08649,1.08649,0
1674959400000,1.08649,1.08649,1.08649,1.08649,0
1674960300000,1.08649,1.08649,1.08649,1.08649,0
1674961200000,1.08649,1.08649,1.08649,1.08649,0
1674962100000,1.08649,1.08649,1.08649,1.08649,0
1674963000000,1.08649,1.08649,1.08649,1.08649,0
1674963900000,1.08649,1.08649,1.08649,1.08649,0
1674964800000,1.08649,1.08649,1.08649,1.08649,0
1674965700000,1.08649,1.08649,1.08649,1.08649,0
1674966600000,1.08649,1.08649,1.08649,1.08649,0
1674967500000,1.08649,1.08649,1.08649,1.08649,0
1674968400000,1.08649,1.08649,1.08649,1.08649,0
1674969300000,1.08649,1.08649,1.08649,1.08649,0
1674970200000,1.08649,1.08649,1.08649,1.08649,0
1674971100000,1.08649,1.08649,1.08649,1.08649,0
1674972000000,1.08649,1.08649,1.08649,1.08649,0
1674972900000,1.08649,1.08649,1.08649,1.08649,0
1674973800000,1.08649,1.08649,1.08649,1.08649,0
1674974700000,1.08649,1.08649,1.08649,1.08649,0
1674975600000,1.08649,1.08649,1.08649,1.08649,0
1674976500000,1.08649,1.08649,1.08649,1.08649,0
1674977400000,1.08649,1.08649,1.08649,1.08649,0
1674978300000,1.08649,1.08649,1.08649,1.08649,0
1674979200000,1.08649,1.08649,1.08649,1.08649,0
1674980100000,1.08649,1.08649,1.08649,1.08649,0
1674981000000,1.08649,1.08649,1.08649,1.08649,0
1674981900000,1.08649,1.08649,1.08649,1.08649,0
1674982800000,1.08649,1.08649,1.08649,1.08649,0
1674983700000,1.08649,1.08649,1.08649,1.08649,0
1674984600000,1.08649,1.08649,1.08649,1.08649,0
1674985500000,1.08649,1.08649,1.08649,1.08649,0
1674986400000,1.08649,1.08649,1.08649,1.08649,0
1674987300000,1.08649,1.08649,1.08649,1.08649,0
1674988200000,1.08649,1.08649,1.08649,1.08649,0
1674989100000,1.08649,1.08649,1.08649,1.08649,0
1674990000000,1.08649,1.08649,1.08649,1.08649,0
1674990900000,1.08649,1.08649,1.08649,1.08649,0
1674991800000,1.08649,1.08649,1.08649,1.08649,0
1674992700000,1.08649,1.08649,1.08649,1.08649,0
1674993600000,1.08649,1.08649,1.08649,1.08649,0
1674994500000,1.08649,1.08649,1.08649,1.08649,0
1674995400000,1.08649,1.08649,1.08649,1.08649,0
1674996300000,1.08649,1.08649,1.08649,1.08649,0
1674997200000,1.08649,1.08649,1.08649,1.08649,0
1674998100000,1.08649,1.08649,1.08649,1.08649,0
1674999000000,1.08649,1.08649,1.08649,1.08649,0
1674999900000,1.08649,1.08649,1.08649,1.08649,0
1675000800000,1.08649,1.08649,1.08649,1.08649,0
1675001700000,1.08649,1.08649,1.08649,1.08649,0
1675002600000,1.08649,1.08649,1.08649,1.08649,0
1675003500000,1.08649,1.08649,1.08649,1.08649,0
1675004400000,1.08649,1.08649,1.08649,1.08649,0
1675005300000,1.08649,1.08649,1.08649,1.08649,0
1675006200000,1.08649,1.08649,1.08649,1.08649,0
1675007100000,1.08649,1.08649,1.08649,1.08649,0
1675008000000,1.08649,1.08649,1.08649,1.08649,0
1675008900000,1.08649,1.08649,1.08649,1.08649,0
1675009800000,1.08649,1.08649,1.08649,1.08649,0
1675010700000,1.08649,1.08649,1.08649,1.08649,0
1675011600000,1.08649,1.08649,1.08649,1.08649,0
1675012500000,1.08649,1.08649,1.08649,1.08649,0
1675013400000,1.08649,1.08649,1.08649,1.08649,0
1675014300000,1.08649,1.08649,1.08649,1.08649,0
1675015200000,1.08649,1.08649,1.08649,1.08649,0
1675016100000,1.08649,1.08649,1.08649,1.08649,0
1675017000000,1.08649,1.08649,1.08649,1.08649,0
1675017900000,1.08649,1.08649,1.08649,1.08649,0
1675018800000,1.08649,1.08649,1.08649,1.08649,0
1675019700000,1.08649,1.08649,1.08649,1.08649,0
1675020600000,1.08649,1.08649,1.08649,1.08649,0
1675021500000,1.08649,1.08649,1.08649,1.08649,0
1675022400000,1.08649,1.08649,1.08649,1.08649,0
1675023300000,1.08649,1.08649,1.08649,1.08649,0
1675024200000,1.08649,1.08649,1.08649,1.08649,0
1675025100000,1.08649,1.08649,1.08649,1.08649,0
1675026000000,1.08649,1.08649,1.08649,1.08649,0
1675026900000,1.08649,1.08649,1.08649,1.08649,0
1675027800000,1.08649,1.08649,1.08649,1.08649,0
1675028700000,1.08649,1.08649,1.08649,1.08649,0
1675029600000,1.08643,1.08665,1.08595,1.08639,177.4
1675030500000,1.08637,1.08643,1.08611,1.08625,63.89
1675031400000,1.08629,1.0865,1.08629,1.08644,369.13
1675032300000,1.08643,1.08656,1.08642,1.0865,466.74
1675033200000,1.0865,1.08689,1.08648,1.08686,961.88
1675034100000,1.08688,1.08706,1.08673,1.08701,723.64
1675035000000,1.08699,1.08721,1.08688,1.08721,472.9
1675035900000,1.08721,1.08724,1.08704,1.08717,395.98
1675036800000,1.08718,1.08747,1.087,1.087,862.42
1675037700000,1.08701,1.08722,1.08691,1.08722,942.34
1675038600000,1.08721,1.08728,1.08693,1.08701,347.38
1675039500000,1.08701,1.08753,1.08701,1.08746,875.49
1675040400000,1.08746,1.0875,1.08645,1.0866,1050.09
1675041300000,1.0866,1.08696,1.08652,1.08681,535.9
1675042200000,1.08681,1.08681,1.0861,1.08677,1606.57
1675043100000,1.08677,1.08746,1.08677,1.08734,1024.68
1675044000000,1.08732,1.08733,1.08655,1.08669,1141.24
1675044900000,1.08668,1.087,1.08666,1.08692,515
1675045800000,1.08691,1.08699,1.08656,1.08696,788.03
1675046700000,1.08697,1.08708,1.08684,1.08689,649.3
1675047600000,1.0869,1.08692,1.08643,1.08663,1171.44
1675048500000,1.08661,1.08688,1.0866,1.08676,866.72
1675049400000,1.08675,1.08678,1.0866,1.08677,482.76
1675050300000,1.08678,1.08692,1.08664,1.08684,590.27
1675051200000,1.08684,1.08787,1.08682,1.08782,2571.15
1675052100000,1.08782,1.08792,1.08728,1.08743,1568.58
1675053000000,1.08744,1.08776,1.08735,1.08759,1481.11
1675053900000,1.08759,1.08775,1.08738,1.08761,694.29
1675054800000,1.0876,1.08766,1.08728,1.08757,968.34
1675055700000,1.08757,1.08758,1.08701,1.08709,746.56
1675056600000,1.08708,1.08718,1.08641,1.08655,785.18
1675057500000,1.08656,1.08693,1.08647,1.08688,913.1
1675058400000,1.08686,1.08692,1.08629,1.08636,902.57
1675059300000,1.08639,1.08685,1.08627,1.08677,694
1675060200000,1.08677,1.08691,1.08624,1.08624,700.03
1675061100000,1.08624,1.08624,1.0858,1.08617,1103
1675062000000,1.08617,1.08696,1.08603,1.08639,1125.22
1675062900000,1.0864,1.0864,1.08528,1.08565,1439.43
1675063800000,1.08564,1.08611,1.08551,1.08575,1205.3
1675064700000,1.08573,1.08606,1.0854,1.08594,975.25
1675065600000,1.08595,1.08842,1.08595,1.08834,4818.39
1675066500000,1.08836,1.08894,1.08782,1.08788,3169.22
1675067400000,1.08788,1.08879,1.08786,1.08875,2150.87
1675068300000,1.08876,1.08892,1.08804,1.08811,1857.25
1675069200000,1.08812,1.08877,1.08762,1.08874,2047.71
1675070100000,1.08877,1.08955,1.08847,1.08921,2097.1
1675071000000,1.08922,1.08976,1.08901,1.08961,2439.83
1675071900000,1.08962,1.09038,1.0896,1.09016,1654.85
1675072800000,1.09017,1.09133,1.09014,1.09065,2786.34
1675073700000,1.09065,1.09137,1.09044,1.09122,3159.44
1675074600000,1.09122,1.0913,1.09058,1.09065,2368.5
1675075500000,1.09066,1.09133,1.09061,1.09105,1871.84
1675076400000,1.09107,1.09112,1.09053,1.09072,1440.07
1675077300000,1.09072,1.09072,1.08975,1.09002,1833.2
1675078200000,1.09,1.09,1.08935,1.08965,1669.28
1675079100000,1.08965,1.08971,1.08904,1.08961,1663.62
1675080000000,1.08962,1.09003,1.08944,1.08954,1829.64
1675080900000,1.08954,1.08997,1.08947,1.08973,1480.49
1675081800000,1.08973,1.09007,1.08928,1.08984,1429.15
1675082700000,1.08982,1.09094,1.08978,1.09036,2110.66
1675083600000,1.09036,1.0911,1.09023,1.09023,3024.67
1675084500000,1.09024,1.09049,1.08945,1.08962,2396.84
1675085400000,1.08961,1.08962,1.089,1.08929,2450.64
1675086300000,1.08931,1.08955,1.08859,1.08859,2589.48
1675087200000,1.0886,1.08925,1.08811,1.08879,3167.33
1675088100000,1.08879,1.0891,1.08795,1.08845,2825.79
1675089000000,1.08845,1.08992,1.08839,1.08972,3451.16
1675089900000,1.08971,1.08995,1.08848,1.08911,4821.05
1675090800000,1.0891,1.08992,1.08904,1.08936,3862.23
1675091700000,1.08937,1.08952,1.0882,1.08864,3741.4001
1675092600000,1.08864,1.08875,1.08742,1.08817,7656.15
1675093500000,1.08816,1.08886,1.08674,1.08706,11123.7701
1675094400000,1.08707,1.08747,1.08674,1.08711,9418.83
1675095300000,1.08709,1.08726,1.08605,1.08657,5877.9
1675096200000,1.08657,1.08677,1.08646,1.08667,3905.37
1675097100000,1.08666,1.08696,1.08625,1.08657,3864.13
1675098000000,1.08656,1.08667,1.08618,1.08646,2390.5
1675098900000,1.08645,1.08649,1.08584,1.08615,3398.4
1675099800000,1.08615,1.0864,1.0858,1.08616,4020.68
1675100700000,1.08615,1.08623,1.08573,1.08576,3142.56
1675101600000,1.08575,1.08605,1.08509,1.08513,3365.23
1675102500000,1.08512,1.0858,1.08501,1.08556,3699.98
1675103400000,1.08556,1.08556,1.08517,1.08529,4749.26
1675104300000,1.08529,1.08549,1.08523,1.08543,2345.75
1675105200000,1.08545,1.08554,1.08418,1.08431,3417.53
1675106100000,1.0843,1.08435,1.08389,1.0842,4304.13
1675107000000,1.0842,1.08445,1.08407,1.0844,2399.12
1675107900000,1.08439,1.08465,1.08413,1.08461,2611.03
1675108800000,1.08459,1.08484,1.08439,1.08465,2471.69
1675109700000,1.08464,1.08495,1.08459,1.08483,2170.14
1675110600000,1.08484,1.08544,1.08479,1.08512,2771.32
1675111500000,1.08511,1.08516,1.08449,1.08457,2791.6775
1675112400000,1.08457,1.08482,1.08456,1.08474,1253.02
1675113300000,1.08477,1.08517,1.08476,1.08511,551.79
1675114200000,1.0851,1.0852,1.08507,1.0852,289.65
1675115100000,1.08522,1.08523,1.08488,1.08488,723.82
1675116000000,1.08488,1.0852,1.08478,1.08506,101.94
1675116900000,1.08506,1.08506,1.08496,1.08501,87.97
1675117800000,1.08501,1.08515,1.08496,1.08504,1564.15
1675118700000,1.08501,1.08518,1.08501,1.08506,723.55
1675119600000,1.08506,1.08508,1.08466,1.08481,1058.2
1675120500000,1.08482,1.08494,1.0847,1.08479,1414.07
1675121400000,1.0848,1.085,1.08472,1.08492,549.4
1675122300000,1.08491,1.08499,1.08489,1.08499,302.85
1675123200000,1.085,1.0853,1.08487,1.08527,2065.39
1675124100000,1.08527,1.08529,1.08506,1.08522,1248.53
1675125000000,1.08522,1.08571,1.08503,1.08547,2834.3299
1675125900000,1.08546,1.08552,1.08508,1.08537,2917.73
1675126800000,1.08538,1.0855,1.08519,1.08528,1851.88
1675127700000,1.08528,1.08552,1.0852,1.08528,2388.14
1675128600000,1.08528,1.08588,1.08509,1.08566,3091.1
1675129500000,1.08568,1.08599,1.0856,1.08574,2353.01
1675130400000,1.08574,1.08589,1.08567,1.08577,2121.96
1675131300000,1.08575,1.08581,1.08535,1.08538,1996.1
1675132200000,1.08539,1.0854,1.08499,1.08522,2103.9
1675133100000,1.08522,1.08531,1.08498,1.08517,2468.62
1675134000000,1.08518,1.08525,1.08489,1.0849,2073.36
1675134900000,1.08488,1.08508,1.08473,1.08475,2135.85
1675135800000,1.08475,1.08499,1.0844,1.08464,1581.63
1675136700000,1.08463,1.08482,1.0844,1.08444,1500.89
1675137600000,1.08445,1.08454,1.0843,1.08436,1188.32
1675138500000,1.08438,1.08438,1.08393,1.08403,1867.1
1675139400000,1.08403,1.08431,1.08394,1.08431,2239.93
1675140300000,1.08433,1.08462,1.0842,1.0846,1498.13
1675141200000,1.0846,1.08466,1.08422,1.08423,1455.07
1675142100000,1.08423,1.08444,1.08418,1.08441,1085.49
1675143000000,1.08441,1.08441,1.08409,1.08423,1761.06
1675143900000,1.08423,1.08448,1.08328,1.08344,2767.78
1675144800000,1.08346,1.08378,1.08315,1.08373,3280.88
1675145700000,1.08373,1.08401,1.08364,1.08391,1689.2
1675146600000,1.0839,1.0841,1.08374,1.08398,2122.47
1675147500000,1.08397,1.08421,1.08389,1.08391,1689.96
1675148400000,1.08392,1.08423,1.0834,1.08416,3503.69
1675149300000,1.08417,1.08465,1.08411,1.08436,2839.89
1675150200000,1.08435,1.08489,1.08429,1.08472,2740.12
1675151100000,1.08474,1.08496,1.08381,1.08438,6148.17
1675152000000,1.08439,1.08446,1.08122,1.08143,8486.4501
1675152900000,1.08143,1.08266,1.08118,1.08224,6282.9501
1675153800000,1.08223,1.08224,1.08045,1.08064,5953.54
1675154700000,1.08064,1.08112,1.08024,1.08032,5063.71
1675155600000,1.08034,1.08191,1.08019,1.08179,4139.32
1675156500000,1.08179,1.08207,1.08134,1.08206,2987.02
1675157400000,1.08206,1.08284,1.08205,1.0828,2605.54
1675158300000,1.0828,1.08341,1.08215,1.08296,3871.46
1675159200000,1.08295,1.08313,1.08237,1.08237,4367.61
1675160100000,1.0824,1.08254,1.08201,1.08249,3336.62
1675161000000,1.08249,1.08269,1.08206,1.08262,3392.85
1675161900000,1.08264,1.08276,1.08215,1.08226,3308.26
1675162800000,1.08226,1.08298,1.0822,1.08265,3373.28
1675163700000,1.08265,1.08307,1.08213,1.08227,1330.24
1675164600000,1.08227,1.08349,1.08218,1.08326,1335.86
1675165500000,1.08325,1.0838,1.0831,1.08357,1414.67
1675166400000,1.0836,1.08376,1.08326,1.08357,2354.72
1675167300000,1.08358,1.08377,1.08334,1.08375,2837.2
1675168200000,1.08375,1.08386,1.08288,1.08298,2325.95
1675169100000,1.08299,1.08332,1.08254,1.08259,3999.82
1675170000000,1.0826,1.08364,1.0826,1.08326,4490.37
1675170900000,1.08327,1.08398,1.08311,1.0834,5356.82
1675171800000,1.08339,1.08631,1.08336,1.08459,14404.7802
1675172700000,1.08459,1.08556,1.08459,1.08508,5664.76
1675173600000,1.08508,1.08588,1.08472,1.08565,6172.0799
1675174500000,1.08565,1.08642,1.08509,1.08585,6907.4199
1675175400000,1.08587,1.08603,1.08448,1.08474,10297.5999
1675176300000,1.08478,1.08532,1.0843,1.08476,9907.98
1675177200000,1.08475,1.08537,1.0839,1.08452,9847.3302
1675178100000,1.08455,1.08516,1.08334,1.08393,8937.48
1675179000000,1.08393,1.08606,1.08387,1.0852,10931.24
1675179900000,1.08525,1.08624,1.08487,1.086,11789.9001
1675180800000,1.08598,1.08675,1.08532,1.08631,4327.1199
1675181700000,1.08632,1.08656,1.08583,1.08637,3706.84
1675182600000,1.08636,1.08673,1.08578,1.08587,2436.68
1675183500000,1.08587,1.08596,1.08544,1.08568,2770.54
1675184400000,1.08568,1.08573,1.08504,1.08516,4426.99
1675185300000,1.08515,1.08606,1.08514,1.08572,2902.71
1675186200000,1.08572,1.0865,1.08535,1.08646,2624.89
1675187100000,1.08647,1.08661,1.08614,1.08651,997.5
1675188000000,1.0865,1.08687,1.08644,1.0868,1619.13
1675188900000,1.0868,1.0869,1.08672,1.08687,1378.94
1675189800000,1.08688,1.08739,1.08688,1.08723,1912.14
1675190700000,1.08722,1.08747,1.08701,1.08722,2013.02
1675191600000,1.08722,1.08735,1.08691,1.08691,2205.15
1675192500000,1.08692,1.08703,1.0868,1.08692,1863.01
1675193400000,1.08691,1.0874,1.08686,1.08713,1833.84
1675194300000,1.08713,1.08718,1.08627,1.08637,2901.54
1675195200000,1.08639,1.08656,1.08617,1.08642,1949.04
1675196100000,1.08642,1.08644,1.08597,1.08642,1926.57
1675197000000,1.08642,1.08661,1.0861,1.08656,1661.93
1675197900000,1.08657,1.08729,1.08651,1.08718,3681.37
1675198800000,1.08718,1.08724,1.0867,1.08674,1441.66
1675199700000,1.08674,1.08681,1.08651,1.08665,987.51
1675200600000,1.08666,1.08668,1.08649,1.08654,394.22
1675201500000,1.08653,1.08653,1.08602,1.08621,1276.29
1675202400000,1.0861,1.08646,1.0861,1.08643,47.25
1675203300000,1.08642,1.08643,1.08615,1.08616,144
1675204200000,1.08611,1.08629,1.08609,1.0861,733.59
1675205100000,1.0861,1.08622,1.08598,1.08613,574.55
1675206000000,1.0861,1.08642,1.08597,1.08633,1495.74
1675206900000,1.08632,1.08654,1.08628,1.08631,2030.94
1675207800000,1.08631,1.08632,1.08609,1.08616,577.46
1675208700000,1.08615,1.08627,1.08603,1.08606,363.06
1675209600000,1.08605,1.08619,1.08583,1.08604,2184.41
1675210500000,1.08604,1.08623,1.08583,1.08609,2373.76
1675211400000,1.08608,1.08637,1.08604,1.0863,1649.21
1675212300000,1.08629,1.08638,1.08606,1.08622,2071.47
1675213200000,1.08622,1.08634,1.08594,1.08607,2021.66
1675214100000,1.08608,1.08621,1.08591,1.08604,2892.73
1675215000000,1.08604,1.08629,1.08598,1.08607,1778.56
1675215900000,1.08607,1.08613,1.08569,1.08571,1684.24
1675216800000,1.0857,1.08571,1.08545,1.0855,1249.48
1675217700000,1.08553,1.08554,1.08525,1.08547,1648.58
1675218600000,1.08546,1.08558,1.0852,1.08537,1462.43
1675219500000,1.08535,1.08564,1.0852,1.08537,1924.53
1675220400000,1.08538,1.08566,1.08524,1.08565,1735.34
1675221300000,1.08564,1.08598,1.08555,1.08594,906.5
1675222200000,1.08594,1.08612,1.08581,1.08611,665.98
1675223100000,1.08611,1.08626,1.08606,1.08626,671.52
1675224000000,1.08625,1.08662,1.08624,1.0866,943.33
1675224900000,1.0866,1.08675,1.0865,1.08673,782.7
1675225800000,1.08674,1.08687,1.08659,1.08662,1563.61
1675226700000,1.08662,1.08672,1.08645,1.08656,1032.45
1675227600000,1.08655,1.08698,1.08653,1.08692,579.72
1675228500000,1.08692,1.08702,1.08663,1.08668,950.32
1675229400000,1.08667,1.08704,1.08663,1.08699,1361.72
1675230300000,1.08698,1.08748,1.08691,1.08715,1410.77
1675231200000,1.08713,1.08753,1.08706,1.08724,1499.14
1675232100000,1.08723,1.08738,1.08711,1.08728,959.72
1675233000000,1.0873,1.08767,1.08712,1.08712,1832.59
1675233900000,1.0871,1.08737,1.08655,1.08694,3302.49
1675234800000,1.08694,1.08753,1.08679,1.0872,3503.03
1675235700000,1.08721,1.08801,1.08721,1.08775,3196.08
1675236600000,1.08776,1.08781,1.08674,1.08693,4448.29
1675237500000,1.08695,1.08835,1.08665,1.08798,4997.37
1675238400000,1.08801,1.08837,1.08731,1.08737,5975.95
1675239300000,1.08741,1.08792,1.08695,1.08787,5450.8099
1675240200000,1.08788,1.0888,1.08785,1.08834,4979.61
1675241100000,1.08835,1.08884,1.08824,1.08872,4158.02
1675242000000,1.08872,1.08884,1.08794,1.0884,4347.55
1675242900000,1.08842,1.08843,1.08806,1.08825,3525.54
1675243800000,1.08825,1.08866,1.08783,1.08842,3975.74
1675244700000,1.08841,1.0888,1.08801,1.08832,3379.8
1675245600000,1.08832,1.08894,1.08792,1.08857,5711.6999
1675246500000,1.08856,1.0888,1.08808,1.08853,2993.92
1675247400000,1.08852,1.08894,1.0885,1.08878,3429.69
1675248300000,1.08877,1.08936,1.08849,1.08921,3044.35
1675249200000,1.0892,1.08935,1.08884,1.08906,3115.65
1675250100000,1.08906,1.08967,1.08905,1.08933,2273.08
1675251000000,1.08934,1.08966,1.08898,1.08943,2786.98
1675251900000,1.08945,1.08949,1.08907,1.08924,2061.48
1675252800000,1.08924,1.08943,1.08894,1.08924,2742.02
1675253700000,1.08926,1.08958,1.08922,1.08957,1647.85
1675254600000,1.08956,1.08977,1.08921,1.08957,2287.22
1675255500000,1.08956,1.08956,1.0888,1.08913,3638.59
1675256400000,1.08915,1.08956,1.08881,1.08933,4630.08
1675257300000,1.0893,1.09071,1.08928,1.09004,9983.94
1675258200000,1.09005,1.09056,1.08995,1.09031,6022.8899
1675259100000,1.0903,1.09098,1.0903,1.09039,6651.6901
1675260000000,1.09039,1.09108,1.09023,1.09089,4029.37
1675260900000,1.0909,1.0909,1.09025,1.09029,4613.51
1675261800000,1.0903,1.09065,1.09013,1.09017,6431.7
1675262700000,1.09015,1.09088,1.09011,1.0904,6095.77
1675263600000,1.0904,1.09074,1.08885,1.08989,15737.7998
1675264500000,1.08992,1.09044,1.08919,1.09044,9149.05
1675265400000,1.09044,1.09094,1.09002,1.0907,9080.38
1675266300000,1.09069,1.09247,1.09064,1.09196,11180.9998
1675267200000,1.09195,1.09216,1.0914,1.09193,8099.14
1675268100000,1.09194,1.0922,1.09158,1.09185,6503.3
1675269000000,1.09187,1.0924,1.09169,1.09214,3881.2101
1675269900000,1.09215,1.09215,1.09155,1.09163,4430.47
1675270800000,1.09164,1.09188,1.09134,1.09141,4409.03
1675271700000,1.09142,1.09157,1.09112,1.09127,3136.04
1675272600000,1.09128,1.09137,1.09077,1.09082,3100.27
1675273500000,1.09081,1.09084,1.09045,1.09076,2801.33
1675274400000,1.09078,1.09157,1.0906,1.09155,3264.43
1675275300000,1.09155,1.09197,1.09152,1.0917,3147.29
1675276200000,1.09171,1.09208,1.09144,1.09162,3459.85
1675277100000,1.09161,1.0917,1.09086,1.09162,4495.04
1675278000000,1.0916,1.09254,1.08913,1.09117,27616.3599
1675278900000,1.09117,1.09142,1.09035,1.09112,14274.94
1675279800000,1.09111,1.09739,1.08885,1.09732,32132.0001
1675280700000,1.09732,1.09857,1.09633,1.09777,29422.0796
1675281600000,1.09778,1.10009,1.09764,1.09794,22803.9702
1675282500000,1.09793,1.09936,1.09693,1.09926,15615.8002
1675283400000,1.09926,1.1,1.09917,1.09955,11462.91
1675284300000,1.09954,1.09984,1.09839,1.09879,9359.49
1675285200000,1.09879,1.0989,1.09836,1.0985,3019.94
1675286100000,1.09851,1.09867,1.09831,1.09836,1352.33
1675287000000,1.09836,1.09889,1.09834,1.09881,828.14
1675287900000,1.09883,1.09905,1.09869,1.09886,864.77
1675288800000,1.09883,1.0989,1.09857,1.09885,86.44
1675289700000,1.09885,1.09885,1.0988,1.0988,97.6
1675290600000,1.0988,1.09896,1.09863,1.09882,1286.91
1675291500000,1.09883,1.09892,1.09862,1.09874,966.49
1675292400000,1.09881,1.10284,1.09874,1.10231,4452.5001
1675293300000,1.10232,1.10327,1.10124,1.10171,4892.77
1675294200000,1.10171,1.10194,1.10075,1.10114,3560.27
1675295100000,1.10115,1.10129,1.10091,1.10124,1534
1675296000000,1.10123,1.10182,1.10102,1.10151,4177.33
1675296900000,1.10151,1.10218,1.10126,1.10192,2184.37
1675297800000,1.10191,1.10237,1.10152,1.1022,4100.23
1675298700000,1.10223,1.10266,1.10185,1.10185,4133.15
1675299600000,1.10186,1.1021,1.10131,1.10146,4638.31
1675300500000,1.10145,1.10149,1.10104,1.10116,3863.8
1675301400000,1.10117,1.10139,1.10084,1.10109,5881.97
1675302300000,1.10111,1.10136,1.1006,1.10131,4509.7999
1675303200000,1.10129,1.10183,1.10117,1.10167,3477.42
1675304100000,1.10168,1.10179,1.10129,1.10179,3734.99
1675305000000,1.1018,1.10211,1.10159,1.10179,4004.12
1675305900000,1.10179,1.1019,1.1015,1.10185,3763.36
1675306800000,1.10185,1.10196,1.10174,1.10186,2682.26
1675307700000,1.10186,1.10205,1.10158,1.10162,3011.79
1675308600000,1.10163,1.10166,1.10145,1.10163,2240.99
1675309500000,1.10164,1.10179,1.10145,1.10174,2381.08
1675310400000,1.10174,1.10191,1.10164,1.10171,2065.01
1675311300000,1.10171,1.10182,1.1016,1.10164,1488.83
1675312200000,1.10165,1.10253,1.10157,1.10246,2580.95
1675313100000,1.10245,1.10245,1.10194,1.10195,1849.64
1675314000000,1.10197,1.10216,1.10189,1.10211,2965.63
1675314900000,1.10212,1.10246,1.10193,1.10238,2932.57
1675315800000,1.1024,1.10241,1.10191,1.10206,3823.17
1675316700000,1.10206,1.10238,1.10188,1.10199,3700.96
1675317600000,1.10199,1.10216,1.10174,1.10186,3714.64
1675318500000,1.10186,1.10205,1.10138,1.10138,3192.55
1675319400000,1.10138,1.10144,1.10044,1.10055,3432.26
1675320300000,1.10055,1.10084,1.10045,1.10049,2438.55
1675321200000,1.10048,1.10147,1.10037,1.10088,5505.65
1675322100000,1.10088,1.101,1.09991,1.10035,3398.58
1675323000000,1.10042,1.10091,1.09956,1.09979,4238.62
1675323900000,1.09979,1.09988,1.09913,1.09933,4232.42
1675324800000,1.09933,1.10055,1.09933,1.1005,6249.85
1675325700000,1.10051,1.10103,1.10029,1.1005,4655.13
1675326600000,1.10051,1.10086,1.09978,1.10005,5416.11
1675327500000,1.10004,1.10056,1.09916,1.10049,7926.1999
1675328400000,1.1005,1.10061,1.09925,1.09937,5394.79
1675329300000,1.09937,1.09979,1.09907,1.09935,4603.27
1675330200000,1.09935,1.10043,1.09887,1.10032,5433.9899
1675331100000,1.10031,1.10055,1.0997,1.09985,5222.9
1675332000000,1.09984,1.10001,1.09917,1.09935,4796.11
1675332900000,1.09935,1.09947,1.09811,1.09841,5873.23
1675333800000,1.09841,1.09898,1.09814,1.09893,4088.58
1675334700000,1.09893,1.09898,1.09803,1.09827,4007.2
1675335600000,1.09828,1.09915,1.09819,1.09906,4129.44
1675336500000,1.09906,1.09956,1.09903,1.09955,3671.31
1675337400000,1.09956,1.10002,1.09942,1.09966,3175.2
1675338300000,1.09968,1.10019,1.0993,1.0999,5292.35
1675339200000,1.0999,1.10043,1.0992,1.09945,13463.09
1675340100000,1.09945,1.09991,1.0987,1.09986,10330.4701
1675341000000,1.09986,1.10022,1.09864,1.09888,12520.09
1675341900000,1.09889,1.09905,1.09824,1.09839,10490.0699
1675342800000,1.0984,1.09927,1.09821,1.09875,8174.2899
1675343700000,1.09874,1.10038,1.09627,1.09722,20448.6802
1675344600000,1.09723,1.09882,1.0968,1.0983,9843.31
1675345500000,1.0983,1.09868,1.09438,1.09454,18429.27
1675346400000,1.09454,1.09581,1.09299,1.09447,13933.67
1675347300000,1.09447,1.09662,1.09431,1.09494,6990.4001
1675348200000,1.09498,1.09546,1.09099,1.09125,10149.78
1675349100000,1.09124,1.09257,1.09047,1.09052,8275.44
1675350000000,1.09052,1.09142,1.08851,1.08912,15735.65
1675350900000,1.08911,1.09152,1.08904,1.09042,5953.77
1675351800000,1.09043,1.09256,1.09023,1.09235,5205.11
1675352700000,1.09236,1.09395,1.09208,1.09366,5426.8001
1675353600000,1.09366,1.09488,1.09309,1.09398,4921.2501
1675354500000,1.09399,1.09433,1.0925,1.09278,3813.9
1675355400000,1.09275,1.09281,1.09119,1.09121,4122.53
1675356300000,1.0912,1.09181,1.0907,1.09169,6368.39
1675357200000,1.09168,1.09236,1.09141,1.09235,6452.0401
1675358100000,1.09234,1.09243,1.09132,1.09224,6179.07
1675359000000,1.09225,1.09267,1.09151,1.09163,5984.9299
1675359900000,1.09165,1.09168,1.09054,1.09083,5601.6
1675360800000,1.09084,1.09143,1.09077,1.09132,2883.4
1675361700000,1.09132,1.09227,1.09108,1.09208,3648.07
1675362600000,1.0921,1.09221,1.09176,1.09203,3581.97
1675363500000,1.09203,1.09204,1.0913,1.09192,2967.94
1675364400000,1.09191,1.09222,1.09147,1.09165,4126.51
1675365300000,1.09166,1.09173,1.09129,1.09148,5775.96
1675366200000,1.09147,1.09158,1.09095,1.09131,6035.92
1675367100000,1.09129,1.0913,1.0905,1.09077,5950.06
1675368000000,1.09077,1.09103,1.09054,1.09086,5647.77
1675368900000,1.09085,1.09104,1.09055,1.09082,4474.02
1675369800000,1.09081,1.09148,1.09081,1.09122,4439.41
1675370700000,1.09121,1.09144,1.09108,1.09137,5553.59
1675371600000,1.09136,1.09161,1.09104,1.09112,3406.19
1675372500000,1.0911,1.09145,1.09095,1.09126,1851.51
1675373400000,1.09125,1.09128,1.09081,1.09098,2519.43
1675374300000,1.09099,1.0911,1.09085,1.0909,1353.39
1675375200000,1.09086,1.09098,1.09081,1.0909,28.5
1675376100000,1.0909,1.0909,1.0909,1.0909,24
1675377000000,1.0909,1.09093,1.0908,1.0908,518.91
1675377900000,1.0908,1.09083,1.09067,1.09075,956.92
1675378800000,1.09073,1.09113,1.09072,1.09085,1419.78
1675379700000,1.09084,1.09095,1.09075,1.09085,1125.53
1675380600000,1.09088,1.09093,1.09048,1.09058,1188.2
1675381500000,1.09058,1.09066,1.09043,1.09043,1217.35
1675382400000,1.09044,1.0905,1.08921,1.08943,4325.21
1675383300000,1.08945,1.08995,1.08943,1.08984,2812.83
1675384200000,1.08984,1.08985,1.08962,1.08968,3190.59
1675385100000,1.08967,1.08974,1.08932,1.08972,3077.06
1675386000000,1.08971,1.08994,1.08954,1.08959,2327.85
1675386900000,1.08959,1.08971,1.08934,1.08934,4018.65
1675387800000,1.08934,1.08952,1.08909,1.08931,4199.24
1675388700000,1.08932,1.08944,1.08918,1.08936,2385.37
1675389600000,1.08936,1.08959,1.08899,1.089,2566.15
1675390500000,1.08901,1.08938,1.08898,1.08904,2860.57
1675391400000,1.08905,1.08931,1.08905,1.08914,2088.66
1675392300000,1.08915,1.08918,1.08878,1.08894,2820.74
1675393200000,1.08893,1.08957,1.08892,1.08948,2474.78
1675394100000,1.08948,1.08953,1.08902,1.08907,2346.14
1675395000000,1.08908,1.08946,1.08906,1.08939,1512
1675395900000,1.08939,1.08954,1.08933,1.08938,1308.54
1675396800000,1.08937,1.08946,1.0887,1.08903,2021.19
1675397700000,1.08904,1.08927,1.08893,1.08901,1339.91
1675398600000,1.08902,1.08926,1.08897,1.08923,1357.86
1675399500000,1.08923,1.08936,1.08901,1.08931,1642.43
1675400400000,1.08931,1.08934,1.08903,1.08928,1892.25
1675401300000,1.08929,1.08952,1.08919,1.08942,1742.47
1675402200000,1.08943,1.08982,1.08943,1.0895,1684.15
1675403100000,1.08949,1.08966,1.08897,1.08934,2347.42
1675404000000,1.08936,1.08966,1.08934,1.08935,2303.49
1675404900000,1.08934,1.0895,1.08914,1.08936,1949.54
1675405800000,1.08936,1.08987,1.08934,1.08982,2455.96
1675406700000,1.08983,1.08997,1.08961,1.0898,2618.67
1675407600000,1.0898,1.09029,1.08925,1.09016,3711.99
1675408500000,1.09016,1.09059,1.08925,1.08925,4504.57
1675409400000,1.08925,1.08962,1.08818,1.08939,7013.46
1675410300000,1.08938,1.09005,1.08919,1.08994,5177.87
1675411200000,1.08995,1.08995,1.08852,1.08875,7288.37
1675412100000,1.08877,1.08965,1.08845,1.08952,5456.55
1675413000000,1.08953,1.09018,1.08908,1.08964,5068.61
1675413900000,1.08963,1.09071,1.08958,1.09033,5550.3499
1675414800000,1.09035,1.09111,1.08934,1.09085,6274.1799
1675415700000,1.09084,1.09151,1.09072,1.09127,4850.05
1675416600000,1.09126,1.09192,1.09121,1.09186,4690.4001
1675417500000,1.09187,1.09308,1.09184,1.09297,5055.99
1675418400000,1.09296,1.09332,1.09249,1.09263,4095.72
1675419300000,1.09263,1.09302,1.09249,1.09293,3093.56
1675420200000,1.09293,1.09339,1.09286,1.0933,4226.45
1675421100000,1.09329,1.09367,1.09321,1.0935,3668.66
1675422000000,1.09351,1.09368,1.09276,1.09303,3897.84
1675422900000,1.09303,1.09322,1.09246,1.09301,3133.01
1675423800000,1.09301,1.09339,1.09272,1.09313,2174.13
1675424700000,1.09313,1.09327,1.09245,1.0929,2874.44
1675425600000,1.0929,1.09309,1.09275,1.09303,2661.98
1675426500000,1.09303,1.09339,1.09258,1.09334,2708.26
1675427400000,1.09336,1.09362,1.09318,1.09348,2948.19
1675428300000,1.0935,1.09368,1.09324,1.09325,3989.72
1675429200000,1.09325,1.09399,1.09311,1.09371,4277.73
1675430100000,1.09372,1.09378,1.09209,1.09236,7697.1201
1675431000000,1.09237,1.09271,1.08418,1.08433,35902.2798
1675431900000,1.08433,1.08442,1.08263,1.08396,21281.0699
1675432800000,1.08396,1.08466,1.08325,1.08405,18309.57
1675433700000,1.08405,1.08525,1.08384,1.08485,13562.1801
1675434600000,1.08484,1.08634,1.08472,1.08571,16846.1201
1675435500000,1.08571,1.0871,1.08549,1.08635,13644.9199
1675436400000,1.08636,1.08636,1.08092,1.08357,24798.9202
1675437300000,1.08356,1.08637,1.08326,1.0852,18535.0301
1675438200000,1.08521,1.08716,1.08484,1.08658,18504.29
1675439100000,1.0866,1.0876,1.0845,1.08582,16361.9999
1675440000000,1.08582,1.08613,1.08499,1.08564,10024.1899
1675440900000,1.08564,1.08585,1.0841,1.08423,9344.9801
1675441800000,1.08426,1.08449,1.08298,1.08326,10247.85
1675442700000,1.08325,1.08393,1.08232,1.0825,8228.81
1675443600000,1.08248,1.08362,1.08238,1.0833,6584.6001
1675444500000,1.08332,1.08338,1.08263,1.08279,5949.02
1675445400000,1.08279,1.08357,1.08266,1.08355,5200.24
1675446300000,1.08355,1.08366,1.08221,1.08244,5757.82
1675447200000,1.08243,1.08247,1.08086,1.08115,7531.46
1675448100000,1.08113,1.08171,1.08097,1.08136,5896.83
1675449000000,1.08135,1.08136,1.08085,1.0809,7136.97
1675449900000,1.0809,1.08132,1.08056,1.08117,5436.1301
1675450800000,1.08117,1.08143,1.08086,1.081,4841.47
1675451700000,1.08099,1.08101,1.08059,1.08075,4166.01
1675452600000,1.08073,1.081,1.08052,1.08064,5924.6199
1675453500000,1.08063,1.08074,1.08017,1.08044,6509.66
1675454400000,1.08046,1.08048,1.08002,1.08006,3610.13
1675455300000,1.08006,1.08022,1.07972,1.07984,2824.92
1675456200000,1.07985,1.0801,1.07951,1.07955,3337.06
1675457100000,1.07956,1.07965,1.07929,1.07931,3234.88
1675458000000,1.07935,1.07994,1.0793,1.07991,1251.43
1675458900000,1.07991,1.08006,1.07966,1.07984,1103.49
1675459800000,1.07983,1.07985,1.0794,1.07941,1321.99
1675460700000,1.07943,1.07952,1.07924,1.07929,2162.21
1675461600000,1.07929,1.07929,1.07929,1.07929,0
1675462500000,1.07929,1.07929,1.07929,1.07929,0
1675463400000,1.07929,1.07929,1.07929,1.07929,0
1675464300000,1.07929,1.07929,1.07929,1.07929,0
1675465200000,1.07929,1.07929,1.07929,1.07929,0
1675466100000,1.07929,1.07929,1.07929,1.07929,0
1675467000000,1.07929,1.07929,1.07929,1.07929,0
1675467900000,1.07929,1.07929,1.07929,1.07929,0
1675468800000,1.07929,1.07929,1.07929,1.07929,0
1675469700000,1.07929,1.07929,1.07929,1.07929,0
1675470600000,1.07929,1.07929,1.07929,1.07929,0
1675471500000,1.07929,1.07929,1.07929,1.07929,0
1675472400000,1.07929,1.07929,1.07929,1.07929,0
1675473300000,1.07929,1.07929,1.07929,1.07929,0
1675474200000,1.07929,1.07929,1.07929,1.07929,0
1675475100000,1.07929,1.07929,1.07929,1.07929,0
1675476000000,1.07929,1.07929,1.07929,1.07929,0
1675476900000,1.07929,1.07929,1.07929,1.07929,0
1675477800000,1.07929,1.07929,1.07929,1.07929,0
1675478700000,1.07929,1.07929,1.07929,1.07929,0
1675479600000,1.07929,1.07929,1.07929,1.07929,0
1675480500000,1.07929,1.07929,1.07929,1.07929,0
1675481400000,1.07929,1.07929,1.07929,1.07929,0
1675482300000,1.07929,1.07929,1.07929,1.07929,0
1675483200000,1.07929,1.07929,1.07929,1.07929,0
1675484100000,1.07929,1.07929,1.07929,1.07929,0
1675485000000,1.07929,1.07929,1.07929,1.07929,0
1675485900000,1.07929,1.07929,1.07929,1.07929,0
1675486800000,1.07929,1.07929,1.07929,1.07929,0
1675487700000,1.07929,1.07929,1.07929,1.07929,0
1675488600000,1.07929,1.07929,1.07929,1.07929,0
1675489500000,1.07929,1.07929,1.07929,1.07929,0
1675490400000,1.07929,1.07929,1.07929,1.07929,0
1675491300000,1.07929,1.07929,1.07929,1.07929,0
1675492200000,1.07929,1.07929,1.07929,1.07929,0
1675493100000,1.07929,1.07929,1.07929,1.07929,0
1675494000000,1.07929,1.07929,1.07929,1.07929,0
1675494900000,1.07929,1.07929,1.07929,1.07929,0
1675495800000,1.07929,1.07929,1.07929,1.07929,0
1675496700000,1.07929,1.07929,1.07929,1.07929,0
1675497600000,1.07929,1.07929,1.07929,1.07929,0
1675498500000,1.07929,1.07929,1.07929,1.07929,0
1675499400000,1.07929,1.07929,1.07929,1.07929,0
1675500300000,1.07929,1.07929,1.07929,1.07929,0
1675501200000,1.07929,1.07929,1.07929,1.07929,0
1675502100000,1.07929,1.07929,1.07929,1.07929,0
1675503000000,1.07929,1.07929,1.07929,1.07929,0
1675503900000,1.07929,1.07929,1.07929,1.07929,0
1675504800000,1.07929,1.07929,1.07929,1.07929,0
1675505700000,1.07929,1.07929,1.07929,1.07929,0
1675506600000,1.07929,1.07929,1.07929,1.07929,0
1675507500000,1.07929,1.07929,1.07929,1.07929,0
1675508400000,1.07929,1.07929,1.07929,1.07929,0
1675509300000,1.07929,1.07929,1.07929,1.07929,0
1675510200000,1.07929,1.07929,1.07929,1.07929,0
1675511100000,1.07929,1.07929,1.07929,1.07929,0
1675512000000,1.07929,1.07929,1.07929,1.07929,0
1675512900000,1.07929,1.07929,1.07929,1.07929,0
1675513800000,1.07929,1.07929,1.07929,1.07929,0
1675514700000,1.07929,1.07929,1.07929,1.07929,0
1675515600000,1.07929,1.07929,1.07929,1.07929,0
1675516500000,1.07929,1.07929,1.07929,1.07929,0
1675517400000,1.07929,1.07929,1.07929,1.07929,0
1675518300000,1.07929,1.07929,1.07929,1.07929,0
1675519200000,1.07929,1.07929,1.07929,1.07929,0
1675520100000,1.07929,1.07929,1.07929,1.07929,0
1675521000000,1.07929,1.07929,1.07929,1.07929,0
1675521900000,1.07929,1.07929,1.07929,1.07929,0
1675522800000,1.07929,1.07929,1.07929,1.07929,0
1675523700000,1.07929,1.07929,1.07929,1.07929,0
1675524600000,1.07929,1.07929,1.07929,1.07929,0
1675525500000,1.07929,1.07929,1.07929,1.07929,0
1675526400000,1.07929,1.07929,1.07929,1.07929,0
1675527300000,1.07929,1.07929,1.07929,1.07929,0
1675528200000,1.07929,1.07929,1.07929,1.07929,0
1675529100000,1.07929,1.07929,1.07929,1.07929,0
1675530000000,1.07929,1.07929,1.07929,1.07929,0
1675530900000,1.07929,1.07929,1.07929,1.07929,0
1675531800000,1.07929,1.07929,1.07929,1.07929,0
1675532700000,1.07929,1.07929,1.07929,1.07929,0
1675533600000,1.07929,1.07929,1.07929,1.07929,0
1675534500000,1.07929,1.07929,1.07929,1.07929,0
1675535400000,1.07929,1.07929,1.07929,1.07929,0
1675536300000,1.07929,1.07929,1.07929,1.07929,0
1675537200000,1.07929,1.07929,1.07929,1.07929,0
1675538100000,1.07929,1.07929,1.07929,1.07929,0
1675539000000,1.07929,1.07929,1.07929,1.07929,0
1675539900000,1.07929,1.07929,1.07929,1.07929,0
1675540800000,1.07929,1.07929,1.07929,1.07929,0
1675541700000,1.07929,1.07929,1.07929,1.07929,0
1675542600000,1.07929,1.07929,1.07929,1.07929,0
1675543500000,1.07929,1.07929,1.07929,1.07929,0
1675544400000,1.07929,1.07929,1.07929,1.07929,0
1675545300000,1.07929,1.07929,1.07929,1.07929,0
1675546200000,1.07929,1.07929,1.07929,1.07929,0
1675547100000,1.07929,1.07929,1.07929,1.07929,0
1675548000000,1.07929,1.07929,1.07929,1.07929,0
1675548900000,1.07929,1.07929,1.07929,1.07929,0
1675549800000,1.07929,1.07929,1.07929,1.07929,0
1675550700000,1.07929,1.07929,1.07929,1.07929,0
1675551600000,1.07929,1.07929,1.07929,1.07929,0
1675552500000,1.07929,1.07929,1.07929,1.07929,0
1675553400000,1.07929,1.07929,1.07929,1.07929,0
1675554300000,1.07929,1.07929,1.07929,1.07929,0
1675555200000,1.07929,1.07929,1.07929,1.07929,0
1675556100000,1.07929,1.07929,1.07929,1.07929,0
1675557000000,1.07929,1.07929,1.07929,1.07929,0
1675557900000,1.07929,1.07929,1.07929,1.07929,0
1675558800000,1.07929,1.07929,1.07929,1.07929,0
1675559700000,1.07929,1.07929,1.07929,1.07929,0
1675560600000,1.07929,1.07929,1.07929,1.07929,0
1675561500000,1.07929,1.07929,1.07929,1.07929,0
1675562400000,1.07929,1.07929,1.07929,1.07929,0
1675563300000,1.07929,1.07929,1.07929,1.07929,0
1675564200000,1.07929,1.07929,1.07929,1.07929,0
1675565100000,1.07929,1.07929,1.07929,1.07929,0
1675566000000,1.07929,1.07929,1.07929,1.07929,0
1675566900000,1.07929,1.07929,1.07929,1.07929,0
1675567800000,1.07929,1.07929,1.07929,1.07929,0
1675568700000,1.07929,1.07929,1.07929,1.07929,0
1675569600000,1.07929,1.07929,1.07929,1.07929,0
1675570500000,1.07929,1.07929,1.07929,1.07929,0
1675571400000,1.07929,1.07929,1.07929,1.07929,0
1675572300000,1.07929,1.07929,1.07929,1.07929,0
1675573200000,1.07929,1.07929,1.07929,1.07929,0
1675574100000,1.07929,1.07929,1.07929,1.07929,0
1675575000000,1.07929,1.07929,1.07929,1.07929,0
1675575900000,1.07929,1.07929,1.07929,1.07929,0
1675576800000,1.07929,1.07929,1.07929,1.07929,0
1675577700000,1.07929,1.07929,1.07929,1.07929,0
1675578600000,1.07929,1.07929,1.07929,1.07929,0
1675579500000,1.07929,1.07929,1.07929,1.07929,0
1675580400000,1.07929,1.07929,1.07929,1.07929,0
1675581300000,1.07929,1.07929,1.07929,1.07929,0
1675582200000,1.07929,1.07929,1.07929,1.07929,0
1675583100000,1.07929,1.07929,1.07929,1.07929,0
1675584000000,1.07929,1.07929,1.07929,1.07929,0
1675584900000,1.07929,1.07929,1.07929,1.07929,0
1675585800000,1.07929,1.07929,1.07929,1.07929,0
1675586700000,1.07929,1.07929,1.07929,1.07929,0
1675587600000,1.07929,1.07929,1.07929,1.07929,0
1675588500000,1.07929,1.07929,1.07929,1.07929,0
1675589400000,1.07929,1.07929,1.07929,1.07929,0
1675590300000,1.07929,1.07929,1.07929,1.07929,0
1675591200000,1.07929,1.07929,1.07929,1.07929,0
1675592100000,1.07929,1.07929,1.07929,1.07929,0
1675593000000,1.07929,1.07929,1.07929,1.07929,0
1675593900000,1.07929,1.07929,1.07929,1.07929,0
1675594800000,1.07929,1.07929,1.07929,1.07929,0
1675595700000,1.07929,1.07929,1.07929,1.07929,0
1675596600000,1.07929,1.07929,1.07929,1.07929,0
1675597500000,1.07929,1.07929,1.07929,1.07929,0
1675598400000,1.07929,1.07929,1.07929,1.07929,0
1675599300000,1.07929,1.07929,1.07929,1.07929,0
1675600200000,1.07929,1.07929,1.07929,1.07929,0
1675601100000,1.07929,1.07929,1.07929,1.07929,0
1675602000000,1.07929,1.07929,1.07929,1.07929,0
1675602900000,1.07929,1.07929,1.07929,1.07929,0
1675603800000,1.07929,1.07929,1.07929,1.07929,0
1675604700000,1.07929,1.07929,1.07929,1.07929,0
1675605600000,1.07929,1.07929,1.07929,1.07929,0
1675606500000,1.07929,1.07929,1.07929,1.07929,0
1675607400000,1.07929,1.07929,1.07929,1.07929,0
1675608300000,1.07929,1.07929,1.07929,1.07929,0
1675609200000,1.07929,1.07929,1.07929,1.07929,0
1675610100000,1.07929,1.07929,1.07929,1.07929,0
1675611000000,1.07929,1.07929,1.07929,1.07929,0
1675611900000,1.07929,1.07929,1.07929,1.07929,0
1675612800000,1.07929,1.07929,1.07929,1.07929,0
1675613700000,1.07929,1.07929,1.07929,1.07929,0
1675614600000,1.07929,1.07929,1.07929,1.07929,0
1675615500000,1.07929,1.07929,1.07929,1.07929,0
1675616400000,1.07929,1.07929,1.07929,1.07929,0
1675617300000,1.07929,1.07929,1.07929,1.07929,0
1675618200000,1.07929,1.07929,1.07929,1.07929,0
1675619100000,1.07929,1.07929,1.07929,1.07929,0
1675620000000,1.07929,1.07929,1.07929,1.07929,0
1675620900000,1.07929,1.07929,1.07929,1.07929,0
1675621800000,1.07929,1.07929,1.07929,1.07929,0
1675622700000,1.07929,1.07929,1.07929,1.07929,0
1675623600000,1.07929,1.07929,1.07929,1.07929,0
1675624500000,1.07929,1.07929,1.07929,1.07929,0
1675625400000,1.07929,1.07929,1.07929,1.07929,0
1675626300000,1.07929,1.07929,1.07929,1.07929,0
1675627200000,1.07929,1.07929,1.07929,1.07929,0
1675628100000,1.07929,1.07929,1.07929,1.07929,0
1675629000000,1.07929,1.07929,1.07929,1.07929,0
1675629900000,1.07929,1.07929,1.07929,1.07929,0
1675630800000,1.07929,1.07929,1.07929,1.07929,0
1675631700000,1.07929,1.07929,1.07929,1.07929,0
1675632600000,1.07929,1.07929,1.07929,1.07929,0
1675633500000,1.07929,1.07929,1.07929,1.07929,0
1675634400000,1.0782,1.07911,1.07817,1.07853,237.13
1675635300000,1.07849,1.07901,1.07843,1.07881,395.79
1675636200000,1.07881,1.07903,1.07861,1.07893,554.78
1675637100000,1.07875,1.07928,1.07864,1.07884,659.055
1675638000000,1.07879,1.07912,1.07852,1.07904,4941.83
1675638900000,1.07906,1.07981,1.07903,1.07939,5314.15
1675639800000,1.07939,1.07953,1.07857,1.07892,2379.19
1675640700000,1.07892,1.07918,1.07852,1.07891,2566.35
1675641600000,1.0789,1.07948,1.07857,1.07867,3823.76
1675642500000,1.07866,1.07883,1.07854,1.0786,3009.63
1675643400000,1.0786,1.07879,1.07813,1.07829,1906.38
1675644300000,1.0783,1.07896,1.0783,1.07885,2831.06
1675645200000,1.07886,1.0792,1.07858,1.07912,2509.66
1675646100000,1.07912,1.0794,1.07884,1.07893,2246.28
1675647000000,1.07893,1.07899,1.0785,1.07885,3275.08
1675647900000,1.07886,1.07914,1.07841,1.07848,3081.32
1675648800000,1.07848,1.07908,1.0782,1.07897,2982.31
1675649700000,1.07898,1.07927,1.07883,1.07888,2647.43
1675650600000,1.07888,1.0798,1.07881,1.07886,4841.39
1675651500000,1.07886,1.07931,1.07863,1.07906,2396.61
1675652400000,1.07905,1.07982,1.07896,1.07937,3325.33
1675653300000,1.07937,1.07958,1.07916,1.07942,1617.68
1675654200000,1.07941,1.07973,1.07933,1.07938,1426.38
1675655100000,1.07937,1.07938,1.0789,1.079,2088.14
1675656000000,1.079,1.07957,1.07886,1.07948,1863.33
1675656900000,1.07947,1.07985,1.07926,1.07965,3270.14
1675657800000,1.07964,1.07987,1.07948,1.07963,1827.03
1675658700000,1.07964,1.07973,1.07941,1.07962,2107.52
1675659600000,1.07961,1.07979,1.07944,1.07962,2048.68
1675660500000,1.07962,1.07974,1.07922,1.07929,2333.7
1675661400000,1.07929,1.07943,1.079,1.07938,2637.75
1675662300000,1.07938,1.07979,1.07937,1.07965,1888.67
1675663200000,1.07965,1.07977,1.07926,1.07932,2496.86
1675664100000,1.07932,1.07949,1.07899,1.07911,2488.75
1675665000000,1.07912,1.07914,1.07864,1.07894,2857.52
1675665900000,1.07895,1.07912,1.07862,1.07871,2934.25
1675666800000,1.07871,1.07921,1.07826,1.07895,4361.85
1675667700000,1.07894,1.07962,1.07877,1.07902,2993.02
1675668600000,1.07904,1.07928,1.07862,1.07872,3628.1
1675669500000,1.07871,1.07884,1.07799,1.07799,3532.49
1675670400000,1.07798,1.07885,1.07749,1.07875,6109.54
1675671300000,1.07875,1.0788,1.07747,1.07754,5899.78
1675672200000,1.07752,1.07911,1.07747,1.07894,6481.53
1675673100000,1.07895,1.0795,1.0784,1.07852,6120.73
1675674000000,1.07852,1.07881,1.07729,1.07739,4702.33
1675674900000,1.07739,1.07772,1.07687,1.07721,4968.01
1675675800000,1.07721,1.07848,1.07712,1.07744,4455.3999
1675676700000,1.07743,1.07746,1.07649,1.07664,4267.55
1675677600000,1.07666,1.07721,1.07631,1.07709,4862.29
1675678500000,1.07708,1.07774,1.07691,1.07696,5160.2501
1675679400000,1.07696,1.07717,1.07602,1.07616,4555.69
1675680300000,1.07617,1.07668,1.07599,1.07657,3110.43
1675681200000,1.07656,1.07667,1.07622,1.0764,2540.25
1675682100000,1.07639,1.07647,1.07599,1.0761,3231.44
1675683000000,1.07611,1.07627,1.07565,1.07621,3463.87
1675683900000,1.0762,1.07672,1.07604,1.07662,3497.14
1675684800000,1.0766,1.0772,1.07656,1.07713,3394.82
1675685700000,1.07713,1.07727,1.07684,1.07719,3367.23
1675686600000,1.07719,1.07828,1.07711,1.07806,3973.34
1675687500000,1.07806,1.0783,1.07729,1.0773,5120.2101
1675688400000,1.0773,1.07776,1.07709,1.0775,6142.28
1675689300000,1.07751,1.07752,1.07673,1.07708,5414.3001
1675690200000,1.07706,1.07745,1.07617,1.0766,7436.8299
1675691100000,1.0766,1.07661,1.07572,1.07579,6004.17
1675692000000,1.07579,1.07619,1.07513,1.07519,6427.9299
1675692900000,1.0752,1.07588,1.07492,1.07532,6349.22
1675693800000,1.0753,1.0766,1.07519,1.07523,11062.13
1675694700000,1.07521,1.07571,1.07389,1.07443,9175.3901
1675695600000,1.07445,1.07475,1.07394,1.07415,8565.0001
1675696500000,1.07414,1.0742,1.07261,1.0731,8693.95
1675697400000,1.07309,1.07337,1.07272,1.07283,7969.95
1675698300000,1.07282,1.07346,1.0722,1.07302,9976.36
1675699200000,1.07301,1.07392,1.07286,1.07315,7964.67
1675700100000,1.07314,1.07386,1.07289,1.07345,6222.7701
1675701000000,1.07344,1.07353,1.07221,1.07224,5635.89
1675701900000,1.07227,1.07266,1.07173,1.0721,4249.75
1675702800000,1.07209,1.07217,1.07153,1.07163,5330.42
1675703700000,1.07164,1.07217,1.07162,1.07177,4629.84
1675704600000,1.07176,1.07196,1.07135,1.07145,4477.06
1675705500000,1.07145,1.07163,1.07092,1.07129,3278.44
1675706400000,1.0713,1.07178,1.071,1.0715,3709.21
1675707300000,1.07149,1.07172,1.07129,1.07167,3464.26
1675708200000,1.07167,1.07228,1.07167,1.07197,3045.85
1675709100000,1.07197,1.07265,1.07192,1.07262,2779.21
1675710000000,1.07261,1.07362,1.0724,1.07352,3620.48
1675710900000,1.07352,1.07371,1.07318,1.0735,3155.39
1675711800000,1.07351,1.07351,1.07266,1.07289,2813.05
1675712700000,1.07288,1.07292,1.07233,1.07247,4732.8
1675713600000,1.07244,1.07278,1.07231,1.07251,3233.09
1675714500000,1.0725,1.07308,1.07244,1.07274,3036.69
1675715400000,1.07275,1.07278,1.07185,1.07277,5350.79
1675716300000,1.07277,1.07304,1.07264,1.07296,2539.2
1675717200000,1.07295,1.07301,1.07231,1.07246,1528.34
1675718100000,1.07246,1.07275,1.07244,1.07263,764.04
1675719000000,1.07263,1.07263,1.07244,1.07251,481.88
1675719900000,1.07251,1.07261,1.07236,1.0725,822.44
1675720800000,1.07251,1.0728,1.07242,1.07245,150.5
1675721700000,1.07245,1.07274,1.07245,1.07268,741.49
1675722600000,1.07267,1.07273,1.07247,1.07247,1308.36
1675723500000,1.07248,1.07267,1.07236,1.07253,5038.86
1675724400000,1.07253,1.07284,1.07244,1.07272,1187.78
1675725300000,1.07272,1.07273,1.0725,1.07253,1171.63
1675726200000,1.07252,1.07269,1.07248,1.07259,809.65
1675727100000,1.07258,1.07289,1.07247,1.07289,672.22
1675728000000,1.07288,1.07331,1.07279,1.07331,2372.06
1675728900000,1.0733,1.07339,1.07312,1.07314,1139.26
1675729800000,1.07314,1.07339,1.073,1.07332,1574.49
1675730700000,1.07333,1.07361,1.07325,1.0736,1773.87
1675731600000,1.0736,1.07386,1.07348,1.07352,2721.84
1675732500000,1.07353,1.0737,1.07335,1.0737,2167.7
1675733400000,1.07369,1.07391,1.07336,1.0735,1652.71
1675734300000,1.07352,1.07425,1.07337,1.07409,2282.42
1675735200000,1.0741,1.07411,1.07369,1.07388,2266.07
1675736100000,1.07388,1.07406,1.07359,1.07401,2343.2
1675737000000,1.07401,1.07413,1.07366,1.07384,2067.82
1675737900000,1.07384,1.07414,1.07376,1.07408,1928.23
1675738800000,1.07408,1.07413,1.07388,1.07392,1537.43
1675739700000,1.07392,1.07415,1.07383,1.07401,1819.97
1675740600000,1.07401,1.07422,1.07358,1.07394,4330.8499
1675741500000,1.07393,1.07425,1.07361,1.0738,2750.23
1675742400000,1.0738,1.0738,1.07333,1.07333,2336.09
1675743300000,1.07333,1.07354,1.07327,1.07343,1721.49
1675744200000,1.07342,1.07344,1.07284,1.07309,3079.44
1675745100000,1.07308,1.07329,1.07301,1.07326,1341.27
1675746000000,1.07327,1.07335,1.07304,1.07333,1923.22
1675746900000,1.07334,1.07374,1.07334,1.07371,2553.6
1675747800000,1.0737,1.07415,1.07369,1.07395,1792.77
1675748700000,1.07396,1.07406,1.07364,1.07402,1789.67
1675749600000,1.074,1.0743,1.07349,1.07421,2926.86
1675750500000,1.07421,1.07436,1.07389,1.07392,2658.23
1675751400000,1.07394,1.07424,1.07371,1.07382,3760.23
1675752300000,1.07381,1.07424,1.07379,1.0739,3236.25
1675753200000,1.07388,1.07396,1.07295,1.07308,5853.9499
1675754100000,1.07309,1.07364,1.07283,1.07355,3393.08
1675755000000,1.07354,1.07384,1.07272,1.07298,5635.97
1675755900000,1.07296,1.07322,1.07229,1.07239,4739.32
1675756800000,1.07242,1.07258,1.06968,1.07044,10907.65
1675757700000,1.07043,1.07164,1.07025,1.07107,8675.67
1675758600000,1.07106,1.0724,1.07103,1.07172,8368.75
1675759500000,1.07172,1.0724,1.07105,1.07188,7991.21
1675760400000,1.07187,1.07279,1.07127,1.0727,7694.8199
1675761300000,1.07273,1.07347,1.0721,1.07237,6963.7801
1675762200000,1.07236,1.07255,1.07173,1.07198,5144.83
1675763100000,1.07198,1.07231,1.07105,1.07107,5546.98
1675764000000,1.07108,1.0718,1.07096,1.07111,5368.32
1675764900000,1.07111,1.07188,1.07065,1.07178,4689.55
1675765800000,1.07178,1.07225,1.07143,1.0721,4387.25
1675766700000,1.0721,1.07211,1.07119,1.07134,3031.83
1675767600000,1.07132,1.07178,1.07083,1.07106,4816.39
1675768500000,1.07111,1.07116,1.07009,1.07072,4511.25
1675769400000,1.07075,1.07079,1.0698,1.07054,4032.52
1675770300000,1.07055,1.07078,1.07031,1.07047,4044.14
1675771200000,1.07049,1.07118,1.07049,1.07073,3730.29
1675772100000,1.07077,1.07122,1.07042,1.07112,4591.1
1675773000000,1.07111,1.07112,1.07016,1.07036,4752.81
1675773900000,1.07036,1.0708,1.07016,1.07051,5540.78
1675774800000,1.07051,1.07063,1.06988,1.07,5323.64
1675775700000,1.07,1.07,1.06879,1.06885,7897.4201
1675776600000,1.06886,1.06957,1.06856,1.06942,7007.5099
1675777500000,1.06942,1.06989,1.06905,1.06951,4799.15
1675778400000,1.06951,1.06992,1.06921,1.06964,5018.21
1675779300000,1.06965,1.06971,1.06902,1.06918,6251.23
1675780200000,1.06917,1.0697,1.06851,1.06878,7786.64
1675781100000,1.06876,1.06876,1.06796,1.0682,7784.79
1675782000000,1.06821,1.06838,1.06701,1.06716,7501.21
1675782900000,1.06718,1.06793,1.06691,1.06704,7563.94
1675783800000,1.06702,1.06844,1.0669,1.06793,6596.16
1675784700000,1.06794,1.06964,1.06786,1.06926,11065.5001
1675785600000,1.06926,1.0699,1.06883,1.06975,6084.1299
1675786500000,1.06973,1.07012,1.06943,1.0695,5733.63
1675787400000,1.06952,1.0704,1.06914,1.06936,5867.74
1675788300000,1.06936,1.07119,1.06928,1.07046,6098.34
1675789200000,1.07045,1.0705,1.06955,1.07016,5743.97
1675790100000,1.07016,1.07034,1.06959,1.06971,4449.76
1675791000000,1.0697,1.07144,1.06897,1.07133,10042.1001
1675791900000,1.07135,1.07664,1.0713,1.07602,27647.9602
1675792800000,1.07602,1.07623,1.07245,1.07258,24779.1301
1675793700000,1.07259,1.0739,1.07094,1.0711,20044.25
1675794600000,1.0711,1.07121,1.06937,1.06987,19291.1002
1675795500000,1.06987,1.07019,1.06872,1.07019,12963.0701
1675796400000,1.07019,1.07183,1.07011,1.07147,13203.53
1675797300000,1.07147,1.07221,1.0714,1.07194,8759.98
1675798200000,1.07193,1.07283,1.07177,1.07243,12150.94
1675799100000,1.07243,1.0727,1.07183,1.07191,7843.21
1675800000000,1.07192,1.07217,1.07081,1.07114,5689.87
1675800900000,1.07115,1.07194,1.07114,1.07176,4364.62
1675801800000,1.07177,1.07231,1.07172,1.07223,2843.92
1675802700000,1.07223,1.07291,1.07214,1.07249,3164.45
1675803600000,1.07248,1.07262,1.07214,1.07254,1262.63
1675804500000,1.07254,1.0726,1.07228,1.07255,629.85
1675805400000,1.07255,1.07269,1.07251,1.07268,403.19
1675806300000,1.0727,1.07297,1.07248,1.07248,1046.53
1675807200000,1.07247,1.0726,1.07218,1.07245,59.29
1675808100000,1.07245,1.07245,1.07245,1.07245,80
1675809000000,1.07245,1.07268,1.07245,1.07265,723.66
1675809900000,1.07265,1.07293,1.07258,1.07289,547.63
1675810800000,1.0729,1.07307,1.07268,1.07277,729.49
1675811700000,1.07276,1.07287,1.0725,1.07251,1171.58
1675812600000,1.07253,1.07281,1.07253,1.0728,739.03
1675813500000,1.07278,1.07306,1.07273,1.07301,524.27
1675814400000,1.07303,1.07339,1.07286,1.07309,2444.02
1675815300000,1.07309,1.0732,1.07267,1.0727,2425.86
1675816200000,1.07271,1.0733,1.07267,1.07329,2311.24
1675817100000,1.0733,1.07332,1.07306,1.0732,1523.25
1675818000000,1.0732,1.07349,1.073,1.0731,1968.45
1675818900000,1.0731,1.07311,1.0723,1.07265,1496.35
1675819800000,1.07265,1.07315,1.07264,1.07291,3658.09
1675820700000,1.07291,1.07292,1.07248,1.07262,2320.17
1675821600000,1.07262,1.07296,1.07255,1.07285,2188.71
1675822500000,1.07285,1.07292,1.07236,1.07281,2114.35
1675823400000,1.07281,1.07322,1.07272,1.07307,1905.87
1675824300000,1.07308,1.0733,1.07289,1.07326,2655.7
1675825200000,1.07325,1.07326,1.07302,1.07309,2313.93
1675826100000,1.0731,1.07328,1.07302,1.0732,2078.59
1675827000000,1.0732,1.07347,1.07304,1.0731,1828.05
1675827900000,1.07312,1.07343,1.07309,1.07321,1330.91
1675828800000,1.0732,1.07338,1.07304,1.07325,2356.04
1675829700000,1.07326,1.07345,1.0731,1.0734,767.85
1675830600000,1.0734,1.07341,1.07305,1.07325,1157.5
1675831500000,1.07324,1.07337,1.07318,1.07334,705.53
1675832400000,1.07333,1.07334,1.07299,1.07302,998.94
1675833300000,1.07302,1.07323,1.0728,1.07285,1075.16
1675834200000,1.07283,1.07301,1.07271,1.0729,929.23
1675835100000,1.0729,1.07349,1.0729,1.07335,1869.15
1675836000000,1.07335,1.07361,1.07318,1.0735,2508.04
1675836900000,1.0735,1.07361,1.07319,1.0735,1818.02
1675837800000,1.07352,1.07371,1.0733,1.07354,2401.42
1675838700000,1.07356,1.07394,1.07269,1.07269,2276.82
1675839600000,1.07268,1.07315,1.07238,1.07304,4646.99
1675840500000,1.07303,1.07388,1.07269,1.07365,3589.24
1675841400000,1.07365,1.07417,1.0734,1.07415,3186.18
1675842300000,1.07417,1.07596,1.07411,1.07586,5538.49
1675843200000,1.07586,1.07588,1.07408,1.07494,9029.0099
1675844100000,1.07496,1.07575,1.0744,1.0748,6492.86
1675845000000,1.07479,1.07557,1.07454,1.07506,5411.19
1675845900000,1.07505,1.0753,1.07411,1.0752,4067.5
1675846800000,1.07521,1.07607,1.07502,1.07594,4254.79
1675847700000,1.07592,1.076,1.0753,1.07534,4708.41
1675848600000,1.07536,1.07577,1.075,1.07556,5657.37
1675849500000,1.07557,1.0758,1.07526,1.07551,4236.45
1675850400000,1.0755,1.07555,1.07459,1.07473,3932.26
1675851300000,1.07475,1.07482,1.07428,1.07475,3940.88
1675852200000,1.07476,1.07479,1.07445,1.07448,2707.75
1675853100000,1.07449,1.07497,1.07439,1.07463,2060.93
1675854000000,1.07463,1.07473,1.07394,1.07419,2691.93
1675854900000,1.07418,1.07422,1.07327,1.07405,2918.54
1675855800000,1.07405,1.07463,1.074,1.07427,2697.48
1675856700000,1.07426,1.07446,1.07348,1.07348,2609.64
1675857600000,1.07348,1.07484,1.07345,1.07475,3545.54
1675858500000,1.07476,1.07487,1.07438,1.07459,2480.63
1675859400000,1.07458,1.0749,1.07403,1.0744,3141.61
1675860300000,1.0744,1.07445,1.07335,1.07336,3895.5899
1675861200000,1.07337,1.07377,1.07319,1.0735,4429.06
1675862100000,1.07351,1.07356,1.07255,1.07308,5035
1675863000000,1.07309,1.07329,1.07262,1.07281,4022.61
1675863900000,1.07282,1.07334,1.07277,1.07314,4174.64
1675864800000,1.07315,1.07432,1.07261,1.07413,5858.73
1675865700000,1.07412,1.07418,1.07302,1.07307,6131.57
1675866600000,1.07306,1.07335,1.07214,1.07326,9687.8301
1675867500000,1.07327,1.07331,1.07176,1.07248,9590.04
1675868400000,1.07248,1.07262,1.07161,1.07228,10329.52
1675869300000,1.07227,1.07275,1.07174,1.07187,8770.66
1675870200000,1.07186,1.07269,1.07137,1.07229,9444.0501
1675871100000,1.07228,1.07278,1.07201,1.07251,9667.3801
1675872000000,1.07251,1.07275,1.07203,1.07243,5110.87
1675872900000,1.07244,1.07354,1.07201,1.0722,5291.28
1675873800000,1.07221,1.0728,1.07186,1.07271,4377.06
1675874700000,1.0727,1.07362,1.0727,1.07334,6964.9401
1675875600000,1.07333,1.07356,1.07301,1.07352,5406.69
1675876500000,1.07353,1.074,1.07344,1.07358,4424.6
1675877400000,1.07358,1.07371,1.07264,1.07275,3504.79
1675878300000,1.07275,1.07297,1.07256,1.07282,4059.3699
1675879200000,1.07284,1.0739,1.07273,1.07364,5887.1301
1675880100000,1.07362,1.07362,1.07289,1.07289,4832.82
1675881000000,1.07289,1.07292,1.07242,1.07266,4419.2
1675881900000,1.07265,1.07346,1.07258,1.07338,3921.2
1675882800000,1.07339,1.0734,1.07282,1.07304,3661.1401
1675883700000,1.07305,1.07329,1.07258,1.07263,4652.0399
1675884600000,1.07262,1.07285,1.07225,1.07237,3847.97
1675885500000,1.07237,1.07252,1.07208,1.07229,4480.7499
1675886400000,1.07229,1.07244,1.07151,1.07154,4248.04
1675887300000,1.07156,1.07167,1.07092,1.07102,3176.86
1675888200000,1.07106,1.07129,1.07092,1.07107,3482.1
1675889100000,1.07107,1.07139,1.07106,1.07136,1786.15
1675890000000,1.07136,1.07149,1.07112,1.07114,804.18
1675890900000,1.07119,1.07139,1.07116,1.07117,624.09
1675891800000,1.07118,1.07138,1.07116,1.07133,576.91
1675892700000,1.07132,1.07152,1.07099,1.07099,848.93
1675893600000,1.07099,1.0713,1.07099,1.07118,58.56
1675894500000,1.07119,1.07136,1.07096,1.07127,1692.3
1675895400000,1.07129,1.07152,1.07099,1.07115,1306.59
1675896300000,1.07116,1.07138,1.07096,1.07113,5989.16
1675897200000,1.07113,1.07156,1.07113,1.07124,1025.95
1675898100000,1.07125,1.07148,1.07097,1.07136,932.29
1675899000000,1.07137,1.07168,1.07134,1.07168,941.21
1675899900000,1.07168,1.0717,1.0715,1.07151,822.61
1675900800000,1.07152,1.07184,1.0715,1.07183,1395.45
1675901700000,1.07183,1.07189,1.07152,1.07158,1581.71
1675902600000,1.07157,1.07168,1.0715,1.07161,1584.2
1675903500000,1.07161,1.07186,1.07146,1.07158,2112.93
1675904400000,1.07158,1.07172,1.07093,1.07122,2012.4
1675905300000,1.07123,1.07177,1.07123,1.07162,2726.53
1675906200000,1.07162,1.07232,1.07157,1.07223,3295.87
1675907100000,1.07223,1.07257,1.07203,1.07247,2835.84
1675908000000,1.07246,1.07278,1.07235,1.07273,2060.67
1675908900000,1.07273,1.07299,1.07271,1.07283,1786.05
1675909800000,1.07281,1.07318,1.07269,1.07317,2371.49
1675910700000,1.07317,1.07326,1.07284,1.07305,2355.56
1675911600000,1.07305,1.07313,1.07289,1.07289,1379.78
1675912500000,1.07291,1.07309,1.07252,1.07298,1436.34
1675913400000,1.07298,1.07325,1.07293,1.07309,1386.19
1675914300000,1.0731,1.0731,1.07284,1.07293,1523.36
1675915200000,1.07294,1.07313,1.07292,1.07309,1958.97
1675916100000,1.07308,1.07312,1.07294,1.07308,1799.88
1675917000000,1.07306,1.07315,1.07282,1.07315,1017.9
1675917900000,1.07314,1.07325,1.07303,1.07319,1142.46
1675918800000,1.07319,1.07339,1.07316,1.07333,1162.24
1675919700000,1.07333,1.0734,1.07324,1.07324,1111.88
1675920600000,1.07324,1.07335,1.07307,1.07325,1805.96
1675921500000,1.07324,1.0738,1.07272,1.07354,5328
1675922400000,1.07355,1.07396,1.07333,1.07369,2479.04
1675923300000,1.07369,1.07446,1.07364,1.07436,2309.51
1675924200000,1.07435,1.07435,1.07373,1.07389,3094.27
1675925100000,1.07387,1.07401,1.07352,1.07395,2798.91
1675926000000,1.07395,1.07399,1.07239,1.07346,7755.1601
1675926900000,1.07346,1.0739,1.07294,1.07368,4164.29
1675927800000,1.07367,1.07389,1.07309,1.07309,2927.66
1675928700000,1.0731,1.0738,1.07246,1.07329,3451.87
1675929600000,1.0733,1.07418,1.07324,1.07401,5210.7001
1675930500000,1.07402,1.07567,1.07354,1.07535,4915.44
1675931400000,1.07535,1.07592,1.07507,1.07553,4028.96
1675932300000,1.07551,1.07565,1.07509,1.07527,4056.22
1675933200000,1.07528,1.07688,1.07508,1.07645,4791.11
1675934100000,1.07645,1.07649,1.07522,1.07543,4848.34
1675935000000,1.07542,1.07612,1.07529,1.07577,3553.33
1675935900000,1.07579,1.07646,1.07536,1.07634,3881.19
1675936800000,1.07635,1.07647,1.07589,1.07629,4102.62
1675937700000,1.07628,1.07692,1.07604,1.07677,3652.99
1675938600000,1.07677,1.07736,1.07658,1.07688,3294.31
1675939500000,1.07688,1.07783,1.07679,1.07772,5269.8599
1675940400000,1.07773,1.07773,1.07641,1.07651,3202.04
1675941300000,1.07655,1.07682,1.07631,1.07635,2387.15
1675942200000,1.07635,1.07648,1.07599,1.07611,3031.87
1675943100000,1.07611,1.07685,1.07586,1.0763,3579.52
1675944000000,1.0763,1.07647,1.0759,1.07625,2455.57
1675944900000,1.07625,1.07719,1.07624,1.07695,3289.77
1675945800000,1.07696,1.07717,1.07631,1.07647,2950.39
1675946700000,1.07647,1.07699,1.07646,1.07691,3631.71
1675947600000,1.07691,1.07725,1.07625,1.0771,5816.13
1675948500000,1.0771,1.07728,1.07662,1.07683,5214.02
1675949400000,1.07682,1.07801,1.07681,1.07792,7225.57
1675950300000,1.07794,1.079,1.07767,1.07895,9201.53
1675951200000,1.07897,1.07907,1.07795,1.07801,6512.8599
1675952100000,1.07802,1.079,1.07788,1.07862,5297.9299
1675953000000,1.07864,1.07883,1.0781,1.07846,8292.65
1675953900000,1.07847,1.07892,1.0778,1.07797,7507.8499
1675954800000,1.07798,1.07893,1.07753,1.07845,6704.27
1675955700000,1.07845,1.07854,1.07705,1.07705,7810.78
1675956600000,1.07705,1.07718,1.07652,1.07694,6582.19
1675957500000,1.07695,1.07701,1.07614,1.07626,8294.5399
1675958400000,1.07625,1.07631,1.0752,1.07564,6555.58
1675959300000,1.07567,1.07583,1.07486,1.07509,5694.35
1675960200000,1.07509,1.07558,1.07441,1.07554,5571.6201
1675961100000,1.07553,1.07607,1.0751,1.07606,5658.7
1675962000000,1.07603,1.07603,1.07529,1.0753,5477.32
1675962900000,1.0753,1.07613,1.0752,1.07594,4542.53
1675963800000,1.07596,1.07596,1.0741,1.07414,5464.71
1675964700000,1.07414,1.07491,1.07389,1.07485,3249.38
1675965600000,1.07485,1.07485,1.07392,1.07427,7246.3901
1675966500000,1.07425,1.07435,1.074,1.07412,5179.2
1675967400000,1.07415,1.07456,1.07375,1.07411,6357.24
1675968300000,1.0741,1.07418,1.0738,1.0741,3383.85
1675969200000,1.0741,1.07455,1.07392,1.07397,4822.4
1675970100000,1.07396,1.0741,1.07339,1.07356,4882.8999
1675971000000,1.07356,1.07412,1.07329,1.07406,5876.2901
1675971900000,1.07406,1.07416,1.0737,1.07372,4234.48
1675972800000,1.07372,1.07392,1.07322,1.07372,4821.23
1675973700000,1.07372,1.07385,1.07338,1.07342,2356.14
1675974600000,1.07342,1.07355,1.07312,1.07342,3539.06
1675975500000,1.07345,1.07356,1.07317,1.07334,2858.43
1675976400000,1.07334,1.07346,1.07331,1.07343,575.55
1675977300000,1.07345,1.07347,1.07325,1.0733,710.55
1675978200000,1.07331,1.07372,1.0733,1.07361,722.25
1675979100000,1.07362,1.07397,1.07362,1.07368,670.98
1675980000000,1.07367,1.07396,1.07365,1.07391,473.58
1675980900000,1.0738,1.07398,1.07365,1.07371,288.49
1675981800000,1.07371,1.07391,1.07371,1.07389,1805.18
1675982700000,1.07389,1.07407,1.07376,1.07384,2074.72
1675983600000,1.07383,1.07412,1.07381,1.07384,916.23
1675984500000,1.07384,1.07394,1.07381,1.07394,886.14
1675985400000,1.07394,1.07394,1.0738,1.07384,309.99
1675986300000,1.07384,1.07396,1.07382,1.0739,381.46
1675987200000,1.07391,1.07395,1.07333,1.07345,1266.72
1675988100000,1.07345,1.07349,1.07267,1.07273,2983.05
1675989000000,1.07274,1.07298,1.07254,1.07279,2871.25
1675989900000,1.0728,1.07345,1.07269,1.07345,2721.32
1675990800000,1.07344,1.07383,1.07311,1.0738,2545.14
1675991700000,1.0738,1.07386,1.07344,1.07354,2323.24
1675992600000,1.07354,1.07359,1.0728,1.07303,3938.21
1675993500000,1.07303,1.07347,1.07302,1.07335,2471.48
1675994400000,1.07335,1.07341,1.07288,1.07299,2927.95
1675995300000,1.07299,1.07332,1.07289,1.0731,2951.67
1675996200000,1.0731,1.07323,1.07308,1.07318,1781.73
1675997100000,1.07317,1.07318,1.07242,1.0725,3185.09
1675998000000,1.07249,1.07261,1.0722,1.07242,3271.02
1675998900000,1.07242,1.07256,1.07174,1.07185,3697.97
1675999800000,1.07184,1.07204,1.07173,1.072,2849.08
1676000700000,1.07203,1.07214,1.07185,1.07205,1860.59
1676001600000,1.07206,1.07227,1.07195,1.07224,2219.34
1676002500000,1.07223,1.07241,1.07202,1.0722,1694.18
1676003400000,1.0722,1.07233,1.07208,1.07223,1948.77
1676004300000,1.07223,1.07225,1.07171,1.07183,2462.78
1676005200000,1.07182,1.07231,1.0718,1.07215,2618.75
1676006100000,1.07215,1.07233,1.0718,1.0719,2695.5
1676007000000,1.07191,1.07232,1.07191,1.07227,1969.74
1676007900000,1.07226,1.07266,1.07226,1.07258,2220.2
1676008800000,1.07258,1.0729,1.07248,1.07269,2806.56
1676009700000,1.07272,1.07286,1.07248,1.07254,2012.85
1676010600000,1.07255,1.07266,1.07231,1.07254,2438.92
1676011500000,1.07253,1.07263,1.07217,1.07228,2187.47
1676012400000,1.07228,1.07351,1.07188,1.07311,4836.79
1676013300000,1.07311,1.07426,1.07299,1.07334,10344.2198
1676014200000,1.07337,1.07384,1.07253,1.07381,7248.0699
1676015100000,1.07379,1.07445,1.07367,1.07408,9036.67
1676016000000,1.0741,1.07525,1.07369,1.07416,10910.27
1676016900000,1.07415,1.07441,1.07329,1.07379,8774.5101
1676017800000,1.0738,1.07391,1.07265,1.07294,7352.2
1676018700000,1.07295,1.07432,1.07286,1.0742,7062.83
1676019600000,1.07419,1.07447,1.07304,1.0732,6452.79
1676020500000,1.07317,1.07317,1.07129,1.07195,13388.1699
1676021400000,1.07195,1.07295,1.07175,1.07209,6598.4301
1676022300000,1.07209,1.07239,1.0704,1.07064,7191.76
1676023200000,1.07065,1.0709,1.06915,1.06984,6908.83
1676024100000,1.06984,1.07071,1.06935,1.07071,5861.7
1676025000000,1.07072,1.07083,1.0702,1.07035,5124.5301
1676025900000,1.07035,1.07112,1.07025,1.07086,5262.77
1676026800000,1.07086,1.07108,1.07018,1.07032,4884.17
1676027700000,1.07032,1.07043,1.06935,1.06946,4827.09
1676028600000,1.06946,1.06997,1.06943,1.06965,3620.4899
1676029500000,1.06966,1.07003,1.0695,1.06983,3604.19
1676030400000,1.06984,1.07005,1.06956,1.06969,3898.94
1676031300000,1.06969,1.07001,1.06955,1.06967,3242.05
1676032200000,1.06967,1.06997,1.06856,1.06921,5070.43
1676033100000,1.06921,1.06933,1.06811,1.06831,5191.35
1676034000000,1.0683,1.06903,1.0682,1.06897,5847.71
1676034900000,1.06896,1.06958,1.06876,1.06946,7170.05
1676035800000,1.06945,1.06949,1.06814,1.06868,8947.01
1676036700000,1.06869,1.06993,1.06856,1.06957,7307.39
1676037600000,1.06957,1.06994,1.06925,1.06961,6882.91
1676038500000,1.0696,1.06987,1.06905,1.06986,6385.2
1676039400000,1.06986,1.06998,1.06859,1.06881,10431.1699
1676040300000,1.0688,1.07067,1.06878,1.06974,8936.8
1676041200000,1.06974,1.07065,1.06841,1.07038,16217.0499
1676042100000,1.07036,1.07065,1.06935,1.06975,11787.48
1676043000000,1.06975,1.07003,1.06857,1.06859,9427.2
1676043900000,1.06858,1.06869,1.06743,1.06767,9829.65
1676044800000,1.06768,1.06868,1.0675,1.06827,5766.9599
1676045700000,1.06826,1.06854,1.06747,1.06754,6006.19
1676046600000,1.06754,1.06791,1.06719,1.06737,4416.93
1676047500000,1.06738,1.06745,1.06679,1.06686,3544.03
1676048400000,1.06685,1.06729,1.06661,1.06688,5071.94
1676049300000,1.06687,1.06713,1.06673,1.06712,5472.62
1676050200000,1.0671,1.06739,1.06666,1.06688,3381.03
1676051100000,1.0669,1.06695,1.06661,1.0668,4183.9299
1676052000000,1.0668,1.06751,1.06674,1.06745,2980.6
1676052900000,1.06744,1.0676,1.06727,1.06737,2254.91
1676053800000,1.06736,1.06749,1.06721,1.06732,1889.57
1676054700000,1.06732,1.06766,1.06709,1.06712,2072.99
1676055600000,1.06712,1.06724,1.0668,1.06723,3171.51
1676056500000,1.06723,1.06751,1.06719,1.06744,1931.01
1676057400000,1.06742,1.0675,1.06722,1.06736,1715
1676058300000,1.06736,1.06749,1.06709,1.0673,1797.07
1676059200000,1.06732,1.0675,1.06731,1.06743,1681.95
1676060100000,1.06743,1.06786,1.06739,1.06783,1211.94
1676061000000,1.06785,1.06803,1.06766,1.06797,1155.94
1676061900000,1.06799,1.06807,1.06777,1.06788,1254.64
1676062800000,1.06789,1.06799,1.06768,1.06787,1264.36
1676063700000,1.06786,1.06796,1.06764,1.06766,794.82
1676064600000,1.06765,1.06768,1.06753,1.06762,339.3
1676065500000,1.06761,1.0679,1.06754,1.06754,1766.73
1676066400000,1.06754,1.06754,1.06754,1.06754,0
1676067300000,1.06754,1.06754,1.06754,1.06754,0
1676068200000,1.06754,1.06754,1.06754,1.06754,0
1676069100000,1.06754,1.06754,1.06754,1.06754,0
1676070000000,1.06754,1.06754,1.06754,1.06754,0
1676070900000,1.06754,1.06754,1.06754,1.06754,0
1676071800000,1.06754,1.06754,1.06754,1.06754,0
1676072700000,1.06754,1.06754,1.06754,1.06754,0
1676073600000,1.06754,1.06754,1.06754,1.06754,0
1676074500000,1.06754,1.06754,1.06754,1.06754,0
1676075400000,1.06754,1.06754,1.06754,1.06754,0
1676076300000,1.06754,1.06754,1.06754,1.06754,0
1676077200000,1.06754,1.06754,1.06754,1.06754,0
1676078100000,1.06754,1.06754,1.06754,1.06754,0
1676079000000,1.06754,1.06754,1.06754,1.06754,0
1676079900000,1.06754,1.06754,1.06754,1.06754,0
1676080800000,1.06754,1.06754,1.06754,1.06754,0
1676081700000,1.06754,1.06754,1.06754,1.06754,0
1676082600000,1.06754,1.06754,1.06754,1.06754,0
1676083500000,1.06754,1.06754,1.06754,1.06754,0
1676084400000,1.06754,1.06754,1.06754,1.06754,0
1676085300000,1.06754,1.06754,1.06754,1.06754,0
1676086200000,1.06754,1.06754,1.06754,1.06754,0
1676087100000,1.06754,1.06754,1.06754,1.06754,0
1676088000000,1.06754,1.06754,1.06754,1.06754,0
1676088900000,1.06754,1.06754,1.06754,1.06754,0
1676089800000,1.06754,1.06754,1.06754,1.06754,0
1676090700000,1.06754,1.06754,1.06754,1.06754,0
1676091600000,1.06754,1.06754,1.06754,1.06754,0
1676092500000,1.06754,1.06754,1.06754,1.06754,0
1676093400000,1.06754,1.06754,1.06754,1.06754,0
1676094300000,1.06754,1.06754,1.06754,1.06754,0
1676095200000,1.06754,1.06754,1.06754,1.06754,0
1676096100000,1.06754,1.06754,1.06754,1.06754,0
1676097000000,1.06754,1.06754,1.06754,1.06754,0
1676097900000,1.06754,1.06754,1.06754,1.06754,0
1676098800000,1.06754,1.06754,1.06754,1.06754,0
1676099700000,1.06754,1.06754,1.06754,1.06754,0
1676100600000,1.06754,1.06754,1.06754,1.06754,0
1676101500000,1.06754,1.06754,1.06754,1.06754,0
1676102400000,1.06754,1.06754,1.06754,1.06754,0
1676103300000,1.06754,1.06754,1.06754,1.06754,0
1676104200000,1.06754,1.06754,1.06754,1.06754,0
1676105100000,1.06754,1.06754,1.06754,1.06754,0
1676106000000,1.06754,1.06754,1.06754,1.06754,0
1676106900000,1.06754,1.06754,1.06754,1.06754,0
1676107800000,1.06754,1.06754,1.06754,1.06754,0
1676108700000,1.06754,1.06754,1.06754,1.06754,0
1676109600000,1.06754,1.06754,1.06754,1.06754,0
1676110500000,1.06754,1.06754,1.06754,1.06754,0
1676111400000,1.06754,1.06754,1.06754,1.06754,0
1676112300000,1.06754,1.06754,1.06754,1.06754,0
1676113200000,1.06754,1.06754,1.06754,1.06754,0
1676114100000,1.06754,1.06754,1.06754,1.06754,0
1676115000000,1.06754,1.06754,1.06754,1.06754,0
1676115900000,1.06754,1.06754,1.06754,1.06754,0
1676116800000,1.06754,1.06754,1.06754,1.06754,0
1676117700000,1.06754,1.06754,1.06754,1.06754,0
1676118600000,1.06754,1.06754,1.06754,1.06754,0
1676119500000,1.06754,1.06754,1.06754,1.06754,0
1676120400000,1.06754,1.06754,1.06754,1.06754,0
1676121300000,1.06754,1.06754,1.06754,1.06754,0
1676122200000,1.06754,1.06754,1.06754,1.06754,0
1676123100000,1.06754,1.06754,1.06754,1.06754,0
1676124000000,1.06754,1.06754,1.06754,1.06754,0
1676124900000,1.06754,1.06754,1.06754,1.06754,0
1676125800000,1.06754,1.06754,1.06754,1.06754,0
1676126700000,1.06754,1.06754,1.06754,1.06754,0
1676127600000,1.06754,1.06754,1.06754,1.06754,0
1676128500000,1.06754,1.06754,1.06754,1.06754,0
1676129400000,1.06754,1.06754,1.06754,1.06754,0
1676130300000,1.06754,1.06754,1.06754,1.06754,0
1676131200000,1.06754,1.06754,1.06754,1.06754,0
1676132100000,1.06754,1.06754,1.06754,1.06754,0
1676133000000,1.06754,1.06754,1.06754,1.06754,0
1676133900000,1.06754,1.06754,1.06754,1.06754,0
1676134800000,1.06754,1.06754,1.06754,1.06754,0
1676135700000,1.06754,1.06754,1.06754,1.06754,0
1676136600000,1.06754,1.06754,1.06754,1.06754,0
1676137500000,1.06754,1.06754,1.06754,1.06754,0
1676138400000,1.06754,1.06754,1.06754,1.06754,0
1676139300000,1.06754,1.06754,1.06754,1.06754,0
1676140200000,1.06754,1.06754,1.06754,1.06754,0
1676141100000,1.06754,1.06754,1.06754,1.06754,0
1676142000000,1.06754,1.06754,1.06754,1.06754,0
1676142900000,1.06754,1.06754,1.06754,1.06754,0
1676143800000,1.06754,1.06754,1.06754,1.06754,0
1676144700000,1.06754,1.06754,1.06754,1.06754,0
1676145600000,1.06754,1.06754,1.06754,1.06754,0
1676146500000,1.06754,1.06754,1.06754,1.06754,0
1676147400000,1.06754,1.06754,1.06754,1.06754,0
1676148300000,1.06754,1.06754,1.06754,1.06754,0
1676149200000,1.06754,1.06754,1.06754,1.06754,0
1676150100000,1.06754,1.06754,1.06754,1.06754,0
1676151000000,1.06754,1.06754,1.06754,1.06754,0
1676151900000,1.06754,1.06754,1.06754,1.06754,0
1676152800000,1.06754,1.06754,1.06754,1.06754,0
1676153700000,1.06754,1.06754,1.06754,1.06754,0
1676154600000,1.06754,1.06754,1.06754,1.06754,0
1676155500000,1.06754,1.06754,1.06754,1.06754,0
1676156400000,1.06754,1.06754,1.06754,1.06754,0
1676157300000,1.06754,1.06754,1.06754,1.06754,0
1676158200000,1.06754,1.06754,1.06754,1.06754,0
1676159100000,1.06754,1.06754,1.06754,1.06754,0
1676160000000,1.06754,1.06754,1.06754,1.06754,0
1676160900000,1.06754,1.06754,1.06754,1.06754,0
1676161800000,1.06754,1.06754,1.06754,1.06754,0
1676162700000,1.06754,1.06754,1.06754,1.06754,0
1676163600000,1.06754,1.06754,1.06754,1.06754,0
1676164500000,1.06754,1.06754,1.06754,1.06754,0
1676165400000,1.06754,1.06754,1.06754,1.06754,0
1676166300000,1.06754,1.06754,1.06754,1.06754,0
1676167200000,1.06754,1.06754,1.06754,1.06754,0
1676168100000,1.06754,1.06754,1.06754,1.06754,0
1676169000000,1.06754,1.06754,1.06754,1.06754,0
1676169900000,1.06754,1.06754,1.06754,1.06754,0
1676170800000,1.06754,1.06754,1.06754,1.06754,0
1676171700000,1.06754,1.06754,1.06754,1.06754,0
1676172600000,1.06754,1.06754,1.06754,1.06754,0
1676173500000,1.06754,1.06754,1.06754,1.06754,0
1676174400000,1.06754,1.06754,1.06754,1.06754,0
1676175300000,1.06754,1.06754,1.06754,1.06754,0
1676176200000,1.06754,1.06754,1.06754,1.06754,0
1676177100000,1.06754,1.06754,1.06754,1.06754,0
1676178000000,1.06754,1.06754,1.06754,1.06754,0
1676178900000,1.06754,1.06754,1.06754,1.06754,0
1676179800000,1.06754,1.06754,1.06754,1.06754,0
1676180700000,1.06754,1.06754,1.06754,1.06754,0
1676181600000,1.06754,1.06754,1.06754,1.06754,0
1676182500000,1.06754,1.06754,1.06754,1.06754,0
1676183400000,1.06754,1.06754,1.06754,1.06754,0
1676184300000,1.06754,1.06754,1.06754,1.06754,0
1676185200000,1.06754,1.06754,1.06754,1.06754,0
1676186100000,1.06754,1.06754,1.06754,1.06754,0
1676187000000,1.06754,1.06754,1.06754,1.06754,0
1676187900000,1.06754,1.06754,1.06754,1.06754,0
1676188800000,1.06754,1.06754,1.06754,1.06754,0
1676189700000,1.06754,1.06754,1.06754,1.06754,0
1676190600000,1.06754,1.06754,1.06754,1.06754,0
1676191500000,1.06754,1.06754,1.06754,1.06754,0
1676192400000,1.06754,1.06754,1.06754,1.06754,0
1676193300000,1.06754,1.06754,1.06754,1.06754,0
1676194200000,1.06754,1.06754,1.06754,1.06754,0
1676195100000,1.06754,1.06754,1.06754,1.06754,0
1676196000000,1.06754,1.06754,1.06754,1.06754,0
1676196900000,1.06754,1.06754,1.06754,1.06754,0
1676197800000,1.06754,1.06754,1.06754,1.06754,0
1676198700000,1.06754,1.06754,1.06754,1.06754,0
1676199600000,1.06754,1.06754,1.06754,1.06754,0
1676200500000,1.06754,1.06754,1.06754,1.06754,0
1676201400000,1.06754,1.06754,1.06754,1.06754,0
1676202300000,1.06754,1.06754,1.06754,1.06754,0
1676203200000,1.06754,1.06754,1.06754,1.06754,0
1676204100000,1.06754,1.06754,1.06754,1.06754,0
1676205000000,1.06754,1.06754,1.06754,1.06754,0
1676205900000,1.06754,1.06754,1.06754,1.06754,0
1676206800000,1.06754,1.06754,1.06754,1.06754,0
1676207700000,1.06754,1.06754,1.06754,1.06754,0
1676208600000,1.06754,1.06754,1.06754,1.06754,0
1676209500000,1.06754,1.06754,1.06754,1.06754,0
1676210400000,1.06754,1.06754,1.06754,1.06754,0
1676211300000,1.06754,1.06754,1.06754,1.06754,0
1676212200000,1.06754,1.06754,1.06754,1.06754,0
1676213100000,1.06754,1.06754,1.06754,1.06754,0
1676214000000,1.06754,1.06754,1.06754,1.06754,0
1676214900000,1.06754,1.06754,1.06754,1.06754,0
1676215800000,1.06754,1.06754,1.06754,1.06754,0
1676216700000,1.06754,1.06754,1.06754,1.06754,0
1676217600000,1.06754,1.06754,1.06754,1.06754,0
1676218500000,1.06754,1.06754,1.06754,1.06754,0
1676219400000,1.06754,1.06754,1.06754,1.06754,0
1676220300000,1.06754,1.06754,1.06754,1.06754,0
1676221200000,1.06754,1.06754,1.06754,1.06754,0
1676222100000,1.06754,1.06754,1.06754,1.06754,0
1676223000000,1.06754,1.06754,1.06754,1.06754,0
1676223900000,1.06754,1.06754,1.06754,1.06754,0
1676224800000,1.06754,1.06754,1.06754,1.06754,0
1676225700000,1.06754,1.06754,1.06754,1.06754,0
1676226600000,1.06754,1.06754,1.06754,1.06754,0
1676227500000,1.06754,1.06754,1.06754,1.06754,0
1676228400000,1.06754,1.06754,1.06754,1.06754,0
1676229300000,1.06754,1.06754,1.06754,1.06754,0
1676230200000,1.06754,1.06754,1.06754,1.06754,0
1676231100000,1.06754,1.06754,1.06754,1.06754,0
1676232000000,1.06754,1.06754,1.06754,1.06754,0
1676232900000,1.06754,1.06754,1.06754,1.06754,0
1676233800000,1.06754,1.06754,1.06754,1.06754,0
1676234700000,1.06754,1.06754,1.06754,1.06754,0
1676235600000,1.06754,1.06754,1.06754,1.06754,0
1676236500000,1.06754,1.06754,1.06754,1.06754,0
1676237400000,1.06754,1.06754,1.06754,1.06754,0
1676238300000,1.06754,1.06754,1.06754,1.06754,0
1676239200000,1.06808,1.06821,1.0679,1.06798,107.98
1676240100000,1.06799,1.06805,1.0678,1.0678,138.25
1676241000000,1.0678,1.06783,1.0678,1.06781,1136.03
1676241900000,1.06781,1.06785,1.06771,1.06777,365.99
1676242800000,1.06775,1.0678,1.06708,1.06752,1975.48
1676243700000,1.06749,1.06773,1.0674,1.06755,2698.19
1676244600000,1.06756,1.06785,1.06739,1.06764,1581.37
1676245500000,1.06764,1.06795,1.06753,1.06771,1205.56
1676246400000,1.06771,1.06787,1.06682,1.06696,2460.54
1676247300000,1.06696,1.06718,1.06677,1.06715,2064.47
1676248200000,1.06716,1.06728,1.06693,1.06708,1441.65
1676249100000,1.06712,1.06763,1.06707,1.06724,2296.66
1676250000000,1.06724,1.06748,1.06659,1.06683,3348.47
1676250900000,1.06683,1.06684,1.06592,1.06596,4744.42
1676251800000,1.06594,1.06663,1.06553,1.06658,5816.36
1676252700000,1.06658,1.06687,1.06635,1.06668,3088.77
1676253600000,1.06668,1.06684,1.06633,1.06653,2891.24
1676254500000,1.06654,1.06707,1.06651,1.06673,3623.7
1676255400000,1.06672,1.06683,1.06604,1.06605,3215.21
1676256300000,1.06605,1.06694,1.06604,1.06674,2944.21
1676257200000,1.06673,1.06682,1.06646,1.06655,3303.82
1676258100000,1.06654,1.06671,1.0664,1.06663,1945.53
1676259000000,1.06663,1.06669,1.06645,1.0665,1717.07
1676259900000,1.06651,1.06654,1.06604,1.06604,1904.72
1676260800000,1.06605,1.06661,1.06604,1.06639,1746.47
1676261700000,1.06639,1.0666,1.06635,1.06658,1706.27
1676262600000,1.06658,1.0668,1.06654,1.0668,1587.85
1676263500000,1.06679,1.0669,1.0667,1.06671,1623.96
1676264400000,1.06671,1.06676,1.06646,1.06652,2373.61
1676265300000,1.06653,1.06695,1.06652,1.06688,2116.41
1676266200000,1.06689,1.06692,1.06628,1.06662,3167.03
1676267100000,1.06664,1.06706,1.0666,1.06695,1944.62
1676268000000,1.06692,1.06719,1.0667,1.06699,3863.76
1676268900000,1.06698,1.06747,1.06695,1.06737,3656.67
1676269800000,1.06737,1.06791,1.06737,1.06773,2453.36
1676270700000,1.06773,1.06789,1.06731,1.06737,2169.22
1676271600000,1.06737,1.06824,1.06722,1.06806,4065.45
1676272500000,1.06807,1.06887,1.06805,1.06887,3757.31
1676273400000,1.0689,1.06897,1.06819,1.06833,3535.08
1676274300000,1.06836,1.06883,1.06821,1.06828,3873.37
1676275200000,1.06829,1.06854,1.06776,1.06827,6380.2
1676276100000,1.06828,1.0683,1.06735,1.06756,4745.36
1676277000000,1.06756,1.06802,1.06747,1.0679,4215.21
1676277900000,1.0679,1.06826,1.06739,1.06742,3085.21
1676278800000,1.06741,1.06839,1.06694,1.06834,4752.0399
1676279700000,1.06836,1.06837,1.0672,1.06729,3898.22
1676280600000,1.06727,1.06732,1.06651,1.06657,3957.79
1676281500000,1.0666,1.06809,1.0663,1.06769,4843.58
1676282400000,1.0677,1.0681,1.06752,1.06772,3375.06
1676283300000,1.06773,1.06802,1.06765,1.06785,3295
1676284200000,1.06785,1.06849,1.06776,1.06802,3613.8
1676285100000,1.06802,1.06817,1.06765,1.06802,3045.58
1676286000000,1.06805,1.06841,1.06785,1.06809,3323.81
1676286900000,1.06809,1.06809,1.06751,1.06759,2346.36
1676287800000,1.06758,1.06815,1.06758,1.06764,4281.06
1676288700000,1.06765,1.06772,1.0673,1.06757,2356.08
1676289600000,1.06757,1.06816,1.06735,1.06814,2252.15
1676290500000,1.06814,1.06946,1.06805,1.06935,4936.91
1676291400000,1.06935,1.06965,1.06873,1.0689,4766.76
1676292300000,1.0689,1.06956,1.06881,1.06905,5298.69
1676293200000,1.06904,1.06954,1.06829,1.06855,5025.53
1676294100000,1.06855,1.06877,1.06815,1.06816,4891.98
1676295000000,1.06818,1.06843,1.06808,1.06827,3534.96
1676295900000,1.06828,1.06828,1.0676,1.06805,4466.3
1676296800000,1.06804,1.06822,1.06762,1.06818,4790.98
1676297700000,1.06818,1.0691,1.06817,1.06879,4423.56
1676298600000,1.0688,1.06999,1.06857,1.06957,8750.36
1676299500000,1.06956,1.07068,1.0694,1.07049,9624.23
1676300400000,1.07052,1.07098,1.07037,1.07046,9254.8
1676301300000,1.07047,1.0717,1.07019,1.0713,7076.03
1676302200000,1.07131,1.07198,1.07116,1.07163,6949.24
1676303100000,1.07163,1.07272,1.07085,1.07195,7990.03
1676304000000,1.07196,1.07198,1.07102,1.07161,6148.47
1676304900000,1.07162,1.0719,1.07141,1.0715,4626.6
1676305800000,1.07152,1.07167,1.07106,1.07155,3086.08
1676306700000,1.07155,1.07233,1.07119,1.07168,3136.06
1676307600000,1.07167,1.07205,1.07156,1.07168,4219.56
1676308500000,1.07167,1.07216,1.07164,1.07205,2844.78
1676309400000,1.07206,1.07209,1.07169,1.07174,3217.93
1676310300000,1.07175,1.07207,1.07163,1.07181,3013.2
1676311200000,1.07182,1.07182,1.07115,1.07135,3696.56
1676312100000,1.07134,1.07211,1.07134,1.07211,2616.85
1676313000000,1.07209,1.07248,1.07209,1.0723,1981.63
1676313900000,1.0723,1.07297,1.07229,1.07275,3444.8
1676314800000,1.07276,1.07279,1.07208,1.07208,3869.74
1676315700000,1.0721,1.07234,1.07194,1.072,3457.08
1676316600000,1.072,1.0721,1.07175,1.07195,2174.65
1676317500000,1.07195,1.07212,1.07159,1.07171,2424.6
1676318400000,1.07171,1.07191,1.07139,1.0718,2488.7
1676319300000,1.0718,1.072,1.0716,1.07192,1821.31
1676320200000,1.07191,1.07223,1.07191,1.07209,1550.41
1676321100000,1.0721,1.07235,1.07195,1.07225,2015.62
1676322000000,1.07225,1.07244,1.07222,1.07234,949.42
1676322900000,1.07233,1.07246,1.07207,1.07209,521.46
1676323800000,1.07209,1.07235,1.07206,1.07235,394.38
1676324700000,1.07235,1.07249,1.0721,1.0721,402.2
1676325600000,1.0721,1.07233,1.07208,1.07233,42.56
1676326500000,1.07229,1.0723,1.07225,1.07225,81.8
1676327400000,1.07225,1.07251,1.07225,1.07238,806.2
1676328300000,1.07237,1.0724,1.07225,1.07236,343.43
1676329200000,1.07238,1.07249,1.07208,1.07217,1804.28
1676330100000,1.07215,1.07251,1.07215,1.07251,978.17
1676331000000,1.07251,1.07265,1.07235,1.07258,1020.76
1676331900000,1.07259,1.07322,1.07257,1.07308,864.01
1676332800000,1.07308,1.07367,1.07297,1.07321,2360.19
1676333700000,1.0732,1.07333,1.07305,1.07316,1663.55
1676334600000,1.07317,1.07328,1.07303,1.07322,1206.01
1676335500000,1.07323,1.07341,1.073,1.07332,1822.5
1676336400000,1.07334,1.07342,1.07306,1.07322,1802.17
1676337300000,1.07325,1.07332,1.07264,1.07283,2350.25
1676338200000,1.07283,1.07304,1.07256,1.07257,2787.49
1676339100000,1.07259,1.07311,1.07257,1.07286,2356.21
1676340000000,1.07286,1.0733,1.07258,1.07295,3624.11
1676340900000,1.07294,1.07298,1.07253,1.07268,2472.34
1676341800000,1.07268,1.07311,1.0726,1.07294,3164.59
1676342700000,1.07293,1.07336,1.0729,1.07318,2974.17
1676343600000,1.07318,1.07327,1.07294,1.07327,2379.95
1676344500000,1.07326,1.07346,1.07321,1.07329,1663.15
1676345400000,1.07332,1.07343,1.07326,1.07334,1053.46
1676346300000,1.07332,1.07357,1.07318,1.07342,1066.11
1676347200000,1.07343,1.07356,1.07319,1.07353,1443.31
1676348100000,1.07353,1.07398,1.07337,1.07364,1356.06
1676349000000,1.07362,1.07369,1.07347,1.07357,1154.31
1676349900000,1.07359,1.07383,1.07352,1.07379,1422.43
1676350800000,1.07378,1.07395,1.07364,1.07377,2338.04
1676351700000,1.07376,1.07388,1.07371,1.07374,2014.08
1676352600000,1.07373,1.07384,1.07352,1.07362,1908.54
1676353500000,1.07362,1.07385,1.07359,1.07381,1892.08
1676354400000,1.07382,1.07394,1.07338,1.07366,2413.29
1676355300000,1.07366,1.07384,1.07351,1.0736,2655.42
1676356200000,1.07359,1.07407,1.07348,1.07401,2708.9
1676357100000,1.074,1.07428,1.07387,1.07387,2713.37
1676358000000,1.07387,1.07463,1.0735,1.07384,4783.56
1676358900000,1.07384,1.07384,1.0733,1.07358,3933.65
1676359800000,1.07359,1.07407,1.07303,1.0734,4808.84
1676360700000,1.0734,1.07344,1.07286,1.07316,4320.73
1676361600000,1.07317,1.07412,1.07296,1.07386,6922.23
1676362500000,1.07386,1.07409,1.07287,1.07351,5031.5499
1676363400000,1.0735,1.07366,1.07294,1.0733,4047.31
1676364300000,1.07329,1.07499,1.0731,1.07486,4316.4
1676365200000,1.07485,1.07555,1.07445,1.07491,6064.97
1676366100000,1.0749,1.07609,1.07474,1.07582,5371.11
1676367000000,1.07582,1.07635,1.07581,1.07587,4636.39
1676367900000,1.07586,1.07668,1.0756,1.07612,4886.98
1676368800000,1.0761,1.07662,1.07569,1.07575,6040.05
1676369700000,1.07579,1.07585,1.07507,1.07541,3322.29
1676370600000,1.0754,1.0756,1.07485,1.07517,3712.61
1676371500000,1.07516,1.07576,1.07513,1.07555,3516.4
1676372400000,1.07556,1.07577,1.07511,1.07575,3226
1676373300000,1.07576,1.0765,1.0757,1.0761,3664.65
1676374200000,1.07608,1.07632,1.07571,1.07588,2530.11
1676375100000,1.07587,1.07634,1.07544,1.0755,3274.64
1676376000000,1.07549,1.07603,1.07489,1.07494,4321.4501
1676376900000,1.07492,1.07595,1.07486,1.07594,4036.09
1676377800000,1.07593,1.07606,1.07548,1.07569,3807.15
1676378700000,1.07569,1.07677,1.07551,1.07579,5852.17
1676379600000,1.07578,1.07661,1.07575,1.07585,6239.81
1676380500000,1.07585,1.07601,1.07509,1.07557,8597.02
1676381400000,1.07556,1.08044,1.07179,1.07614,28564.34
1676382300000,1.07615,1.07864,1.07536,1.07605,23664.54
1676383200000,1.07608,1.07692,1.07349,1.0741,21533.3602
1676384100000,1.0741,1.0745,1.07177,1.07252,18935.0599
1676385000000,1.07254,1.07386,1.07082,1.07322,21683.64
1676385900000,1.07324,1.07562,1.07323,1.07522,21039.8101
1676386800000,1.07523,1.07718,1.07502,1.0764,16679.62
1676387700000,1.07639,1.0768,1.07523,1.07539,15439.2299
1676388600000,1.07541,1.07579,1.07345,1.07346,17585.6201
1676389500000,1.07347,1.07347,1.07066,1.07156,18388.3198
1676390400000,1.07156,1.07296,1.07143,1.07209,16065.78
1676391300000,1.07206,1.07338,1.0716,1.07162,14708.5201
1676392200000,1.07163,1.07239,1.07122,1.07162,14722.92
1676393100000,1.07161,1.07235,1.07127,1.07211,11969.8201
1676394000000,1.07212,1.07303,1.07206,1.07297,10920.7299
1676394900000,1.07298,1.07304,1.07208,1.07225,8474.8199
1676395800000,1.07226,1.07292,1.0719,1.07231,5379.05
1676396700000,1.07231,1.07277,1.07213,1.07276,5054.94
1676397600000,1.07276,1.07454,1.07271,1.07369,10010.08
1676398500000,1.07369,1.07443,1.07344,1.07351,6714.79
1676399400000,1.07352,1.07405,1.07301,1.07307,6192.27
1676400300000,1.07306,1.07351,1.073,1.07316,4570.26
1676401200000,1.07316,1.07321,1.0723,1.07256,8176
1676402100000,1.07256,1.07303,1.0725,1.07292,5046.28
1676403000000,1.07293,1.07361,1.07292,1.07351,3879.43
1676403900000,1.07352,1.07409,1.07341,1.07393,5152.3599
1676404800000,1.07393,1.07393,1.07321,1.07352,4595.9199
1676405700000,1.07352,1.07373,1.07344,1.07357,2325.32
1676406600000,1.07358,1.07418,1.07336,1.07416,4223.59
1676407500000,1.07415,1.07421,1.07367,1.07377,3537.6
1676408400000,1.07377,1.07389,1.07364,1.07369,1271.87
1676409300000,1.07369,1.07383,1.07365,1.07378,734.9
1676410200000,1.07378,1.0738,1.07354,1.07363,532.33
1676411100000,1.07364,1.07369,1.07348,1.07362,578.47
1676412000000,1.07361,1.07369,1.07355,1.07356,38.64
1676412900000,1.07345,1.07365,1.07345,1.07357,32.31
1676413800000,1.07354,1.07357,1.07342,1.07348,376.33
1676414700000,1.07349,1.07358,1.07341,1.07343,828.83
1676415600000,1.07344,1.07357,1.07334,1.07345,2268.23
1676416500000,1.07346,1.07362,1.07338,1.07362,1096.36
1676417400000,1.07361,1.07394,1.07356,1.07371,1179.41
1676418300000,1.07372,1.07378,1.0734,1.0735,665.53
1676419200000,1.07351,1.07358,1.07329,1.07332,1747.81
1676420100000,1.07331,1.07388,1.07326,1.07381,3173.3
1676421000000,1.07382,1.07382,1.07346,1.0737,1580.95
1676421900000,1.07371,1.07399,1.07349,1.07378,2932.56
1676422800000,1.07379,1.07421,1.07358,1.07409,2124.71
1676423700000,1.07409,1.07435,1.07404,1.07424,1833.29
1676424600000,1.07424,1.07443,1.07407,1.07414,3123.02
1676425500000,1.07414,1.07414,1.07372,1.07396,3712.12
1676426400000,1.07395,1.07397,1.07309,1.07318,3119.16
1676427300000,1.0732,1.07324,1.07266,1.07279,3280.25
1676428200000,1.07278,1.07289,1.07234,1.07245,2718.45
1676429100000,1.07244,1.07272,1.07231,1.07246,3764.89
1676430000000,1.07245,1.07266,1.07229,1.07261,2935.76
1676430900000,1.07261,1.07275,1.07244,1.07249,2080.59
1676431800000,1.07249,1.07251,1.07171,1.07179,2495.14
1676432700000,1.07179,1.07207,1.0717,1.07179,1792.47
1676433600000,1.07179,1.07189,1.07148,1.07151,3608.07
1676434500000,1.0715,1.07202,1.07142,1.0719,2381.57
1676435400000,1.07189,1.07206,1.07172,1.07176,1185.53
1676436300000,1.07175,1.07185,1.07156,1.07182,1626.43
1676437200000,1.0718,1.0721,1.07171,1.07185,1567.55
1676438100000,1.07186,1.07207,1.07143,1.07144,1934.97
1676439000000,1.07144,1.07171,1.07142,1.07156,2236.53
1676439900000,1.07155,1.07156,1.07135,1.07148,2071.84
1676440800000,1.07149,1.07174,1.07139,1.07174,2038.05
1676441700000,1.07174,1.07197,1.07143,1.07143,1783.27
1676442600000,1.07144,1.07144,1.07039,1.07057,3620.39
1676443500000,1.07057,1.07103,1.0705,1.07072,3044.53
1676444400000,1.07071,1.07135,1.06997,1.07122,8223.0701
1676445300000,1.07122,1.07146,1.07095,1.07105,4427.65
1676446200000,1.07105,1.07176,1.07043,1.07174,4720.64
1676447100000,1.07178,1.07186,1.07078,1.07079,4445.48
1676448000000,1.0708,1.07171,1.07047,1.07165,8841.32
1676448900000,1.07164,1.07195,1.07083,1.07189,6698.3101
1676449800000,1.07189,1.0723,1.07154,1.0722,5514.4
1676450700000,1.0722,1.07284,1.07193,1.07242,5288.2801
1676451600000,1.07242,1.07286,1.07173,1.07242,4305.05
1676452500000,1.07242,1.07279,1.07163,1.07233,4330.23
1676453400000,1.07233,1.07297,1.07223,1.07268,4093.8101
1676454300000,1.07266,1.07296,1.07237,1.07256,3814.8801
1676455200000,1.07255,1.07326,1.0724,1.07319,4468.53
1676456100000,1.07321,1.07327,1.07217,1.07218,3198.46
1676457000000,1.0722,1.07287,1.07209,1.07209,3848.9
1676457900000,1.0721,1.07211,1.07154,1.07154,3570.91
1676458800000,1.07155,1.07208,1.07154,1.07182,2854.26
1676459700000,1.07182,1.0721,1.07164,1.072,2532.07
1676460600000,1.07201,1.07241,1.07185,1.07207,3027.19
1676461500000,1.07206,1.07208,1.07102,1.07108,2721.55
1676462400000,1.07109,1.07179,1.07104,1.0716,2996.52
1676463300000,1.0716,1.07177,1.07122,1.07124,3308.96
1676464200000,1.07126,1.07129,1.07068,1.07105,3188.1
1676465100000,1.07106,1.07113,1.06966,1.06974,6252.1799
1676466000000,1.06973,1.07027,1.06971,1.06995,6251.1501
1676466900000,1.06995,1.07049,1.06949,1.06967,5207.0601
1676467800000,1.06969,1.06969,1.06738,1.0691,20829.6601
1676468700000,1.06912,1.07058,1.0681,1.06828,16006.86
1676469600000,1.06828,1.06889,1.0678,1.06814,11033.99
1676470500000,1.06817,1.06866,1.06657,1.06761,12126.04
1676471400000,1.06762,1.06851,1.06736,1.06777,14260.8599
1676472300000,1.06777,1.06797,1.06685,1.0669,12481.06
1676473200000,1.06691,1.06775,1.06681,1.06732,13905.7099
1676474100000,1.06731,1.06845,1.06712,1.06726,12139.5301
1676475000000,1.06728,1.06789,1.06705,1.06708,10886.29
1676475900000,1.06706,1.0676,1.06649,1.06758,11634.4
1676476800000,1.06757,1.06875,1.06747,1.06816,9183.5
1676477700000,1.06819,1.06823,1.06687,1.0671,7302.42
1676478600000,1.06711,1.06834,1.06671,1.06822,6037.22
1676479500000,1.06821,1.06857,1.06798,1.0682,5035
1676480400000,1.0682,1.06822,1.06705,1.0671,5781.85
1676481300000,1.0671,1.06725,1.06661,1.06661,4320.05
1676482200000,1.06663,1.06682,1.06617,1.06673,6253.04
1676483100000,1.06674,1.06696,1.06647,1.06669,3279.23
1676484000000,1.06666,1.06696,1.06604,1.06691,5620.2701
1676484900000,1.06692,1.06745,1.06673,1.06731,4606.39
1676485800000,1.0673,1.06748,1.06671,1.06736,4998.52
1676486700000,1.06737,1.06779,1.06736,1.06755,3154.96
1676487600000,1.06755,1.0683,1.06753,1.06827,3159.07
1676488500000,1.06828,1.06852,1.06814,1.06847,2443.36
1676489400000,1.06848,1.06863,1.06834,1.0684,2438.91
1676490300000,1.0684,1.06843,1.06785,1.06808,3730.3
1676491200000,1.0681,1.06835,1.0681,1.06813,2600.53
1676492100000,1.06813,1.06823,1.06797,1.06818,1264.49
1676493000000,1.06817,1.0684,1.06812,1.06839,1766.62
1676493900000,1.06837,1.06901,1.06836,1.069,2250.16
1676494800000,1.06899,1.06902,1.06876,1.06897,1000.61
1676495700000,1.06896,1.06912,1.06887,1.06899,1071.89
1676496600000,1.06896,1.06903,1.06872,1.06886,705.72
1676497500000,1.06884,1.06887,1.06865,1.0688,549.93
1676498400000,1.06871,1.06891,1.06865,1.06891,1762.21
1676499300000,1.0689,1.06899,1.06883,1.06891,5005.71
1676500200000,1.06893,1.06893,1.06869,1.06889,9157.2599
1676501100000,1.06889,1.069,1.06849,1.0688,11093.0801
1676502000000,1.06881,1.06906,1.06878,1.06887,1157.5
1676502900000,1.06887,1.06889,1.06866,1.06883,476.57
1676503800000,1.06883,1.0691,1.06883,1.06897,550.65
1676504700000,1.06897,1.06922,1.06882,1.06912,487.81
1676505600000,1.06913,1.06953,1.06913,1.06927,1734.27
1676506500000,1.06928,1.06931,1.06897,1.06902,1402.78
1676507400000,1.06902,1.06912,1.06843,1.06851,4220.97
1676508300000,1.06853,1.0691,1.06847,1.06891,4158.11
1676509200000,1.0689,1.06916,1.06867,1.06909,3861.49
1676510100000,1.0691,1.06978,1.06908,1.06978,3252.7
1676511000000,1.06978,1.07079,1.06972,1.0706,4641.98
1676511900000,1.07058,1.07074,1.07032,1.07046,5147.48
1676512800000,1.07045,1.07062,1.07031,1.07042,3002.37
1676513700000,1.07044,1.0706,1.07024,1.07042,3611.89
1676514600000,1.07042,1.07147,1.07032,1.07129,4364.71
1676515500000,1.07129,1.0714,1.07103,1.07126,3138.04
1676516400000,1.07125,1.07125,1.07081,1.07088,2788.69
1676517300000,1.07088,1.07115,1.07075,1.07083,2359.8
1676518200000,1.07083,1.07099,1.07078,1.07081,2607.3
1676519100000,1.0708,1.07095,1.07076,1.07093,2315.96
1676520000000,1.07093,1.07103,1.07084,1.0709,1614.69
1676520900000,1.07092,1.07104,1.07077,1.07091,901.2
1676521800000,1.0709,1.07104,1.07066,1.07071,1644.11
1676522700000,1.07072,1.07096,1.07068,1.0707,1612.89
1676523600000,1.0707,1.07084,1.0705,1.07055,1777.39
1676524500000,1.07056,1.07056,1.07014,1.07033,1920.31
1676525400000,1.07032,1.07057,1.07008,1.07056,2220.48
1676526300000,1.07058,1.0707,1.07042,1.07052,2138.9
1676527200000,1.07052,1.07087,1.07,1.07008,2734.47
1676528100000,1.07007,1.07047,1.07005,1.07021,3234.72
1676529000000,1.07024,1.07036,1.0696,1.06966,3154.78
1676529900000,1.06967,1.07033,1.06966,1.06994,3857.37
1676530800000,1.06997,1.07033,1.06966,1.07011,5125.9099
1676531700000,1.07013,1.07087,1.07001,1.07074,4810.23
1676532600000,1.07073,1.07095,1.07057,1.07068,2936.6
1676533500000,1.07068,1.07102,1.07056,1.0709,3155.38
1676534400000,1.07087,1.07115,1.07027,1.07081,7348.1301
1676535300000,1.07081,1.07222,1.07077,1.07189,6633.47
1676536200000,1.07189,1.0719,1.0707,1.07087,4607.91
1676537100000,1.07086,1.07105,1.07004,1.07066,3778.79
1676538000000,1.07065,1.07126,1.07025,1.07076,4524.12
1676538900000,1.07077,1.07081,1.06979,1.07012,3601.55
1676539800000,1.07012,1.07014,1.06906,1.06947,4865.52
1676540700000,1.06948,1.07006,1.06888,1.07004,3994.75
1676541600000,1.07003,1.07067,1.06996,1.07056,3510.5099
1676542500000,1.07055,1.07091,1.07031,1.07071,3029.25
1676543400000,1.07071,1.07112,1.0707,1.07071,2293.91
1676544300000,1.07072,1.07125,1.07041,1.07061,2438.59
1676545200000,1.07062,1.07066,1.0701,1.07014,3659.03
1676546100000,1.07014,1.07021,1.06945,1.06945,3186.14
1676547000000,1.06945,1.07032,1.06935,1.07016,2979.3
1676547900000,1.07017,1.07063,1.06998,1.0705,2938.56
1676548800000,1.0705,1.0708,1.07034,1.07056,2801.58
1676549700000,1.07055,1.07077,1.06965,1.06971,2792.83
1676550600000,1.06973,1.07018,1.06927,1.07017,4219.67
1676551500000,1.07019,1.07024,1.06915,1.06936,4345.87
1676552400000,1.06937,1.0701,1.06937,1.06997,6882.26
1676553300000,1.06998,1.07086,1.06955,1.07032,7231.19
1676554200000,1.07033,1.07033,1.06745,1.06884,21249.16
1676555100000,1.06883,1.06886,1.06696,1.06792,18538.05
1676556000000,1.06791,1.06891,1.06757,1.06805,13166.47
1676556900000,1.06805,1.06851,1.06626,1.06647,10909.15
1676557800000,1.06647,1.06752,1.06641,1.06682,12606.92
1676558700000,1.06681,1.06738,1.06596,1.06627,12051.7499
1676559600000,1.06625,1.0667,1.06544,1.0664,13839.7501
1676560500000,1.06639,1.06735,1.06601,1.06722,10051.5101
1676561400000,1.06723,1.06825,1.0672,1.06736,10727.8301
1676562300000,1.06736,1.06746,1.06635,1.06729,9326.39
1676563200000,1.06731,1.06797,1.06716,1.06721,6695.15
1676564100000,1.06721,1.06787,1.06681,1.0678,7949.18
1676565000000,1.06781,1.06841,1.06767,1.06822,9510.6601
1676565900000,1.0682,1.06911,1.06809,1.06829,8184.66
1676566800000,1.06829,1.06841,1.06776,1.06818,6313.3
1676567700000,1.06821,1.06896,1.06799,1.06834,5183.19
1676568600000,1.06837,1.06907,1.06836,1.06907,5804.97
1676569500000,1.06907,1.06959,1.06905,1.06926,4618.92
1676570400000,1.06926,1.0696,1.0689,1.06918,4955.8701
1676571300000,1.06918,1.06922,1.06832,1.0684,5580.6001
1676572200000,1.06841,1.06912,1.06841,1.06902,4996.45
1676573100000,1.06903,1.06935,1.06875,1.06918,4473.59
1676574000000,1.06917,1.06962,1.06913,1.06943,5159.03
1676574900000,1.06942,1.06973,1.06938,1.06939,3284.76
1676575800000,1.06938,1.06968,1.06918,1.06932,3950.45
1676576700000,1.06931,1.06935,1.06891,1.06902,3429.2101
1676577600000,1.06901,1.06907,1.0672,1.06807,10239.48
1676578500000,1.06806,1.06813,1.06705,1.06728,6876.72
1676579400000,1.06727,1.06757,1.06691,1.06751,7699.2
1676580300000,1.06752,1.06759,1.0672,1.06736,4358.13
1676581200000,1.06735,1.06755,1.06711,1.06719,1853.21
1676582100000,1.0672,1.06732,1.06697,1.06731,1076.5
1676583000000,1.0673,1.06731,1.06714,1.06716,538.74
1676583900000,1.06714,1.06738,1.0671,1.06722,889.58
1676584800000,1.06728,1.06737,1.06715,1.06733,110.75
1676585700000,1.06732,1.06743,1.06724,1.06732,299.12
1676586600000,1.06732,1.06742,1.067,1.06705,1104.72
1676587500000,1.067,1.06707,1.06685,1.0669,652.3
1676588400000,1.0669,1.06698,1.06648,1.06648,1926.94
1676589300000,1.0665,1.06657,1.06628,1.06645,1636.77
1676590200000,1.06647,1.06653,1.06622,1.06637,1371.35
1676591100000,1.06636,1.06659,1.06636,1.06653,724.76
1676592000000,1.06653,1.06653,1.06613,1.06637,2182.37
1676592900000,1.06637,1.06639,1.06563,1.06567,1875.94
1676593800000,1.06566,1.06588,1.06551,1.06572,2343.87
1676594700000,1.06573,1.066,1.06562,1.06599,2739.2
1676595600000,1.06601,1.06613,1.06586,1.06601,2066.18
1676596500000,1.06602,1.06641,1.06597,1.0663,2048.71
1676597400000,1.0663,1.06654,1.06586,1.06589,2773.54
1676598300000,1.0659,1.0659,1.0652,1.06533,4305.84
1676599200000,1.06533,1.06533,1.06497,1.06517,4004.75
1676600100000,1.06518,1.0654,1.06487,1.06538,3537.36
1676601000000,1.06538,1.06549,1.06518,1.06519,2832.47
1676601900000,1.06518,1.06534,1.06499,1.0651,2066.9
1676602800000,1.0651,1.06518,1.06487,1.06494,1560.08
1676603700000,1.06493,1.06535,1.06489,1.06535,1640.01
1676604600000,1.06533,1.06554,1.06531,1.06549,2171.54
1676605500000,1.06548,1.06549,1.06512,1.06525,1675.28
1676606400000,1.06523,1.06529,1.0651,1.06524,1557.2
1676607300000,1.06523,1.06528,1.06464,1.06474,2464.5
1676608200000,1.06475,1.06475,1.06326,1.06327,4388.22
1676609100000,1.06328,1.06386,1.06328,1.06381,2727.51
1676610000000,1.06381,1.06405,1.0637,1.06384,2328.93
1676610900000,1.06383,1.06394,1.06363,1.06376,1707.84
1676611800000,1.06377,1.06391,1.06358,1.06367,1675.05
1676612700000,1.06366,1.06383,1.06354,1.06382,1768.41
1676613600000,1.06382,1.06387,1.06347,1.06349,2312.65
1676614500000,1.06349,1.06373,1.06321,1.06327,2058.42
1676615400000,1.06327,1.06369,1.06315,1.06358,2663.09
1676616300000,1.06359,1.06379,1.06327,1.06345,1290.63
1676617200000,1.06344,1.06373,1.06292,1.06366,4693.0399
1676618100000,1.06364,1.06392,1.06314,1.0639,4280.99
1676619000000,1.0639,1.06442,1.06349,1.06439,5305.28
1676619900000,1.06441,1.06461,1.06363,1.06437,6653.07
1676620800000,1.06438,1.06443,1.06311,1.06387,7333.5599
1676621700000,1.06386,1.06468,1.06363,1.06391,5858.61
1676622600000,1.0639,1.06411,1.06305,1.06348,5017.79
1676623500000,1.06348,1.06454,1.06332,1.06436,4637.22
1676624400000,1.06436,1.06504,1.06368,1.0649,5832.27
1676625300000,1.06489,1.06508,1.06434,1.06451,4466.42
1676626200000,1.06452,1.06611,1.06444,1.06461,5691.25
1676627100000,1.06462,1.06466,1.06356,1.06367,5075.58
1676628000000,1.06367,1.06384,1.06322,1.0637,6025.85
1676628900000,1.06369,1.06411,1.06361,1.06379,4758.02
1676629800000,1.06381,1.06421,1.06375,1.06405,3464.81
1676630700000,1.06405,1.06446,1.06387,1.06414,4175.17
1676631600000,1.06415,1.06418,1.06323,1.0633,3855.5
1676632500000,1.06329,1.06357,1.06284,1.06319,4016.31
1676633400000,1.06319,1.06342,1.06289,1.0631,3691.89
1676634300000,1.06309,1.06317,1.06236,1.06256,3694.88
1676635200000,1.06257,1.06264,1.06171,1.06171,6281.86
1676636100000,1.06171,1.06232,1.06126,1.06186,5284.35
1676637000000,1.06185,1.06229,1.06158,1.06178,6059.1701
1676637900000,1.06178,1.06226,1.06126,1.06198,5856.92
1676638800000,1.06199,1.06269,1.06199,1.0624,5066.5599
1676639700000,1.06242,1.06305,1.06234,1.06302,4812.55
1676640600000,1.06302,1.06363,1.06267,1.06323,7848.3101
1676641500000,1.06326,1.06437,1.06326,1.06409,6155.5699
1676642400000,1.0641,1.06546,1.06373,1.06518,7166.14
1676643300000,1.06517,1.06553,1.06443,1.06481,7595.74
1676644200000,1.0648,1.06488,1.06395,1.06417,11023.19
1676645100000,1.06418,1.06426,1.06367,1.06403,6529.08
1676646000000,1.06402,1.06728,1.06402,1.06637,13273.38
1676646900000,1.06637,1.06788,1.0662,1.06638,17303.9198
1676647800000,1.06637,1.06819,1.06633,1.06663,17043.0901
1676648700000,1.06663,1.06726,1.06592,1.06619,15017.1699
1676649600000,1.0662,1.06703,1.06608,1.06681,10515.9399
1676650500000,1.06682,1.06685,1.06566,1.0661,9379.62
1676651400000,1.06609,1.06745,1.06603,1.06733,10007.6799
1676652300000,1.06732,1.06793,1.06732,1.06769,6135.8201
1676653200000,1.06768,1.06901,1.06767,1.06892,8415.76
1676654100000,1.06893,1.06937,1.06825,1.06908,6046.66
1676655000000,1.06906,1.06915,1.06879,1.06899,4319.04
1676655900000,1.06899,1.06903,1.06777,1.06782,4334.18
1676656800000,1.06786,1.06875,1.06773,1.06874,3326.86
1676657700000,1.06874,1.06895,1.06852,1.06874,3176.72
1676658600000,1.06873,1.06883,1.06828,1.06872,3697.74
1676659500000,1.06876,1.06906,1.06837,1.06853,3514.36
1676660400000,1.06854,1.06903,1.06853,1.06895,3899.4601
1676661300000,1.06897,1.06949,1.06893,1.06916,2128.77
1676662200000,1.06917,1.06957,1.06892,1.069,3561.52
1676663100000,1.06901,1.06967,1.06899,1.06961,2789.64
1676664000000,1.06962,1.06982,1.06944,1.0697,2703.1
1676664900000,1.0697,1.06981,1.06934,1.06939,1841
1676665800000,1.06938,1.06981,1.06934,1.06949,2265.56
1676666700000,1.06949,1.06962,1.06934,1.06944,1631.115
1676667600000,1.06945,1.06976,1.06938,1.06944,893.31
1676668500000,1.06944,1.06971,1.06926,1.06962,802.3
1676669400000,1.06961,1.06963,1.06946,1.06951,352.39
1676670300000,1.06949,1.06951,1.06925,1.06929,2767.5101
1676671200000,1.06929,1.06929,1.06929,1.06929,0
1676672100000,1.06929,1.06929,1.06929,1.06929,0
1676673000000,1.06929,1.06929,1.06929,1.06929,0
1676673900000,1.06929,1.06929,1.06929,1.06929,0
1676674800000,1.06929,1.06929,1.06929,1.06929,0
1676675700000,1.06929,1.06929,1.06929,1.06929,0
1676676600000,1.06929,1.06929,1.06929,1.06929,0
1676677500000,1.06929,1.06929,1.06929,1.06929,0
1676678400000,1.06929,1.06929,1.06929,1.06929,0
1676679300000,1.06929,1.06929,1.06929,1.06929,0
1676680200000,1.06929,1.06929,1.06929,1.06929,0
1676681100000,1.06929,1.06929,1.06929,1.06929,0
1676682000000,1.06929,1.06929,1.06929,1.06929,0
1676682900000,1.06929,1.06929,1.06929,1.06929,0
1676683800000,1.06929,1.06929,1.06929,1.06929,0
1676684700000,1.06929,1.06929,1.06929,1.06929,0
1676685600000,1.06929,1.06929,1.06929,1.06929,0
1676686500000,1.06929,1.06929,1.06929,1.06929,0
1676687400000,1.06929,1.06929,1.06929,1.06929,0
1676688300000,1.06929,1.06929,1.06929,1.06929,0
1676689200000,1.06929,1.06929,1.06929,1.06929,0
1676690100000,1.06929,1.06929,1.06929,1.06929,0
1676691000000,1.06929,1.06929,1.06929,1.06929,0
1676691900000,1.06929,1.06929,1.06929,1.06929,0
1676692800000,1.06929,1.06929,1.06929,1.06929,0
1676693700000,1.06929,1.06929,1.06929,1.06929,0
1676694600000,1.06929,1.06929,1.06929,1.06929,0
1676695500000,1.06929,1.06929,1.06929,1.06929,0
1676696400000,1.06929,1.06929,1.06929,1.06929,0
1676697300000,1.06929,1.06929,1.06929,1.06929,0
1676698200000,1.06929,1.06929,1.06929,1.06929,0
1676699100000,1.06929,1.06929,1.06929,1.06929,0
1676700000000,1.06929,1.06929,1.06929,1.06929,0
1676700900000,1.06929,1.06929,1.06929,1.06929,0
1676701800000,1.06929,1.06929,1.06929,1.06929,0
1676702700000,1.06929,1.06929,1.06929,1.06929,0
1676703600000,1.06929,1.06929,1.06929,1.06929,0
1676704500000,1.06929,1.06929,1.06929,1.06929,0
1676705400000,1.06929,1.06929,1.06929,1.06929,0
1676706300000,1.06929,1.06929,1.06929,1.06929,0
1676707200000,1.06929,1.06929,1.06929,1.06929,0
1676708100000,1.06929,1.06929,1.06929,1.06929,0
1676709000000,1.06929,1.06929,1.06929,1.06929,0
1676709900000,1.06929,1.06929,1.06929,1.06929,0
1676710800000,1.06929,1.06929,1.06929,1.06929,0
1676711700000,1.06929,1.06929,1.06929,1.06929,0
1676712600000,1.06929,1.06929,1.06929,1.06929,0
1676713500000,1.06929,1.06929,1.06929,1.06929,0
1676714400000,1.06929,1.06929,1.06929,1.06929,0
1676715300000,1.06929,1.06929,1.06929,1.06929,0
1676716200000,1.06929,1.06929,1.06929,1.06929,0
1676717100000,1.06929,1.06929,1.06929,1.06929,0
1676718000000,1.06929,1.06929,1.06929,1.06929,0
1676718900000,1.06929,1.06929,1.06929,1.06929,0
1676719800000,1.06929,1.06929,1.06929,1.06929,0
1676720700000,1.06929,1.06929,1.06929,1.06929,0
1676721600000,1.06929,1.06929,1.06929,1.06929,0
1676722500000,1.06929,1.06929,1.06929,1.06929,0
1676723400000,1.06929,1.06929,1.06929,1.06929,0
1676724300000,1.06929,1.06929,1.06929,1.06929,0
1676725200000,1.06929,1.06929,1.06929,1.06929,0
1676726100000,1.06929,1.06929,1.06929,1.06929,0
1676727000000,1.06929,1.06929,1.06929,1.06929,0
1676727900000,1.06929,1.06929,1.06929,1.06929,0
1676728800000,1.06929,1.06929,1.06929,1.06929,0
1676729700000,1.06929,1.06929,1.06929,1.06929,0
1676730600000,1.06929,1.06929,1.06929,1.06929,0
1676731500000,1.06929,1.06929,1.06929,1.06929,0
1676732400000,1.06929,1.06929,1.06929,1.06929,0
1676733300000,1.06929,1.06929,1.06929,1.06929,0
1676734200000,1.06929,1.06929,1.06929,1.06929,0
1676735100000,1.06929,1.06929,1.06929,1.06929,0
1676736000000,1.06929,1.06929,1.06929,1.06929,0
1676736900000,1.06929,1.06929,1.06929,1.06929,0
1676737800000,1.06929,1.06929,1.06929,1.06929,0
1676738700000,1.06929,1.06929,1.06929,1.06929,0
1676739600000,1.06929,1.06929,1.06929,1.06929,0
1676740500000,1.06929,1.06929,1.06929,1.06929,0
1676741400000,1.06929,1.06929,1.06929,1.06929,0
1676742300000,1.06929,1.06929,1.06929,1.06929,0
1676743200000,1.06929,1.06929,1.06929,1.06929,0
1676744100000,1.06929,1.06929,1.06929,1.06929,0
1676745000000,1.06929,1.06929,1.06929,1.06929,0
1676745900000,1.06929,1.06929,1.06929,1.06929,0
1676746800000,1.06929,1.06929,1.06929,1.06929,0
1676747700000,1.06929,1.06929,1.06929,1.06929,0
1676748600000,1.06929,1.06929,1.06929,1.06929,0
1676749500000,1.06929,1.06929,1.06929,1.06929,0
1676750400000,1.06929,1.06929,1.06929,1.06929,0
1676751300000,1.06929,1.06929,1.06929,1.06929,0
1676752200000,1.06929,1.06929,1.06929,1.06929,0
1676753100000,1.06929,1.06929,1.06929,1.06929,0
1676754000000,1.06929,1.06929,1.06929,1.06929,0
1676754900000,1.06929,1.06929,1.06929,1.06929,0
1676755800000,1.06929,1.06929,1.06929,1.06929,0
1676756700000,1.06929,1.06929,1.06929,1.06929,0
1676757600000,1.06929,1.06929,1.06929,1.06929,0
1676758500000,1.06929,1.06929,1.06929,1.06929,0
1676759400000,1.06929,1.06929,1.06929,1.06929,0
1676760300000,1.06929,1.06929,1.06929,1.06929,0
1676761200000,1.06929,1.06929,1.06929,1.06929,0
1676762100000,1.06929,1.06929,1.06929,1.06929,0
1676763000000,1.06929,1.06929,1.06929,1.06929,0
1676763900000,1.06929,1.06929,1.06929,1.06929,0
1676764800000,1.06929,1.06929,1.06929,1.06929,0
1676765700000,1.06929,1.06929,1.06929,1.06929,0
1676766600000,1.06929,1.06929,1.06929,1.06929,0
1676767500000,1.06929,1.06929,1.06929,1.06929,0
1676768400000,1.06929,1.06929,1.06929,1.06929,0
1676769300000,1.06929,1.06929,1.06929,1.06929,0
1676770200000,1.06929,1.06929,1.06929,1.06929,0
1676771100000,1.06929,1.06929,1.06929,1.06929,0
1676772000000,1.06929,1.06929,1.06929,1.06929,0
1676772900000,1.06929,1.06929,1.06929,1.06929,0
1676773800000,1.06929,1.06929,1.06929,1.06929,0
1676774700000,1.06929,1.06929,1.06929,1.06929,0
1676775600000,1.06929,1.06929,1.06929,1.06929,0
1676776500000,1.06929,1.06929,1.06929,1.06929,0
1676777400000,1.06929,1.06929,1.06929,1.06929,0
1676778300000,1.06929,1.06929,1.06929,1.06929,0
1676779200000,1.06929,1.06929,1.06929,1.06929,0
1676780100000,1.06929,1.06929,1.06929,1.06929,0
1676781000000,1.06929,1.06929,1.06929,1.06929,0
1676781900000,1.06929,1.06929,1.06929,1.06929,0
1676782800000,1.06929,1.06929,1.06929,1.06929,0
1676783700000,1.06929,1.06929,1.06929,1.06929,0
1676784600000,1.06929,1.06929,1.06929,1.06929,0
1676785500000,1.06929,1.06929,1.06929,1.06929,0
1676786400000,1.06929,1.06929,1.06929,1.06929,0
1676787300000,1.06929,1.06929,1.06929,1.06929,0
1676788200000,1.06929,1.06929,1.06929,1.06929,0
1676789100000,1.06929,1.06929,1.06929,1.06929,0
1676790000000,1.06929,1.06929,1.06929,1.06929,0
1676790900000,1.06929,1.06929,1.06929,1.06929,0
1676791800000,1.06929,1.06929,1.06929,1.06929,0
1676792700000,1.06929,1.06929,1.06929,1.06929,0
1676793600000,1.06929,1.06929,1.06929,1.06929,0
1676794500000,1.06929,1.06929,1.06929,1.06929,0
1676795400000,1.06929,1.06929,1.06929,1.06929,0
1676796300000,1.06929,1.06929,1.06929,1.06929,0
1676797200000,1.06929,1.06929,1.06929,1.06929,0
1676798100000,1.06929,1.06929,1.06929,1.06929,0
1676799000000,1.06929,1.06929,1.06929,1.06929,0
1676799900000,1.06929,1.06929,1.06929,1.06929,0
1676800800000,1.06929,1.06929,1.06929,1.06929,0
1676801700000,1.06929,1.06929,1.06929,1.06929,0
1676802600000,1.06929,1.06929,1.06929,1.06929,0
1676803500000,1.06929,1.06929,1.06929,1.06929,0
1676804400000,1.06929,1.06929,1.06929,1.06929,0
1676805300000,1.06929,1.06929,1.06929,1.06929,0
1676806200000,1.06929,1.06929,1.06929,1.06929,0
1676807100000,1.06929,1.06929,1.06929,1.06929,0
1676808000000,1.06929,1.06929,1.06929,1.06929,0
1676808900000,1.06929,1.06929,1.06929,1.06929,0
1676809800000,1.06929,1.06929,1.06929,1.06929,0
1676810700000,1.06929,1.06929,1.06929,1.06929,0
1676811600000,1.06929,1.06929,1.06929,1.06929,0
1676812500000,1.06929,1.06929,1.06929,1.06929,0
1676813400000,1.06929,1.06929,1.06929,1.06929,0
1676814300000,1.06929,1.06929,1.06929,1.06929,0
1676815200000,1.06929,1.06929,1.06929,1.06929,0
1676816100000,1.06929,1.06929,1.06929,1.06929,0
1676817000000,1.06929,1.06929,1.06929,1.06929,0
1676817900000,1.06929,1.06929,1.06929,1.06929,0
1676818800000,1.06929,1.06929,1.06929,1.06929,0
1676819700000,1.06929,1.06929,1.06929,1.06929,0
1676820600000,1.06929,1.06929,1.06929,1.06929,0
1676821500000,1.06929,1.06929,1.06929,1.06929,0
1676822400000,1.06929,1.06929,1.06929,1.06929,0
1676823300000,1.06929,1.06929,1.06929,1.06929,0
1676824200000,1.06929,1.06929,1.06929,1.06929,0
1676825100000,1.06929,1.06929,1.06929,1.06929,0
1676826000000,1.06929,1.06929,1.06929,1.06929,0
1676826900000,1.06929,1.06929,1.06929,1.06929,0
1676827800000,1.06929,1.06929,1.06929,1.06929,0
1676828700000,1.06929,1.06929,1.06929,1.06929,0
1676829600000,1.06929,1.06929,1.06929,1.06929,0
1676830500000,1.06929,1.06929,1.06929,1.06929,0
1676831400000,1.06929,1.06929,1.06929,1.06929,0
1676832300000,1.06929,1.06929,1.06929,1.06929,0
1676833200000,1.06929,1.06929,1.06929,1.06929,0
1676834100000,1.06929,1.06929,1.06929,1.06929,0
1676835000000,1.06929,1.06929,1.06929,1.06929,0
1676835900000,1.06929,1.06929,1.06929,1.06929,0
1676836800000,1.06929,1.06929,1.06929,1.06929,0
1676837700000,1.06929,1.06929,1.06929,1.06929,0
1676838600000,1.06929,1.06929,1.06929,1.06929,0
1676839500000,1.06929,1.06929,1.06929,1.06929,0
1676840400000,1.06929,1.06929,1.06929,1.06929,0
1676841300000,1.06929,1.06929,1.06929,1.06929,0
1676842200000,1.06929,1.06929,1.06929,1.06929,0
1676843100000,1.06929,1.06929,1.06929,1.06929,0
1676844000000,1.06849,1.06884,1.06844,1.06877,111.33
1676844900000,1.06878,1.06887,1.06872,1.06875,159.3
1676845800000,1.06875,1.06931,1.06871,1.06928,820.43
1676846700000,1.06927,1.06933,1.06895,1.06905,6284.33
1676847600000,1.06907,1.0693,1.06849,1.06851,2584.53
1676848500000,1.06852,1.06879,1.06822,1.06864,4377.67
1676849400000,1.06864,1.0688,1.06854,1.06861,1092.53
1676850300000,1.06862,1.06871,1.06833,1.06838,1305.2
1676851200000,1.0684,1.06854,1.06765,1.06769,3711.8
1676852100000,1.06771,1.06783,1.06763,1.06774,2624.41
1676853000000,1.06774,1.06782,1.06734,1.06734,3064.23
1676853900000,1.06734,1.06788,1.06728,1.06788,2546.61
1676854800000,1.06788,1.0679,1.06766,1.06775,2182.76
1676855700000,1.06774,1.0681,1.06765,1.06802,1784.64
1676856600000,1.06802,1.06804,1.06733,1.0678,2098.09
1676857500000,1.0678,1.0678,1.06747,1.06758,2103.02
1676858400000,1.06757,1.06784,1.06753,1.06773,2381.08
1676859300000,1.06774,1.06825,1.0677,1.0682,2229.5
1676860200000,1.0682,1.06828,1.06779,1.06794,1786.59
1676861100000,1.06794,1.06864,1.06794,1.06836,2580.63
1676862000000,1.06835,1.0684,1.06812,1.06818,2526.6
1676862900000,1.06819,1.06823,1.06787,1.06802,2362.63
1676863800000,1.06803,1.06828,1.06798,1.06815,1757.04
1676864700000,1.06815,1.0683,1.06801,1.06816,1455.99
1676865600000,1.06816,1.06855,1.06813,1.06838,1726.11
1676866500000,1.06839,1.0691,1.06839,1.06879,2496.33
1676867400000,1.06878,1.06912,1.06867,1.06867,2468.55
1676868300000,1.06868,1.06881,1.06859,1.06864,2589.62
1676869200000,1.06865,1.06875,1.06836,1.06856,1908.25
1676870100000,1.06856,1.06867,1.06844,1.06857,1268.04
1676871000000,1.06859,1.06887,1.06854,1.06885,1995.4
1676871900000,1.06887,1.06931,1.06885,1.06907,3604.3199
1676872800000,1.06906,1.06936,1.0689,1.06915,4183.95
1676873700000,1.06916,1.06931,1.06884,1.0692,5829.34
1676874600000,1.06918,1.06931,1.06897,1.06905,3061.8
1676875500000,1.06906,1.0691,1.06874,1.06904,2975.83
1676876400000,1.06904,1.06943,1.06874,1.0693,3361.34
1676877300000,1.06931,1.06981,1.06923,1.06972,2567.03
1676878200000,1.06973,1.07035,1.06972,1.07015,3080.32
1676879100000,1.07017,1.07021,1.06985,1.07015,2479.56
1676880000000,1.07015,1.07044,1.06961,1.06971,4274.5601
1676880900000,1.0697,1.07017,1.06925,1.06946,4146.53
1676881800000,1.06944,1.06962,1.0686,1.06883,4565.56
1676882700000,1.06882,1.06947,1.06852,1.06925,3316.14
1676883600000,1.06926,1.06991,1.06916,1.06965,3635.53
1676884500000,1.06966,1.06966,1.06865,1.06875,2269.27
1676885400000,1.06875,1.06886,1.0682,1.06856,4236.5
1676886300000,1.06857,1.06882,1.0679,1.06793,4609.53
1676887200000,1.06792,1.06887,1.0678,1.06885,3745.8501
1676888100000,1.06885,1.06887,1.06808,1.06846,2915.23
1676889000000,1.06846,1.0686,1.06808,1.06857,3028.65
1676889900000,1.06857,1.06888,1.06839,1.06881,3050.49
1676890800000,1.06881,1.06882,1.06828,1.06874,3015.41
1676891700000,1.06875,1.06896,1.06833,1.06866,3049.51
1676892600000,1.06866,1.06921,1.06836,1.069,3297.92
1676893500000,1.06898,1.06916,1.06829,1.0685,3093.06
1676894400000,1.06852,1.06861,1.0679,1.06805,2922.54
1676895300000,1.06805,1.0684,1.068,1.0683,1689.94
1676896200000,1.06829,1.06851,1.06753,1.06758,3248.97
1676897100000,1.06759,1.06787,1.06704,1.06712,4002.7
1676898000000,1.06713,1.06756,1.06701,1.0674,4586.05
1676898900000,1.06741,1.0679,1.06738,1.06784,3797.23
1676899800000,1.06782,1.06861,1.06764,1.06852,4512.82
1676900700000,1.0685,1.06859,1.06782,1.06803,2972.29
1676901600000,1.06803,1.06855,1.06781,1.0684,3459.1
1676902500000,1.0684,1.0689,1.06839,1.06886,2502.5
1676903400000,1.06887,1.06913,1.06843,1.06855,3304.56
1676904300000,1.06856,1.06909,1.06849,1.06886,2863.21
1676905200000,1.06885,1.06938,1.06857,1.06877,2030.47
1676906100000,1.06877,1.06885,1.06836,1.06861,2144.02
1676907000000,1.06861,1.06868,1.0684,1.06863,2312.02
1676907900000,1.06864,1.0692,1.06854,1.0686,3888.63
1676908800000,1.06861,1.06875,1.06831,1.06859,2485.62
1676909700000,1.0686,1.06876,1.06842,1.06846,1226.98
1676910600000,1.06847,1.06863,1.06829,1.06854,1547.92
1676911500000,1.06854,1.0689,1.06837,1.06882,1539.97
1676912400000,1.06882,1.06905,1.06859,1.06864,1588.4
1676913300000,1.06866,1.06867,1.06838,1.06867,1449.91
1676914200000,1.06866,1.06876,1.06863,1.06867,612.16
1676915100000,1.06866,1.0688,1.06853,1.06854,1142.73
1676916000000,1.06854,1.06867,1.06854,1.06862,482.21
1676916900000,1.06862,1.06863,1.06854,1.06856,624.47
1676917800000,1.06857,1.06859,1.06849,1.06851,213.81
1676918700000,1.0685,1.0686,1.06832,1.06832,514.61
1676919600000,1.06833,1.06852,1.06832,1.06852,392.89
1676920500000,1.06853,1.06857,1.06849,1.06855,635.62
1676921400000,1.06854,1.06858,1.06852,1.06858,659.72
1676922300000,1.06858,1.06872,1.06851,1.0687,502.75
1676923200000,1.06871,1.06873,1.06861,1.06862,916.47
1676924100000,1.06862,1.06869,1.06861,1.06862,682.26
1676925000000,1.06864,1.06864,1.06857,1.06859,1673.12
1676925900000,1.06861,1.06869,1.06842,1.06844,795.72
1676926800000,1.06843,1.06849,1.06823,1.06844,400.22
1676927700000,1.06843,1.06858,1.0683,1.06841,635.77
1676928600000,1.06842,1.06858,1.06839,1.06855,514.08
1676929500000,1.06854,1.06861,1.06837,1.06841,383.95
1676930400000,1.06839,1.06849,1.06836,1.06839,19.2
1676931300000,1.06839,1.0684,1.06839,1.06839,15.9
1676932200000,1.06839,1.06874,1.06839,1.06868,3793.55
1676933100000,1.06867,1.0687,1.06835,1.06848,3729.83
1676934000000,1.06847,1.06874,1.06841,1.06864,687.69
1676934900000,1.06866,1.06884,1.0686,1.06878,1089.68
1676935800000,1.06879,1.06884,1.06859,1.06863,362.77
1676936700000,1.06863,1.06865,1.0682,1.06821,827.34
1676937600000,1.06821,1.06835,1.06773,1.06783,1692.07
1676938500000,1.06782,1.0682,1.0678,1.06812,904.53
1676939400000,1.06811,1.06849,1.06804,1.06812,1566.59
1676940300000,1.06812,1.06831,1.06769,1.0677,2182.95
1676941200000,1.06769,1.06769,1.06673,1.06699,4005.95
1676942100000,1.06699,1.06741,1.06686,1.0669,2357.97
1676943000000,1.0669,1.06734,1.06679,1.06732,3127.94
1676943900000,1.06731,1.06777,1.06729,1.06735,2753.14
1676944800000,1.06735,1.06751,1.06706,1.06723,2779.95
1676945700000,1.06722,1.06739,1.06668,1.06693,2717.9
1676946600000,1.06691,1.06711,1.06673,1.06678,3651.61
1676947500000,1.06678,1.06694,1.06633,1.06634,2334.26
1676948400000,1.06633,1.06664,1.0662,1.06629,2507.44
1676949300000,1.06628,1.06657,1.06625,1.0664,2426.52
1676950200000,1.06639,1.06659,1.06631,1.06637,1923.34
1676951100000,1.06638,1.06667,1.06635,1.06665,1850.29
1676952000000,1.06667,1.06678,1.06633,1.06641,1268.36
1676952900000,1.06641,1.0665,1.06627,1.06646,1530.82
1676953800000,1.06647,1.06672,1.0664,1.06665,1269.96
1676954700000,1.06665,1.06697,1.06659,1.06683,1969.22
1676955600000,1.06682,1.06706,1.0666,1.06662,2242.91
1676956500000,1.06661,1.06686,1.06659,1.06665,2322.6
1676957400000,1.06666,1.06711,1.0666,1.06709,1944.81
1676958300000,1.06708,1.06739,1.06679,1.06735,2366.78
1676959200000,1.06735,1.06735,1.06685,1.06701,2790.79
1676960100000,1.06702,1.06734,1.06702,1.0673,2610.14
1676961000000,1.06734,1.06734,1.0667,1.06684,2520.21
1676961900000,1.06684,1.06725,1.06675,1.0671,2661.63
1676962800000,1.06711,1.06722,1.06668,1.06671,3725.34
1676963700000,1.06672,1.06678,1.06599,1.06613,3761.54
1676964600000,1.06613,1.06662,1.06604,1.0665,3074.51
1676965500000,1.06652,1.06699,1.06635,1.06696,3081.12
1676966400000,1.06696,1.06758,1.06673,1.06745,6462.2801
1676967300000,1.06747,1.06883,1.06721,1.06773,9092.0201
1676968200000,1.06774,1.06774,1.06643,1.06754,9748.29
1676969100000,1.06753,1.06756,1.06594,1.06603,7580.26
1676970000000,1.06603,1.06679,1.06593,1.06671,6353.69
1676970900000,1.06669,1.06679,1.06425,1.06549,9063.7499
1676971800000,1.06551,1.06719,1.06549,1.06669,11044.8599
1676972700000,1.06669,1.0675,1.06607,1.06626,9830.5999
1676973600000,1.06624,1.0668,1.0657,1.06629,7390.6499
1676974500000,1.06628,1.06629,1.06515,1.06594,4833.85
1676975400000,1.06596,1.0661,1.06547,1.06591,4531.42
1676976300000,1.06591,1.06596,1.06455,1.06486,5121.66
1676977200000,1.06487,1.06524,1.06461,1.06523,4596.95
1676978100000,1.06522,1.06578,1.06522,1.06557,4900.07
1676979000000,1.06558,1.06607,1.06529,1.0659,5581.46
1676979900000,1.0659,1.06605,1.0654,1.06571,3727.79
1676980800000,1.06571,1.06577,1.06489,1.06495,4648.16
1676981700000,1.06497,1.06525,1.06469,1.06518,3190.58
1676982600000,1.06518,1.06566,1.06516,1.06553,4648.84
1676983500000,1.06554,1.06645,1.06552,1.06597,5779.44
1676984400000,1.06598,1.06649,1.06562,1.06635,5831.66
1676985300000,1.06636,1.06651,1.06566,1.06626,6640.5901
1676986200000,1.06627,1.06694,1.06571,1.06576,7074.1501
1676987100000,1.06576,1.06594,1.06515,1.06527,8158.4401
1676988000000,1.06527,1.06668,1.06526,1.06582,7122.64
1676988900000,1.06582,1.06688,1.06581,1.06604,7563.6198
1676989800000,1.06605,1.0673,1.06601,1.06634,9712.14
1676990700000,1.06634,1.06634,1.06437,1.06484,21171.1601
1676991600000,1.06482,1.06697,1.06456,1.06602,18413.83
1676992500000,1.06604,1.06743,1.06559,1.0674,12218.8701
1676993400000,1.0674,1.0698,1.06731,1.06881,13570.7
1676994300000,1.06879,1.06904,1.06811,1.0685,11007.26
1676995200000,1.0685,1.06854,1.067,1.06707,8215.76
1676996100000,1.06707,1.0673,1.06655,1.06727,6281.46
1676997000000,1.06727,1.06763,1.06609,1.0662,8169.58
1676997900000,1.06618,1.06665,1.06559,1.06562,6056.7
1676998800000,1.06561,1.06585,1.0654,1.06567,5722.27
1676999700000,1.06567,1.06586,1.06525,1.06573,4082.42
1677000600000,1.06572,1.06626,1.06548,1.0658,4157.4
1677001500000,1.06578,1.06613,1.06567,1.06604,3169.73
1677002400000,1.06606,1.06612,1.0651,1.06525,3774.26
1677003300000,1.06526,1.06533,1.0644,1.0646,3065.68
1677004200000,1.06461,1.06473,1.06384,1.06419,3380.54
1677005100000,1.0642,1.06432,1.06372,1.06426,4365.1
1677006000000,1.06426,1.06437,1.06397,1.06421,3533.14
1677006900000,1.06421,1.06458,1.0641,1.06456,2437.8
1677007800000,1.06456,1.06506,1.06437,1.06505,3302.66
1677008700000,1.06503,1.06522,1.0647,1.06484,3510.1
1677009600000,1.06484,1.06524,1.06457,1.06464,3230.37
1677010500000,1.06464,1.06483,1.0645,1.06482,2897.44
1677011400000,1.06484,1.06519,1.06484,1.06512,2518.72
1677012300000,1.06513,1.06523,1.06454,1.06454,3821.3701
1677013200000,1.06455,1.06484,1.06454,1.06472,758.26
1677014100000,1.06471,1.06471,1.06434,1.0645,548.63
1677015000000,1.0645,1.0645,1.0643,1.06449,320.85
1677015900000,1.0645,1.06472,1.06446,1.06449,429.56
1677016800000,1.06438,1.06489,1.0643,1.06478,1090.28
1677017700000,1.06478,1.06479,1.06458,1.06472,504.2
1677018600000,1.06473,1.06478,1.06446,1.06457,9788.0601
1677019500000,1.06459,1.06489,1.06449,1.06482,7038.96
1677020400000,1.06487,1.06499,1.06474,1.06477,777.03
1677021300000,1.06476,1.06504,1.06472,1.06503,946.09
1677022200000,1.06503,1.06534,1.06486,1.06513,798.1
1677023100000,1.06511,1.06523,1.06503,1.06512,876.12
1677024000000,1.06513,1.06549,1.06485,1.06517,4472.88
1677024900000,1.06517,1.06548,1.06516,1.06538,1802.53
1677025800000,1.06537,1.06549,1.06495,1.06537,3581.68
1677026700000,1.06537,1.06583,1.06537,1.06576,4149
1677027600000,1.06576,1.06604,1.06565,1.0658,3691.54
1677028500000,1.06578,1.06627,1.06573,1.06627,3459.61
1677029400000,1.06627,1.06638,1.06576,1.06581,3478.07
1677030300000,1.0658,1.06592,1.06536,1.06573,2609.86
1677031200000,1.06573,1.06599,1.06542,1.06544,2743.95
1677032100000,1.06546,1.06573,1.06535,1.06572,2950.06
1677033000000,1.0657,1.06604,1.06545,1.06585,2449.18
1677033900000,1.06584,1.06599,1.06557,1.06559,3217.23
1677034800000,1.06557,1.06617,1.06557,1.06613,1616.32
1677035700000,1.06612,1.06624,1.06571,1.06582,1419.12
1677036600000,1.06584,1.06585,1.06547,1.06567,1007.4
1677037500000,1.06566,1.06596,1.06559,1.06596,941.86
1677038400000,1.06594,1.06599,1.06576,1.06591,602.79
1677039300000,1.06591,1.06591,1.06566,1.0658,1014.31
1677040200000,1.06579,1.0658,1.06565,1.06576,852.58
1677041100000,1.06578,1.06598,1.06569,1.06585,1013.57
1677042000000,1.06584,1.06588,1.06528,1.06529,1753.24
1677042900000,1.06529,1.0654,1.0651,1.0651,1207.14
1677043800000,1.06511,1.06571,1.06511,1.0657,1334.43
1677044700000,1.06572,1.06583,1.06559,1.06573,1591.25
1677045600000,1.06573,1.06583,1.06558,1.06569,1181.93
1677046500000,1.06568,1.06574,1.06551,1.06551,1572.76
1677047400000,1.06551,1.06599,1.06551,1.06589,1607.43
1677048300000,1.06591,1.06601,1.06561,1.06561,1782.28
1677049200000,1.06563,1.06614,1.06544,1.06567,3235.38
1677050100000,1.06569,1.06582,1.06523,1.06579,2129.03
1677051000000,1.06579,1.06594,1.06547,1.06557,2954.39
1677051900000,1.06559,1.06632,1.06531,1.06534,3138.77
1677052800000,1.06532,1.06576,1.06467,1.06541,5329.66
1677053700000,1.06541,1.06565,1.06518,1.06527,3558.99
1677054600000,1.06529,1.06559,1.06434,1.06456,4812.48
1677055500000,1.06455,1.06478,1.06426,1.06452,4033.95
1677056400000,1.06454,1.06459,1.06354,1.06444,4431.82
1677057300000,1.06444,1.06504,1.06391,1.06442,3834.18
1677058200000,1.06443,1.06453,1.06372,1.06424,5810.51
1677059100000,1.06424,1.06485,1.06364,1.06375,6216.16
1677060000000,1.06373,1.0642,1.06307,1.06361,5094.9299
1677060900000,1.06363,1.06412,1.0632,1.06367,4448.51
1677061800000,1.06368,1.06386,1.06292,1.06375,3166.13
1677062700000,1.06374,1.06388,1.06247,1.06249,2539.23
1677063600000,1.06249,1.06349,1.06245,1.06292,3673.42
1677064500000,1.06294,1.06359,1.06292,1.06342,3028.41
1677065400000,1.06342,1.06345,1.06245,1.06255,4283.3701
1677066300000,1.06254,1.063,1.06249,1.063,3669.26
1677067200000,1.06303,1.06336,1.06252,1.0631,4870.9001
1677068100000,1.06309,1.06412,1.06308,1.06391,5228.37
1677069000000,1.06391,1.06471,1.06379,1.06383,5859.25
1677069900000,1.06382,1.06476,1.06373,1.06476,3604.31
1677070800000,1.06477,1.06503,1.06408,1.06435,5219.41
1677071700000,1.06436,1.06489,1.06413,1.06424,4810.55
1677072600000,1.06426,1.06465,1.06388,1.06389,4422.41
1677073500000,1.06388,1.06484,1.06359,1.0646,5124.18
1677074400000,1.06459,1.06494,1.06409,1.06427,5502.38
1677075300000,1.0643,1.06491,1.06413,1.0647,4194.97
1677076200000,1.0647,1.06562,1.06461,1.06522,10169.2801
1677077100000,1.06523,1.06602,1.06494,1.06496,5984.91
1677078000000,1.065,1.06573,1.0639,1.06452,7035.7701
1677078900000,1.06452,1.0654,1.06406,1.06466,7497.7701
1677079800000,1.06467,1.06479,1.06354,1.0637,8543.28
1677080700000,1.06369,1.06439,1.06249,1.06267,9961.79
1677081600000,1.06268,1.06339,1.0617,1.06219,8070.64
1677082500000,1.06218,1.06311,1.06204,1.06267,9247.14
1677083400000,1.06268,1.06295,1.06234,1.06253,8350.14
1677084300000,1.06254,1.0626,1.06184,1.06228,4833.38
1677085200000,1.06226,1.06234,1.06177,1.06202,4657.76
1677086100000,1.06204,1.06308,1.06204,1.06279,3784.9599
1677087000000,1.06278,1.06338,1.06264,1.06323,3427.93
1677087900000,1.06328,1.06343,1.06274,1.06279,3314.51
1677088800000,1.0628,1.06311,1.06258,1.06299,4257.5
1677089700000,1.06299,1.06359,1.06264,1.06264,3229.29
1677090600000,1.06263,1.06287,1.06241,1.06264,3306.6
1677091500000,1.06262,1.06262,1.06219,1.06243,3254.92
1677092400000,1.06243,1.0634,1.06131,1.06185,20291.41
1677093300000,1.06185,1.06208,1.06058,1.06097,12467.2302
1677094200000,1.06098,1.061,1.06025,1.06043,8704.87
1677095100000,1.06042,1.06099,1.05994,1.06007,8666.2
1677096000000,1.06009,1.06033,1.05989,1.06028,6293.15
1677096900000,1.06027,1.06071,1.06014,1.06041,4983.6
1677097800000,1.0604,1.06044,1.05991,1.06015,4308.5399
1677098700000,1.06014,1.06033,1.06001,1.06026,3672.39
1677099600000,1.06025,1.06037,1.06023,1.06031,750.93
1677100500000,1.06031,1.0604,1.06011,1.0602,558.6
1677101400000,1.06017,1.06053,1.06017,1.06044,418.05
1677102300000,1.06045,1.06054,1.06031,1.06031,1034.31
1677103200000,1.06031,1.06061,1.06012,1.06047,102.08
1677104100000,1.06047,1.06068,1.06029,1.06032,56.73
1677105000000,1.06032,1.06058,1.06029,1.06055,842.13
1677105900000,1.06054,1.06055,1.06045,1.06049,272.88
1677106800000,1.06052,1.06096,1.06052,1.06075,1622.28
1677107700000,1.06076,1.06076,1.0603,1.06062,2040.51
1677108600000,1.06063,1.0607,1.06042,1.06064,940.95
1677109500000,1.06065,1.06069,1.06049,1.06053,491.76
1677110400000,1.06053,1.06099,1.06052,1.06096,1276.86
1677111300000,1.06096,1.06098,1.06081,1.06096,739.56
1677112200000,1.06096,1.06102,1.06073,1.06081,1227.42
1677113100000,1.0608,1.0612,1.06077,1.06117,1755.6
1677114000000,1.06116,1.06133,1.06107,1.06126,1811.61
1677114900000,1.06126,1.06162,1.06112,1.0616,2376.66
1677115800000,1.0616,1.06181,1.06146,1.06178,2628.87
1677116700000,1.0618,1.06216,1.06175,1.06195,2665.87
1677117600000,1.06193,1.06198,1.06157,1.06168,2339.4
1677118500000,1.06169,1.06191,1.06152,1.06153,1749.34
1677119400000,1.06156,1.0618,1.06144,1.06179,1260.88
1677120300000,1.06179,1.06245,1.06178,1.06228,3060.05
1677121200000,1.06228,1.06247,1.0621,1.06239,3047.98
1677122100000,1.06241,1.06245,1.06216,1.06218,2039.01
1677123000000,1.06218,1.06237,1.06212,1.06232,1330.9
1677123900000,1.06232,1.06237,1.06215,1.06223,1184.68
1677124800000,1.06222,1.06223,1.06207,1.06207,981.84
1677125700000,1.06206,1.06209,1.06192,1.06194,1461.18
1677126600000,1.06195,1.06228,1.06189,1.06225,1347.89
1677127500000,1.06224,1.06243,1.06214,1.06243,767.85
1677128400000,1.06242,1.06243,1.06177,1.06181,2041.71
1677129300000,1.0618,1.06195,1.06165,1.06167,1464.9
1677130200000,1.06169,1.06196,1.06152,1.06188,2044.63
1677131100000,1.06188,1.06221,1.06188,1.06221,1882.87
1677132000000,1.06222,1.06233,1.062,1.06224,2671.84
1677132900000,1.06224,1.0627,1.06222,1.06269,2270.67
1677133800000,1.0627,1.06275,1.06248,1.06268,2168.78
1677134700000,1.06268,1.06273,1.06196,1.06224,3138.8
1677135600000,1.06224,1.06239,1.06171,1.06212,5413.99
1677136500000,1.06212,1.06229,1.06116,1.06121,4187.4
1677137400000,1.06121,1.06178,1.06102,1.06132,4809.34
1677138300000,1.06133,1.06178,1.06132,1.06164,4216.02
1677139200000,1.06163,1.06176,1.06059,1.06104,6634.76
1677140100000,1.06105,1.06173,1.06088,1.06111,5604.18
1677141000000,1.06113,1.06158,1.06076,1.06105,5100.1699
1677141900000,1.06106,1.06123,1.06029,1.06057,4399.04
1677142800000,1.06059,1.06062,1.06003,1.06013,4614.14
1677143700000,1.06014,1.06037,1.05901,1.0594,7042.06
1677144600000,1.05941,1.05958,1.05872,1.05924,6116.69
1677145500000,1.05921,1.05962,1.05889,1.05908,4319.84
1677146400000,1.05907,1.05934,1.0587,1.05923,7384
1677147300000,1.05924,1.05951,1.05879,1.05946,4095.72
1677148200000,1.05946,1.05952,1.05919,1.05944,2925.7
1677149100000,1.05944,1.06012,1.0594,1.05977,3301.3
1677150000000,1.05977,1.06024,1.05953,1.05956,3529.7001
1677150900000,1.05956,1.0596,1.05857,1.05925,3737.33
1677151800000,1.05924,1.0597,1.0592,1.05965,3563.01
1677152700000,1.05966,1.06041,1.05957,1.06038,3511.45
1677153600000,1.06037,1.06093,1.06009,1.06071,3920.99
1677154500000,1.06071,1.06134,1.06037,1.06129,4781.07
1677155400000,1.06131,1.06154,1.06099,1.06132,5185.6299
1677156300000,1.06133,1.0619,1.06086,1.06137,5077.88
1677157200000,1.06136,1.06174,1.06097,1.0616,5042.36
1677158100000,1.06162,1.06209,1.06119,1.06141,6521.24
1677159000000,1.06141,1.06199,1.05944,1.06014,20383.9899
1677159900000,1.06015,1.06118,1.05978,1.06074,10964.4301
1677160800000,1.06075,1.06137,1.06008,1.06099,9965.86
1677161700000,1.06098,1.06164,1.06066,1.06068,7950.9
1677162600000,1.06067,1.06103,1.05949,1.05973,10907.92
1677163500000,1.05974,1.06152,1.05974,1.06068,13010.1101
1677164400000,1.0607,1.06084,1.05951,1.05996,10401.23
1677165300000,1.05997,1.06066,1.05976,1.06019,10190.13
1677166200000,1.06017,1.06024,1.05909,1.05916,10911.4801
1677167100000,1.05916,1.05973,1.05873,1.05967,9845.05
1677168000000,1.05969,1.05981,1.05878,1.05913,8365.5001
1677168900000,1.05912,1.05957,1.05885,1.05927,6541.26
1677169800000,1.05929,1.05948,1.05832,1.05857,6402.4
1677170700000,1.05856,1.05875,1.0579,1.05822,6042.39
1677171600000,1.05822,1.05854,1.05769,1.0578,4415.29
1677172500000,1.05779,1.05841,1.05775,1.0582,3965.59
1677173400000,1.05817,1.0585,1.05804,1.0584,3373.58
1677174300000,1.0584,1.05857,1.05818,1.0585,3079.34
1677175200000,1.05852,1.05887,1.05807,1.05854,3547.88
1677176100000,1.05854,1.05875,1.05829,1.05847,5061.4099
1677177000000,1.05847,1.05887,1.05818,1.05884,3599.3999
1677177900000,1.05884,1.0593,1.0588,1.05881,4093.58
1677178800000,1.0588,1.05927,1.05868,1.05922,2530.62
1677179700000,1.05922,1.05988,1.05922,1.05974,3713.98
1677180600000,1.05973,1.06028,1.05967,1.05998,3723.15
1677181500000,1.05999,1.06012,1.05949,1.05954,2711.55
1677182400000,1.05955,1.05989,1.05952,1.05979,2631.34
1677183300000,1.05978,1.05994,1.05968,1.05971,1953.86
1677184200000,1.0597,1.0602,1.05965,1.0602,1735.12
1677185100000,1.0602,1.06032,1.05986,1.0603,2006.58
1677186000000,1.06032,1.06032,1.05976,1.05976,874.69
1677186900000,1.05976,1.05981,1.05945,1.05962,590.47
1677187800000,1.05962,1.0597,1.05958,1.05964,525.58
1677188700000,1.05963,1.05973,1.05932,1.05949,867.36
1677189600000,1.05934,1.0596,1.05927,1.05955,79.1
1677190500000,1.05955,1.05967,1.0593,1.0594,231.05
1677191400000,1.05941,1.05959,1.05941,1.0595,342.67
1677192300000,1.0595,1.05958,1.05941,1.05953,502.11
1677193200000,1.05955,1.06009,1.0595,1.06004,1689.05
1677194100000,1.06005,1.06015,1.05975,1.05982,1208.35
1677195000000,1.05983,1.05988,1.05968,1.05979,644.15
1677195900000,1.0598,1.06,1.05972,1.05972,686.73
1677196800000,1.05973,1.06,1.05962,1.05999,1369.28
1677197700000,1.06,1.06006,1.0598,1.05984,1981.15
1677198600000,1.05981,1.06011,1.05948,1.06005,5342.63
1677199500000,1.06004,1.06071,1.05999,1.06071,5576.2001
1677200400000,1.06069,1.06141,1.06041,1.06041,6039.8
1677201300000,1.06042,1.06078,1.06,1.06003,5871.07
1677202200000,1.06003,1.06008,1.05932,1.05969,8740.5699
1677203100000,1.05968,1.06046,1.05954,1.0601,4140.05
1677204000000,1.0601,1.06061,1.06004,1.0605,4026.04
1677204900000,1.06049,1.06061,1.06017,1.06036,3278.16
1677205800000,1.06036,1.06059,1.06032,1.06038,2246.31
1677206700000,1.06038,1.06038,1.05946,1.05969,3058.73
1677207600000,1.05969,1.06044,1.05968,1.06038,2699.78
1677208500000,1.0604,1.0605,1.06025,1.06038,1649.59
1677209400000,1.0604,1.06051,1.06015,1.06015,2116.59
1677210300000,1.06016,1.06018,1.05993,1.05998,1398.27
1677211200000,1.05998,1.06009,1.05981,1.05983,1647.18
1677212100000,1.05984,1.06002,1.05956,1.05998,2508.19
1677213000000,1.05997,1.06013,1.05986,1.06007,1300.85
1677213900000,1.06008,1.0601,1.05992,1.05998,2220.33
1677214800000,1.05997,1.06014,1.05992,1.05996,3148.94
1677215700000,1.05995,1.0602,1.05991,1.05992,3104.09
1677216600000,1.05994,1.06009,1.05971,1.05991,3130.66
1677217500000,1.05992,1.06006,1.05969,1.05973,2992.69
1677218400000,1.05973,1.06011,1.05972,1.06005,3667.62
1677219300000,1.06004,1.06008,1.05963,1.06008,3562.4
1677220200000,1.06009,1.06017,1.0598,1.06015,2533.97
1677221100000,1.06016,1.06021,1.05963,1.05984,3011.09
1677222000000,1.05984,1.05984,1.05913,1.05939,4732.93
1677222900000,1.0594,1.05954,1.05894,1.05903,3663.84
1677223800000,1.05903,1.0595,1.05883,1.05929,3710.01
1677224700000,1.05928,1.05932,1.05889,1.05893,4165.88
1677225600000,1.05893,1.05899,1.05797,1.05824,6580.52
1677226500000,1.05822,1.05915,1.05818,1.05906,6825.04
1677227400000,1.05905,1.05958,1.05892,1.05933,6209.2
1677228300000,1.05933,1.05946,1.05869,1.05887,5247.25
1677229200000,1.05886,1.05904,1.05842,1.05874,4728.2799
1677230100000,1.05873,1.05924,1.05859,1.05888,3885.79
1677231000000,1.05889,1.05916,1.05866,1.05905,2989.12
1677231900000,1.05906,1.05926,1.05844,1.05854,3382.23
1677232800000,1.05855,1.05876,1.05827,1.05868,4070.52
1677233700000,1.05867,1.05946,1.05825,1.05941,3719.48
1677234600000,1.0594,1.05959,1.05914,1.0593,3636.57
1677235500000,1.0593,1.0594,1.05862,1.05865,2824.93
1677236400000,1.05863,1.05901,1.05858,1.05874,2953.26
1677237300000,1.05871,1.05874,1.05807,1.05837,3903.53
1677238200000,1.05838,1.05838,1.05733,1.05749,4642.59
1677239100000,1.05748,1.05797,1.05733,1.05794,4075.79
1677240000000,1.05794,1.05794,1.0573,1.05753,4870.1699
1677240900000,1.05752,1.05773,1.05699,1.05708,4174.84
1677241800000,1.05707,1.05785,1.0568,1.05764,3925.39
1677242700000,1.05764,1.05768,1.05641,1.05661,5524.35
1677243600000,1.05661,1.0572,1.05649,1.05696,9349.8401
1677244500000,1.05695,1.05736,1.05621,1.05702,7678.37
1677245400000,1.05702,1.05761,1.05441,1.0552,25731.6001
1677246300000,1.05521,1.05628,1.055,1.05536,14992.2101
1677247200000,1.05535,1.05549,1.05423,1.0544,15917.45
1677248100000,1.05441,1.05476,1.05359,1.05389,12414.6499
1677249000000,1.0539,1.05605,1.0538,1.05414,17143.7999
1677249900000,1.05415,1.05497,1.05389,1.05475,14113.36
1677250800000,1.05475,1.05551,1.05399,1.05487,18827.36
1677251700000,1.05486,1.05581,1.05429,1.05503,14342.3199
1677252600000,1.05502,1.0558,1.05457,1.05576,12810.13
1677253500000,1.05575,1.05595,1.05399,1.0542,10841.5299
1677254400000,1.0542,1.05474,1.05399,1.05421,8321.45
1677255300000,1.05421,1.05561,1.05416,1.05539,7279.22
1677256200000,1.05539,1.05597,1.05451,1.05459,5892.2001
1677257100000,1.05459,1.05476,1.05425,1.05434,5755.9699
1677258000000,1.05435,1.0554,1.05428,1.0554,4185.01
1677258900000,1.05541,1.05556,1.05478,1.05529,6609.6201
1677259800000,1.05532,1.05587,1.05509,1.05519,6293.7499
1677260700000,1.05518,1.05519,1.05435,1.05469,4388.69
1677261600000,1.05469,1.055,1.05439,1.05459,5142.38
1677262500000,1.0546,1.0555,1.05457,1.05539,4155.65
1677263400000,1.05539,1.05539,1.05473,1.05485,3961.9299
1677264300000,1.05486,1.05501,1.05449,1.05452,3357.32
1677265200000,1.05454,1.05501,1.05439,1.05491,3509.17
1677266100000,1.05489,1.05527,1.05477,1.05516,3361.71
1677267000000,1.05519,1.05531,1.05476,1.05496,4384.02
1677267900000,1.05497,1.05542,1.05485,1.05506,2759.38
1677268800000,1.05505,1.05551,1.05504,1.05534,3982.64
1677269700000,1.05533,1.05555,1.0551,1.05514,2879.39
1677270600000,1.05515,1.05525,1.05486,1.05501,3723.7599
1677271500000,1.05501,1.05503,1.05462,1.05469,3775.29
1677272400000,1.05468,1.05481,1.0546,1.05469,793.56
1677273300000,1.0547,1.05484,1.05469,1.05471,605.22
1677274200000,1.05471,1.05475,1.05443,1.05447,398.58
1677275100000,1.05448,1.05457,1.05435,1.0545,1734.09
1677276000000,1.0545,1.0545,1.0545,1.0545,0
1677276900000,1.0545,1.0545,1.0545,1.0545,0
1677277800000,1.0545,1.0545,1.0545,1.0545,0
1677278700000,1.0545,1.0545,1.0545,1.0545,0
1677279600000,1.0545,1.0545,1.0545,1.0545,0
1677280500000,1.0545,1.0545,1.0545,1.0545,0
1677281400000,1.0545,1.0545,1.0545,1.0545,0
1677282300000,1.0545,1.0545,1.0545,1.0545,0
1677283200000,1.0545,1.0545,1.0545,1.0545,0
1677284100000,1.0545,1.0545,1.0545,1.0545,0
1677285000000,1.0545,1.0545,1.0545,1.0545,0
1677285900000,1.0545,1.0545,1.0545,1.0545,0
1677286800000,1.0545,1.0545,1.0545,1.0545,0
1677287700000,1.0545,1.0545,1.0545,1.0545,0
1677288600000,1.0545,1.0545,1.0545,1.0545,0
1677289500000,1.0545,1.0545,1.0545,1.0545,0
1677290400000,1.0545,1.0545,1.0545,1.0545,0
1677291300000,1.0545,1.0545,1.0545,1.0545,0
1677292200000,1.0545,1.0545,1.0545,1.0545,0
1677293100000,1.0545,1.0545,1.0545,1.0545,0
1677294000000,1.0545,1.0545,1.0545,1.0545,0
1677294900000,1.0545,1.0545,1.0545,1.0545,0
1677295800000,1.0545,1.0545,1.0545,1.0545,0
1677296700000,1.0545,1.0545,1.0545,1.0545,0
1677297600000,1.0545,1.0545,1.0545,1.0545,0
1677298500000,1.0545,1.0545,1.0545,1.0545,0
1677299400000,1.0545,1.0545,1.0545,1.0545,0
1677300300000,1.0545,1.0545,1.0545,1.0545,0
1677301200000,1.0545,1.0545,1.0545,1.0545,0
1677302100000,1.0545,1.0545,1.0545,1.0545,0
1677303000000,1.0545,1.0545,1.0545,1.0545,0
1677303900000,1.0545,1.0545,1.0545,1.0545,0
1677304800000,1.0545,1.0545,1.0545,1.0545,0
1677305700000,1.0545,1.0545,1.0545,1.0545,0
1677306600000,1.0545,1.0545,1.0545,1.0545,0
1677307500000,1.0545,1.0545,1.0545,1.0545,0
1677308400000,1.0545,1.0545,1.0545,1.0545,0
1677309300000,1.0545,1.0545,1.0545,1.0545,0
1677310200000,1.0545,1.0545,1.0545,1.0545,0
1677311100000,1.0545,1.0545,1.0545,1.0545,0
1677312000000,1.0545,1.0545,1.0545,1.0545,0
1677312900000,1.0545,1.0545,1.0545,1.0545,0
1677313800000,1.0545,1.0545,1.0545,1.0545,0
1677314700000,1.0545,1.0545,1.0545,1.0545,0
1677315600000,1.0545,1.0545,1.0545,1.0545,0
1677316500000,1.0545,1.0545,1.0545,1.0545,0
1677317400000,1.0545,1.0545,1.0545,1.0545,0
1677318300000,1.0545,1.0545,1.0545,1.0545,0
1677319200000,1.0545,1.0545,1.0545,1.0545,0
1677320100000,1.0545,1.0545,1.0545,1.0545,0
1677321000000,1.0545,1.0545,1.0545,1.0545,0
1677321900000,1.0545,1.0545,1.0545,1.0545,0
1677322800000,1.0545,1.0545,1.0545,1.0545,0
1677323700000,1.0545,1.0545,1.0545,1.0545,0
1677324600000,1.0545,1.0545,1.0545,1.0545,0
1677325500000,1.0545,1.0545,1.0545,1.0545,0
1677326400000,1.0545,1.0545,1.0545,1.0545,0
1677327300000,1.0545,1.0545,1.0545,1.0545,0
1677328200000,1.0545,1.0545,1.0545,1.0545,0
1677329100000,1.0545,1.0545,1.0545,1.0545,0
1677330000000,1.0545,1.0545,1.0545,1.0545,0
1677330900000,1.0545,1.0545,1.0545,1.0545,0
1677331800000,1.0545,1.0545,1.0545,1.0545,0
1677332700000,1.0545,1.0545,1.0545,1.0545,0
1677333600000,1.0545,1.0545,1.0545,1.0545,0
1677334500000,1.0545,1.0545,1.0545,1.0545,0
1677335400000,1.0545,1.0545,1.0545,1.0545,0
1677336300000,1.0545,1.0545,1.0545,1.0545,0
1677337200000,1.0545,1.0545,1.0545,1.0545,0
1677338100000,1.0545,1.0545,1.0545,1.0545,0
1677339000000,1.0545,1.0545,1.0545,1.0545,0
1677339900000,1.0545,1.0545,1.0545,1.0545,0
1677340800000,1.0545,1.0545,1.0545,1.0545,0
1677341700000,1.0545,1.0545,1.0545,1.0545,0
1677342600000,1.0545,1.0545,1.0545,1.0545,0
1677343500000,1.0545,1.0545,1.0545,1.0545,0
1677344400000,1.0545,1.0545,1.0545,1.0545,0
1677345300000,1.0545,1.0545,1.0545,1.0545,0
1677346200000,1.0545,1.0545,1.0545,1.0545,0
1677347100000,1.0545,1.0545,1.0545,1.0545,0
1677348000000,1.0545,1.0545,1.0545,1.0545,0
1677348900000,1.0545,1.0545,1.0545,1.0545,0
1677349800000,1.0545,1.0545,1.0545,1.0545,0
1677350700000,1.0545,1.0545,1.0545,1.0545,0
1677351600000,1.0545,1.0545,1.0545,1.0545,0
1677352500000,1.0545,1.0545,1.0545,1.0545,0
1677353400000,1.0545,1.0545,1.0545,1.0545,0
1677354300000,1.0545,1.0545,1.0545,1.0545,0
1677355200000,1.0545,1.0545,1.0545,1.0545,0
1677356100000,1.0545,1.0545,1.0545,1.0545,0
1677357000000,1.0545,1.0545,1.0545,1.0545,0
1677357900000,1.0545,1.0545,1.0545,1.0545,0
1677358800000,1.0545,1.0545,1.0545,1.0545,0
1677359700000,1.0545,1.0545,1.0545,1.0545,0
1677360600000,1.0545,1.0545,1.0545,1.0545,0
1677361500000,1.0545,1.0545,1.0545,1.0545,0
1677362400000,1.0545,1.0545,1.0545,1.0545,0
1677363300000,1.0545,1.0545,1.0545,1.0545,0
1677364200000,1.0545,1.0545,1.0545,1.0545,0
1677365100000,1.0545,1.0545,1.0545,1.0545,0
1677366000000,1.0545,1.0545,1.0545,1.0545,0
1677366900000,1.0545,1.0545,1.0545,1.0545,0
1677367800000,1.0545,1.0545,1.0545,1.0545,0
1677368700000,1.0545,1.0545,1.0545,1.0545,0
1677369600000,1.0545,1.0545,1.0545,1.0545,0
1677370500000,1.0545,1.0545,1.0545,1.0545,0
1677371400000,1.0545,1.0545,1.0545,1.0545,0
1677372300000,1.0545,1.0545,1.0545,1.0545,0
1677373200000,1.0545,1.0545,1.0545,1.0545,0
1677374100000,1.0545,1.0545,1.0545,1.0545,0
1677375000000,1.0545,1.0545,1.0545,1.0545,0
1677375900000,1.0545,1.0545,1.0545,1.0545,0
1677376800000,1.0545,1.0545,1.0545,1.0545,0
1677377700000,1.0545,1.0545,1.0545,1.0545,0
1677378600000,1.0545,1.0545,1.0545,1.0545,0
1677379500000,1.0545,1.0545,1.0545,1.0545,0
1677380400000,1.0545,1.0545,1.0545,1.0545,0
1677381300000,1.0545,1.0545,1.0545,1.0545,0
1677382200000,1.0545,1.0545,1.0545,1.0545,0
1677383100000,1.0545,1.0545,1.0545,1.0545,0
1677384000000,1.0545,1.0545,1.0545,1.0545,0
1677384900000,1.0545,1.0545,1.0545,1.0545,0
1677385800000,1.0545,1.0545,1.0545,1.0545,0
1677386700000,1.0545,1.0545,1.0545,1.0545,0
1677387600000,1.0545,1.0545,1.0545,1.0545,0
1677388500000,1.0545,1.0545,1.0545,1.0545,0
1677389400000,1.0545,1.0545,1.0545,1.0545,0
1677390300000,1.0545,1.0545,1.0545,1.0545,0
1677391200000,1.0545,1.0545,1.0545,1.0545,0
1677392100000,1.0545,1.0545,1.0545,1.0545,0
1677393000000,1.0545,1.0545,1.0545,1.0545,0
1677393900000,1.0545,1.0545,1.0545,1.0545,0
1677394800000,1.0545,1.0545,1.0545,1.0545,0
1677395700000,1.0545,1.0545,1.0545,1.0545,0
1677396600000,1.0545,1.0545,1.0545,1.0545,0
1677397500000,1.0545,1.0545,1.0545,1.0545,0
1677398400000,1.0545,1.0545,1.0545,1.0545,0
1677399300000,1.0545,1.0545,1.0545,1.0545,0
1677400200000,1.0545,1.0545,1.0545,1.0545,0
1677401100000,1.0545,1.0545,1.0545,1.0545,0
1677402000000,1.0545,1.0545,1.0545,1.0545,0
1677402900000,1.0545,1.0545,1.0545,1.0545,0
1677403800000,1.0545,1.0545,1.0545,1.0545,0
1677404700000,1.0545,1.0545,1.0545,1.0545,0
1677405600000,1.0545,1.0545,1.0545,1.0545,0
1677406500000,1.0545,1.0545,1.0545,1.0545,0
1677407400000,1.0545,1.0545,1.0545,1.0545,0
1677408300000,1.0545,1.0545,1.0545,1.0545,0
1677409200000,1.0545,1.0545,1.0545,1.0545,0
1677410100000,1.0545,1.0545,1.0545,1.0545,0
1677411000000,1.0545,1.0545,1.0545,1.0545,0
1677411900000,1.0545,1.0545,1.0545,1.0545,0
1677412800000,1.0545,1.0545,1.0545,1.0545,0
1677413700000,1.0545,1.0545,1.0545,1.0545,0
1677414600000,1.0545,1.0545,1.0545,1.0545,0
1677415500000,1.0545,1.0545,1.0545,1.0545,0
1677416400000,1.0545,1.0545,1.0545,1.0545,0
1677417300000,1.0545,1.0545,1.0545,1.0545,0
1677418200000,1.0545,1.0545,1.0545,1.0545,0
1677419100000,1.0545,1.0545,1.0545,1.0545,0
1677420000000,1.0545,1.0545,1.0545,1.0545,0
1677420900000,1.0545,1.0545,1.0545,1.0545,0
1677421800000,1.0545,1.0545,1.0545,1.0545,0
1677422700000,1.0545,1.0545,1.0545,1.0545,0
1677423600000,1.0545,1.0545,1.0545,1.0545,0
1677424500000,1.0545,1.0545,1.0545,1.0545,0
1677425400000,1.0545,1.0545,1.0545,1.0545,0
1677426300000,1.0545,1.0545,1.0545,1.0545,0
1677427200000,1.0545,1.0545,1.0545,1.0545,0
1677428100000,1.0545,1.0545,1.0545,1.0545,0
1677429000000,1.0545,1.0545,1.0545,1.0545,0
1677429900000,1.0545,1.0545,1.0545,1.0545,0
1677430800000,1.0545,1.0545,1.0545,1.0545,0
1677431700000,1.0545,1.0545,1.0545,1.0545,0
1677432600000,1.0545,1.0545,1.0545,1.0545,0
1677433500000,1.0545,1.0545,1.0545,1.0545,0
1677434400000,1.0545,1.0545,1.0545,1.0545,0
1677435300000,1.0545,1.0545,1.0545,1.0545,0
1677436200000,1.0545,1.0545,1.0545,1.0545,0
1677437100000,1.0545,1.0545,1.0545,1.0545,0
1677438000000,1.0545,1.0545,1.0545,1.0545,0
1677438900000,1.0545,1.0545,1.0545,1.0545,0
1677439800000,1.0545,1.0545,1.0545,1.0545,0
1677440700000,1.0545,1.0545,1.0545,1.0545,0
1677441600000,1.0545,1.0545,1.0545,1.0545,0
1677442500000,1.0545,1.0545,1.0545,1.0545,0
1677443400000,1.0545,1.0545,1.0545,1.0545,0
1677444300000,1.0545,1.0545,1.0545,1.0545,0
1677445200000,1.0545,1.0545,1.0545,1.0545,0
1677446100000,1.0545,1.0545,1.0545,1.0545,0
1677447000000,1.0545,1.0545,1.0545,1.0545,0
1677447900000,1.0545,1.0545,1.0545,1.0545,0
1677448800000,1.05451,1.05482,1.05439,1.05458,111.15
1677449700000,1.05458,1.0546,1.05453,1.05456,133.68
1677450600000,1.05463,1.05483,1.05453,1.05462,458.58
1677451500000,1.05451,1.05479,1.05448,1.05456,518.4
1677452400000,1.05457,1.05521,1.05447,1.05521,2084.39
1677453300000,1.05521,1.05535,1.05507,1.05531,1424.68
1677454200000,1.05531,1.0555,1.05515,1.05519,988.98
1677455100000,1.0552,1.05549,1.05518,1.05533,681.88
1677456000000,1.05533,1.05543,1.0545,1.05501,4191.11
1677456900000,1.05502,1.05525,1.05484,1.05525,3106.35
1677457800000,1.05525,1.05531,1.05501,1.05518,1697.34
1677458700000,1.05518,1.05556,1.0549,1.05544,3125.82
1677459600000,1.05545,1.05562,1.0552,1.0555,3125.15
1677460500000,1.05549,1.05557,1.05529,1.05541,2858.06
1677461400000,1.05543,1.05582,1.05531,1.05574,3311.32
1677462300000,1.05575,1.05593,1.0557,1.05591,2993.53
1677463200000,1.0559,1.05598,1.05544,1.05551,2885.39
1677464100000,1.05554,1.05582,1.05543,1.05556,2000.15
1677465000000,1.05555,1.05589,1.05534,1.0554,3022.85
1677465900000,1.05539,1.05563,1.05521,1.0553,2047.4
1677466800000,1.05531,1.05545,1.055,1.05501,2685.94
1677467700000,1.05501,1.05505,1.05448,1.0545,2553.21
1677468600000,1.05449,1.05463,1.054,1.05437,2411.25
1677469500000,1.05438,1.05458,1.05431,1.0544,2131.62
1677470400000,1.05441,1.05478,1.05433,1.05444,2486.3
1677471300000,1.05445,1.05457,1.05434,1.05441,1477.39
1677472200000,1.05442,1.05472,1.05439,1.05456,1375.12
1677473100000,1.05456,1.05492,1.05449,1.05488,1367.33
1677474000000,1.05487,1.05505,1.05464,1.0547,2435.23
1677474900000,1.05469,1.0548,1.054,1.05411,2133.39
1677475800000,1.05411,1.0543,1.054,1.05412,2971.56
1677476700000,1.05412,1.05429,1.05386,1.05391,2136.44
1677477600000,1.05392,1.05478,1.05391,1.05437,3435.61
1677478500000,1.05438,1.05444,1.05361,1.05361,2931.18
1677479400000,1.05361,1.05385,1.05328,1.05339,3436.9601
1677480300000,1.05338,1.05391,1.05335,1.05377,3522.39
1677481200000,1.05375,1.05442,1.0535,1.05442,5371.99
1677482100000,1.05442,1.05512,1.05432,1.05512,4090.68
1677483000000,1.05511,1.05512,1.05419,1.05465,3674.64
1677483900000,1.05466,1.05528,1.05454,1.05476,4683.67
1677484800000,1.05478,1.05592,1.05478,1.05563,8260.62
1677485700000,1.05562,1.05581,1.05509,1.05532,5395.1799
1677486600000,1.05532,1.05611,1.05514,1.0558,5017.55
1677487500000,1.0558,1.056,1.0552,1.05523,3933.93
1677488400000,1.05522,1.0556,1.05489,1.0554,5074.87
1677489300000,1.05539,1.05558,1.05501,1.05553,4274.65
1677490200000,1.05553,1.05567,1.05517,1.05556,3457.42
1677491100000,1.05555,1.05586,1.05506,1.05509,4920.9
1677492000000,1.05511,1.05527,1.05485,1.05502,3413.54
1677492900000,1.05501,1.05549,1.05499,1.0554,2054.33
1677493800000,1.05541,1.05638,1.05523,1.0561,3690.19
1677494700000,1.05609,1.05677,1.05606,1.05675,4124.5399
1677495600000,1.05674,1.0569,1.05626,1.05649,3183.76
1677496500000,1.05648,1.05665,1.05611,1.05639,2918.8999
1677497400000,1.05638,1.05684,1.05609,1.05612,2525.54
1677498300000,1.05613,1.05624,1.05586,1.05621,2085.66
1677499200000,1.0562,1.05655,1.05613,1.0563,3205.87
1677500100000,1.0563,1.0566,1.05569,1.05578,2833.4
1677501000000,1.05578,1.05607,1.05573,1.05599,3370.75
1677501900000,1.05599,1.05603,1.05554,1.05582,4488.73
1677502800000,1.05581,1.05625,1.05522,1.05536,4780.72
1677503700000,1.05536,1.05548,1.05502,1.05535,4511.8701
1677504600000,1.05532,1.05745,1.05504,1.0572,10487.0799
1677505500000,1.0572,1.05831,1.05715,1.05826,7807.63
1677506400000,1.05827,1.05881,1.05773,1.05785,7570.17
1677507300000,1.05784,1.0588,1.05759,1.05841,6365.29
1677508200000,1.05843,1.05892,1.05801,1.05859,7688.76
1677509100000,1.05859,1.05938,1.05828,1.05895,7764.27
1677510000000,1.05895,1.06012,1.05868,1.06005,9820.22
1677510900000,1.06007,1.06198,1.05979,1.06167,8950.36
1677511800000,1.06168,1.06169,1.0599,1.06043,7335.9399
1677512700000,1.06043,1.061,1.05995,1.06009,10014.3399
1677513600000,1.06008,1.06041,1.05924,1.05931,5796.0399
1677514500000,1.05931,1.05947,1.05872,1.05894,4612.9
1677515400000,1.05893,1.05934,1.05795,1.05927,5509.16
1677516300000,1.05929,1.05961,1.0591,1.0595,2798.73
1677517200000,1.05951,1.05966,1.0586,1.05918,4510.34
1677518100000,1.05919,1.05952,1.05903,1.0592,3445.61
1677519000000,1.05921,1.0598,1.0592,1.05969,3216.39
1677519900000,1.05971,1.06019,1.05963,1.06011,2725.9
1677520800000,1.06011,1.06044,1.06008,1.06021,2830.83
1677521700000,1.0602,1.0604,1.05986,1.06031,2206.31
1677522600000,1.06032,1.06061,1.06004,1.06034,2234.27
1677523500000,1.06033,1.06075,1.0602,1.06065,3083.12
1677524400000,1.06067,1.06123,1.06064,1.0612,2236.27
1677525300000,1.06119,1.0612,1.06081,1.06101,1854.67
1677526200000,1.06101,1.06127,1.0606,1.06081,1404.94
1677527100000,1.06081,1.06098,1.06062,1.06073,2731.64
1677528000000,1.06074,1.06095,1.06044,1.06076,1864.65
1677528900000,1.06075,1.06088,1.06063,1.06083,1494.85
1677529800000,1.06082,1.06083,1.06042,1.06059,2322.53
1677530700000,1.06062,1.06093,1.06053,1.0608,2274.68
1677531600000,1.06079,1.06084,1.06064,1.06075,787.56
1677532500000,1.06075,1.06085,1.0607,1.06085,315.43
1677533400000,1.06085,1.06085,1.06069,1.06082,319.86
1677534300000,1.06081,1.06102,1.06077,1.06085,378.61
1677535200000,1.06088,1.06088,1.06014,1.06037,1346
1677536100000,1.06037,1.06081,1.06037,1.06077,687.37
1677537000000,1.06081,1.06086,1.06063,1.06063,584.88
1677537900000,1.06063,1.06067,1.0602,1.06057,2092.81
1677538800000,1.06054,1.06104,1.06048,1.0608,771.09
1677539700000,1.0608,1.06091,1.06065,1.06068,741.04
1677540600000,1.06067,1.06104,1.06065,1.06101,953.14
1677541500000,1.06099,1.06099,1.06087,1.06094,318.62
1677542400000,1.06094,1.06148,1.06084,1.0612,1288.61
1677543300000,1.06121,1.06137,1.06103,1.06104,937.25
1677544200000,1.0611,1.06121,1.0609,1.06109,1572.46
1677545100000,1.06109,1.06124,1.06057,1.06096,1758.39
1677546000000,1.06095,1.06101,1.06034,1.06082,1783.61
1677546900000,1.06082,1.0609,1.06049,1.06063,2228.19
1677547800000,1.06064,1.06079,1.05959,1.05959,2412.03
1677548700000,1.05959,1.05962,1.05859,1.05863,2661.76
1677549600000,1.05865,1.05909,1.05855,1.05879,2106.46
1677550500000,1.0588,1.05954,1.05878,1.05951,1777.05
1677551400000,1.0595,1.05956,1.05905,1.05934,1161.03
1677552300000,1.05934,1.05985,1.05933,1.0595,1696.02
1677553200000,1.0595,1.05954,1.05919,1.05939,1654.72
1677554100000,1.05938,1.05951,1.05928,1.05951,1099.2
1677555000000,1.05951,1.05962,1.05937,1.05945,830.6
1677555900000,1.05945,1.05959,1.05909,1.05923,1082.51
1677556800000,1.05922,1.05925,1.05893,1.05898,1251.52
1677557700000,1.059,1.05913,1.05871,1.0588,1506.36
1677558600000,1.0588,1.05895,1.05869,1.05884,999.43
1677559500000,1.05884,1.0591,1.05877,1.059,1168.59
1677560400000,1.05899,1.05905,1.05854,1.05859,1892.52
1677561300000,1.05863,1.05885,1.05838,1.05844,1688.67
1677562200000,1.05844,1.05854,1.05818,1.05843,2535.22
1677563100000,1.05843,1.05867,1.05824,1.05844,1723.64
1677564000000,1.05844,1.0587,1.05817,1.05844,2847.9
1677564900000,1.05847,1.05875,1.05847,1.05858,1828.52
1677565800000,1.05859,1.05924,1.05837,1.0592,2577.38
1677566700000,1.0592,1.05922,1.05868,1.0587,1719.17
1677567600000,1.05871,1.05902,1.05832,1.05844,2895.88
1677568500000,1.05847,1.05886,1.05818,1.05879,2529.97
1677569400000,1.0588,1.05924,1.05859,1.05904,2039.74
1677570300000,1.05903,1.05966,1.05887,1.05932,4078.09
1677571200000,1.05938,1.06051,1.05938,1.05992,6455.43
1677572100000,1.05991,1.06127,1.05946,1.06067,4625.06
1677573000000,1.06067,1.06118,1.05996,1.06108,4340.25
1677573900000,1.06107,1.06198,1.06097,1.06157,5302.15
1677574800000,1.06159,1.0626,1.06151,1.06241,4714.07
1677575700000,1.0624,1.0624,1.0616,1.06188,3462.38
1677576600000,1.06187,1.06193,1.06099,1.06099,4094.8
1677577500000,1.061,1.06194,1.06036,1.06057,5303.47
1677578400000,1.06057,1.06147,1.06056,1.06127,3028.59
1677579300000,1.06126,1.06149,1.06089,1.06116,2657.47
1677580200000,1.06115,1.06129,1.06071,1.06092,3135.46
1677581100000,1.06091,1.0617,1.06077,1.0616,3811.01
1677582000000,1.06165,1.06185,1.06098,1.06144,3858.58
1677582900000,1.06144,1.06166,1.0613,1.06139,2931.25
1677583800000,1.06138,1.06179,1.06124,1.0615,2180.33
1677584700000,1.06151,1.0618,1.06069,1.06089,2561.1
1677585600000,1.0609,1.06116,1.06058,1.06104,2688.87
1677586500000,1.06102,1.06161,1.06101,1.06122,1727.33
1677587400000,1.06121,1.06139,1.06076,1.06101,3316.26
1677588300000,1.06101,1.06191,1.06064,1.06173,4282.82
1677589200000,1.06173,1.06226,1.06157,1.06189,4454.9
1677590100000,1.0619,1.06209,1.06135,1.06164,4369.5101
1677591000000,1.0616,1.0621,1.06144,1.06179,4055.35
1677591900000,1.06178,1.06319,1.06169,1.06309,4262.76
1677592800000,1.0631,1.06406,1.06305,1.06323,3736.56
1677593700000,1.06324,1.06334,1.06214,1.06228,4507.57
1677594600000,1.06227,1.06255,1.06138,1.06226,7082.23
1677595500000,1.06225,1.0639,1.06225,1.06342,7367.7
1677596400000,1.06339,1.06451,1.0633,1.06411,11787.14
1677597300000,1.06411,1.06419,1.06301,1.06319,8460.99
1677598200000,1.0632,1.06351,1.06182,1.06255,9013.32
1677599100000,1.06255,1.06266,1.06014,1.0605,13678.2
1677600000000,1.06051,1.06159,1.06033,1.06099,10779.2399
1677600900000,1.06099,1.06169,1.06094,1.06104,6885.27
1677601800000,1.06104,1.06147,1.06053,1.06058,5048.99
1677602700000,1.0606,1.06103,1.06,1.06005,3518.86
1677603600000,1.06005,1.06044,1.05981,1.06004,4982.5999
1677604500000,1.06002,1.06035,1.05978,1.06011,4722.02
1677605400000,1.06014,1.06016,1.05949,1.06012,3924.8
1677606300000,1.0601,1.06096,1.06006,1.06054,5637.03
1677607200000,1.06052,1.06065,1.05959,1.05961,4069.71
1677608100000,1.0596,1.0596,1.0588,1.05907,3806.66
1677609000000,1.05905,1.05924,1.0588,1.05921,4040.57
1677609900000,1.05921,1.05971,1.0591,1.05912,3344.48
1677610800000,1.0591,1.05955,1.05889,1.05919,3192.02
1677611700000,1.05918,1.05925,1.05854,1.05869,2987.46
1677612600000,1.05871,1.05889,1.05839,1.05873,3294.72
1677613500000,1.05874,1.05896,1.05823,1.05837,2755.21
1677614400000,1.05835,1.05838,1.05806,1.05815,2625.08
1677615300000,1.05814,1.05834,1.05811,1.05826,1168.92
1677616200000,1.05827,1.05831,1.05797,1.05823,1537.05
1677617100000,1.05822,1.05825,1.05762,1.05763,2643.3
1677618000000,1.05763,1.05785,1.0575,1.05778,1542.52
1677618900000,1.05779,1.05785,1.05749,1.05752,538.95
1677619800000,1.05751,1.0578,1.05741,1.05778,443.43
1677620700000,1.05778,1.05783,1.05727,1.05727,1146.15
1677621600000,1.05727,1.05766,1.05726,1.05762,158.95
1677622500000,1.05764,1.05772,1.05761,1.05767,336.16
1677623400000,1.05769,1.05788,1.05769,1.05773,3209.47
1677624300000,1.05773,1.0579,1.05773,1.05788,3995.03
1677625200000,1.05788,1.05798,1.0577,1.05789,2163.72
1677626100000,1.0579,1.05802,1.05782,1.05783,1813.71
1677627000000,1.05784,1.05787,1.05766,1.05779,1467.23
1677627900000,1.05778,1.05793,1.05751,1.05766,1876.48
1677628800000,1.05767,1.05769,1.05673,1.05696,2275.61
1677629700000,1.05698,1.05712,1.05672,1.05677,1788.17
1677630600000,1.05678,1.05699,1.05651,1.05651,4892.93
1677631500000,1.05652,1.05687,1.05652,1.05682,3435.45
1677632400000,1.05683,1.05733,1.05672,1.05733,3845.99
1677633300000,1.05734,1.05756,1.05719,1.05745,3943.59
1677634200000,1.05744,1.05805,1.05742,1.05784,5457.6199
1677635100000,1.05785,1.05851,1.05784,1.05845,4115.82
1677636000000,1.05844,1.05863,1.05812,1.05855,2746.12
1677636900000,1.05855,1.05856,1.05825,1.0583,2576.12
1677637800000,1.0583,1.05842,1.05815,1.05838,2810.93
1677638700000,1.05837,1.05843,1.05813,1.05832,2291.05
1677639600000,1.05831,1.05873,1.05818,1.05855,2326.1
1677640500000,1.05855,1.05947,1.05852,1.05942,2888.16
1677641400000,1.05943,1.05954,1.05932,1.05947,2034.32
1677642300000,1.05948,1.05955,1.05922,1.0593,2516.3
1677643200000,1.0593,1.0594,1.05899,1.05906,1779.13
1677644100000,1.05908,1.05909,1.05879,1.05895,1727.39
1677645000000,1.05895,1.05907,1.05888,1.05892,2435.5
1677645900000,1.05893,1.05906,1.0588,1.0589,2482.48
1677646800000,1.05889,1.05925,1.05888,1.05921,3111.77
1677647700000,1.05922,1.05952,1.05913,1.05948,3243.62
1677648600000,1.05948,1.05949,1.05909,1.05913,2229.48
1677649500000,1.05912,1.05933,1.05905,1.05907,2109.18
1677650400000,1.05907,1.05967,1.05891,1.05963,3068.99
1677651300000,1.05962,1.06028,1.05958,1.06018,2667.93
1677652200000,1.06018,1.06058,1.06006,1.06027,6321.0001
1677653100000,1.06027,1.06146,1.06027,1.06069,4311.21
1677654000000,1.0607,1.06122,1.06041,1.06098,6662.65
1677654900000,1.06097,1.06188,1.06091,1.06158,3860.54
1677655800000,1.06159,1.06194,1.06117,1.06194,6127.1401
1677656700000,1.06195,1.0645,1.06192,1.06415,11261.47
1677657600000,1.06415,1.06432,1.06254,1.06388,10771.51
1677658500000,1.06389,1.06426,1.06312,1.06396,9701.9601
1677659400000,1.06396,1.06476,1.0635,1.0635,6789.7601
1677660300000,1.06351,1.06486,1.06331,1.06482,8558.4301
1677661200000,1.06482,1.06572,1.06431,1.0644,8286.88
1677662100000,1.0644,1.06447,1.06376,1.06436,3564.46
1677663000000,1.06436,1.06504,1.06405,1.06466,4735.39
1677663900000,1.06467,1.06474,1.06405,1.06422,4852.77
1677664800000,1.06421,1.06487,1.06398,1.06479,5453.98
1677665700000,1.06477,1.06621,1.06467,1.06607,8338.01
1677666600000,1.06608,1.0662,1.06501,1.06529,5549.49
1677667500000,1.06529,1.06693,1.06479,1.06678,8162.8499
1677668400000,1.0668,1.0668,1.06596,1.06605,5742.13
1677669300000,1.06606,1.06649,1.06548,1.06649,5121.75
1677670200000,1.06648,1.06709,1.06632,1.06688,4459.5
1677671100000,1.06686,1.06739,1.06658,1.06695,4462.72
1677672000000,1.06696,1.06707,1.06633,1.06658,4185.22
1677672900000,1.06658,1.06832,1.06645,1.06789,5588.2999
1677673800000,1.06789,1.06858,1.06767,1.06836,5299.6899
1677674700000,1.06835,1.06871,1.06805,1.06865,5705.32
1677675600000,1.06865,1.06913,1.06808,1.06837,8112.49
1677676500000,1.06838,1.06879,1.06745,1.06758,7013.64
1677677400000,1.06756,1.06782,1.06716,1.06729,7851.71
1677678300000,1.06728,1.06747,1.0669,1.06711,7406.49
1677679200000,1.0671,1.06745,1.06669,1.06727,6087.86
1677680100000,1.06727,1.0677,1.06694,1.06716,9725.44
1677681000000,1.06717,1.06794,1.06675,1.06676,10268.22
1677681900000,1.06679,1.06795,1.06649,1.06664,11121.88
1677682800000,1.0666,1.06772,1.06434,1.06505,20012.5098
1677683700000,1.06504,1.06577,1.06441,1.0647,13519.2999
1677684600000,1.06469,1.0673,1.06454,1.06706,11988.4699
1677685500000,1.06706,1.06784,1.06655,1.06721,9655.7499
1677686400000,1.0672,1.06727,1.06591,1.06638,7911.66
1677687300000,1.06639,1.06755,1.06616,1.06727,7382.66
1677688200000,1.06727,1.06783,1.06649,1.06672,7053.23
1677689100000,1.06672,1.06767,1.06646,1.06731,8254.0302
1677690000000,1.0673,1.06779,1.06705,1.06745,8454.75
1677690900000,1.06747,1.06778,1.06668,1.06674,8105.09
1677691800000,1.06674,1.06711,1.06651,1.06676,5561.47
1677692700000,1.06677,1.06706,1.06641,1.0665,3696.04
1677693600000,1.06649,1.06649,1.06609,1.06632,3696.67
1677694500000,1.06632,1.06634,1.06559,1.06571,2767.54
1677695400000,1.06571,1.06602,1.06527,1.06528,2923.2701
1677696300000,1.06528,1.06543,1.06498,1.06519,2710.32
1677697200000,1.06517,1.06529,1.0648,1.06506,3325.76
1677698100000,1.06505,1.06505,1.06467,1.06492,3331.42
1677699000000,1.06491,1.0653,1.06463,1.06522,3915.33
1677699900000,1.06522,1.06589,1.06519,1.0657,3308.18
1677700800000,1.06572,1.06615,1.0656,1.06607,3656.91
1677701700000,1.06609,1.06627,1.06586,1.06608,3219.66
1677702600000,1.06608,1.06625,1.06593,1.0662,1836.27
1677703500000,1.0662,1.06657,1.06602,1.06647,3377.1399
1677704400000,1.06647,1.06663,1.06645,1.06655,967.05
1677705300000,1.06657,1.06682,1.06656,1.06678,588.36
1677706200000,1.06678,1.06708,1.06678,1.06706,842.55
1677707100000,1.06705,1.06712,1.06667,1.06668,1239.83
1677708000000,1.06672,1.06684,1.06669,1.06675,251.8
1677708900000,1.06675,1.06675,1.06675,1.06675,406.8
1677709800000,1.06675,1.06693,1.06675,1.0668,232.19
1677710700000,1.06679,1.06688,1.06676,1.06681,243.74
1677711600000,1.0668,1.06723,1.06671,1.06673,950.34
1677712500000,1.06674,1.06697,1.06659,1.06684,682.98
1677713400000,1.06684,1.06695,1.06677,1.06695,343.06
1677714300000,1.06695,1.06703,1.06677,1.06684,733.48
1677715200000,1.06684,1.06687,1.06635,1.06674,2303.01
1677716100000,1.06675,1.06726,1.06674,1.06688,2112.06
1677717000000,1.06688,1.06693,1.06656,1.06666,2343.45
1677717900000,1.06665,1.06665,1.06582,1.06601,3799.14
1677718800000,1.06603,1.06618,1.0656,1.06592,3968.72
1677719700000,1.06591,1.06604,1.06566,1.06584,3306.56
1677720600000,1.06584,1.06592,1.06463,1.06476,6110.8901
1677721500000,1.06474,1.06524,1.06466,1.06513,5643.85
1677722400000,1.06513,1.06549,1.06498,1.06515,4225.47
1677723300000,1.06516,1.06568,1.0651,1.06567,3558.4601
1677724200000,1.06568,1.06568,1.06493,1.06502,2759.98
1677725100000,1.06502,1.06561,1.06485,1.06556,3206.55
1677726000000,1.06557,1.06558,1.06464,1.06499,3309.83
1677726900000,1.065,1.06516,1.06479,1.06495,2706.09
1677727800000,1.06498,1.065,1.06444,1.06472,2637.98
1677728700000,1.06473,1.06473,1.06449,1.06456,1620.43
1677729600000,1.06456,1.06488,1.06453,1.06485,1005.06
1677730500000,1.06485,1.06497,1.06475,1.06482,1454.25
1677731400000,1.06482,1.06495,1.06466,1.06479,1425.39
1677732300000,1.0648,1.06507,1.06476,1.06479,1639.42
1677733200000,1.06478,1.06485,1.06451,1.06452,2236.35
1677734100000,1.06454,1.06465,1.06428,1.06432,2574.72
1677735000000,1.06431,1.0645,1.06398,1.06411,2858.84
1677735900000,1.06412,1.06412,1.06371,1.0641,3074.29
1677736800000,1.06411,1.06418,1.06352,1.06352,2789.01
1677737700000,1.06353,1.06405,1.06352,1.06391,3120.12
1677738600000,1.06389,1.06435,1.06385,1.06423,2295.16
1677739500000,1.06423,1.06432,1.06369,1.06391,3885.63
1677740400000,1.06393,1.06447,1.06377,1.06384,3847.54
1677741300000,1.06385,1.06396,1.06324,1.06366,3827.7
1677742200000,1.06367,1.06402,1.06321,1.06335,3851.45
1677743100000,1.06338,1.0641,1.06325,1.06361,4154.02
1677744000000,1.06362,1.06372,1.06259,1.0628,7612.7299
1677744900000,1.06281,1.06347,1.06276,1.06288,5946.12
1677745800000,1.06287,1.06354,1.06264,1.06353,9553.3499
1677746700000,1.06354,1.06388,1.06327,1.06383,6353.09
1677747600000,1.06382,1.06418,1.06353,1.06403,5801.02
1677748500000,1.06404,1.06429,1.06274,1.06302,5127.29
1677749400000,1.06303,1.06346,1.06257,1.06276,5606.25
1677750300000,1.06277,1.06302,1.0619,1.0624,5535.76
1677751200000,1.06239,1.06316,1.0619,1.06251,9908.6001
1677752100000,1.06249,1.06283,1.0619,1.06263,6555.22
1677753000000,1.06264,1.06286,1.06197,1.06209,5048.71
1677753900000,1.06208,1.06216,1.06129,1.06138,4984.3
1677754800000,1.06137,1.06268,1.06134,1.06219,4705.2
1677755700000,1.0622,1.06262,1.06188,1.06208,5326.5501
1677756600000,1.06208,1.06305,1.06205,1.06289,3990.31
1677757500000,1.06289,1.06301,1.06238,1.06247,3253.15
1677758400000,1.06248,1.06276,1.06206,1.06276,4785.41
1677759300000,1.06276,1.06309,1.06239,1.06239,3547.5699
1677760200000,1.06239,1.06254,1.06143,1.06147,6834.9
1677761100000,1.06148,1.06148,1.06045,1.06056,7268.68
1677762000000,1.06057,1.06097,1.06023,1.06048,8160.78
1677762900000,1.06048,1.06079,1.06011,1.06069,4631.32
1677763800000,1.06067,1.06067,1.05883,1.0596,15236.4001
1677764700000,1.05959,1.05976,1.05819,1.05858,11233.46
1677765600000,1.05859,1.05995,1.05854,1.0597,9653.26
1677766500000,1.0597,1.06043,1.05943,1.05974,7618.49
1677767400000,1.05974,1.06033,1.05932,1.0594,14297.44
1677768300000,1.05939,1.06073,1.05909,1.05991,13308.7599
1677769200000,1.05992,1.06078,1.05988,1.06055,12001.65
1677770100000,1.06055,1.0609,1.05936,1.06019,11489.7499
1677771000000,1.06021,1.06076,1.05999,1.06022,8176.54
1677771900000,1.06022,1.06145,1.06001,1.06086,7152.44
1677772800000,1.06085,1.06127,1.06004,1.06008,6602.1601
1677773700000,1.06008,1.0607,1.05968,1.05968,5644.1
1677774600000,1.05968,1.06008,1.05955,1.05978,4465.2901
1677775500000,1.05977,1.05984,1.05921,1.05938,3834.35
1677776400000,1.05939,1.05948,1.05881,1.05903,3367.34
1677777300000,1.05904,1.05909,1.05848,1.05889,3613.18
1677778200000,1.05888,1.05913,1.05833,1.05843,4074.57
1677779100000,1.05843,1.05846,1.05764,1.05797,3799.65
1677780000000,1.05799,1.0582,1.05764,1.05776,2287.16
1677780900000,1.05775,1.05819,1.05767,1.05777,2773.52
1677781800000,1.05777,1.05915,1.05769,1.05853,4941.5999
1677782700000,1.05853,1.0594,1.05844,1.05927,4418.89
1677783600000,1.05932,1.05991,1.05917,1.05939,5848.9199
1677784500000,1.05939,1.05982,1.05901,1.05973,4884.62
1677785400000,1.05973,1.05992,1.05915,1.05926,3629.85
1677786300000,1.05925,1.05935,1.05887,1.05902,3538.25
1677787200000,1.05903,1.05962,1.0586,1.05949,4239.36
1677788100000,1.05948,1.05997,1.05948,1.05985,4219.74
1677789000000,1.05986,1.06064,1.05977,1.06015,4320.3801
1677789900000,1.06015,1.06028,1.05961,1.06,4052.94
1677790800000,1.06002,1.06003,1.05977,1.05991,1346.36
1677791700000,1.05993,1.05994,1.05965,1.05973,1358.03
1677792600000,1.05974,1.05983,1.05958,1.05971,531.02
1677793500000,1.0597,1.05978,1.05957,1.05957,531.86
1677794400000,1.05957,1.05987,1.05946,1.05967,34.2
1677795300000,1.05967,1.05967,1.05959,1.05963,4.2
1677796200000,1.05963,1.05972,1.05963,1.05971,106.02
1677797100000,1.05969,1.05981,1.05958,1.05977,353.82
1677798000000,1.05975,1.06005,1.05963,1.05992,1648.94
1677798900000,1.05994,1.06001,1.05987,1.05997,1233.71
1677799800000,1.05998,1.06002,1.05977,1.05994,894.79
1677800700000,1.05993,1.06004,1.05978,1.05983,406.57
1677801600000,1.05982,1.05995,1.05966,1.05983,1209.96
1677802500000,1.05983,1.06036,1.05983,1.0599,1498.64
1677803400000,1.05989,1.06018,1.05989,1.06016,1400.84
1677804300000,1.06015,1.06115,1.06015,1.06105,3504.99
1677805200000,1.06105,1.06125,1.0609,1.06101,3783.49
1677806100000,1.06101,1.06142,1.06092,1.06101,3686.01
1677807000000,1.06102,1.06108,1.06056,1.06095,3767.78
1677807900000,1.06094,1.06115,1.06051,1.06082,4550.08
1677808800000,1.06083,1.06106,1.06074,1.06095,3194.7
1677809700000,1.06095,1.06148,1.06074,1.06088,3872.44
1677810600000,1.06089,1.06097,1.06047,1.06049,3469.98
1677811500000,1.06051,1.06056,1.06017,1.06023,2814.27
1677812400000,1.06024,1.06056,1.0602,1.06049,2503.01
1677813300000,1.06052,1.06075,1.06047,1.06064,2457.34
1677814200000,1.06065,1.06065,1.06021,1.0605,1932.96
1677815100000,1.06051,1.06068,1.0604,1.06061,2368.75
1677816000000,1.06062,1.06082,1.0606,1.06075,1252.48
1677816900000,1.06076,1.06082,1.06061,1.06069,1115.4
1677817800000,1.06071,1.0608,1.06051,1.06065,1702.76
1677818700000,1.06065,1.06097,1.06054,1.06085,1257.34
1677819600000,1.06085,1.06105,1.06081,1.06094,2429.81
1677820500000,1.06094,1.06106,1.0608,1.06105,1632.74
1677821400000,1.06105,1.06131,1.06091,1.06119,3504.02
1677822300000,1.06119,1.06131,1.06085,1.0609,1765.63
1677823200000,1.0609,1.06149,1.06089,1.06136,2974.07
1677824100000,1.06137,1.06172,1.06133,1.06162,3319.82
1677825000000,1.06162,1.06179,1.0615,1.06169,2597.32
1677825900000,1.06169,1.06231,1.06161,1.06211,2830.26
1677826800000,1.0621,1.06212,1.06149,1.06167,4461.34
1677827700000,1.06166,1.06186,1.06123,1.06159,4139.03
1677828600000,1.0616,1.06228,1.06155,1.06179,3937.46
1677829500000,1.0618,1.0618,1.06091,1.06097,3615.97
1677830400000,1.06098,1.06197,1.06098,1.06138,6950.44
1677831300000,1.06139,1.0623,1.0613,1.06185,5553.6
1677832200000,1.06184,1.0629,1.06169,1.06255,5182.16
1677833100000,1.06255,1.06255,1.06203,1.06208,6195.17
1677834000000,1.06208,1.06208,1.06113,1.06138,5710.64
1677834900000,1.06137,1.06209,1.06137,1.06167,6488.21
1677835800000,1.06165,1.06204,1.06118,1.06129,5807.82
1677836700000,1.06128,1.06156,1.06074,1.06097,5156.43
1677837600000,1.06097,1.06103,1.06003,1.06091,5465.7699
1677838500000,1.0609,1.06153,1.06071,1.06128,4106.08
1677839400000,1.06127,1.06227,1.06127,1.06219,3245.01
1677840300000,1.0622,1.06231,1.06151,1.06165,3338.85
1677841200000,1.06165,1.06179,1.06107,1.06108,4024.87
1677842100000,1.06109,1.06157,1.06097,1.06103,3311.4
1677843000000,1.06103,1.06163,1.061,1.06146,2759.61
1677843900000,1.06147,1.06175,1.06133,1.06144,2407.28
1677844800000,1.06144,1.06184,1.06092,1.06099,3624.08
1677845700000,1.06099,1.06139,1.06053,1.0607,3111.69
1677846600000,1.06072,1.061,1.06039,1.06047,2969.06
1677847500000,1.06047,1.0614,1.06029,1.06123,4626.84
1677848400000,1.06125,1.0616,1.06105,1.06142,4732.94
1677849300000,1.06141,1.06198,1.06119,1.06164,6087.58
1677850200000,1.06163,1.06259,1.06152,1.06243,5716.89
1677851100000,1.06242,1.06295,1.06217,1.06223,7149.16
1677852000000,1.06223,1.06294,1.06212,1.06243,5266.5001
1677852900000,1.06242,1.06254,1.06114,1.06153,5479.3
1677853800000,1.06152,1.06194,1.06124,1.06143,7612.77
1677854700000,1.06145,1.06224,1.06117,1.06135,10217.11
1677855600000,1.06134,1.0615,1.05882,1.06058,20082.55
1677856500000,1.06058,1.06177,1.0603,1.06139,12252.35
1677857400000,1.0614,1.06157,1.05994,1.0605,10248.29
1677858300000,1.0605,1.06081,1.05932,1.05975,11144.8299
1677859200000,1.05976,1.06011,1.05924,1.05984,6792.9799
1677860100000,1.05984,1.06031,1.05958,1.06027,4848.29
1677861000000,1.06028,1.0611,1.06013,1.06102,3932.72
1677861900000,1.06101,1.06171,1.06094,1.06159,5560.2499
1677862800000,1.06158,1.06213,1.06116,1.06172,6399.03
1677863700000,1.06172,1.06214,1.06124,1.06194,4634.53
1677864600000,1.06196,1.06232,1.06174,1.06214,6283.11
1677865500000,1.06214,1.06251,1.06192,1.06246,4199.25
1677866400000,1.06245,1.06273,1.06229,1.06253,2567.18
1677867300000,1.06252,1.06252,1.0621,1.06231,3633.73
1677868200000,1.06233,1.06236,1.06198,1.06226,2684.75
1677869100000,1.06226,1.06246,1.06205,1.06242,1949.5
1677870000000,1.06242,1.06311,1.0623,1.06307,3279.24
1677870900000,1.06306,1.06306,1.06258,1.06268,3098.59
1677871800000,1.06267,1.06308,1.06266,1.06282,2743.73
1677872700000,1.06282,1.06355,1.06277,1.06345,2756.94
1677873600000,1.06344,1.06384,1.0633,1.06374,2970.94
1677874500000,1.06374,1.06377,1.06337,1.06358,2468.07
1677875400000,1.06357,1.06357,1.06328,1.06332,2262.81
1677876300000,1.0633,1.06351,1.06302,1.0635,3027.23
1677877200000,1.0635,1.0635,1.06322,1.06338,1074.06
1677878100000,1.0634,1.06345,1.06318,1.06318,546.48
1677879000000,1.06319,1.06319,1.06301,1.06316,360.84
1677879900000,1.06315,1.06348,1.06308,1.06337,1201.32
1677880800000,1.06337,1.06337,1.06337,1.06337,0
1677881700000,1.06337,1.06337,1.06337,1.06337,0
1677882600000,1.06337,1.06337,1.06337,1.06337,0
1677883500000,1.06337,1.06337,1.06337,1.06337,0
1677884400000,1.06337,1.06337,1.06337,1.06337,0
1677885300000,1.06337,1.06337,1.06337,1.06337,0
1677886200000,1.06337,1.06337,1.06337,1.06337,0
1677887100000,1.06337,1.06337,1.06337,1.06337,0
1677888000000,1.06337,1.06337,1.06337,1.06337,0
1677888900000,1.06337,1.06337,1.06337,1.06337,0
1677889800000,1.06337,1.06337,1.06337,1.06337,0
1677890700000,1.06337,1.06337,1.06337,1.06337,0
1677891600000,1.06337,1.06337,1.06337,1.06337,0
1677892500000,1.06337,1.06337,1.06337,1.06337,0
1677893400000,1.06337,1.06337,1.06337,1.06337,0
1677894300000,1.06337,1.06337,1.06337,1.06337,0
1677895200000,1.06337,1.06337,1.06337,1.06337,0
1677896100000,1.06337,1.06337,1.06337,1.06337,0
1677897000000,1.06337,1.06337,1.06337,1.06337,0
1677897900000,1.06337,1.06337,1.06337,1.06337,0
1677898800000,1.06337,1.06337,1.06337,1.06337,0
1677899700000,1.06337,1.06337,1.06337,1.06337,0
1677900600000,1.06337,1.06337,1.06337,1.06337,0
1677901500000,1.06337,1.06337,1.06337,1.06337,0
1677902400000,1.06337,1.06337,1.06337,1.06337,0
1677903300000,1.06337,1.06337,1.06337,1.06337,0
1677904200000,1.06337,1.06337,1.06337,1.06337,0
1677905100000,1.06337,1.06337,1.06337,1.06337,0
1677906000000,1.06337,1.06337,1.06337,1.06337,0
1677906900000,1.06337,1.06337,1.06337,1.06337,0
1677907800000,1.06337,1.06337,1.06337,1.06337,0
1677908700000,1.06337,1.06337,1.06337,1.06337,0
1677909600000,1.06337,1.06337,1.06337,1.06337,0
1677910500000,1.06337,1.06337,1.06337,1.06337,0
1677911400000,1.06337,1.06337,1.06337,1.06337,0
1677912300000,1.06337,1.06337,1.06337,1.06337,0
1677913200000,1.06337,1.06337,1.06337,1.06337,0
1677914100000,1.06337,1.06337,1.06337,1.06337,0
1677915000000,1.06337,1.06337,1.06337,1.06337,0
1677915900000,1.06337,1.06337,1.06337,1.06337,0
1677916800000,1.06337,1.06337,1.06337,1.06337,0
1677917700000,1.06337,1.06337,1.06337,1.06337,0
1677918600000,1.06337,1.06337,1.06337,1.06337,0
1677919500000,1.06337,1.06337,1.06337,1.06337,0
1677920400000,1.06337,1.06337,1.06337,1.06337,0
1677921300000,1.06337,1.06337,1.06337,1.06337,0
1677922200000,1.06337,1.06337,1.06337,1.06337,0
1677923100000,1.06337,1.06337,1.06337,1.06337,0
1677924000000,1.06337,1.06337,1.06337,1.06337,0
1677924900000,1.06337,1.06337,1.06337,1.06337,0
1677925800000,1.06337,1.06337,1.06337,1.06337,0
1677926700000,1.06337,1.06337,1.06337,1.06337,0
1677927600000,1.06337,1.06337,1.06337,1.06337,0
1677928500000,1.06337,1.06337,1.06337,1.06337,0
1677929400000,1.06337,1.06337,1.06337,1.06337,0
1677930300000,1.06337,1.06337,1.06337,1.06337,0
1677931200000,1.06337,1.06337,1.06337,1.06337,0
1677932100000,1.06337,1.06337,1.06337,1.06337,0
1677933000000,1.06337,1.06337,1.06337,1.06337,0
1677933900000,1.06337,1.06337,1.06337,1.06337,0
1677934800000,1.06337,1.06337,1.06337,1.06337,0
1677935700000,1.06337,1.06337,1.06337,1.06337,0
1677936600000,1.06337,1.06337,1.06337,1.06337,0
1677937500000,1.06337,1.06337,1.06337,1.06337,0
1677938400000,1.06337,1.06337,1.06337,1.06337,0
1677939300000,1.06337,1.06337,1.06337,1.06337,0
1677940200000,1.06337,1.06337,1.06337,1.06337,0
1677941100000,1.06337,1.06337,1.06337,1.06337,0
1677942000000,1.06337,1.06337,1.06337,1.06337,0
1677942900000,1.06337,1.06337,1.06337,1.06337,0
1677943800000,1.06337,1.06337,1.06337,1.06337,0
1677944700000,1.06337,1.06337,1.06337,1.06337,0
1677945600000,1.06337,1.06337,1.06337,1.06337,0
1677946500000,1.06337,1.06337,1.06337,1.06337,0
1677947400000,1.06337,1.06337,1.06337,1.06337,0
1677948300000,1.06337,1.06337,1.06337,1.06337,0
1677949200000,1.06337,1.06337,1.06337,1.06337,0
1677950100000,1.06337,1.06337,1.06337,1.06337,0
1677951000000,1.06337,1.06337,1.06337,1.06337,0
1677951900000,1.06337,1.06337,1.06337,1.06337,0
1677952800000,1.06337,1.06337,1.06337,1.06337,0
1677953700000,1.06337,1.06337,1.06337,1.06337,0
1677954600000,1.06337,1.06337,1.06337,1.06337,0
1677955500000,1.06337,1.06337,1.06337,1.06337,0
1677956400000,1.06337,1.06337,1.06337,1.06337,0
1677957300000,1.06337,1.06337,1.06337,1.06337,0
1677958200000,1.06337,1.06337,1.06337,1.06337,0
1677959100000,1.06337,1.06337,1.06337,1.06337,0
1677960000000,1.06337,1.06337,1.06337,1.06337,0
1677960900000,1.06337,1.06337,1.06337,1.06337,0
1677961800000,1.06337,1.06337,1.06337,1.06337,0
1677962700000,1.06337,1.06337,1.06337,1.06337,0
1677963600000,1.06337,1.06337,1.06337,1.06337,0
1677964500000,1.06337,1.06337,1.06337,1.06337,0
1677965400000,1.06337,1.06337,1.06337,1.06337,0
1677966300000,1.06337,1.06337,1.06337,1.06337,0
1677967200000,1.06337,1.06337,1.06337,1.06337,0
1677968100000,1.06337,1.06337,1.06337,1.06337,0
1677969000000,1.06337,1.06337,1.06337,1.06337,0
1677969900000,1.06337,1.06337,1.06337,1.06337,0
1677970800000,1.06337,1.06337,1.06337,1.06337,0
1677971700000,1.06337,1.06337,1.06337,1.06337,0
1677972600000,1.06337,1.06337,1.06337,1.06337,0
1677973500000,1.06337,1.06337,1.06337,1.06337,0
1677974400000,1.06337,1.06337,1.06337,1.06337,0
1677975300000,1.06337,1.06337,1.06337,1.06337,0
1677976200000,1.06337,1.06337,1.06337,1.06337,0
1677977100000,1.06337,1.06337,1.06337,1.06337,0
1677978000000,1.06337,1.06337,1.06337,1.06337,0
1677978900000,1.06337,1.06337,1.06337,1.06337,0
1677979800000,1.06337,1.06337,1.06337,1.06337,0
1677980700000,1.06337,1.06337,1.06337,1.06337,0
1677981600000,1.06337,1.06337,1.06337,1.06337,0
1677982500000,1.06337,1.06337,1.06337,1.06337,0
1677983400000,1.06337,1.06337,1.06337,1.06337,0
1677984300000,1.06337,1.06337,1.06337,1.06337,0
1677985200000,1.06337,1.06337,1.06337,1.06337,0
1677986100000,1.06337,1.06337,1.06337,1.06337,0
1677987000000,1.06337,1.06337,1.06337,1.06337,0
1677987900000,1.06337,1.06337,1.06337,1.06337,0
1677988800000,1.06337,1.06337,1.06337,1.06337,0
1677989700000,1.06337,1.06337,1.06337,1.06337,0
1677990600000,1.06337,1.06337,1.06337,1.06337,0
1677991500000,1.06337,1.06337,1.06337,1.06337,0
1677992400000,1.06337,1.06337,1.06337,1.06337,0
1677993300000,1.06337,1.06337,1.06337,1.06337,0
1677994200000,1.06337,1.06337,1.06337,1.06337,0
1677995100000,1.06337,1.06337,1.06337,1.06337,0
1677996000000,1.06337,1.06337,1.06337,1.06337,0
1677996900000,1.06337,1.06337,1.06337,1.06337,0
1677997800000,1.06337,1.06337,1.06337,1.06337,0
1677998700000,1.06337,1.06337,1.06337,1.06337,0
1677999600000,1.06337,1.06337,1.06337,1.06337,0
1678000500000,1.06337,1.06337,1.06337,1.06337,0
1678001400000,1.06337,1.06337,1.06337,1.06337,0
1678002300000,1.06337,1.06337,1.06337,1.06337,0
1678003200000,1.06337,1.06337,1.06337,1.06337,0
1678004100000,1.06337,1.06337,1.06337,1.06337,0
1678005000000,1.06337,1.06337,1.06337,1.06337,0
1678005900000,1.06337,1.06337,1.06337,1.06337,0
1678006800000,1.06337,1.06337,1.06337,1.06337,0
1678007700000,1.06337,1.06337,1.06337,1.06337,0
1678008600000,1.06337,1.06337,1.06337,1.06337,0
1678009500000,1.06337,1.06337,1.06337,1.06337,0
1678010400000,1.06337,1.06337,1.06337,1.06337,0
1678011300000,1.06337,1.06337,1.06337,1.06337,0
1678012200000,1.06337,1.06337,1.06337,1.06337,0
1678013100000,1.06337,1.06337,1.06337,1.06337,0
1678014000000,1.06337,1.06337,1.06337,1.06337,0
1678014900000,1.06337,1.06337,1.06337,1.06337,0
1678015800000,1.06337,1.06337,1.06337,1.06337,0
1678016700000,1.06337,1.06337,1.06337,1.06337,0
1678017600000,1.06337,1.06337,1.06337,1.06337,0
1678018500000,1.06337,1.06337,1.06337,1.06337,0
1678019400000,1.06337,1.06337,1.06337,1.06337,0
1678020300000,1.06337,1.06337,1.06337,1.06337,0
1678021200000,1.06337,1.06337,1.06337,1.06337,0
1678022100000,1.06337,1.06337,1.06337,1.06337,0
1678023000000,1.06337,1.06337,1.06337,1.06337,0
1678023900000,1.06337,1.06337,1.06337,1.06337,0
1678024800000,1.06337,1.06337,1.06337,1.06337,0
1678025700000,1.06337,1.06337,1.06337,1.06337,0
1678026600000,1.06337,1.06337,1.06337,1.06337,0
1678027500000,1.06337,1.06337,1.06337,1.06337,0
1678028400000,1.06337,1.06337,1.06337,1.06337,0
1678029300000,1.06337,1.06337,1.06337,1.06337,0
1678030200000,1.06337,1.06337,1.06337,1.06337,0
1678031100000,1.06337,1.06337,1.06337,1.06337,0
1678032000000,1.06337,1.06337,1.06337,1.06337,0
1678032900000,1.06337,1.06337,1.06337,1.06337,0
1678033800000,1.06337,1.06337,1.06337,1.06337,0
1678034700000,1.06337,1.06337,1.06337,1.06337,0
1678035600000,1.06337,1.06337,1.06337,1.06337,0
1678036500000,1.06337,1.06337,1.06337,1.06337,0
1678037400000,1.06337,1.06337,1.06337,1.06337,0
1678038300000,1.06337,1.06337,1.06337,1.06337,0
1678039200000,1.06337,1.06337,1.06337,1.06337,0
1678040100000,1.06337,1.06337,1.06337,1.06337,0
1678041000000,1.06337,1.06337,1.06337,1.06337,0
1678041900000,1.06337,1.06337,1.06337,1.06337,0
1678042800000,1.06337,1.06337,1.06337,1.06337,0
1678043700000,1.06337,1.06337,1.06337,1.06337,0
1678044600000,1.06337,1.06337,1.06337,1.06337,0
1678045500000,1.06337,1.06337,1.06337,1.06337,0
1678046400000,1.06337,1.06337,1.06337,1.06337,0
1678047300000,1.06337,1.06337,1.06337,1.06337,0
1678048200000,1.06337,1.06337,1.06337,1.06337,0
1678049100000,1.06337,1.06337,1.06337,1.06337,0
1678050000000,1.06337,1.06337,1.06337,1.06337,0
1678050900000,1.06337,1.06337,1.06337,1.06337,0
1678051800000,1.06337,1.06337,1.06337,1.06337,0
1678052700000,1.06337,1.06337,1.06337,1.06337,0
1678053600000,1.06228,1.06286,1.06228,1.06265,135.47
1678054500000,1.06265,1.06265,1.06233,1.0625,65.47
1678055400000,1.0625,1.06282,1.0625,1.06253,3621.86
1678056300000,1.06254,1.06272,1.06247,1.06266,948.45
1678057200000,1.06266,1.06288,1.06232,1.06252,1259.98
1678058100000,1.06252,1.06262,1.06234,1.06237,1093.72
1678059000000,1.06237,1.06277,1.06232,1.06267,729.56
1678059900000,1.06268,1.06279,1.06253,1.06254,1021.46
1678060800000,1.06255,1.06354,1.06253,1.0633,1868.37
1678061700000,1.06329,1.06364,1.06308,1.06363,2372.07
1678062600000,1.06363,1.06363,1.06329,1.06341,1739.61
1678063500000,1.0634,1.06357,1.06254,1.06266,3313.34
1678064400000,1.06269,1.06295,1.06256,1.06269,2994.5
1678065300000,1.06269,1.06286,1.0624,1.06275,2869.88
1678066200000,1.06277,1.06339,1.06277,1.06338,3107.04
1678067100000,1.06337,1.0638,1.06314,1.06362,2530.29
1678068000000,1.06359,1.06371,1.0629,1.06301,2599.87
1678068900000,1.06301,1.06335,1.06281,1.06333,2218.29
1678069800000,1.06333,1.0645,1.0633,1.06442,2784.82
1678070700000,1.06443,1.06498,1.06432,1.0645,4707.27
1678071600000,1.06454,1.0649,1.06438,1.06439,3988.14
1678072500000,1.06438,1.06469,1.06437,1.06452,2954.23
1678073400000,1.06454,1.06476,1.06435,1.06456,2054.08
1678074300000,1.06459,1.06471,1.06441,1.06456,1818.61
1678075200000,1.06457,1.06466,1.0645,1.06457,1652.46
1678076100000,1.06456,1.06463,1.06421,1.06446,1474.49
1678077000000,1.06447,1.06447,1.06412,1.06446,2001.65
1678077900000,1.06445,1.06448,1.06421,1.06426,1741.76
1678078800000,1.06428,1.0645,1.06408,1.0644,1987.84
1678079700000,1.06441,1.06482,1.06441,1.06458,1278.97
1678080600000,1.06457,1.06457,1.06411,1.06435,2093.6
1678081500000,1.06436,1.06489,1.0643,1.06483,2230.67
1678082400000,1.06483,1.06522,1.06447,1.06471,2937.2
1678083300000,1.06471,1.06472,1.06374,1.06384,3222.68
1678084200000,1.06383,1.06412,1.0637,1.0641,2987.74
1678085100000,1.0641,1.06437,1.0641,1.06433,3300.32
1678086000000,1.06435,1.06485,1.06425,1.06485,4605.76
1678086900000,1.06484,1.06525,1.06467,1.06485,3957.1
1678087800000,1.06484,1.06568,1.0648,1.0652,4571.63
1678088700000,1.06523,1.06541,1.06476,1.06482,3841.01
1678089600000,1.0648,1.06514,1.0646,1.06508,4011.2
1678090500000,1.06507,1.06572,1.06488,1.06495,4364.29
1678091400000,1.06497,1.06543,1.06421,1.06471,6307.03
1678092300000,1.06471,1.06511,1.06415,1.06415,6080.8
1678093200000,1.06417,1.06466,1.06401,1.0643,5958.69
1678094100000,1.06428,1.06444,1.06374,1.06385,3803.84
1678095000000,1.06386,1.06398,1.06343,1.06378,3751.94
1678095900000,1.06376,1.06381,1.06279,1.0629,4080.31
1678096800000,1.0629,1.06324,1.06252,1.063,4580.44
1678097700000,1.063,1.06367,1.06291,1.06366,2035.94
1678098600000,1.06367,1.06378,1.06279,1.06288,2965.49
1678099500000,1.06288,1.06328,1.06262,1.06282,2934.43
1678100400000,1.06282,1.06325,1.06233,1.06302,3393.46
1678101300000,1.06302,1.06305,1.06219,1.06242,3024.78
1678102200000,1.06241,1.06347,1.06241,1.06327,3376.99
1678103100000,1.06327,1.06475,1.063,1.06393,7014.67
1678104000000,1.06393,1.06403,1.06333,1.06366,4655.1301
1678104900000,1.06367,1.06425,1.06366,1.06396,3363.12
1678105800000,1.06399,1.06429,1.06345,1.06356,2580.23
1678106700000,1.06357,1.06425,1.06321,1.06415,5438.9801
1678107600000,1.06416,1.06484,1.064,1.06462,6469.81
1678108500000,1.06459,1.06547,1.06459,1.06498,5975.34
1678109400000,1.06499,1.0658,1.06474,1.0654,5087.06
1678110300000,1.0654,1.06548,1.06494,1.06544,4730.04
1678111200000,1.06545,1.06595,1.06502,1.06572,5695.6199
1678112100000,1.06573,1.06672,1.06553,1.06593,6294.15
1678113000000,1.06594,1.0672,1.06553,1.06659,10746.1099
1678113900000,1.0666,1.06735,1.06623,1.06687,8147.5701
1678114800000,1.06686,1.06808,1.06612,1.06799,11725.97
1678115700000,1.06799,1.06849,1.06739,1.06745,8842.01
1678116600000,1.06745,1.06828,1.06719,1.06809,7027.49
1678117500000,1.06809,1.06894,1.06772,1.06785,8935.47
1678118400000,1.06785,1.06889,1.06761,1.06869,6171.97
1678119300000,1.06869,1.0688,1.06755,1.06765,4989.15
1678120200000,1.06764,1.06849,1.06756,1.06845,4259.83
1678121100000,1.06843,1.06941,1.06843,1.06934,4856.26
1678122000000,1.06933,1.06934,1.06892,1.06921,3843.98
1678122900000,1.06921,1.06942,1.06847,1.06858,2967.99
1678123800000,1.06859,1.0686,1.06831,1.06848,3278.72
1678124700000,1.06849,1.06859,1.06799,1.0685,3623.64
1678125600000,1.06848,1.06857,1.06755,1.06775,3332.18
1678126500000,1.06776,1.06837,1.06774,1.06819,1645.4
1678127400000,1.0682,1.06827,1.06766,1.06784,1812.08
1678128300000,1.06783,1.06784,1.06715,1.06736,2174.35
1678129200000,1.06735,1.06756,1.067,1.06712,2095.52
1678130100000,1.06712,1.06712,1.06682,1.06709,2884.79
1678131000000,1.06711,1.06752,1.06708,1.06742,3060.5
1678131900000,1.06745,1.06771,1.06735,1.06754,3013.18
1678132800000,1.06754,1.06777,1.06733,1.06743,2556.32
1678133700000,1.06744,1.06747,1.06719,1.06741,3297.45
1678134600000,1.06741,1.0678,1.06724,1.06761,2762.33
1678135500000,1.0676,1.06782,1.06755,1.06771,2386.89
1678136400000,1.0677,1.06776,1.06757,1.06775,605.14
1678137300000,1.06773,1.06801,1.06769,1.06797,605.78
1678138200000,1.06796,1.06837,1.06794,1.06833,579.99
1678139100000,1.06833,1.06833,1.06808,1.06808,474.33
1678140000000,1.06808,1.06815,1.068,1.06807,189.53
1678140900000,1.06807,1.06821,1.0679,1.06814,820.13
1678141800000,1.06815,1.0682,1.06797,1.06817,316.43
1678142700000,1.06823,1.06823,1.0678,1.06812,81.77
1678143600000,1.06811,1.06834,1.06793,1.06832,784.9
1678144500000,1.06834,1.06852,1.0681,1.06819,1219.14
1678145400000,1.06821,1.0686,1.06821,1.06857,509.24
1678146300000,1.06857,1.06868,1.06851,1.06854,806.69
1678147200000,1.06853,1.06864,1.06811,1.06812,1474.98
1678148100000,1.06812,1.06826,1.06801,1.06816,1436.41
1678149000000,1.06817,1.06824,1.06783,1.06814,1339.22
1678149900000,1.06814,1.06818,1.06774,1.06789,2443.01
1678150800000,1.06791,1.06798,1.06763,1.0679,2160.59
1678151700000,1.06789,1.06851,1.06787,1.06842,2785.17
1678152600000,1.06841,1.06864,1.0681,1.06813,3232.28
1678153500000,1.06814,1.06887,1.06801,1.06864,2212.57
1678154400000,1.06864,1.06925,1.06841,1.06919,3621.64
1678155300000,1.06919,1.06923,1.0688,1.06885,3150.08
1678156200000,1.06884,1.06915,1.06879,1.06902,2660.19
1678157100000,1.06905,1.06916,1.06871,1.06877,2630.37
1678158000000,1.06877,1.06881,1.06843,1.06866,2226.29
1678158900000,1.06869,1.06895,1.06863,1.06891,1234.71
1678159800000,1.0689,1.06909,1.06846,1.06888,4389.54
1678160700000,1.06888,1.06918,1.06862,1.06909,3352.97
1678161600000,1.06908,1.06931,1.06901,1.06913,2600.69
1678162500000,1.06914,1.06917,1.06896,1.06905,2133.32
1678163400000,1.06906,1.06921,1.06906,1.06913,1362.4
1678164300000,1.06912,1.06919,1.06881,1.06903,1689.16
1678165200000,1.06902,1.06905,1.06881,1.06891,1999.57
1678166100000,1.06892,1.06896,1.06871,1.06887,1660.25
1678167000000,1.06886,1.06886,1.06861,1.06868,1726.27
1678167900000,1.06868,1.0687,1.06813,1.06851,2839.33
1678168800000,1.0685,1.06866,1.06815,1.0682,4247
1678169700000,1.06818,1.06838,1.06805,1.06825,4142.11
1678170600000,1.06826,1.06846,1.06814,1.06835,2576.81
1678171500000,1.06836,1.06837,1.06758,1.06759,3836.6
1678172400000,1.0676,1.06847,1.06744,1.06837,6672.33
1678173300000,1.06835,1.06917,1.06822,1.06905,5316.25
1678174200000,1.069,1.06943,1.0687,1.06881,4425.52
1678175100000,1.06885,1.06907,1.06843,1.06854,5002.3
1678176000000,1.06853,1.06862,1.06712,1.06718,7717.4601
1678176900000,1.06716,1.06763,1.06697,1.06756,5230.51
1678177800000,1.06756,1.06784,1.06715,1.06719,5858.24
1678178700000,1.06718,1.06779,1.06702,1.06735,5054.32
1678179600000,1.06735,1.06735,1.06614,1.06626,7028.46
1678180500000,1.06627,1.0665,1.06582,1.06624,5819.32
1678181400000,1.06623,1.06674,1.06579,1.06582,4850.71
1678182300000,1.06582,1.06618,1.06553,1.06566,4885.56
1678183200000,1.06566,1.06624,1.06542,1.06593,4006.83
1678184100000,1.06596,1.06662,1.06585,1.06604,3476.68
1678185000000,1.06603,1.0665,1.06565,1.06647,3435.55
1678185900000,1.06645,1.06664,1.06607,1.06607,3622.93
1678186800000,1.06605,1.06676,1.06584,1.06658,2966.43
1678187700000,1.06658,1.06689,1.06623,1.0668,3559.88
1678188600000,1.06679,1.06685,1.06578,1.06586,3351.85
1678189500000,1.06583,1.06627,1.06552,1.06565,4325.53
1678190400000,1.06564,1.06608,1.06532,1.06582,3499.52
1678191300000,1.06583,1.06617,1.06521,1.06524,3770.17
1678192200000,1.06523,1.06653,1.06502,1.0664,3832.16
1678193100000,1.06642,1.06713,1.06611,1.06695,3296.31
1678194000000,1.06693,1.06708,1.06626,1.06642,5816.56
1678194900000,1.06641,1.06719,1.06622,1.06661,7016.3199
1678195800000,1.0666,1.06662,1.06612,1.06642,4787.33
1678196700000,1.06642,1.06642,1.06526,1.06562,6071.0301
1678197600000,1.0656,1.0661,1.06501,1.06505,6841.4001
1678198500000,1.06504,1.06541,1.0648,1.06492,6201.81
1678199400000,1.06491,1.06517,1.06422,1.06445,10601.43
1678200300000,1.06445,1.06507,1.06401,1.06477,6956.6399
1678201200000,1.06477,1.06477,1.05905,1.05963,24218.4901
1678202100000,1.05962,1.06126,1.05859,1.06018,18214.3898
1678203000000,1.06025,1.06157,1.05937,1.05942,19342.8901
1678203900000,1.05943,1.06102,1.05737,1.05854,18630.2402
1678204800000,1.05853,1.05959,1.05821,1.05853,13445.4899
1678205700000,1.05852,1.05856,1.05736,1.0575,13187.11
1678206600000,1.05751,1.05801,1.05699,1.05799,12716.69
1678207500000,1.05798,1.05831,1.05715,1.05725,8007.49
1678208400000,1.05725,1.05769,1.05703,1.0576,8885.71
1678209300000,1.0576,1.0588,1.05717,1.05815,9380.7001
1678210200000,1.05815,1.05833,1.05709,1.0575,9824.9601
1678211100000,1.05752,1.05779,1.05656,1.0567,9343.3999
1678212000000,1.05672,1.05736,1.05628,1.05632,9446.2001
1678212900000,1.05631,1.0566,1.05581,1.05622,8197.51
1678213800000,1.0562,1.05641,1.05543,1.05544,5763.62
1678214700000,1.05545,1.05558,1.0552,1.05558,4381.24
1678215600000,1.05556,1.05598,1.05537,1.05544,3529.46
1678216500000,1.05545,1.05573,1.05508,1.05537,5392.7
1678217400000,1.05537,1.05537,1.05472,1.05478,4787.16
1678218300000,1.05478,1.05522,1.0546,1.05514,3426.03
1678219200000,1.05516,1.05554,1.05514,1.05534,2827.35
1678220100000,1.05534,1.05571,1.05514,1.05528,2710.89
1678221000000,1.05527,1.05565,1.05527,1.05538,2069.4
1678221900000,1.05537,1.05547,1.05496,1.05506,3500.6
1678222800000,1.05505,1.05523,1.05481,1.05482,1064.57
1678223700000,1.05484,1.05494,1.05471,1.05474,719.89
1678224600000,1.05474,1.05493,1.05471,1.05481,624.64
1678225500000,1.05481,1.05498,1.0548,1.05491,491.99
1678226400000,1.05491,1.05491,1.05487,1.05487,9.15
1678227300000,1.05487,1.05488,1.05487,1.05488,8.36
1678228200000,1.05488,1.05495,1.05488,1.05491,95.44
1678229100000,1.05491,1.05534,1.0549,1.05506,419.34
1678230000000,1.05506,1.0551,1.05491,1.05506,824.47
1678230900000,1.05505,1.05512,1.0549,1.05502,991.16
1678231800000,1.05503,1.05504,1.05478,1.05483,745.13
1678232700000,1.05485,1.055,1.0548,1.05481,852.24
1678233600000,1.05482,1.05496,1.05424,1.05434,3055.74
1678234500000,1.05433,1.05449,1.05419,1.05431,3223.34
1678235400000,1.0543,1.0548,1.0543,1.05459,3771.17
1678236300000,1.05457,1.05504,1.05442,1.05502,3546.76
1678237200000,1.05501,1.05501,1.05434,1.05474,2316.26
1678238100000,1.05472,1.05504,1.0545,1.05464,2855.96
1678239000000,1.05464,1.05498,1.05461,1.05487,3135.98
1678239900000,1.05488,1.05489,1.05442,1.05446,2490.15
1678240800000,1.05446,1.05469,1.05428,1.05434,2504.87
1678241700000,1.05435,1.0544,1.05397,1.05398,1773.61
1678242600000,1.05397,1.05413,1.05375,1.05381,2701.7
1678243500000,1.05381,1.05392,1.05318,1.05322,3494.58
1678244400000,1.05326,1.05372,1.05316,1.05346,4006.12
1678245300000,1.05347,1.05354,1.05319,1.05338,2976.17
1678246200000,1.05337,1.05347,1.05329,1.0533,1734.89
1678247100000,1.05331,1.05339,1.05274,1.05292,2129.96
1678248000000,1.05292,1.05334,1.05292,1.05323,3119.74
1678248900000,1.05322,1.05345,1.05309,1.05315,1889.81
1678249800000,1.05314,1.05328,1.05293,1.05326,2725.85
1678250700000,1.05326,1.05364,1.05303,1.05349,1560.34
1678251600000,1.05348,1.0535,1.05303,1.05304,2579.75
1678252500000,1.05305,1.05318,1.05241,1.05312,2022.85
1678253400000,1.05313,1.05344,1.05303,1.05342,2395.53
1678254300000,1.05343,1.05352,1.05305,1.05308,2822.8999
1678255200000,1.05309,1.05384,1.05303,1.05375,2830.59
1678256100000,1.05375,1.05384,1.05317,1.05321,2098.03
1678257000000,1.0532,1.05373,1.0532,1.05365,3013.27
1678257900000,1.05365,1.05398,1.05347,1.05396,2692.57
1678258800000,1.05394,1.0542,1.05333,1.05367,4085.16
1678259700000,1.05367,1.05416,1.05351,1.05389,3217.73
1678260600000,1.05387,1.05457,1.05384,1.0545,4871.35
1678261500000,1.05449,1.05469,1.05416,1.05434,4014.7
1678262400000,1.05434,1.05467,1.05385,1.05416,4761.49
1678263300000,1.05416,1.05479,1.05385,1.05448,5443.78
1678264200000,1.05448,1.05473,1.05422,1.05442,3971.51
1678265100000,1.05443,1.05461,1.05348,1.05365,4241.36
1678266000000,1.05365,1.05451,1.05346,1.05425,4788.26
1678266900000,1.05424,1.05438,1.05384,1.05396,4046.72
1678267800000,1.05396,1.05484,1.05385,1.05472,4121.86
1678268700000,1.05471,1.05476,1.05351,1.05355,4880.8
1678269600000,1.05354,1.05402,1.05339,1.05388,4338.27
1678270500000,1.05388,1.05458,1.05379,1.05442,3167.81
1678271400000,1.05443,1.05461,1.05404,1.05421,3620.6
1678272300000,1.05422,1.05447,1.0539,1.05392,3920.8
1678273200000,1.05393,1.05448,1.05365,1.05376,3496.87
1678274100000,1.05376,1.05383,1.05341,1.05357,3169.6
1678275000000,1.0536,1.05387,1.0534,1.05382,2277.79
1678275900000,1.05381,1.05396,1.05347,1.05377,1749.06
1678276800000,1.05376,1.05415,1.05367,1.05411,2025.43
1678277700000,1.0541,1.05419,1.05369,1.05396,2614.78
1678278600000,1.05395,1.05432,1.05386,1.05412,2176.15
1678279500000,1.05413,1.0549,1.05401,1.05465,4321.12
1678280400000,1.05466,1.0549,1.0543,1.05439,5367.35
1678281300000,1.05438,1.05472,1.05367,1.05386,11127.4599
1678282200000,1.05385,1.05447,1.05378,1.05426,7412.1801
1678283100000,1.05427,1.05443,1.05367,1.05409,5182.25
1678284000000,1.05409,1.0551,1.05409,1.05446,7256.17
1678284900000,1.05448,1.05492,1.05436,1.05464,7137.5001
1678285800000,1.05465,1.05614,1.05465,1.05543,11179.6601
1678286700000,1.05544,1.05612,1.05535,1.0556,12173.5
1678287600000,1.0556,1.0556,1.05291,1.05446,21384.2999
1678288500000,1.05447,1.05699,1.05345,1.05577,19392.9897
1678289400000,1.05579,1.05738,1.05532,1.05546,15912.2599
1678290300000,1.05547,1.05579,1.05479,1.05524,13027.4101
1678291200000,1.05525,1.05641,1.05499,1.05585,9831.2299
1678292100000,1.05586,1.05676,1.05565,1.0557,7998.46
1678293000000,1.0557,1.05572,1.05493,1.05505,7071.75
1678293900000,1.05505,1.0557,1.05455,1.05475,4473.51
1678294800000,1.05474,1.05505,1.05422,1.05451,4830.74
1678295700000,1.05451,1.05496,1.05433,1.05456,5278.5
1678296600000,1.05456,1.05519,1.05422,1.05503,5575.51
1678297500000,1.05503,1.05514,1.05428,1.05449,3727.72
1678298400000,1.05449,1.05497,1.05399,1.05452,7805.86
1678299300000,1.05451,1.05477,1.05407,1.05428,4914.59
1678300200000,1.05427,1.0545,1.05406,1.05432,4580.29
1678301100000,1.05432,1.05447,1.05397,1.05422,4027.74
1678302000000,1.05423,1.05475,1.05412,1.05447,3701.58
1678302900000,1.05449,1.05494,1.05432,1.05493,3380.05
1678303800000,1.05492,1.05498,1.05469,1.05474,2897.22
1678304700000,1.05472,1.05503,1.05438,1.05456,2997.28
1678305600000,1.05457,1.05477,1.05426,1.0544,2209.67
1678306500000,1.05439,1.05441,1.0541,1.05428,2386.56
1678307400000,1.05428,1.05487,1.05423,1.05485,1673.93
1678308300000,1.05484,1.05499,1.05461,1.05473,1466.15
1678309200000,1.05472,1.05475,1.05432,1.05455,1278.78
1678310100000,1.05455,1.05465,1.05425,1.05447,508.46
1678311000000,1.05449,1.0545,1.05425,1.05432,581.64
1678311900000,1.05433,1.0545,1.05416,1.0543,654.21
1678312800000,1.05416,1.05443,1.05416,1.05443,13.59
1678313700000,1.05443,1.05446,1.05443,1.05446,6.57
1678314600000,1.05446,1.05449,1.05418,1.0543,2337.95
1678315500000,1.0543,1.0543,1.05415,1.05424,152.01
1678316400000,1.05422,1.05481,1.05422,1.05476,1040.36
1678317300000,1.05475,1.05486,1.05461,1.05471,1360.96
1678318200000,1.05472,1.05489,1.05456,1.05483,1010.89
1678319100000,1.05484,1.05497,1.05479,1.05488,472.66
1678320000000,1.05488,1.05513,1.05481,1.05507,1545.2
1678320900000,1.05508,1.05532,1.055,1.05505,1887.38
1678321800000,1.05507,1.05507,1.05456,1.05472,3476.3999
1678322700000,1.05473,1.0548,1.05442,1.05466,2479.22
1678323600000,1.05466,1.05487,1.05433,1.05447,1871.88
1678324500000,1.05446,1.05459,1.0543,1.05458,2199.87
1678325400000,1.05459,1.05461,1.05406,1.05421,3307.39
1678326300000,1.05421,1.05421,1.05378,1.05403,3060.09
1678327200000,1.05404,1.05434,1.05391,1.0542,1992.11
1678328100000,1.0542,1.05433,1.05404,1.05432,1998.65
1678329000000,1.05431,1.05447,1.05426,1.05427,1461.31
1678329900000,1.0543,1.05484,1.0543,1.05452,1137.43
1678330800000,1.05453,1.05458,1.05432,1.05434,1453.13
1678331700000,1.05436,1.05478,1.05434,1.05473,1369.52
1678332600000,1.05473,1.05508,1.05473,1.05501,897.11
1678333500000,1.05501,1.05508,1.05486,1.05491,1583.36
1678334400000,1.05492,1.05492,1.05457,1.05471,1519.89
1678335300000,1.05472,1.05503,1.05464,1.05492,1052.26
1678336200000,1.05492,1.05497,1.05477,1.0548,402.19
1678337100000,1.05479,1.05532,1.05478,1.05517,1597.14
1678338000000,1.05516,1.05553,1.05496,1.0555,2500.23
1678338900000,1.0555,1.05552,1.0552,1.0553,2499.86
1678339800000,1.0553,1.05552,1.0552,1.05522,1307.71
1678340700000,1.05522,1.05539,1.05507,1.05521,783.96
1678341600000,1.05523,1.05541,1.05507,1.05523,1836.52
1678342500000,1.05524,1.05531,1.05481,1.05493,2127.7
1678343400000,1.05492,1.05512,1.05482,1.05494,2198.28
1678344300000,1.05495,1.05546,1.05494,1.05513,2118.47
1678345200000,1.05511,1.05554,1.05491,1.05537,3448.98
1678346100000,1.05536,1.05596,1.05517,1.05561,2561.41
1678347000000,1.05562,1.05589,1.05553,1.05555,2402.91
1678347900000,1.05553,1.0557,1.05522,1.05562,3444.38
1678348800000,1.05562,1.0557,1.05501,1.05505,3968.99
1678349700000,1.05506,1.05549,1.05492,1.05509,4152.73
1678350600000,1.05508,1.05631,1.0548,1.05607,5656.98
1678351500000,1.05607,1.05607,1.05541,1.05571,3992.49
1678352400000,1.05572,1.05572,1.05502,1.05553,2768.69
1678353300000,1.05554,1.05666,1.05554,1.05665,3589.55
1678354200000,1.05663,1.05695,1.05638,1.05638,4865.42
1678355100000,1.05637,1.0564,1.05569,1.05583,3635.27
1678356000000,1.05583,1.05598,1.05532,1.05596,4345.87
1678356900000,1.05595,1.05601,1.05568,1.05585,3622.96
1678357800000,1.05586,1.05654,1.05573,1.0563,3569.6499
1678358700000,1.05631,1.05685,1.05624,1.05661,3487.78
1678359600000,1.05659,1.05771,1.05659,1.05765,4272.9801
1678360500000,1.05766,1.05812,1.05745,1.05799,3529.93
1678361400000,1.05798,1.05801,1.05753,1.05767,3493.51
1678362300000,1.05767,1.0577,1.05704,1.05709,3354.71
1678363200000,1.0571,1.05718,1.05653,1.05664,3119.95
1678364100000,1.05663,1.05693,1.05648,1.05649,3160.36
1678365000000,1.0565,1.05655,1.05553,1.05563,2687.91
1678365900000,1.05564,1.05633,1.05536,1.0559,3522.31
1678366800000,1.05591,1.05607,1.05533,1.05535,4674.1199
1678367700000,1.05534,1.05607,1.05524,1.05582,4918.11
1678368600000,1.05583,1.05776,1.05572,1.05584,15824.39
1678369500000,1.05585,1.05746,1.05585,1.05741,8270.52
1678370400000,1.05739,1.05798,1.05665,1.05689,9734.2201
1678371300000,1.05689,1.05743,1.05679,1.05711,7314.23
1678372200000,1.05712,1.05788,1.05662,1.05764,9727.65
1678373100000,1.05764,1.05862,1.05732,1.0575,10469.47
1678374000000,1.0575,1.05854,1.05729,1.05806,10012.8802
1678374900000,1.05807,1.05817,1.0572,1.05753,7206.55
1678375800000,1.05753,1.05836,1.05742,1.05787,6881.78
1678376700000,1.05788,1.0582,1.05667,1.05686,5745.7899
1678377600000,1.05686,1.05704,1.05635,1.05702,6715.18
1678378500000,1.05703,1.05781,1.05703,1.05749,5271.1099
1678379400000,1.0575,1.05807,1.05746,1.05805,5493.29
1678380300000,1.05805,1.05836,1.05756,1.05756,4398.58
1678381200000,1.05756,1.05774,1.05694,1.05725,6048.6501
1678382100000,1.05726,1.0577,1.05703,1.05761,4450.01
1678383000000,1.05763,1.05793,1.05752,1.05769,3921.15
1678383900000,1.05768,1.05784,1.05746,1.05771,3876.67
1678384800000,1.05771,1.05852,1.05728,1.05802,9215.9
1678385700000,1.05803,1.0584,1.05783,1.05787,4732.1199
1678386600000,1.05787,1.05842,1.05766,1.05828,5470.9901
1678387500000,1.05827,1.059,1.05797,1.05895,6906.68
1678388400000,1.05895,1.05905,1.05836,1.05868,6593.94
1678389300000,1.05867,1.0591,1.05849,1.0585,6047.46
1678390200000,1.0585,1.05854,1.05788,1.05788,4149.55
1678391100000,1.05788,1.05811,1.05754,1.05755,5512.75
1678392000000,1.05755,1.05824,1.05754,1.05824,5652.15
1678392900000,1.05827,1.05827,1.05723,1.0575,6368.92
1678393800000,1.05751,1.05794,1.0574,1.05763,6009.19
1678394700000,1.05764,1.05812,1.0574,1.0579,4620.2701
1678395600000,1.0579,1.05806,1.05779,1.05792,1396.6
1678396500000,1.05792,1.058,1.0575,1.05785,858.65
1678397400000,1.05786,1.05818,1.05784,1.05813,667.01
1678398300000,1.05813,1.05828,1.05791,1.05791,555.18
1678399200000,1.05791,1.05821,1.05791,1.05815,24.59
1678400100000,1.05816,1.05844,1.05816,1.05822,1017.43
1678401000000,1.05822,1.05838,1.05822,1.05829,868.76
1678401900000,1.05828,1.05831,1.05807,1.05815,867.5
1678402800000,1.05814,1.05826,1.05782,1.058,1378.07
1678403700000,1.05801,1.05815,1.05795,1.05812,1234.96
1678404600000,1.05811,1.0585,1.05811,1.05816,1296.81
1678405500000,1.05816,1.05856,1.05816,1.05856,454.39
1678406400000,1.05855,1.0593,1.05853,1.05898,2067.06
1678407300000,1.05902,1.05966,1.05896,1.05951,2680.21
1678408200000,1.05953,1.05975,1.05943,1.05959,3098.46
1678409100000,1.0596,1.05993,1.05942,1.05986,3144.53
1678410000000,1.05985,1.05991,1.05901,1.05909,5457.94
1678410900000,1.0591,1.05943,1.05891,1.0594,4579.87
1678411800000,1.05942,1.05957,1.05916,1.05943,4409.92
1678412700000,1.05943,1.05955,1.05932,1.05943,3314.71
1678413600000,1.05943,1.05958,1.05926,1.05952,4516.84
1678414500000,1.05951,1.05951,1.05817,1.05817,5313.57
1678415400000,1.05819,1.05944,1.05791,1.05889,9833.7701
1678416300000,1.05889,1.05907,1.05855,1.05892,4358.4601
1678417200000,1.05893,1.05948,1.05853,1.05931,3519.57
1678418100000,1.05931,1.05957,1.05916,1.05937,2616.27
1678419000000,1.05936,1.05964,1.05922,1.05947,2115.18
1678419900000,1.05949,1.05981,1.05947,1.05967,1955.17
1678420800000,1.05967,1.05968,1.05931,1.05966,2715.32
1678421700000,1.05966,1.05974,1.05945,1.05973,3060.69
1678422600000,1.05973,1.05984,1.05951,1.05964,3796.76
1678423500000,1.05963,1.05972,1.05943,1.05945,2421.83
1678424400000,1.05944,1.0595,1.05915,1.05925,2983.04
1678425300000,1.05923,1.05926,1.0586,1.05877,2723.28
1678426200000,1.05877,1.05899,1.05856,1.05869,3660.79
1678427100000,1.05868,1.05893,1.0586,1.05865,2750.08
1678428000000,1.05865,1.05894,1.05858,1.0586,3246.16
1678428900000,1.0586,1.059,1.05856,1.05896,2689.13
1678429800000,1.05897,1.05908,1.05809,1.05813,3473.02
1678430700000,1.05814,1.05857,1.0581,1.05834,3770.43
1678431600000,1.05835,1.05962,1.05835,1.05923,7854.1
1678432500000,1.05924,1.05956,1.05879,1.05945,5676.63
1678433400000,1.05944,1.06066,1.05933,1.0596,3924.63
1678434300000,1.05962,1.05984,1.05906,1.05948,3664.75
1678435200000,1.05946,1.05977,1.05796,1.05851,7495.1199
1678436100000,1.05851,1.05852,1.05738,1.05804,8243.69
1678437000000,1.05804,1.05989,1.05779,1.05982,6225.8
1678437900000,1.05981,1.05982,1.05893,1.05914,5749.9501
1678438800000,1.05913,1.05986,1.05893,1.05976,5238.66
1678439700000,1.05976,1.05977,1.05843,1.05884,4471.77
1678440600000,1.05885,1.05978,1.05884,1.05914,4315.29
1678441500000,1.05913,1.05983,1.05798,1.05811,7862.9699
1678442400000,1.05812,1.05937,1.05778,1.059,6657.62
1678443300000,1.05901,1.05991,1.05898,1.05988,4465.02
1678444200000,1.05989,1.06036,1.05951,1.05951,4438.54
1678445100000,1.0595,1.05951,1.05856,1.05875,4464.86
1678446000000,1.05876,1.05972,1.05865,1.0595,4162.39
1678446900000,1.0595,1.05966,1.05899,1.05966,3718.62
1678447800000,1.05967,1.06018,1.05952,1.05953,5249.53
1678448700000,1.05953,1.05959,1.05867,1.05894,4004.57
1678449600000,1.05896,1.05896,1.05806,1.05849,4528.97
1678450500000,1.05849,1.05887,1.0581,1.05878,4629.18
1678451400000,1.05877,1.05955,1.05867,1.05913,5216.38
1678452300000,1.05913,1.05984,1.05904,1.05941,6752.82
1678453200000,1.0594,1.05957,1.05828,1.05857,10427.66
1678454100000,1.05859,1.05927,1.05817,1.05907,10222.22
1678455000000,1.05909,1.0644,1.05902,1.06352,21540.8801
1678455900000,1.0635,1.06399,1.06165,1.06216,16482.42
1678456800000,1.06215,1.06399,1.06119,1.06292,22135.4702
1678457700000,1.06289,1.06494,1.06242,1.06486,17827.3701
1678458600000,1.06487,1.06743,1.06437,1.06724,22064.3201
1678459500000,1.06724,1.06724,1.06512,1.06662,17151.7202
1678460400000,1.06664,1.06865,1.06664,1.06787,15863.7402
1678461300000,1.06787,1.06874,1.06682,1.06871,15866.6099
1678462200000,1.06871,1.06995,1.06863,1.06969,16658.02
1678463100000,1.06969,1.07004,1.06816,1.06872,11937.56
1678464000000,1.06873,1.06873,1.06697,1.067,8313.05
1678464900000,1.067,1.06735,1.06627,1.06654,10282.2601
1678465800000,1.06654,1.0671,1.06584,1.0667,11884.3001
1678466700000,1.06671,1.06694,1.06551,1.06585,12631.01
1678467600000,1.06587,1.06657,1.06556,1.06618,9733.8
1678468500000,1.06617,1.06637,1.06581,1.06626,7234.42
1678469400000,1.06625,1.06666,1.06555,1.06664,8110.6599
1678470300000,1.06665,1.06736,1.06642,1.06683,5298.3
1678471200000,1.06683,1.06726,1.06582,1.06584,6209.97
1678472100000,1.06584,1.06584,1.06495,1.06533,5965.12
1678473000000,1.06534,1.06548,1.06464,1.06472,6521.37
1678473900000,1.06472,1.06486,1.06396,1.06428,6004.3001
1678474800000,1.06429,1.06516,1.06427,1.06458,6729.93
1678475700000,1.06456,1.06469,1.06372,1.06402,6577.07
1678476600000,1.064,1.06446,1.06359,1.0638,6632.45
1678477500000,1.06381,1.0645,1.0638,1.06434,9390.94
1678478400000,1.06434,1.06479,1.06404,1.06429,3843.3599
1678479300000,1.06429,1.06449,1.06386,1.06407,3397.44
1678480200000,1.06406,1.06445,1.06394,1.06414,4238.09
1678481100000,1.06411,1.06418,1.06364,1.06368,2662.28
1678482000000,1.06368,1.06403,1.06368,1.06384,2085.94
1678482900000,1.06383,1.06414,1.06374,1.06377,695.83
1678483800000,1.06377,1.06403,1.06365,1.06379,1035.62
1678484700000,1.06378,1.06405,1.06373,1.06387,1249.59
1678485600000,1.06387,1.06387,1.06387,1.06387,0
1678486500000,1.06387,1.06387,1.06387,1.06387,0
1678487400000,1.06387,1.06387,1.06387,1.06387,0
1678488300000,1.06387,1.06387,1.06387,1.06387,0
1678489200000,1.06387,1.06387,1.06387,1.06387,0
1678490100000,1.06387,1.06387,1.06387,1.06387,0
1678491000000,1.06387,1.06387,1.06387,1.06387,0
1678491900000,1.06387,1.06387,1.06387,1.06387,0
1678492800000,1.06387,1.06387,1.06387,1.06387,0
1678493700000,1.06387,1.06387,1.06387,1.06387,0
1678494600000,1.06387,1.06387,1.06387,1.06387,0
1678495500000,1.06387,1.06387,1.06387,1.06387,0
1678496400000,1.06387,1.06387,1.06387,1.06387,0
1678497300000,1.06387,1.06387,1.06387,1.06387,0
1678498200000,1.06387,1.06387,1.06387,1.06387,0
1678499100000,1.06387,1.06387,1.06387,1.06387,0
1678500000000,1.06387,1.06387,1.06387,1.06387,0
1678500900000,1.06387,1.06387,1.06387,1.06387,0
1678501800000,1.06387,1.06387,1.06387,1.06387,0
1678502700000,1.06387,1.06387,1.06387,1.06387,0
1678503600000,1.06387,1.06387,1.06387,1.06387,0
1678504500000,1.06387,1.06387,1.06387,1.06387,0
1678505400000,1.06387,1.06387,1.06387,1.06387,0
1678506300000,1.06387,1.06387,1.06387,1.06387,0
1678507200000,1.06387,1.06387,1.06387,1.06387,0
1678508100000,1.06387,1.06387,1.06387,1.06387,0
1678509000000,1.06387,1.06387,1.06387,1.06387,0
1678509900000,1.06387,1.06387,1.06387,1.06387,0
1678510800000,1.06387,1.06387,1.06387,1.06387,0
1678511700000,1.06387,1.06387,1.06387,1.06387,0
1678512600000,1.06387,1.06387,1.06387,1.06387,0
1678513500000,1.06387,1.06387,1.06387,1.06387,0
1678514400000,1.06387,1.06387,1.06387,1.06387,0
1678515300000,1.06387,1.06387,1.06387,1.06387,0
1678516200000,1.06387,1.06387,1.06387,1.06387,0
1678517100000,1.06387,1.06387,1.06387,1.06387,0
1678518000000,1.06387,1.06387,1.06387,1.06387,0
1678518900000,1.06387,1.06387,1.06387,1.06387,0
1678519800000,1.06387,1.06387,1.06387,1.06387,0
1678520700000,1.06387,1.06387,1.06387,1.06387,0
1678521600000,1.06387,1.06387,1.06387,1.06387,0
1678522500000,1.06387,1.06387,1.06387,1.06387,0
1678523400000,1.06387,1.06387,1.06387,1.06387,0
1678524300000,1.06387,1.06387,1.06387,1.06387,0
1678525200000,1.06387,1.06387,1.06387,1.06387,0
1678526100000,1.06387,1.06387,1.06387,1.06387,0
1678527000000,1.06387,1.06387,1.06387,1.06387,0
1678527900000,1.06387,1.06387,1.06387,1.06387,0
1678528800000,1.06387,1.06387,1.06387,1.06387,0
1678529700000,1.06387,1.06387,1.06387,1.06387,0
1678530600000,1.06387,1.06387,1.06387,1.06387,0
1678531500000,1.06387,1.06387,1.06387,1.06387,0
1678532400000,1.06387,1.06387,1.06387,1.06387,0
1678533300000,1.06387,1.06387,1.06387,1.06387,0
1678534200000,1.06387,1.06387,1.06387,1.06387,0
1678535100000,1.06387,1.06387,1.06387,1.06387,0
1678536000000,1.06387,1.06387,1.06387,1.06387,0
1678536900000,1.06387,1.06387,1.06387,1.06387,0
1678537800000,1.06387,1.06387,1.06387,1.06387,0
1678538700000,1.06387,1.06387,1.06387,1.06387,0
1678539600000,1.06387,1.06387,1.06387,1.06387,0
1678540500000,1.06387,1.06387,1.06387,1.06387,0
1678541400000,1.06387,1.06387,1.06387,1.06387,0
1678542300000,1.06387,1.06387,1.06387,1.06387,0
1678543200000,1.06387,1.06387,1.06387,1.06387,0
1678544100000,1.06387,1.06387,1.06387,1.06387,0
1678545000000,1.06387,1.06387,1.06387,1.06387,0
1678545900000,1.06387,1.06387,1.06387,1.06387,0
1678546800000,1.06387,1.06387,1.06387,1.06387,0
1678547700000,1.06387,1.06387,1.06387,1.06387,0
1678548600000,1.06387,1.06387,1.06387,1.06387,0
1678549500000,1.06387,1.06387,1.06387,1.06387,0
1678550400000,1.06387,1.06387,1.06387,1.06387,0
1678551300000,1.06387,1.06387,1.06387,1.06387,0
1678552200000,1.06387,1.06387,1.06387,1.06387,0
1678553100000,1.06387,1.06387,1.06387,1.06387,0
1678554000000,1.06387,1.06387,1.06387,1.06387,0
1678554900000,1.06387,1.06387,1.06387,1.06387,0
1678555800000,1.06387,1.06387,1.06387,1.06387,0
1678556700000,1.06387,1.06387,1.06387,1.06387,0
1678557600000,1.06387,1.06387,1.06387,1.06387,0
1678558500000,1.06387,1.06387,1.06387,1.06387,0
1678559400000,1.06387,1.06387,1.06387,1.06387,0
1678560300000,1.06387,1.06387,1.06387,1.06387,0
1678561200000,1.06387,1.06387,1.06387,1.06387,0
1678562100000,1.06387,1.06387,1.06387,1.06387,0
1678563000000,1.06387,1.06387,1.06387,1.06387,0
1678563900000,1.06387,1.06387,1.06387,1.06387,0
1678564800000,1.06387,1.06387,1.06387,1.06387,0
1678565700000,1.06387,1.06387,1.06387,1.06387,0
1678566600000,1.06387,1.06387,1.06387,1.06387,0
1678567500000,1.06387,1.06387,1.06387,1.06387,0
1678568400000,1.06387,1.06387,1.06387,1.06387,0
1678569300000,1.06387,1.06387,1.06387,1.06387,0
1678570200000,1.06387,1.06387,1.06387,1.06387,0
1678571100000,1.06387,1.06387,1.06387,1.06387,0
1678572000000,1.06387,1.06387,1.06387,1.06387,0
1678572900000,1.06387,1.06387,1.06387,1.06387,0
1678573800000,1.06387,1.06387,1.06387,1.06387,0
1678574700000,1.06387,1.06387,1.06387,1.06387,0
1678575600000,1.06387,1.06387,1.06387,1.06387,0
1678576500000,1.06387,1.06387,1.06387,1.06387,0
1678577400000,1.06387,1.06387,1.06387,1.06387,0
1678578300000,1.06387,1.06387,1.06387,1.06387,0
1678579200000,1.06387,1.06387,1.06387,1.06387,0
1678580100000,1.06387,1.06387,1.06387,1.06387,0
1678581000000,1.06387,1.06387,1.06387,1.06387,0
1678581900000,1.06387,1.06387,1.06387,1.06387,0
1678582800000,1.06387,1.06387,1.06387,1.06387,0
1678583700000,1.06387,1.06387,1.06387,1.06387,0
1678584600000,1.06387,1.06387,1.06387,1.06387,0
1678585500000,1.06387,1.06387,1.06387,1.06387,0
1678586400000,1.06387,1.06387,1.06387,1.06387,0
1678587300000,1.06387,1.06387,1.06387,1.06387,0
1678588200000,1.06387,1.06387,1.06387,1.06387,0
1678589100000,1.06387,1.06387,1.06387,1.06387,0
1678590000000,1.06387,1.06387,1.06387,1.06387,0
1678590900000,1.06387,1.06387,1.06387,1.06387,0
1678591800000,1.06387,1.06387,1.06387,1.06387,0
1678592700000,1.06387,1.06387,1.06387,1.06387,0
1678593600000,1.06387,1.06387,1.06387,1.06387,0
1678594500000,1.06387,1.06387,1.06387,1.06387,0
1678595400000,1.06387,1.06387,1.06387,1.06387,0
1678596300000,1.06387,1.06387,1.06387,1.06387,0
1678597200000,1.06387,1.06387,1.06387,1.06387,0
1678598100000,1.06387,1.06387,1.06387,1.06387,0
1678599000000,1.06387,1.06387,1.06387,1.06387,0
1678599900000,1.06387,1.06387,1.06387,1.06387,0
1678600800000,1.06387,1.06387,1.06387,1.06387,0
1678601700000,1.06387,1.06387,1.06387,1.06387,0
1678602600000,1.06387,1.06387,1.06387,1.06387,0
1678603500000,1.06387,1.06387,1.06387,1.06387,0
1678604400000,1.06387,1.06387,1.06387,1.06387,0
1678605300000,1.06387,1.06387,1.06387,1.06387,0
1678606200000,1.06387,1.06387,1.06387,1.06387,0
1678607100000,1.06387,1.06387,1.06387,1.06387,0
1678608000000,1.06387,1.06387,1.06387,1.06387,0
1678608900000,1.06387,1.06387,1.06387,1.06387,0
1678609800000,1.06387,1.06387,1.06387,1.06387,0
1678610700000,1.06387,1.06387,1.06387,1.06387,0
1678611600000,1.06387,1.06387,1.06387,1.06387,0
1678612500000,1.06387,1.06387,1.06387,1.06387,0
1678613400000,1.06387,1.06387,1.06387,1.06387,0
1678614300000,1.06387,1.06387,1.06387,1.06387,0
1678615200000,1.06387,1.06387,1.06387,1.06387,0
1678616100000,1.06387,1.06387,1.06387,1.06387,0
1678617000000,1.06387,1.06387,1.06387,1.06387,0
1678617900000,1.06387,1.06387,1.06387,1.06387,0
1678618800000,1.06387,1.06387,1.06387,1.06387,0
1678619700000,1.06387,1.06387,1.06387,1.06387,0
1678620600000,1.06387,1.06387,1.06387,1.06387,0
1678621500000,1.06387,1.06387,1.06387,1.06387,0
1678622400000,1.06387,1.06387,1.06387,1.06387,0
1678623300000,1.06387,1.06387,1.06387,1.06387,0
1678624200000,1.06387,1.06387,1.06387,1.06387,0
1678625100000,1.06387,1.06387,1.06387,1.06387,0
1678626000000,1.06387,1.06387,1.06387,1.06387,0
1678626900000,1.06387,1.06387,1.06387,1.06387,0
1678627800000,1.06387,1.06387,1.06387,1.06387,0
1678628700000,1.06387,1.06387,1.06387,1.06387,0
1678629600000,1.06387,1.06387,1.06387,1.06387,0
1678630500000,1.06387,1.06387,1.06387,1.06387,0
1678631400000,1.06387,1.06387,1.06387,1.06387,0
1678632300000,1.06387,1.06387,1.06387,1.06387,0
1678633200000,1.06387,1.06387,1.06387,1.06387,0
1678634100000,1.06387,1.06387,1.06387,1.06387,0
1678635000000,1.06387,1.06387,1.06387,1.06387,0
1678635900000,1.06387,1.06387,1.06387,1.06387,0
1678636800000,1.06387,1.06387,1.06387,1.06387,0
1678637700000,1.06387,1.06387,1.06387,1.06387,0
1678638600000,1.06387,1.06387,1.06387,1.06387,0
1678639500000,1.06387,1.06387,1.06387,1.06387,0
1678640400000,1.06387,1.06387,1.06387,1.06387,0
1678641300000,1.06387,1.06387,1.06387,1.06387,0
1678642200000,1.06387,1.06387,1.06387,1.06387,0
1678643100000,1.06387,1.06387,1.06387,1.06387,0
1678644000000,1.06387,1.06387,1.06387,1.06387,0
1678644900000,1.06387,1.06387,1.06387,1.06387,0
1678645800000,1.06387,1.06387,1.06387,1.06387,0
1678646700000,1.06387,1.06387,1.06387,1.06387,0
1678647600000,1.06387,1.06387,1.06387,1.06387,0
1678648500000,1.06387,1.06387,1.06387,1.06387,0
1678649400000,1.06387,1.06387,1.06387,1.06387,0
1678650300000,1.06387,1.06387,1.06387,1.06387,0
1678651200000,1.06387,1.06387,1.06387,1.06387,0
1678652100000,1.06387,1.06387,1.06387,1.06387,0
1678653000000,1.06387,1.06387,1.06387,1.06387,0
1678653900000,1.06387,1.06387,1.06387,1.06387,0
1678654800000,1.06808,1.06832,1.0674,1.0678,490.85
1678655700000,1.0678,1.0686,1.06766,1.06828,422.6
1678656600000,1.06828,1.06836,1.06799,1.06828,318.48
1678657500000,1.06833,1.06968,1.0683,1.0694,122.43
1678658400000,1.0694,1.0703,1.06878,1.06996,2211.48
1678659300000,1.06996,1.07018,1.06801,1.06891,2588.85
1678660200000,1.06891,1.06951,1.0676,1.0693,4950.0719
1678661100000,1.06928,1.06958,1.06872,1.06913,1908.7
1678662000000,1.06911,1.07023,1.06841,1.06951,11857.58
1678662900000,1.06948,1.07016,1.06854,1.06928,7567.4499
1678663800000,1.06928,1.06993,1.06873,1.06893,5888.05
1678664700000,1.06895,1.06924,1.06777,1.0681,8808.2901
1678665600000,1.06811,1.06938,1.06757,1.06889,8439.8501
1678666500000,1.0689,1.06979,1.06857,1.06975,8054.55
1678667400000,1.06976,1.06976,1.06877,1.06903,8276.2499
1678668300000,1.06902,1.06918,1.06809,1.06815,4772.0499
1678669200000,1.06814,1.06872,1.06769,1.06779,4455.35
1678670100000,1.0678,1.06842,1.06738,1.06776,4399.94
1678671000000,1.06774,1.06777,1.067,1.06749,5505.56
1678671900000,1.0675,1.0676,1.06637,1.06683,5551.9399
1678672800000,1.06682,1.06789,1.0668,1.06776,5156.51
1678673700000,1.06777,1.06994,1.06767,1.06974,8014.1801
1678674600000,1.06974,1.0718,1.06974,1.07147,9930.68
1678675500000,1.07146,1.07313,1.07106,1.073,8380.0401
1678676400000,1.07298,1.07369,1.07216,1.07296,5061.14
1678677300000,1.07295,1.07335,1.07219,1.07223,6212.81
1678678200000,1.07226,1.07296,1.07203,1.07249,5668.1999
1678679100000,1.07248,1.07268,1.07162,1.07168,5047.59
1678680000000,1.0717,1.07236,1.0717,1.07204,3089.45
1678680900000,1.07204,1.07255,1.07179,1.07244,2410.46
1678681800000,1.07243,1.07243,1.07193,1.07228,3008.81
1678682700000,1.07227,1.07241,1.07162,1.07176,2221.37
1678683600000,1.07176,1.07252,1.07169,1.07245,2532.99
1678684500000,1.07244,1.07263,1.07192,1.07218,2092.07
1678685400000,1.0722,1.07227,1.07169,1.0719,1705.76
1678686300000,1.07189,1.07252,1.07181,1.07199,4100.01
1678687200000,1.072,1.0729,1.07172,1.07272,4973.47
1678688100000,1.07273,1.07294,1.07177,1.07193,3516.98
1678689000000,1.07194,1.07204,1.07131,1.07186,4026.09
1678689900000,1.07185,1.07284,1.07177,1.07212,3925.02
1678690800000,1.07212,1.07257,1.07171,1.07185,8381.1201
1678691700000,1.07187,1.0724,1.07156,1.07239,5805.7
1678692600000,1.07237,1.07351,1.07211,1.07345,7922.22
1678693500000,1.07346,1.07372,1.07242,1.07251,6663.28
1678694400000,1.07253,1.07278,1.07191,1.07252,9881.3801
1678695300000,1.07252,1.07288,1.07138,1.07142,9800.92
1678696200000,1.07143,1.0715,1.07038,1.07067,9402.52
1678697100000,1.0707,1.07124,1.07044,1.07073,8818
1678698000000,1.07073,1.07073,1.06808,1.06808,11974.3998
1678698900000,1.06808,1.0681,1.0666,1.06702,14168.2399
1678699800000,1.06704,1.06798,1.06623,1.0672,20229.6599
1678700700000,1.06721,1.06939,1.06691,1.06701,19233.4498
1678701600000,1.06703,1.06807,1.06674,1.06708,15309.7802
1678702500000,1.06705,1.06769,1.06602,1.06648,10166.4601
1678703400000,1.06648,1.06768,1.06602,1.06737,10764.7701
1678704300000,1.06737,1.06766,1.06662,1.06739,7045.92
1678705200000,1.06741,1.06765,1.06575,1.06604,11443.1401
1678706100000,1.06603,1.06698,1.06572,1.066,7528.73
1678707000000,1.06601,1.06701,1.06578,1.06624,14528.93
1678707900000,1.06625,1.06764,1.06612,1.06639,14250.4599
1678708800000,1.0664,1.06779,1.06581,1.06645,16609.68
1678709700000,1.06645,1.06707,1.065,1.06685,20028.8397
1678710600000,1.06684,1.06869,1.06684,1.0682,21388.3301
1678711500000,1.0682,1.06978,1.06788,1.06963,19693.7601
1678712400000,1.06962,1.07056,1.06851,1.07053,16432.67
1678713300000,1.07051,1.0721,1.07026,1.07035,11698.1399
1678714200000,1.07035,1.07126,1.06929,1.07023,12217.4101
1678715100000,1.07024,1.07086,1.06977,1.06992,11283.57
1678716000000,1.0699,1.07245,1.06979,1.0721,15937.69
1678716900000,1.07212,1.07214,1.06964,1.06973,13441.4601
1678717800000,1.06976,1.07193,1.06976,1.07182,13684.68
1678718700000,1.07182,1.07277,1.07173,1.07225,14021.9398
1678719600000,1.07224,1.07319,1.07187,1.07231,11297.1899
1678720500000,1.0723,1.07333,1.07148,1.07321,7818.1301
1678721400000,1.0732,1.0733,1.07119,1.07183,12405.6398
1678722300000,1.07183,1.07333,1.07114,1.07332,10129.6
1678723200000,1.07332,1.0738,1.07227,1.07238,10899.33
1678724100000,1.07237,1.07377,1.07226,1.07375,9678.16
1678725000000,1.07373,1.07423,1.0734,1.07379,10715.2101
1678725900000,1.07379,1.07408,1.07295,1.07394,7399.62
1678726800000,1.07393,1.07484,1.0733,1.07476,9745.85
1678727700000,1.07474,1.07482,1.07428,1.07455,5569.08
1678728600000,1.07456,1.07464,1.07398,1.07428,7057.6901
1678729500000,1.07427,1.0744,1.0738,1.07381,5498.69
1678730400000,1.07381,1.07425,1.0729,1.07311,7728.8801
1678731300000,1.07308,1.07375,1.07308,1.07341,7010.25
1678732200000,1.07342,1.07412,1.0732,1.07402,6891.91
1678733100000,1.07403,1.07403,1.07315,1.07339,7736.65
1678734000000,1.07338,1.07346,1.0725,1.07269,11458.17
1678734900000,1.07271,1.07301,1.07208,1.07255,12404.35
1678735800000,1.07257,1.07346,1.07255,1.07325,10013.75
1678736700000,1.07323,1.07335,1.07274,1.07295,9161.88
1678737600000,1.07295,1.07319,1.07258,1.07275,4146.98
1678738500000,1.07274,1.07304,1.07257,1.07289,2610.64
1678739400000,1.0729,1.07328,1.07286,1.07308,2315.29
1678740300000,1.07309,1.07323,1.07301,1.07305,962.1
1678741200000,1.07305,1.07328,1.07288,1.07288,803.24
1678742100000,1.07288,1.07288,1.07287,1.07288,47.22
1678743000000,1.07288,1.07335,1.07288,1.07302,348.37
1678743900000,1.07302,1.07304,1.07269,1.07275,542.13
1678744800000,1.07276,1.073,1.07259,1.07273,968.8
1678745700000,1.07268,1.07302,1.07267,1.07302,4589.1501
1678746600000,1.07301,1.07302,1.07267,1.07267,2032.33
1678747500000,1.07266,1.07285,1.07248,1.07269,1149.45
1678748400000,1.07268,1.07285,1.07247,1.0725,2381.37
1678749300000,1.0725,1.07291,1.07226,1.07285,1309.24
1678750200000,1.07286,1.07289,1.07237,1.07249,1286.18
1678751100000,1.07248,1.07264,1.07223,1.07228,946.17
1678752000000,1.07228,1.07241,1.07115,1.07147,3795.08
1678752900000,1.07146,1.072,1.0714,1.07183,2789.61
1678753800000,1.07183,1.07199,1.07151,1.07163,3077.09
1678754700000,1.07165,1.07224,1.07161,1.07189,3663.8
1678755600000,1.07189,1.07211,1.0708,1.07088,4668.68
1678756500000,1.07085,1.07156,1.07085,1.07113,2980.4
1678757400000,1.07114,1.07129,1.0705,1.07062,4210.1299
1678758300000,1.07062,1.07104,1.07052,1.07081,3551.48
1678759200000,1.07081,1.07127,1.07077,1.07103,3740.29
1678760100000,1.07104,1.07106,1.07056,1.07072,3630.41
1678761000000,1.07071,1.07088,1.06996,1.07012,3912.93
1678761900000,1.07013,1.0703,1.06987,1.07006,3749.02
1678762800000,1.07007,1.07049,1.06993,1.07046,2774.96
1678763700000,1.07046,1.0707,1.07008,1.0701,2276.04
1678764600000,1.07012,1.07046,1.0701,1.07028,2676
1678765500000,1.07027,1.07061,1.07018,1.07025,1655.43
1678766400000,1.07028,1.07065,1.0702,1.07054,1560
1678767300000,1.07056,1.07067,1.07037,1.07048,1643.99
1678768200000,1.07047,1.07048,1.07004,1.07024,2138.95
1678769100000,1.07023,1.07026,1.06979,1.07025,2102.08
1678770000000,1.07024,1.07042,1.07006,1.07038,2068.45
1678770900000,1.07039,1.07048,1.06982,1.06983,2387.44
1678771800000,1.06982,1.07008,1.06968,1.06998,2973.42
1678772700000,1.06998,1.07079,1.06998,1.07074,3060.54
1678773600000,1.07074,1.07124,1.07047,1.07121,7489.59
1678774500000,1.07121,1.07153,1.06939,1.07008,11725.3199
1678775400000,1.07007,1.0701,1.06931,1.06972,5316.37
1678776300000,1.06973,1.07009,1.06941,1.06972,4251.37
1678777200000,1.06971,1.0701,1.06933,1.07004,9496.4301
1678778100000,1.07005,1.07018,1.06821,1.06833,9312.4301
1678779000000,1.06832,1.06897,1.06797,1.06832,7563.1199
1678779900000,1.06832,1.06898,1.06787,1.06895,6586.69
1678780800000,1.06895,1.06986,1.06876,1.06983,11563.4898
1678781700000,1.06982,1.07009,1.06922,1.06986,8725.19
1678782600000,1.06985,1.06986,1.06829,1.06932,9419.9
1678783500000,1.06931,1.07071,1.0689,1.07061,8125.81
1678784400000,1.0706,1.07065,1.06911,1.06956,6963.3
1678785300000,1.06957,1.07064,1.0695,1.06998,7954.6699
1678786200000,1.06999,1.07085,1.06982,1.07066,6591.97
1678787100000,1.07065,1.07133,1.07023,1.0711,6923.18
1678788000000,1.0711,1.07141,1.07003,1.07024,5303.1799
1678788900000,1.07024,1.07136,1.07022,1.07133,4855.9
1678789800000,1.07133,1.07194,1.07097,1.07129,4414.07
1678790700000,1.07128,1.07208,1.07113,1.07201,5132.87
1678791600000,1.07199,1.07231,1.07123,1.07141,5285.92
1678792500000,1.07143,1.0723,1.07139,1.07201,4268.19
1678793400000,1.07201,1.07261,1.07165,1.07254,4754.52
1678794300000,1.07254,1.07282,1.07198,1.07217,5903.31
1678795200000,1.07219,1.07298,1.07185,1.07285,10639.05
1678796100000,1.07288,1.07314,1.07216,1.07264,11945.9799
1678797000000,1.07261,1.07486,1.06988,1.0728,29156.8699
1678797900000,1.07279,1.07481,1.07245,1.07354,23518.7201
1678798800000,1.07354,1.07391,1.07231,1.07371,18404.0599
1678799700000,1.0737,1.07433,1.07259,1.07293,13095.53
1678800600000,1.07294,1.07313,1.0702,1.07022,15278.3
1678801500000,1.07023,1.07087,1.06979,1.0708,14760.0599
1678802400000,1.07082,1.07297,1.07051,1.07278,10859.96
1678803300000,1.07278,1.07288,1.07179,1.07207,9904.2401
1678804200000,1.07205,1.07289,1.07205,1.07252,9795.1598
1678805100000,1.07252,1.07293,1.07149,1.07175,7004.05
1678806000000,1.07176,1.07242,1.0714,1.07234,7760.2901
1678806900000,1.07233,1.07296,1.07218,1.07272,7063.8
1678807800000,1.07272,1.07312,1.07247,1.07269,6423
1678808700000,1.07268,1.07284,1.07195,1.0721,7775.9499
1678809600000,1.0721,1.07254,1.07145,1.07234,5981.61
1678810500000,1.07232,1.07232,1.07151,1.07172,8042.1699
1678811400000,1.07172,1.07198,1.07104,1.07149,5543.86
1678812300000,1.07151,1.07184,1.07108,1.07171,6697.8699
1678813200000,1.07172,1.07283,1.0717,1.07258,8334.87
1678814100000,1.07259,1.07366,1.07251,1.07279,13270.54
1678815000000,1.07278,1.07402,1.07273,1.07366,8583.48
1678815900000,1.07367,1.07429,1.0732,1.07329,5360.61
1678816800000,1.07328,1.07405,1.07318,1.074,8497.6099
1678817700000,1.074,1.07452,1.07376,1.07444,10061.9999
1678818600000,1.07444,1.07446,1.07395,1.07407,7009.9401
1678819500000,1.07407,1.07494,1.07381,1.07414,9671.8299
1678820400000,1.07416,1.07431,1.07357,1.07365,8739.44
1678821300000,1.07365,1.07401,1.07337,1.07354,6404.75
1678822200000,1.07354,1.07415,1.07347,1.07386,7017.3499
1678823100000,1.07389,1.0742,1.07372,1.07414,3038.93
1678824000000,1.07416,1.07421,1.07358,1.07359,2039.64
1678824900000,1.07359,1.07369,1.07331,1.0736,1545.97
1678825800000,1.07359,1.07359,1.07322,1.07323,1225.19
1678826700000,1.07325,1.07335,1.07317,1.07319,1839.72
1678827600000,1.0732,1.07349,1.07317,1.07334,189.96
1678828500000,1.07334,1.07334,1.07334,1.07334,9.05
1678829400000,1.07334,1.07334,1.07329,1.07329,19.82
1678830300000,1.07329,1.07329,1.07306,1.07312,96.7
1678831200000,1.0731,1.07325,1.07307,1.07319,211.95
1678832100000,1.07319,1.07355,1.07319,1.07342,1619.56
1678833000000,1.07344,1.07353,1.07314,1.07323,1909.39
1678833900000,1.07324,1.07326,1.07308,1.07319,802.13
1678834800000,1.07318,1.07337,1.07312,1.07326,1219.1
1678835700000,1.07325,1.07339,1.07302,1.07304,424.75
1678836600000,1.07303,1.07305,1.07266,1.07266,773.49
1678837500000,1.07268,1.07281,1.07252,1.07267,685.06
1678838400000,1.07267,1.07305,1.0725,1.07303,2526.72
1678839300000,1.07303,1.07333,1.07284,1.07295,2314.31
1678840200000,1.07298,1.07332,1.07291,1.07304,1447.52
1678841100000,1.07304,1.07368,1.07283,1.07336,2576.8
1678842000000,1.07337,1.07363,1.07316,1.07317,2082.06
1678842900000,1.07317,1.07355,1.07312,1.07327,1681.47
1678843800000,1.07327,1.07375,1.07312,1.07344,1946.03
1678844700000,1.07345,1.07394,1.07344,1.0738,1621.63
1678845600000,1.07379,1.07587,1.07374,1.07578,4635.8299
1678846500000,1.07577,1.0758,1.07518,1.07533,3583.89
1678847400000,1.07534,1.07585,1.07531,1.07544,4572.47
1678848300000,1.07544,1.07597,1.07544,1.07561,2713.92
1678849200000,1.07559,1.0757,1.07529,1.07545,2649.95
1678850100000,1.07545,1.07545,1.07523,1.07534,2812.9
1678851000000,1.07533,1.0755,1.07514,1.07516,2437.35
1678851900000,1.07516,1.07525,1.07493,1.07508,2351.98
1678852800000,1.07509,1.07511,1.07494,1.07509,1660.87
1678853700000,1.07508,1.07537,1.07501,1.07511,1329.26
1678854600000,1.0751,1.07523,1.07444,1.07453,1430.87
1678855500000,1.07454,1.07455,1.07427,1.07447,2729.65
1678856400000,1.07447,1.07462,1.07415,1.0744,3965.63
1678857300000,1.0744,1.07445,1.07385,1.07388,3338.32
1678858200000,1.07389,1.07403,1.07357,1.07381,2950.59
1678859100000,1.07382,1.0741,1.07359,1.0738,4124.43
1678860000000,1.0738,1.07411,1.07332,1.07346,3615
1678860900000,1.07346,1.07358,1.07305,1.07329,3754.4801
1678861800000,1.07327,1.07371,1.07314,1.07365,3521.22
1678862700000,1.07366,1.07405,1.07335,1.0734,4597.41
1678863600000,1.07342,1.0738,1.0733,1.07332,4836.64
1678864500000,1.07332,1.07444,1.07301,1.07376,6227.9301
1678865400000,1.07375,1.07391,1.07274,1.0735,6559.8801
1678866300000,1.0735,1.07389,1.07281,1.07371,5653.39
1678867200000,1.07373,1.07435,1.07305,1.0735,7472.2501
1678868100000,1.07348,1.07367,1.07266,1.07334,7001.7701
1678869000000,1.07333,1.07374,1.07297,1.07372,4485.12
1678869900000,1.07371,1.07376,1.07307,1.07314,4017.69
1678870800000,1.07314,1.07327,1.0715,1.07179,7638.91
1678871700000,1.07178,1.07243,1.07074,1.07096,6004.44
1678872600000,1.07094,1.07101,1.06656,1.06725,16611.7498
1678873500000,1.06725,1.06827,1.06692,1.06777,13261.2901
1678874400000,1.06779,1.06842,1.067,1.06716,12821.9899
1678875300000,1.06716,1.0683,1.06648,1.0665,10848.9399
1678876200000,1.06646,1.06676,1.06311,1.06371,14859.94
1678877100000,1.06371,1.06415,1.06196,1.06269,10663.4599
1678878000000,1.06268,1.06293,1.0612,1.06136,13194.7302
1678878900000,1.06136,1.06171,1.05851,1.06006,13222.83
1678879800000,1.06006,1.06077,1.05949,1.0606,12139.19
1678880700000,1.06057,1.06058,1.05804,1.05873,10600.96
1678881600000,1.05872,1.0589,1.05617,1.05713,12786.19
1678882500000,1.05713,1.0582,1.05707,1.05731,14288.3499
1678883400000,1.05731,1.05946,1.05651,1.05651,22584.4297
1678884300000,1.05652,1.05758,1.05525,1.05563,12331.7499
1678885200000,1.05562,1.05583,1.05399,1.0548,14737.6801
1678886100000,1.0548,1.05564,1.05222,1.05232,14242.7599
1678887000000,1.05231,1.05455,1.05227,1.05452,16139.7599
1678887900000,1.05451,1.0554,1.05392,1.05451,13946.2899
1678888800000,1.05452,1.05645,1.05293,1.05563,16484.0297
1678889700000,1.05564,1.05636,1.05499,1.05555,14997.0299
1678890600000,1.05557,1.05616,1.05393,1.05428,12195.74
1678891500000,1.05428,1.0548,1.05292,1.05471,9033.67
1678892400000,1.05475,1.05504,1.05367,1.05427,9230.77
1678893300000,1.05426,1.05488,1.05301,1.05335,10192.3
1678894200000,1.05337,1.05349,1.05205,1.05223,6710.91
1678895100000,1.05224,1.0534,1.05158,1.05338,9634.85
1678896000000,1.05338,1.05374,1.05274,1.05367,8778.54
1678896900000,1.05366,1.05431,1.05293,1.05413,8447.61
1678897800000,1.05413,1.05435,1.05371,1.05424,7960.6499
1678898700000,1.05424,1.05503,1.05387,1.0542,8831.4901
1678899600000,1.0542,1.0558,1.05419,1.05531,11679.3201
1678900500000,1.0553,1.05597,1.05483,1.05583,13040.1899
1678901400000,1.05583,1.05626,1.05519,1.05522,9472.0401
1678902300000,1.05523,1.05583,1.05509,1.05566,9650.4799
1678903200000,1.05565,1.05598,1.05523,1.05528,7028.17
1678904100000,1.05528,1.05896,1.0547,1.05783,11137.53
1678905000000,1.05781,1.05894,1.05719,1.05823,22155.5101
1678905900000,1.05825,1.05898,1.05784,1.05855,15290.2702
1678906800000,1.05854,1.05923,1.05747,1.05824,13079.5101
1678907700000,1.05822,1.05885,1.05767,1.05861,14556.64
1678908600000,1.05862,1.05879,1.0576,1.05795,11021.6901
1678909500000,1.05794,1.05814,1.05746,1.05801,9118.0601
1678910400000,1.05803,1.05832,1.05798,1.05803,2897.18
1678911300000,1.05803,1.05804,1.05761,1.05762,2378.29
1678912200000,1.05761,1.0578,1.05744,1.05751,2851.07
1678913100000,1.05751,1.05778,1.0574,1.0577,1901.63
1678914000000,1.0577,1.05779,1.05757,1.05768,63.85
1678914900000,1.05765,1.05768,1.05764,1.05768,7.08
1678915800000,1.05769,1.05769,1.05767,1.05767,12.09
1678916700000,1.05767,1.05771,1.0575,1.05766,171.83
1678917600000,1.0578,1.05798,1.05739,1.0579,1090.65
1678918500000,1.05791,1.05814,1.05771,1.0578,1834.59
1678919400000,1.0578,1.05816,1.0578,1.05799,1757.83
1678920300000,1.05798,1.05801,1.0577,1.0578,1078.23
1678921200000,1.0578,1.05866,1.05778,1.05856,2679.14
1678922100000,1.05856,1.05888,1.05843,1.05856,2127.22
1678923000000,1.05856,1.05879,1.05856,1.05875,1388.58
1678923900000,1.05875,1.05875,1.05814,1.05814,3728.02
1678924800000,1.05814,1.05824,1.05729,1.05778,3455.85
1678925700000,1.05779,1.05842,1.05753,1.05811,4901.84
1678926600000,1.05811,1.05842,1.05795,1.0583,4554.91
1678927500000,1.05829,1.05982,1.05818,1.05895,9952.7501
1678928400000,1.05895,1.05991,1.05878,1.05922,8753.37
1678929300000,1.05922,1.05947,1.05884,1.059,5443.59
1678930200000,1.059,1.05947,1.05861,1.05894,5573.34
1678931100000,1.05895,1.05967,1.05895,1.05936,3918.3099
1678932000000,1.05937,1.05967,1.05888,1.05888,5100.74
1678932900000,1.05887,1.05941,1.05873,1.05906,3346.6
1678933800000,1.05904,1.0595,1.05878,1.05922,5135.11
1678934700000,1.05922,1.05938,1.05899,1.05923,2863.9
1678935600000,1.05922,1.05924,1.05898,1.05901,3762.73
1678936500000,1.05901,1.05969,1.05898,1.05966,2788.12
1678937400000,1.05968,1.05976,1.05939,1.05947,3142.3
1678938300000,1.05945,1.05986,1.05927,1.05985,2837.48
1678939200000,1.05986,1.06016,1.05979,1.06002,3708.44
1678940100000,1.06002,1.06005,1.0598,1.05998,2791.31
1678941000000,1.05999,1.06006,1.05975,1.05989,1525.08
1678941900000,1.05993,1.06032,1.05989,1.06027,1410.24
1678942800000,1.06025,1.06032,1.05981,1.06002,1653.62
1678943700000,1.06,1.06154,1.05991,1.06117,3664.49
1678944600000,1.06117,1.0615,1.06096,1.06108,3618.04
1678945500000,1.06107,1.0612,1.06057,1.0607,3424.14
1678946400000,1.06071,1.06082,1.06021,1.06051,3548.71
1678947300000,1.06051,1.06051,1.05992,1.06022,3115.9
1678948200000,1.06023,1.06078,1.06023,1.06057,2546.01
1678949100000,1.06056,1.06079,1.06034,1.06054,3914.56
1678950000000,1.06053,1.0606,1.05927,1.0601,5828.3999
1678950900000,1.0601,1.06129,1.05993,1.06047,6810.8199
1678951800000,1.06048,1.06183,1.06033,1.0617,7670.24
1678952700000,1.0617,1.0628,1.06126,1.06247,7641.16
1678953600000,1.0625,1.06326,1.06203,1.06316,9508.56
1678954500000,1.06314,1.06353,1.06175,1.0623,14381.72
1678955400000,1.06232,1.06288,1.06174,1.06265,7363.99
1678956300000,1.06264,1.06275,1.0612,1.06122,6079.29
1678957200000,1.06122,1.06176,1.0607,1.0615,7595.61
1678958100000,1.06149,1.06155,1.06051,1.06087,4951.24
1678959000000,1.06089,1.06126,1.06044,1.06083,7446.91
1678959900000,1.06085,1.06201,1.06056,1.06173,5580.5
1678960800000,1.06174,1.06207,1.0613,1.06156,5377.86
1678961700000,1.0616,1.06163,1.06046,1.06067,4220.32
1678962600000,1.06068,1.06091,1.05999,1.0606,5498.4001
1678963500000,1.06061,1.06162,1.06044,1.06159,4049.18
1678964400000,1.06161,1.06167,1.06093,1.06115,5930.67
1678965300000,1.06113,1.06155,1.06072,1.06078,5418.25
1678966200000,1.06077,1.06122,1.06047,1.0611,6331.3
1678967100000,1.06112,1.0615,1.06057,1.0613,6637.17
1678968000000,1.0613,1.06148,1.06032,1.06035,7075.53
1678968900000,1.06033,1.06173,1.0602,1.06159,8736.8001
1678969800000,1.06158,1.06201,1.05758,1.05877,16670.61
1678970700000,1.05876,1.06033,1.05829,1.05878,19039.1701
1678971600000,1.05879,1.06011,1.05855,1.05958,10625.61
1678972500000,1.0596,1.06143,1.0551,1.05759,21085.7898
1678973400000,1.05763,1.05947,1.05662,1.0589,18440.9599
1678974300000,1.05891,1.06209,1.05837,1.06064,11109.3401
1678975200000,1.06069,1.06078,1.05792,1.05997,12375.9201
1678976100000,1.05997,1.06007,1.05728,1.05775,9163.84
1678977000000,1.05774,1.059,1.05742,1.05846,7395.33
1678977900000,1.05846,1.06079,1.0583,1.06003,20805.3499
1678978800000,1.06003,1.06063,1.05929,1.06036,16486.0099
1678979700000,1.06038,1.06077,1.05971,1.06069,15393.8901
1678980600000,1.06066,1.06076,1.05861,1.05958,14656.5699
1678981500000,1.05956,1.06267,1.05904,1.06212,18093.4602
1678982400000,1.06214,1.06218,1.06071,1.06098,13801.2001
1678983300000,1.06097,1.06219,1.06083,1.06203,8218.42
1678984200000,1.06203,1.06227,1.0613,1.06201,7075.2
1678985100000,1.06201,1.06251,1.0614,1.06185,12095.71
1678986000000,1.06186,1.06206,1.06083,1.06088,10158.86
1678986900000,1.06089,1.06158,1.06075,1.06087,7703.41
1678987800000,1.06087,1.06107,1.05999,1.06016,6481.95
1678988700000,1.06015,1.06071,1.05915,1.05921,7592.25
1678989600000,1.05921,1.0604,1.05915,1.0604,5410.66
1678990500000,1.0604,1.06089,1.06036,1.06045,4874.8799
1678991400000,1.06045,1.06125,1.0604,1.06115,4583.98
1678992300000,1.06115,1.06202,1.06099,1.06122,8291.7501
1678993200000,1.0612,1.06164,1.06114,1.06154,6148.77
1678994100000,1.06154,1.06194,1.06151,1.0616,6291.52
1678995000000,1.0616,1.06175,1.06113,1.06147,4187.6
1678995900000,1.06146,1.06167,1.0611,1.06148,5879.44
1678996800000,1.06147,1.0617,1.06104,1.06127,1895.42
1678997700000,1.06127,1.06141,1.06117,1.0612,844.5
1678998600000,1.0612,1.0614,1.06114,1.06139,614.36
1678999500000,1.06138,1.06165,1.06099,1.06099,1718.42
1679000400000,1.06099,1.06118,1.06066,1.06091,204.76
1679001300000,1.06094,1.06102,1.06091,1.06092,75.6
1679002200000,1.06091,1.06131,1.06076,1.06121,1205.75
1679003100000,1.06119,1.06151,1.06115,1.06125,1164.67
1679004000000,1.06122,1.06129,1.06101,1.06127,1071.4
1679004900000,1.06127,1.06152,1.06107,1.06141,1688.68
1679005800000,1.06144,1.06155,1.06122,1.06131,948.59
1679006700000,1.06131,1.06131,1.06109,1.06122,1362.59
1679007600000,1.06121,1.06142,1.06115,1.06132,1738.12
1679008500000,1.06134,1.06158,1.06126,1.06151,861.35
1679009400000,1.06151,1.06171,1.06147,1.06163,1429.71
1679010300000,1.06162,1.06165,1.0613,1.06135,1786
