timestamp,open,high,low,close,volume
1704067200000,1.10374,1.10374,1.10374,1.10374,0
1704068100000,1.10374,1.10374,1.10374,1.10374,0
1704069000000,1.10374,1.10374,1.10374,1.10374,0
1704069900000,1.10374,1.10374,1.10374,1.10374,0
1704070800000,1.10374,1.10374,1.10374,1.10374,0
1704071700000,1.10374,1.10374,1.10374,1.10374,0
1704072600000,1.10374,1.10374,1.10374,1.10374,0
1704073500000,1.10374,1.10374,1.10374,1.10374,0
1704074400000,1.10374,1.10374,1.10374,1.10374,0
1704075300000,1.10374,1.10374,1.10374,1.10374,0
1704076200000,1.10374,1.10374,1.10374,1.10374,0
1704077100000,1.10374,1.10374,1.10374,1.10374,0
1704078000000,1.10374,1.10374,1.10374,1.10374,0
1704078900000,1.10374,1.10374,1.10374,1.10374,0
1704079800000,1.10374,1.10374,1.10374,1.10374,0
1704080700000,1.10374,1.10374,1.10374,1.10374,0
1704081600000,1.10374,1.10374,1.10374,1.10374,0
1704082500000,1.10374,1.10374,1.10374,1.10374,0
1704083400000,1.10374,1.10374,1.10374,1.10374,0
1704084300000,1.10374,1.10374,1.10374,1.10374,0
1704085200000,1.10374,1.10374,1.10374,1.10374,0
1704086100000,1.10374,1.10374,1.10374,1.10374,0
1704087000000,1.10374,1.10374,1.10374,1.10374,0
1704087900000,1.10374,1.10374,1.10374,1.10374,0
1704088800000,1.10374,1.10374,1.10374,1.10374,0
1704089700000,1.10374,1.10374,1.10374,1.10374,0
1704090600000,1.10374,1.10374,1.10374,1.10374,0
1704091500000,1.10374,1.10374,1.10374,1.10374,0
1704092400000,1.10374,1.10374,1.10374,1.10374,0
1704093300000,1.10374,1.10374,1.10374,1.10374,0
1704094200000,1.10374,1.10374,1.10374,1.10374,0
1704095100000,1.10374,1.10374,1.10374,1.10374,0
1704096000000,1.10374,1.10374,1.10374,1.10374,0
1704096900000,1.10374,1.10374,1.10374,1.10374,0
1704097800000,1.10374,1.10374,1.10374,1.10374,0
1704098700000,1.10374,1.10374,1.10374,1.10374,0
1704099600000,1.10374,1.10374,1.10374,1.10374,0
1704100500000,1.10374,1.10374,1.10374,1.10374,0
1704101400000,1.10374,1.10374,1.10374,1.10374,0
1704102300000,1.10374,1.10374,1.10374,1.10374,0
1704103200000,1.10374,1.10374,1.10374,1.10374,0
1704104100000,1.10374,1.10374,1.10374,1.10374,0
1704105000000,1.10374,1.10374,1.10374,1.10374,0
1704105900000,1.10374,1.10374,1.10374,1.10374,0
1704106800000,1.10374,1.10374,1.10374,1.10374,0
1704107700000,1.10374,1.10374,1.10374,1.10374,0
1704108600000,1.10374,1.10374,1.10374,1.10374,0
1704109500000,1.10374,1.10374,1.10374,1.10374,0
1704110400000,1.10374,1.10374,1.10374,1.10374,0
1704111300000,1.10374,1.10374,1.10374,1.10374,0
1704112200000,1.10374,1.10374,1.10374,1.10374,0
1704113100000,1.10374,1.10374,1.10374,1.10374,0
1704114000000,1.10374,1.10374,1.10374,1.10374,0
1704114900000,1.10374,1.10374,1.10374,1.10374,0
1704115800000,1.10374,1.10374,1.10374,1.10374,0
1704116700000,1.10374,1.10374,1.10374,1.10374,0
1704117600000,1.10374,1.10374,1.10374,1.10374,0
1704118500000,1.10374,1.10374,1.10374,1.10374,0
1704119400000,1.10374,1.10374,1.10374,1.10374,0
1704120300000,1.10374,1.10374,1.10374,1.10374,0
1704121200000,1.10374,1.10374,1.10374,1.10374,0
1704122100000,1.10374,1.10374,1.10374,1.10374,0
1704123000000,1.10374,1.10374,1.10374,1.10374,0
1704123900000,1.10374,1.10374,1.10374,1.10374,0
1704124800000,1.10374,1.10374,1.10374,1.10374,0
1704125700000,1.10374,1.10374,1.10374,1.10374,0
1704126600000,1.10374,1.10374,1.10374,1.10374,0
1704127500000,1.10374,1.10374,1.10374,1.10374,0
1704128400000,1.10374,1.10374,1.10374,1.10374,0
1704129300000,1.10374,1.10374,1.10374,1.10374,0
1704130200000,1.10374,1.10374,1.10374,1.10374,0
1704131100000,1.10374,1.10374,1.10374,1.10374,0
1704132000000,1.10374,1.10374,1.10374,1.10374,0
1704132900000,1.10374,1.10374,1.10374,1.10374,0
1704133800000,1.10374,1.10374,1.10374,1.10374,0
1704134700000,1.10374,1.10374,1.10374,1.10374,0
1704135600000,1.10374,1.10374,1.10374,1.10374,0
1704136500000,1.10374,1.10374,1.10374,1.10374,0
1704137400000,1.10374,1.10374,1.10374,1.10374,0
1704138300000,1.10374,1.10374,1.10374,1.10374,0
1704139200000,1.10374,1.10374,1.10374,1.10374,0
1704140100000,1.10374,1.10374,1.10374,1.10374,0
1704141000000,1.10374,1.10374,1.10374,1.10374,0
1704141900000,1.10374,1.10374,1.10374,1.10374,0
1704142800000,1.10374,1.10374,1.10374,1.10374,0
1704143700000,1.10374,1.10374,1.10374,1.10374,0
1704144600000,1.10374,1.10374,1.10374,1.10374,0
1704145500000,1.10374,1.10374,1.10374,1.10374,0
1704146400000,1.10427,1.10433,1.10423,1.10431,274.55
1704147300000,1.1043,1.10434,1.1042,1.1043,143.55
1704148200000,1.1043,1.10437,1.1043,1.10433,163.8
1704149100000,1.10426,1.10447,1.10423,1.10438,237.6
1704150000000,1.10446,1.10446,1.10383,1.10383,723.94
1704150900000,1.10383,1.10383,1.1037,1.10376,756.69
1704151800000,1.10376,1.10383,1.10361,1.10367,634.39
1704152700000,1.10367,1.10373,1.10356,1.10365,989.44
1704153600000,1.10366,1.1038,1.10366,1.10371,773.02
1704154500000,1.10372,1.10373,1.10342,1.10346,638.6
1704155400000,1.10346,1.10358,1.10345,1.10357,751.68
1704156300000,1.10357,1.10383,1.10357,1.10381,1681.05
1704157200000,1.1038,1.10432,1.10375,1.10388,2172.12
1704158100000,1.10387,1.10431,1.10386,1.10393,1909.6
1704159000000,1.10394,1.10397,1.10369,1.10382,1694.88
1704159900000,1.10383,1.10399,1.10342,1.10348,1441.92
1704160800000,1.10347,1.10359,1.10314,1.10318,1357.31
1704161700000,1.10317,1.10317,1.10262,1.10262,1554.62
1704162600000,1.10265,1.10268,1.10221,1.10236,3324.66
1704163500000,1.10237,1.1024,1.10182,1.10187,3106.69
1704164400000,1.10187,1.10236,1.10176,1.10222,1504.7
1704165300000,1.10222,1.1024,1.10206,1.10213,1159.62
1704166200000,1.10216,1.1023,1.10206,1.1023,630.41
1704167100000,1.10231,1.10247,1.10231,1.10245,808.74
1704168000000,1.10245,1.1025,1.10207,1.10218,852.62
1704168900000,1.10222,1.10224,1.10192,1.10192,652.07
1704169800000,1.10194,1.10204,1.10173,1.10174,1265.05
1704170700000,1.10174,1.10211,1.10165,1.10208,1419.3
1704171600000,1.10208,1.10252,1.10208,1.1025,1106.46
1704172500000,1.10254,1.10281,1.10247,1.10265,1288.48
1704173400000,1.10265,1.10303,1.10265,1.103,1235.9
1704174300000,1.10301,1.10335,1.10292,1.10333,1293.43
1704175200000,1.10334,1.10342,1.10316,1.10322,1386.14
1704176100000,1.10322,1.10337,1.103,1.1032,1395.21
1704177000000,1.1032,1.10347,1.10309,1.10335,1875.64
1704177900000,1.10336,1.10351,1.10268,1.10286,2404.84
1704178800000,1.10286,1.1031,1.10245,1.10281,3423.25
1704179700000,1.1028,1.10377,1.10276,1.10372,2101.89
1704180600000,1.10371,1.1038,1.10298,1.10299,2426.75
1704181500000,1.10299,1.10314,1.10151,1.10153,6047.71
1704182400000,1.10156,1.10387,1.10156,1.10323,7312.7199
1704183300000,1.10321,1.10341,1.10276,1.10288,4021.97
1704184200000,1.10288,1.10329,1.1028,1.10291,3860.83
1704185100000,1.10293,1.10329,1.10253,1.10295,4676.1
1704186000000,1.10296,1.10363,1.10289,1.10352,4678.27
1704186900000,1.10351,1.10378,1.10331,1.10332,2626.63
1704187800000,1.10332,1.10351,1.10189,1.10196,3565.53
1704188700000,1.10194,1.10199,1.10107,1.1015,4884.92
1704189600000,1.10149,1.1017,1.0997,1.1,5377.62
1704190500000,1.09999,1.10055,1.09994,1.10039,4709.5399
1704191400000,1.10038,1.10101,1.10028,1.10097,1827.94
1704192300000,1.10097,1.10111,1.1003,1.10075,3537.52
1704193200000,1.10075,1.10077,1.09893,1.09895,5034.57
1704194100000,1.09897,1.0992,1.09784,1.09804,6309.94
1704195000000,1.09803,1.09803,1.09705,1.0971,4430.88
1704195900000,1.09709,1.09728,1.09665,1.0969,3186.67
1704196800000,1.09691,1.09717,1.09678,1.09692,2726.03
1704197700000,1.09691,1.09693,1.09613,1.09655,2468.22
1704198600000,1.09654,1.0968,1.0958,1.09608,3342.14
1704199500000,1.09608,1.09632,1.09537,1.09537,4062.44
1704200400000,1.09538,1.09587,1.09535,1.09578,4247.47
1704201300000,1.09578,1.09621,1.0952,1.09579,4045.75
1704202200000,1.0958,1.0965,1.09571,1.09643,4325.03
1704203100000,1.09642,1.09647,1.09494,1.09527,4651.12
1704204000000,1.09526,1.09573,1.09449,1.09461,6862.4501
1704204900000,1.0946,1.09538,1.09448,1.0952,4531.4601
1704205800000,1.09518,1.09637,1.09512,1.09571,6952.09
1704206700000,1.09572,1.09639,1.09515,1.09631,9493.63
1704207600000,1.09631,1.09682,1.09553,1.09578,6850.6001
1704208500000,1.09578,1.09617,1.09532,1.09594,6894.96
1704209400000,1.09594,1.09594,1.09497,1.09525,7299.6699
1704210300000,1.09524,1.09557,1.0941,1.09435,7669.05
1704211200000,1.09436,1.09582,1.09408,1.09574,3814.33
1704212100000,1.09573,1.09616,1.09558,1.09578,3812.5901
1704213000000,1.09577,1.09578,1.09445,1.09464,4316.49
1704213900000,1.09465,1.09578,1.09464,1.09564,3064.57
1704214800000,1.09565,1.09575,1.09482,1.09508,3367.01
1704215700000,1.09509,1.09556,1.09459,1.09533,3554.28
1704216600000,1.09532,1.09559,1.09515,1.09516,2624.42
1704217500000,1.09513,1.09526,1.09467,1.09504,3136.52
1704218400000,1.09504,1.09543,1.09477,1.0953,1835.67
1704219300000,1.09529,1.09558,1.09523,1.09543,1360.61
1704220200000,1.09543,1.09549,1.09476,1.09482,2202.91
1704221100000,1.09482,1.09503,1.09462,1.09467,4127.96
1704222000000,1.09466,1.09475,1.09429,1.09465,2378.51
1704222900000,1.09464,1.09498,1.09444,1.09495,1872.09
1704223800000,1.09493,1.09501,1.0946,1.09479,1276.07
1704224700000,1.09479,1.09487,1.0945,1.09465,1766.97
1704225600000,1.09465,1.09511,1.09456,1.09483,2252.29
1704226500000,1.09483,1.09506,1.09458,1.09459,1931.77
1704227400000,1.09462,1.09486,1.09461,1.09468,2162.51
1704228300000,1.09469,1.09486,1.09421,1.09431,4837.01
1704229200000,1.0943,1.09432,1.09395,1.09413,1580.84
1704230100000,1.09414,1.09426,1.09384,1.09384,1208.33
1704231000000,1.09384,1.09412,1.09383,1.09407,588.81
1704231900000,1.09407,1.09424,1.09396,1.09396,1359.84
1704232800000,1.09396,1.09438,1.09375,1.09408,589.54
1704233700000,1.09408,1.09426,1.09405,1.09408,342.78
1704234600000,1.09408,1.0941,1.09392,1.09392,1765.47
1704235500000,1.09391,1.0943,1.09391,1.09404,458.38
1704236400000,1.09404,1.09436,1.09404,1.0943,591.52
1704237300000,1.09431,1.09431,1.09414,1.0943,679.58
1704238200000,1.09429,1.09431,1.09416,1.09418,538.85
1704239100000,1.09417,1.09436,1.09411,1.09416,678.68
1704240000000,1.09416,1.09447,1.09412,1.09447,516.89
1704240900000,1.09446,1.09487,1.09441,1.09487,727.62
1704241800000,1.09487,1.09505,1.09481,1.09498,1127.84
1704242700000,1.09498,1.09503,1.09483,1.09494,576.6
1704243600000,1.09493,1.09507,1.0948,1.09496,818.18
1704244500000,1.09495,1.09511,1.09448,1.09506,1930.57
1704245400000,1.09508,1.09543,1.09502,1.09542,1240.78
1704246300000,1.09544,1.09546,1.09508,1.09513,1111.32
1704247200000,1.09513,1.0953,1.09498,1.09508,1977.7
1704248100000,1.09507,1.09512,1.09486,1.09488,1053.67
1704249000000,1.09498,1.095,1.09488,1.09495,510.78
1704249900000,1.09494,1.0953,1.09492,1.09522,897.9
1704250800000,1.09522,1.09546,1.09488,1.09488,1676.95
1704251700000,1.09489,1.09537,1.09488,1.09533,876.82
1704252600000,1.09534,1.09592,1.09532,1.09591,801.54
1704253500000,1.09591,1.09622,1.09591,1.09608,1993.74
1704254400000,1.09607,1.09624,1.09596,1.09606,1032.9
1704255300000,1.09607,1.0962,1.09602,1.09603,1460.97
1704256200000,1.09603,1.09617,1.09594,1.09598,1198.1
1704257100000,1.09598,1.09624,1.09588,1.09622,589.95
1704258000000,1.09623,1.09627,1.09603,1.09608,832.48
1704258900000,1.09608,1.09623,1.09586,1.09587,946.98
1704259800000,1.09585,1.0961,1.09563,1.09568,1744.83
1704260700000,1.09569,1.09569,1.09512,1.09512,1959.75
1704261600000,1.09512,1.09565,1.09511,1.09565,1393.92
1704262500000,1.09566,1.09582,1.09548,1.09576,1097.97
1704263400000,1.09575,1.09588,1.09572,1.09586,448.38
1704264300000,1.09585,1.09607,1.09584,1.09586,877.34
1704265200000,1.09585,1.09598,1.09545,1.0955,2904.8
1704266100000,1.0955,1.09588,1.09514,1.09575,2868.78
1704267000000,1.09575,1.09627,1.0957,1.09574,3423.2299
1704267900000,1.09572,1.09626,1.09553,1.09603,2541.6
1704268800000,1.09602,1.09654,1.09579,1.0964,4292.22
1704269700000,1.0964,1.09642,1.09504,1.09528,5674.72
1704270600000,1.09528,1.09577,1.09502,1.09559,6046.9099
1704271500000,1.0956,1.09564,1.09506,1.09526,5420.2599
1704272400000,1.09526,1.09562,1.09428,1.09434,3641.41
1704273300000,1.09433,1.09452,1.0936,1.09388,4477.82
1704274200000,1.09387,1.09443,1.09387,1.09393,3067.28
1704275100000,1.09394,1.09415,1.09348,1.09362,2894.81
1704276000000,1.09362,1.0939,1.09338,1.09351,2361.5
1704276900000,1.0935,1.09351,1.0929,1.09295,2462.17
1704277800000,1.09294,1.09343,1.09262,1.09278,2468.95
1704278700000,1.09278,1.09341,1.09275,1.09279,2572.81
1704279600000,1.0928,1.09297,1.09224,1.09226,5503
1704280500000,1.09225,1.09254,1.0921,1.09228,2971.98
1704281400000,1.09227,1.09234,1.09154,1.09178,3653.9099
1704282300000,1.09178,1.09212,1.09166,1.09195,2692.54
1704283200000,1.09195,1.09257,1.09177,1.09256,2785.73
1704284100000,1.09256,1.0932,1.09249,1.09263,2555.84
1704285000000,1.09262,1.09282,1.09188,1.09205,4657.95
1704285900000,1.09205,1.09249,1.09145,1.09168,4104.81
1704286800000,1.09168,1.0921,1.0916,1.09177,5607.0701
1704287700000,1.09178,1.09222,1.09101,1.09209,6909.94
1704288600000,1.09209,1.093,1.09197,1.09213,7743.72
1704289500000,1.09212,1.09233,1.09155,1.09215,7348.09
1704290400000,1.09216,1.09241,1.0913,1.09147,7528.95
1704291300000,1.09146,1.09195,1.0911,1.09154,5881.03
1704292200000,1.09154,1.09186,1.09099,1.09176,8733.6901
1704293100000,1.09174,1.09265,1.09139,1.09183,7053.2401
1704294000000,1.09179,1.09385,1.09124,1.0916,18352.2499
1704294900000,1.09162,1.0924,1.09102,1.09153,12204.47
1704295800000,1.09151,1.09187,1.09046,1.09083,12053.8701
1704296700000,1.09083,1.09083,1.0898,1.09044,8704.1199
1704297600000,1.09045,1.09108,1.09026,1.09102,5854.79
1704298500000,1.09102,1.09182,1.09101,1.09128,7173.5
1704299400000,1.0913,1.09155,1.0911,1.09115,5601.42
1704300300000,1.09119,1.09138,1.09066,1.09081,5521.4101
1704301200000,1.09081,1.09097,1.09036,1.09039,5257.75
1704302100000,1.09039,1.09093,1.09039,1.0909,2753.95
1704303000000,1.09089,1.09101,1.09061,1.09088,2598
1704303900000,1.0909,1.09096,1.09032,1.09066,2712.94
1704304800000,1.09066,1.09148,1.09065,1.09117,2696.3
1704305700000,1.09117,1.09138,1.09103,1.09105,2510.57
1704306600000,1.09103,1.09103,1.09026,1.09041,2670.35
1704307500000,1.09041,1.09076,1.09032,1.09054,2711.2
1704308400000,1.09055,1.09116,1.08929,1.08957,12836.5802
1704309300000,1.08959,1.09238,1.08959,1.09225,6755.5
1704310200000,1.09229,1.09257,1.09144,1.09225,5939.3
1704311100000,1.09223,1.0925,1.09155,1.09176,4880.01
1704312000000,1.09177,1.09217,1.09152,1.09207,4266.07
1704312900000,1.09208,1.09232,1.0915,1.09177,2974.02
1704313800000,1.09177,1.09204,1.09165,1.09188,2883.07
1704314700000,1.09187,1.09221,1.09178,1.09212,1919.94
1704315600000,1.09211,1.0922,1.09187,1.09213,1156.24
1704316500000,1.09213,1.09236,1.09199,1.09227,484.22
1704317400000,1.09229,1.09229,1.09191,1.09204,937.28
1704318300000,1.09204,1.09229,1.09188,1.09206,1512.64
1704319200000,1.09206,1.09206,1.09167,1.09186,240.14
1704320100000,1.09187,1.09225,1.09187,1.09197,664.05
1704321000000,1.09196,1.09216,1.09195,1.09197,2664.9
1704321900000,1.09197,1.09215,1.09196,1.09206,1408.5
1704322800000,1.09207,1.09255,1.09207,1.09247,699.23
1704323700000,1.09248,1.09248,1.0922,1.09244,454.6
1704324600000,1.09242,1.09255,1.09237,1.09246,476
1704325500000,1.09246,1.09275,1.09245,1.09258,565.04
1704326400000,1.09259,1.09264,1.09212,1.09239,1050.82
1704327300000,1.09239,1.09266,1.09239,1.09253,601.71
1704328200000,1.09253,1.09257,1.09208,1.09213,1160.41
1704329100000,1.09216,1.09231,1.09194,1.09225,1228.77
1704330000000,1.09224,1.09241,1.092,1.09204,1455.28
1704330900000,1.09203,1.09228,1.09189,1.09192,1684.99
1704331800000,1.09191,1.09195,1.09163,1.09169,2386.36
1704332700000,1.09168,1.09198,1.09167,1.09178,1400.13
1704333600000,1.09177,1.0919,1.09176,1.09187,790.31
1704334500000,1.09187,1.09188,1.0916,1.09183,1011.29
1704335400000,1.09183,1.09199,1.09181,1.09188,763.53
1704336300000,1.09187,1.09199,1.09174,1.09193,1133.96
1704337200000,1.09193,1.09231,1.09193,1.09228,1352.62
1704338100000,1.09229,1.0927,1.09222,1.09267,1085.83
1704339000000,1.09266,1.09306,1.0926,1.09261,1909.28
1704339900000,1.09259,1.09268,1.09253,1.09261,675.12
1704340800000,1.09261,1.09273,1.09247,1.09263,950.69
1704341700000,1.09262,1.09266,1.09247,1.09251,909.88
1704342600000,1.09252,1.09285,1.09249,1.0928,989.82
1704343500000,1.09278,1.09282,1.09251,1.09258,1773.3
1704344400000,1.09259,1.09259,1.09228,1.09241,2852.54
1704345300000,1.09242,1.09257,1.09234,1.09234,1195.63
1704346200000,1.09235,1.09245,1.09219,1.09235,1930.77
1704347100000,1.09236,1.09268,1.09229,1.09266,1311.35
1704348000000,1.09265,1.09292,1.09265,1.09292,1872.95
1704348900000,1.09292,1.09346,1.09292,1.09316,1574.77
1704349800000,1.09315,1.09318,1.09208,1.09227,4690.08
1704350700000,1.09227,1.09324,1.09227,1.09324,1580.72
1704351600000,1.09323,1.09378,1.09296,1.09369,3113.77
1704352500000,1.09368,1.09371,1.09295,1.0933,2611.6
1704353400000,1.09329,1.09436,1.09326,1.09428,3987.58
1704354300000,1.09426,1.09429,1.09346,1.09375,3301.92
1704355200000,1.09375,1.09445,1.09345,1.09434,4790.81
1704356100000,1.09431,1.09487,1.09414,1.09424,4859.32
1704357000000,1.09427,1.0943,1.0937,1.09402,6063.1999
1704357900000,1.09401,1.09559,1.09387,1.09532,6460.29
1704358800000,1.09532,1.09576,1.09453,1.09505,7217.73
1704359700000,1.09505,1.09578,1.095,1.09568,3413.36
1704360600000,1.09569,1.09668,1.09561,1.09661,3506.45
1704361500000,1.0966,1.0969,1.09634,1.09675,6054.2
1704362400000,1.09675,1.09721,1.09623,1.09623,6155.2
1704363300000,1.09624,1.09672,1.09592,1.09608,2751.02
1704364200000,1.0961,1.09649,1.09581,1.09588,2997.94
1704365100000,1.09587,1.096,1.09543,1.09555,3054.73
1704366000000,1.09556,1.09569,1.0953,1.0954,1998.61
1704366900000,1.09541,1.09563,1.09496,1.09548,1910.31
1704367800000,1.09549,1.09578,1.09527,1.09552,1845.1
1704368700000,1.09551,1.09553,1.09462,1.09479,2397.3
1704369600000,1.09477,1.0951,1.09468,1.09497,2735.72
1704370500000,1.09499,1.0955,1.09487,1.09543,1724.36
1704371400000,1.09542,1.09554,1.09503,1.0955,2279.76
1704372300000,1.0955,1.09557,1.09514,1.09522,2040.18
1704373200000,1.09523,1.09542,1.09482,1.09509,5065.04
1704374100000,1.09509,1.09552,1.09447,1.0948,7758.02
1704375000000,1.09479,1.09484,1.09327,1.09419,8543.2499
1704375900000,1.09419,1.09497,1.09383,1.0947,9220.74
1704376800000,1.09469,1.09505,1.09393,1.09421,7999.3899
1704377700000,1.0942,1.09483,1.09406,1.09427,6143.96
1704378600000,1.09429,1.09475,1.09381,1.09445,5782.87
1704379500000,1.09445,1.09469,1.094,1.09453,7647.4399
1704380400000,1.09452,1.09612,1.09452,1.09612,7997.21
1704381300000,1.09612,1.09651,1.09557,1.09645,6110.09
1704382200000,1.09645,1.0965,1.09561,1.09624,5897.33
1704383100000,1.09625,1.09652,1.09533,1.0955,7134.76
1704384000000,1.09551,1.09628,1.09542,1.09612,5580.77
1704384900000,1.0961,1.09639,1.09583,1.09596,4376.83
1704385800000,1.09596,1.09616,1.09549,1.09555,3388.03
1704386700000,1.09555,1.09593,1.09549,1.0956,3746.3
1704387600000,1.09561,1.09597,1.09538,1.09553,2567.92
1704388500000,1.09554,1.09587,1.09454,1.09458,3190.01
1704389400000,1.09459,1.09488,1.09418,1.09469,1970.67
1704390300000,1.0947,1.09504,1.09441,1.09504,2879.11
1704391200000,1.09504,1.09519,1.09492,1.0951,2279.18
1704392100000,1.09507,1.09543,1.09492,1.09494,3452.64
1704393000000,1.09495,1.09512,1.0948,1.09482,2802.57
1704393900000,1.09481,1.09506,1.09459,1.09469,3236.57
1704394800000,1.09471,1.09476,1.09449,1.09458,2127.75
1704395700000,1.09459,1.09474,1.09433,1.09444,2479.62
1704396600000,1.09445,1.09461,1.09435,1.09448,1588.67
1704397500000,1.09447,1.09498,1.09443,1.0947,2465.12
1704398400000,1.09469,1.09476,1.09446,1.0946,2006.75
1704399300000,1.09459,1.0946,1.09431,1.09448,2222.39
1704400200000,1.09448,1.09478,1.09443,1.09447,1647.83
1704401100000,1.09447,1.09491,1.09438,1.09491,1955.88
1704402000000,1.0949,1.095,1.09469,1.09493,1097.53
1704402900000,1.09493,1.09499,1.09474,1.09477,472.6
1704403800000,1.09477,1.09479,1.09455,1.0947,962
1704404700000,1.09471,1.09484,1.09435,1.09441,2021.08
1704405600000,1.09441,1.09473,1.0943,1.09465,965.9
1704406500000,1.09465,1.09492,1.09457,1.09457,1030.09
1704407400000,1.09457,1.09498,1.09451,1.0948,2060.29
1704408300000,1.09479,1.09484,1.09453,1.09463,1295.4
1704409200000,1.0946,1.09488,1.09449,1.09461,473.53
1704410100000,1.09461,1.09469,1.09442,1.09442,408.58
1704411000000,1.09442,1.09458,1.09431,1.09448,437.52
1704411900000,1.09447,1.0947,1.09447,1.09462,404.05
1704412800000,1.09461,1.09487,1.09443,1.09486,915.63
1704413700000,1.09486,1.09503,1.09484,1.09493,444.98
1704414600000,1.09494,1.09507,1.09487,1.09502,380.59
1704415500000,1.09502,1.09514,1.0948,1.09508,1006.63
1704416400000,1.09508,1.09546,1.09501,1.09538,1040.92
1704417300000,1.0954,1.09551,1.09511,1.09517,1710.08
1704418200000,1.09517,1.09556,1.09502,1.09548,2859.05
1704419100000,1.09551,1.09558,1.09508,1.09515,2246.52
1704420000000,1.09515,1.09533,1.09506,1.09527,1266.38
1704420900000,1.09531,1.09541,1.09515,1.09521,1417.31
1704421800000,1.09522,1.09522,1.09486,1.09487,1736.24
1704422700000,1.09486,1.095,1.09466,1.09469,1856.82
1704423600000,1.09468,1.09473,1.09437,1.09437,2072.22
1704424500000,1.09437,1.09447,1.09406,1.09408,1350.11
1704425400000,1.09408,1.0942,1.09401,1.09407,1973.1
1704426300000,1.09407,1.09408,1.09391,1.09392,1825.94
1704427200000,1.09392,1.09399,1.09376,1.09381,1262.69
1704428100000,1.09382,1.09407,1.09376,1.09397,689.44
1704429000000,1.09397,1.09411,1.09386,1.09386,1310.56
1704429900000,1.09385,1.09386,1.09363,1.09371,701.81
1704430800000,1.09371,1.09375,1.09341,1.09352,1775.89
1704431700000,1.09352,1.09363,1.09343,1.09352,1239.43
1704432600000,1.09355,1.09367,1.09355,1.09357,1480.62
1704433500000,1.09356,1.09381,1.09346,1.09374,1625.03
1704434400000,1.09374,1.09374,1.09317,1.09319,2239.79
1704435300000,1.09319,1.09319,1.09275,1.09287,1871.07
1704436200000,1.09286,1.09291,1.09247,1.09256,2373.24
1704437100000,1.09257,1.09283,1.09256,1.09276,1642.53
1704438000000,1.09275,1.09312,1.09252,1.09302,2569.49
1704438900000,1.09302,1.09333,1.09287,1.09302,2295.11
1704439800000,1.09303,1.0932,1.09241,1.09243,2878.74
1704440700000,1.09242,1.09282,1.09226,1.09231,3279.93
1704441600000,1.09231,1.09257,1.09202,1.09226,5730.9999
1704442500000,1.09227,1.09247,1.09163,1.09171,4153.22
1704443400000,1.0917,1.09171,1.09106,1.09115,4417.44
1704444300000,1.09114,1.09146,1.09034,1.09076,2721.68
1704445200000,1.09075,1.09152,1.09028,1.09147,3570.76
1704446100000,1.09147,1.09234,1.09136,1.09225,2896.83
1704447000000,1.09224,1.09305,1.09169,1.09172,4301.96
1704447900000,1.09171,1.09172,1.09099,1.09126,3857.76
1704448800000,1.09126,1.0913,1.0907,1.09103,5038.43
1704449700000,1.09103,1.09111,1.09036,1.09048,3913.67
1704450600000,1.09048,1.09113,1.09039,1.09099,2003.09
1704451500000,1.09099,1.09137,1.09084,1.09127,2282.62
1704452400000,1.09126,1.09143,1.09103,1.09116,1742.37
1704453300000,1.09115,1.09159,1.09099,1.09119,2510.68
1704454200000,1.0912,1.09164,1.0911,1.0916,2257.77
1704455100000,1.0916,1.09175,1.09125,1.09142,2289.74
1704456000000,1.09142,1.09189,1.09142,1.09173,2294.82
1704456900000,1.09173,1.09177,1.09136,1.09157,2477.98
1704457800000,1.09157,1.09198,1.09137,1.09185,2106.53
1704458700000,1.09184,1.09208,1.09142,1.09176,2227.69
1704459600000,1.09177,1.09218,1.09159,1.09218,4758.3601
1704460500000,1.09221,1.09278,1.09191,1.09195,5024.9501
1704461400000,1.09194,1.09195,1.08767,1.09172,21094.4501
1704462300000,1.09172,1.09251,1.09051,1.0921,17023.0198
1704463200000,1.09212,1.09392,1.09212,1.09258,17084.4302
1704464100000,1.09259,1.09485,1.09249,1.09456,14897.48
1704465000000,1.09455,1.09498,1.09361,1.09405,13079.7599
1704465900000,1.09404,1.09548,1.09402,1.0949,8701.11
1704466800000,1.09492,1.09984,1.0949,1.09853,21159.1699
1704467700000,1.09852,1.09919,1.0972,1.09811,16667
1704468600000,1.09812,1.09937,1.09762,1.09894,9993.8101
1704469500000,1.09891,1.09927,1.09757,1.09781,9170.44
1704470400000,1.09782,1.098,1.09684,1.0976,7681.58
1704471300000,1.09758,1.09805,1.09624,1.0963,8348.8901
1704472200000,1.0963,1.09701,1.0963,1.09684,5225.81
1704473100000,1.09685,1.09697,1.0953,1.09559,5287
1704474000000,1.09558,1.09561,1.09441,1.09491,5427.58
1704474900000,1.09491,1.09543,1.09452,1.09454,3225.17
1704475800000,1.09453,1.09512,1.0943,1.09502,4038.14
1704476700000,1.09501,1.09513,1.09451,1.09462,3482.02
1704477600000,1.09461,1.09461,1.09373,1.09399,5969.14
1704478500000,1.094,1.09458,1.09352,1.09452,3043.22
1704479400000,1.09452,1.09539,1.0945,1.09508,3083.11
1704480300000,1.09509,1.09562,1.095,1.0954,1637.73
1704481200000,1.09542,1.09597,1.09537,1.09565,2536.72
1704482100000,1.09564,1.09569,1.09515,1.09536,3234.8
1704483000000,1.09536,1.09566,1.09474,1.09491,2536.62
1704483900000,1.09488,1.09488,1.09431,1.09452,3096.51
1704484800000,1.09452,1.09471,1.09421,1.09432,2753.47
1704485700000,1.09431,1.09432,1.09386,1.09402,2028.99
1704486600000,1.094,1.09411,1.09357,1.09396,1516.2
1704487500000,1.09399,1.09417,1.09376,1.09392,2485.04
1704488400000,1.09393,1.09395,1.0937,1.09383,1040.6
1704489300000,1.09382,1.09399,1.09376,1.09386,1373.77
1704490200000,1.09388,1.09394,1.09386,1.09391,1451.57
1704491100000,1.09391,1.0942,1.0939,1.09392,1650.86
1704492000000,1.09392,1.09392,1.09392,1.09392,0
1704492900000,1.09392,1.09392,1.09392,1.09392,0
1704493800000,1.09392,1.09392,1.09392,1.09392,0
1704494700000,1.09392,1.09392,1.09392,1.09392,0
1704495600000,1.09392,1.09392,1.09392,1.09392,0
1704496500000,1.09392,1.09392,1.09392,1.09392,0
1704497400000,1.09392,1.09392,1.09392,1.09392,0
1704498300000,1.09392,1.09392,1.09392,1.09392,0
1704499200000,1.09392,1.09392,1.09392,1.09392,0
1704500100000,1.09392,1.09392,1.09392,1.09392,0
1704501000000,1.09392,1.09392,1.09392,1.09392,0
1704501900000,1.09392,1.09392,1.09392,1.09392,0
1704502800000,1.09392,1.09392,1.09392,1.09392,0
1704503700000,1.09392,1.09392,1.09392,1.09392,0
1704504600000,1.09392,1.09392,1.09392,1.09392,0
1704505500000,1.09392,1.09392,1.09392,1.09392,0
1704506400000,1.09392,1.09392,1.09392,1.09392,0
1704507300000,1.09392,1.09392,1.09392,1.09392,0
1704508200000,1.09392,1.09392,1.09392,1.09392,0
1704509100000,1.09392,1.09392,1.09392,1.09392,0
1704510000000,1.09392,1.09392,1.09392,1.09392,0
1704510900000,1.09392,1.09392,1.09392,1.09392,0
1704511800000,1.09392,1.09392,1.09392,1.09392,0
1704512700000,1.09392,1.09392,1.09392,1.09392,0
1704513600000,1.09392,1.09392,1.09392,1.09392,0
1704514500000,1.09392,1.09392,1.09392,1.09392,0
1704515400000,1.09392,1.09392,1.09392,1.09392,0
1704516300000,1.09392,1.09392,1.09392,1.09392,0
1704517200000,1.09392,1.09392,1.09392,1.09392,0
1704518100000,1.09392,1.09392,1.09392,1.09392,0
1704519000000,1.09392,1.09392,1.09392,1.09392,0
1704519900000,1.09392,1.09392,1.09392,1.09392,0
1704520800000,1.09392,1.09392,1.09392,1.09392,0
1704521700000,1.09392,1.09392,1.09392,1.09392,0
1704522600000,1.09392,1.09392,1.09392,1.09392,0
1704523500000,1.09392,1.09392,1.09392,1.09392,0
1704524400000,1.09392,1.09392,1.09392,1.09392,0
1704525300000,1.09392,1.09392,1.09392,1.09392,0
1704526200000,1.09392,1.09392,1.09392,1.09392,0
1704527100000,1.09392,1.09392,1.09392,1.09392,0
1704528000000,1.09392,1.09392,1.09392,1.09392,0
1704528900000,1.09392,1.09392,1.09392,1.09392,0
1704529800000,1.09392,1.09392,1.09392,1.09392,0
1704530700000,1.09392,1.09392,1.09392,1.09392,0
1704531600000,1.09392,1.09392,1.09392,1.09392,0
1704532500000,1.09392,1.09392,1.09392,1.09392,0
1704533400000,1.09392,1.09392,1.09392,1.09392,0
1704534300000,1.09392,1.09392,1.09392,1.09392,0
1704535200000,1.09392,1.09392,1.09392,1.09392,0
1704536100000,1.09392,1.09392,1.09392,1.09392,0
1704537000000,1.09392,1.09392,1.09392,1.09392,0
1704537900000,1.09392,1.09392,1.09392,1.09392,0
1704538800000,1.09392,1.09392,1.09392,1.09392,0
1704539700000,1.09392,1.09392,1.09392,1.09392,0
1704540600000,1.09392,1.09392,1.09392,1.09392,0
1704541500000,1.09392,1.09392,1.09392,1.09392,0
1704542400000,1.09392,1.09392,1.09392,1.09392,0
1704543300000,1.09392,1.09392,1.09392,1.09392,0
1704544200000,1.09392,1.09392,1.09392,1.09392,0
1704545100000,1.09392,1.09392,1.09392,1.09392,0
1704546000000,1.09392,1.09392,1.09392,1.09392,0
1704546900000,1.09392,1.09392,1.09392,1.09392,0
1704547800000,1.09392,1.09392,1.09392,1.09392,0
1704548700000,1.09392,1.09392,1.09392,1.09392,0
1704549600000,1.09392,1.09392,1.09392,1.09392,0
1704550500000,1.09392,1.09392,1.09392,1.09392,0
1704551400000,1.09392,1.09392,1.09392,1.09392,0
1704552300000,1.09392,1.09392,1.09392,1.09392,0
1704553200000,1.09392,1.09392,1.09392,1.09392,0
1704554100000,1.09392,1.09392,1.09392,1.09392,0
1704555000000,1.09392,1.09392,1.09392,1.09392,0
1704555900000,1.09392,1.09392,1.09392,1.09392,0
1704556800000,1.09392,1.09392,1.09392,1.09392,0
1704557700000,1.09392,1.09392,1.09392,1.09392,0
1704558600000,1.09392,1.09392,1.09392,1.09392,0
1704559500000,1.09392,1.09392,1.09392,1.09392,0
1704560400000,1.09392,1.09392,1.09392,1.09392,0
1704561300000,1.09392,1.09392,1.09392,1.09392,0
1704562200000,1.09392,1.09392,1.09392,1.09392,0
1704563100000,1.09392,1.09392,1.09392,1.09392,0
1704564000000,1.09392,1.09392,1.09392,1.09392,0
1704564900000,1.09392,1.09392,1.09392,1.09392,0
1704565800000,1.09392,1.09392,1.09392,1.09392,0
1704566700000,1.09392,1.09392,1.09392,1.09392,0
1704567600000,1.09392,1.09392,1.09392,1.09392,0
1704568500000,1.09392,1.09392,1.09392,1.09392,0
1704569400000,1.09392,1.09392,1.09392,1.09392,0
1704570300000,1.09392,1.09392,1.09392,1.09392,0
1704571200000,1.09392,1.09392,1.09392,1.09392,0
1704572100000,1.09392,1.09392,1.09392,1.09392,0
1704573000000,1.09392,1.09392,1.09392,1.09392,0
1704573900000,1.09392,1.09392,1.09392,1.09392,0
1704574800000,1.09392,1.09392,1.09392,1.09392,0
1704575700000,1.09392,1.09392,1.09392,1.09392,0
1704576600000,1.09392,1.09392,1.09392,1.09392,0
1704577500000,1.09392,1.09392,1.09392,1.09392,0
1704578400000,1.09392,1.09392,1.09392,1.09392,0
1704579300000,1.09392,1.09392,1.09392,1.09392,0
1704580200000,1.09392,1.09392,1.09392,1.09392,0
1704581100000,1.09392,1.09392,1.09392,1.09392,0
1704582000000,1.09392,1.09392,1.09392,1.09392,0
1704582900000,1.09392,1.09392,1.09392,1.09392,0
1704583800000,1.09392,1.09392,1.09392,1.09392,0
1704584700000,1.09392,1.09392,1.09392,1.09392,0
1704585600000,1.09392,1.09392,1.09392,1.09392,0
1704586500000,1.09392,1.09392,1.09392,1.09392,0
1704587400000,1.09392,1.09392,1.09392,1.09392,0
1704588300000,1.09392,1.09392,1.09392,1.09392,0
1704589200000,1.09392,1.09392,1.09392,1.09392,0
1704590100000,1.09392,1.09392,1.09392,1.09392,0
1704591000000,1.09392,1.09392,1.09392,1.09392,0
1704591900000,1.09392,1.09392,1.09392,1.09392,0
1704592800000,1.09392,1.09392,1.09392,1.09392,0
1704593700000,1.09392,1.09392,1.09392,1.09392,0
1704594600000,1.09392,1.09392,1.09392,1.09392,0
1704595500000,1.09392,1.09392,1.09392,1.09392,0
1704596400000,1.09392,1.09392,1.09392,1.09392,0
1704597300000,1.09392,1.09392,1.09392,1.09392,0
1704598200000,1.09392,1.09392,1.09392,1.09392,0
1704599100000,1.09392,1.09392,1.09392,1.09392,0
1704600000000,1.09392,1.09392,1.09392,1.09392,0
1704600900000,1.09392,1.09392,1.09392,1.09392,0
1704601800000,1.09392,1.09392,1.09392,1.09392,0
1704602700000,1.09392,1.09392,1.09392,1.09392,0
1704603600000,1.09392,1.09392,1.09392,1.09392,0
1704604500000,1.09392,1.09392,1.09392,1.09392,0
1704605400000,1.09392,1.09392,1.09392,1.09392,0
1704606300000,1.09392,1.09392,1.09392,1.09392,0
1704607200000,1.09392,1.09392,1.09392,1.09392,0
1704608100000,1.09392,1.09392,1.09392,1.09392,0
1704609000000,1.09392,1.09392,1.09392,1.09392,0
1704609900000,1.09392,1.09392,1.09392,1.09392,0
1704610800000,1.09392,1.09392,1.09392,1.09392,0
1704611700000,1.09392,1.09392,1.09392,1.09392,0
1704612600000,1.09392,1.09392,1.09392,1.09392,0
1704613500000,1.09392,1.09392,1.09392,1.09392,0
1704614400000,1.09392,1.09392,1.09392,1.09392,0
1704615300000,1.09392,1.09392,1.09392,1.09392,0
1704616200000,1.09392,1.09392,1.09392,1.09392,0
1704617100000,1.09392,1.09392,1.09392,1.09392,0
1704618000000,1.09392,1.09392,1.09392,1.09392,0
1704618900000,1.09392,1.09392,1.09392,1.09392,0
1704619800000,1.09392,1.09392,1.09392,1.09392,0
1704620700000,1.09392,1.09392,1.09392,1.09392,0
1704621600000,1.09392,1.09392,1.09392,1.09392,0
1704622500000,1.09392,1.09392,1.09392,1.09392,0
1704623400000,1.09392,1.09392,1.09392,1.09392,0
1704624300000,1.09392,1.09392,1.09392,1.09392,0
1704625200000,1.09392,1.09392,1.09392,1.09392,0
1704626100000,1.09392,1.09392,1.09392,1.09392,0
1704627000000,1.09392,1.09392,1.09392,1.09392,0
1704627900000,1.09392,1.09392,1.09392,1.09392,0
1704628800000,1.09392,1.09392,1.09392,1.09392,0
1704629700000,1.09392,1.09392,1.09392,1.09392,0
1704630600000,1.09392,1.09392,1.09392,1.09392,0
1704631500000,1.09392,1.09392,1.09392,1.09392,0
1704632400000,1.09392,1.09392,1.09392,1.09392,0
1704633300000,1.09392,1.09392,1.09392,1.09392,0
1704634200000,1.09392,1.09392,1.09392,1.09392,0
1704635100000,1.09392,1.09392,1.09392,1.09392,0
1704636000000,1.09392,1.09392,1.09392,1.09392,0
1704636900000,1.09392,1.09392,1.09392,1.09392,0
1704637800000,1.09392,1.09392,1.09392,1.09392,0
1704638700000,1.09392,1.09392,1.09392,1.09392,0
1704639600000,1.09392,1.09392,1.09392,1.09392,0
1704640500000,1.09392,1.09392,1.09392,1.09392,0
1704641400000,1.09392,1.09392,1.09392,1.09392,0
1704642300000,1.09392,1.09392,1.09392,1.09392,0
1704643200000,1.09392,1.09392,1.09392,1.09392,0
1704644100000,1.09392,1.09392,1.09392,1.09392,0
1704645000000,1.09392,1.09392,1.09392,1.09392,0
1704645900000,1.09392,1.09392,1.09392,1.09392,0
1704646800000,1.09392,1.09392,1.09392,1.09392,0
1704647700000,1.09392,1.09392,1.09392,1.09392,0
1704648600000,1.09392,1.09392,1.09392,1.09392,0
1704649500000,1.09392,1.09392,1.09392,1.09392,0
1704650400000,1.09392,1.09392,1.09392,1.09392,0
1704651300000,1.09392,1.09392,1.09392,1.09392,0
1704652200000,1.09392,1.09392,1.09392,1.09392,0
1704653100000,1.09392,1.09392,1.09392,1.09392,0
1704654000000,1.09392,1.09392,1.09392,1.09392,0
1704654900000,1.09392,1.09392,1.09392,1.09392,0
1704655800000,1.09392,1.09392,1.09392,1.09392,0
1704656700000,1.09392,1.09392,1.09392,1.09392,0
1704657600000,1.09392,1.09392,1.09392,1.09392,0
1704658500000,1.09392,1.09392,1.09392,1.09392,0
1704659400000,1.09392,1.09392,1.09392,1.09392,0
1704660300000,1.09392,1.09392,1.09392,1.09392,0
1704661200000,1.09392,1.09392,1.09392,1.09392,0
1704662100000,1.09392,1.09392,1.09392,1.09392,0
1704663000000,1.09392,1.09392,1.09392,1.09392,0
1704663900000,1.09392,1.09392,1.09392,1.09392,0
1704664800000,1.09392,1.09442,1.09376,1.09434,357.05
1704665700000,1.09434,1.09446,1.09418,1.09436,1169.1
1704666600000,1.0944,1.09444,1.09427,1.09439,391.05
1704667500000,1.0944,1.09451,1.09439,1.09444,90.55
1704668400000,1.09445,1.09456,1.09381,1.09391,1117.82
1704669300000,1.0939,1.094,1.09355,1.09356,468.38
1704670200000,1.09356,1.09375,1.09349,1.09373,578.67
1704671100000,1.09374,1.09419,1.09374,1.09415,501.75
1704672000000,1.09413,1.09438,1.09402,1.09438,409.08
1704672900000,1.09438,1.09466,1.09438,1.09462,561.18
1704673800000,1.09459,1.09485,1.09449,1.09475,577.94
1704674700000,1.09476,1.09492,1.09475,1.09485,636.48
1704675600000,1.09484,1.09504,1.09469,1.09489,1079.5
1704676500000,1.09489,1.09522,1.09485,1.09505,1048.45
1704677400000,1.09505,1.09525,1.09499,1.09521,967.83
1704678300000,1.0952,1.0953,1.0947,1.09479,1410.54
1704679200000,1.09479,1.09479,1.09432,1.09434,1156.9
1704680100000,1.09435,1.09451,1.09424,1.09425,1106.26
1704681000000,1.09424,1.09425,1.09393,1.094,1232.89
1704681900000,1.094,1.09403,1.09359,1.09371,1811.36
1704682800000,1.0937,1.0938,1.09354,1.09375,1315.45
1704683700000,1.09375,1.09392,1.09373,1.09374,862.05
1704684600000,1.09373,1.09373,1.09314,1.0933,1371.56
1704685500000,1.09333,1.09344,1.09313,1.09329,1027.38
1704686400000,1.09329,1.0934,1.09306,1.0932,1087.15
1704687300000,1.09321,1.0936,1.0932,1.09359,905.83
1704688200000,1.0936,1.09369,1.09343,1.09361,867.11
1704689100000,1.09361,1.09371,1.09338,1.0934,1005.55
1704690000000,1.09342,1.0936,1.09329,1.09354,980.49
1704690900000,1.09357,1.09364,1.09347,1.09359,589.08
1704691800000,1.09357,1.09357,1.0932,1.09346,1340.42
1704692700000,1.09347,1.09374,1.09343,1.09374,1543.92
1704693600000,1.09372,1.09406,1.09363,1.09403,1225.66
1704694500000,1.09403,1.09436,1.09395,1.09432,838.53
1704695400000,1.09431,1.09444,1.09404,1.09429,1312.91
1704696300000,1.0943,1.09466,1.09429,1.09457,1627.32
1704697200000,1.09459,1.09522,1.09418,1.0951,2689.13
1704698100000,1.09509,1.09511,1.09444,1.09465,3061.37
1704699000000,1.09466,1.09473,1.09394,1.0945,3539.38
1704699900000,1.0945,1.09485,1.09439,1.09451,3453.25
1704700800000,1.09454,1.09454,1.09299,1.09322,7486.84
1704701700000,1.09322,1.09358,1.09293,1.09322,5480.77
1704702600000,1.09324,1.09395,1.09315,1.09337,4548.44
1704703500000,1.09338,1.09358,1.09313,1.09337,3419.79
1704704400000,1.09336,1.09342,1.09272,1.0931,3535.54
1704705300000,1.09312,1.09318,1.09249,1.09264,3888.78
1704706200000,1.09264,1.0934,1.09226,1.09325,3513.69
1704707100000,1.09324,1.09424,1.09324,1.09369,3579.29
1704708000000,1.09369,1.09409,1.09353,1.09365,5835.74
1704708900000,1.09364,1.09401,1.09342,1.09374,3602.69
1704709800000,1.09374,1.09428,1.09366,1.09401,3382.4
1704710700000,1.094,1.09434,1.09392,1.09424,2640.91
1704711600000,1.09424,1.09483,1.09402,1.0948,2485.82
1704712500000,1.0948,1.09506,1.09421,1.09424,4406.61
1704713400000,1.09423,1.09449,1.09375,1.09375,3949.49
1704714300000,1.09376,1.094,1.09368,1.09379,2280.17
1704715200000,1.09378,1.0948,1.09377,1.09477,2169.21
1704716100000,1.09478,1.0948,1.09421,1.09428,2069.48
1704717000000,1.09428,1.09434,1.09372,1.09421,2823.56
1704717900000,1.0942,1.09469,1.09413,1.09445,2877.37
1704718800000,1.09446,1.09493,1.09426,1.09439,4232.8499
1704719700000,1.09439,1.09488,1.09437,1.09484,4184.04
1704720600000,1.09486,1.09561,1.09471,1.09526,5831.33
1704721500000,1.09526,1.09526,1.09475,1.09507,5790.21
1704722400000,1.09507,1.09585,1.09493,1.09559,6027.43
1704723300000,1.0956,1.09596,1.09541,1.09555,5299.04
1704724200000,1.09555,1.09626,1.0954,1.09572,8795.2301
1704725100000,1.09573,1.09609,1.09533,1.09603,7516.1501
1704726000000,1.09602,1.09667,1.09552,1.09639,5467.15
1704726900000,1.0964,1.09717,1.09616,1.09692,5597.61
1704727800000,1.09693,1.09717,1.09645,1.09685,5964.6599
1704728700000,1.09685,1.09745,1.09661,1.09697,6348.8
1704729600000,1.09696,1.09787,1.09683,1.09763,6144.92
1704730500000,1.09765,1.0977,1.09712,1.0973,5512.74
1704731400000,1.09731,1.0978,1.09727,1.0977,4093.45
1704732300000,1.09772,1.09785,1.09717,1.09754,3502.99
1704733200000,1.09753,1.09788,1.09722,1.09731,3553.2
1704734100000,1.0973,1.09738,1.0966,1.09678,3632.14
1704735000000,1.09679,1.09679,1.09634,1.09656,2523.47
1704735900000,1.09653,1.09663,1.09625,1.09646,2759.68
1704736800000,1.09646,1.09656,1.09602,1.09602,2224.31
1704737700000,1.09601,1.09608,1.09564,1.09573,1253.72
1704738600000,1.09573,1.09579,1.09488,1.09519,2074.46
1704739500000,1.09518,1.09558,1.09514,1.09553,1924.43
1704740400000,1.09553,1.09588,1.09529,1.09582,2352.88
1704741300000,1.09583,1.096,1.09572,1.09575,2217.67
1704742200000,1.09576,1.09615,1.09576,1.09607,1479.36
1704743100000,1.09605,1.09628,1.09596,1.09609,2050.65
1704744000000,1.0961,1.0961,1.095,1.09505,2409.04
1704744900000,1.09504,1.09533,1.09494,1.09529,2181.19
1704745800000,1.09531,1.09566,1.09525,1.09538,1985.18
1704746700000,1.09538,1.09568,1.09514,1.09547,2792.06
1704747600000,1.09548,1.09564,1.09537,1.09555,832.35
1704748500000,1.09553,1.09558,1.09513,1.09515,584.87
1704749400000,1.09514,1.09518,1.095,1.09504,831.95
1704750300000,1.09504,1.09514,1.09495,1.09495,1571.58
1704751200000,1.09495,1.0952,1.09494,1.09515,38.9
1704752100000,1.0952,1.09524,1.09496,1.09505,733.21
1704753000000,1.09505,1.09525,1.09505,1.09509,588.96
1704753900000,1.09509,1.09548,1.09493,1.09501,1485
1704754800000,1.0951,1.09522,1.09496,1.09514,663.24
1704755700000,1.09514,1.09526,1.09512,1.09518,342.77
1704756600000,1.09515,1.09519,1.09505,1.09511,328.73
1704757500000,1.0951,1.09511,1.09495,1.09497,333.06
1704758400000,1.09497,1.09567,1.09492,1.09564,1934.24
1704759300000,1.09563,1.09574,1.09545,1.09561,1635.34
1704760200000,1.09563,1.09593,1.09563,1.09577,1367.06
1704761100000,1.09577,1.09577,1.0954,1.09552,1253.72
1704762000000,1.0955,1.09578,1.0953,1.0953,1446.93
1704762900000,1.09533,1.09549,1.09522,1.09541,1684.76
1704763800000,1.09541,1.09549,1.09514,1.09526,1731.09
1704764700000,1.09527,1.09618,1.09527,1.09615,1060.97
1704765600000,1.09615,1.09634,1.09608,1.09613,1862.32
1704766500000,1.09612,1.09644,1.0961,1.09617,1237.46
1704767400000,1.09618,1.09639,1.09605,1.09636,1075.4
1704768300000,1.09637,1.09646,1.09618,1.09626,1211.89
1704769200000,1.09629,1.09644,1.09613,1.09632,1074.25
1704770100000,1.09632,1.09663,1.09628,1.09633,712.54
1704771000000,1.09634,1.09652,1.0962,1.09643,974.63
1704771900000,1.09642,1.09648,1.09608,1.09627,924.72
1704772800000,1.09628,1.09629,1.09596,1.09597,733.16
1704773700000,1.09598,1.09602,1.09534,1.09536,1096.13
1704774600000,1.09537,1.09563,1.09537,1.0955,1281.79
1704775500000,1.0955,1.09588,1.09547,1.09561,687.89
1704776400000,1.0956,1.09561,1.0954,1.09541,729.88
1704777300000,1.09541,1.0955,1.09488,1.09495,1183.63
1704778200000,1.09494,1.09516,1.0948,1.09482,982.25
1704779100000,1.09483,1.09503,1.0948,1.09496,1779.78
1704780000000,1.09496,1.09532,1.0948,1.09525,1682.75
1704780900000,1.09525,1.09549,1.09509,1.09514,1629.83
1704781800000,1.09514,1.09527,1.09496,1.09522,2041.23
1704782700000,1.09521,1.09529,1.09487,1.09501,1527.33
1704783600000,1.09501,1.09544,1.09461,1.09536,3367.99
1704784500000,1.09536,1.09592,1.09529,1.09583,1766.97
1704785400000,1.09583,1.09629,1.09581,1.09597,2831.43
1704786300000,1.09596,1.09604,1.09553,1.09566,2642.2
1704787200000,1.09566,1.09566,1.09426,1.09427,4390.25
1704788100000,1.09425,1.0944,1.09389,1.09404,3223.81
1704789000000,1.09407,1.09461,1.09407,1.09455,3574.86
1704789900000,1.09457,1.09517,1.09456,1.09496,2625.82
1704790800000,1.09497,1.09504,1.09379,1.09384,3905.96
1704791700000,1.09383,1.09431,1.0938,1.09405,4709.23
1704792600000,1.09404,1.09452,1.0939,1.09414,4207.16
1704793500000,1.09414,1.09441,1.09404,1.0944,2314.79
1704794400000,1.0944,1.09459,1.09359,1.09365,3137.14
1704795300000,1.09368,1.0948,1.09365,1.09461,2011.25
1704796200000,1.0946,1.09473,1.09406,1.09408,3195.85
1704797100000,1.09409,1.09416,1.09324,1.09353,3414.04
1704798000000,1.09354,1.09359,1.09302,1.09307,3326.32
1704798900000,1.0931,1.09349,1.09304,1.09344,2491.27
1704799800000,1.09344,1.09345,1.09287,1.09294,2468.18
1704800700000,1.09294,1.09322,1.09289,1.09314,2287.78
1704801600000,1.09313,1.09336,1.09288,1.09322,3416.99
1704802500000,1.09322,1.09415,1.09318,1.09393,4012.6
1704803400000,1.09394,1.09401,1.0929,1.09324,5569.7899
1704804300000,1.09324,1.09414,1.09319,1.09405,3426.97
1704805200000,1.09406,1.09468,1.09361,1.09457,4663.64
1704806100000,1.09458,1.09466,1.0933,1.09359,6204.5699
1704807000000,1.09362,1.09456,1.09335,1.09388,7378.65
1704807900000,1.09389,1.09466,1.0936,1.09459,6745.9399
1704808800000,1.0946,1.09475,1.09379,1.09425,7183.06
1704809700000,1.09424,1.09456,1.0939,1.09425,4540.3
1704810600000,1.09425,1.09513,1.09424,1.0943,7090.0299
1704811500000,1.09429,1.09465,1.09398,1.09455,6180.17
1704812400000,1.09456,1.09467,1.09387,1.09414,6443.3898
1704813300000,1.09415,1.09447,1.09351,1.09371,5046.45
1704814200000,1.09371,1.09372,1.09285,1.09285,7931.93
1704815100000,1.09284,1.09288,1.09175,1.09178,8566.9399
1704816000000,1.09178,1.09206,1.09103,1.09162,8085.83
1704816900000,1.09163,1.0928,1.09157,1.0926,4470.06
1704817800000,1.0926,1.09297,1.09226,1.09231,4476.91
1704818700000,1.09231,1.09351,1.0923,1.09343,2976.89
1704819600000,1.09345,1.09362,1.09301,1.09327,4110.73
1704820500000,1.09329,1.09389,1.09309,1.09377,2687.56
1704821400000,1.09379,1.09391,1.09336,1.09366,4457.15
1704822300000,1.09368,1.09384,1.09333,1.09339,4042.61
1704823200000,1.0934,1.094,1.09323,1.09375,5055.4201
1704824100000,1.09375,1.0939,1.0928,1.09281,3600.3
1704825000000,1.09282,1.09284,1.09231,1.09236,3270.18
1704825900000,1.09237,1.09266,1.09223,1.09241,2837.71
1704826800000,1.0924,1.09286,1.09235,1.09246,2753.62
1704827700000,1.09246,1.09246,1.09218,1.09225,2764.94
1704828600000,1.09226,1.09234,1.092,1.09205,1802.02
1704829500000,1.09205,1.09253,1.092,1.09252,2197.71
1704830400000,1.09252,1.09295,1.09252,1.09279,2783.77
1704831300000,1.09279,1.09295,1.09267,1.09279,3059.44
1704832200000,1.09279,1.09295,1.09269,1.09276,2931.32
1704833100000,1.09276,1.09286,1.0925,1.09279,2108.17
1704834000000,1.0928,1.09299,1.09277,1.09292,732.57
1704834900000,1.09292,1.09307,1.09288,1.09298,1097.59
1704835800000,1.09298,1.09309,1.09297,1.09303,1207.74
1704836700000,1.09303,1.09314,1.09302,1.09307,1147.52
1704837600000,1.09307,1.09307,1.09269,1.09283,608.79
1704838500000,1.09283,1.09289,1.09265,1.0927,3586.91
1704839400000,1.09267,1.09292,1.09267,1.09284,1907.18
1704840300000,1.09285,1.09291,1.09277,1.09282,1184.4
1704841200000,1.09281,1.09326,1.0928,1.0932,469.71
1704842100000,1.09321,1.09322,1.09315,1.09319,94.17
1704843000000,1.09319,1.09319,1.09297,1.09303,275.22
1704843900000,1.09304,1.09317,1.09302,1.09317,216.18
1704844800000,1.09316,1.09353,1.09314,1.09352,592.17
1704845700000,1.09353,1.09363,1.09344,1.09358,1064.97
1704846600000,1.09358,1.09359,1.09302,1.09303,1443.49
1704847500000,1.09303,1.09335,1.09291,1.09308,1924.41
1704848400000,1.09307,1.09308,1.09261,1.09273,2396.45
1704849300000,1.09273,1.09292,1.09266,1.09284,1867.99
1704850200000,1.09283,1.09333,1.09281,1.09314,2485.4
1704851100000,1.09316,1.09328,1.09298,1.09322,1374.36
1704852000000,1.09323,1.0934,1.09319,1.09322,2690.8
1704852900000,1.09321,1.09352,1.0932,1.09332,1957.5
1704853800000,1.09331,1.09342,1.09316,1.09342,1466.66
1704854700000,1.09343,1.09358,1.09317,1.09337,1598.47
1704855600000,1.09337,1.09347,1.09314,1.09332,1847.26
1704856500000,1.09332,1.0936,1.0933,1.09345,1465.28
1704857400000,1.09346,1.09348,1.09312,1.09317,1901.74
1704858300000,1.09319,1.09323,1.09277,1.09292,2126.91
1704859200000,1.09292,1.09308,1.09288,1.09307,810.06
1704860100000,1.09308,1.09313,1.09298,1.09309,583.09
1704861000000,1.09309,1.09326,1.093,1.09323,1187.09
1704861900000,1.09323,1.09329,1.09308,1.09321,1251.91
1704862800000,1.09321,1.09331,1.09304,1.09311,1624.68
1704863700000,1.09309,1.09335,1.09306,1.09326,732.52
1704864600000,1.09324,1.0934,1.09321,1.09328,862.44
1704865500000,1.09328,1.09329,1.09306,1.09323,1218.17
1704866400000,1.09323,1.09323,1.09276,1.09287,1919.7
1704867300000,1.09288,1.09334,1.09269,1.09311,1438.52
1704868200000,1.09312,1.09314,1.09273,1.0928,1669.12
1704869100000,1.09279,1.09294,1.09235,1.09246,2276.28
1704870000000,1.09246,1.09294,1.09245,1.09273,3649.16
1704870900000,1.09273,1.09346,1.09255,1.0933,3488.79
1704871800000,1.0933,1.09403,1.0932,1.09398,4326.94
1704872700000,1.094,1.09453,1.09257,1.0926,6264.48
1704873600000,1.09261,1.09337,1.09228,1.09308,5788.8
1704874500000,1.09307,1.0942,1.09299,1.09408,3869.45
1704875400000,1.09408,1.09408,1.09365,1.09389,3356.68
1704876300000,1.09389,1.09448,1.0938,1.09433,4192.8801
1704877200000,1.09432,1.09488,1.09415,1.09478,3885.23
1704878100000,1.0948,1.09497,1.0946,1.09478,2853.71
1704879000000,1.09478,1.09519,1.09473,1.09479,2870.56
1704879900000,1.09478,1.0949,1.09449,1.09471,3706.08
1704880800000,1.0947,1.09544,1.09451,1.09511,4043.54
1704881700000,1.0951,1.09548,1.09492,1.09531,2790.84
1704882600000,1.09532,1.09532,1.09471,1.09481,3075.59
1704883500000,1.09482,1.09531,1.09473,1.09492,2882.81
1704884400000,1.09496,1.09553,1.09481,1.09536,2781.24
1704885300000,1.09534,1.09537,1.09445,1.09447,3413.21
1704886200000,1.09446,1.09459,1.09416,1.09447,3390.32
1704887100000,1.09449,1.09471,1.0943,1.09459,1930.01
1704888000000,1.09459,1.09504,1.09456,1.09488,2199.04
1704888900000,1.09491,1.09493,1.09451,1.09487,1854.05
1704889800000,1.09487,1.09502,1.09431,1.09446,2492.26
1704890700000,1.09447,1.0947,1.09436,1.09438,3506.21
1704891600000,1.09438,1.09517,1.09412,1.09509,3877.71
1704892500000,1.09509,1.09519,1.09421,1.09462,5174.57
1704893400000,1.09462,1.09484,1.09426,1.09426,5293.6
1704894300000,1.09427,1.09443,1.09404,1.09405,3331.75
1704895200000,1.09405,1.09415,1.09372,1.09398,3451.27
1704896100000,1.09397,1.09397,1.09353,1.0938,2338.97
1704897000000,1.09381,1.09402,1.09332,1.09368,4555.23
1704897900000,1.09371,1.09403,1.0932,1.09399,6289.17
1704898800000,1.09399,1.09468,1.09355,1.09447,6730.82
1704899700000,1.09447,1.09487,1.09442,1.09471,5784.65
1704900600000,1.09471,1.09655,1.09471,1.09636,6538.28
1704901500000,1.09637,1.0969,1.09635,1.09673,5857.14
1704902400000,1.09674,1.0969,1.09616,1.09616,5324.47
1704903300000,1.09618,1.09636,1.09569,1.09596,3922.48
1704904200000,1.09596,1.09596,1.09523,1.09556,3800.62
1704905100000,1.09556,1.09596,1.09536,1.0959,3080.1099
1704906000000,1.0959,1.09646,1.09582,1.09639,2450.18
1704906900000,1.09638,1.09667,1.09626,1.0966,1675.66
1704907800000,1.0966,1.0968,1.09652,1.09676,3011.27
1704908700000,1.09676,1.09677,1.09643,1.09672,1779.53
1704909600000,1.09672,1.09686,1.09593,1.09643,4060.12
1704910500000,1.09642,1.09694,1.09637,1.09684,1724.24
1704911400000,1.09684,1.09689,1.09652,1.09671,1519.55
1704912300000,1.0967,1.09697,1.09658,1.09695,1293.09
1704913200000,1.09695,1.09707,1.09672,1.09689,2134.98
1704914100000,1.09691,1.09702,1.09678,1.0969,1172.74
1704915000000,1.09692,1.09703,1.09669,1.09696,2376.23
1704915900000,1.09697,1.09707,1.09669,1.09703,2116.09
1704916800000,1.09703,1.09728,1.09628,1.09658,2222.33
1704917700000,1.09658,1.09727,1.09617,1.09634,7626.16
1704918600000,1.09633,1.0966,1.09615,1.09633,4284.2
1704919500000,1.09631,1.09659,1.09619,1.09654,2827.56
1704920400000,1.09654,1.09685,1.09648,1.09683,1188.91
1704921300000,1.09684,1.09699,1.09682,1.09695,939.27
1704922200000,1.09696,1.09721,1.09693,1.0972,764.52
1704923100000,1.09717,1.09729,1.09712,1.09722,1313.61
1704924000000,1.09722,1.09724,1.09685,1.09699,1190.98
1704924900000,1.09693,1.09717,1.09692,1.0971,5686.7001
1704925800000,1.09711,1.09717,1.09704,1.09704,436.77
1704926700000,1.09704,1.09722,1.09704,1.09716,468.04
1704927600000,1.09715,1.0973,1.09709,1.09727,736.56
1704928500000,1.09726,1.09734,1.09716,1.09727,307.51
1704929400000,1.09728,1.09735,1.09725,1.09732,273
1704930300000,1.09731,1.09747,1.0973,1.0974,286.69
1704931200000,1.09742,1.09751,1.0973,1.09735,560.18
1704932100000,1.09735,1.09761,1.09735,1.09754,2579.73
1704933000000,1.09754,1.09768,1.09749,1.09764,2326.41
1704933900000,1.09765,1.09787,1.09759,1.09777,4545.3
1704934800000,1.09778,1.09793,1.09765,1.09777,4300.2499
1704935700000,1.09777,1.09784,1.09755,1.09769,4675.76
1704936600000,1.09769,1.09771,1.09749,1.09756,3800.7
1704937500000,1.09757,1.09802,1.09757,1.09788,1415.36
1704938400000,1.09788,1.09805,1.09776,1.09801,1245.49
1704939300000,1.09802,1.09847,1.098,1.09801,2329.68
1704940200000,1.09802,1.09809,1.0977,1.09783,1823.33
1704941100000,1.09783,1.09799,1.09771,1.09781,1662.75
1704942000000,1.0978,1.09792,1.09772,1.09781,976.18
1704942900000,1.09781,1.09796,1.09781,1.09786,991.17
1704943800000,1.09786,1.09808,1.09781,1.0979,1179.7
1704944700000,1.09788,1.09811,1.09783,1.09803,1437.59
1704945600000,1.09802,1.09827,1.09801,1.09811,1301
1704946500000,1.09812,1.09813,1.09792,1.09797,1325.66
1704947400000,1.09796,1.098,1.09775,1.09787,1565.86
1704948300000,1.09786,1.09799,1.09776,1.09777,1336.8
1704949200000,1.09775,1.09813,1.09757,1.09812,1720.14
1704950100000,1.09813,1.09813,1.09782,1.09795,2142.72
1704951000000,1.09794,1.098,1.09782,1.09792,1558.85
1704951900000,1.09791,1.09804,1.0978,1.09783,1251.06
1704952800000,1.09784,1.098,1.09744,1.09791,1166.02
1704953700000,1.0979,1.09842,1.09782,1.09836,1287.34
1704954600000,1.09836,1.09885,1.0983,1.09861,1365.73
1704955500000,1.0986,1.09863,1.09835,1.09857,1280.38
1704956400000,1.09858,1.09867,1.09836,1.09852,2430.04
1704957300000,1.0985,1.0986,1.09824,1.09827,1656.31
1704958200000,1.09826,1.0983,1.09789,1.09795,2918.6
1704959100000,1.09794,1.0982,1.09773,1.09788,3302.12
1704960000000,1.0979,1.09796,1.09717,1.09755,4490.56
1704960900000,1.09755,1.09805,1.09746,1.09803,3450.64
1704961800000,1.09802,1.09813,1.09744,1.09752,3492.18
1704962700000,1.09751,1.09756,1.0972,1.0975,3645.6
1704963600000,1.09749,1.09752,1.09665,1.0968,4365.38
1704964500000,1.09681,1.09688,1.09655,1.09676,2773.61
1704965400000,1.09676,1.09676,1.09588,1.09594,4886
1704966300000,1.09594,1.09658,1.09593,1.09637,2779.26
1704967200000,1.09637,1.09647,1.09585,1.09633,3212.65
1704968100000,1.09632,1.09679,1.09631,1.09654,3156.29
1704969000000,1.09653,1.09684,1.09644,1.0966,3317.24
1704969900000,1.0966,1.09697,1.09626,1.09689,3155.5
1704970800000,1.09689,1.09776,1.09676,1.0977,5622.7999
1704971700000,1.09768,1.09824,1.09758,1.09806,3639.6
1704972600000,1.09809,1.09816,1.09773,1.0979,3158.79
1704973500000,1.09792,1.09805,1.09772,1.09785,2859.77
1704974400000,1.09786,1.09807,1.09762,1.09806,2554.09
1704975300000,1.09804,1.09804,1.09762,1.09781,2955.28
1704976200000,1.09782,1.09848,1.09781,1.09845,2725.3
1704977100000,1.09844,1.09904,1.09831,1.09837,3488.23
1704978000000,1.09838,1.09879,1.09828,1.09856,3646.79
1704978900000,1.09857,1.09908,1.0985,1.09869,5197.39
1704979800000,1.09869,1.1,1.094,1.09526,27023.9701
1704980700000,1.09525,1.09655,1.09355,1.09394,17683.3399
1704981600000,1.09397,1.09485,1.09314,1.09479,12927.69
1704982500000,1.09478,1.0964,1.09439,1.09576,11805.9899
1704983400000,1.09577,1.09737,1.09481,1.09528,19772.2501
1704984300000,1.09528,1.09557,1.09452,1.09542,12725.7001
1704985200000,1.09542,1.09542,1.09302,1.09308,14087.1901
1704986100000,1.09308,1.09506,1.09307,1.09474,12798.02
1704987000000,1.09474,1.09628,1.09473,1.09621,13090.47
1704987900000,1.09622,1.09624,1.09417,1.09464,12930.4001
1704988800000,1.09466,1.09511,1.09441,1.09454,8787.82
1704989700000,1.09453,1.09542,1.09435,1.09474,8831.24
1704990600000,1.09474,1.09478,1.09398,1.09435,7945.54
1704991500000,1.09437,1.09573,1.09366,1.09423,11192.4701
1704992400000,1.09422,1.09523,1.09422,1.09518,5876.7701
1704993300000,1.09519,1.09533,1.09444,1.09458,6329.26
1704994200000,1.09458,1.09506,1.09415,1.09501,5513.5
1704995100000,1.09501,1.09545,1.09487,1.09508,3470.17
1704996000000,1.09508,1.09589,1.09498,1.09572,6584.4199
1704996900000,1.09572,1.09605,1.09555,1.09571,4063.18
1704997800000,1.09571,1.0959,1.09544,1.09569,3403.44
1704998700000,1.0957,1.09661,1.09562,1.09647,3194.8
1704999600000,1.09648,1.09749,1.09648,1.09743,4396.33
1705000500000,1.09743,1.09806,1.09687,1.09786,4833.55
1705001400000,1.09788,1.09818,1.09746,1.09789,4476.82
1705002300000,1.0979,1.09829,1.09788,1.09819,4328.69
1705003200000,1.0982,1.09825,1.09652,1.09658,6219.49
1705004100000,1.09656,1.09664,1.09561,1.09606,5068.51
1705005000000,1.09607,1.09651,1.09581,1.09647,3332.07
1705005900000,1.09647,1.09726,1.09629,1.09713,2805.71
1705006800000,1.09714,1.09738,1.09702,1.09713,1528.81
1705007700000,1.09714,1.09733,1.09702,1.09721,1764.22
1705008600000,1.09721,1.09751,1.09718,1.09745,1711.95
1705009500000,1.09746,1.09747,1.09717,1.09717,1429.63
1705010400000,1.09715,1.09735,1.09609,1.09719,327.21
1705011300000,1.09726,1.09738,1.09715,1.09732,727.65
1705012200000,1.09734,1.09739,1.09727,1.09735,1500.54
1705013100000,1.09736,1.09736,1.0972,1.09724,618.09
1705014000000,1.09725,1.09753,1.097,1.09751,510.85
1705014900000,1.09751,1.09767,1.09743,1.09756,563.01
1705015800000,1.09755,1.09808,1.09754,1.09805,1024.41
1705016700000,1.09805,1.09825,1.09796,1.09824,409.62
1705017600000,1.09823,1.09846,1.09805,1.09806,1579.26
1705018500000,1.09807,1.09813,1.0979,1.09793,1710.47
1705019400000,1.09792,1.09793,1.09741,1.09754,3033.66
1705020300000,1.09755,1.09794,1.09749,1.09756,1954.94
1705021200000,1.09754,1.09763,1.09725,1.09741,2963.91
1705022100000,1.09742,1.0978,1.09732,1.09763,2058.88
1705023000000,1.09763,1.09841,1.09756,1.09822,2402.27
1705023900000,1.09821,1.09842,1.09812,1.09826,1927.75
1705024800000,1.09826,1.09853,1.09817,1.09838,1970.16
1705025700000,1.09839,1.09842,1.09801,1.09813,2385.57
1705026600000,1.09812,1.09822,1.09781,1.09787,2167.32
1705027500000,1.09786,1.09821,1.09786,1.09796,2830.51
1705028400000,1.09796,1.09826,1.09796,1.09816,1364.91
1705029300000,1.09817,1.09822,1.09806,1.09818,476.63
1705030200000,1.09817,1.09828,1.0977,1.09781,1239
1705031100000,1.09782,1.09791,1.09775,1.09776,312.97
1705032000000,1.09774,1.09774,1.09742,1.09747,789.77
1705032900000,1.09747,1.09755,1.09731,1.09748,885.57
1705033800000,1.09748,1.09761,1.09737,1.09758,946.5
1705034700000,1.09758,1.09771,1.0975,1.09755,1016.81
1705035600000,1.09756,1.09797,1.09755,1.09786,1310.26
1705036500000,1.09787,1.09803,1.09766,1.0977,1155.34
1705037400000,1.0977,1.0977,1.09752,1.09765,1134.5
1705038300000,1.09764,1.09772,1.09736,1.09755,1958.26
1705039200000,1.09755,1.09785,1.0973,1.09776,1750.67
1705040100000,1.09775,1.09786,1.09772,1.09773,686.84
1705041000000,1.09774,1.09776,1.0975,1.0975,1210.62
1705041900000,1.09751,1.09776,1.09736,1.09752,1493.17
1705042800000,1.09752,1.09778,1.09658,1.09663,5824.7
1705043700000,1.09664,1.09695,1.09656,1.09674,2948.27
1705044600000,1.09676,1.09689,1.09608,1.09635,4129.83
1705045500000,1.09636,1.09688,1.09623,1.09666,2729.46
1705046400000,1.09666,1.09772,1.09649,1.09758,4569.83
1705047300000,1.09759,1.09791,1.09719,1.09778,4110.45
1705048200000,1.09777,1.09827,1.09701,1.09733,4509.75
1705049100000,1.09732,1.09763,1.09685,1.0975,4890.64
1705050000000,1.09751,1.09798,1.09736,1.09774,3384.18
1705050900000,1.09775,1.09781,1.09682,1.09703,4657.34
1705051800000,1.09703,1.09703,1.09658,1.09683,5181.15
1705052700000,1.09682,1.09693,1.0961,1.09624,4454.51
1705053600000,1.09625,1.09627,1.09569,1.09592,3649.3
1705054500000,1.09595,1.09615,1.09568,1.0961,1941.91
1705055400000,1.09609,1.0964,1.09591,1.09626,2286.51
1705056300000,1.09628,1.09632,1.09568,1.096,2842.4
1705057200000,1.096,1.09618,1.09572,1.09589,2109.25
1705058100000,1.09589,1.0962,1.09515,1.09539,2712.88
1705059000000,1.09538,1.09548,1.09489,1.09495,3323.41
1705059900000,1.09495,1.09527,1.09465,1.09496,3496.9
1705060800000,1.09495,1.09518,1.09456,1.09463,4428.32
1705061700000,1.09462,1.09499,1.09414,1.0947,5020.08
1705062600000,1.09471,1.09495,1.09416,1.09432,2883.03
1705063500000,1.09432,1.09432,1.09371,1.09377,4019.25
1705064400000,1.09377,1.09445,1.09359,1.09439,5064.5001
1705065300000,1.0944,1.0951,1.09426,1.09501,5419.68
1705066200000,1.09499,1.09695,1.09499,1.09585,18493.7702
1705067100000,1.09585,1.09602,1.09448,1.09552,10447.2
1705068000000,1.09552,1.0966,1.09526,1.09567,9848.5399
1705068900000,1.09567,1.09685,1.0956,1.09679,8105.7401
1705069800000,1.09681,1.09834,1.09679,1.09819,9102.3099
1705070700000,1.0982,1.09849,1.09737,1.09757,11876.25
1705071600000,1.09755,1.09868,1.09714,1.09837,8924.35
1705072500000,1.0984,1.09853,1.09778,1.09793,7759.31
1705073400000,1.09794,1.09829,1.09711,1.09735,6873.0001
1705074300000,1.09734,1.09744,1.09623,1.09661,9253.4299
1705075200000,1.09662,1.09738,1.09657,1.09689,6220.4101
1705076100000,1.09687,1.09736,1.09661,1.09723,5869.63
1705077000000,1.09723,1.09729,1.09614,1.0965,4940.19
1705077900000,1.0965,1.0965,1.09582,1.09583,4582.04
1705078800000,1.09582,1.09587,1.09521,1.09544,4669.31
1705079700000,1.09545,1.09558,1.09501,1.09536,3650.17
1705080600000,1.09536,1.09538,1.09482,1.09512,2861.45
1705081500000,1.09512,1.09521,1.0947,1.09496,2921.0099
1705082400000,1.09496,1.09564,1.09491,1.09555,2570.62
1705083300000,1.09554,1.09577,1.0954,1.09574,2149.54
1705084200000,1.09574,1.09593,1.09552,1.09562,1778.72
1705085100000,1.09561,1.09596,1.09556,1.09594,1957.54
1705086000000,1.09593,1.09633,1.09588,1.09628,1874.98
1705086900000,1.0963,1.0963,1.096,1.09603,1840.41
1705087800000,1.09604,1.09612,1.09548,1.09552,2288.47
1705088700000,1.09551,1.09594,1.09536,1.09559,1639.8
1705089600000,1.09559,1.09563,1.09533,1.09544,1139.71
1705090500000,1.09543,1.09559,1.0952,1.09544,1165.42
1705091400000,1.09542,1.09556,1.09529,1.09533,1149.33
1705092300000,1.09533,1.09538,1.09504,1.09512,1915.91
1705093200000,1.09511,1.09526,1.09496,1.09497,1634.49
1705094100000,1.09499,1.0952,1.09489,1.09493,1297.73
1705095000000,1.09494,1.09495,1.09481,1.09489,1135.36
1705095900000,1.09488,1.09515,1.09483,1.09483,1332.42
1705096800000,1.09483,1.09483,1.09483,1.09483,0
1705097700000,1.09483,1.09483,1.09483,1.09483,0
1705098600000,1.09483,1.09483,1.09483,1.09483,0
1705099500000,1.09483,1.09483,1.09483,1.09483,0
1705100400000,1.09483,1.09483,1.09483,1.09483,0
1705101300000,1.09483,1.09483,1.09483,1.09483,0
1705102200000,1.09483,1.09483,1.09483,1.09483,0
1705103100000,1.09483,1.09483,1.09483,1.09483,0
1705104000000,1.09483,1.09483,1.09483,1.09483,0
1705104900000,1.09483,1.09483,1.09483,1.09483,0
1705105800000,1.09483,1.09483,1.09483,1.09483,0
1705106700000,1.09483,1.09483,1.09483,1.09483,0
1705107600000,1.09483,1.09483,1.09483,1.09483,0
1705108500000,1.09483,1.09483,1.09483,1.09483,0
1705109400000,1.09483,1.09483,1.09483,1.09483,0
1705110300000,1.09483,1.09483,1.09483,1.09483,0
1705111200000,1.09483,1.09483,1.09483,1.09483,0
1705112100000,1.09483,1.09483,1.09483,1.09483,0
1705113000000,1.09483,1.09483,1.09483,1.09483,0
1705113900000,1.09483,1.09483,1.09483,1.09483,0
1705114800000,1.09483,1.09483,1.09483,1.09483,0
1705115700000,1.09483,1.09483,1.09483,1.09483,0
1705116600000,1.09483,1.09483,1.09483,1.09483,0
1705117500000,1.09483,1.09483,1.09483,1.09483,0
1705118400000,1.09483,1.09483,1.09483,1.09483,0
1705119300000,1.09483,1.09483,1.09483,1.09483,0
1705120200000,1.09483,1.09483,1.09483,1.09483,0
1705121100000,1.09483,1.09483,1.09483,1.09483,0
1705122000000,1.09483,1.09483,1.09483,1.09483,0
1705122900000,1.09483,1.09483,1.09483,1.09483,0
1705123800000,1.09483,1.09483,1.09483,1.09483,0
1705124700000,1.09483,1.09483,1.09483,1.09483,0
1705125600000,1.09483,1.09483,1.09483,1.09483,0
1705126500000,1.09483,1.09483,1.09483,1.09483,0
1705127400000,1.09483,1.09483,1.09483,1.09483,0
1705128300000,1.09483,1.09483,1.09483,1.09483,0
1705129200000,1.09483,1.09483,1.09483,1.09483,0
1705130100000,1.09483,1.09483,1.09483,1.09483,0
1705131000000,1.09483,1.09483,1.09483,1.09483,0
1705131900000,1.09483,1.09483,1.09483,1.09483,0
1705132800000,1.09483,1.09483,1.09483,1.09483,0
1705133700000,1.09483,1.09483,1.09483,1.09483,0
1705134600000,1.09483,1.09483,1.09483,1.09483,0
1705135500000,1.09483,1.09483,1.09483,1.09483,0
1705136400000,1.09483,1.09483,1.09483,1.09483,0
1705137300000,1.09483,1.09483,1.09483,1.09483,0
1705138200000,1.09483,1.09483,1.09483,1.09483,0
1705139100000,1.09483,1.09483,1.09483,1.09483,0
1705140000000,1.09483,1.09483,1.09483,1.09483,0
1705140900000,1.09483,1.09483,1.09483,1.09483,0
1705141800000,1.09483,1.09483,1.09483,1.09483,0
1705142700000,1.09483,1.09483,1.09483,1.09483,0
1705143600000,1.09483,1.09483,1.09483,1.09483,0
1705144500000,1.09483,1.09483,1.09483,1.09483,0
1705145400000,1.09483,1.09483,1.09483,1.09483,0
1705146300000,1.09483,1.09483,1.09483,1.09483,0
1705147200000,1.09483,1.09483,1.09483,1.09483,0
1705148100000,1.09483,1.09483,1.09483,1.09483,0
1705149000000,1.09483,1.09483,1.09483,1.09483,0
1705149900000,1.09483,1.09483,1.09483,1.09483,0
1705150800000,1.09483,1.09483,1.09483,1.09483,0
1705151700000,1.09483,1.09483,1.09483,1.09483,0
1705152600000,1.09483,1.09483,1.09483,1.09483,0
1705153500000,1.09483,1.09483,1.09483,1.09483,0
1705154400000,1.09483,1.09483,1.09483,1.09483,0
1705155300000,1.09483,1.09483,1.09483,1.09483,0
1705156200000,1.09483,1.09483,1.09483,1.09483,0
1705157100000,1.09483,1.09483,1.09483,1.09483,0
1705158000000,1.09483,1.09483,1.09483,1.09483,0
1705158900000,1.09483,1.09483,1.09483,1.09483,0
1705159800000,1.09483,1.09483,1.09483,1.09483,0
1705160700000,1.09483,1.09483,1.09483,1.09483,0
1705161600000,1.09483,1.09483,1.09483,1.09483,0
1705162500000,1.09483,1.09483,1.09483,1.09483,0
1705163400000,1.09483,1.09483,1.09483,1.09483,0
1705164300000,1.09483,1.09483,1.09483,1.09483,0
1705165200000,1.09483,1.09483,1.09483,1.09483,0
1705166100000,1.09483,1.09483,1.09483,1.09483,0
1705167000000,1.09483,1.09483,1.09483,1.09483,0
1705167900000,1.09483,1.09483,1.09483,1.09483,0
1705168800000,1.09483,1.09483,1.09483,1.09483,0
1705169700000,1.09483,1.09483,1.09483,1.09483,0
1705170600000,1.09483,1.09483,1.09483,1.09483,0
1705171500000,1.09483,1.09483,1.09483,1.09483,0
1705172400000,1.09483,1.09483,1.09483,1.09483,0
1705173300000,1.09483,1.09483,1.09483,1.09483,0
1705174200000,1.09483,1.09483,1.09483,1.09483,0
1705175100000,1.09483,1.09483,1.09483,1.09483,0
1705176000000,1.09483,1.09483,1.09483,1.09483,0
1705176900000,1.09483,1.09483,1.09483,1.09483,0
1705177800000,1.09483,1.09483,1.09483,1.09483,0
1705178700000,1.09483,1.09483,1.09483,1.09483,0
1705179600000,1.09483,1.09483,1.09483,1.09483,0
1705180500000,1.09483,1.09483,1.09483,1.09483,0
1705181400000,1.09483,1.09483,1.09483,1.09483,0
1705182300000,1.09483,1.09483,1.09483,1.09483,0
1705183200000,1.09483,1.09483,1.09483,1.09483,0
1705184100000,1.09483,1.09483,1.09483,1.09483,0
1705185000000,1.09483,1.09483,1.09483,1.09483,0
1705185900000,1.09483,1.09483,1.09483,1.09483,0
1705186800000,1.09483,1.09483,1.09483,1.09483,0
1705187700000,1.09483,1.09483,1.09483,1.09483,0
1705188600000,1.09483,1.09483,1.09483,1.09483,0
1705189500000,1.09483,1.09483,1.09483,1.09483,0
1705190400000,1.09483,1.09483,1.09483,1.09483,0
1705191300000,1.09483,1.09483,1.09483,1.09483,0
1705192200000,1.09483,1.09483,1.09483,1.09483,0
1705193100000,1.09483,1.09483,1.09483,1.09483,0
1705194000000,1.09483,1.09483,1.09483,1.09483,0
1705194900000,1.09483,1.09483,1.09483,1.09483,0
1705195800000,1.09483,1.09483,1.09483,1.09483,0
1705196700000,1.09483,1.09483,1.09483,1.09483,0
1705197600000,1.09483,1.09483,1.09483,1.09483,0
1705198500000,1.09483,1.09483,1.09483,1.09483,0
1705199400000,1.09483,1.09483,1.09483,1.09483,0
1705200300000,1.09483,1.09483,1.09483,1.09483,0
1705201200000,1.09483,1.09483,1.09483,1.09483,0
1705202100000,1.09483,1.09483,1.09483,1.09483,0
1705203000000,1.09483,1.09483,1.09483,1.09483,0
1705203900000,1.09483,1.09483,1.09483,1.09483,0
1705204800000,1.09483,1.09483,1.09483,1.09483,0
1705205700000,1.09483,1.09483,1.09483,1.09483,0
1705206600000,1.09483,1.09483,1.09483,1.09483,0
1705207500000,1.09483,1.09483,1.09483,1.09483,0
1705208400000,1.09483,1.09483,1.09483,1.09483,0
1705209300000,1.09483,1.09483,1.09483,1.09483,0
1705210200000,1.09483,1.09483,1.09483,1.09483,0
1705211100000,1.09483,1.09483,1.09483,1.09483,0
1705212000000,1.09483,1.09483,1.09483,1.09483,0
1705212900000,1.09483,1.09483,1.09483,1.09483,0
1705213800000,1.09483,1.09483,1.09483,1.09483,0
1705214700000,1.09483,1.09483,1.09483,1.09483,0
1705215600000,1.09483,1.09483,1.09483,1.09483,0
1705216500000,1.09483,1.09483,1.09483,1.09483,0
1705217400000,1.09483,1.09483,1.09483,1.09483,0
1705218300000,1.09483,1.09483,1.09483,1.09483,0
1705219200000,1.09483,1.09483,1.09483,1.09483,0
1705220100000,1.09483,1.09483,1.09483,1.09483,0
1705221000000,1.09483,1.09483,1.09483,1.09483,0
1705221900000,1.09483,1.09483,1.09483,1.09483,0
1705222800000,1.09483,1.09483,1.09483,1.09483,0
1705223700000,1.09483,1.09483,1.09483,1.09483,0
1705224600000,1.09483,1.09483,1.09483,1.09483,0
1705225500000,1.09483,1.09483,1.09483,1.09483,0
1705226400000,1.09483,1.09483,1.09483,1.09483,0
1705227300000,1.09483,1.09483,1.09483,1.09483,0
1705228200000,1.09483,1.09483,1.09483,1.09483,0
1705229100000,1.09483,1.09483,1.09483,1.09483,0
1705230000000,1.09483,1.09483,1.09483,1.09483,0
1705230900000,1.09483,1.09483,1.09483,1.09483,0
1705231800000,1.09483,1.09483,1.09483,1.09483,0
1705232700000,1.09483,1.09483,1.09483,1.09483,0
1705233600000,1.09483,1.09483,1.09483,1.09483,0
1705234500000,1.09483,1.09483,1.09483,1.09483,0
1705235400000,1.09483,1.09483,1.09483,1.09483,0
1705236300000,1.09483,1.09483,1.09483,1.09483,0
1705237200000,1.09483,1.09483,1.09483,1.09483,0
1705238100000,1.09483,1.09483,1.09483,1.09483,0
1705239000000,1.09483,1.09483,1.09483,1.09483,0
1705239900000,1.09483,1.09483,1.09483,1.09483,0
1705240800000,1.09483,1.09483,1.09483,1.09483,0
1705241700000,1.09483,1.09483,1.09483,1.09483,0
1705242600000,1.09483,1.09483,1.09483,1.09483,0
1705243500000,1.09483,1.09483,1.09483,1.09483,0
1705244400000,1.09483,1.09483,1.09483,1.09483,0
1705245300000,1.09483,1.09483,1.09483,1.09483,0
1705246200000,1.09483,1.09483,1.09483,1.09483,0
1705247100000,1.09483,1.09483,1.09483,1.09483,0
1705248000000,1.09483,1.09483,1.09483,1.09483,0
1705248900000,1.09483,1.09483,1.09483,1.09483,0
1705249800000,1.09483,1.09483,1.09483,1.09483,0
1705250700000,1.09483,1.09483,1.09483,1.09483,0
1705251600000,1.09483,1.09483,1.09483,1.09483,0
1705252500000,1.09483,1.09483,1.09483,1.09483,0
1705253400000,1.09483,1.09483,1.09483,1.09483,0
1705254300000,1.09483,1.09483,1.09483,1.09483,0
1705255200000,1.09483,1.09483,1.09483,1.09483,0
1705256100000,1.09483,1.09483,1.09483,1.09483,0
1705257000000,1.09483,1.09483,1.09483,1.09483,0
1705257900000,1.09483,1.09483,1.09483,1.09483,0
1705258800000,1.09483,1.09483,1.09483,1.09483,0
1705259700000,1.09483,1.09483,1.09483,1.09483,0
1705260600000,1.09483,1.09483,1.09483,1.09483,0
1705261500000,1.09483,1.09483,1.09483,1.09483,0
1705262400000,1.09483,1.09483,1.09483,1.09483,0
1705263300000,1.09483,1.09483,1.09483,1.09483,0
1705264200000,1.09483,1.09483,1.09483,1.09483,0
1705265100000,1.09483,1.09483,1.09483,1.09483,0
1705266000000,1.09483,1.09483,1.09483,1.09483,0
1705266900000,1.09483,1.09483,1.09483,1.09483,0
1705267800000,1.09483,1.09483,1.09483,1.09483,0
1705268700000,1.09483,1.09483,1.09483,1.09483,0
1705269600000,1.0948,1.0949,1.09444,1.0947,472.15
1705270500000,1.09474,1.09496,1.09467,1.09489,895.05
1705271400000,1.09483,1.09495,1.09476,1.09483,329.4
1705272300000,1.09484,1.09502,1.09483,1.09495,729.55
1705273200000,1.09495,1.09495,1.09452,1.09478,823.65
1705274100000,1.09475,1.09483,1.09464,1.09466,412.29
1705275000000,1.09467,1.09478,1.09453,1.09468,554.59
1705275900000,1.09467,1.09467,1.0944,1.09451,1356.66
1705276800000,1.09451,1.09454,1.09407,1.09429,2003.09
1705277700000,1.09431,1.09471,1.09425,1.09459,1794.51
1705278600000,1.09459,1.09499,1.09453,1.09492,2243.86
1705279500000,1.09492,1.0954,1.09492,1.09534,3388.36
1705280400000,1.09533,1.09556,1.09527,1.09537,1288.27
1705281300000,1.09536,1.09539,1.09494,1.09497,2229.9
1705282200000,1.09497,1.09541,1.09497,1.09539,2113.39
1705283100000,1.09538,1.09561,1.09531,1.09547,1618.09
1705284000000,1.09548,1.096,1.09548,1.096,1279.95
1705284900000,1.096,1.09645,1.096,1.09629,2166.08
1705285800000,1.09628,1.09635,1.09615,1.09627,1661.11
1705286700000,1.09628,1.09655,1.09618,1.09648,1788.87
1705287600000,1.09651,1.09673,1.09647,1.09663,1441.87
1705288500000,1.09663,1.09675,1.0965,1.09654,1521.56
1705289400000,1.09656,1.09659,1.09635,1.09653,1738.91
1705290300000,1.09654,1.09665,1.09638,1.09643,1780.25
1705291200000,1.09642,1.09643,1.09611,1.09618,1237.45
1705292100000,1.09618,1.09623,1.0959,1.09591,984.37
1705293000000,1.09592,1.09614,1.09587,1.09609,720.6
1705293900000,1.09607,1.09629,1.09607,1.09628,647.39
1705294800000,1.09629,1.09637,1.09622,1.09632,744.99
1705295700000,1.09633,1.09635,1.09607,1.09627,1131.11
1705296600000,1.09627,1.09655,1.09621,1.09648,1494.96
1705297500000,1.09647,1.09659,1.0963,1.09639,1303.28
1705298400000,1.0964,1.09659,1.09625,1.09657,1504.63
1705299300000,1.09658,1.09666,1.09636,1.09642,1919.6
1705300200000,1.09641,1.09661,1.09631,1.09658,1747.65
1705301100000,1.09659,1.09661,1.09633,1.09639,1376.8
1705302000000,1.09637,1.09662,1.09609,1.0964,3242.4
1705302900000,1.09641,1.09641,1.09576,1.09602,3674.68
1705303800000,1.09604,1.09623,1.0956,1.09581,3263.96
1705304700000,1.0958,1.09589,1.09515,1.09533,4669.77
1705305600000,1.09535,1.0964,1.09535,1.09627,4349.49
1705306500000,1.09628,1.09649,1.09591,1.09623,3474.84
1705307400000,1.09623,1.09628,1.09569,1.096,4725.6199
1705308300000,1.09598,1.09606,1.09569,1.09579,3564.45
1705309200000,1.0958,1.09588,1.09512,1.09548,3808.18
1705310100000,1.09547,1.09554,1.09522,1.09537,2719.55
1705311000000,1.09536,1.09558,1.09449,1.09454,3382.18
1705311900000,1.09454,1.09486,1.0943,1.09466,4309.68
1705312800000,1.09465,1.09466,1.09371,1.09386,4760.3
1705313700000,1.09384,1.09384,1.09335,1.09354,3835.04
1705314600000,1.09354,1.09386,1.09346,1.09361,3175.43
1705315500000,1.0936,1.09419,1.09341,1.094,2433.71
1705316400000,1.094,1.09424,1.09399,1.09423,2309.33
1705317300000,1.09424,1.09463,1.09407,1.09463,2504.39
1705318200000,1.09462,1.09489,1.09439,1.09461,2616.26
1705319100000,1.0946,1.09471,1.09414,1.09453,2559.41
1705320000000,1.09453,1.09548,1.09438,1.09548,2350.54
1705320900000,1.09548,1.09567,1.09492,1.09504,3515.42
1705321800000,1.09505,1.09589,1.09465,1.09545,3964.44
1705322700000,1.09546,1.09576,1.09509,1.09538,3418.52
1705323600000,1.09537,1.09541,1.09443,1.09458,5485.25
1705324500000,1.09456,1.09511,1.09449,1.09473,3493.04
1705325400000,1.09474,1.09528,1.09463,1.09497,2795.34
1705326300000,1.09496,1.09521,1.09483,1.09505,2112.46
1705327200000,1.09505,1.09519,1.09393,1.09398,3519.1
1705328100000,1.09399,1.09434,1.09385,1.09418,2435.66
1705329000000,1.09417,1.09439,1.09396,1.09427,2705.6
1705329900000,1.09426,1.09438,1.094,1.09433,2556.03
1705330800000,1.09433,1.09456,1.09381,1.0941,3217.61
1705331700000,1.0941,1.09467,1.09406,1.09452,3626.73
1705332600000,1.0945,1.0945,1.09381,1.09411,3504.43
1705333500000,1.09411,1.09508,1.09409,1.09496,3483.9
1705334400000,1.09497,1.09515,1.09475,1.09487,2472.86
1705335300000,1.09486,1.09523,1.09471,1.09523,1319.56
1705336200000,1.09523,1.09523,1.09466,1.09475,2703.35
1705337100000,1.09476,1.09501,1.09466,1.09472,1402.6
1705338000000,1.09472,1.09506,1.0946,1.09483,998.38
1705338900000,1.09485,1.09518,1.09485,1.09518,658.88
1705339800000,1.0952,1.09524,1.09502,1.09506,871.76
1705340700000,1.09507,1.09509,1.09468,1.09481,734.43
1705341600000,1.0948,1.09499,1.09477,1.09489,161.43
1705342500000,1.09489,1.09498,1.09485,1.09498,375.93
1705343400000,1.09498,1.095,1.09489,1.09498,103.14
1705344300000,1.09498,1.09528,1.09497,1.09528,132.65
1705345200000,1.09528,1.09536,1.09513,1.0952,278.64
1705346100000,1.09522,1.09532,1.09513,1.09526,772.16
1705347000000,1.09525,1.09525,1.09512,1.09514,358.85
1705347900000,1.09514,1.09518,1.09497,1.09504,594.18
1705348800000,1.09506,1.09509,1.09492,1.09493,390.78
1705349700000,1.09496,1.09503,1.09491,1.09501,235.35
1705350600000,1.09502,1.09506,1.09492,1.09505,566.96
1705351500000,1.09507,1.09517,1.09503,1.09517,384.55
1705352400000,1.09516,1.09517,1.09502,1.09506,162.26
1705353300000,1.09507,1.09515,1.09498,1.09508,282.59
1705354200000,1.09508,1.09513,1.09503,1.09503,124.98
1705355100000,1.09503,1.09507,1.09489,1.09494,248.65
1705356000000,1.09494,1.095,1.09454,1.09486,4001.47
1705356900000,1.09488,1.09497,1.09483,1.0949,4614.3
1705357800000,1.09491,1.09504,1.09486,1.09489,2312.3
1705358700000,1.09488,1.09499,1.09486,1.09488,1523.28
1705359600000,1.09493,1.0951,1.09474,1.09491,726.1
1705360500000,1.09492,1.09499,1.09469,1.0947,882.69
1705361400000,1.09471,1.09479,1.09458,1.09463,1660.84
1705362300000,1.09463,1.09468,1.09447,1.09449,1589.43
1705363200000,1.09447,1.09461,1.09436,1.09441,2098.35
1705364100000,1.09439,1.09445,1.09384,1.0939,1953.65
1705365000000,1.09389,1.09397,1.09304,1.0932,2384.99
1705365900000,1.0932,1.0932,1.09191,1.09196,3285.06
1705366800000,1.09197,1.09231,1.09154,1.09195,4547.08
1705367700000,1.09194,1.0923,1.09169,1.09229,3764.57
1705368600000,1.09229,1.09313,1.09225,1.093,3628.92
1705369500000,1.09299,1.09315,1.09265,1.09275,1677.57
1705370400000,1.09276,1.09276,1.09219,1.09264,2496.55
1705371300000,1.09264,1.09264,1.09232,1.0925,1773.1
1705372200000,1.09254,1.09265,1.09229,1.09245,2303.11
1705373100000,1.09245,1.09247,1.09215,1.09238,1843.68
1705374000000,1.09238,1.09253,1.09219,1.0922,1141.56
1705374900000,1.09221,1.09228,1.09191,1.09196,1340.64
1705375800000,1.09195,1.09195,1.09161,1.09181,1702.41
1705376700000,1.09182,1.09199,1.09181,1.09189,1312.53
1705377600000,1.09187,1.09198,1.09178,1.09196,1104.24
1705378500000,1.09195,1.092,1.09173,1.09175,870.82
1705379400000,1.09174,1.0918,1.09167,1.09169,735.04
1705380300000,1.09169,1.09176,1.09134,1.09175,1579.98
1705381200000,1.09175,1.09185,1.09148,1.09163,1679.18
1705382100000,1.09163,1.09181,1.09153,1.09169,1119.16
1705383000000,1.09168,1.09168,1.09126,1.0913,1240.54
1705383900000,1.09131,1.09154,1.09126,1.09153,2417.3
1705384800000,1.09153,1.09169,1.09127,1.09165,1392.58
1705385700000,1.09163,1.09185,1.0914,1.09184,2260.73
1705386600000,1.09183,1.09215,1.09175,1.09185,1659.63
1705387500000,1.09183,1.09209,1.0917,1.09172,2033.12
1705388400000,1.09176,1.09207,1.09115,1.09119,3900.11
1705389300000,1.09117,1.09135,1.09086,1.09123,3098.34
1705390200000,1.09123,1.09231,1.09122,1.09226,3324.7
1705391100000,1.09227,1.09265,1.09177,1.09184,3240.7599
1705392000000,1.09184,1.09184,1.09104,1.09129,7464.79
1705392900000,1.09129,1.09233,1.09109,1.09117,7681.46
1705393800000,1.09116,1.09137,1.08944,1.09012,8967.1301
1705394700000,1.09012,1.09068,1.09003,1.09046,6063.77
1705395600000,1.09045,1.09045,1.08909,1.08933,9228.25
1705396500000,1.08935,1.08969,1.08906,1.08957,5659.56
1705397400000,1.08957,1.08973,1.08841,1.0887,7832.24
1705398300000,1.08868,1.08895,1.08839,1.0886,4706.41
1705399200000,1.08864,1.08893,1.08829,1.08873,5220.0801
1705400100000,1.08872,1.08888,1.08841,1.08851,3226.08
1705401000000,1.08851,1.08864,1.08802,1.08832,3268.23
1705401900000,1.08832,1.08838,1.08792,1.08811,2936.18
1705402800000,1.08811,1.08837,1.08739,1.08756,4562.9901
1705403700000,1.08757,1.08877,1.08757,1.08877,3865.68
1705404600000,1.08877,1.08947,1.08869,1.08924,3344.12
1705405500000,1.08925,1.08943,1.08897,1.08922,5214.94
1705406400000,1.08923,1.08933,1.08869,1.08881,4378.41
1705407300000,1.0888,1.08917,1.08875,1.089,3610.08
1705408200000,1.08901,1.08924,1.08837,1.08849,4159.04
1705409100000,1.0885,1.08872,1.08844,1.08862,3524.25
1705410000000,1.08863,1.08882,1.08749,1.08776,5223.69
1705410900000,1.08777,1.08801,1.08746,1.08776,7371.56
1705411800000,1.08776,1.08979,1.08774,1.08927,15716.1698
1705412700000,1.08929,1.08938,1.08716,1.08741,11587.47
1705413600000,1.0874,1.08843,1.08712,1.08816,10028.89
1705414500000,1.08815,1.08892,1.08774,1.08845,8719.5901
1705415400000,1.08845,1.08874,1.08739,1.0874,12227.6399
1705416300000,1.08739,1.08757,1.08665,1.08724,10844.87
1705417200000,1.08726,1.08762,1.08656,1.08745,6752.41
1705418100000,1.08744,1.08879,1.0874,1.0885,4647.23
1705419000000,1.08849,1.08879,1.08779,1.0887,5983.62
1705419900000,1.0887,1.08882,1.08816,1.08857,5291.93
1705420800000,1.08856,1.08869,1.0862,1.08808,22296.87
1705421700000,1.08811,1.08946,1.08781,1.08883,14307.86
1705422600000,1.08883,1.08931,1.08772,1.0881,11673.1802
1705423500000,1.0881,1.08859,1.0878,1.08809,6566.08
1705424400000,1.0881,1.08828,1.08662,1.08662,6811.17
1705425300000,1.0866,1.08725,1.08646,1.08659,7099.29
1705426200000,1.08658,1.08732,1.08653,1.08689,4944.89
1705427100000,1.08688,1.0869,1.08628,1.08629,2693.21
1705428000000,1.08629,1.08668,1.08628,1.08666,3586.73
1705428900000,1.08666,1.08733,1.08665,1.08733,3274.13
1705429800000,1.08732,1.0877,1.08684,1.0869,2600.62
1705430700000,1.0869,1.08717,1.08666,1.08699,2835.9
1705431600000,1.087,1.08724,1.08677,1.08694,2827.93
1705432500000,1.08692,1.08712,1.0868,1.08693,3263.72
1705433400000,1.08694,1.08717,1.08683,1.08704,1689.68
1705434300000,1.08705,1.08747,1.08699,1.08736,1911.4
1705435200000,1.08737,1.08756,1.08724,1.0874,3381.69
1705436100000,1.08739,1.08745,1.08708,1.08709,3967.7101
1705437000000,1.08709,1.08718,1.087,1.08709,2848.63
1705437900000,1.0871,1.08724,1.08702,1.08714,1884.28
1705438800000,1.08716,1.08746,1.08714,1.08744,652.05
1705439700000,1.08744,1.08774,1.08744,1.08772,442.75
1705440600000,1.08773,1.08773,1.0874,1.08759,456.94
1705441500000,1.08757,1.0876,1.08745,1.08745,928.46
1705442400000,1.08744,1.08744,1.08721,1.08731,322.94
1705443300000,1.08733,1.08756,1.0873,1.08756,2181.14
1705444200000,1.08755,1.0877,1.08749,1.08759,574.53
1705445100000,1.08764,1.08771,1.08752,1.08757,1410.88
1705446000000,1.08754,1.08786,1.08749,1.08769,506.34
1705446900000,1.08769,1.08771,1.08769,1.08771,40.95
1705447800000,1.0877,1.08779,1.0876,1.08761,319.17
1705448700000,1.08762,1.08784,1.08758,1.08784,527.14
1705449600000,1.08786,1.08786,1.08747,1.08749,1904.11
1705450500000,1.08748,1.08751,1.08723,1.08744,1236.51
1705451400000,1.08746,1.08769,1.08743,1.08755,818.19
1705452300000,1.08757,1.08788,1.0875,1.08779,1426.76
1705453200000,1.08778,1.08788,1.08751,1.08784,1673.27
1705454100000,1.08786,1.08822,1.08764,1.08772,2528.25
1705455000000,1.08771,1.08776,1.08738,1.08755,2808.59
1705455900000,1.08757,1.08773,1.08733,1.08772,2171.21
1705456800000,1.08774,1.08844,1.08766,1.08805,1832.07
1705457700000,1.08805,1.08817,1.08751,1.08768,1759.95
1705458600000,1.08767,1.08773,1.08738,1.08754,1377.63
1705459500000,1.08753,1.08762,1.08745,1.08747,1212.53
1705460400000,1.08747,1.08747,1.08732,1.08732,1186.09
1705461300000,1.08733,1.08733,1.08663,1.08665,2982.95
1705462200000,1.08666,1.08684,1.08653,1.08655,2115.05
1705463100000,1.08655,1.08667,1.08651,1.08663,1556.19
1705464000000,1.08662,1.08674,1.08647,1.08673,1738.91
1705464900000,1.08674,1.08683,1.08658,1.08667,1213.29
1705465800000,1.08666,1.08683,1.08661,1.08683,1222.81
1705466700000,1.08682,1.08711,1.08681,1.08709,1222.73
1705467600000,1.08709,1.08721,1.08651,1.08653,1868.74
1705468500000,1.08653,1.08657,1.08628,1.08642,1919.9
1705469400000,1.08643,1.0865,1.0862,1.08621,2497.54
1705470300000,1.08622,1.08648,1.08607,1.08647,2703.65
1705471200000,1.08649,1.08649,1.08562,1.08576,3363.11
1705472100000,1.08577,1.08584,1.08561,1.08561,2414.04
1705473000000,1.08562,1.08619,1.08554,1.08604,2678.68
1705473900000,1.08603,1.08644,1.086,1.08623,2243.52
1705474800000,1.08625,1.08673,1.08594,1.08653,5904.17
1705475700000,1.08653,1.08735,1.08643,1.0869,3503.02
1705476600000,1.08689,1.08725,1.08586,1.08719,5985.85
1705477500000,1.0872,1.08737,1.08673,1.08701,4829.06
1705478400000,1.08701,1.08805,1.08701,1.08787,8885.33
1705479300000,1.08786,1.08814,1.08745,1.08793,6145.27
1705480200000,1.08796,1.08799,1.08709,1.08721,5149.83
1705481100000,1.0872,1.08727,1.08662,1.08667,5047.79
1705482000000,1.08668,1.08697,1.08636,1.08663,4540.27
1705482900000,1.08664,1.08692,1.08609,1.08627,5697.87
1705483800000,1.08626,1.08737,1.08626,1.08733,3833.22
1705484700000,1.08734,1.08786,1.08722,1.08766,3415.58
1705485600000,1.08764,1.08839,1.08761,1.08822,4084.07
1705486500000,1.08821,1.08829,1.08734,1.08739,5362.2
1705487400000,1.08738,1.08746,1.0867,1.08713,3656.96
1705488300000,1.08712,1.0874,1.08692,1.08717,3033.22
1705489200000,1.08719,1.08739,1.08697,1.08715,2448.77
1705490100000,1.08714,1.08775,1.08703,1.0875,3175.31
1705491000000,1.0875,1.0883,1.08744,1.08825,2199.25
1705491900000,1.08828,1.08831,1.08785,1.08785,2246.29
1705492800000,1.08785,1.08794,1.08756,1.08793,2455.08
1705493700000,1.08794,1.08813,1.08724,1.08735,3081.49
1705494600000,1.08734,1.08766,1.08713,1.0872,2471.44
1705495500000,1.0872,1.08759,1.08694,1.08743,2614
1705496400000,1.08744,1.08785,1.08696,1.08765,3574.54
1705497300000,1.08766,1.08769,1.08654,1.08701,6225.28
1705498200000,1.08701,1.08701,1.08512,1.08586,18437.3502
1705499100000,1.08587,1.08669,1.08549,1.08638,11155.1301
1705500000000,1.08639,1.08669,1.08605,1.08669,8884.0299
1705500900000,1.08669,1.08702,1.0863,1.08644,6298.84
1705501800000,1.08644,1.08682,1.08562,1.08573,9794.63
1705502700000,1.08572,1.08572,1.08477,1.08488,8424.0299
1705503600000,1.08488,1.08708,1.08465,1.08648,8584.7501
1705504500000,1.08647,1.08655,1.08528,1.08563,8490.23
1705505400000,1.08561,1.08638,1.08535,1.08543,8518.84
1705506300000,1.08544,1.08583,1.08445,1.0849,6617.65
1705507200000,1.08489,1.08646,1.08487,1.08574,6199.5501
1705508100000,1.08574,1.08613,1.08521,1.08526,5860.5201
1705509000000,1.08527,1.08602,1.08476,1.08591,5519.12
1705509900000,1.08592,1.08606,1.08528,1.08572,5541.49
1705510800000,1.08573,1.0864,1.08573,1.08631,3577.94
1705511700000,1.08633,1.08643,1.08588,1.08589,2806.85
1705512600000,1.08589,1.08645,1.08568,1.0862,4105.11
1705513500000,1.08619,1.087,1.08608,1.08669,3523.87
1705514400000,1.08671,1.08672,1.0862,1.08624,5157.13
1705515300000,1.08624,1.08624,1.08566,1.08585,3905.21
1705516200000,1.08585,1.08614,1.08565,1.08611,2453.17
1705517100000,1.08611,1.08673,1.08587,1.08657,2656.54
1705518000000,1.08657,1.08716,1.08657,1.08703,2108.24
1705518900000,1.08704,1.08745,1.08703,1.08713,1871.35
1705519800000,1.08714,1.08779,1.08706,1.08768,2251.95
1705520700000,1.08769,1.08787,1.08737,1.08738,3628.31
1705521600000,1.08737,1.08756,1.08714,1.08719,2739.53
1705522500000,1.08719,1.08742,1.08702,1.08728,3370.01
1705523400000,1.08728,1.0878,1.08728,1.08774,1844.94
1705524300000,1.08776,1.0882,1.08771,1.0881,1240.36
1705525200000,1.08809,1.08827,1.08808,1.08819,569.24
1705526100000,1.0882,1.08822,1.0881,1.08818,321.98
1705527000000,1.08819,1.08823,1.08809,1.08813,771.08
1705527900000,1.08813,1.08826,1.08812,1.08818,660.98
1705528800000,1.08816,1.08823,1.08801,1.08814,498.94
1705529700000,1.08813,1.08818,1.08807,1.08808,1245.1
1705530600000,1.08808,1.08821,1.08792,1.08799,747.85
1705531500000,1.08799,1.08829,1.08795,1.08803,5733.05
1705532400000,1.08804,1.08834,1.08804,1.08819,646.06
1705533300000,1.0882,1.08841,1.0882,1.08835,1321.39
1705534200000,1.08837,1.08839,1.08835,1.08838,271.17
1705535100000,1.08837,1.0886,1.08835,1.0886,690.19
1705536000000,1.08861,1.08864,1.08821,1.0883,1279.18
1705536900000,1.08833,1.08852,1.08814,1.08824,1886.77
1705537800000,1.08823,1.08851,1.08802,1.08849,2452.03
1705538700000,1.08849,1.08942,1.08849,1.08938,2171.92
1705539600000,1.08939,1.09008,1.08924,1.08979,4479.95
1705540500000,1.08979,1.08999,1.08953,1.08977,6169.3
1705541400000,1.08978,1.08997,1.08932,1.08933,4709.14
1705542300000,1.08934,1.08985,1.08923,1.0896,2016.59
1705543200000,1.08961,1.09,1.08958,1.08999,2298.32
1705544100000,1.08998,1.09028,1.08949,1.08959,2851.22
1705545000000,1.08958,1.08968,1.08944,1.08955,1722.56
1705545900000,1.08954,1.08954,1.0893,1.08933,1832.72
1705546800000,1.08932,1.08944,1.08905,1.08914,2216.96
1705547700000,1.08914,1.0898,1.08912,1.08957,2498.79
1705548600000,1.08958,1.08978,1.08941,1.08965,1381.34
1705549500000,1.08966,1.08969,1.08939,1.08954,1250.67
1705550400000,1.08953,1.08957,1.08935,1.08935,1032.06
1705551300000,1.08934,1.08948,1.08911,1.08942,1546.98
1705552200000,1.08943,1.08946,1.0892,1.08937,1265.16
1705553100000,1.08936,1.08963,1.08933,1.08941,1534.66
1705554000000,1.0894,1.08961,1.08912,1.08915,1615.46
1705554900000,1.08914,1.08934,1.08914,1.08919,1494.57
1705555800000,1.08918,1.08953,1.08904,1.08939,1809.87
1705556700000,1.08939,1.08959,1.08924,1.08947,2299.74
1705557600000,1.08948,1.09063,1.08947,1.09016,2261.09
1705558500000,1.09014,1.0906,1.09012,1.0905,2505.76
1705559400000,1.09051,1.09056,1.09026,1.09035,1874.47
1705560300000,1.09034,1.09067,1.09025,1.09039,2532.45
1705561200000,1.0904,1.09063,1.09002,1.09006,2862.57
1705562100000,1.09005,1.09029,1.08952,1.0896,4033.64
1705563000000,1.08961,1.08961,1.08905,1.08935,4341.56
1705563900000,1.08935,1.08965,1.08863,1.08881,3432.77
1705564800000,1.08878,1.08889,1.08796,1.08805,6425.1801
1705565700000,1.08804,1.08862,1.08786,1.08853,4141.05
1705566600000,1.08852,1.08854,1.08775,1.08793,3440.11
1705567500000,1.08794,1.08846,1.08786,1.08797,3688.46
1705568400000,1.08797,1.08852,1.08766,1.0885,4932.6
1705569300000,1.08849,1.08947,1.0884,1.08941,3950.94
1705570200000,1.0894,1.08995,1.08926,1.08939,4363.97
1705571100000,1.08938,1.08942,1.08839,1.08845,4407.33
1705572000000,1.08845,1.08926,1.08828,1.08898,3954.16
1705572900000,1.08897,1.08906,1.08875,1.08906,2622.6
1705573800000,1.08906,1.0892,1.08875,1.08901,2523.46
1705574700000,1.089,1.08959,1.08889,1.08949,2451.91
1705575600000,1.08948,1.08953,1.08877,1.08877,3139.44
1705576500000,1.08875,1.08908,1.08864,1.08903,2192.47
1705577400000,1.08903,1.08908,1.08863,1.08877,2395.69
1705578300000,1.08876,1.08893,1.08846,1.08891,2460.95
1705579200000,1.0889,1.08939,1.08881,1.08889,4204.03
1705580100000,1.08888,1.08899,1.08861,1.08865,2736.71
1705581000000,1.08865,1.08865,1.08779,1.08786,3944.89
1705581900000,1.08786,1.08798,1.08746,1.08774,4072.97
1705582800000,1.08774,1.08775,1.08713,1.0872,5112.4799
1705583700000,1.08721,1.08735,1.08659,1.08665,5998.0101
1705584600000,1.08669,1.08743,1.08524,1.08563,14182.1
1705585500000,1.08562,1.08655,1.08504,1.08524,10441.59
1705586400000,1.08523,1.08688,1.08518,1.08652,8109.14
1705587300000,1.08652,1.08653,1.0855,1.08639,9545.6701
1705588200000,1.08637,1.08683,1.08503,1.08503,15989.6201
1705589100000,1.08504,1.08598,1.08492,1.08594,13076.0199
1705590000000,1.08595,1.0863,1.0853,1.08608,13741.3602
1705590900000,1.08609,1.08671,1.0856,1.08606,10144.14
1705591800000,1.08607,1.0868,1.08586,1.08651,7889.69
1705592700000,1.08654,1.08656,1.08466,1.08521,10512.71
1705593600000,1.08519,1.0861,1.08504,1.08604,9052.36
1705594500000,1.08604,1.08679,1.086,1.08677,7320.54
1705595400000,1.08678,1.08701,1.08634,1.08643,5856.9799
1705596300000,1.08643,1.08664,1.08599,1.08618,5708.99
1705597200000,1.08617,1.08617,1.08501,1.08554,7286.3
1705598100000,1.08555,1.08597,1.08553,1.08589,3674.32
1705599000000,1.08589,1.08633,1.08556,1.08632,1630.77
1705599900000,1.08633,1.08644,1.08589,1.08596,2653.9
1705600800000,1.08591,1.08602,1.08545,1.08563,3703.22
1705601700000,1.08561,1.08603,1.08542,1.08587,4607.41
1705602600000,1.08586,1.08627,1.08573,1.0862,2232.25
1705603500000,1.0862,1.08658,1.08603,1.08637,2892.22
1705604400000,1.08636,1.08681,1.08623,1.08659,3521.65
1705605300000,1.08659,1.0868,1.08624,1.08677,4153.53
1705606200000,1.08676,1.08691,1.08615,1.08621,4848.35
1705607100000,1.0862,1.0865,1.08601,1.08617,2059.16
1705608000000,1.08617,1.08659,1.08607,1.08637,2801.09
1705608900000,1.08636,1.0867,1.08635,1.08665,2106.6
1705609800000,1.08665,1.0868,1.08641,1.08649,2129.78
1705610700000,1.08649,1.08694,1.08637,1.0869,2787.69
1705611600000,1.08689,1.08718,1.08684,1.08718,979.67
1705612500000,1.08719,1.08752,1.08719,1.08741,1043.54
1705613400000,1.08742,1.08773,1.08741,1.08764,976.28
1705614300000,1.08763,1.08764,1.08744,1.08757,1041.22
1705615200000,1.08757,1.08757,1.087,1.08729,574.4775
1705616100000,1.08729,1.08754,1.08715,1.0875,633.95
1705617000000,1.08749,1.08759,1.08736,1.0874,1711
1705617900000,1.0874,1.0876,1.08709,1.08722,852.3
1705618800000,1.08724,1.08789,1.08724,1.08784,369.81
1705619700000,1.08783,1.08789,1.08774,1.08774,457.19
1705620600000,1.08772,1.08772,1.08747,1.08759,480.99
1705621500000,1.0876,1.08804,1.08756,1.08799,623.65
1705622400000,1.088,1.08803,1.08777,1.08792,952.12
1705623300000,1.08792,1.08814,1.08787,1.08807,1153.65
1705624200000,1.08809,1.08817,1.08785,1.08797,1649.1
1705625100000,1.08797,1.08813,1.08783,1.08798,1635.49
1705626000000,1.08799,1.08806,1.08762,1.088,1538.04
1705626900000,1.08801,1.08814,1.08771,1.08798,1839.35
1705627800000,1.08799,1.08873,1.08798,1.08865,1443.3
1705628700000,1.08866,1.08871,1.08837,1.08855,1285.93
1705629600000,1.08854,1.08865,1.0884,1.08852,1792.44
1705630500000,1.0885,1.08887,1.08826,1.08884,1646.52
1705631400000,1.08884,1.0889,1.08865,1.08878,2174.49
1705632300000,1.08878,1.08896,1.0887,1.08881,1645.4
1705633200000,1.08882,1.08888,1.08875,1.0888,1846.27
1705634100000,1.0888,1.08893,1.08872,1.08873,1292.98
1705635000000,1.08874,1.08874,1.08854,1.08869,1459.14
1705635900000,1.0887,1.0889,1.08865,1.08889,869.06
1705636800000,1.0889,1.08894,1.08872,1.08873,1386.86
1705637700000,1.08875,1.08878,1.08853,1.08863,953.92
1705638600000,1.08864,1.08881,1.08862,1.08879,464.45
1705639500000,1.0888,1.08881,1.08864,1.08864,861.4
1705640400000,1.08865,1.0887,1.08852,1.08868,1647.95
1705641300000,1.08869,1.0887,1.08837,1.08843,1363.88
1705642200000,1.08843,1.08848,1.08795,1.08813,2420.12
1705643100000,1.08813,1.0882,1.088,1.08808,1558.7
1705644000000,1.08809,1.08809,1.08785,1.08796,2631.52
1705644900000,1.08797,1.08816,1.08765,1.08773,1823.63
1705645800000,1.08773,1.08795,1.08754,1.08789,2164.67
1705646700000,1.08789,1.08822,1.08784,1.08809,1780.19
1705647600000,1.08809,1.08828,1.08745,1.08764,4612
1705648500000,1.08765,1.08804,1.08762,1.08784,2941.66
1705649400000,1.08785,1.08862,1.08778,1.08856,2277.75
1705650300000,1.08855,1.08855,1.08787,1.08794,2367.23
1705651200000,1.08793,1.08818,1.08767,1.08794,3421.37
1705652100000,1.08793,1.08794,1.08714,1.08724,3688.96
1705653000000,1.08724,1.08737,1.08681,1.08702,2976.88
1705653900000,1.08701,1.08793,1.0869,1.08771,3273.16
1705654800000,1.08771,1.08775,1.08714,1.08761,4377.93
1705655700000,1.0876,1.08846,1.0876,1.08839,2686.14
1705656600000,1.0884,1.08841,1.08761,1.08763,3895.3
1705657500000,1.08762,1.08849,1.08758,1.08829,2367.04
1705658400000,1.08827,1.08849,1.08755,1.08759,4702.06
1705659300000,1.0876,1.08784,1.0875,1.08752,2397.75
1705660200000,1.08752,1.08806,1.0873,1.08785,2519.92
1705661100000,1.08785,1.08826,1.08783,1.08808,2055.17
1705662000000,1.08809,1.08874,1.08791,1.08868,1712.34
1705662900000,1.08867,1.08896,1.08843,1.08889,2403.06
1705663800000,1.0889,1.0893,1.08861,1.08872,2655.73
1705664700000,1.08871,1.08887,1.08852,1.08873,2362.99
1705665600000,1.08873,1.0888,1.08815,1.08833,3222.26
1705666500000,1.08834,1.08839,1.08805,1.08831,1519.23
1705667400000,1.08832,1.08851,1.08821,1.08827,1782.21
1705668300000,1.08825,1.08851,1.088,1.08826,2455.04
1705669200000,1.08825,1.08876,1.08813,1.08854,3553.33
1705670100000,1.08855,1.08887,1.08828,1.08849,3734.2
1705671000000,1.08848,1.08896,1.08754,1.08776,7542.68
1705671900000,1.08777,1.08818,1.08775,1.08805,3945.67
1705672800000,1.08806,1.08837,1.0877,1.08775,4811.8701
1705673700000,1.08775,1.08789,1.08731,1.08736,5721.61
1705674600000,1.08736,1.08802,1.08656,1.08706,8577.26
1705675500000,1.08705,1.08803,1.08702,1.08801,5903.59
1705676400000,1.08798,1.089,1.08697,1.08728,14025.4399
1705677300000,1.08729,1.08787,1.08714,1.0878,8361.84
1705678200000,1.08778,1.08823,1.08724,1.08818,6912.94
1705679100000,1.08818,1.08843,1.08752,1.08825,7578.6501
1705680000000,1.08824,1.08873,1.08806,1.08824,5392.32
1705680900000,1.08824,1.08871,1.08815,1.08863,4271.06
1705681800000,1.08864,1.08879,1.08822,1.08829,4112.13
1705682700000,1.08828,1.08874,1.0881,1.08866,4851.96
1705683600000,1.08867,1.08876,1.088,1.08818,4807.76
1705684500000,1.08819,1.089,1.08815,1.08898,3419.44
1705685400000,1.08897,1.08933,1.08876,1.08903,5471.76
1705686300000,1.08902,1.08903,1.08844,1.08896,5006.98
1705687200000,1.08896,1.08924,1.08859,1.08917,2358.54
1705688100000,1.08921,1.08963,1.0892,1.08934,1575.94
1705689000000,1.08934,1.08939,1.08897,1.0891,1633.07
1705689900000,1.08911,1.08924,1.0889,1.0892,918.66
1705690800000,1.08921,1.08947,1.08917,1.08936,2212.5
1705691700000,1.08935,1.08935,1.08884,1.08894,1905.32
1705692600000,1.08895,1.08921,1.0888,1.08911,2672.52
1705693500000,1.0891,1.08942,1.08901,1.08922,2118.89
1705694400000,1.08924,1.08953,1.08917,1.08919,1935.04
1705695300000,1.0892,1.08932,1.08899,1.08917,1687.38
1705696200000,1.08919,1.08939,1.08909,1.08923,1774.26
1705697100000,1.08924,1.08957,1.08923,1.0895,1270.59
1705698000000,1.08948,1.08968,1.08947,1.0895,1673.58
1705698900000,1.0895,1.08951,1.08937,1.08948,1794.3
1705699800000,1.08947,1.08969,1.08943,1.08967,1748.45
1705700700000,1.08967,1.08983,1.0896,1.0896,1252.42
1705701600000,1.0896,1.0896,1.0896,1.0896,0
1705702500000,1.0896,1.0896,1.0896,1.0896,0
1705703400000,1.0896,1.0896,1.0896,1.0896,0
1705704300000,1.0896,1.0896,1.0896,1.0896,0
1705705200000,1.0896,1.0896,1.0896,1.0896,0
1705706100000,1.0896,1.0896,1.0896,1.0896,0
1705707000000,1.0896,1.0896,1.0896,1.0896,0
1705707900000,1.0896,1.0896,1.0896,1.0896,0
1705708800000,1.0896,1.0896,1.0896,1.0896,0
1705709700000,1.0896,1.0896,1.0896,1.0896,0
1705710600000,1.0896,1.0896,1.0896,1.0896,0
1705711500000,1.0896,1.0896,1.0896,1.0896,0
1705712400000,1.0896,1.0896,1.0896,1.0896,0
1705713300000,1.0896,1.0896,1.0896,1.0896,0
1705714200000,1.0896,1.0896,1.0896,1.0896,0
1705715100000,1.0896,1.0896,1.0896,1.0896,0
1705716000000,1.0896,1.0896,1.0896,1.0896,0
1705716900000,1.0896,1.0896,1.0896,1.0896,0
1705717800000,1.0896,1.0896,1.0896,1.0896,0
1705718700000,1.0896,1.0896,1.0896,1.0896,0
1705719600000,1.0896,1.0896,1.0896,1.0896,0
1705720500000,1.0896,1.0896,1.0896,1.0896,0
1705721400000,1.0896,1.0896,1.0896,1.0896,0
1705722300000,1.0896,1.0896,1.0896,1.0896,0
1705723200000,1.0896,1.0896,1.0896,1.0896,0
1705724100000,1.0896,1.0896,1.0896,1.0896,0
1705725000000,1.0896,1.0896,1.0896,1.0896,0
1705725900000,1.0896,1.0896,1.0896,1.0896,0
1705726800000,1.0896,1.0896,1.0896,1.0896,0
1705727700000,1.0896,1.0896,1.0896,1.0896,0
1705728600000,1.0896,1.0896,1.0896,1.0896,0
1705729500000,1.0896,1.0896,1.0896,1.0896,0
1705730400000,1.0896,1.0896,1.0896,1.0896,0
1705731300000,1.0896,1.0896,1.0896,1.0896,0
1705732200000,1.0896,1.0896,1.0896,1.0896,0
1705733100000,1.0896,1.0896,1.0896,1.0896,0
1705734000000,1.0896,1.0896,1.0896,1.0896,0
1705734900000,1.0896,1.0896,1.0896,1.0896,0
1705735800000,1.0896,1.0896,1.0896,1.0896,0
1705736700000,1.0896,1.0896,1.0896,1.0896,0
1705737600000,1.0896,1.0896,1.0896,1.0896,0
1705738500000,1.0896,1.0896,1.0896,1.0896,0
1705739400000,1.0896,1.0896,1.0896,1.0896,0
1705740300000,1.0896,1.0896,1.0896,1.0896,0
1705741200000,1.0896,1.0896,1.0896,1.0896,0
1705742100000,1.0896,1.0896,1.0896,1.0896,0
1705743000000,1.0896,1.0896,1.0896,1.0896,0
1705743900000,1.0896,1.0896,1.0896,1.0896,0
1705744800000,1.0896,1.0896,1.0896,1.0896,0
1705745700000,1.0896,1.0896,1.0896,1.0896,0
1705746600000,1.0896,1.0896,1.0896,1.0896,0
1705747500000,1.0896,1.0896,1.0896,1.0896,0
1705748400000,1.0896,1.0896,1.0896,1.0896,0
1705749300000,1.0896,1.0896,1.0896,1.0896,0
1705750200000,1.0896,1.0896,1.0896,1.0896,0
1705751100000,1.0896,1.0896,1.0896,1.0896,0
1705752000000,1.0896,1.0896,1.0896,1.0896,0
1705752900000,1.0896,1.0896,1.0896,1.0896,0
1705753800000,1.0896,1.0896,1.0896,1.0896,0
1705754700000,1.0896,1.0896,1.0896,1.0896,0
1705755600000,1.0896,1.0896,1.0896,1.0896,0
1705756500000,1.0896,1.0896,1.0896,1.0896,0
1705757400000,1.0896,1.0896,1.0896,1.0896,0
1705758300000,1.0896,1.0896,1.0896,1.0896,0
1705759200000,1.0896,1.0896,1.0896,1.0896,0
1705760100000,1.0896,1.0896,1.0896,1.0896,0
1705761000000,1.0896,1.0896,1.0896,1.0896,0
1705761900000,1.0896,1.0896,1.0896,1.0896,0
1705762800000,1.0896,1.0896,1.0896,1.0896,0
1705763700000,1.0896,1.0896,1.0896,1.0896,0
1705764600000,1.0896,1.0896,1.0896,1.0896,0
1705765500000,1.0896,1.0896,1.0896,1.0896,0
1705766400000,1.0896,1.0896,1.0896,1.0896,0
1705767300000,1.0896,1.0896,1.0896,1.0896,0
1705768200000,1.0896,1.0896,1.0896,1.0896,0
1705769100000,1.0896,1.0896,1.0896,1.0896,0
1705770000000,1.0896,1.0896,1.0896,1.0896,0
1705770900000,1.0896,1.0896,1.0896,1.0896,0
1705771800000,1.0896,1.0896,1.0896,1.0896,0
1705772700000,1.0896,1.0896,1.0896,1.0896,0
1705773600000,1.0896,1.0896,1.0896,1.0896,0
1705774500000,1.0896,1.0896,1.0896,1.0896,0
1705775400000,1.0896,1.0896,1.0896,1.0896,0
1705776300000,1.0896,1.0896,1.0896,1.0896,0
1705777200000,1.0896,1.0896,1.0896,1.0896,0
1705778100000,1.0896,1.0896,1.0896,1.0896,0
1705779000000,1.0896,1.0896,1.0896,1.0896,0
1705779900000,1.0896,1.0896,1.0896,1.0896,0
1705780800000,1.0896,1.0896,1.0896,1.0896,0
1705781700000,1.0896,1.0896,1.0896,1.0896,0
1705782600000,1.0896,1.0896,1.0896,1.0896,0
1705783500000,1.0896,1.0896,1.0896,1.0896,0
1705784400000,1.0896,1.0896,1.0896,1.0896,0
1705785300000,1.0896,1.0896,1.0896,1.0896,0
1705786200000,1.0896,1.0896,1.0896,1.0896,0
1705787100000,1.0896,1.0896,1.0896,1.0896,0
1705788000000,1.0896,1.0896,1.0896,1.0896,0
1705788900000,1.0896,1.0896,1.0896,1.0896,0
1705789800000,1.0896,1.0896,1.0896,1.0896,0
1705790700000,1.0896,1.0896,1.0896,1.0896,0
1705791600000,1.0896,1.0896,1.0896,1.0896,0
1705792500000,1.0896,1.0896,1.0896,1.0896,0
1705793400000,1.0896,1.0896,1.0896,1.0896,0
1705794300000,1.0896,1.0896,1.0896,1.0896,0
1705795200000,1.0896,1.0896,1.0896,1.0896,0
1705796100000,1.0896,1.0896,1.0896,1.0896,0
1705797000000,1.0896,1.0896,1.0896,1.0896,0
1705797900000,1.0896,1.0896,1.0896,1.0896,0
1705798800000,1.0896,1.0896,1.0896,1.0896,0
1705799700000,1.0896,1.0896,1.0896,1.0896,0
1705800600000,1.0896,1.0896,1.0896,1.0896,0
1705801500000,1.0896,1.0896,1.0896,1.0896,0
1705802400000,1.0896,1.0896,1.0896,1.0896,0
1705803300000,1.0896,1.0896,1.0896,1.0896,0
1705804200000,1.0896,1.0896,1.0896,1.0896,0
1705805100000,1.0896,1.0896,1.0896,1.0896,0
1705806000000,1.0896,1.0896,1.0896,1.0896,0
1705806900000,1.0896,1.0896,1.0896,1.0896,0
1705807800000,1.0896,1.0896,1.0896,1.0896,0
1705808700000,1.0896,1.0896,1.0896,1.0896,0
1705809600000,1.0896,1.0896,1.0896,1.0896,0
1705810500000,1.0896,1.0896,1.0896,1.0896,0
1705811400000,1.0896,1.0896,1.0896,1.0896,0
1705812300000,1.0896,1.0896,1.0896,1.0896,0
1705813200000,1.0896,1.0896,1.0896,1.0896,0
1705814100000,1.0896,1.0896,1.0896,1.0896,0
1705815000000,1.0896,1.0896,1.0896,1.0896,0
1705815900000,1.0896,1.0896,1.0896,1.0896,0
1705816800000,1.0896,1.0896,1.0896,1.0896,0
1705817700000,1.0896,1.0896,1.0896,1.0896,0
1705818600000,1.0896,1.0896,1.0896,1.0896,0
1705819500000,1.0896,1.0896,1.0896,1.0896,0
1705820400000,1.0896,1.0896,1.0896,1.0896,0
1705821300000,1.0896,1.0896,1.0896,1.0896,0
1705822200000,1.0896,1.0896,1.0896,1.0896,0
1705823100000,1.0896,1.0896,1.0896,1.0896,0
1705824000000,1.0896,1.0896,1.0896,1.0896,0
1705824900000,1.0896,1.0896,1.0896,1.0896,0
1705825800000,1.0896,1.0896,1.0896,1.0896,0
1705826700000,1.0896,1.0896,1.0896,1.0896,0
1705827600000,1.0896,1.0896,1.0896,1.0896,0
1705828500000,1.0896,1.0896,1.0896,1.0896,0
1705829400000,1.0896,1.0896,1.0896,1.0896,0
1705830300000,1.0896,1.0896,1.0896,1.0896,0
1705831200000,1.0896,1.0896,1.0896,1.0896,0
1705832100000,1.0896,1.0896,1.0896,1.0896,0
1705833000000,1.0896,1.0896,1.0896,1.0896,0
1705833900000,1.0896,1.0896,1.0896,1.0896,0
1705834800000,1.0896,1.0896,1.0896,1.0896,0
1705835700000,1.0896,1.0896,1.0896,1.0896,0
1705836600000,1.0896,1.0896,1.0896,1.0896,0
1705837500000,1.0896,1.0896,1.0896,1.0896,0
1705838400000,1.0896,1.0896,1.0896,1.0896,0
1705839300000,1.0896,1.0896,1.0896,1.0896,0
1705840200000,1.0896,1.0896,1.0896,1.0896,0
1705841100000,1.0896,1.0896,1.0896,1.0896,0
1705842000000,1.0896,1.0896,1.0896,1.0896,0
1705842900000,1.0896,1.0896,1.0896,1.0896,0
1705843800000,1.0896,1.0896,1.0896,1.0896,0
1705844700000,1.0896,1.0896,1.0896,1.0896,0
1705845600000,1.0896,1.0896,1.0896,1.0896,0
1705846500000,1.0896,1.0896,1.0896,1.0896,0
1705847400000,1.0896,1.0896,1.0896,1.0896,0
1705848300000,1.0896,1.0896,1.0896,1.0896,0
1705849200000,1.0896,1.0896,1.0896,1.0896,0
1705850100000,1.0896,1.0896,1.0896,1.0896,0
1705851000000,1.0896,1.0896,1.0896,1.0896,0
1705851900000,1.0896,1.0896,1.0896,1.0896,0
1705852800000,1.0896,1.0896,1.0896,1.0896,0
1705853700000,1.0896,1.0896,1.0896,1.0896,0
1705854600000,1.0896,1.0896,1.0896,1.0896,0
1705855500000,1.0896,1.0896,1.0896,1.0896,0
1705856400000,1.0896,1.0896,1.0896,1.0896,0
1705857300000,1.0896,1.0896,1.0896,1.0896,0
1705858200000,1.0896,1.0896,1.0896,1.0896,0
1705859100000,1.0896,1.0896,1.0896,1.0896,0
1705860000000,1.0896,1.0896,1.0896,1.0896,0
1705860900000,1.0896,1.0896,1.0896,1.0896,0
1705861800000,1.0896,1.0896,1.0896,1.0896,0
1705862700000,1.0896,1.0896,1.0896,1.0896,0
1705863600000,1.0896,1.0896,1.0896,1.0896,0
1705864500000,1.0896,1.0896,1.0896,1.0896,0
1705865400000,1.0896,1.0896,1.0896,1.0896,0
1705866300000,1.0896,1.0896,1.0896,1.0896,0
1705867200000,1.0896,1.0896,1.0896,1.0896,0
1705868100000,1.0896,1.0896,1.0896,1.0896,0
1705869000000,1.0896,1.0896,1.0896,1.0896,0
1705869900000,1.0896,1.0896,1.0896,1.0896,0
1705870800000,1.0896,1.0896,1.0896,1.0896,0
1705871700000,1.0896,1.0896,1.0896,1.0896,0
1705872600000,1.0896,1.0896,1.0896,1.0896,0
1705873500000,1.0896,1.0896,1.0896,1.0896,0
1705874400000,1.08906,1.08925,1.08887,1.08902,119.52
1705875300000,1.08903,1.08959,1.08894,1.08936,261.43
1705876200000,1.08936,1.08947,1.08878,1.08932,1273.27
1705877100000,1.08933,1.08945,1.08916,1.08924,700.2
1705878000000,1.08918,1.08976,1.08917,1.08955,1101.1
1705878900000,1.08954,1.08958,1.08907,1.0891,473.94
1705879800000,1.0891,1.08933,1.08904,1.08909,584.05
1705880700000,1.08909,1.08922,1.08906,1.0892,632.49
1705881600000,1.0892,1.08962,1.08916,1.08953,872.64
1705882500000,1.08955,1.08962,1.08912,1.08919,1208.22
1705883400000,1.08918,1.08975,1.08917,1.0897,1741.83
1705884300000,1.08969,1.09014,1.08967,1.09011,1714.72
1705885200000,1.09012,1.0905,1.09002,1.09043,2663.22
1705886100000,1.09043,1.09043,1.08987,1.09004,2443.22
1705887000000,1.09002,1.09025,1.08998,1.09025,1390.15
1705887900000,1.09025,1.09047,1.0901,1.09018,1591.68
1705888800000,1.09018,1.09035,1.08996,1.09029,1442.92
1705889700000,1.09033,1.09091,1.09028,1.09078,1529.24
1705890600000,1.09079,1.09079,1.09053,1.09069,1186.87
1705891500000,1.0907,1.09084,1.09061,1.09072,1615.49
1705892400000,1.09073,1.09077,1.09044,1.09049,1326.7
1705893300000,1.09048,1.09055,1.09035,1.0904,1619.87
1705894200000,1.0904,1.0906,1.09021,1.09029,1361.68
1705895100000,1.09031,1.09034,1.09013,1.09019,1169.93
1705896000000,1.09021,1.09045,1.09015,1.09044,863.79
1705896900000,1.09043,1.09044,1.09014,1.09034,759.39
1705897800000,1.09033,1.09033,1.09009,1.09019,1243.17
1705898700000,1.09019,1.09032,1.09008,1.09028,814.86
1705899600000,1.09029,1.09045,1.09013,1.09035,1062.66
1705900500000,1.09035,1.09035,1.09,1.09004,1107.03
1705901400000,1.09003,1.09029,1.08994,1.09009,882.03
1705902300000,1.0901,1.09017,1.08985,1.09014,1854.68
1705903200000,1.09015,1.09049,1.09013,1.0902,2292.33
1705904100000,1.09019,1.09088,1.09019,1.09084,1582.58
1705905000000,1.09084,1.09094,1.0903,1.0904,2251.52
1705905900000,1.0904,1.0907,1.09035,1.09048,1899.68
1705906800000,1.09047,1.0905,1.09011,1.09034,2792.68
1705907700000,1.09034,1.09079,1.09024,1.09025,2871.21
1705908600000,1.09025,1.09043,1.08973,1.09025,2754.03
1705909500000,1.09024,1.09035,1.08972,1.08977,3157.65
1705910400000,1.08975,1.08987,1.08906,1.08943,4485.47
1705911300000,1.08943,1.09008,1.08922,1.08989,4184.12
1705912200000,1.08989,1.08989,1.08893,1.08893,4724.2999
1705913100000,1.08893,1.08934,1.0887,1.08917,3133.03
1705914000000,1.08916,1.08957,1.08898,1.08945,3968.08
1705914900000,1.08944,1.09023,1.08941,1.08966,3113.1
1705915800000,1.08967,1.08967,1.08936,1.08954,2852.55
1705916700000,1.08954,1.08994,1.08923,1.08969,2627.8
1705917600000,1.08969,1.08969,1.0892,1.08944,3062.61
1705918500000,1.08943,1.08944,1.08888,1.08898,2871.68
1705919400000,1.08897,1.08919,1.08873,1.08899,2088.98
1705920300000,1.08898,1.08901,1.08858,1.08867,3303.12
1705921200000,1.08867,1.08897,1.08849,1.08892,3429.66
1705922100000,1.08892,1.08901,1.08815,1.08836,3405.51
1705923000000,1.08837,1.08894,1.08833,1.08877,2543.5
1705923900000,1.08877,1.08904,1.08874,1.08898,1484.76
1705924800000,1.08899,1.08955,1.08881,1.08945,2458.21
1705925700000,1.08945,1.08983,1.0893,1.08967,3612.2301
1705926600000,1.08966,1.08995,1.08926,1.08976,3309.09
1705927500000,1.08977,1.08981,1.08894,1.08925,4142.68
1705928400000,1.08925,1.08947,1.08845,1.08859,5005.91
1705929300000,1.0886,1.08896,1.08829,1.08881,5421.0799
1705930200000,1.08881,1.08881,1.088,1.0884,5235.88
1705931100000,1.0884,1.08952,1.08835,1.08915,4051.06
1705932000000,1.08917,1.0892,1.08856,1.08894,4275.67
1705932900000,1.08894,1.08917,1.08871,1.08913,3407.75
1705933800000,1.08912,1.08963,1.08853,1.08889,7185.48
1705934700000,1.08889,1.08935,1.08876,1.08897,7012.86
1705935600000,1.08896,1.08962,1.08869,1.08955,2886.35
1705936500000,1.08955,1.08981,1.0894,1.08947,1973.53
1705937400000,1.08947,1.08951,1.08857,1.08864,3195.33
1705938300000,1.08866,1.08893,1.08824,1.08852,5948.19
1705939200000,1.08851,1.08871,1.08819,1.08866,3893.07
1705940100000,1.08865,1.08922,1.08857,1.08908,2566.66
1705941000000,1.08909,1.08914,1.08866,1.08876,3135.79
1705941900000,1.08876,1.08943,1.08874,1.08938,2386.82
1705942800000,1.08938,1.08948,1.08906,1.08947,1804.03
1705943700000,1.08947,1.08979,1.08937,1.08978,1714.37
1705944600000,1.0898,1.09,1.08972,1.08987,1839.95
1705945500000,1.08987,1.08998,1.08963,1.08964,1483.65
1705946400000,1.08963,1.08963,1.08912,1.08938,3035.63
1705947300000,1.08941,1.08948,1.08854,1.08858,2981.83
1705948200000,1.08856,1.08878,1.08838,1.08861,2797.88
1705949100000,1.0886,1.08903,1.08852,1.08901,2208.19
1705950000000,1.089,1.08911,1.08837,1.0884,1786.97
1705950900000,1.0884,1.0884,1.08803,1.08804,2301.43
1705951800000,1.08803,1.08883,1.08803,1.08855,1903.8
1705952700000,1.08854,1.08863,1.08839,1.08847,1777.89
1705953600000,1.08849,1.08854,1.08803,1.0882,2334.78
1705954500000,1.08819,1.08838,1.08814,1.08834,1965.91
1705955400000,1.08834,1.08852,1.08826,1.0883,1453.04
1705956300000,1.0883,1.08844,1.08815,1.08841,1262.86
1705957200000,1.08841,1.08849,1.08824,1.08828,576.42
1705958100000,1.08827,1.08837,1.08821,1.08823,881.25
1705959000000,1.08821,1.08833,1.08815,1.08829,624.27
1705959900000,1.0883,1.0883,1.08816,1.08819,1046.15
1705960800000,1.08816,1.08832,1.088,1.08825,556.13
1705961700000,1.08825,1.08846,1.08814,1.08827,3009.31
1705962600000,1.08827,1.08836,1.08818,1.0882,4918.9699
1705963500000,1.08821,1.08834,1.08798,1.08811,1136.7
1705964400000,1.0881,1.08816,1.08787,1.08809,1231.39
1705965300000,1.08809,1.0881,1.08793,1.08798,409.83
1705966200000,1.08798,1.08806,1.08795,1.08798,342.42
1705967100000,1.088,1.088,1.08768,1.08772,995.51
1705968000000,1.08776,1.08785,1.08756,1.08778,724.56
1705968900000,1.08778,1.08792,1.08771,1.08788,969.59
1705969800000,1.08789,1.08813,1.08789,1.08812,767.39
1705970700000,1.08812,1.08839,1.08806,1.08831,940.99
1705971600000,1.08831,1.08839,1.08808,1.0881,981.88
1705972500000,1.08809,1.08809,1.0878,1.08791,1131.35
1705973400000,1.08788,1.08804,1.08766,1.08787,1673.08
1705974300000,1.08787,1.08885,1.08786,1.08883,2084.8
1705975200000,1.08883,1.08899,1.08848,1.08878,4078.06
1705976100000,1.08877,1.0892,1.08874,1.08918,2892.0499
1705977000000,1.08919,1.08939,1.08919,1.0893,1502.56
1705977900000,1.0893,1.08936,1.08866,1.08873,1773.27
1705978800000,1.08875,1.08883,1.08853,1.08863,3057.12
1705979700000,1.08865,1.08904,1.0886,1.08886,1976.02
1705980600000,1.08885,1.0894,1.08885,1.08921,1845.16
1705981500000,1.08922,1.08949,1.08917,1.08927,2107.56
1705982400000,1.08928,1.08959,1.08916,1.08954,1554.68
1705983300000,1.08954,1.08959,1.08931,1.08936,807.66
1705984200000,1.08937,1.08951,1.08936,1.08944,1058.11
1705985100000,1.08944,1.08986,1.08943,1.08983,1319.33
1705986000000,1.08984,1.08994,1.08971,1.08972,1959.96
1705986900000,1.08972,1.09002,1.08967,1.09001,2115.35
1705987800000,1.09001,1.09046,1.09001,1.09042,1793.27
1705988700000,1.09042,1.09079,1.09039,1.09069,1690.29
1705989600000,1.09069,1.0907,1.09016,1.09018,2503.96
1705990500000,1.09019,1.09079,1.09017,1.09074,2549.37
1705991400000,1.09075,1.09078,1.0905,1.09071,2948.23
1705992300000,1.09072,1.09141,1.0907,1.09139,4699.87
1705993200000,1.0914,1.09149,1.09109,1.09147,3229.35
1705994100000,1.09147,1.09162,1.0906,1.09089,5538.6001
1705995000000,1.09091,1.09131,1.09038,1.09059,5014.3499
1705995900000,1.09063,1.09096,1.09043,1.09083,4665.7501
1705996800000,1.09084,1.09105,1.09029,1.09036,5254.91
1705997700000,1.09036,1.09047,1.09014,1.09038,5417.0901
1705998600000,1.09037,1.09074,1.08959,1.08979,5266.4601
1705999500000,1.08979,1.0899,1.08924,1.08951,3524.51
1706000400000,1.0895,1.08951,1.08855,1.08889,4960.21
1706001300000,1.0889,1.08949,1.08873,1.08919,3724.13
1706002200000,1.08919,1.08934,1.0887,1.08875,2499.93
1706003100000,1.08877,1.08903,1.08837,1.08874,2853.86
1706004000000,1.08873,1.08882,1.08809,1.0883,3152.36
1706004900000,1.0883,1.08857,1.08814,1.08844,2823.79
1706005800000,1.08843,1.08856,1.08792,1.08792,2383.09
1706006700000,1.08792,1.08792,1.08674,1.08694,3732.76
1706007600000,1.08695,1.08719,1.08672,1.08714,3573.1
1706008500000,1.08714,1.08714,1.086,1.08634,3560.87
1706009400000,1.08635,1.08658,1.08624,1.08648,2562.66
1706010300000,1.08647,1.08675,1.0862,1.08663,1456.98
1706011200000,1.08663,1.08721,1.08653,1.08717,2703.05
1706012100000,1.08717,1.08732,1.08616,1.08621,3614.08
1706013000000,1.08621,1.08644,1.08606,1.08625,2324.84
1706013900000,1.08625,1.08666,1.08603,1.08637,3668.97
1706014800000,1.08639,1.08717,1.08639,1.08686,3579.68
1706015700000,1.08687,1.08711,1.08658,1.0871,3335.93
1706016600000,1.0871,1.08746,1.08675,1.08715,3923.95
1706017500000,1.08715,1.08758,1.0869,1.0874,3946.47
1706018400000,1.08739,1.0874,1.08658,1.08703,4313
1706019300000,1.08705,1.08708,1.08626,1.08646,4368.48
1706020200000,1.08646,1.0865,1.08539,1.08575,10143.48
1706021100000,1.08574,1.08578,1.08484,1.08526,7193.12
1706022000000,1.08528,1.08582,1.08447,1.08487,6445.18
1706022900000,1.08487,1.08502,1.0835,1.08383,5949.11
1706023800000,1.08384,1.08386,1.08215,1.08233,8703.3501
1706024700000,1.08234,1.08344,1.08229,1.08308,8798.14
1706025600000,1.0831,1.08395,1.0831,1.08334,6297.33
1706026500000,1.08335,1.08387,1.08289,1.08381,4325.38
1706027400000,1.08381,1.08381,1.08293,1.08298,5658.5901
1706028300000,1.08297,1.08298,1.08256,1.08282,3385.62
1706029200000,1.08281,1.08326,1.08244,1.08318,2722.94
1706030100000,1.08318,1.08357,1.08298,1.08347,2229.87
1706031000000,1.08346,1.08353,1.08271,1.08281,3031.14
1706031900000,1.0828,1.08335,1.08246,1.08314,3269.12
1706032800000,1.08315,1.08361,1.08302,1.08355,3203.38
1706033700000,1.08354,1.08392,1.08353,1.08379,2406.5
1706034600000,1.0838,1.08393,1.08361,1.08371,1845.65
1706035500000,1.08368,1.08382,1.08339,1.0837,2759.06
1706036400000,1.08371,1.0839,1.08358,1.08378,1980.94
1706037300000,1.08377,1.0841,1.08373,1.08403,1720.91
1706038200000,1.08405,1.08477,1.084,1.08468,1577.32
1706039100000,1.08467,1.08468,1.08439,1.08451,2788.94
1706040000000,1.08452,1.08491,1.08435,1.08479,1675.58
1706040900000,1.08479,1.08491,1.08446,1.08447,911.21
1706041800000,1.08446,1.08458,1.08437,1.08455,962.75
1706042700000,1.08456,1.08501,1.08456,1.08496,1253.12
1706043600000,1.08498,1.08533,1.08482,1.08511,630.75
1706044500000,1.08514,1.08547,1.08505,1.08532,879.7
1706045400000,1.08532,1.08559,1.08516,1.08516,1304.69
1706046300000,1.08514,1.08543,1.08514,1.0853,1203.78
1706047200000,1.08529,1.08529,1.08446,1.08492,1079.06
1706048100000,1.08491,1.08534,1.0849,1.08534,2288.7
1706049000000,1.08533,1.08542,1.08525,1.08536,2095.02
1706049900000,1.08535,1.08546,1.0849,1.08522,1170.41
1706050800000,1.08522,1.08581,1.08522,1.0858,596.85
1706051700000,1.08579,1.0859,1.08575,1.08584,263.74
1706052600000,1.08585,1.08593,1.08574,1.08574,354.99
1706053500000,1.08575,1.08575,1.08559,1.08572,753.03
1706054400000,1.08573,1.08591,1.08561,1.08589,1203.66
1706055300000,1.08589,1.08599,1.08556,1.08559,803.22
1706056200000,1.0856,1.08573,1.08552,1.08568,994.98
1706057100000,1.08568,1.08585,1.08555,1.08559,1954.33
1706058000000,1.08558,1.08564,1.08514,1.0856,2725.16
1706058900000,1.0856,1.08578,1.0854,1.08568,2657.41
1706059800000,1.08569,1.08593,1.08563,1.0858,3003.88
1706060700000,1.08579,1.08591,1.0856,1.08579,2461.27
1706061600000,1.0858,1.08584,1.08534,1.08539,1533.53
1706062500000,1.08539,1.08568,1.08533,1.08568,1646.77
1706063400000,1.08568,1.08573,1.08547,1.08559,1225.02
1706064300000,1.08559,1.08576,1.08555,1.08569,1019.6
1706065200000,1.08569,1.08597,1.08565,1.08596,1704.5
1706066100000,1.08597,1.0861,1.08592,1.08604,1055.19
1706067000000,1.08602,1.08611,1.08591,1.08603,1128.31
1706067900000,1.08605,1.08614,1.08588,1.08589,3045.48
1706068800000,1.08592,1.08604,1.08581,1.08588,1555.91
1706069700000,1.08589,1.08598,1.08584,1.08591,1640.55
1706070600000,1.08592,1.08655,1.08592,1.08653,2061.59
1706071500000,1.08654,1.0866,1.08633,1.08645,1666.16
1706072400000,1.08644,1.08645,1.08602,1.08624,2376.02
1706073300000,1.08624,1.08624,1.08592,1.08606,1636.19
1706074200000,1.08607,1.08631,1.08603,1.08629,1363.55
1706075100000,1.0863,1.08642,1.08617,1.08621,2186.69
1706076000000,1.0862,1.08647,1.08607,1.08639,2377.87
1706076900000,1.08638,1.08646,1.08623,1.08644,1753.59
1706077800000,1.08643,1.08659,1.08627,1.08658,1890.24
1706078700000,1.08659,1.08665,1.08623,1.08633,2222.88
1706079600000,1.08633,1.08696,1.08602,1.08685,3391.03
1706080500000,1.08688,1.087,1.08663,1.08695,2186.39
1706081400000,1.08694,1.08791,1.08694,1.08788,4868.3501
1706082300000,1.08788,1.08794,1.08698,1.08732,4964.73
1706083200000,1.08733,1.08794,1.08733,1.08785,8192.6599
1706084100000,1.08782,1.08782,1.08687,1.08732,7543.18
1706085000000,1.08738,1.08801,1.08625,1.08698,7668.83
1706085900000,1.08698,1.08719,1.08673,1.08696,3849.54
1706086800000,1.08701,1.08853,1.08695,1.08843,4347.5
1706087700000,1.08846,1.08919,1.08846,1.08877,4536.49
1706088600000,1.0888,1.09077,1.0888,1.09026,10921.9601
1706089500000,1.09026,1.09069,1.09018,1.09027,4796.14
1706090400000,1.09027,1.09048,1.09006,1.09007,4900.86
1706091300000,1.09009,1.09021,1.08955,1.08966,5011.23
1706092200000,1.08966,1.08985,1.08931,1.08971,3567.81
1706093100000,1.08972,1.09001,1.08942,1.08977,3477.35
1706094000000,1.08976,1.09006,1.08942,1.08948,2536.28
1706094900000,1.0895,1.0897,1.08939,1.08965,2822.84
1706095800000,1.08964,1.09009,1.08909,1.09009,2797.79
1706096700000,1.09009,1.09014,1.08916,1.08927,3604.57
1706097600000,1.08928,1.08953,1.08895,1.08925,3361.89
1706098500000,1.08926,1.08949,1.08874,1.08878,3710.46
1706099400000,1.08879,1.08973,1.08875,1.08949,3202.23
1706100300000,1.08952,1.08991,1.08935,1.08948,3496.64
1706101200000,1.08948,1.09064,1.08935,1.09062,5013.66
1706102100000,1.09061,1.09134,1.09037,1.09119,5503.04
1706103000000,1.09122,1.09176,1.09085,1.09087,7322.36
1706103900000,1.09086,1.09271,1.09085,1.09249,5148.6801
1706104800000,1.09249,1.0925,1.0919,1.09237,6612.75
1706105700000,1.09237,1.09319,1.09236,1.09314,3844.95
1706106600000,1.09315,1.09323,1.09236,1.09259,8791.21
1706107500000,1.09258,1.09258,1.09016,1.09032,20423.1099
1706108400000,1.09033,1.09054,1.08957,1.09021,15180.74
1706109300000,1.09021,1.09075,1.09003,1.09064,11648.52
1706110200000,1.09063,1.09064,1.08955,1.09033,9307.66
1706111100000,1.09033,1.09044,1.08932,1.09007,9413.3699
1706112000000,1.09007,1.09018,1.08904,1.08925,8384.9
1706112900000,1.08926,1.09047,1.08915,1.09024,8174.0301
1706113800000,1.09026,1.09053,1.08979,1.08983,5939.42
1706114700000,1.08982,1.09019,1.08946,1.09005,4832.86
1706115600000,1.09003,1.0902,1.08954,1.08977,3727.42
1706116500000,1.08976,1.09023,1.08954,1.0902,3296.93
1706117400000,1.0902,1.09044,1.09011,1.09024,1883.87
1706118300000,1.09023,1.09086,1.09011,1.09052,2786.72
1706119200000,1.09052,1.0906,1.08939,1.08939,6052.17
1706120100000,1.08939,1.0899,1.08905,1.0895,4189.12
1706121000000,1.08949,1.08975,1.08907,1.08908,3605.73
1706121900000,1.08909,1.08943,1.08903,1.08927,3282.31
1706122800000,1.08925,1.08932,1.08869,1.08872,2100.22
1706123700000,1.08872,1.08877,1.08813,1.0886,3134.5
1706124600000,1.08861,1.08886,1.08838,1.08885,2433.59
1706125500000,1.08883,1.08904,1.08869,1.08883,2560.93
1706126400000,1.08882,1.08905,1.08868,1.08868,3392.31
1706127300000,1.08868,1.08868,1.08834,1.08845,4065.05
1706128200000,1.08843,1.08865,1.08835,1.08857,2739.56
1706129100000,1.08856,1.08856,1.08791,1.088,2470.32
1706130000000,1.08799,1.08806,1.08776,1.08792,1061.63
1706130900000,1.08791,1.08818,1.08785,1.08817,797.94
1706131800000,1.08818,1.08836,1.08812,1.08833,624.21
1706132700000,1.08832,1.08852,1.08831,1.08844,890.89
1706133600000,1.08843,1.08844,1.08811,1.08838,423.86
1706134500000,1.08836,1.08854,1.08831,1.08847,1536.33
1706135400000,1.08847,1.08861,1.08838,1.08857,1828.47
1706136300000,1.0886,1.08861,1.08851,1.08851,325.39
1706137200000,1.08851,1.08861,1.08844,1.08854,463.78
1706138100000,1.08855,1.08859,1.08839,1.0884,524.73
1706139000000,1.0884,1.0884,1.08819,1.08821,378.41
1706139900000,1.08822,1.08823,1.0881,1.0881,476.55
1706140800000,1.08811,1.08812,1.08752,1.08752,1942.34
1706141700000,1.08752,1.08757,1.08725,1.08737,2139.68
1706142600000,1.08736,1.08767,1.08735,1.08752,1560.21
1706143500000,1.08752,1.08768,1.08722,1.08742,1802.07
1706144400000,1.08742,1.08742,1.08702,1.08723,2810.55
1706145300000,1.08721,1.08733,1.08709,1.08728,2800.1099
1706146200000,1.08726,1.08768,1.08722,1.08759,2440.18
1706147100000,1.0876,1.08786,1.08749,1.08775,2211.47
1706148000000,1.08777,1.08794,1.08752,1.08785,1743.25
1706148900000,1.08783,1.08793,1.08768,1.08792,1381.88
1706149800000,1.08791,1.08798,1.08761,1.08762,1696.38
1706150700000,1.08762,1.08773,1.08749,1.08772,979.12
1706151600000,1.08772,1.08818,1.08772,1.08798,1315.21
1706152500000,1.08798,1.088,1.08787,1.08793,954.26
1706153400000,1.08794,1.08799,1.08773,1.08788,1054.79
1706154300000,1.08788,1.08798,1.08777,1.08778,870.42
1706155200000,1.08777,1.08804,1.08773,1.08804,851.67
1706156100000,1.08804,1.08812,1.08798,1.08802,647.66
1706157000000,1.08803,1.08803,1.08768,1.08773,1464.25
1706157900000,1.08772,1.08772,1.08744,1.08754,798.89
1706158800000,1.08754,1.08763,1.08748,1.08758,972.91
1706159700000,1.08757,1.0878,1.08754,1.08778,880.93
1706160600000,1.08777,1.08788,1.08767,1.08784,768.26
1706161500000,1.08784,1.08786,1.08756,1.08781,1011
1706162400000,1.08781,1.08801,1.08757,1.08794,1429.01
1706163300000,1.08793,1.08818,1.08784,1.08817,957.82
1706164200000,1.08817,1.08865,1.08816,1.08853,1114.41
1706165100000,1.08852,1.08865,1.08829,1.0886,1265.94
1706166000000,1.0886,1.08898,1.08853,1.08894,1554.57
1706166900000,1.08894,1.08913,1.0887,1.08893,1518.77
1706167800000,1.08895,1.08895,1.0884,1.08867,2675.93
1706168700000,1.08868,1.08904,1.08858,1.08878,2636.14
1706169600000,1.08877,1.08916,1.08842,1.08877,4545.81
1706170500000,1.08879,1.08913,1.08828,1.0891,3960.45
1706171400000,1.0891,1.08973,1.08899,1.08953,3596.21
1706172300000,1.08955,1.08996,1.08924,1.08988,2721.9
1706173200000,1.08988,1.08996,1.08931,1.08931,6295.8399
1706174100000,1.0893,1.08991,1.08925,1.08931,3633.39
1706175000000,1.08932,1.08976,1.08917,1.08941,5017.37
1706175900000,1.08941,1.0899,1.0893,1.08959,3121.34
1706176800000,1.08958,1.08984,1.08944,1.08977,3083.34
1706177700000,1.08976,1.08987,1.08926,1.08952,2687.3
1706178600000,1.08953,1.08979,1.08919,1.08967,2452.76
1706179500000,1.08967,1.08973,1.08921,1.08929,3198.68
1706180400000,1.0893,1.08938,1.089,1.08904,2715.22
1706181300000,1.08904,1.0891,1.0888,1.08885,2359.43
1706182200000,1.08886,1.08903,1.08866,1.08903,2037.11
1706183100000,1.08904,1.08951,1.089,1.08948,1537.98
1706184000000,1.08949,1.08956,1.08905,1.08906,2232.63
1706184900000,1.08906,1.08908,1.0886,1.08884,2033.38
1706185800000,1.08884,1.08949,1.08877,1.08918,1828.37
1706186700000,1.08919,1.08925,1.08856,1.08881,2387.83
1706187600000,1.08882,1.08957,1.08871,1.08929,4370.57
1706188500000,1.08929,1.09018,1.08844,1.08895,9750.7
1706189400000,1.08892,1.08999,1.08707,1.08907,24589.1402
1706190300000,1.08908,1.08952,1.08668,1.08792,22857.7799
1706191200000,1.08792,1.08792,1.0855,1.08641,22810.9201
1706192100000,1.08642,1.08723,1.08559,1.08674,11414.3199
1706193000000,1.08675,1.08675,1.0853,1.08587,11990.4399
1706193900000,1.08589,1.08616,1.08531,1.086,9172.24
1706194800000,1.086,1.08613,1.08456,1.08469,13472.3801
1706195700000,1.08469,1.08511,1.08374,1.0844,12807.51
1706196600000,1.08442,1.08456,1.08334,1.08379,9716.2502
1706197500000,1.0838,1.08382,1.08293,1.08317,8697.0201
1706198400000,1.08316,1.08363,1.08242,1.08355,6938.26
1706199300000,1.08356,1.08396,1.08342,1.08363,4612.42
1706200200000,1.08364,1.0838,1.08335,1.08342,5113.5
1706201100000,1.08342,1.08376,1.08341,1.08362,4056.69
1706202000000,1.08363,1.08385,1.08325,1.08371,4199.48
1706202900000,1.0837,1.08519,1.0837,1.08444,6865.8501
1706203800000,1.08443,1.08448,1.08312,1.08327,5858.96
1706204700000,1.08328,1.08389,1.08322,1.08375,2496.24
1706205600000,1.08375,1.08467,1.08354,1.08429,6384.31
1706206500000,1.08429,1.08432,1.08345,1.0841,5835.93
1706207400000,1.08409,1.08412,1.08353,1.08373,3229.17
1706208300000,1.08375,1.08391,1.083,1.08301,4885.2199
1706209200000,1.08301,1.08311,1.08241,1.08275,5206.77
1706210100000,1.08276,1.08289,1.08216,1.08279,4842.72
1706211000000,1.08278,1.08337,1.08267,1.08329,3308.11
1706211900000,1.08329,1.08376,1.08316,1.08359,2561.47
1706212800000,1.08358,1.08376,1.08342,1.08352,1720.82
1706213700000,1.08352,1.08359,1.08334,1.08339,2010.15
1706214600000,1.0834,1.08386,1.08336,1.08381,2182.81
1706215500000,1.0838,1.08404,1.08376,1.08397,1743.11
1706216400000,1.08398,1.08419,1.0839,1.08415,979.13
1706217300000,1.08416,1.08448,1.08416,1.08442,577.26
1706218200000,1.08441,1.08458,1.08441,1.08458,467.02
1706219100000,1.08456,1.08479,1.08454,1.0846,1267.51
1706220000000,1.08449,1.08467,1.08447,1.08467,147.8
1706220900000,1.08466,1.08466,1.08436,1.08462,351.32
1706221800000,1.08461,1.08477,1.08459,1.08467,1841.36
1706222700000,1.08467,1.08474,1.08454,1.08464,607.77
1706223600000,1.08462,1.08469,1.08426,1.08457,1015.56
1706224500000,1.08458,1.08458,1.08453,1.08454,226.55
1706225400000,1.08453,1.08458,1.0843,1.08434,682.51
1706226300000,1.08433,1.08475,1.0843,1.08454,517.86
1706227200000,1.08455,1.08459,1.08414,1.08415,1734.93
1706228100000,1.08417,1.08419,1.08382,1.08384,2018.8
1706229000000,1.08383,1.08424,1.08373,1.0842,1432.31
1706229900000,1.08423,1.08444,1.08394,1.08398,2405.18
1706230800000,1.08399,1.08423,1.08391,1.08408,2658.24
1706231700000,1.08409,1.08454,1.08401,1.08443,1457.44
1706232600000,1.08442,1.08464,1.08429,1.08433,1813.1
1706233500000,1.08434,1.08466,1.08428,1.08443,2339.76
1706234400000,1.08444,1.0847,1.08438,1.08465,1484.02
1706235300000,1.08465,1.08488,1.08458,1.08479,1059.15
1706236200000,1.08479,1.08484,1.08469,1.0847,1678.2
1706237100000,1.0847,1.08474,1.08439,1.08441,1843.45
1706238000000,1.08441,1.08475,1.0844,1.08453,1273.92
1706238900000,1.08453,1.08455,1.0844,1.08449,1052.6
1706239800000,1.08449,1.08461,1.0844,1.08454,934.3
1706240700000,1.08455,1.08459,1.08443,1.08449,353.27
1706241600000,1.08449,1.08449,1.08416,1.08418,794.94
1706242500000,1.08419,1.08438,1.08417,1.08433,882.73
1706243400000,1.08434,1.08436,1.08392,1.08398,877.45
1706244300000,1.08399,1.08399,1.08379,1.08395,1458.45
1706245200000,1.08395,1.0841,1.08383,1.08409,1369.64
1706246100000,1.08408,1.0841,1.08392,1.08398,1209.35
1706247000000,1.08399,1.08437,1.08388,1.08433,1871.57
1706247900000,1.08434,1.08436,1.08418,1.08424,1931.88
1706248800000,1.08423,1.08427,1.08356,1.08366,2092.61
1706249700000,1.08365,1.08391,1.08358,1.08383,1256.19
1706250600000,1.08382,1.08382,1.08302,1.08309,2461.89
1706251500000,1.08311,1.08337,1.08285,1.08293,2704.26
1706252400000,1.08292,1.08303,1.08243,1.08253,3232.44
1706253300000,1.08254,1.08257,1.08151,1.08164,5271.7299
1706254200000,1.08164,1.08214,1.08148,1.08158,5708.89
1706255100000,1.08157,1.08197,1.08128,1.08194,5737.74
1706256000000,1.08193,1.08276,1.08173,1.08252,5804.97
1706256900000,1.08251,1.08293,1.08227,1.08275,6805.02
1706257800000,1.08276,1.08357,1.08269,1.08344,5225.25
1706258700000,1.08345,1.08421,1.08342,1.08402,3043.46
1706259600000,1.08403,1.08477,1.08372,1.08393,6777.45
1706260500000,1.08391,1.08409,1.08341,1.08382,6066.23
1706261400000,1.08384,1.08482,1.08377,1.08465,5120.71
1706262300000,1.08465,1.08505,1.0844,1.08441,3955.15
1706263200000,1.08443,1.08571,1.08442,1.08558,3357.09
1706264100000,1.08559,1.08615,1.08533,1.0861,3219.85
1706265000000,1.08611,1.08626,1.08581,1.08608,3030.8
1706265900000,1.08608,1.08662,1.08607,1.08647,2635.43
1706266800000,1.08648,1.08727,1.08642,1.08677,5712.11
1706267700000,1.08677,1.08761,1.08666,1.08736,4055.57
1706268600000,1.08735,1.08737,1.08685,1.08706,4677.39
1706269500000,1.08709,1.08746,1.08705,1.08745,3289.91
1706270400000,1.08745,1.08757,1.08725,1.0875,3371.98
1706271300000,1.08751,1.08752,1.08705,1.08705,2939.73
1706272200000,1.08703,1.08717,1.08684,1.087,2555.02
1706273100000,1.08699,1.08739,1.08656,1.08673,4339.52
1706274000000,1.08674,1.08752,1.08654,1.08746,4507.82
1706274900000,1.08747,1.08783,1.08717,1.0874,5150.53
1706275800000,1.08742,1.08854,1.08563,1.08706,14778.64
1706276700000,1.08706,1.08835,1.08683,1.08719,11833.91
1706277600000,1.08718,1.08802,1.08706,1.08707,8245.9401
1706278500000,1.08709,1.0873,1.08639,1.0864,7331.3999
1706279400000,1.08642,1.08735,1.08609,1.08712,7504.44
1706280300000,1.08712,1.08742,1.08655,1.08739,5796.1901
1706281200000,1.08739,1.08739,1.08614,1.0863,9992.34
1706282100000,1.0863,1.08631,1.0855,1.08572,7491.6801
1706283000000,1.08568,1.08636,1.08557,1.08618,3641.73
1706283900000,1.08618,1.08662,1.08593,1.08641,3485.9899
1706284800000,1.0864,1.0865,1.08589,1.08616,4442.48
1706285700000,1.08615,1.08685,1.08615,1.08663,2333.87
1706286600000,1.08662,1.08694,1.08616,1.08636,3045.14
1706287500000,1.0864,1.08666,1.08632,1.08649,3143.37
1706288400000,1.08649,1.08685,1.0862,1.08678,3440.36
1706289300000,1.08677,1.08704,1.08642,1.08649,2400.47
1706290200000,1.08648,1.08648,1.08591,1.08604,2269.11
1706291100000,1.08605,1.08639,1.08592,1.08636,2266.4
1706292000000,1.08636,1.08654,1.08614,1.08639,2031.61
1706292900000,1.08641,1.08658,1.08611,1.08633,1754.44
1706293800000,1.08635,1.08637,1.08578,1.08598,2483.5
1706294700000,1.08597,1.08597,1.08537,1.08556,2551.15
1706295600000,1.08556,1.08592,1.08552,1.08588,1599.72
1706296500000,1.08587,1.08598,1.08568,1.08568,1487.9
1706297400000,1.08569,1.08601,1.08561,1.08599,1548.15
1706298300000,1.08597,1.08616,1.08571,1.08581,2757.22
1706299200000,1.08582,1.08611,1.08572,1.08611,798.18
1706300100000,1.08611,1.08622,1.08586,1.08591,1328.86
1706301000000,1.08592,1.08597,1.0856,1.08583,1271.35
1706301900000,1.08581,1.08581,1.08532,1.08545,992.87
1706302800000,1.08544,1.08568,1.08537,1.08558,803.73
1706303700000,1.08556,1.08556,1.08535,1.08545,853.47
1706304600000,1.08544,1.08544,1.08522,1.08523,683.82
1706305500000,1.08525,1.08551,1.08502,1.08504,2211.61
1706306400000,1.08504,1.08504,1.08504,1.08504,0
1706307300000,1.08504,1.08504,1.08504,1.08504,0
1706308200000,1.08504,1.08504,1.08504,1.08504,0
1706309100000,1.08504,1.08504,1.08504,1.08504,0
1706310000000,1.08504,1.08504,1.08504,1.08504,0
1706310900000,1.08504,1.08504,1.08504,1.08504,0
1706311800000,1.08504,1.08504,1.08504,1.08504,0
1706312700000,1.08504,1.08504,1.08504,1.08504,0
1706313600000,1.08504,1.08504,1.08504,1.08504,0
1706314500000,1.08504,1.08504,1.08504,1.08504,0
1706315400000,1.08504,1.08504,1.08504,1.08504,0
1706316300000,1.08504,1.08504,1.08504,1.08504,0
1706317200000,1.08504,1.08504,1.08504,1.08504,0
1706318100000,1.08504,1.08504,1.08504,1.08504,0
1706319000000,1.08504,1.08504,1.08504,1.08504,0
1706319900000,1.08504,1.08504,1.08504,1.08504,0
1706320800000,1.08504,1.08504,1.08504,1.08504,0
1706321700000,1.08504,1.08504,1.08504,1.08504,0
1706322600000,1.08504,1.08504,1.08504,1.08504,0
1706323500000,1.08504,1.08504,1.08504,1.08504,0
1706324400000,1.08504,1.08504,1.08504,1.08504,0
1706325300000,1.08504,1.08504,1.08504,1.08504,0
1706326200000,1.08504,1.08504,1.08504,1.08504,0
1706327100000,1.08504,1.08504,1.08504,1.08504,0
1706328000000,1.08504,1.08504,1.08504,1.08504,0
1706328900000,1.08504,1.08504,1.08504,1.08504,0
1706329800000,1.08504,1.08504,1.08504,1.08504,0
1706330700000,1.08504,1.08504,1.08504,1.08504,0
1706331600000,1.08504,1.08504,1.08504,1.08504,0
1706332500000,1.08504,1.08504,1.08504,1.08504,0
1706333400000,1.08504,1.08504,1.08504,1.08504,0
1706334300000,1.08504,1.08504,1.08504,1.08504,0
1706335200000,1.08504,1.08504,1.08504,1.08504,0
1706336100000,1.08504,1.08504,1.08504,1.08504,0
1706337000000,1.08504,1.08504,1.08504,1.08504,0
1706337900000,1.08504,1.08504,1.08504,1.08504,0
1706338800000,1.08504,1.08504,1.08504,1.08504,0
1706339700000,1.08504,1.08504,1.08504,1.08504,0
1706340600000,1.08504,1.08504,1.08504,1.08504,0
1706341500000,1.08504,1.08504,1.08504,1.08504,0
1706342400000,1.08504,1.08504,1.08504,1.08504,0
1706343300000,1.08504,1.08504,1.08504,1.08504,0
1706344200000,1.08504,1.08504,1.08504,1.08504,0
1706345100000,1.08504,1.08504,1.08504,1.08504,0
1706346000000,1.08504,1.08504,1.08504,1.08504,0
1706346900000,1.08504,1.08504,1.08504,1.08504,0
1706347800000,1.08504,1.08504,1.08504,1.08504,0
1706348700000,1.08504,1.08504,1.08504,1.08504,0
1706349600000,1.08504,1.08504,1.08504,1.08504,0
1706350500000,1.08504,1.08504,1.08504,1.08504,0
1706351400000,1.08504,1.08504,1.08504,1.08504,0
1706352300000,1.08504,1.08504,1.08504,1.08504,0
1706353200000,1.08504,1.08504,1.08504,1.08504,0
1706354100000,1.08504,1.08504,1.08504,1.08504,0
1706355000000,1.08504,1.08504,1.08504,1.08504,0
1706355900000,1.08504,1.08504,1.08504,1.08504,0
1706356800000,1.08504,1.08504,1.08504,1.08504,0
1706357700000,1.08504,1.08504,1.08504,1.08504,0
1706358600000,1.08504,1.08504,1.08504,1.08504,0
1706359500000,1.08504,1.08504,1.08504,1.08504,0
1706360400000,1.08504,1.08504,1.08504,1.08504,0
1706361300000,1.08504,1.08504,1.08504,1.08504,0
1706362200000,1.08504,1.08504,1.08504,1.08504,0
1706363100000,1.08504,1.08504,1.08504,1.08504,0
1706364000000,1.08504,1.08504,1.08504,1.08504,0
1706364900000,1.08504,1.08504,1.08504,1.08504,0
1706365800000,1.08504,1.08504,1.08504,1.08504,0
1706366700000,1.08504,1.08504,1.08504,1.08504,0
1706367600000,1.08504,1.08504,1.08504,1.08504,0
1706368500000,1.08504,1.08504,1.08504,1.08504,0
1706369400000,1.08504,1.08504,1.08504,1.08504,0
1706370300000,1.08504,1.08504,1.08504,1.08504,0
1706371200000,1.08504,1.08504,1.08504,1.08504,0
1706372100000,1.08504,1.08504,1.08504,1.08504,0
1706373000000,1.08504,1.08504,1.08504,1.08504,0
1706373900000,1.08504,1.08504,1.08504,1.08504,0
1706374800000,1.08504,1.08504,1.08504,1.08504,0
1706375700000,1.08504,1.08504,1.08504,1.08504,0
1706376600000,1.08504,1.08504,1.08504,1.08504,0
1706377500000,1.08504,1.08504,1.08504,1.08504,0
1706378400000,1.08504,1.08504,1.08504,1.08504,0
1706379300000,1.08504,1.08504,1.08504,1.08504,0
1706380200000,1.08504,1.08504,1.08504,1.08504,0
1706381100000,1.08504,1.08504,1.08504,1.08504,0
1706382000000,1.08504,1.08504,1.08504,1.08504,0
1706382900000,1.08504,1.08504,1.08504,1.08504,0
1706383800000,1.08504,1.08504,1.08504,1.08504,0
1706384700000,1.08504,1.08504,1.08504,1.08504,0
1706385600000,1.08504,1.08504,1.08504,1.08504,0
1706386500000,1.08504,1.08504,1.08504,1.08504,0
1706387400000,1.08504,1.08504,1.08504,1.08504,0
1706388300000,1.08504,1.08504,1.08504,1.08504,0
1706389200000,1.08504,1.08504,1.08504,1.08504,0
1706390100000,1.08504,1.08504,1.08504,1.08504,0
1706391000000,1.08504,1.08504,1.08504,1.08504,0
1706391900000,1.08504,1.08504,1.08504,1.08504,0
1706392800000,1.08504,1.08504,1.08504,1.08504,0
1706393700000,1.08504,1.08504,1.08504,1.08504,0
1706394600000,1.08504,1.08504,1.08504,1.08504,0
1706395500000,1.08504,1.08504,1.08504,1.08504,0
1706396400000,1.08504,1.08504,1.08504,1.08504,0
1706397300000,1.08504,1.08504,1.08504,1.08504,0
1706398200000,1.08504,1.08504,1.08504,1.08504,0
1706399100000,1.08504,1.08504,1.08504,1.08504,0
1706400000000,1.08504,1.08504,1.08504,1.08504,0
1706400900000,1.08504,1.08504,1.08504,1.08504,0
1706401800000,1.08504,1.08504,1.08504,1.08504,0
1706402700000,1.08504,1.08504,1.08504,1.08504,0
1706403600000,1.08504,1.08504,1.08504,1.08504,0
1706404500000,1.08504,1.08504,1.08504,1.08504,0
1706405400000,1.08504,1.08504,1.08504,1.08504,0
1706406300000,1.08504,1.08504,1.08504,1.08504,0
1706407200000,1.08504,1.08504,1.08504,1.08504,0
1706408100000,1.08504,1.08504,1.08504,1.08504,0
1706409000000,1.08504,1.08504,1.08504,1.08504,0
1706409900000,1.08504,1.08504,1.08504,1.08504,0
1706410800000,1.08504,1.08504,1.08504,1.08504,0
1706411700000,1.08504,1.08504,1.08504,1.08504,0
1706412600000,1.08504,1.08504,1.08504,1.08504,0
1706413500000,1.08504,1.08504,1.08504,1.08504,0
1706414400000,1.08504,1.08504,1.08504,1.08504,0
1706415300000,1.08504,1.08504,1.08504,1.08504,0
1706416200000,1.08504,1.08504,1.08504,1.08504,0
1706417100000,1.08504,1.08504,1.08504,1.08504,0
1706418000000,1.08504,1.08504,1.08504,1.08504,0
1706418900000,1.08504,1.08504,1.08504,1.08504,0
1706419800000,1.08504,1.08504,1.08504,1.08504,0
1706420700000,1.08504,1.08504,1.08504,1.08504,0
1706421600000,1.08504,1.08504,1.08504,1.08504,0
1706422500000,1.08504,1.08504,1.08504,1.08504,0
1706423400000,1.08504,1.08504,1.08504,1.08504,0
1706424300000,1.08504,1.08504,1.08504,1.08504,0
1706425200000,1.08504,1.08504,1.08504,1.08504,0
1706426100000,1.08504,1.08504,1.08504,1.08504,0
1706427000000,1.08504,1.08504,1.08504,1.08504,0
1706427900000,1.08504,1.08504,1.08504,1.08504,0
1706428800000,1.08504,1.08504,1.08504,1.08504,0
1706429700000,1.08504,1.08504,1.08504,1.08504,0
1706430600000,1.08504,1.08504,1.08504,1.08504,0
1706431500000,1.08504,1.08504,1.08504,1.08504,0
1706432400000,1.08504,1.08504,1.08504,1.08504,0
1706433300000,1.08504,1.08504,1.08504,1.08504,0
1706434200000,1.08504,1.08504,1.08504,1.08504,0
1706435100000,1.08504,1.08504,1.08504,1.08504,0
1706436000000,1.08504,1.08504,1.08504,1.08504,0
1706436900000,1.08504,1.08504,1.08504,1.08504,0
1706437800000,1.08504,1.08504,1.08504,1.08504,0
1706438700000,1.08504,1.08504,1.08504,1.08504,0
1706439600000,1.08504,1.08504,1.08504,1.08504,0
1706440500000,1.08504,1.08504,1.08504,1.08504,0
1706441400000,1.08504,1.08504,1.08504,1.08504,0
1706442300000,1.08504,1.08504,1.08504,1.08504,0
1706443200000,1.08504,1.08504,1.08504,1.08504,0
1706444100000,1.08504,1.08504,1.08504,1.08504,0
1706445000000,1.08504,1.08504,1.08504,1.08504,0
1706445900000,1.08504,1.08504,1.08504,1.08504,0
1706446800000,1.08504,1.08504,1.08504,1.08504,0
1706447700000,1.08504,1.08504,1.08504,1.08504,0
1706448600000,1.08504,1.08504,1.08504,1.08504,0
1706449500000,1.08504,1.08504,1.08504,1.08504,0
1706450400000,1.08504,1.08504,1.08504,1.08504,0
1706451300000,1.08504,1.08504,1.08504,1.08504,0
1706452200000,1.08504,1.08504,1.08504,1.08504,0
1706453100000,1.08504,1.08504,1.08504,1.08504,0
1706454000000,1.08504,1.08504,1.08504,1.08504,0
1706454900000,1.08504,1.08504,1.08504,1.08504,0
1706455800000,1.08504,1.08504,1.08504,1.08504,0
1706456700000,1.08504,1.08504,1.08504,1.08504,0
1706457600000,1.08504,1.08504,1.08504,1.08504,0
1706458500000,1.08504,1.08504,1.08504,1.08504,0
1706459400000,1.08504,1.08504,1.08504,1.08504,0
1706460300000,1.08504,1.08504,1.08504,1.08504,0
1706461200000,1.08504,1.08504,1.08504,1.08504,0
1706462100000,1.08504,1.08504,1.08504,1.08504,0
1706463000000,1.08504,1.08504,1.08504,1.08504,0
1706463900000,1.08504,1.08504,1.08504,1.08504,0
1706464800000,1.08504,1.08504,1.08504,1.08504,0
1706465700000,1.08504,1.08504,1.08504,1.08504,0
1706466600000,1.08504,1.08504,1.08504,1.08504,0
1706467500000,1.08504,1.08504,1.08504,1.08504,0
1706468400000,1.08504,1.08504,1.08504,1.08504,0
1706469300000,1.08504,1.08504,1.08504,1.08504,0
1706470200000,1.08504,1.08504,1.08504,1.08504,0
1706471100000,1.08504,1.08504,1.08504,1.08504,0
1706472000000,1.08504,1.08504,1.08504,1.08504,0
1706472900000,1.08504,1.08504,1.08504,1.08504,0
1706473800000,1.08504,1.08504,1.08504,1.08504,0
1706474700000,1.08504,1.08504,1.08504,1.08504,0
1706475600000,1.08504,1.08504,1.08504,1.08504,0
1706476500000,1.08504,1.08504,1.08504,1.08504,0
1706477400000,1.08504,1.08504,1.08504,1.08504,0
1706478300000,1.08504,1.08504,1.08504,1.08504,0
1706479200000,1.08468,1.08484,1.08414,1.08443,534.79
1706480100000,1.08443,1.08462,1.08439,1.08449,605.7
1706481000000,1.08448,1.08448,1.08429,1.08435,2089.8
1706481900000,1.08435,1.08474,1.08431,1.08451,2286.11
1706482800000,1.08451,1.0849,1.08419,1.0843,2946.57
1706483700000,1.08431,1.08459,1.08419,1.08456,1301.37
1706484600000,1.08455,1.08466,1.08421,1.08429,1255.11
1706485500000,1.08428,1.08433,1.08418,1.08422,493.68
1706486400000,1.08423,1.08433,1.08413,1.08424,1047
1706487300000,1.08423,1.08442,1.08416,1.08428,1313.49
1706488200000,1.08426,1.0844,1.08417,1.08425,1476.94
1706489100000,1.08424,1.0845,1.08417,1.08448,1522.63
1706490000000,1.08448,1.08484,1.08438,1.08479,2085.81
1706490900000,1.0848,1.08481,1.08442,1.08446,2085.76
1706491800000,1.08448,1.08489,1.08448,1.08468,1712.72
1706492700000,1.08466,1.08466,1.08433,1.08439,1372.42
1706493600000,1.08439,1.08439,1.08402,1.08421,1412.16
1706494500000,1.0842,1.08429,1.08393,1.08429,1278.42
1706495400000,1.08428,1.08451,1.08425,1.08441,980.24
1706496300000,1.08442,1.08443,1.08416,1.08435,947.1
1706497200000,1.08435,1.08462,1.08435,1.08459,893.38
1706498100000,1.08459,1.08466,1.08428,1.08438,1091.11
1706499000000,1.08439,1.0844,1.08424,1.08433,838.97
1706499900000,1.08434,1.08458,1.08433,1.08451,706.31
1706500800000,1.08452,1.08469,1.08451,1.08458,574.88
1706501700000,1.08458,1.08458,1.08437,1.08451,656.46
1706502600000,1.0845,1.08476,1.08438,1.08473,777.96
1706503500000,1.08474,1.08475,1.08441,1.08448,858.14
1706504400000,1.08446,1.08449,1.08405,1.08419,1253.59
1706505300000,1.08419,1.08431,1.08397,1.08408,906.02
1706506200000,1.08408,1.08424,1.08395,1.08417,906.84
1706507100000,1.08417,1.08417,1.08395,1.08399,879.89
1706508000000,1.084,1.0843,1.08392,1.08429,1228.01
1706508900000,1.0843,1.0845,1.08425,1.08429,1507.83
1706509800000,1.08429,1.08456,1.08423,1.08455,1355.05
1706510700000,1.08456,1.08472,1.08439,1.08465,1497.05
1706511600000,1.08464,1.08474,1.08414,1.08439,3172.48
1706512500000,1.08439,1.08473,1.08426,1.08469,2295.33
1706513400000,1.0847,1.085,1.08461,1.08469,2734.55
1706514300000,1.08468,1.08478,1.08349,1.08371,3975.42
1706515200000,1.0837,1.08401,1.08331,1.08368,4031.3101
1706516100000,1.08368,1.08386,1.08332,1.08375,3237.29
1706517000000,1.08376,1.08418,1.08352,1.08376,3105.41
1706517900000,1.08376,1.08382,1.08331,1.08346,2881.44
1706518800000,1.08345,1.08356,1.08301,1.08314,3912.5
1706519700000,1.08314,1.0832,1.0826,1.08271,3783.4
1706520600000,1.08272,1.08325,1.08231,1.0828,4289.02
1706521500000,1.08279,1.08303,1.08239,1.08251,2892.88
1706522400000,1.08248,1.08253,1.08216,1.08224,3212.96
1706523300000,1.08224,1.08229,1.08151,1.08164,3234.86
1706524200000,1.08164,1.08184,1.08139,1.08182,2173.41
1706525100000,1.08183,1.08195,1.08156,1.08189,2650.04
1706526000000,1.0819,1.0825,1.08188,1.08204,2696.9
1706526900000,1.08205,1.08205,1.08163,1.08188,2878.58
1706527800000,1.08188,1.0827,1.08185,1.08237,2167.69
1706528700000,1.08238,1.08238,1.08196,1.08228,1550.73
1706529600000,1.08228,1.08288,1.08221,1.08271,1925.13
1706530500000,1.08271,1.08326,1.0827,1.08324,3121.87
1706531400000,1.08323,1.08368,1.08315,1.08352,1776.68
1706532300000,1.08352,1.08364,1.08203,1.08219,6090.1699
1706533200000,1.0822,1.08233,1.08162,1.08195,4341.4
1706534100000,1.08194,1.08213,1.08138,1.08213,2745.37
1706535000000,1.08214,1.08233,1.08182,1.08223,3865.22
1706535900000,1.08221,1.08243,1.0819,1.08203,4151.36
1706536800000,1.08201,1.08226,1.08089,1.08091,3731.44
1706537700000,1.08091,1.08126,1.08089,1.0809,4043.91
1706538600000,1.0809,1.08105,1.08048,1.08073,5444.75
1706539500000,1.08073,1.08077,1.08042,1.0807,3653.34
1706540400000,1.08068,1.08106,1.08039,1.08074,3324.91
1706541300000,1.08072,1.08072,1.07981,1.08013,4309.63
1706542200000,1.08013,1.08051,1.07995,1.08015,4196.04
1706543100000,1.08015,1.08015,1.07962,1.07972,6291.59
1706544000000,1.07974,1.08056,1.07958,1.08054,3857.12
1706544900000,1.08054,1.08087,1.08016,1.08073,3228.55
1706545800000,1.08076,1.08078,1.08015,1.08044,2715.78
1706546700000,1.08047,1.08069,1.08041,1.08059,2232.23
1706547600000,1.08058,1.08122,1.08055,1.08119,2460.22
1706548500000,1.08118,1.0816,1.08115,1.0815,1892.95
1706549400000,1.08152,1.0816,1.08136,1.08138,2534.03
1706550300000,1.08139,1.08146,1.08116,1.08116,1884.44
1706551200000,1.08117,1.08124,1.08096,1.08102,2895.73
1706552100000,1.08103,1.08117,1.08092,1.08117,2288.44
1706553000000,1.08118,1.08131,1.08101,1.08124,2074.32
1706553900000,1.08125,1.08129,1.08098,1.08114,964.42
1706554800000,1.08114,1.08175,1.08099,1.08163,2244.2
1706555700000,1.08163,1.08178,1.08158,1.08176,1299.79
1706556600000,1.08175,1.08198,1.08168,1.08184,819.07
1706557500000,1.08185,1.08199,1.08173,1.08189,1111.88
1706558400000,1.08189,1.08315,1.08189,1.08299,4923.52
1706559300000,1.083,1.08404,1.08299,1.08367,5500.79
1706560200000,1.08367,1.08378,1.0829,1.08328,4779.42
1706561100000,1.08326,1.08337,1.08299,1.08311,3128.06
1706562000000,1.08311,1.08312,1.08267,1.08308,1196.54
1706562900000,1.08309,1.08336,1.08302,1.08332,943.56
1706563800000,1.08333,1.0834,1.08322,1.08329,587.02
1706564700000,1.08329,1.08348,1.08323,1.08323,1171.41
1706565600000,1.08307,1.08328,1.08299,1.08325,135.92
1706566500000,1.08325,1.08327,1.08325,1.08325,149.58
1706567400000,1.08325,1.08327,1.08305,1.08311,1654.17
1706568300000,1.08311,1.08336,1.08311,1.08325,2095.9
1706569200000,1.08325,1.08365,1.08325,1.08348,483.86
1706570100000,1.08348,1.08368,1.08344,1.08363,273.58
1706571000000,1.08365,1.08368,1.08346,1.08346,972.55
1706571900000,1.08347,1.08358,1.08334,1.08336,1681.56
1706572800000,1.08336,1.08366,1.08336,1.08352,2110.34
1706573700000,1.08353,1.08382,1.08348,1.08376,1390.6
1706574600000,1.08377,1.0839,1.08357,1.08388,1309.52
1706575500000,1.08391,1.08422,1.08389,1.08408,2971.75
1706576400000,1.08407,1.08407,1.08338,1.0837,2004.48
1706577300000,1.0837,1.08376,1.08327,1.08356,2583.86
1706578200000,1.08353,1.08375,1.08332,1.08332,2349.76
1706579100000,1.08333,1.08361,1.08324,1.08349,2052.36
1706580000000,1.08348,1.08349,1.08303,1.08314,2044.62
1706580900000,1.08315,1.08326,1.08299,1.08304,2321.57
1706581800000,1.08304,1.08333,1.083,1.08325,1957.71
1706582700000,1.08324,1.0836,1.08324,1.0834,889.19
1706583600000,1.08339,1.08344,1.08316,1.08318,758.25
1706584500000,1.08317,1.08324,1.08309,1.08319,838.36
1706585400000,1.0832,1.08341,1.08316,1.0832,953.16
1706586300000,1.0832,1.08326,1.08302,1.08305,1026.53
1706587200000,1.08307,1.08335,1.08305,1.0833,1036.55
1706588100000,1.0833,1.08333,1.08304,1.08329,817.59
1706589000000,1.0833,1.08334,1.08283,1.08291,1735.86
1706589900000,1.08292,1.08292,1.08241,1.08253,2020.99
1706590800000,1.08251,1.08258,1.08233,1.08254,1345.67
1706591700000,1.08254,1.0829,1.08253,1.08268,1727.85
1706592600000,1.08271,1.08285,1.08243,1.08247,1647.67
1706593500000,1.08244,1.08248,1.08218,1.08224,1853.67
1706594400000,1.08225,1.08249,1.08218,1.08248,1777.75
1706595300000,1.0825,1.08259,1.08206,1.08206,3079.28
1706596200000,1.08206,1.08229,1.08203,1.08205,2898.48
1706597100000,1.08206,1.08208,1.08139,1.0815,3945.23
1706598000000,1.08149,1.0815,1.08119,1.08137,2899.83
1706598900000,1.08138,1.08184,1.08127,1.08137,2581.43
1706599800000,1.08138,1.08194,1.08129,1.08166,3052.52
1706600700000,1.08166,1.08242,1.08163,1.08227,3150.06
1706601600000,1.08228,1.08321,1.08227,1.08254,8813.5601
1706602500000,1.08254,1.08268,1.08186,1.08197,7018.0999
1706603400000,1.08197,1.08246,1.08162,1.08244,4730.8001
1706604300000,1.08244,1.08273,1.08207,1.08219,4239.87
1706605200000,1.08219,1.0824,1.08177,1.08197,3254.28
1706606100000,1.08197,1.08224,1.08178,1.08209,2714.9
1706607000000,1.08209,1.08276,1.08206,1.08253,2596.1099
1706607900000,1.08252,1.08293,1.08235,1.08269,3523.8
1706608800000,1.08268,1.08282,1.0823,1.08264,4010.19
1706609700000,1.08264,1.08307,1.08256,1.08288,3296.26
1706610600000,1.08288,1.08371,1.08279,1.08349,2844.96
1706611500000,1.08349,1.08404,1.08347,1.08382,3094.98
1706612400000,1.08385,1.08399,1.08371,1.08379,2448.1
1706613300000,1.08379,1.08453,1.08371,1.08434,3195.81
1706614200000,1.08434,1.08477,1.08391,1.08476,2295.42
1706615100000,1.08475,1.08481,1.08416,1.08419,1650.85
1706616000000,1.08418,1.08432,1.08404,1.08416,2164.7
1706616900000,1.08417,1.08443,1.08376,1.08437,3006.25
1706617800000,1.08438,1.08443,1.08366,1.08427,3320.9
1706618700000,1.08428,1.08499,1.08425,1.08476,2655.44
1706619600000,1.08476,1.08485,1.08397,1.08406,5789.7899
1706620500000,1.08408,1.08418,1.08381,1.0841,6545.3699
1706621400000,1.08411,1.08453,1.08361,1.08426,6484.74
1706622300000,1.08427,1.08438,1.0834,1.08345,7802.05
1706623200000,1.08345,1.08449,1.08296,1.08437,6305.7001
1706624100000,1.08434,1.08514,1.08426,1.08502,4688.77
1706625000000,1.08504,1.08562,1.08456,1.08494,7490.1499
1706625900000,1.08495,1.08573,1.08472,1.08501,6694.02
1706626800000,1.085,1.08562,1.08314,1.08322,15570.1898
1706627700000,1.08321,1.08382,1.08281,1.0838,11158.17
1706628600000,1.08379,1.08439,1.08346,1.08418,6619.46
1706629500000,1.08418,1.08429,1.08319,1.08369,7414.46
1706630400000,1.08368,1.08415,1.08343,1.08384,5390.9499
1706631300000,1.08383,1.08409,1.08352,1.08392,4835.88
1706632200000,1.08394,1.08441,1.08383,1.08429,4360.57
1706633100000,1.08432,1.0844,1.08407,1.0843,3224.37
1706634000000,1.0843,1.08471,1.08414,1.08471,2752.07
1706634900000,1.08469,1.0847,1.08425,1.08429,3342.52
1706635800000,1.08429,1.08433,1.08389,1.0839,2635.97
1706636700000,1.08391,1.08398,1.08367,1.08388,2536.04
1706637600000,1.08388,1.08388,1.08328,1.08351,3088.85
1706638500000,1.08351,1.08358,1.08315,1.0835,1599.63
1706639400000,1.08351,1.08375,1.08343,1.08354,1656.66
1706640300000,1.08356,1.08369,1.0835,1.08358,2234.65
1706641200000,1.08357,1.08384,1.08356,1.0838,1311.91
1706642100000,1.08381,1.08416,1.08381,1.08416,949.74
1706643000000,1.08416,1.08455,1.08415,1.0845,1732.93
1706643900000,1.0845,1.08471,1.08431,1.08459,1730.38
1706644800000,1.0846,1.08485,1.08437,1.08437,1307.59
1706645700000,1.08436,1.08453,1.0843,1.08434,1600.31
1706646600000,1.08434,1.0844,1.08408,1.08419,2018.64
1706647500000,1.0842,1.0845,1.08416,1.08446,1935.18
1706648400000,1.08447,1.0845,1.08425,1.08439,971.64
1706649300000,1.08441,1.08468,1.0844,1.08458,729.52
1706650200000,1.0846,1.08466,1.08456,1.08464,820.62
1706651100000,1.08465,1.0847,1.08447,1.08447,1350.64
1706652000000,1.08446,1.0845,1.08399,1.08436,201.59
1706652900000,1.08435,1.08448,1.08419,1.0843,1389.27
1706653800000,1.08423,1.08442,1.08421,1.08422,3621.46
1706654700000,1.08421,1.08438,1.08419,1.08431,1379.53
1706655600000,1.08432,1.08448,1.0843,1.08432,717.99
1706656500000,1.08432,1.08442,1.08432,1.08437,339.6
1706657400000,1.08436,1.08442,1.08435,1.08437,341.8
1706658300000,1.08437,1.08448,1.08426,1.08428,609.8
1706659200000,1.08429,1.08463,1.08427,1.08457,1121.84
1706660100000,1.08457,1.08481,1.08437,1.08452,1135.18
1706661000000,1.08451,1.08464,1.08411,1.08421,2077.07
1706661900000,1.0842,1.08449,1.08413,1.08428,2326.83
1706662800000,1.08426,1.08436,1.08411,1.08418,2371.15
1706663700000,1.08419,1.08428,1.08397,1.08409,2120.65
1706664600000,1.08411,1.08426,1.08377,1.08377,3392.6401
1706665500000,1.08376,1.08385,1.08313,1.08313,3036.15
1706666400000,1.08313,1.08313,1.0822,1.08222,4415
1706667300000,1.08221,1.08251,1.082,1.08204,3148.1
1706668200000,1.08202,1.08212,1.08169,1.08171,4204.26
1706669100000,1.08174,1.08182,1.08162,1.0818,2043.04
1706670000000,1.0818,1.08186,1.08165,1.08175,1643.36
1706670900000,1.08175,1.08187,1.08163,1.0818,889.74
1706671800000,1.08179,1.08187,1.08159,1.08165,1037.55
1706672700000,1.08166,1.08186,1.08165,1.08186,839.74
1706673600000,1.08185,1.082,1.08181,1.08199,1059.69
1706674500000,1.08198,1.08198,1.08188,1.08191,995.48
1706675400000,1.08191,1.08207,1.08187,1.08206,1225.44
1706676300000,1.08206,1.08222,1.08194,1.08205,862.38
1706677200000,1.08203,1.0821,1.0819,1.08196,848.77
1706678100000,1.08197,1.08205,1.0819,1.082,857.34
1706679000000,1.08199,1.08202,1.08175,1.08199,1564.9
1706679900000,1.08198,1.08219,1.08191,1.08204,1281.85
1706680800000,1.08204,1.0822,1.08183,1.08184,943.52
1706681700000,1.08183,1.08197,1.08175,1.0818,1179.81
1706682600000,1.08179,1.08186,1.08162,1.08179,1172.9
1706683500000,1.08178,1.0818,1.0815,1.08155,1038.82
1706684400000,1.08155,1.0821,1.08149,1.082,3366.05
1706685300000,1.08202,1.08209,1.08172,1.08209,1972.76
1706686200000,1.08209,1.08214,1.08165,1.08181,3116.08
1706687100000,1.08181,1.08181,1.0806,1.0816,6483.9099
1706688000000,1.08159,1.08192,1.08092,1.08125,6042.24
1706688900000,1.08124,1.08235,1.08092,1.08185,4015.4
1706689800000,1.08187,1.08255,1.08181,1.08241,3724.02
1706690700000,1.08239,1.0826,1.0817,1.08189,4587.7101
1706691600000,1.0819,1.08346,1.08162,1.08325,9870.33
1706692500000,1.08326,1.08357,1.08269,1.0835,8317.21
1706693400000,1.0835,1.08367,1.08294,1.08317,5422.88
1706694300000,1.08317,1.08325,1.08218,1.08221,4361.59
1706695200000,1.08222,1.08275,1.08222,1.08261,2615.06
1706696100000,1.08262,1.08298,1.08231,1.08294,3463.96
1706697000000,1.08293,1.08298,1.08272,1.08284,2342.06
1706697900000,1.08282,1.08315,1.08213,1.08253,3457.37
1706698800000,1.08256,1.08343,1.08254,1.0834,2434.21
1706699700000,1.0834,1.08404,1.0834,1.08394,2256.75
1706700600000,1.08394,1.08399,1.08362,1.08367,1970.17
1706701500000,1.0837,1.08394,1.08353,1.08389,1952.17
1706702400000,1.0839,1.08429,1.08358,1.08384,2841.03
1706703300000,1.08383,1.08398,1.08337,1.08342,3223.07
1706704200000,1.08341,1.08384,1.08335,1.08375,2702.88
1706705100000,1.08375,1.08403,1.08356,1.08366,3897.31
1706706000000,1.08366,1.08403,1.08344,1.08387,3912.95
1706706900000,1.08385,1.08511,1.08385,1.08449,9998.77
1706707800000,1.0845,1.08587,1.0845,1.08543,14152.3598
1706708700000,1.08543,1.08628,1.08529,1.08575,11427.94
1706709600000,1.08575,1.08698,1.08522,1.08689,9109.13
1706710500000,1.08689,1.08691,1.086,1.08652,6585.5401
1706711400000,1.08653,1.08808,1.0865,1.08751,8600.1101
1706712300000,1.0875,1.08865,1.08713,1.08799,12948.4899
1706713200000,1.088,1.08874,1.08715,1.08747,11119.86
1706714100000,1.08746,1.08805,1.08625,1.0864,10664.83
1706715000000,1.08641,1.08669,1.08554,1.08569,8747.99
1706715900000,1.08571,1.08641,1.0854,1.08613,7999.4899
1706716800000,1.08611,1.08678,1.08517,1.0852,7613.6
1706717700000,1.0852,1.08568,1.08448,1.08469,8461.06
1706718600000,1.08471,1.08497,1.08451,1.08478,5756.37
1706719500000,1.08477,1.08578,1.08471,1.08544,5160.87
1706720400000,1.08543,1.08544,1.08498,1.08518,4560.7
1706721300000,1.08519,1.08525,1.08418,1.08439,4760.53
1706722200000,1.08439,1.08508,1.08439,1.08506,2961.21
1706723100000,1.08506,1.08518,1.08473,1.08495,3548.84
1706724000000,1.08493,1.08524,1.08477,1.08486,2662.61
1706724900000,1.08487,1.08502,1.08452,1.08478,4132.43
1706725800000,1.08477,1.08498,1.08447,1.08479,3012.58
1706726700000,1.0848,1.08483,1.08437,1.08458,3875.84
1706727600000,1.08454,1.0858,1.08157,1.08312,19921.0399
1706728500000,1.08313,1.08367,1.08233,1.08312,9814.7999
1706729400000,1.08313,1.08642,1.08249,1.08572,22354.2698
1706730300000,1.08574,1.08641,1.08371,1.08403,17101.7798
1706731200000,1.08402,1.08417,1.07963,1.08124,17632.6801
1706732100000,1.08122,1.08178,1.08024,1.08027,13217.53
1706733000000,1.08027,1.08082,1.07949,1.08038,8643.1701
1706733900000,1.08038,1.08081,1.08,1.08077,8020.14
1706734800000,1.08077,1.0812,1.08055,1.08059,2385.34
1706735700000,1.08059,1.08152,1.08054,1.08118,878.72
1706736600000,1.08119,1.08191,1.08103,1.08141,1332.61
1706737500000,1.08142,1.08194,1.0812,1.0818,2233.14
1706738400000,1.0818,1.08186,1.08167,1.08186,57.89
1706739300000,1.08185,1.08191,1.0818,1.08187,72.14
1706740200000,1.08188,1.08203,1.08159,1.08159,1008.22
1706741100000,1.08158,1.08158,1.08084,1.08137,1313.64
1706742000000,1.08136,1.08169,1.08133,1.08138,701.44
1706742900000,1.08138,1.08139,1.08093,1.08098,772.98
1706743800000,1.08098,1.08108,1.08086,1.08102,1094.6
1706744700000,1.08102,1.08109,1.0803,1.08039,1059.29
1706745600000,1.08039,1.08065,1.08022,1.08028,2027.63
1706746500000,1.08028,1.08098,1.08016,1.08097,2899.7
1706747400000,1.08097,1.08137,1.0809,1.08134,3126.14
1706748300000,1.08134,1.08144,1.0808,1.08081,2535.2
1706749200000,1.08082,1.08109,1.08045,1.08103,3479.85
1706750100000,1.08103,1.08124,1.08085,1.08099,1920.15
1706751000000,1.081,1.08104,1.08066,1.0809,3355.96
1706751900000,1.08091,1.08101,1.08065,1.08089,2277.97
1706752800000,1.08088,1.08183,1.08084,1.08167,1917.62
1706753700000,1.08168,1.08191,1.08162,1.08175,1988.98
1706754600000,1.08174,1.08217,1.08173,1.08215,2461.1
1706755500000,1.08215,1.08216,1.08188,1.08192,1942.97
1706756400000,1.08191,1.08207,1.08181,1.08196,1388.38
1706757300000,1.08197,1.08198,1.08136,1.08141,1798.73
1706758200000,1.0814,1.08141,1.08109,1.08131,1465.55
1706759100000,1.08131,1.08147,1.08115,1.08116,865.94
1706760000000,1.08117,1.08127,1.08108,1.08111,979.81
1706760900000,1.08111,1.08135,1.08094,1.08095,1371.19
1706761800000,1.08094,1.08094,1.08074,1.08077,1189.69
1706762700000,1.08077,1.0809,1.08052,1.08076,1748.8
1706763600000,1.08076,1.08076,1.08035,1.08056,1835.55
1706764500000,1.08056,1.08068,1.08043,1.08049,1729.44
1706765400000,1.08049,1.08057,1.08026,1.08044,1936.35
1706766300000,1.08045,1.08056,1.08027,1.08027,2061.74
1706767200000,1.08026,1.0805,1.08023,1.08033,1611.35
1706768100000,1.08034,1.08038,1.07998,1.08002,2377.06
1706769000000,1.08,1.08043,1.07995,1.08016,1983.49
1706769900000,1.08016,1.0802,1.07938,1.0796,2503.58
1706770800000,1.07958,1.07972,1.07908,1.07915,4100.48
1706771700000,1.07915,1.07919,1.0784,1.07841,4652.47
1706772600000,1.0784,1.07894,1.07838,1.0785,3465.3
1706773500000,1.07849,1.07942,1.07838,1.07932,4360.68
1706774400000,1.07932,1.07939,1.07812,1.07856,7481.17
1706775300000,1.07858,1.07895,1.07828,1.07829,4818.35
1706776200000,1.07828,1.07868,1.07799,1.0786,5819.6901
1706777100000,1.0786,1.07919,1.07851,1.07916,7330.28
1706778000000,1.07916,1.07933,1.07866,1.07926,7910.8701
1706778900000,1.07926,1.07992,1.07905,1.07982,4052.94
1706779800000,1.07982,1.07999,1.07938,1.07941,4208.83
1706780700000,1.07943,1.08016,1.07943,1.07983,3213.71
1706781600000,1.07989,1.08027,1.07954,1.08014,3857.05
1706782500000,1.08013,1.08018,1.07949,1.07965,4366.69
1706783400000,1.07964,1.07998,1.07945,1.07969,3372.36
1706784300000,1.07968,1.07981,1.07914,1.07931,4017.36
1706785200000,1.07931,1.07968,1.07926,1.07943,3233.71
1706786100000,1.0794,1.08069,1.07932,1.08057,3277.1
1706787000000,1.08055,1.08104,1.08033,1.08073,2931.1
1706787900000,1.08073,1.08132,1.08061,1.08083,4174.67
1706788800000,1.08084,1.08138,1.08056,1.08121,8630.44
1706789700000,1.08122,1.0817,1.08106,1.08144,4543.17
1706790600000,1.08145,1.08178,1.08078,1.08178,5221.54
1706791500000,1.08178,1.08199,1.08132,1.08151,5023.54
1706792400000,1.0815,1.08173,1.08102,1.08151,6623.64
1706793300000,1.08153,1.08166,1.08087,1.08126,5784.33
1706794200000,1.08133,1.08259,1.08127,1.08228,13507.3799
1706795100000,1.08227,1.08272,1.08138,1.08138,9152.7501
1706796000000,1.08137,1.08198,1.08115,1.08194,9686.7101
1706796900000,1.08194,1.08213,1.08149,1.08158,7410.25
1706797800000,1.08157,1.08245,1.08125,1.08235,8448.93
1706798700000,1.08235,1.08298,1.08185,1.08265,10579.7401
1706799600000,1.08265,1.08277,1.08058,1.08232,20044.96
1706800500000,1.08232,1.08317,1.08205,1.08313,15293.54
1706801400000,1.08313,1.08318,1.08241,1.08279,13046.7102
1706802300000,1.08281,1.08317,1.08246,1.08264,9782.9799
1706803200000,1.08263,1.08437,1.08263,1.08423,9510.61
1706804100000,1.08425,1.08508,1.08414,1.08493,11658.19
1706805000000,1.08494,1.08604,1.08477,1.08599,10173.7
1706805900000,1.086,1.08658,1.08585,1.08645,8143.55
1706806800000,1.08645,1.08745,1.08621,1.08694,7090.89
1706807700000,1.08693,1.08707,1.08613,1.08617,7624.47
1706808600000,1.08617,1.08688,1.08607,1.08667,4527.39
1706809500000,1.08665,1.08747,1.08662,1.08727,4604.54
1706810400000,1.08727,1.08732,1.08648,1.08696,5619.86
1706811300000,1.08697,1.08698,1.0863,1.08634,6024.59
1706812200000,1.08636,1.08713,1.08629,1.08689,4795.33
1706813100000,1.08692,1.08715,1.08655,1.08698,3750.73
1706814000000,1.08698,1.08745,1.08698,1.08744,4183.18
1706814900000,1.08744,1.08748,1.08715,1.08732,3335.86
1706815800000,1.08735,1.08741,1.08678,1.08727,3532.32
1706816700000,1.08727,1.08738,1.08715,1.08718,3343.23
1706817600000,1.08719,1.08748,1.08712,1.08724,2735.52
1706818500000,1.08725,1.08726,1.08697,1.08711,1827.33
1706819400000,1.08711,1.08719,1.08695,1.08705,1798.48
1706820300000,1.08705,1.08719,1.08681,1.08716,1773.37
1706821200000,1.08715,1.08715,1.08681,1.08701,974.15
1706822100000,1.08701,1.08732,1.08701,1.08704,843.09
1706823000000,1.08705,1.0873,1.08702,1.08709,1071.48
1706823900000,1.08711,1.08725,1.08704,1.08712,1425.13
1706824800000,1.08712,1.08723,1.08706,1.08712,648.85
1706825700000,1.08712,1.08735,1.08668,1.08731,1444.99
1706826600000,1.0873,1.08731,1.08714,1.08721,3853.42
1706827500000,1.08722,1.08732,1.08717,1.08726,1004.76
1706828400000,1.08726,1.08761,1.08722,1.0875,1085.42
1706829300000,1.08751,1.08753,1.08736,1.08742,587.86
1706830200000,1.08743,1.08743,1.08731,1.08736,652.8
1706831100000,1.08737,1.08745,1.08736,1.08742,335.73
1706832000000,1.08741,1.08774,1.08738,1.08768,1192.42
1706832900000,1.08765,1.08796,1.08758,1.08792,1182.12
1706833800000,1.08791,1.08796,1.08782,1.08793,1091.7
1706834700000,1.08793,1.08793,1.08716,1.08727,1913.26
1706835600000,1.08727,1.08758,1.08707,1.08732,1877.96
1706836500000,1.08734,1.08743,1.0872,1.08737,2101.26
1706837400000,1.08736,1.08745,1.08706,1.08729,3213.61
1706838300000,1.08729,1.08732,1.08701,1.08716,2491.91
1706839200000,1.08717,1.08743,1.08713,1.08728,2138.88
1706840100000,1.08728,1.08737,1.08723,1.08736,1807.32
1706841000000,1.08735,1.08747,1.08722,1.08739,1506.47
1706841900000,1.08738,1.08786,1.08736,1.08784,1655.52
1706842800000,1.08786,1.08788,1.08764,1.0877,1642.59
1706843700000,1.0877,1.08773,1.08743,1.08747,2259.66
1706844600000,1.08748,1.08754,1.08734,1.08738,1877.46
1706845500000,1.08738,1.0877,1.08737,1.08767,1411.89
1706846400000,1.08765,1.08773,1.08756,1.08757,1346.6
1706847300000,1.08758,1.08765,1.08739,1.08739,1326.43
1706848200000,1.08739,1.08745,1.08733,1.08733,1349.07
1706849100000,1.08732,1.08743,1.08719,1.0873,1421.52
1706850000000,1.0873,1.08746,1.08723,1.08738,1502.99
1706850900000,1.08738,1.08778,1.08731,1.08769,1454.01
1706851800000,1.08769,1.08814,1.08768,1.08805,1515.45
1706852700000,1.08804,1.08825,1.08774,1.08774,1739.88
1706853600000,1.08774,1.0881,1.08766,1.08804,1673.7
1706854500000,1.08804,1.08804,1.08762,1.08791,2838.25
1706855400000,1.08792,1.08803,1.08774,1.08788,2551.68
1706856300000,1.08789,1.08801,1.08739,1.08757,3083.25
1706857200000,1.08757,1.08837,1.08743,1.08835,2864.59
1706858100000,1.08832,1.08869,1.08803,1.08804,2957.06
1706859000000,1.08803,1.08856,1.08799,1.08823,4471.04
1706859900000,1.08824,1.08835,1.08777,1.08808,3600.52
1706860800000,1.08809,1.08902,1.08798,1.08873,6172.9099
1706861700000,1.08872,1.08872,1.0876,1.08772,5528.77
1706862600000,1.08771,1.08801,1.08735,1.08779,4580.82
1706863500000,1.08778,1.08802,1.08745,1.08792,2700.51
1706864400000,1.08792,1.08875,1.08792,1.08857,3510.46
1706865300000,1.08857,1.08952,1.08844,1.0895,3033.53
1706866200000,1.08952,1.08974,1.08914,1.08969,2190.38
1706867100000,1.0897,1.08973,1.08881,1.08908,2875.37
1706868000000,1.08907,1.0895,1.08891,1.08907,2484.52
1706868900000,1.08907,1.08926,1.08851,1.08878,2201.41
1706869800000,1.08877,1.08884,1.08811,1.08815,2906.57
1706870700000,1.08814,1.08867,1.08806,1.08845,2495.09
1706871600000,1.08844,1.08863,1.08789,1.08794,1743.1
1706872500000,1.08791,1.08834,1.08781,1.08833,2459.65
1706873400000,1.08832,1.08848,1.08822,1.08829,2346.05
1706874300000,1.08829,1.08838,1.08807,1.08835,2411.03
1706875200000,1.08837,1.08851,1.08802,1.0881,1860.09
1706876100000,1.08811,1.08845,1.08806,1.0882,1947.72
1706877000000,1.08815,1.08829,1.08777,1.08787,3118.71
1706877900000,1.08787,1.08832,1.08776,1.08803,3323.47
1706878800000,1.08802,1.08854,1.08791,1.0885,4337.27
1706879700000,1.08851,1.0886,1.08808,1.0884,4979.63
1706880600000,1.08838,1.08838,1.0811,1.08278,19004.7798
1706881500000,1.08276,1.08276,1.08036,1.08072,13770.9399
1706882400000,1.08071,1.08085,1.07916,1.08034,12951.06
1706883300000,1.08035,1.08084,1.07992,1.07994,10348.88
1706884200000,1.07994,1.08058,1.0794,1.08024,10313.3999
1706885100000,1.08024,1.08168,1.08024,1.08086,10305.48
1706886000000,1.08086,1.0811,1.07898,1.07935,14355.1398
1706886900000,1.07936,1.07939,1.0784,1.07845,11986.1
1706887800000,1.07844,1.07984,1.07832,1.07971,8917.85
1706888700000,1.07969,1.08044,1.07944,1.08023,8363.58
1706889600000,1.08024,1.08037,1.0795,1.07953,8796.5799
1706890500000,1.07953,1.07972,1.07905,1.07932,7863.1001
1706891400000,1.07932,1.0795,1.07853,1.07863,7253.58
1706892300000,1.07863,1.07863,1.07823,1.07861,5325.48
1706893200000,1.07861,1.07878,1.07828,1.07869,3466.5
1706894100000,1.07869,1.07925,1.07857,1.0789,3604.76
1706895000000,1.07889,1.07912,1.07825,1.0783,3711.98
1706895900000,1.07831,1.07851,1.07808,1.07834,3990.47
1706896800000,1.07836,1.07848,1.07804,1.07814,5156.32
1706897700000,1.07813,1.07865,1.07804,1.07832,4822.02
1706898600000,1.07831,1.0791,1.07819,1.07909,4813.3999
1706899500000,1.0791,1.0791,1.07852,1.07881,2873.38
1706900400000,1.07882,1.07909,1.07861,1.07904,2433.92
1706901300000,1.07904,1.07925,1.07889,1.07905,2617.57
1706902200000,1.07906,1.07934,1.07895,1.07925,2610.64
1706903100000,1.07925,1.07957,1.07903,1.07925,3669.5
1706904000000,1.07926,1.0797,1.0792,1.07957,1560.74
1706904900000,1.07958,1.07974,1.07927,1.07952,2125.14
1706905800000,1.07949,1.0795,1.07925,1.07931,1879.37
1706906700000,1.0793,1.07953,1.07928,1.07931,2415.04
1706907600000,1.07931,1.07938,1.07926,1.07937,1436.5
1706908500000,1.07938,1.07939,1.07909,1.07912,1496.82
1706909400000,1.07914,1.07915,1.07875,1.07879,1327.59
1706910300000,1.07878,1.07897,1.07849,1.07849,1850.74
1706911200000,1.07849,1.07849,1.07849,1.07849,0
1706912100000,1.07849,1.07849,1.07849,1.07849,0
1706913000000,1.07849,1.07849,1.07849,1.07849,0
1706913900000,1.07849,1.07849,1.07849,1.07849,0
1706914800000,1.07849,1.07849,1.07849,1.07849,0
1706915700000,1.07849,1.07849,1.07849,1.07849,0
1706916600000,1.07849,1.07849,1.07849,1.07849,0
1706917500000,1.07849,1.07849,1.07849,1.07849,0
1706918400000,1.07849,1.07849,1.07849,1.07849,0
1706919300000,1.07849,1.07849,1.07849,1.07849,0
1706920200000,1.07849,1.07849,1.07849,1.07849,0
1706921100000,1.07849,1.07849,1.07849,1.07849,0
1706922000000,1.07849,1.07849,1.07849,1.07849,0
1706922900000,1.07849,1.07849,1.07849,1.07849,0
1706923800000,1.07849,1.07849,1.07849,1.07849,0
1706924700000,1.07849,1.07849,1.07849,1.07849,0
1706925600000,1.07849,1.07849,1.07849,1.07849,0
1706926500000,1.07849,1.07849,1.07849,1.07849,0
1706927400000,1.07849,1.07849,1.07849,1.07849,0
1706928300000,1.07849,1.07849,1.07849,1.07849,0
1706929200000,1.07849,1.07849,1.07849,1.07849,0
1706930100000,1.07849,1.07849,1.07849,1.07849,0
1706931000000,1.07849,1.07849,1.07849,1.07849,0
1706931900000,1.07849,1.07849,1.07849,1.07849,0
1706932800000,1.07849,1.07849,1.07849,1.07849,0
1706933700000,1.07849,1.07849,1.07849,1.07849,0
1706934600000,1.07849,1.07849,1.07849,1.07849,0
1706935500000,1.07849,1.07849,1.07849,1.07849,0
1706936400000,1.07849,1.07849,1.07849,1.07849,0
1706937300000,1.07849,1.07849,1.07849,1.07849,0
1706938200000,1.07849,1.07849,1.07849,1.07849,0
1706939100000,1.07849,1.07849,1.07849,1.07849,0
1706940000000,1.07849,1.07849,1.07849,1.07849,0
1706940900000,1.07849,1.07849,1.07849,1.07849,0
1706941800000,1.07849,1.07849,1.07849,1.07849,0
1706942700000,1.07849,1.07849,1.07849,1.07849,0
1706943600000,1.07849,1.07849,1.07849,1.07849,0
1706944500000,1.07849,1.07849,1.07849,1.07849,0
1706945400000,1.07849,1.07849,1.07849,1.07849,0
1706946300000,1.07849,1.07849,1.07849,1.07849,0
1706947200000,1.07849,1.07849,1.07849,1.07849,0
1706948100000,1.07849,1.07849,1.07849,1.07849,0
1706949000000,1.07849,1.07849,1.07849,1.07849,0
1706949900000,1.07849,1.07849,1.07849,1.07849,0
1706950800000,1.07849,1.07849,1.07849,1.07849,0
1706951700000,1.07849,1.07849,1.07849,1.07849,0
1706952600000,1.07849,1.07849,1.07849,1.07849,0
1706953500000,1.07849,1.07849,1.07849,1.07849,0
1706954400000,1.07849,1.07849,1.07849,1.07849,0
1706955300000,1.07849,1.07849,1.07849,1.07849,0
1706956200000,1.07849,1.07849,1.07849,1.07849,0
1706957100000,1.07849,1.07849,1.07849,1.07849,0
1706958000000,1.07849,1.07849,1.07849,1.07849,0
1706958900000,1.07849,1.07849,1.07849,1.07849,0
1706959800000,1.07849,1.07849,1.07849,1.07849,0
1706960700000,1.07849,1.07849,1.07849,1.07849,0
1706961600000,1.07849,1.07849,1.07849,1.07849,0
1706962500000,1.07849,1.07849,1.07849,1.07849,0
1706963400000,1.07849,1.07849,1.07849,1.07849,0
1706964300000,1.07849,1.07849,1.07849,1.07849,0
1706965200000,1.07849,1.07849,1.07849,1.07849,0
1706966100000,1.07849,1.07849,1.07849,1.07849,0
1706967000000,1.07849,1.07849,1.07849,1.07849,0
1706967900000,1.07849,1.07849,1.07849,1.07849,0
1706968800000,1.07849,1.07849,1.07849,1.07849,0
1706969700000,1.07849,1.07849,1.07849,1.07849,0
1706970600000,1.07849,1.07849,1.07849,1.07849,0
1706971500000,1.07849,1.07849,1.07849,1.07849,0
1706972400000,1.07849,1.07849,1.07849,1.07849,0
1706973300000,1.07849,1.07849,1.07849,1.07849,0
1706974200000,1.07849,1.07849,1.07849,1.07849,0
1706975100000,1.07849,1.07849,1.07849,1.07849,0
1706976000000,1.07849,1.07849,1.07849,1.07849,0
1706976900000,1.07849,1.07849,1.07849,1.07849,0
1706977800000,1.07849,1.07849,1.07849,1.07849,0
1706978700000,1.07849,1.07849,1.07849,1.07849,0
1706979600000,1.07849,1.07849,1.07849,1.07849,0
1706980500000,1.07849,1.07849,1.07849,1.07849,0
1706981400000,1.07849,1.07849,1.07849,1.07849,0
1706982300000,1.07849,1.07849,1.07849,1.07849,0
1706983200000,1.07849,1.07849,1.07849,1.07849,0
1706984100000,1.07849,1.07849,1.07849,1.07849,0
1706985000000,1.07849,1.07849,1.07849,1.07849,0
1706985900000,1.07849,1.07849,1.07849,1.07849,0
1706986800000,1.07849,1.07849,1.07849,1.07849,0
1706987700000,1.07849,1.07849,1.07849,1.07849,0
1706988600000,1.07849,1.07849,1.07849,1.07849,0
1706989500000,1.07849,1.07849,1.07849,1.07849,0
1706990400000,1.07849,1.07849,1.07849,1.07849,0
1706991300000,1.07849,1.07849,1.07849,1.07849,0
1706992200000,1.07849,1.07849,1.07849,1.07849,0
1706993100000,1.07849,1.07849,1.07849,1.07849,0
1706994000000,1.07849,1.07849,1.07849,1.07849,0
1706994900000,1.07849,1.07849,1.07849,1.07849,0
1706995800000,1.07849,1.07849,1.07849,1.07849,0
1706996700000,1.07849,1.07849,1.07849,1.07849,0
1706997600000,1.07849,1.07849,1.07849,1.07849,0
1706998500000,1.07849,1.07849,1.07849,1.07849,0
1706999400000,1.07849,1.07849,1.07849,1.07849,0
1707000300000,1.07849,1.07849,1.07849,1.07849,0
1707001200000,1.07849,1.07849,1.07849,1.07849,0
1707002100000,1.07849,1.07849,1.07849,1.07849,0
1707003000000,1.07849,1.07849,1.07849,1.07849,0
1707003900000,1.07849,1.07849,1.07849,1.07849,0
1707004800000,1.07849,1.07849,1.07849,1.07849,0
1707005700000,1.07849,1.07849,1.07849,1.07849,0
1707006600000,1.07849,1.07849,1.07849,1.07849,0
1707007500000,1.07849,1.07849,1.07849,1.07849,0
1707008400000,1.07849,1.07849,1.07849,1.07849,0
1707009300000,1.07849,1.07849,1.07849,1.07849,0
1707010200000,1.07849,1.07849,1.07849,1.07849,0
1707011100000,1.07849,1.07849,1.07849,1.07849,0
1707012000000,1.07849,1.07849,1.07849,1.07849,0
1707012900000,1.07849,1.07849,1.07849,1.07849,0
1707013800000,1.07849,1.07849,1.07849,1.07849,0
1707014700000,1.07849,1.07849,1.07849,1.07849,0
1707015600000,1.07849,1.07849,1.07849,1.07849,0
1707016500000,1.07849,1.07849,1.07849,1.07849,0
1707017400000,1.07849,1.07849,1.07849,1.07849,0
1707018300000,1.07849,1.07849,1.07849,1.07849,0
1707019200000,1.07849,1.07849,1.07849,1.07849,0
1707020100000,1.07849,1.07849,1.07849,1.07849,0
1707021000000,1.07849,1.07849,1.07849,1.07849,0
1707021900000,1.07849,1.07849,1.07849,1.07849,0
1707022800000,1.07849,1.07849,1.07849,1.07849,0
1707023700000,1.07849,1.07849,1.07849,1.07849,0
1707024600000,1.07849,1.07849,1.07849,1.07849,0
1707025500000,1.07849,1.07849,1.07849,1.07849,0
1707026400000,1.07849,1.07849,1.07849,1.07849,0
1707027300000,1.07849,1.07849,1.07849,1.07849,0
1707028200000,1.07849,1.07849,1.07849,1.07849,0
1707029100000,1.07849,1.07849,1.07849,1.07849,0
1707030000000,1.07849,1.07849,1.07849,1.07849,0
1707030900000,1.07849,1.07849,1.07849,1.07849,0
1707031800000,1.07849,1.07849,1.07849,1.07849,0
1707032700000,1.07849,1.07849,1.07849,1.07849,0
1707033600000,1.07849,1.07849,1.07849,1.07849,0
1707034500000,1.07849,1.07849,1.07849,1.07849,0
1707035400000,1.07849,1.07849,1.07849,1.07849,0
1707036300000,1.07849,1.07849,1.07849,1.07849,0
1707037200000,1.07849,1.07849,1.07849,1.07849,0
1707038100000,1.07849,1.07849,1.07849,1.07849,0
1707039000000,1.07849,1.07849,1.07849,1.07849,0
1707039900000,1.07849,1.07849,1.07849,1.07849,0
1707040800000,1.07849,1.07849,1.07849,1.07849,0
1707041700000,1.07849,1.07849,1.07849,1.07849,0
1707042600000,1.07849,1.07849,1.07849,1.07849,0
1707043500000,1.07849,1.07849,1.07849,1.07849,0
1707044400000,1.07849,1.07849,1.07849,1.07849,0
1707045300000,1.07849,1.07849,1.07849,1.07849,0
1707046200000,1.07849,1.07849,1.07849,1.07849,0
1707047100000,1.07849,1.07849,1.07849,1.07849,0
1707048000000,1.07849,1.07849,1.07849,1.07849,0
1707048900000,1.07849,1.07849,1.07849,1.07849,0
1707049800000,1.07849,1.07849,1.07849,1.07849,0
1707050700000,1.07849,1.07849,1.07849,1.07849,0
1707051600000,1.07849,1.07849,1.07849,1.07849,0
1707052500000,1.07849,1.07849,1.07849,1.07849,0
1707053400000,1.07849,1.07849,1.07849,1.07849,0
1707054300000,1.07849,1.07849,1.07849,1.07849,0
1707055200000,1.07849,1.07849,1.07849,1.07849,0
1707056100000,1.07849,1.07849,1.07849,1.07849,0
1707057000000,1.07849,1.07849,1.07849,1.07849,0
1707057900000,1.07849,1.07849,1.07849,1.07849,0
1707058800000,1.07849,1.07849,1.07849,1.07849,0
1707059700000,1.07849,1.07849,1.07849,1.07849,0
1707060600000,1.07849,1.07849,1.07849,1.07849,0
1707061500000,1.07849,1.07849,1.07849,1.07849,0
1707062400000,1.07849,1.07849,1.07849,1.07849,0
1707063300000,1.07849,1.07849,1.07849,1.07849,0
1707064200000,1.07849,1.07849,1.07849,1.07849,0
1707065100000,1.07849,1.07849,1.07849,1.07849,0
1707066000000,1.07849,1.07849,1.07849,1.07849,0
1707066900000,1.07849,1.07849,1.07849,1.07849,0
1707067800000,1.07849,1.07849,1.07849,1.07849,0
1707068700000,1.07849,1.07849,1.07849,1.07849,0
1707069600000,1.07849,1.07849,1.07849,1.07849,0
1707070500000,1.07849,1.07849,1.07849,1.07849,0
1707071400000,1.07849,1.07849,1.07849,1.07849,0
1707072300000,1.07849,1.07849,1.07849,1.07849,0
1707073200000,1.07849,1.07849,1.07849,1.07849,0
1707074100000,1.07849,1.07849,1.07849,1.07849,0
1707075000000,1.07849,1.07849,1.07849,1.07849,0
1707075900000,1.07849,1.07849,1.07849,1.07849,0
1707076800000,1.07849,1.07849,1.07849,1.07849,0
1707077700000,1.07849,1.07849,1.07849,1.07849,0
1707078600000,1.07849,1.07849,1.07849,1.07849,0
1707079500000,1.07849,1.07849,1.07849,1.07849,0
1707080400000,1.07849,1.07849,1.07849,1.07849,0
1707081300000,1.07849,1.07849,1.07849,1.07849,0
1707082200000,1.07849,1.07849,1.07849,1.07849,0
1707083100000,1.07849,1.07849,1.07849,1.07849,0
1707084000000,1.07854,1.07857,1.07814,1.07832,887.9
1707084900000,1.07832,1.07839,1.07814,1.0782,884.61
1707085800000,1.07822,1.07852,1.0782,1.07852,371.36
1707086700000,1.07856,1.07858,1.07796,1.07803,1481.85
1707087600000,1.07799,1.07835,1.07706,1.07712,2201.65
1707088500000,1.07711,1.07741,1.07698,1.0774,1097.29
1707089400000,1.07741,1.07799,1.0774,1.07771,1707.78
1707090300000,1.07771,1.07812,1.07766,1.07796,1855.89
1707091200000,1.07796,1.07831,1.07707,1.07776,4366.8399
1707092100000,1.07778,1.07778,1.07702,1.0773,5685.9
1707093000000,1.07732,1.07734,1.07673,1.077,5250
1707093900000,1.07699,1.07743,1.07676,1.07726,2792.15
1707094800000,1.07726,1.07772,1.0772,1.0772,2653.2
1707095700000,1.0772,1.07727,1.07686,1.07711,2946.96
1707096600000,1.07711,1.07766,1.07711,1.07757,2144.63
1707097500000,1.07755,1.07787,1.07738,1.07783,2164.13
1707098400000,1.07783,1.07803,1.07777,1.07794,2411.64
1707099300000,1.07791,1.07811,1.07768,1.07798,1918.38
1707100200000,1.07798,1.07806,1.07769,1.07778,1901.16
1707101100000,1.07779,1.07798,1.07755,1.07788,1624.84
1707102000000,1.07789,1.07809,1.07762,1.07769,1672.94
1707102900000,1.0777,1.07786,1.07743,1.07761,1818.31
1707103800000,1.0776,1.07788,1.07759,1.07783,1390.44
1707104700000,1.07782,1.07808,1.07778,1.07791,1638.78
1707105600000,1.0779,1.078,1.07772,1.07778,841.93
1707106500000,1.07778,1.07794,1.07769,1.07774,1199.46
1707107400000,1.07775,1.07789,1.07755,1.07756,1252.26
1707108300000,1.07758,1.07788,1.07756,1.07788,1105.14
1707109200000,1.07788,1.0779,1.07733,1.07762,2131.56
1707110100000,1.07762,1.07796,1.0776,1.07789,1724.35
1707111000000,1.07789,1.07793,1.07757,1.07779,1594.99
1707111900000,1.07778,1.0782,1.07756,1.07819,2151.23
1707112800000,1.07819,1.07847,1.07795,1.07822,1707.82
1707113700000,1.07822,1.07847,1.07801,1.07846,1086.03
1707114600000,1.07844,1.07844,1.07786,1.07795,1559.05
1707115500000,1.07798,1.0781,1.07772,1.07779,2604.47
1707116400000,1.07778,1.07786,1.07744,1.07748,3641.11
1707117300000,1.07747,1.07763,1.07732,1.07748,2112.71
1707118200000,1.07748,1.07832,1.07726,1.07801,2646.27
1707119100000,1.07801,1.07819,1.0777,1.07802,2137.69
1707120000000,1.07802,1.07861,1.07771,1.07844,4402.29
1707120900000,1.07844,1.0785,1.07727,1.07728,4414.78
1707121800000,1.07728,1.07744,1.07678,1.07699,4944.9
1707122700000,1.07702,1.07708,1.07635,1.07667,5509.42
1707123600000,1.07667,1.07728,1.0766,1.07669,3311.8401
1707124500000,1.0767,1.0767,1.07604,1.07614,3870.01
1707125400000,1.07617,1.07635,1.07598,1.07601,4127.02
1707126300000,1.07603,1.07617,1.07519,1.07537,3930.84
1707127200000,1.07536,1.0756,1.07503,1.0753,3719.93
1707128100000,1.0753,1.07557,1.07499,1.07502,2731.81
1707129000000,1.07501,1.07551,1.0748,1.07494,4520.01
1707129900000,1.07493,1.07521,1.07477,1.07492,2571.23
1707130800000,1.07493,1.07543,1.07469,1.07527,2287.79
1707131700000,1.07529,1.07572,1.07518,1.07562,1612.12
1707132600000,1.07563,1.07566,1.07483,1.07554,3086.21
1707133500000,1.07554,1.07585,1.07509,1.07548,2554.52
1707134400000,1.07551,1.07561,1.07493,1.07524,2486.87
1707135300000,1.07524,1.07575,1.07508,1.07571,1949.13
1707136200000,1.07569,1.07575,1.07506,1.07507,2224.79
1707137100000,1.07506,1.07548,1.07494,1.07496,3586.41
1707138000000,1.07496,1.07504,1.07449,1.07464,5122.61
1707138900000,1.07464,1.07475,1.07448,1.07457,5928.72
1707139800000,1.07456,1.0748,1.07429,1.07436,5428.63
1707140700000,1.07434,1.07456,1.07362,1.07374,4324.01
1707141600000,1.07374,1.07445,1.07372,1.07444,3671.8
1707142500000,1.07443,1.0745,1.07415,1.07418,3312.7
1707143400000,1.07418,1.07443,1.07352,1.07353,6845.67
1707144300000,1.07354,1.07439,1.07354,1.0742,6716.7901
1707145200000,1.07419,1.07419,1.07253,1.07338,14438.3201
1707146100000,1.07338,1.07377,1.07268,1.07366,8618.41
1707147000000,1.07366,1.07381,1.07231,1.07253,6115.77
1707147900000,1.07253,1.07318,1.07235,1.07252,5525.12
1707148800000,1.07252,1.07314,1.07246,1.07269,3649.3
1707149700000,1.0727,1.07295,1.07255,1.07273,4228.47
1707150600000,1.07274,1.07314,1.07271,1.07284,3509.74
1707151500000,1.07286,1.07359,1.07286,1.07352,2902.05
1707152400000,1.07353,1.07364,1.0734,1.07359,2166.03
1707153300000,1.07358,1.07412,1.07353,1.07404,1594.48
1707154200000,1.07405,1.07428,1.07378,1.07382,2595.19
1707155100000,1.07382,1.07421,1.07378,1.07391,2411.6
1707156000000,1.07392,1.07437,1.07374,1.07429,2583.62
1707156900000,1.07429,1.07443,1.07408,1.07414,2146.49
1707157800000,1.07415,1.07459,1.07413,1.07444,1734.93
1707158700000,1.07444,1.07465,1.07427,1.0744,1309.83
1707159600000,1.0744,1.07462,1.07432,1.07437,1549.13
1707160500000,1.07436,1.07459,1.07422,1.07452,1645.08
1707161400000,1.07451,1.07464,1.07431,1.07433,1336.12
1707162300000,1.07433,1.07453,1.07421,1.07429,2370.83
1707163200000,1.07429,1.0743,1.07367,1.07372,2163.19
1707164100000,1.07373,1.07404,1.07368,1.07393,2816.13
1707165000000,1.07393,1.07418,1.07388,1.07413,1773.68
1707165900000,1.07414,1.0744,1.07414,1.07425,1693.7
1707166800000,1.07425,1.07429,1.07398,1.07398,1091.98
1707167700000,1.07398,1.07405,1.07393,1.07401,864.36
1707168600000,1.07402,1.07408,1.07395,1.07405,1134.23
1707169500000,1.07406,1.07426,1.07404,1.07418,1082.61
1707170400000,1.07418,1.07418,1.07403,1.07404,128.75
1707171300000,1.07404,1.07404,1.07391,1.07391,181.5
1707172200000,1.07391,1.07423,1.07391,1.07411,237.84
1707173100000,1.07411,1.07435,1.0741,1.07425,1181.79
1707174000000,1.0743,1.07433,1.07421,1.07426,376.65
1707174900000,1.07426,1.07433,1.07425,1.07428,173.43
1707175800000,1.07428,1.07429,1.0741,1.07427,343.71
1707176700000,1.07426,1.07434,1.07408,1.0741,792.9
1707177600000,1.07409,1.07439,1.07409,1.07423,1687.72
1707178500000,1.07424,1.07432,1.0742,1.07424,1449.2
1707179400000,1.07423,1.07442,1.07421,1.07439,1152.06
1707180300000,1.0744,1.07452,1.07431,1.07438,726.31
1707181200000,1.07439,1.07472,1.07435,1.07462,2418.27
1707182100000,1.07462,1.07468,1.07426,1.07447,2657.44
1707183000000,1.07448,1.07462,1.07415,1.07431,1649.56
1707183900000,1.0743,1.07462,1.07428,1.07453,2307.93
1707184800000,1.07454,1.07466,1.07438,1.07444,1432.48
1707185700000,1.07444,1.07458,1.07442,1.0745,1240.87
1707186600000,1.0745,1.0749,1.07448,1.07488,1335.12
1707187500000,1.07488,1.07489,1.07454,1.07458,990.84
1707188400000,1.07459,1.0747,1.07453,1.07458,683.33
1707189300000,1.07457,1.07481,1.07454,1.07462,1127.82
1707190200000,1.07462,1.07488,1.07444,1.07444,1425.14
1707191100000,1.07444,1.07453,1.07434,1.07439,1084.15
1707192000000,1.07439,1.07453,1.07434,1.07444,1208.45
1707192900000,1.07444,1.07503,1.07439,1.07503,1870.36
1707193800000,1.07502,1.07503,1.0747,1.07484,1467.25
1707194700000,1.07484,1.07501,1.0748,1.07489,1422.97
1707195600000,1.0749,1.07515,1.07486,1.07498,2240.26
1707196500000,1.07498,1.07512,1.0749,1.07509,1573.46
1707197400000,1.0751,1.07539,1.07509,1.07537,1585.49
1707198300000,1.07538,1.07541,1.07524,1.07535,971.31
1707199200000,1.07533,1.07533,1.07493,1.07508,958.64
1707200100000,1.07507,1.07512,1.0749,1.07492,2242.91
1707201000000,1.07493,1.07528,1.07482,1.07513,1933.32
1707201900000,1.07514,1.0753,1.07502,1.07508,976.3
1707202800000,1.07509,1.07614,1.07507,1.07604,3787.27
1707203700000,1.07604,1.07623,1.07572,1.0758,2337.6
1707204600000,1.07579,1.07603,1.0754,1.07569,3481.64
1707205500000,1.07569,1.07574,1.07516,1.07517,2797.41
1707206400000,1.07517,1.07573,1.07517,1.07568,5360.79
1707207300000,1.07569,1.076,1.07545,1.07563,2968.36
1707208200000,1.07562,1.07577,1.07506,1.07517,3309.62
1707209100000,1.07516,1.07516,1.0745,1.0746,4398.35
1707210000000,1.07461,1.07473,1.0741,1.07437,5714.08
1707210900000,1.07436,1.07436,1.0739,1.07406,2455.78
1707211800000,1.07407,1.07452,1.07379,1.07384,4016.16
1707212700000,1.07384,1.07385,1.07254,1.07291,5365.24
1707213600000,1.07291,1.07337,1.07279,1.07334,2600.64
1707214500000,1.07333,1.07363,1.07305,1.07306,1921.24
1707215400000,1.07307,1.07326,1.07279,1.07287,2534.71
1707216300000,1.07286,1.07333,1.07276,1.07291,2706.46
1707217200000,1.07292,1.07306,1.07254,1.07262,3815.53
1707218100000,1.07263,1.07346,1.07242,1.0734,2256.13
1707219000000,1.0734,1.07395,1.07324,1.07394,2325.55
1707219900000,1.07392,1.07429,1.07385,1.07385,1975.21
1707220800000,1.07384,1.07392,1.07344,1.07346,2773.74
1707221700000,1.07345,1.07358,1.07271,1.07277,2488.39
1707222600000,1.07277,1.07332,1.07225,1.07332,2226.9
1707223500000,1.07333,1.07388,1.07327,1.07358,2815.38
1707224400000,1.0736,1.0744,1.07319,1.07399,5501.94
1707225300000,1.07399,1.07415,1.07315,1.07316,5886.15
1707226200000,1.07315,1.07347,1.0728,1.07317,3286.94
1707227100000,1.07317,1.07335,1.0728,1.07304,6633
1707228000000,1.07304,1.07376,1.07296,1.07349,7010.73
1707228900000,1.0735,1.07355,1.07289,1.07326,7596.42
1707229800000,1.07328,1.07403,1.073,1.07394,9639.1501
1707230700000,1.07394,1.07436,1.07389,1.07402,7267.4901
1707231600000,1.07406,1.0747,1.07367,1.07467,6535.58
1707232500000,1.07468,1.07479,1.07393,1.07421,7457.23
1707233400000,1.07421,1.07483,1.07395,1.07451,6542.1201
1707234300000,1.07452,1.07463,1.07407,1.07432,5598.08
1707235200000,1.07431,1.07448,1.0739,1.07416,4033.97
1707236100000,1.07414,1.07493,1.07414,1.07484,2833.52
1707237000000,1.07489,1.07533,1.07458,1.07525,4898.78
1707237900000,1.07526,1.07532,1.07503,1.07505,4375.03
1707238800000,1.07504,1.07518,1.07478,1.07504,5983.24
1707239700000,1.07505,1.07536,1.07497,1.07514,5317.37
1707240600000,1.07515,1.07524,1.07482,1.07514,4270.08
1707241500000,1.07515,1.07552,1.07497,1.07509,4098.7401
1707242400000,1.07508,1.07556,1.07475,1.07491,4837.38
1707243300000,1.07488,1.07514,1.07435,1.07458,3296.38
1707244200000,1.07459,1.0752,1.07459,1.07517,2607.42
1707245100000,1.07517,1.07543,1.07517,1.07539,1930.56
1707246000000,1.07538,1.07546,1.07469,1.07471,2901.69
1707246900000,1.0747,1.07513,1.07469,1.0748,3717.73
1707247800000,1.0748,1.07505,1.07468,1.0748,4189.2
1707248700000,1.07481,1.07502,1.07474,1.07493,4192.41
1707249600000,1.07494,1.07542,1.07494,1.07536,1585.09
1707250500000,1.07537,1.07538,1.0751,1.07527,1992.62
1707251400000,1.07527,1.07543,1.07517,1.07532,2401.48
1707252300000,1.07533,1.07574,1.0753,1.07566,2000.85
1707253200000,1.07565,1.07565,1.07531,1.07545,718.27
1707254100000,1.07545,1.07545,1.07525,1.07532,425.42
1707255000000,1.07532,1.0755,1.07526,1.07542,965.22
1707255900000,1.07542,1.07561,1.07535,1.0754,1142.01
1707256800000,1.07539,1.07556,1.07524,1.07556,567.68
1707257700000,1.07556,1.07556,1.07492,1.07543,1247.63
1707258600000,1.07542,1.0755,1.0753,1.0753,6253.31
1707259500000,1.0753,1.07541,1.07529,1.07532,2634.21
1707260400000,1.07539,1.07564,1.07533,1.07559,532.42
1707261300000,1.07559,1.07559,1.07553,1.07558,388.39
1707262200000,1.07558,1.07566,1.07553,1.07559,233.37
1707263100000,1.07559,1.07567,1.07556,1.07566,371.61
1707264000000,1.07569,1.07578,1.0756,1.07571,873.39
1707264900000,1.0757,1.07571,1.07559,1.07569,1106.9
1707265800000,1.07569,1.07593,1.07568,1.0758,963.04
1707266700000,1.07582,1.07592,1.0757,1.07589,1305.67
1707267600000,1.07592,1.07624,1.07589,1.07614,1509.9
1707268500000,1.07613,1.07627,1.07604,1.0762,1242.32
1707269400000,1.0762,1.07624,1.07603,1.0762,2280.83
1707270300000,1.0762,1.07649,1.07618,1.07634,2343.66
1707271200000,1.07633,1.0764,1.07616,1.07639,2467.13
1707272100000,1.07639,1.07655,1.07635,1.0765,1675.92
1707273000000,1.0765,1.07656,1.07638,1.07646,1226.88
1707273900000,1.07646,1.07652,1.07633,1.07636,919.44
1707274800000,1.07636,1.07656,1.07627,1.07655,1258.4
1707275700000,1.07656,1.07665,1.07631,1.07637,1154.12
1707276600000,1.07637,1.07637,1.07604,1.07611,863.89
1707277500000,1.07611,1.07611,1.07584,1.07588,1381.28
1707278400000,1.07587,1.07589,1.07566,1.07576,932
1707279300000,1.07577,1.076,1.07575,1.07587,1437.78
1707280200000,1.07588,1.0759,1.07578,1.07584,1001.72
1707281100000,1.07584,1.07601,1.07577,1.0759,1230.6
1707282000000,1.07589,1.07608,1.07579,1.07585,1268.15
1707282900000,1.07585,1.07614,1.07583,1.07614,1136.34
1707283800000,1.07614,1.07625,1.076,1.0762,1307.13
1707284700000,1.07621,1.07644,1.07617,1.07626,1503.99
1707285600000,1.07626,1.07655,1.07625,1.07628,1720.88
1707286500000,1.07628,1.07636,1.07585,1.07586,1503.64
1707287400000,1.07585,1.07605,1.07567,1.076,2176.81
1707288300000,1.07599,1.07629,1.07595,1.07611,2209.06
1707289200000,1.07612,1.07691,1.07609,1.0769,3389.34
1707290100000,1.0769,1.07713,1.07681,1.07705,2460.45
1707291000000,1.07705,1.0772,1.07682,1.07699,3754.51
1707291900000,1.07699,1.07728,1.07672,1.07725,3661.13
1707292800000,1.07725,1.07734,1.0765,1.07655,6104.66
1707293700000,1.07654,1.07673,1.07604,1.0763,4123.69
1707294600000,1.07632,1.07649,1.07609,1.07633,4157.4
1707295500000,1.07634,1.07652,1.07614,1.07627,3088.4
1707296400000,1.07627,1.07633,1.07578,1.0762,3743.77
1707297300000,1.07621,1.07636,1.076,1.07633,3244.3
1707298200000,1.07634,1.07695,1.07628,1.07678,4735.56
1707299100000,1.07679,1.07709,1.07664,1.07693,3113.52
1707300000000,1.07691,1.07705,1.07645,1.0767,3580.51
1707300900000,1.0767,1.07708,1.07645,1.07697,4346.96
1707301800000,1.07697,1.07704,1.0764,1.07654,3566.04
1707302700000,1.07653,1.07667,1.07627,1.07641,3632.84
1707303600000,1.0764,1.07707,1.07622,1.0764,3195.27
1707304500000,1.07641,1.07694,1.07637,1.07691,2716.07
1707305400000,1.07691,1.07731,1.07673,1.07699,3735.65
1707306300000,1.07699,1.07739,1.07693,1.07709,2447.67
1707307200000,1.07709,1.07734,1.07688,1.077,3517.59
1707308100000,1.07701,1.07708,1.0766,1.07699,4360.95
1707309000000,1.07701,1.07706,1.07664,1.07703,4137.66
1707309900000,1.07703,1.07752,1.07679,1.07737,3652.64
1707310800000,1.07738,1.07765,1.07717,1.07764,3875.6301
1707311700000,1.07764,1.0782,1.07737,1.07819,5649.5
1707312600000,1.0782,1.07838,1.07733,1.07733,4990.31
1707313500000,1.07732,1.07733,1.07668,1.07701,3652.8
1707314400000,1.07702,1.0778,1.07701,1.07727,3801.75
1707315300000,1.07728,1.07738,1.07654,1.07689,3632.33
1707316200000,1.07689,1.07777,1.0766,1.07748,8272.69
1707317100000,1.07749,1.07762,1.077,1.07713,12274.87
1707318000000,1.07715,1.07723,1.07643,1.07701,9560.82
1707318900000,1.077,1.07744,1.07658,1.07737,7248.6
1707319800000,1.07736,1.07798,1.07695,1.07743,8584.46
1707320700000,1.07743,1.07765,1.07556,1.07566,7803.6501
1707321600000,1.07567,1.07648,1.07562,1.07642,7482.7201
1707322500000,1.07644,1.07654,1.07572,1.07643,5021.39
1707323400000,1.07645,1.07678,1.07644,1.07669,5089.12
1707324300000,1.07667,1.07712,1.07662,1.07677,5282.7999
1707325200000,1.07676,1.07678,1.07603,1.0764,4582.87
1707326100000,1.07641,1.07655,1.07595,1.0762,4078.86
1707327000000,1.07619,1.07636,1.07593,1.07633,4407.95
1707327900000,1.07635,1.07649,1.07626,1.07648,2325.47
1707328800000,1.07647,1.07724,1.07645,1.07723,5681.09
1707329700000,1.07723,1.07736,1.07691,1.07734,3470.8
1707330600000,1.07735,1.07736,1.0767,1.07672,3828.44
1707331500000,1.07671,1.07714,1.07659,1.0771,2299
1707332400000,1.07712,1.0774,1.07699,1.07726,2391.5
1707333300000,1.07726,1.07732,1.07702,1.0773,2724.34
1707334200000,1.07731,1.07753,1.07723,1.07748,3071.64
1707335100000,1.07747,1.0775,1.07711,1.07719,2275.61
1707336000000,1.07718,1.07742,1.0771,1.07719,1202.49
1707336900000,1.07718,1.07734,1.0771,1.07718,1616.77
1707337800000,1.07718,1.07736,1.0771,1.07719,2171.83
1707338700000,1.07718,1.07734,1.07708,1.07726,2184.4
1707339600000,1.07726,1.07744,1.07725,1.07738,772.98
1707340500000,1.07739,1.0774,1.07724,1.07725,469.08
1707341400000,1.07725,1.07748,1.07717,1.07719,366.85
1707342300000,1.07717,1.07739,1.07704,1.07704,1439.98
1707343200000,1.07704,1.07722,1.07679,1.077,338.86
1707344100000,1.07706,1.07733,1.07696,1.07726,1210.47
1707345000000,1.07726,1.07734,1.07713,1.07719,994.79
1707345900000,1.07719,1.07725,1.07713,1.07723,1141.54
1707346800000,1.07722,1.07755,1.07717,1.07755,1009.92
1707347700000,1.07754,1.07768,1.07754,1.07767,501.35
1707348600000,1.07765,1.0777,1.07737,1.07744,848.97
1707349500000,1.07744,1.07756,1.07741,1.07754,749.58
1707350400000,1.07754,1.07766,1.07744,1.07755,1068.75
1707351300000,1.07755,1.07779,1.07755,1.07778,788.55
1707352200000,1.07778,1.07795,1.07778,1.07791,1435.52
1707353100000,1.07792,1.07794,1.07771,1.07779,1576.83
1707354000000,1.07778,1.07782,1.07756,1.07776,2474.34
1707354900000,1.07777,1.07786,1.07763,1.07782,2051.65
1707355800000,1.07783,1.07798,1.07751,1.07776,4733.5
1707356700000,1.07776,1.07796,1.07771,1.07786,2876.3401
1707357600000,1.07787,1.07826,1.07783,1.07823,2176.22
1707358500000,1.07822,1.07828,1.07804,1.07828,2439.06
1707359400000,1.07828,1.07832,1.07808,1.0783,1759.58
1707360300000,1.0783,1.07832,1.07822,1.07827,1031.26
1707361200000,1.07827,1.07828,1.07822,1.07827,1225.59
1707362100000,1.07826,1.07847,1.07824,1.07847,821.42
1707363000000,1.07846,1.07848,1.07819,1.07819,1497.39
1707363900000,1.07819,1.07828,1.07815,1.07823,1961.6
1707364800000,1.07822,1.07849,1.07821,1.07845,1462.9
1707365700000,1.07845,1.07883,1.07842,1.07858,1224.07
1707366600000,1.07859,1.07864,1.0782,1.07827,1833.1
1707367500000,1.07826,1.07827,1.07795,1.07799,1571.94
1707368400000,1.07797,1.07807,1.07784,1.07807,1545.68
1707369300000,1.07808,1.0784,1.07806,1.07831,1257.9
1707370200000,1.07829,1.07829,1.07812,1.07825,1356.61
1707371100000,1.07827,1.07828,1.07795,1.07826,1196.8
1707372000000,1.07828,1.07845,1.07815,1.07822,1206.39
1707372900000,1.07822,1.07836,1.07811,1.07822,882.22
1707373800000,1.07822,1.07856,1.07821,1.0785,1883.71
1707374700000,1.07851,1.07863,1.07835,1.07839,2401.85
1707375600000,1.07839,1.07874,1.07813,1.07865,3507.47
1707376500000,1.07866,1.07889,1.07836,1.07842,2575.69
1707377400000,1.07843,1.07872,1.07801,1.07812,3573.58
1707378300000,1.07811,1.07813,1.07767,1.078,3757.3
1707379200000,1.07801,1.0784,1.07777,1.07818,4032.41
1707380100000,1.07819,1.07821,1.07734,1.07739,4859.89
1707381000000,1.07739,1.07752,1.07684,1.07716,4380.78
1707381900000,1.07718,1.07774,1.07704,1.07771,3297.16
1707382800000,1.07772,1.07794,1.07734,1.07759,2695.67
1707383700000,1.07759,1.07787,1.07739,1.07765,3018.22
1707384600000,1.07765,1.07839,1.07758,1.07827,2934.33
1707385500000,1.07829,1.07841,1.07769,1.07828,3961.16
1707386400000,1.07829,1.07855,1.07827,1.07827,1974.86
1707387300000,1.07828,1.07828,1.0778,1.07808,2019.44
1707388200000,1.07807,1.07807,1.07727,1.07737,2999.13
1707389100000,1.07737,1.07759,1.07711,1.07717,2710.31
1707390000000,1.07715,1.0773,1.07661,1.07682,2011.91
1707390900000,1.07682,1.07686,1.07627,1.07631,2206.86
1707391800000,1.07631,1.0768,1.07619,1.07678,1860.55
1707392700000,1.07677,1.07677,1.0761,1.07629,4083.67
1707393600000,1.0763,1.07635,1.07602,1.07617,2971.85
1707394500000,1.07616,1.07616,1.07563,1.07571,4007.03
1707395400000,1.07572,1.07572,1.075,1.07544,4130.24
1707396300000,1.07544,1.07571,1.07512,1.07568,3134.39
1707397200000,1.0757,1.07591,1.07553,1.07588,3474.93
1707398100000,1.0759,1.07621,1.07553,1.07592,4364.6
1707399000000,1.07589,1.07589,1.07426,1.07448,12526.09
1707399900000,1.07448,1.07487,1.07416,1.0744,7120.71
1707400800000,1.0744,1.07494,1.07435,1.07484,3701.48
1707401700000,1.07484,1.0755,1.07483,1.07537,3918.56
1707402600000,1.07536,1.076,1.0753,1.07574,7112.3799
1707403500000,1.07574,1.07674,1.07574,1.07647,6250.45
1707404400000,1.0765,1.07675,1.07541,1.07544,7953.42
1707405300000,1.07545,1.07634,1.07513,1.076,4753.8599
1707406200000,1.07601,1.0762,1.07529,1.07579,6589.9
1707407100000,1.07578,1.07636,1.07537,1.07611,4657.77
1707408000000,1.07611,1.07643,1.07601,1.0762,2603.85
1707408900000,1.0762,1.07645,1.0761,1.07626,2092.9
1707409800000,1.07626,1.0766,1.07616,1.07648,2274.59
1707410700000,1.07648,1.0774,1.07643,1.07732,1398.08
1707411600000,1.07733,1.07747,1.07713,1.07719,3475.37
1707412500000,1.07721,1.07754,1.07715,1.07749,2473.95
1707413400000,1.0775,1.07765,1.07732,1.07757,2257.38
1707414300000,1.07756,1.0776,1.07732,1.07734,2540.19
1707415200000,1.07734,1.07827,1.07732,1.078,6889.2601
1707416100000,1.078,1.07816,1.07788,1.07795,2904.23
1707417000000,1.07795,1.07802,1.07766,1.07769,2211.56
1707417900000,1.0777,1.07774,1.07751,1.07766,2845.44
1707418800000,1.07765,1.07774,1.07748,1.07766,3603.69
1707419700000,1.07767,1.07785,1.07751,1.07767,1823.31
1707420600000,1.07766,1.07769,1.07726,1.07745,2051.86
1707421500000,1.07744,1.07759,1.07727,1.07747,1688.07
1707422400000,1.07748,1.07779,1.07748,1.07772,1628.4
1707423300000,1.07772,1.07785,1.07762,1.07784,1723.05
1707424200000,1.07785,1.07799,1.07768,1.07776,1980.56
1707425100000,1.07776,1.07789,1.07758,1.07777,2595.85
1707426000000,1.07778,1.07782,1.07768,1.07772,662.9
1707426900000,1.07771,1.07783,1.07771,1.07776,675.52
1707427800000,1.07776,1.07778,1.07761,1.07763,865.3
1707428700000,1.07762,1.07786,1.0776,1.07769,1341.82
1707429600000,1.07767,1.07782,1.0774,1.0778,324.32
1707430500000,1.07783,1.07785,1.07759,1.07761,438.84
1707431400000,1.07765,1.07787,1.07749,1.0776,810.61
1707432300000,1.0776,1.07771,1.07755,1.07755,609.9
1707433200000,1.07755,1.07778,1.07738,1.07743,785.89
1707434100000,1.07744,1.07759,1.07743,1.07759,261.17
1707435000000,1.07759,1.07759,1.07747,1.07747,583.38
1707435900000,1.07747,1.07776,1.07744,1.07776,639.16
1707436800000,1.07775,1.07786,1.07767,1.07768,758.79
1707437700000,1.07767,1.07785,1.07767,1.07772,985.32
1707438600000,1.07772,1.07774,1.0773,1.07745,1087.56
1707439500000,1.07745,1.07756,1.07722,1.07729,2200.2
1707440400000,1.07729,1.07765,1.07729,1.07765,1900.98
1707441300000,1.07764,1.07786,1.07754,1.07762,1150.74
1707442200000,1.0776,1.07776,1.07752,1.07768,1757.35
1707443100000,1.07767,1.07771,1.07736,1.07743,1818.02
1707444000000,1.07742,1.07759,1.07732,1.07755,1360.84
1707444900000,1.07755,1.07782,1.07755,1.07771,1768.59
1707445800000,1.07771,1.07778,1.07758,1.07772,1119.99
1707446700000,1.07774,1.07774,1.07759,1.07761,1615.45
1707447600000,1.07763,1.07775,1.07746,1.07751,2027.75
1707448500000,1.07753,1.07757,1.07733,1.07733,1625.98
1707449400000,1.07734,1.07737,1.07715,1.07725,1574.9
1707450300000,1.07724,1.07731,1.07701,1.07708,1695.85
1707451200000,1.07709,1.07712,1.07693,1.07694,1055.1
1707452100000,1.07695,1.0772,1.07694,1.0771,744.7
1707453000000,1.0771,1.07726,1.07706,1.07721,850.44
1707453900000,1.07722,1.07723,1.0771,1.07711,893.19
1707454800000,1.0771,1.07727,1.0771,1.07716,401.58
1707455700000,1.07717,1.07722,1.07704,1.0772,927.94
1707456600000,1.07721,1.07738,1.07714,1.07716,816.5
1707457500000,1.07717,1.07721,1.07695,1.0771,855.98
1707458400000,1.07711,1.07722,1.07704,1.07718,755.17
1707459300000,1.07719,1.07719,1.07699,1.07714,606.73
1707460200000,1.07715,1.07732,1.07714,1.0773,1005.68
1707461100000,1.07729,1.07755,1.07729,1.07745,1757.65
1707462000000,1.07747,1.07778,1.07744,1.0777,3864.95
1707462900000,1.07769,1.0779,1.07755,1.0779,2252.17
1707463800000,1.07789,1.07817,1.0778,1.0781,2606.47
1707464700000,1.0781,1.07827,1.07776,1.07801,2578.38
1707465600000,1.07803,1.07841,1.07738,1.07746,3873.39
1707466500000,1.07745,1.07834,1.07728,1.07823,4150.42
1707467400000,1.07823,1.07847,1.07754,1.07754,3594.3801
1707468300000,1.07755,1.07766,1.07723,1.07726,4146.03
1707469200000,1.07725,1.07753,1.07695,1.07717,4089.16
1707470100000,1.07716,1.07753,1.07699,1.07748,3380.03
1707471000000,1.07749,1.07768,1.07664,1.07687,3899.02
1707471900000,1.07687,1.07704,1.0766,1.0767,3140.02
1707472800000,1.07669,1.07686,1.07632,1.07637,3550.99
1707473700000,1.07637,1.07691,1.07621,1.07684,3585.6
1707474600000,1.07685,1.07698,1.07663,1.07693,1755.83
1707475500000,1.07691,1.07701,1.07656,1.07666,2350.21
1707476400000,1.07666,1.07671,1.07635,1.07665,5294.61
1707477300000,1.07666,1.0769,1.0766,1.07674,2801.26
1707478200000,1.07673,1.07708,1.07671,1.07698,2318.92
1707479100000,1.077,1.07731,1.07691,1.07716,2288.1
1707480000000,1.07717,1.07765,1.07711,1.07738,2606.25
1707480900000,1.07737,1.07757,1.07685,1.07704,3329.28
1707481800000,1.07701,1.07701,1.07631,1.07646,4442.38
1707482700000,1.07647,1.07694,1.0763,1.07672,3963.52
1707483600000,1.07671,1.07737,1.07654,1.07721,5109.62
1707484500000,1.07723,1.07736,1.07684,1.07716,5436.49
1707485400000,1.07716,1.07949,1.07685,1.07814,21849.84
1707486300000,1.07815,1.0786,1.07774,1.07831,10359.9001
1707487200000,1.0783,1.07951,1.07798,1.07942,8584.05
1707488100000,1.07943,1.07945,1.07749,1.07771,10029.72
1707489000000,1.07772,1.07875,1.07764,1.07857,8297.4999
1707489900000,1.07857,1.0786,1.078,1.07816,6526.94
1707490800000,1.07816,1.07898,1.07798,1.07865,6152.95
1707491700000,1.07864,1.07872,1.07833,1.07855,7385.9301
1707492600000,1.07858,1.07885,1.07818,1.07827,5430.08
1707493500000,1.07829,1.07874,1.0781,1.07863,6188.28
1707494400000,1.07864,1.07872,1.07806,1.07855,6901.11
1707495300000,1.07855,1.0788,1.07816,1.07829,5573.45
1707496200000,1.07829,1.0786,1.07817,1.07825,4479.82
1707497100000,1.07827,1.07841,1.07797,1.07816,2887.43
1707498000000,1.07816,1.07841,1.07804,1.0783,1407.89
1707498900000,1.07829,1.07838,1.07792,1.07824,1932.28
1707499800000,1.07825,1.07831,1.0781,1.07829,2201.38
1707500700000,1.0783,1.07866,1.07823,1.07855,1818.81
1707501600000,1.07856,1.07877,1.07855,1.07861,1416.84
1707502500000,1.07863,1.07902,1.07862,1.07892,1429.93
1707503400000,1.07894,1.07908,1.07872,1.07872,1136.24
1707504300000,1.07873,1.07876,1.07861,1.07866,2047.8
1707505200000,1.07865,1.07867,1.0785,1.07861,764.82
1707506100000,1.07861,1.07877,1.0785,1.07871,813.93
1707507000000,1.07871,1.07873,1.07854,1.07858,605.7
1707507900000,1.07857,1.07859,1.07813,1.07825,1530.29
1707508800000,1.07824,1.0783,1.07797,1.0782,1249.64
1707509700000,1.07819,1.07853,1.07816,1.07849,1069.89
1707510600000,1.07849,1.07855,1.0784,1.07854,577.71
1707511500000,1.07854,1.0788,1.07854,1.07863,1052.85
1707512400000,1.07862,1.07877,1.07857,1.07875,973.48
1707513300000,1.07876,1.07885,1.07871,1.0788,1444.93
1707514200000,1.07881,1.07881,1.07854,1.07859,994.27
1707515100000,1.0786,1.07863,1.07821,1.07821,1611.95
1707516000000,1.07821,1.07821,1.07821,1.07821,0
1707516900000,1.07821,1.07821,1.07821,1.07821,0
1707517800000,1.07821,1.07821,1.07821,1.07821,0
1707518700000,1.07821,1.07821,1.07821,1.07821,0
1707519600000,1.07821,1.07821,1.07821,1.07821,0
1707520500000,1.07821,1.07821,1.07821,1.07821,0
1707521400000,1.07821,1.07821,1.07821,1.07821,0
1707522300000,1.07821,1.07821,1.07821,1.07821,0
1707523200000,1.07821,1.07821,1.07821,1.07821,0
1707524100000,1.07821,1.07821,1.07821,1.07821,0
1707525000000,1.07821,1.07821,1.07821,1.07821,0
1707525900000,1.07821,1.07821,1.07821,1.07821,0
1707526800000,1.07821,1.07821,1.07821,1.07821,0
1707527700000,1.07821,1.07821,1.07821,1.07821,0
1707528600000,1.07821,1.07821,1.07821,1.07821,0
1707529500000,1.07821,1.07821,1.07821,1.07821,0
1707530400000,1.07821,1.07821,1.07821,1.07821,0
1707531300000,1.07821,1.07821,1.07821,1.07821,0
1707532200000,1.07821,1.07821,1.07821,1.07821,0
1707533100000,1.07821,1.07821,1.07821,1.07821,0
1707534000000,1.07821,1.07821,1.07821,1.07821,0
1707534900000,1.07821,1.07821,1.07821,1.07821,0
1707535800000,1.07821,1.07821,1.07821,1.07821,0
1707536700000,1.07821,1.07821,1.07821,1.07821,0
1707537600000,1.07821,1.07821,1.07821,1.07821,0
1707538500000,1.07821,1.07821,1.07821,1.07821,0
1707539400000,1.07821,1.07821,1.07821,1.07821,0
1707540300000,1.07821,1.07821,1.07821,1.07821,0
1707541200000,1.07821,1.07821,1.07821,1.07821,0
1707542100000,1.07821,1.07821,1.07821,1.07821,0
1707543000000,1.07821,1.07821,1.07821,1.07821,0
1707543900000,1.07821,1.07821,1.07821,1.07821,0
1707544800000,1.07821,1.07821,1.07821,1.07821,0
1707545700000,1.07821,1.07821,1.07821,1.07821,0
1707546600000,1.07821,1.07821,1.07821,1.07821,0
1707547500000,1.07821,1.07821,1.07821,1.07821,0
1707548400000,1.07821,1.07821,1.07821,1.07821,0
1707549300000,1.07821,1.07821,1.07821,1.07821,0
1707550200000,1.07821,1.07821,1.07821,1.07821,0
1707551100000,1.07821,1.07821,1.07821,1.07821,0
1707552000000,1.07821,1.07821,1.07821,1.07821,0
1707552900000,1.07821,1.07821,1.07821,1.07821,0
1707553800000,1.07821,1.07821,1.07821,1.07821,0
1707554700000,1.07821,1.07821,1.07821,1.07821,0
1707555600000,1.07821,1.07821,1.07821,1.07821,0
1707556500000,1.07821,1.07821,1.07821,1.07821,0
1707557400000,1.07821,1.07821,1.07821,1.07821,0
1707558300000,1.07821,1.07821,1.07821,1.07821,0
1707559200000,1.07821,1.07821,1.07821,1.07821,0
1707560100000,1.07821,1.07821,1.07821,1.07821,0
1707561000000,1.07821,1.07821,1.07821,1.07821,0
1707561900000,1.07821,1.07821,1.07821,1.07821,0
1707562800000,1.07821,1.07821,1.07821,1.07821,0
1707563700000,1.07821,1.07821,1.07821,1.07821,0
1707564600000,1.07821,1.07821,1.07821,1.07821,0
1707565500000,1.07821,1.07821,1.07821,1.07821,0
1707566400000,1.07821,1.07821,1.07821,1.07821,0
1707567300000,1.07821,1.07821,1.07821,1.07821,0
1707568200000,1.07821,1.07821,1.07821,1.07821,0
1707569100000,1.07821,1.07821,1.07821,1.07821,0
1707570000000,1.07821,1.07821,1.07821,1.07821,0
1707570900000,1.07821,1.07821,1.07821,1.07821,0
1707571800000,1.07821,1.07821,1.07821,1.07821,0
1707572700000,1.07821,1.07821,1.07821,1.07821,0
1707573600000,1.07821,1.07821,1.07821,1.07821,0
1707574500000,1.07821,1.07821,1.07821,1.07821,0
1707575400000,1.07821,1.07821,1.07821,1.07821,0
1707576300000,1.07821,1.07821,1.07821,1.07821,0
1707577200000,1.07821,1.07821,1.07821,1.07821,0
1707578100000,1.07821,1.07821,1.07821,1.07821,0
1707579000000,1.07821,1.07821,1.07821,1.07821,0
1707579900000,1.07821,1.07821,1.07821,1.07821,0
1707580800000,1.07821,1.07821,1.07821,1.07821,0
1707581700000,1.07821,1.07821,1.07821,1.07821,0
1707582600000,1.07821,1.07821,1.07821,1.07821,0
1707583500000,1.07821,1.07821,1.07821,1.07821,0
1707584400000,1.07821,1.07821,1.07821,1.07821,0
1707585300000,1.07821,1.07821,1.07821,1.07821,0
1707586200000,1.07821,1.07821,1.07821,1.07821,0
1707587100000,1.07821,1.07821,1.07821,1.07821,0
1707588000000,1.07821,1.07821,1.07821,1.07821,0
1707588900000,1.07821,1.07821,1.07821,1.07821,0
1707589800000,1.07821,1.07821,1.07821,1.07821,0
1707590700000,1.07821,1.07821,1.07821,1.07821,0
1707591600000,1.07821,1.07821,1.07821,1.07821,0
1707592500000,1.07821,1.07821,1.07821,1.07821,0
1707593400000,1.07821,1.07821,1.07821,1.07821,0
1707594300000,1.07821,1.07821,1.07821,1.07821,0
1707595200000,1.07821,1.07821,1.07821,1.07821,0
1707596100000,1.07821,1.07821,1.07821,1.07821,0
1707597000000,1.07821,1.07821,1.07821,1.07821,0
1707597900000,1.07821,1.07821,1.07821,1.07821,0
1707598800000,1.07821,1.07821,1.07821,1.07821,0
1707599700000,1.07821,1.07821,1.07821,1.07821,0
1707600600000,1.07821,1.07821,1.07821,1.07821,0
1707601500000,1.07821,1.07821,1.07821,1.07821,0
1707602400000,1.07821,1.07821,1.07821,1.07821,0
1707603300000,1.07821,1.07821,1.07821,1.07821,0
1707604200000,1.07821,1.07821,1.07821,1.07821,0
1707605100000,1.07821,1.07821,1.07821,1.07821,0
1707606000000,1.07821,1.07821,1.07821,1.07821,0
1707606900000,1.07821,1.07821,1.07821,1.07821,0
1707607800000,1.07821,1.07821,1.07821,1.07821,0
1707608700000,1.07821,1.07821,1.07821,1.07821,0
1707609600000,1.07821,1.07821,1.07821,1.07821,0
1707610500000,1.07821,1.07821,1.07821,1.07821,0
1707611400000,1.07821,1.07821,1.07821,1.07821,0
1707612300000,1.07821,1.07821,1.07821,1.07821,0
1707613200000,1.07821,1.07821,1.07821,1.07821,0
1707614100000,1.07821,1.07821,1.07821,1.07821,0
1707615000000,1.07821,1.07821,1.07821,1.07821,0
1707615900000,1.07821,1.07821,1.07821,1.07821,0
1707616800000,1.07821,1.07821,1.07821,1.07821,0
1707617700000,1.07821,1.07821,1.07821,1.07821,0
1707618600000,1.07821,1.07821,1.07821,1.07821,0
1707619500000,1.07821,1.07821,1.07821,1.07821,0
1707620400000,1.07821,1.07821,1.07821,1.07821,0
1707621300000,1.07821,1.07821,1.07821,1.07821,0
1707622200000,1.07821,1.07821,1.07821,1.07821,0
1707623100000,1.07821,1.07821,1.07821,1.07821,0
1707624000000,1.07821,1.07821,1.07821,1.07821,0
1707624900000,1.07821,1.07821,1.07821,1.07821,0
1707625800000,1.07821,1.07821,1.07821,1.07821,0
1707626700000,1.07821,1.07821,1.07821,1.07821,0
1707627600000,1.07821,1.07821,1.07821,1.07821,0
1707628500000,1.07821,1.07821,1.07821,1.07821,0
1707629400000,1.07821,1.07821,1.07821,1.07821,0
1707630300000,1.07821,1.07821,1.07821,1.07821,0
1707631200000,1.07821,1.07821,1.07821,1.07821,0
1707632100000,1.07821,1.07821,1.07821,1.07821,0
1707633000000,1.07821,1.07821,1.07821,1.07821,0
1707633900000,1.07821,1.07821,1.07821,1.07821,0
1707634800000,1.07821,1.07821,1.07821,1.07821,0
1707635700000,1.07821,1.07821,1.07821,1.07821,0
1707636600000,1.07821,1.07821,1.07821,1.07821,0
1707637500000,1.07821,1.07821,1.07821,1.07821,0
1707638400000,1.07821,1.07821,1.07821,1.07821,0
1707639300000,1.07821,1.07821,1.07821,1.07821,0
1707640200000,1.07821,1.07821,1.07821,1.07821,0
1707641100000,1.07821,1.07821,1.07821,1.07821,0
1707642000000,1.07821,1.07821,1.07821,1.07821,0
1707642900000,1.07821,1.07821,1.07821,1.07821,0
1707643800000,1.07821,1.07821,1.07821,1.07821,0
1707644700000,1.07821,1.07821,1.07821,1.07821,0
1707645600000,1.07821,1.07821,1.07821,1.07821,0
1707646500000,1.07821,1.07821,1.07821,1.07821,0
1707647400000,1.07821,1.07821,1.07821,1.07821,0
1707648300000,1.07821,1.07821,1.07821,1.07821,0
1707649200000,1.07821,1.07821,1.07821,1.07821,0
1707650100000,1.07821,1.07821,1.07821,1.07821,0
1707651000000,1.07821,1.07821,1.07821,1.07821,0
1707651900000,1.07821,1.07821,1.07821,1.07821,0
1707652800000,1.07821,1.07821,1.07821,1.07821,0
1707653700000,1.07821,1.07821,1.07821,1.07821,0
1707654600000,1.07821,1.07821,1.07821,1.07821,0
1707655500000,1.07821,1.07821,1.07821,1.07821,0
1707656400000,1.07821,1.07821,1.07821,1.07821,0
1707657300000,1.07821,1.07821,1.07821,1.07821,0
1707658200000,1.07821,1.07821,1.07821,1.07821,0
1707659100000,1.07821,1.07821,1.07821,1.07821,0
1707660000000,1.07821,1.07821,1.07821,1.07821,0
1707660900000,1.07821,1.07821,1.07821,1.07821,0
1707661800000,1.07821,1.07821,1.07821,1.07821,0
1707662700000,1.07821,1.07821,1.07821,1.07821,0
1707663600000,1.07821,1.07821,1.07821,1.07821,0
1707664500000,1.07821,1.07821,1.07821,1.07821,0
1707665400000,1.07821,1.07821,1.07821,1.07821,0
1707666300000,1.07821,1.07821,1.07821,1.07821,0
1707667200000,1.07821,1.07821,1.07821,1.07821,0
1707668100000,1.07821,1.07821,1.07821,1.07821,0
1707669000000,1.07821,1.07821,1.07821,1.07821,0
1707669900000,1.07821,1.07821,1.07821,1.07821,0
1707670800000,1.07821,1.07821,1.07821,1.07821,0
1707671700000,1.07821,1.07821,1.07821,1.07821,0
1707672600000,1.07821,1.07821,1.07821,1.07821,0
1707673500000,1.07821,1.07821,1.07821,1.07821,0
1707674400000,1.07821,1.07821,1.07821,1.07821,0
1707675300000,1.07821,1.07821,1.07821,1.07821,0
1707676200000,1.07821,1.07821,1.07821,1.07821,0
1707677100000,1.07821,1.07821,1.07821,1.07821,0
1707678000000,1.07821,1.07821,1.07821,1.07821,0
1707678900000,1.07821,1.07821,1.07821,1.07821,0
1707679800000,1.07821,1.07821,1.07821,1.07821,0
1707680700000,1.07821,1.07821,1.07821,1.07821,0
1707681600000,1.07821,1.07821,1.07821,1.07821,0
1707682500000,1.07821,1.07821,1.07821,1.07821,0
1707683400000,1.07821,1.07821,1.07821,1.07821,0
1707684300000,1.07821,1.07821,1.07821,1.07821,0
1707685200000,1.07821,1.07821,1.07821,1.07821,0
1707686100000,1.07821,1.07821,1.07821,1.07821,0
1707687000000,1.07821,1.07821,1.07821,1.07821,0
1707687900000,1.07821,1.07821,1.07821,1.07821,0
1707688800000,1.07767,1.07813,1.07766,1.07808,426.6
1707689700000,1.07807,1.07835,1.07806,1.07824,372.6
1707690600000,1.07822,1.07852,1.07818,1.07851,306.09
1707691500000,1.0785,1.07861,1.07839,1.07839,751.04
1707692400000,1.07843,1.0794,1.07839,1.07909,1790.92
1707693300000,1.07911,1.0795,1.07908,1.07944,2301.95
1707694200000,1.07946,1.0795,1.07923,1.07944,3450.95
1707695100000,1.07946,1.07983,1.07944,1.07979,2733.84
1707696000000,1.0798,1.07984,1.07972,1.07972,3317.1
1707696900000,1.07973,1.07989,1.07967,1.07982,1939.46
1707697800000,1.07983,1.07997,1.07981,1.07992,2151.48
1707698700000,1.07993,1.07995,1.07985,1.07986,945.06
1707699600000,1.07987,1.07987,1.07952,1.07953,1079.1
1707700500000,1.07952,1.07953,1.07937,1.07943,1061.85
1707701400000,1.07943,1.07982,1.07938,1.07973,892.53
1707702300000,1.07975,1.07978,1.07952,1.07957,1063.86
1707703200000,1.07957,1.07962,1.07952,1.07957,1064.38
1707704100000,1.07954,1.07958,1.07932,1.07943,1487.32
1707705000000,1.07944,1.07974,1.07942,1.07973,981.29
1707705900000,1.07973,1.07978,1.07947,1.07948,749.57
1707706800000,1.07948,1.0797,1.07948,1.07963,1031.97
1707707700000,1.07962,1.07965,1.07923,1.07932,1331.94
1707708600000,1.07932,1.07936,1.07913,1.07929,1335.39
1707709500000,1.07928,1.07928,1.07911,1.07918,773.49
1707710400000,1.07918,1.07933,1.07918,1.07928,852.27
1707711300000,1.07928,1.07939,1.07919,1.07929,876.3
1707712200000,1.07929,1.07929,1.07904,1.07907,429.05
1707713100000,1.07907,1.07908,1.07893,1.07904,637.93
1707714000000,1.07903,1.07914,1.07899,1.07913,613.98
1707714900000,1.07915,1.07944,1.07914,1.07936,720.99
1707715800000,1.07936,1.0794,1.07928,1.07929,749.1
1707716700000,1.07929,1.07929,1.07907,1.07914,831.83
1707717600000,1.07914,1.07925,1.07902,1.07922,680.19
1707718500000,1.07922,1.07929,1.07911,1.07924,771.93
1707719400000,1.07924,1.0793,1.07909,1.07924,826
1707720300000,1.07922,1.07923,1.07899,1.07914,625.69
1707721200000,1.07914,1.07964,1.07914,1.0793,2255.98
1707722100000,1.07928,1.07989,1.07894,1.07965,2379.22
1707723000000,1.07966,1.07969,1.07933,1.07946,2204.2
1707723900000,1.07947,1.08055,1.07947,1.08031,2690.55
1707724800000,1.0803,1.0803,1.07888,1.07894,4639.9299
1707725700000,1.07894,1.07902,1.07776,1.07804,4027.69
1707726600000,1.07802,1.07817,1.07775,1.07807,3858.54
1707727500000,1.07807,1.07826,1.07743,1.07753,2638.08
1707728400000,1.07751,1.0778,1.07722,1.07758,2148.42
1707729300000,1.07759,1.07778,1.07713,1.07744,2218.81
1707730200000,1.07743,1.07752,1.07706,1.07718,2556.69
1707731100000,1.07716,1.07722,1.07667,1.07691,2713.52
1707732000000,1.07691,1.07734,1.07685,1.07722,2427.57
1707732900000,1.07722,1.07746,1.07672,1.07746,2591.01
1707733800000,1.07746,1.07772,1.07731,1.07748,1539.95
1707734700000,1.07748,1.07787,1.07745,1.07766,2475.18
1707735600000,1.07767,1.07777,1.07706,1.07718,4293.73
1707736500000,1.07718,1.07729,1.07685,1.07699,2610.59
1707737400000,1.07699,1.07704,1.07673,1.07673,2316.63
1707738300000,1.07673,1.07703,1.0763,1.07693,2370.58
1707739200000,1.07695,1.0772,1.07651,1.07698,3133.27
1707740100000,1.077,1.07735,1.077,1.07717,1840.2
1707741000000,1.07717,1.07718,1.07661,1.07664,2104.13
1707741900000,1.07663,1.07705,1.07651,1.07697,3290.59
1707742800000,1.07699,1.07736,1.07688,1.07725,3232.14
1707743700000,1.07724,1.07731,1.07671,1.0768,4952.18
1707744600000,1.07679,1.07692,1.07646,1.07656,4714.9801
1707745500000,1.07658,1.07668,1.0761,1.07638,4477.32
1707746400000,1.07638,1.07702,1.07631,1.07673,3692.76
1707747300000,1.07673,1.07687,1.07654,1.07685,3670.95
1707748200000,1.07686,1.07721,1.07669,1.0772,4636.39
1707749100000,1.0772,1.07741,1.07702,1.07722,3943.73
1707750000000,1.07721,1.07724,1.07631,1.07634,5011.6301
1707750900000,1.07635,1.07637,1.07559,1.07591,3362.02
1707751800000,1.07591,1.07631,1.07583,1.07625,2866.21
1707752700000,1.07625,1.07682,1.07615,1.07674,2641.43
1707753600000,1.07673,1.07729,1.07652,1.07727,3632.74
1707754500000,1.07727,1.07766,1.07708,1.07759,2606.79
1707755400000,1.0776,1.07774,1.07746,1.07752,4335.22
1707756300000,1.07753,1.07757,1.07715,1.07732,5175.9
1707757200000,1.07733,1.07796,1.07728,1.07775,2531.5
1707758100000,1.07776,1.07781,1.07737,1.07777,2358.56
1707759000000,1.07777,1.07801,1.07753,1.07781,2888.41
1707759900000,1.0778,1.07823,1.07774,1.07823,2040.12
1707760800000,1.07823,1.07858,1.07823,1.07836,1924.9
1707761700000,1.07836,1.0786,1.07805,1.07822,1821.47
1707762600000,1.07822,1.07838,1.07808,1.07815,2120.33
1707763500000,1.07815,1.07842,1.07811,1.07812,2350.18
1707764400000,1.07812,1.07829,1.07808,1.0782,1803.05
1707765300000,1.07821,1.07825,1.07759,1.07773,2551.43
1707766200000,1.07771,1.07772,1.07726,1.07727,1778.96
1707767100000,1.07726,1.07729,1.07679,1.07693,2192.42
1707768000000,1.07693,1.07744,1.07693,1.07742,878.01
1707768900000,1.07741,1.07743,1.07722,1.0774,1239.43
1707769800000,1.0774,1.07746,1.07716,1.07722,1298.77
1707770700000,1.07721,1.0775,1.07717,1.07742,1242.04
1707771600000,1.07743,1.0775,1.07734,1.07734,615.69
1707772500000,1.07734,1.07734,1.07717,1.07723,533.34
1707773400000,1.07723,1.07724,1.07703,1.07714,230.88
1707774300000,1.07713,1.07724,1.07705,1.07706,895.83
1707775200000,1.07702,1.07737,1.07697,1.07706,853.73
1707776100000,1.07707,1.07724,1.07706,1.07712,1111.77
1707777000000,1.07712,1.07751,1.07712,1.07735,1735.25
1707777900000,1.07736,1.07737,1.07709,1.07724,422.1
1707778800000,1.07723,1.07727,1.07705,1.07715,508.74
1707779700000,1.07715,1.07723,1.07707,1.07716,284.53
1707780600000,1.07717,1.07724,1.07706,1.07719,535.5
1707781500000,1.07718,1.07724,1.07714,1.07717,448.24
1707782400000,1.07718,1.07728,1.07698,1.07703,611.49
1707783300000,1.07703,1.07709,1.07669,1.07672,1172.97
1707784200000,1.07672,1.07686,1.07671,1.07677,913.89
1707785100000,1.07676,1.0773,1.07672,1.07727,1360.36
1707786000000,1.07727,1.07744,1.07708,1.07709,1552
1707786900000,1.0771,1.07711,1.07682,1.07687,1240.11
1707787800000,1.07687,1.077,1.07686,1.07686,888.86
1707788700000,1.07687,1.07689,1.07657,1.07668,1218.49
1707789600000,1.07668,1.07668,1.07638,1.07653,772.38
1707790500000,1.07653,1.07654,1.07621,1.07637,1371.05
1707791400000,1.07638,1.07649,1.07632,1.07644,954.42
1707792300000,1.07643,1.07648,1.07633,1.07642,718.68
1707793200000,1.07641,1.07647,1.07612,1.07617,1583.72
1707794100000,1.07617,1.07621,1.0761,1.07611,1067.67
1707795000000,1.0761,1.07625,1.07606,1.0762,783.84
1707795900000,1.0762,1.07628,1.07616,1.07617,602.28
1707796800000,1.07616,1.07625,1.07612,1.07622,578.25
1707797700000,1.07624,1.07636,1.07622,1.07632,704.03
1707798600000,1.07633,1.07636,1.07624,1.07628,472.05
1707799500000,1.07628,1.07641,1.07621,1.07637,379.35
1707800400000,1.07635,1.07673,1.07635,1.07668,589.77
1707801300000,1.07666,1.07676,1.0766,1.07673,1052.01
1707802200000,1.07674,1.07678,1.07662,1.07662,565.02
1707803100000,1.07664,1.07674,1.07662,1.07669,782.37
1707804000000,1.07668,1.07678,1.07661,1.07673,851.64
1707804900000,1.07673,1.07689,1.07672,1.07681,818.77
1707805800000,1.07682,1.07712,1.07681,1.07707,632.55
1707806700000,1.07707,1.07724,1.077,1.07704,832.29
1707807600000,1.07704,1.07755,1.07693,1.07753,2618.25
1707808500000,1.07754,1.07776,1.07697,1.07716,2114.39
1707809400000,1.07716,1.07755,1.07657,1.0766,5897.87
1707810300000,1.07659,1.07726,1.07659,1.07712,2503.22
1707811200000,1.07711,1.07745,1.07672,1.07695,6181.08
1707812100000,1.07696,1.0771,1.07645,1.07649,3366.6
1707813000000,1.0765,1.07667,1.07632,1.07635,3108.16
1707813900000,1.07635,1.07684,1.07622,1.07675,2265.94
1707814800000,1.07675,1.07693,1.07567,1.07613,2977.97
1707815700000,1.07612,1.07641,1.07603,1.07618,2143.31
1707816600000,1.07618,1.07631,1.07586,1.07609,2571.82
1707817500000,1.07609,1.07668,1.07608,1.07666,2229.62
1707818400000,1.07666,1.07739,1.07662,1.0772,5253.74
1707819300000,1.0772,1.07755,1.07714,1.07755,3863.49
1707820200000,1.07754,1.07761,1.07714,1.0773,4359.68
1707821100000,1.0773,1.07742,1.07702,1.07722,3710.72
1707822000000,1.07721,1.07797,1.0772,1.07763,3002.4
1707822900000,1.07764,1.07818,1.07757,1.0781,2922.53
1707823800000,1.07809,1.0781,1.07729,1.0774,3091.56
1707824700000,1.0774,1.07785,1.07725,1.07778,2127.64
1707825600000,1.07777,1.07815,1.07762,1.07813,2372.87
1707826500000,1.07814,1.07827,1.07764,1.07813,2349.39
1707827400000,1.07812,1.0786,1.0781,1.07828,1917.87
1707828300000,1.07828,1.07865,1.07825,1.07854,2731.05
1707829200000,1.07854,1.07939,1.07843,1.07938,4841.18
1707830100000,1.07938,1.07946,1.07912,1.07915,3515.5
1707831000000,1.07915,1.07985,1.07116,1.07173,22441.6201
1707831900000,1.07174,1.07199,1.07031,1.07084,15194.7902
1707832800000,1.07084,1.07085,1.07006,1.07081,12087.4101
1707833700000,1.07078,1.07198,1.07071,1.07194,8399.83
1707834600000,1.07194,1.07237,1.07119,1.07223,13262.34
1707835500000,1.07224,1.07224,1.07133,1.07179,9088.82
1707836400000,1.0718,1.07196,1.0706,1.07119,8756.73
1707837300000,1.07118,1.07246,1.07091,1.07223,6154.47
1707838200000,1.07224,1.07267,1.07168,1.07173,10641.7401
1707839100000,1.07172,1.07189,1.07126,1.07166,10630.76
1707840000000,1.07166,1.0722,1.07166,1.07185,5159.15
1707840900000,1.07185,1.07202,1.07127,1.07151,4860.13
1707841800000,1.0715,1.07214,1.0714,1.07159,5249.69
1707842700000,1.07157,1.07194,1.07137,1.07192,2884.07
1707843600000,1.07192,1.072,1.0714,1.07155,4190.05
1707844500000,1.07156,1.07162,1.07122,1.07135,3144.1
1707845400000,1.07137,1.07192,1.07137,1.07177,2381.24
1707846300000,1.07178,1.07186,1.07136,1.07151,3747.32
1707847200000,1.07152,1.07201,1.07151,1.07169,2549.04
1707848100000,1.0717,1.07173,1.07126,1.07138,1812.14
1707849000000,1.07136,1.07136,1.07101,1.07116,2365.85
1707849900000,1.07115,1.07122,1.07076,1.07084,1778.55
1707850800000,1.0708,1.07082,1.07026,1.07033,3425.57
1707851700000,1.07032,1.07062,1.07025,1.07044,3789.66
1707852600000,1.07042,1.07066,1.07042,1.07066,1886.77
1707853500000,1.07066,1.07068,1.07005,1.07012,3101.66
1707854400000,1.07012,1.07053,1.07005,1.07035,2653.07
1707855300000,1.07035,1.07078,1.07035,1.0706,2147.73
1707856200000,1.0706,1.07096,1.0706,1.07094,1639.39
1707857100000,1.07094,1.071,1.07069,1.07073,1672.41
1707858000000,1.07072,1.07084,1.0707,1.07084,475.54
1707858900000,1.07084,1.07101,1.07074,1.07091,376.98
1707859800000,1.07092,1.07099,1.07088,1.07093,942.54
1707860700000,1.07094,1.07097,1.07079,1.07079,1254.1
1707861600000,1.0708,1.07095,1.07071,1.07094,274.47
1707862500000,1.07094,1.07116,1.0708,1.07107,746.21
1707863400000,1.07107,1.07113,1.07099,1.07106,873.98
1707864300000,1.07106,1.07109,1.07089,1.071,1194.84
1707865200000,1.07101,1.07107,1.07078,1.07106,1108.02
1707866100000,1.07106,1.07106,1.07087,1.07088,168.88
1707867000000,1.07087,1.07103,1.07087,1.07097,411.3
1707867900000,1.07098,1.07103,1.07078,1.07083,586.98
1707868800000,1.07083,1.07084,1.0706,1.07068,768.33
1707869700000,1.07067,1.07119,1.07067,1.07113,1503.69
1707870600000,1.07114,1.07129,1.07102,1.07113,1449.18
1707871500000,1.07114,1.07144,1.07077,1.07078,1998.55
1707872400000,1.07078,1.07094,1.07032,1.0706,2779.48
1707873300000,1.07059,1.07073,1.07044,1.0707,1812.51
1707874200000,1.07069,1.07107,1.07061,1.07099,2272.41
1707875100000,1.07099,1.07121,1.07081,1.07115,2302.2
1707876000000,1.07116,1.07134,1.0711,1.07122,1724.79
1707876900000,1.07123,1.07139,1.07122,1.07122,1617.51
1707877800000,1.07122,1.07122,1.07087,1.07097,1227.24
1707878700000,1.07098,1.07102,1.0709,1.07095,1036.26
1707879600000,1.07095,1.07101,1.07081,1.07095,1112.28
1707880500000,1.07095,1.07107,1.07086,1.071,1113.11
1707881400000,1.07101,1.07125,1.07096,1.07117,1375.46
1707882300000,1.07117,1.07139,1.07115,1.07126,1125.25
1707883200000,1.07124,1.07134,1.07105,1.07106,1281.9
1707884100000,1.07106,1.07116,1.07093,1.07113,1451.38
1707885000000,1.07114,1.07125,1.07106,1.07116,1398.69
1707885900000,1.07117,1.07145,1.07117,1.07143,1125.09
1707886800000,1.07144,1.07147,1.07117,1.07117,1430.89
1707887700000,1.07117,1.07135,1.07116,1.07133,941.44
1707888600000,1.07134,1.0715,1.07128,1.07143,1005.03
1707889500000,1.07141,1.07144,1.07127,1.07139,867.6
1707890400000,1.07139,1.0716,1.07138,1.07157,1282.72
1707891300000,1.07157,1.07167,1.0715,1.07153,1681.78
1707892200000,1.07154,1.07186,1.07148,1.07183,1271.1
1707893100000,1.07184,1.07185,1.07141,1.07162,1604.7
1707894000000,1.07163,1.07173,1.07057,1.07127,5401.7899
1707894900000,1.07127,1.07137,1.07074,1.07074,3084.92
1707895800000,1.07072,1.07097,1.0705,1.07097,2811.2
1707896700000,1.07097,1.07161,1.07072,1.07075,3739.96
1707897600000,1.07074,1.07081,1.06993,1.07012,6711.57
1707898500000,1.07012,1.07033,1.06974,1.06991,4872.44
1707899400000,1.06992,1.0706,1.06949,1.07052,4265.65
1707900300000,1.07051,1.07066,1.07006,1.07022,4708.0699
1707901200000,1.07021,1.07053,1.06997,1.07002,3536.7
1707902100000,1.07,1.07052,1.06962,1.0703,3342.22
1707903000000,1.07028,1.07057,1.06983,1.06984,2474.01
1707903900000,1.06985,1.07017,1.06978,1.07,3695.3999
1707904800000,1.07001,1.07018,1.06977,1.06994,2339.58
1707905700000,1.06992,1.0701,1.06963,1.06988,2714.41
1707906600000,1.06988,1.07014,1.06965,1.07008,1861.87
1707907500000,1.07008,1.07043,1.06987,1.07036,2664.83
1707908400000,1.07036,1.07043,1.06996,1.07007,2399.43
1707909300000,1.07008,1.07023,1.06971,1.06993,2190.86
1707910200000,1.06993,1.07063,1.06977,1.07045,2821.35
1707911100000,1.07045,1.07103,1.07025,1.07078,2359.02
1707912000000,1.07079,1.07103,1.07061,1.071,2188.28
1707912900000,1.071,1.071,1.07029,1.07034,2615.7
1707913800000,1.07032,1.07054,1.0701,1.0703,2459.1
1707914700000,1.07032,1.07069,1.07012,1.07056,2315.8
1707915600000,1.07058,1.07147,1.07058,1.07131,4251.27
1707916500000,1.07131,1.07146,1.07087,1.07112,5808.07
1707917400000,1.07111,1.07167,1.07099,1.07144,5007.92
1707918300000,1.07144,1.0715,1.07067,1.07086,4607.83
1707919200000,1.07086,1.07129,1.07065,1.07102,7481.26
1707920100000,1.07101,1.07149,1.07067,1.07127,6184.4201
1707921000000,1.07128,1.07211,1.07127,1.07194,8536.94
1707921900000,1.07194,1.07229,1.07131,1.0716,5812.11
1707922800000,1.0716,1.07226,1.07133,1.07146,7834.77
1707923700000,1.0715,1.07247,1.07138,1.0722,5772.52
1707924600000,1.0722,1.07252,1.07173,1.07207,5247.04
1707925500000,1.07208,1.07237,1.07178,1.07212,6231.85
1707926400000,1.07211,1.07282,1.07191,1.07247,5487.59
1707927300000,1.07247,1.07286,1.07245,1.07278,3957.67
1707928200000,1.07277,1.07307,1.07267,1.07267,4818.27
1707929100000,1.07267,1.07344,1.07261,1.07339,3290.55
1707930000000,1.07338,1.07338,1.07281,1.073,4783.64
1707930900000,1.073,1.07314,1.0728,1.07314,3524.5
1707931800000,1.07313,1.07317,1.07278,1.07306,2759.45
1707932700000,1.07302,1.07329,1.073,1.07306,2372.38
1707933600000,1.07307,1.07338,1.07271,1.07276,2454.77
1707934500000,1.07276,1.0729,1.07259,1.07271,2340.18
1707935400000,1.07272,1.07317,1.07269,1.07298,2251.86
1707936300000,1.07298,1.07311,1.07265,1.07269,2642.71
1707937200000,1.07269,1.07288,1.07259,1.0728,3123.3
1707938100000,1.07281,1.07293,1.07265,1.0728,2215.76
1707939000000,1.07281,1.07292,1.07263,1.07265,1048.76
1707939900000,1.07264,1.07288,1.07256,1.07281,1713.62
1707940800000,1.07282,1.07288,1.07265,1.07266,1811.24
1707941700000,1.07267,1.07276,1.07259,1.0727,1044.08
1707942600000,1.07272,1.07285,1.07264,1.0728,2176.2
1707943500000,1.0728,1.07288,1.07266,1.07276,2511.88
1707944400000,1.07275,1.07275,1.07255,1.07266,1128.41
1707945300000,1.07266,1.07271,1.07262,1.07265,690.77
1707946200000,1.07265,1.07278,1.07265,1.07271,737.79
1707947100000,1.07272,1.07284,1.0725,1.0725,917.1
1707948000000,1.0725,1.07285,1.07246,1.07278,437.65
1707948900000,1.07279,1.0728,1.07259,1.07276,534.87
1707949800000,1.0727,1.07277,1.0727,1.07275,2601.72
1707950700000,1.07275,1.07282,1.07266,1.07272,1166.4
1707951600000,1.07272,1.07307,1.07272,1.07303,479.47
1707952500000,1.07304,1.07308,1.07297,1.07303,440.7
1707953400000,1.07303,1.07314,1.07303,1.07313,444.71
1707954300000,1.07314,1.07322,1.07308,1.07319,298.53
1707955200000,1.07321,1.07333,1.07319,1.07323,480.95
1707956100000,1.07323,1.07329,1.07308,1.07312,565.33
1707957000000,1.07312,1.07335,1.07293,1.07329,1497.69
1707957900000,1.07329,1.07354,1.07323,1.0734,1516.81
1707958800000,1.0734,1.07351,1.07287,1.07293,1644.4
1707959700000,1.07294,1.07301,1.07271,1.07273,2247.52
1707960600000,1.07272,1.07292,1.07263,1.07285,2658.06
1707961500000,1.07284,1.07298,1.07277,1.07283,1504.98
1707962400000,1.07283,1.07285,1.07258,1.07263,1627.44
1707963300000,1.07262,1.07284,1.07262,1.07281,1204.27
1707964200000,1.0728,1.07315,1.07278,1.07302,1683.93
1707965100000,1.07302,1.07311,1.07286,1.07292,1501.74
1707966000000,1.07294,1.07302,1.07285,1.07297,1102.11
1707966900000,1.07298,1.07305,1.07287,1.07287,1079.49
1707967800000,1.07288,1.07293,1.0726,1.0726,1122.12
1707968700000,1.07259,1.07261,1.0725,1.07256,1469.3
1707969600000,1.07255,1.07267,1.07252,1.07265,810.1
1707970500000,1.07264,1.07267,1.07247,1.07252,1176.72
1707971400000,1.07253,1.07259,1.07246,1.07248,1144.52
1707972300000,1.07247,1.07263,1.07247,1.07259,898.11
1707973200000,1.0726,1.07281,1.0726,1.0728,1211.04
1707974100000,1.07281,1.07308,1.07273,1.07307,998.59
1707975000000,1.07308,1.07321,1.07307,1.07313,812.89
1707975900000,1.07313,1.07313,1.07277,1.0729,1483.64
1707976800000,1.0729,1.07293,1.07276,1.07282,1374.53
1707977700000,1.07281,1.07299,1.07271,1.0729,1618.13
1707978600000,1.0729,1.07338,1.07288,1.07328,1423.91
1707979500000,1.07328,1.07334,1.07287,1.07309,2474.39
1707980400000,1.07308,1.0734,1.07275,1.07333,3723.15
1707981300000,1.07334,1.07387,1.07319,1.07387,2707.08
1707982200000,1.07389,1.07413,1.07346,1.0736,3919.17
1707983100000,1.07359,1.0736,1.07313,1.07328,3351.9699
1707984000000,1.07328,1.07375,1.07299,1.07342,4699.25
1707984900000,1.07341,1.07361,1.07307,1.07325,4756.2
1707985800000,1.07324,1.07347,1.07308,1.07337,4256.83
1707986700000,1.07337,1.07357,1.07296,1.07308,4657.14
1707987600000,1.07308,1.07339,1.07279,1.07298,4628.89
1707988500000,1.07299,1.07338,1.07288,1.07338,2837.21
1707989400000,1.07338,1.07368,1.07317,1.07318,2586.59
1707990300000,1.07317,1.07358,1.07311,1.0733,2923.54
1707991200000,1.07329,1.07351,1.0732,1.07332,2911.18
1707992100000,1.07333,1.07345,1.07307,1.07344,2765.07
1707993000000,1.07344,1.07368,1.07326,1.07333,2333.91
1707993900000,1.07334,1.07349,1.07323,1.07345,3357.56
1707994800000,1.07346,1.074,1.07346,1.07378,2104.77
1707995700000,1.07378,1.07386,1.07358,1.07367,2222.43
1707996600000,1.07366,1.0737,1.07338,1.07368,1762.22
1707997500000,1.07369,1.07377,1.07348,1.07353,1402.26
1707998400000,1.07354,1.07391,1.07353,1.0738,1980.81
1707999300000,1.07379,1.07445,1.07379,1.07438,1544.73
1708000200000,1.07438,1.07476,1.07429,1.07459,2650.29
1708001100000,1.07457,1.07486,1.07425,1.07449,3134.42
1708002000000,1.07449,1.07465,1.07426,1.07454,3828.3801
1708002900000,1.07457,1.07505,1.07438,1.07461,5146.5001
1708003800000,1.0747,1.07727,1.0747,1.07707,22251.6401
1708004700000,1.07707,1.0771,1.0761,1.07664,13558.5901
1708005600000,1.07659,1.07674,1.07591,1.07635,13941.2299
1708006500000,1.07635,1.07702,1.07635,1.07691,8853.86
1708007400000,1.07694,1.07829,1.07689,1.07769,12411.16
1708008300000,1.07768,1.0778,1.07695,1.07759,11861.9101
1708009200000,1.07761,1.07842,1.07757,1.07819,9184.4301
1708010100000,1.0782,1.07847,1.07763,1.07764,8579.76
1708011000000,1.07764,1.07788,1.07644,1.07655,10666.38
1708011900000,1.07655,1.07682,1.07585,1.07611,5678.98
1708012800000,1.07611,1.07631,1.0757,1.07579,6347.1701
1708013700000,1.07578,1.07591,1.07554,1.07557,7049.94
1708014600000,1.07556,1.07602,1.07552,1.07589,4440.94
1708015500000,1.07591,1.07599,1.07552,1.07596,2597.49
1708016400000,1.07597,1.07629,1.07565,1.07604,2400.74
1708017300000,1.07605,1.07613,1.07585,1.0759,2417.63
1708018200000,1.07591,1.07618,1.07591,1.07611,1810.98
1708019100000,1.07611,1.07623,1.07586,1.07623,2902.42
1708020000000,1.07623,1.07643,1.07605,1.07623,2540.08
1708020900000,1.07624,1.07648,1.0761,1.07644,1863.26
1708021800000,1.07645,1.07654,1.07623,1.07646,2223.11
1708022700000,1.07646,1.07674,1.07633,1.07669,1730.95
1708023600000,1.07669,1.07723,1.07665,1.07697,2710.6
1708024500000,1.07698,1.0772,1.07682,1.07692,1610.05
1708025400000,1.07693,1.07711,1.07679,1.07687,1642.78
1708026300000,1.07686,1.07696,1.07671,1.07687,2565.56
1708027200000,1.07687,1.07701,1.07682,1.07688,2261.43
1708028100000,1.07688,1.07701,1.0768,1.07697,2186.94
1708029000000,1.07698,1.07711,1.07692,1.07702,2551.36
1708029900000,1.07702,1.07718,1.07692,1.07715,1324.99
1708030800000,1.07715,1.07715,1.07703,1.07712,989.13
1708031700000,1.07712,1.07714,1.07705,1.0771,528.85
1708032600000,1.07709,1.07716,1.07703,1.07714,784.62
1708033500000,1.07713,1.07738,1.07712,1.07718,1854.73
1708034400000,1.07718,1.07718,1.0768,1.07709,150.25
1708035300000,1.07709,1.07717,1.07705,1.07705,140.9
1708036200000,1.07705,1.07715,1.07699,1.07705,1756.56
1708037100000,1.07708,1.07727,1.07702,1.07724,345.81
1708038000000,1.07726,1.07752,1.07717,1.07749,402.18
1708038900000,1.0775,1.07768,1.07748,1.0776,245.43
1708039800000,1.07759,1.07762,1.07744,1.07745,330.69
1708040700000,1.07743,1.07753,1.07722,1.07726,547.03
1708041600000,1.07726,1.07736,1.07706,1.07707,1206.21
1708042500000,1.07708,1.07714,1.07642,1.07648,1316.27
1708043400000,1.07647,1.07651,1.07627,1.07635,1025.31
1708044300000,1.07635,1.07658,1.07612,1.07647,2376.85
1708045200000,1.0765,1.07655,1.07611,1.07637,2392.98
1708046100000,1.07637,1.07661,1.07635,1.07658,874.64
1708047000000,1.07659,1.07661,1.07639,1.07654,1471.62
1708047900000,1.07655,1.07658,1.07635,1.07648,971.12
1708048800000,1.07648,1.0765,1.07618,1.0763,1055.73
1708049700000,1.0763,1.07641,1.07626,1.07634,1736.52
1708050600000,1.07634,1.07641,1.07629,1.07634,1668.27
1708051500000,1.07635,1.07635,1.07599,1.07604,1255.47
1708052400000,1.07604,1.0763,1.07599,1.07615,1073.65
1708053300000,1.07613,1.07621,1.07604,1.07614,772.08
1708054200000,1.07613,1.07626,1.07594,1.07604,1507.95
1708055100000,1.07604,1.07606,1.0759,1.07598,1761.57
1708056000000,1.07599,1.076,1.07579,1.07581,1398.57
1708056900000,1.07582,1.07588,1.07573,1.07586,767.66
1708057800000,1.07587,1.07602,1.07583,1.07596,693
1708058700000,1.07595,1.07611,1.07589,1.07593,1313.04
1708059600000,1.07591,1.07618,1.07583,1.07606,680.24
1708060500000,1.07606,1.07612,1.07593,1.07598,845.31
1708061400000,1.07597,1.07609,1.07591,1.07605,754.08
1708062300000,1.07606,1.07609,1.07595,1.07601,1020.38
1708063200000,1.07601,1.07608,1.0759,1.07601,863.87
1708064100000,1.07601,1.07607,1.07586,1.07594,500.4
1708065000000,1.07593,1.07622,1.07587,1.07619,500.31
1708065900000,1.07618,1.07626,1.07608,1.07626,1079.03
1708066800000,1.07626,1.07647,1.07614,1.07638,2057.02
1708067700000,1.07639,1.07673,1.07616,1.07652,1303.52
1708068600000,1.07652,1.07678,1.07616,1.07625,1429.54
1708069500000,1.07625,1.07634,1.076,1.07606,1616.85
1708070400000,1.07607,1.07642,1.076,1.07607,1684.96
1708071300000,1.07607,1.07655,1.07595,1.07629,1860.84
1708072200000,1.07629,1.07684,1.07625,1.07671,1706.31
1708073100000,1.07672,1.07713,1.07671,1.07699,1418.97
1708074000000,1.07699,1.07717,1.07665,1.07665,1973.76
1708074900000,1.07666,1.07702,1.07653,1.07691,4065.64
1708075800000,1.07691,1.07715,1.07655,1.07661,3861.56
1708076700000,1.07661,1.0767,1.0764,1.07661,3383.59
1708077600000,1.07661,1.07662,1.07634,1.07654,2327.11
1708078500000,1.07653,1.07654,1.07625,1.07633,1314.24
1708079400000,1.07632,1.07697,1.07632,1.07692,1990.96
1708080300000,1.07691,1.07708,1.07674,1.0768,1740.48
1708081200000,1.07678,1.07738,1.07667,1.07734,1231.88
1708082100000,1.07732,1.07763,1.07728,1.07732,2069.41
1708083000000,1.07732,1.07795,1.07727,1.07782,2095.38
1708083900000,1.07783,1.078,1.07775,1.07775,2592.82
1708084800000,1.07773,1.0778,1.07742,1.07743,3378.15
1708085700000,1.07742,1.07759,1.07733,1.07734,2455.32
1708086600000,1.07734,1.07758,1.07699,1.07712,3421.32
1708087500000,1.07713,1.07728,1.07675,1.0768,2844.55
1708088400000,1.07679,1.07709,1.0766,1.07661,3146.78
1708089300000,1.07662,1.0768,1.07618,1.0767,5651.54
1708090200000,1.0767,1.07676,1.07319,1.07409,14717.31
1708091100000,1.07412,1.0749,1.07387,1.07464,7906.79
1708092000000,1.07465,1.07531,1.07431,1.07435,9165.3499
1708092900000,1.07434,1.07503,1.07409,1.075,7495.9901
1708093800000,1.075,1.07569,1.0748,1.07537,11945.35
1708094700000,1.07536,1.07555,1.07491,1.07496,9452.85
1708095600000,1.07494,1.07689,1.07483,1.07689,8615.9299
1708096500000,1.0769,1.07718,1.07661,1.07674,8382.64
1708097400000,1.07674,1.07768,1.07646,1.07756,6770.71
1708098300000,1.07758,1.0776,1.07704,1.07707,8747.34
1708099200000,1.0771,1.07734,1.07683,1.07719,7196.9
1708100100000,1.0772,1.07753,1.07713,1.07729,4082.63
1708101000000,1.0773,1.07741,1.07706,1.07713,6259.68
1708101900000,1.07713,1.07722,1.07656,1.07683,5568.16
1708102800000,1.07681,1.07696,1.0765,1.07669,2186.53
1708103700000,1.07669,1.07673,1.07626,1.07661,2180.26
1708104600000,1.07661,1.07704,1.07656,1.07704,2539.01
1708105500000,1.07705,1.07778,1.07703,1.07777,2731.82
1708106400000,1.07778,1.07787,1.07739,1.07755,3608
1708107300000,1.07755,1.07765,1.0774,1.07753,2237.6
1708108200000,1.07751,1.07815,1.07744,1.07815,1895.43
1708109100000,1.07815,1.07859,1.07804,1.0785,1875.73
1708110000000,1.07851,1.07874,1.07845,1.07855,2461.53
1708110900000,1.07854,1.0787,1.07843,1.07846,2039.15
1708111800000,1.07847,1.07851,1.07798,1.07808,3886.56
1708112700000,1.07808,1.0781,1.07754,1.0777,3745.02
1708113600000,1.0777,1.0777,1.07738,1.07743,2335.29
1708114500000,1.07743,1.0777,1.07738,1.07763,3852.78
1708115400000,1.07762,1.07774,1.07739,1.07744,2175.5
1708116300000,1.07744,1.0777,1.07729,1.07764,3288.91
1708117200000,1.07764,1.07771,1.07747,1.07763,1677.19
1708118100000,1.07763,1.07778,1.07758,1.07776,964.4
1708119000000,1.07777,1.07778,1.07761,1.07772,1957.77
1708119900000,1.07773,1.07775,1.07747,1.07749,1693.33
1708120800000,1.07749,1.07749,1.07749,1.07749,0
1708121700000,1.07749,1.07749,1.07749,1.07749,0
1708122600000,1.07749,1.07749,1.07749,1.07749,0
1708123500000,1.07749,1.07749,1.07749,1.07749,0
1708124400000,1.07749,1.07749,1.07749,1.07749,0
1708125300000,1.07749,1.07749,1.07749,1.07749,0
1708126200000,1.07749,1.07749,1.07749,1.07749,0
1708127100000,1.07749,1.07749,1.07749,1.07749,0
1708128000000,1.07749,1.07749,1.07749,1.07749,0
1708128900000,1.07749,1.07749,1.07749,1.07749,0
1708129800000,1.07749,1.07749,1.07749,1.07749,0
1708130700000,1.07749,1.07749,1.07749,1.07749,0
1708131600000,1.07749,1.07749,1.07749,1.07749,0
1708132500000,1.07749,1.07749,1.07749,1.07749,0
1708133400000,1.07749,1.07749,1.07749,1.07749,0
1708134300000,1.07749,1.07749,1.07749,1.07749,0
1708135200000,1.07749,1.07749,1.07749,1.07749,0
1708136100000,1.07749,1.07749,1.07749,1.07749,0
1708137000000,1.07749,1.07749,1.07749,1.07749,0
1708137900000,1.07749,1.07749,1.07749,1.07749,0
1708138800000,1.07749,1.07749,1.07749,1.07749,0
1708139700000,1.07749,1.07749,1.07749,1.07749,0
1708140600000,1.07749,1.07749,1.07749,1.07749,0
1708141500000,1.07749,1.07749,1.07749,1.07749,0
1708142400000,1.07749,1.07749,1.07749,1.07749,0
1708143300000,1.07749,1.07749,1.07749,1.07749,0
1708144200000,1.07749,1.07749,1.07749,1.07749,0
1708145100000,1.07749,1.07749,1.07749,1.07749,0
1708146000000,1.07749,1.07749,1.07749,1.07749,0
1708146900000,1.07749,1.07749,1.07749,1.07749,0
1708147800000,1.07749,1.07749,1.07749,1.07749,0
1708148700000,1.07749,1.07749,1.07749,1.07749,0
1708149600000,1.07749,1.07749,1.07749,1.07749,0
1708150500000,1.07749,1.07749,1.07749,1.07749,0
1708151400000,1.07749,1.07749,1.07749,1.07749,0
1708152300000,1.07749,1.07749,1.07749,1.07749,0
1708153200000,1.07749,1.07749,1.07749,1.07749,0
1708154100000,1.07749,1.07749,1.07749,1.07749,0
1708155000000,1.07749,1.07749,1.07749,1.07749,0
1708155900000,1.07749,1.07749,1.07749,1.07749,0
1708156800000,1.07749,1.07749,1.07749,1.07749,0
1708157700000,1.07749,1.07749,1.07749,1.07749,0
1708158600000,1.07749,1.07749,1.07749,1.07749,0
1708159500000,1.07749,1.07749,1.07749,1.07749,0
1708160400000,1.07749,1.07749,1.07749,1.07749,0
1708161300000,1.07749,1.07749,1.07749,1.07749,0
1708162200000,1.07749,1.07749,1.07749,1.07749,0
1708163100000,1.07749,1.07749,1.07749,1.07749,0
1708164000000,1.07749,1.07749,1.07749,1.07749,0
1708164900000,1.07749,1.07749,1.07749,1.07749,0
1708165800000,1.07749,1.07749,1.07749,1.07749,0
1708166700000,1.07749,1.07749,1.07749,1.07749,0
1708167600000,1.07749,1.07749,1.07749,1.07749,0
1708168500000,1.07749,1.07749,1.07749,1.07749,0
1708169400000,1.07749,1.07749,1.07749,1.07749,0
1708170300000,1.07749,1.07749,1.07749,1.07749,0
1708171200000,1.07749,1.07749,1.07749,1.07749,0
1708172100000,1.07749,1.07749,1.07749,1.07749,0
1708173000000,1.07749,1.07749,1.07749,1.07749,0
1708173900000,1.07749,1.07749,1.07749,1.07749,0
1708174800000,1.07749,1.07749,1.07749,1.07749,0
1708175700000,1.07749,1.07749,1.07749,1.07749,0
1708176600000,1.07749,1.07749,1.07749,1.07749,0
1708177500000,1.07749,1.07749,1.07749,1.07749,0
1708178400000,1.07749,1.07749,1.07749,1.07749,0
1708179300000,1.07749,1.07749,1.07749,1.07749,0
1708180200000,1.07749,1.07749,1.07749,1.07749,0
1708181100000,1.07749,1.07749,1.07749,1.07749,0
1708182000000,1.07749,1.07749,1.07749,1.07749,0
1708182900000,1.07749,1.07749,1.07749,1.07749,0
1708183800000,1.07749,1.07749,1.07749,1.07749,0
1708184700000,1.07749,1.07749,1.07749,1.07749,0
1708185600000,1.07749,1.07749,1.07749,1.07749,0
1708186500000,1.07749,1.07749,1.07749,1.07749,0
1708187400000,1.07749,1.07749,1.07749,1.07749,0
1708188300000,1.07749,1.07749,1.07749,1.07749,0
1708189200000,1.07749,1.07749,1.07749,1.07749,0
1708190100000,1.07749,1.07749,1.07749,1.07749,0
1708191000000,1.07749,1.07749,1.07749,1.07749,0
1708191900000,1.07749,1.07749,1.07749,1.07749,0
1708192800000,1.07749,1.07749,1.07749,1.07749,0
1708193700000,1.07749,1.07749,1.07749,1.07749,0
1708194600000,1.07749,1.07749,1.07749,1.07749,0
1708195500000,1.07749,1.07749,1.07749,1.07749,0
1708196400000,1.07749,1.07749,1.07749,1.07749,0
1708197300000,1.07749,1.07749,1.07749,1.07749,0
1708198200000,1.07749,1.07749,1.07749,1.07749,0
1708199100000,1.07749,1.07749,1.07749,1.07749,0
1708200000000,1.07749,1.07749,1.07749,1.07749,0
1708200900000,1.07749,1.07749,1.07749,1.07749,0
1708201800000,1.07749,1.07749,1.07749,1.07749,0
1708202700000,1.07749,1.07749,1.07749,1.07749,0
1708203600000,1.07749,1.07749,1.07749,1.07749,0
1708204500000,1.07749,1.07749,1.07749,1.07749,0
1708205400000,1.07749,1.07749,1.07749,1.07749,0
1708206300000,1.07749,1.07749,1.07749,1.07749,0
1708207200000,1.07749,1.07749,1.07749,1.07749,0
1708208100000,1.07749,1.07749,1.07749,1.07749,0
1708209000000,1.07749,1.07749,1.07749,1.07749,0
1708209900000,1.07749,1.07749,1.07749,1.07749,0
1708210800000,1.07749,1.07749,1.07749,1.07749,0
1708211700000,1.07749,1.07749,1.07749,1.07749,0
1708212600000,1.07749,1.07749,1.07749,1.07749,0
1708213500000,1.07749,1.07749,1.07749,1.07749,0
1708214400000,1.07749,1.07749,1.07749,1.07749,0
1708215300000,1.07749,1.07749,1.07749,1.07749,0
1708216200000,1.07749,1.07749,1.07749,1.07749,0
1708217100000,1.07749,1.07749,1.07749,1.07749,0
1708218000000,1.07749,1.07749,1.07749,1.07749,0
1708218900000,1.07749,1.07749,1.07749,1.07749,0
1708219800000,1.07749,1.07749,1.07749,1.07749,0
1708220700000,1.07749,1.07749,1.07749,1.07749,0
1708221600000,1.07749,1.07749,1.07749,1.07749,0
1708222500000,1.07749,1.07749,1.07749,1.07749,0
1708223400000,1.07749,1.07749,1.07749,1.07749,0
1708224300000,1.07749,1.07749,1.07749,1.07749,0
1708225200000,1.07749,1.07749,1.07749,1.07749,0
1708226100000,1.07749,1.07749,1.07749,1.07749,0
1708227000000,1.07749,1.07749,1.07749,1.07749,0
1708227900000,1.07749,1.07749,1.07749,1.07749,0
1708228800000,1.07749,1.07749,1.07749,1.07749,0
1708229700000,1.07749,1.07749,1.07749,1.07749,0
1708230600000,1.07749,1.07749,1.07749,1.07749,0
1708231500000,1.07749,1.07749,1.07749,1.07749,0
1708232400000,1.07749,1.07749,1.07749,1.07749,0
1708233300000,1.07749,1.07749,1.07749,1.07749,0
1708234200000,1.07749,1.07749,1.07749,1.07749,0
1708235100000,1.07749,1.07749,1.07749,1.07749,0
1708236000000,1.07749,1.07749,1.07749,1.07749,0
1708236900000,1.07749,1.07749,1.07749,1.07749,0
1708237800000,1.07749,1.07749,1.07749,1.07749,0
1708238700000,1.07749,1.07749,1.07749,1.07749,0
1708239600000,1.07749,1.07749,1.07749,1.07749,0
1708240500000,1.07749,1.07749,1.07749,1.07749,0
1708241400000,1.07749,1.07749,1.07749,1.07749,0
1708242300000,1.07749,1.07749,1.07749,1.07749,0
1708243200000,1.07749,1.07749,1.07749,1.07749,0
1708244100000,1.07749,1.07749,1.07749,1.07749,0
1708245000000,1.07749,1.07749,1.07749,1.07749,0
1708245900000,1.07749,1.07749,1.07749,1.07749,0
1708246800000,1.07749,1.07749,1.07749,1.07749,0
1708247700000,1.07749,1.07749,1.07749,1.07749,0
1708248600000,1.07749,1.07749,1.07749,1.07749,0
1708249500000,1.07749,1.07749,1.07749,1.07749,0
1708250400000,1.07749,1.07749,1.07749,1.07749,0
1708251300000,1.07749,1.07749,1.07749,1.07749,0
1708252200000,1.07749,1.07749,1.07749,1.07749,0
1708253100000,1.07749,1.07749,1.07749,1.07749,0
1708254000000,1.07749,1.07749,1.07749,1.07749,0
1708254900000,1.07749,1.07749,1.07749,1.07749,0
1708255800000,1.07749,1.07749,1.07749,1.07749,0
1708256700000,1.07749,1.07749,1.07749,1.07749,0
1708257600000,1.07749,1.07749,1.07749,1.07749,0
1708258500000,1.07749,1.07749,1.07749,1.07749,0
1708259400000,1.07749,1.07749,1.07749,1.07749,0
1708260300000,1.07749,1.07749,1.07749,1.07749,0
1708261200000,1.07749,1.07749,1.07749,1.07749,0
1708262100000,1.07749,1.07749,1.07749,1.07749,0
1708263000000,1.07749,1.07749,1.07749,1.07749,0
1708263900000,1.07749,1.07749,1.07749,1.07749,0
1708264800000,1.07749,1.07749,1.07749,1.07749,0
1708265700000,1.07749,1.07749,1.07749,1.07749,0
1708266600000,1.07749,1.07749,1.07749,1.07749,0
1708267500000,1.07749,1.07749,1.07749,1.07749,0
1708268400000,1.07749,1.07749,1.07749,1.07749,0
1708269300000,1.07749,1.07749,1.07749,1.07749,0
1708270200000,1.07749,1.07749,1.07749,1.07749,0
1708271100000,1.07749,1.07749,1.07749,1.07749,0
1708272000000,1.07749,1.07749,1.07749,1.07749,0
1708272900000,1.07749,1.07749,1.07749,1.07749,0
1708273800000,1.07749,1.07749,1.07749,1.07749,0
1708274700000,1.07749,1.07749,1.07749,1.07749,0
1708275600000,1.07749,1.07749,1.07749,1.07749,0
1708276500000,1.07749,1.07749,1.07749,1.07749,0
1708277400000,1.07749,1.07749,1.07749,1.07749,0
1708278300000,1.07749,1.07749,1.07749,1.07749,0
1708279200000,1.07749,1.07749,1.07749,1.07749,0
1708280100000,1.07749,1.07749,1.07749,1.07749,0
1708281000000,1.07749,1.07749,1.07749,1.07749,0
1708281900000,1.07749,1.07749,1.07749,1.07749,0
1708282800000,1.07749,1.07749,1.07749,1.07749,0
1708283700000,1.07749,1.07749,1.07749,1.07749,0
1708284600000,1.07749,1.07749,1.07749,1.07749,0
1708285500000,1.07749,1.07749,1.07749,1.07749,0
1708286400000,1.07749,1.07749,1.07749,1.07749,0
1708287300000,1.07749,1.07749,1.07749,1.07749,0
1708288200000,1.07749,1.07749,1.07749,1.07749,0
1708289100000,1.07749,1.07749,1.07749,1.07749,0
1708290000000,1.07749,1.07749,1.07749,1.07749,0
1708290900000,1.07749,1.07749,1.07749,1.07749,0
1708291800000,1.07749,1.07749,1.07749,1.07749,0
1708292700000,1.07749,1.07749,1.07749,1.07749,0
1708293600000,1.07718,1.07768,1.07718,1.07759,352.62
1708294500000,1.07759,1.07766,1.07734,1.07734,600.85
1708295400000,1.07746,1.07756,1.07734,1.07742,353.83
1708296300000,1.07743,1.07749,1.0773,1.07748,342.15
1708297200000,1.07744,1.07801,1.07744,1.078,814.81
1708298100000,1.078,1.07816,1.07794,1.07816,332.93
1708299000000,1.07814,1.07821,1.07804,1.07821,662.79
1708299900000,1.07821,1.0785,1.07818,1.0784,646.95
1708300800000,1.07838,1.07876,1.07836,1.07876,1111.83
1708301700000,1.07878,1.07889,1.07871,1.07875,894.25
1708302600000,1.07877,1.07889,1.07847,1.07856,1470.57
1708303500000,1.07855,1.0787,1.07852,1.07869,1217.69
1708304400000,1.0787,1.0788,1.07864,1.07873,1552.36
1708305300000,1.07875,1.07876,1.07814,1.07815,1907.38
1708306200000,1.07814,1.07821,1.07782,1.07787,2841.39
1708307100000,1.07787,1.07826,1.07784,1.07803,1523.31
1708308000000,1.07802,1.07802,1.0778,1.07791,1261.52
1708308900000,1.07791,1.07802,1.07785,1.0779,1114.12
1708309800000,1.07791,1.07792,1.0778,1.0779,821.08
1708310700000,1.0779,1.07818,1.0779,1.07812,849.5
1708311600000,1.07811,1.07831,1.0781,1.07831,862.87
1708312500000,1.07831,1.07832,1.0781,1.0782,1207.43
1708313400000,1.07821,1.07821,1.07788,1.0779,1709.29
1708314300000,1.07789,1.07792,1.0775,1.07754,1514.2
1708315200000,1.07753,1.07761,1.07748,1.07757,711.9
1708316100000,1.07755,1.07778,1.07753,1.07771,567.88
1708317000000,1.07771,1.07785,1.07766,1.07785,649.8
1708317900000,1.07786,1.07809,1.07752,1.07778,1289.61
1708318800000,1.07779,1.07789,1.0777,1.07781,874
1708319700000,1.07781,1.07802,1.0778,1.07802,857.61
1708320600000,1.07802,1.07826,1.07802,1.07822,1189.17
1708321500000,1.07821,1.07827,1.07816,1.07816,1089.81
1708322400000,1.07817,1.07829,1.07803,1.07826,1017.3
1708323300000,1.07827,1.07827,1.078,1.07815,973.94
1708324200000,1.07815,1.07837,1.07809,1.07834,1056.75
1708325100000,1.07834,1.07867,1.07825,1.07863,1180.47
1708326000000,1.07863,1.07885,1.07863,1.07881,1480.65
1708326900000,1.07881,1.07894,1.07865,1.07867,1394.08
1708327800000,1.07868,1.07887,1.07859,1.0786,2173.89
1708328700000,1.07857,1.07864,1.07813,1.07826,2460.34
1708329600000,1.0783,1.07862,1.07823,1.07858,3296.32
1708330500000,1.07861,1.07873,1.07826,1.07866,2188.65
1708331400000,1.07867,1.07868,1.07818,1.07825,3089.6
1708332300000,1.07824,1.07845,1.07762,1.07781,2926.56
1708333200000,1.07782,1.07833,1.0777,1.07771,3696.01
1708334100000,1.07772,1.07786,1.0774,1.07749,2886.84
1708335000000,1.07748,1.07783,1.07723,1.07754,2601.9
1708335900000,1.07754,1.07756,1.07726,1.07747,1952.74
1708336800000,1.07746,1.07753,1.07721,1.07741,2190.78
1708337700000,1.0774,1.07776,1.07731,1.0777,1868.1
1708338600000,1.07771,1.07787,1.07749,1.07764,1529.46
1708339500000,1.07764,1.07773,1.07742,1.07752,2293.92
1708340400000,1.07753,1.07757,1.07735,1.07748,2421.18
1708341300000,1.07749,1.07807,1.07744,1.078,1938.67
1708342200000,1.07802,1.07817,1.07785,1.07789,1538.89
1708343100000,1.0779,1.07802,1.0777,1.0777,1551.74
1708344000000,1.07769,1.07782,1.07749,1.0778,1086.08
1708344900000,1.07779,1.07794,1.07765,1.07774,1222.95
1708345800000,1.07775,1.07777,1.07738,1.07742,1607.68
1708346700000,1.07743,1.07764,1.07696,1.077,2194.59
1708347600000,1.07704,1.07787,1.07703,1.07772,2098.51
1708348500000,1.07772,1.07774,1.0771,1.07713,1539.62
1708349400000,1.07713,1.07729,1.0771,1.07723,1533.77
1708350300000,1.07724,1.07728,1.07675,1.077,1336.66
1708351200000,1.077,1.07706,1.07658,1.07684,3158.64
1708352100000,1.07684,1.07702,1.07654,1.07671,2069.63
1708353000000,1.0767,1.07677,1.07634,1.07655,2364.53
1708353900000,1.07654,1.07666,1.07631,1.07663,2568.1
1708354800000,1.07664,1.07665,1.07627,1.07628,1866.71
1708355700000,1.07626,1.07673,1.07621,1.07648,1565.65
1708356600000,1.07648,1.07679,1.0764,1.07658,2044
1708357500000,1.07658,1.07684,1.07647,1.07674,2365.7
1708358400000,1.07673,1.07673,1.07626,1.07653,1724.78
1708359300000,1.07651,1.07682,1.07649,1.0768,949.3
1708360200000,1.07679,1.07697,1.07677,1.07694,482.03
1708361100000,1.07693,1.07707,1.07683,1.07698,810.47
1708362000000,1.07697,1.07719,1.07694,1.07717,672
1708362900000,1.07717,1.07738,1.07714,1.07737,394.03
1708363800000,1.0774,1.07758,1.0774,1.07757,368.68
1708364700000,1.07758,1.07763,1.07751,1.07761,399.04
1708365600000,1.0776,1.07797,1.0776,1.07797,527.88
1708366500000,1.07796,1.07836,1.07796,1.07804,1223.3
1708367400000,1.07805,1.07808,1.07793,1.07798,587.81
1708368300000,1.07798,1.07798,1.07779,1.07789,499.1
1708369200000,1.07791,1.07821,1.0779,1.07798,786.34
1708370100000,1.078,1.078,1.07779,1.07784,289.44
1708371000000,1.07786,1.07806,1.07786,1.07804,185.6
1708371900000,1.07805,1.07808,1.07783,1.07783,575.7
1708372800000,1.07786,1.07787,1.07779,1.07784,273.26
1708373700000,1.07783,1.07788,1.07779,1.07787,85.14
1708374600000,1.07788,1.07789,1.07775,1.07782,223.43
1708375500000,1.07783,1.07797,1.07778,1.07793,270.83
1708376400000,1.07793,1.07796,1.07788,1.07794,233.27
1708377300000,1.07792,1.07816,1.07788,1.07815,268.81
1708378200000,1.07816,1.07823,1.07813,1.07813,217.02
1708379100000,1.07819,1.07819,1.07776,1.07785,324
1708380000000,1.0777,1.07784,1.07766,1.07779,245.1
1708380900000,1.07778,1.07795,1.0777,1.07788,398.18
1708381800000,1.07787,1.07801,1.07784,1.07789,731.7
1708382700000,1.07786,1.07796,1.07758,1.07784,1477.74
1708383600000,1.07784,1.07799,1.07762,1.07767,668.24
1708384500000,1.07766,1.07768,1.07748,1.07752,611.86
1708385400000,1.07751,1.07759,1.07748,1.07755,351.63
1708386300000,1.07756,1.07758,1.07737,1.07754,909.68
1708387200000,1.07753,1.07769,1.07729,1.07729,975.49
1708388100000,1.0773,1.07737,1.07693,1.07716,2083.03
1708389000000,1.07717,1.0773,1.07692,1.07695,1569.88
1708389900000,1.07695,1.07705,1.07676,1.07696,2209.98
1708390800000,1.07695,1.07699,1.0765,1.0765,2458.56
1708391700000,1.07649,1.07709,1.07649,1.07706,3963.06
1708392600000,1.07707,1.07712,1.07655,1.07669,3063.56
1708393500000,1.07669,1.07673,1.07651,1.07659,2001.14
1708394400000,1.07658,1.07661,1.07618,1.0763,2389.65
1708395300000,1.0763,1.07657,1.07625,1.07657,1300.79
1708396200000,1.07657,1.07657,1.07636,1.07648,991.96
1708397100000,1.07646,1.07669,1.07615,1.07669,2069.92
1708398000000,1.07668,1.07668,1.07644,1.07657,2168.68
1708398900000,1.07657,1.07677,1.07654,1.07676,1028.72
1708399800000,1.07677,1.07683,1.07667,1.07676,1524.49
1708400700000,1.07675,1.07685,1.07658,1.07678,610.17
1708401600000,1.07678,1.07699,1.07674,1.07699,1124.5
1708402500000,1.07699,1.07709,1.07684,1.07699,983.26
1708403400000,1.07698,1.07703,1.07689,1.07691,1192.04
1708404300000,1.07692,1.07702,1.07685,1.07689,1128.45
1708405200000,1.0769,1.077,1.07683,1.07685,1140.4
1708406100000,1.07686,1.07693,1.07669,1.07676,1053.98
1708407000000,1.07676,1.07681,1.07651,1.07671,1509.47
1708407900000,1.07672,1.07682,1.07665,1.07679,1498.04
1708408800000,1.07679,1.077,1.07673,1.077,1329
1708409700000,1.077,1.07719,1.07698,1.07718,1586.78
1708410600000,1.07717,1.07727,1.07709,1.07719,1509.98
1708411500000,1.0772,1.07725,1.0769,1.07708,1451.12
1708412400000,1.07708,1.07748,1.07707,1.07735,3025.33
1708413300000,1.07734,1.07748,1.07706,1.07722,2681.33
1708414200000,1.07722,1.07729,1.07674,1.07683,4204.02
1708415100000,1.07683,1.07737,1.07682,1.07697,2545.37
1708416000000,1.07695,1.07748,1.07695,1.07731,3839.45
1708416900000,1.0773,1.07751,1.07705,1.07737,4486.7299
1708417800000,1.07738,1.07738,1.07688,1.07717,3705.71
1708418700000,1.07719,1.07777,1.07708,1.07758,3983.84
1708419600000,1.07757,1.07802,1.07738,1.07791,3526.38
1708420500000,1.07792,1.07917,1.07791,1.07894,3031.29
1708421400000,1.07895,1.07974,1.07888,1.07954,5167.25
1708422300000,1.07955,1.07988,1.07921,1.07977,4874.63
1708423200000,1.07977,1.07993,1.07954,1.07989,5280.22
1708424100000,1.07988,1.08033,1.0798,1.08019,2576.52
1708425000000,1.08019,1.08094,1.08008,1.08051,6449.3999
1708425900000,1.0805,1.08078,1.08028,1.08038,5599.28
1708426800000,1.08039,1.08043,1.07977,1.07979,5022.2
1708427700000,1.07981,1.08002,1.07937,1.07953,3456
1708428600000,1.07952,1.08017,1.07937,1.07993,3089.32
1708429500000,1.07994,1.08023,1.07963,1.07983,4172.28
1708430400000,1.07984,1.0801,1.07967,1.0799,4836.04
1708431300000,1.07989,1.08052,1.07973,1.08046,4888.7
1708432200000,1.08047,1.08056,1.08013,1.08017,4406.5299
1708433100000,1.08017,1.08023,1.07954,1.0798,4096.39
1708434000000,1.07981,1.08063,1.07968,1.08053,4776.8001
1708434900000,1.08053,1.08087,1.08041,1.08087,3471.24
1708435800000,1.08087,1.0816,1.08084,1.08148,7647.96
1708436700000,1.08149,1.08249,1.08149,1.0823,5272.85
1708437600000,1.08232,1.08239,1.08183,1.08228,7597.61
1708438500000,1.08229,1.08314,1.08222,1.083,5893.34
1708439400000,1.08301,1.08387,1.08257,1.08264,9057.4599
1708440300000,1.08264,1.08338,1.08264,1.08289,8430.4
1708441200000,1.0829,1.08295,1.08209,1.08214,8249.4401
1708442100000,1.08215,1.08281,1.08202,1.08256,4411.2
1708443000000,1.08257,1.08258,1.0814,1.08145,6883.1701
1708443900000,1.08145,1.08237,1.0813,1.08226,4626.12
1708444800000,1.08227,1.08248,1.08169,1.08174,5423.1901
1708445700000,1.08173,1.08197,1.08158,1.08176,2568.46
1708446600000,1.08177,1.08188,1.08124,1.08124,3916.73
1708447500000,1.08125,1.08168,1.08124,1.08129,2357.67
1708448400000,1.0813,1.08149,1.08091,1.08091,2364.74
1708449300000,1.08092,1.08134,1.08092,1.08112,2210.98
1708450200000,1.08113,1.0814,1.08096,1.08114,2550.61
1708451100000,1.08113,1.08121,1.08104,1.08117,2559.01
1708452000000,1.08116,1.0812,1.0809,1.08107,1624.63
1708452900000,1.08107,1.08107,1.08082,1.08103,2003.14
1708453800000,1.08101,1.08107,1.0807,1.08102,1587.97
1708454700000,1.08101,1.0813,1.08088,1.08098,2221.64
1708455600000,1.08098,1.08098,1.08077,1.08092,2282.51
1708456500000,1.08092,1.08113,1.08081,1.08092,2346.23
1708457400000,1.08093,1.081,1.08085,1.08091,1414.76
1708458300000,1.0809,1.08102,1.08064,1.08064,2159.77
1708459200000,1.08063,1.08091,1.08043,1.08082,2279.34
1708460100000,1.08081,1.08125,1.08076,1.08123,1556.95
1708461000000,1.08124,1.08126,1.0809,1.08117,2032
1708461900000,1.08116,1.08126,1.08101,1.08104,2278.96
1708462800000,1.08104,1.08107,1.0807,1.08071,788.04
1708463700000,1.08071,1.08081,1.08065,1.08077,621.3
1708464600000,1.08078,1.0808,1.08065,1.08073,670.77
1708465500000,1.08072,1.08087,1.0807,1.08072,1235.1
1708466400000,1.08071,1.08073,1.08059,1.08063,156.62
1708467300000,1.08062,1.08091,1.08056,1.08075,771.28
1708468200000,1.08081,1.08093,1.08075,1.08082,714.65
1708469100000,1.08083,1.08097,1.0808,1.0809,556.2
1708470000000,1.08091,1.08095,1.08074,1.0809,1218.85
1708470900000,1.0809,1.0811,1.08085,1.08105,599.64
1708471800000,1.08105,1.08105,1.08089,1.08095,598.37
1708472700000,1.08096,1.0811,1.08092,1.08098,920.63
1708473600000,1.081,1.08111,1.08067,1.08092,1376.68
1708474500000,1.08092,1.08096,1.08066,1.0809,1212.58
1708475400000,1.0809,1.08104,1.08083,1.08104,1059.3
1708476300000,1.08102,1.08105,1.08085,1.08102,1392.02
1708477200000,1.08102,1.08102,1.08064,1.0807,1725.63
1708478100000,1.0807,1.08082,1.08055,1.08076,1474.2
1708479000000,1.08075,1.08122,1.08064,1.08122,2026.84
1708479900000,1.08121,1.08125,1.08097,1.08119,1675.32
1708480800000,1.0812,1.08157,1.08119,1.08144,1495.47
1708481700000,1.08145,1.08163,1.08143,1.08157,1376.94
1708482600000,1.08157,1.08163,1.08137,1.08159,1697.71
1708483500000,1.0816,1.08172,1.08144,1.0815,1716.24
1708484400000,1.0815,1.0817,1.08149,1.08166,791.8
1708485300000,1.08164,1.08177,1.08151,1.08155,1297.98
1708486200000,1.08154,1.08155,1.08136,1.08146,1193.21
1708487100000,1.08147,1.08189,1.08142,1.08178,1220.73
1708488000000,1.08179,1.08191,1.08162,1.08168,1431.68
1708488900000,1.08167,1.08169,1.08136,1.08148,973.58
1708489800000,1.08149,1.08152,1.08141,1.08143,754.32
1708490700000,1.08143,1.08158,1.08135,1.08141,1348.48
1708491600000,1.08141,1.08157,1.08134,1.08138,1796.61
1708492500000,1.08139,1.08143,1.08125,1.08128,1196.48
1708493400000,1.08127,1.08147,1.08125,1.08144,820.83
1708494300000,1.08145,1.08165,1.08144,1.0815,839.62
1708495200000,1.08151,1.08152,1.0811,1.08111,1274.01
1708496100000,1.08111,1.08127,1.081,1.08105,2221.07
1708497000000,1.08105,1.0811,1.08091,1.08095,1682.72
1708497900000,1.08094,1.08122,1.08075,1.08114,2276.25
1708498800000,1.08114,1.0814,1.08094,1.0811,2159.16
1708499700000,1.08109,1.08138,1.08087,1.08097,2555.08
1708500600000,1.08097,1.081,1.08064,1.0808,2293.86
1708501500000,1.08079,1.08137,1.08079,1.08107,2022.51
1708502400000,1.08106,1.08146,1.08089,1.08105,2920.74
1708503300000,1.08106,1.08123,1.08063,1.08074,2738.41
1708504200000,1.08076,1.08091,1.08054,1.08063,2972.36
1708505100000,1.08062,1.08074,1.07972,1.07987,3911.94
1708506000000,1.07987,1.07988,1.07899,1.07927,4623.26
1708506900000,1.07926,1.07958,1.07924,1.07948,2646.83
1708507800000,1.07946,1.0799,1.07936,1.07975,2358.43
1708508700000,1.07974,1.08003,1.07955,1.07999,2673.96
1708509600000,1.07997,1.08002,1.07959,1.07982,2066.33
1708510500000,1.07981,1.08007,1.07969,1.08006,3037.38
1708511400000,1.08005,1.08013,1.07977,1.07996,2064
1708512300000,1.07995,1.08031,1.07985,1.08011,2331.19
1708513200000,1.0801,1.08021,1.0799,1.08002,2209.77
1708514100000,1.08,1.08013,1.07956,1.07967,2950.41
1708515000000,1.07966,1.07983,1.07942,1.07948,2102.73
1708515900000,1.0795,1.0799,1.0795,1.0799,1399.09
1708516800000,1.0799,1.08018,1.07964,1.08017,1495.93
1708517700000,1.08018,1.08023,1.07988,1.0799,2413.31
1708518600000,1.07989,1.08003,1.07964,1.07974,2828.66
1708519500000,1.07975,1.08031,1.07968,1.08031,3175.22
1708520400000,1.08031,1.08107,1.08031,1.08097,3287.26
1708521300000,1.08098,1.08107,1.08039,1.08046,5710.2601
1708522200000,1.08045,1.08102,1.08039,1.08095,4278.57
1708523100000,1.08097,1.08114,1.08074,1.081,3614.16
1708524000000,1.08101,1.08154,1.08097,1.08133,3594.12
1708524900000,1.08134,1.08147,1.0808,1.08095,4957.52
1708525800000,1.08094,1.08105,1.08061,1.08101,5096.1301
1708526700000,1.08101,1.08162,1.081,1.08131,2642.14
1708527600000,1.0813,1.08199,1.08108,1.08171,3858.69
1708528500000,1.0817,1.08194,1.08112,1.08135,3451.28
1708529400000,1.08133,1.08152,1.08097,1.08114,5326.93
1708530300000,1.08113,1.08118,1.08043,1.08051,5001.53
1708531200000,1.08051,1.0812,1.08008,1.0812,4543.2101
1708532100000,1.08121,1.08152,1.08084,1.08146,3200.87
1708533000000,1.08146,1.0818,1.08133,1.08175,3742.55
1708533900000,1.08173,1.08188,1.08149,1.08169,2925.45
1708534800000,1.08171,1.08172,1.08109,1.08125,3295.62
1708535700000,1.08125,1.08137,1.08079,1.08093,3198.17
1708536600000,1.08093,1.08097,1.08075,1.0808,1970.32
1708537500000,1.0808,1.08097,1.08066,1.08075,3896.44
1708538400000,1.08074,1.0808,1.07999,1.0807,8031.5999
1708539300000,1.0807,1.08109,1.08065,1.08091,3147.51
1708540200000,1.0809,1.08135,1.08089,1.08126,3375.63
1708541100000,1.08127,1.08131,1.08094,1.08113,3967.82
1708542000000,1.08117,1.08243,1.0805,1.08178,10029.9899
1708542900000,1.08177,1.08191,1.08141,1.08175,4785
1708543800000,1.08175,1.08196,1.08135,1.08137,2756.7
1708544700000,1.08137,1.08185,1.08129,1.08165,3208.22
1708545600000,1.08164,1.08172,1.08138,1.08166,3795.55
1708546500000,1.08166,1.08166,1.08124,1.08162,3164.4
1708547400000,1.08161,1.08209,1.0816,1.08199,3613.55
1708548300000,1.08201,1.08207,1.0817,1.08171,4860.18
1708549200000,1.08172,1.08182,1.08129,1.08139,923.18
1708550100000,1.08141,1.08169,1.08133,1.08167,1199.04
1708551000000,1.08167,1.08201,1.08166,1.08182,714.39
1708551900000,1.08183,1.08201,1.08172,1.08181,878.79
1708552800000,1.08182,1.08188,1.08146,1.08185,552.97
1708553700000,1.08186,1.08209,1.08171,1.08194,1698.21
1708554600000,1.08196,1.08208,1.08183,1.08185,2790.05
1708555500000,1.08187,1.08196,1.0818,1.08192,1752.71
1708556400000,1.08191,1.08226,1.08191,1.08207,765.75
1708557300000,1.08206,1.08223,1.08206,1.08217,545.8
1708558200000,1.08216,1.08217,1.08197,1.08202,831.86
1708559100000,1.08203,1.08208,1.08187,1.08202,1099.85
1708560000000,1.08201,1.08243,1.082,1.08243,989.44
1708560900000,1.08243,1.08273,1.08234,1.08268,1178.82
1708561800000,1.08267,1.08304,1.08263,1.08302,1432.14
1708562700000,1.08302,1.08321,1.0829,1.08302,2702.08
1708563600000,1.08301,1.08306,1.08271,1.08282,2464.66
1708564500000,1.08281,1.08293,1.08268,1.08283,2701.3
1708565400000,1.08282,1.08303,1.08276,1.08282,2715.54
1708566300000,1.08283,1.08291,1.08267,1.08267,2137.94
1708567200000,1.08266,1.08271,1.08194,1.08195,2723.44
1708568100000,1.08194,1.08227,1.0819,1.08219,2352.47
1708569000000,1.08219,1.08244,1.08204,1.08241,751.77
1708569900000,1.0824,1.08263,1.08237,1.0826,941.91
1708570800000,1.0826,1.08272,1.08253,1.08266,749.11
1708571700000,1.08265,1.08266,1.08235,1.08247,631.44
1708572600000,1.08246,1.0825,1.08232,1.08234,723.05
1708573500000,1.08233,1.08258,1.08231,1.08257,841.19
1708574400000,1.08258,1.08274,1.08252,1.08268,712.11
1708575300000,1.08271,1.0829,1.08266,1.08288,1120.89
1708576200000,1.08287,1.08296,1.08278,1.08294,990.55
1708577100000,1.08293,1.08309,1.08289,1.08303,979.09
1708578000000,1.08302,1.08326,1.08296,1.08326,998.98
1708578900000,1.08325,1.08347,1.08324,1.08328,968.04
1708579800000,1.08328,1.08355,1.08324,1.08354,764.49
1708580700000,1.08354,1.08378,1.08329,1.08333,1416.21
1708581600000,1.08331,1.08367,1.0833,1.08362,1620.1
1708582500000,1.08365,1.08374,1.08355,1.08367,881.05
1708583400000,1.08367,1.08383,1.08367,1.08376,893.06
1708584300000,1.08375,1.084,1.08373,1.08384,1181.1
1708585200000,1.08385,1.0845,1.08376,1.08442,2518.49
1708586100000,1.08442,1.08506,1.08442,1.08491,2470.93
1708587000000,1.08493,1.08538,1.08486,1.08527,3361.72
1708587900000,1.08528,1.08535,1.08503,1.08531,2445.05
1708588800000,1.08531,1.08619,1.08526,1.08597,3680.15
1708589700000,1.08598,1.08882,1.08596,1.08857,9201.84
1708590600000,1.08855,1.08855,1.08573,1.08669,8229.18
1708591500000,1.08669,1.08744,1.08663,1.08714,4956.38
1708592400000,1.08715,1.08716,1.08637,1.08647,4015.72
1708593300000,1.08647,1.08647,1.08534,1.08563,6907.23
1708594200000,1.08565,1.08569,1.0848,1.08541,4106.17
1708595100000,1.08541,1.08574,1.0851,1.08529,2983.67
1708596000000,1.08527,1.08552,1.08503,1.08544,3264.32
1708596900000,1.08544,1.08562,1.08512,1.08529,1873.72
1708597800000,1.08529,1.08588,1.08522,1.08578,1861.1
1708598700000,1.08581,1.08584,1.08533,1.08566,1447.88
1708599600000,1.08568,1.08568,1.08448,1.08461,2566.3
1708600500000,1.0846,1.08497,1.08459,1.08496,2094.97
1708601400000,1.08495,1.08519,1.08476,1.08515,1608.24
1708602300000,1.08514,1.08573,1.08511,1.08573,1744.66
1708603200000,1.08572,1.08586,1.08535,1.0855,1596.69
1708604100000,1.08549,1.08549,1.08475,1.08489,2817.2
1708605000000,1.0849,1.0852,1.08428,1.08447,3325.19
1708605900000,1.08446,1.08477,1.08424,1.08438,3152.75
1708606800000,1.08439,1.08481,1.08415,1.08424,3701.29
1708607700000,1.08426,1.08432,1.08361,1.08387,3525.58
1708608600000,1.08385,1.08385,1.08256,1.08297,8409.37
1708609500000,1.08298,1.08343,1.0821,1.08231,5661.26
1708610400000,1.0823,1.08246,1.08124,1.0816,3791.98
1708611300000,1.08158,1.08173,1.08104,1.08128,4269.36
1708612200000,1.08129,1.08147,1.08026,1.08076,4348.17
1708613100000,1.08083,1.08204,1.08079,1.0818,10886.09
1708614000000,1.0818,1.0818,1.08036,1.08118,9132.92
1708614900000,1.08118,1.08141,1.0806,1.08121,6453.79
1708615800000,1.08121,1.08194,1.08113,1.08151,3971.24
1708616700000,1.08149,1.08168,1.08092,1.08102,4423.16
1708617600000,1.08101,1.08185,1.08093,1.08166,4947.2401
1708618500000,1.08166,1.08178,1.0815,1.08151,2530.99
1708619400000,1.08152,1.08168,1.0812,1.08137,1810.25
1708620300000,1.08137,1.08144,1.08088,1.08141,2451.28
1708621200000,1.08142,1.08158,1.08117,1.08149,2398.98
1708622100000,1.08149,1.08211,1.08147,1.08209,1725.97
1708623000000,1.08209,1.0824,1.08207,1.08227,1029.27
1708623900000,1.08228,1.08229,1.08194,1.08202,1378.9
1708624800000,1.08201,1.08213,1.08167,1.08168,1486.71
1708625700000,1.08169,1.08228,1.08144,1.08227,1523.07
1708626600000,1.08228,1.08261,1.08219,1.08257,1693.21
1708627500000,1.08256,1.08261,1.08234,1.08248,1186.37
1708628400000,1.08247,1.08251,1.08221,1.08227,1799.49
1708629300000,1.08228,1.08241,1.08222,1.08231,1217.55
1708630200000,1.08231,1.08235,1.08192,1.08198,1286.69
1708631100000,1.08198,1.08232,1.08198,1.08223,1635.43
1708632000000,1.08224,1.08232,1.082,1.08206,1412.72
1708632900000,1.08207,1.08229,1.082,1.08218,1285.23
1708633800000,1.08219,1.0823,1.08185,1.08203,2025.73
1708634700000,1.08202,1.08223,1.08192,1.08217,1919.48
1708635600000,1.08218,1.08218,1.08208,1.08215,828.32
1708636500000,1.08214,1.08226,1.08212,1.0822,244.16
1708637400000,1.0822,1.0823,1.0821,1.08219,320.67
1708638300000,1.08219,1.08236,1.08218,1.08222,1206.15
1708639200000,1.08221,1.08232,1.08186,1.08226,412.95
1708640100000,1.08228,1.08233,1.08218,1.08218,217.8
1708641000000,1.08218,1.08242,1.08201,1.08218,791.6
1708641900000,1.08218,1.08223,1.08174,1.08209,792.6
1708642800000,1.08215,1.08256,1.08204,1.08252,482.38
1708643700000,1.08253,1.08256,1.08247,1.08252,226.9
1708644600000,1.08252,1.08258,1.08252,1.08255,314.7
1708645500000,1.08255,1.08256,1.08249,1.08253,552.02
1708646400000,1.08253,1.08278,1.08252,1.08273,1322.44
1708647300000,1.08273,1.08278,1.08265,1.08273,563.3
1708648200000,1.08276,1.08278,1.08149,1.08229,2401.58
1708649100000,1.08229,1.08233,1.08185,1.08218,1615.54
1708650000000,1.08216,1.08279,1.08216,1.08263,1643.19
1708650900000,1.08263,1.08269,1.08253,1.08263,1067.01
1708651800000,1.08264,1.08304,1.08259,1.08302,1136.93
1708652700000,1.08304,1.08318,1.08252,1.08269,940.31
1708653600000,1.08271,1.08305,1.08254,1.08298,1359.68
1708654500000,1.08297,1.08304,1.08268,1.08274,929.74
1708655400000,1.08275,1.08275,1.08247,1.08273,1432.34
1708656300000,1.08273,1.08284,1.08254,1.08254,854.82
1708657200000,1.08253,1.0826,1.08227,1.08233,929.7
1708658100000,1.08234,1.08243,1.08232,1.0824,1048.09
1708659000000,1.08241,1.08253,1.08229,1.08245,1132.09
1708659900000,1.08244,1.08254,1.08242,1.08252,1192.09
1708660800000,1.08253,1.08265,1.08249,1.08264,584.43
1708661700000,1.08264,1.08283,1.08262,1.08282,1313.76
1708662600000,1.08283,1.08284,1.08267,1.08268,1066.21
1708663500000,1.08268,1.08269,1.08252,1.08254,1737.09
1708664400000,1.08253,1.08257,1.08249,1.08253,1630.53
1708665300000,1.08254,1.08269,1.08253,1.08258,959.64
1708666200000,1.08259,1.0826,1.08232,1.08242,539.05
1708667100000,1.08242,1.08242,1.08213,1.08227,495.6
1708668000000,1.08227,1.0827,1.08227,1.08269,1081.23
1708668900000,1.08272,1.08275,1.08244,1.08259,732.22
1708669800000,1.0826,1.08261,1.08224,1.08234,1383.98
1708670700000,1.08235,1.08276,1.08217,1.08256,1852.93
1708671600000,1.08256,1.08283,1.08239,1.08283,3041.56
1708672500000,1.08286,1.08308,1.08269,1.08287,1558.25
1708673400000,1.08286,1.0829,1.08243,1.08268,2476.88
1708674300000,1.08269,1.08318,1.08268,1.08294,1980.24
1708675200000,1.08295,1.08324,1.08283,1.08321,2941.33
1708676100000,1.08321,1.08322,1.0826,1.08267,1898.75
1708677000000,1.08265,1.08286,1.08255,1.08267,3282.82
1708677900000,1.08265,1.08272,1.08209,1.0825,2829.41
1708678800000,1.0825,1.08257,1.08206,1.08214,2893.7
1708679700000,1.08213,1.08238,1.08199,1.08213,1774.76
1708680600000,1.08212,1.08222,1.08151,1.08159,1785.6
1708681500000,1.08159,1.08192,1.0814,1.08173,1959.98
1708682400000,1.08174,1.08223,1.08171,1.08222,1773.36
1708683300000,1.08222,1.08244,1.08217,1.08229,1492.64
1708684200000,1.08229,1.08243,1.08204,1.08207,2133.87
1708685100000,1.08208,1.08248,1.08207,1.08237,2312.03
1708686000000,1.08239,1.08263,1.08228,1.08241,1933.41
1708686900000,1.0824,1.08314,1.08223,1.08293,2469.34
1708687800000,1.08293,1.08302,1.08258,1.08301,1674.54
1708688700000,1.08302,1.08312,1.08254,1.08271,2141.67
1708689600000,1.08271,1.08291,1.08245,1.08265,1702.42
1708690500000,1.08265,1.08346,1.08248,1.08338,2259.51
1708691400000,1.08336,1.08395,1.08336,1.08364,3246.88
1708692300000,1.08362,1.08389,1.08346,1.08361,2470.75
1708693200000,1.08361,1.08367,1.08305,1.0836,4055.16
1708694100000,1.08362,1.08363,1.08301,1.08313,3039.21
1708695000000,1.08312,1.08334,1.08268,1.08275,3821.4599
1708695900000,1.08274,1.08342,1.08274,1.08319,3418.25
1708696800000,1.08316,1.08334,1.08266,1.08275,4996.26
1708697700000,1.08276,1.08337,1.08275,1.08326,2606.54
1708698600000,1.08325,1.08368,1.08285,1.0829,3687.01
1708699500000,1.0829,1.08293,1.08243,1.08255,3561.64
1708700400000,1.08255,1.08256,1.08159,1.08191,4450.58
1708701300000,1.08193,1.0822,1.08168,1.08197,3223.95
1708702200000,1.08198,1.08223,1.08169,1.08171,2958.13
1708703100000,1.08172,1.08222,1.08117,1.08206,3950.37
1708704000000,1.08206,1.08224,1.08149,1.08154,3508.05
1708704900000,1.08155,1.08225,1.08154,1.08221,2580.92
1708705800000,1.08222,1.08257,1.08222,1.08227,4169.78
1708706700000,1.08228,1.08287,1.08228,1.08274,2017.23
1708707600000,1.08275,1.08288,1.08255,1.08261,1525.11
1708708500000,1.0826,1.08268,1.08239,1.08245,2956.61
1708709400000,1.08246,1.08274,1.08238,1.08248,3698.03
1708710300000,1.08248,1.08258,1.0821,1.08247,1517.62
1708711200000,1.08248,1.08255,1.08229,1.08245,1081.82
1708712100000,1.08245,1.08284,1.08243,1.08281,1269.06
1708713000000,1.0828,1.08296,1.08268,1.08282,1576.93
1708713900000,1.08282,1.08286,1.08264,1.08265,1610.86
1708714800000,1.08264,1.08265,1.08238,1.08244,1848.78
1708715700000,1.08245,1.08249,1.08201,1.08209,1274.46
1708716600000,1.08209,1.08224,1.08203,1.08213,1153.59
1708717500000,1.08214,1.08234,1.08207,1.08229,1848.55
1708718400000,1.08229,1.08245,1.08208,1.08222,1418.49
1708719300000,1.08223,1.08225,1.08187,1.08195,1485.68
1708720200000,1.08195,1.08199,1.08176,1.08198,2226.69
1708721100000,1.08198,1.08227,1.08198,1.08223,1603.73
1708722000000,1.08223,1.08225,1.08213,1.0822,1263.98
1708722900000,1.0822,1.08231,1.08208,1.08226,715.69
1708723800000,1.08226,1.08226,1.08204,1.08209,2501.38
1708724700000,1.08209,1.08218,1.08174,1.08174,1130.2
1708725600000,1.08174,1.08174,1.08174,1.08174,0
1708726500000,1.08174,1.08174,1.08174,1.08174,0
1708727400000,1.08174,1.08174,1.08174,1.08174,0
1708728300000,1.08174,1.08174,1.08174,1.08174,0
1708729200000,1.08174,1.08174,1.08174,1.08174,0
1708730100000,1.08174,1.08174,1.08174,1.08174,0
1708731000000,1.08174,1.08174,1.08174,1.08174,0
1708731900000,1.08174,1.08174,1.08174,1.08174,0
1708732800000,1.08174,1.08174,1.08174,1.08174,0
1708733700000,1.08174,1.08174,1.08174,1.08174,0
1708734600000,1.08174,1.08174,1.08174,1.08174,0
1708735500000,1.08174,1.08174,1.08174,1.08174,0
1708736400000,1.08174,1.08174,1.08174,1.08174,0
1708737300000,1.08174,1.08174,1.08174,1.08174,0
1708738200000,1.08174,1.08174,1.08174,1.08174,0
1708739100000,1.08174,1.08174,1.08174,1.08174,0
1708740000000,1.08174,1.08174,1.08174,1.08174,0
1708740900000,1.08174,1.08174,1.08174,1.08174,0
1708741800000,1.08174,1.08174,1.08174,1.08174,0
1708742700000,1.08174,1.08174,1.08174,1.08174,0
1708743600000,1.08174,1.08174,1.08174,1.08174,0
1708744500000,1.08174,1.08174,1.08174,1.08174,0
1708745400000,1.08174,1.08174,1.08174,1.08174,0
1708746300000,1.08174,1.08174,1.08174,1.08174,0
1708747200000,1.08174,1.08174,1.08174,1.08174,0
1708748100000,1.08174,1.08174,1.08174,1.08174,0
1708749000000,1.08174,1.08174,1.08174,1.08174,0
1708749900000,1.08174,1.08174,1.08174,1.08174,0
1708750800000,1.08174,1.08174,1.08174,1.08174,0
1708751700000,1.08174,1.08174,1.08174,1.08174,0
1708752600000,1.08174,1.08174,1.08174,1.08174,0
1708753500000,1.08174,1.08174,1.08174,1.08174,0
1708754400000,1.08174,1.08174,1.08174,1.08174,0
1708755300000,1.08174,1.08174,1.08174,1.08174,0
1708756200000,1.08174,1.08174,1.08174,1.08174,0
1708757100000,1.08174,1.08174,1.08174,1.08174,0
1708758000000,1.08174,1.08174,1.08174,1.08174,0
1708758900000,1.08174,1.08174,1.08174,1.08174,0
1708759800000,1.08174,1.08174,1.08174,1.08174,0
1708760700000,1.08174,1.08174,1.08174,1.08174,0
1708761600000,1.08174,1.08174,1.08174,1.08174,0
1708762500000,1.08174,1.08174,1.08174,1.08174,0
1708763400000,1.08174,1.08174,1.08174,1.08174,0
1708764300000,1.08174,1.08174,1.08174,1.08174,0
1708765200000,1.08174,1.08174,1.08174,1.08174,0
1708766100000,1.08174,1.08174,1.08174,1.08174,0
1708767000000,1.08174,1.08174,1.08174,1.08174,0
1708767900000,1.08174,1.08174,1.08174,1.08174,0
1708768800000,1.08174,1.08174,1.08174,1.08174,0
1708769700000,1.08174,1.08174,1.08174,1.08174,0
1708770600000,1.08174,1.08174,1.08174,1.08174,0
1708771500000,1.08174,1.08174,1.08174,1.08174,0
1708772400000,1.08174,1.08174,1.08174,1.08174,0
1708773300000,1.08174,1.08174,1.08174,1.08174,0
1708774200000,1.08174,1.08174,1.08174,1.08174,0
1708775100000,1.08174,1.08174,1.08174,1.08174,0
1708776000000,1.08174,1.08174,1.08174,1.08174,0
1708776900000,1.08174,1.08174,1.08174,1.08174,0
1708777800000,1.08174,1.08174,1.08174,1.08174,0
1708778700000,1.08174,1.08174,1.08174,1.08174,0
1708779600000,1.08174,1.08174,1.08174,1.08174,0
1708780500000,1.08174,1.08174,1.08174,1.08174,0
1708781400000,1.08174,1.08174,1.08174,1.08174,0
1708782300000,1.08174,1.08174,1.08174,1.08174,0
1708783200000,1.08174,1.08174,1.08174,1.08174,0
1708784100000,1.08174,1.08174,1.08174,1.08174,0
1708785000000,1.08174,1.08174,1.08174,1.08174,0
1708785900000,1.08174,1.08174,1.08174,1.08174,0
1708786800000,1.08174,1.08174,1.08174,1.08174,0
1708787700000,1.08174,1.08174,1.08174,1.08174,0
1708788600000,1.08174,1.08174,1.08174,1.08174,0
1708789500000,1.08174,1.08174,1.08174,1.08174,0
1708790400000,1.08174,1.08174,1.08174,1.08174,0
1708791300000,1.08174,1.08174,1.08174,1.08174,0
1708792200000,1.08174,1.08174,1.08174,1.08174,0
1708793100000,1.08174,1.08174,1.08174,1.08174,0
1708794000000,1.08174,1.08174,1.08174,1.08174,0
1708794900000,1.08174,1.08174,1.08174,1.08174,0
1708795800000,1.08174,1.08174,1.08174,1.08174,0
1708796700000,1.08174,1.08174,1.08174,1.08174,0
1708797600000,1.08174,1.08174,1.08174,1.08174,0
1708798500000,1.08174,1.08174,1.08174,1.08174,0
1708799400000,1.08174,1.08174,1.08174,1.08174,0
1708800300000,1.08174,1.08174,1.08174,1.08174,0
1708801200000,1.08174,1.08174,1.08174,1.08174,0
1708802100000,1.08174,1.08174,1.08174,1.08174,0
1708803000000,1.08174,1.08174,1.08174,1.08174,0
1708803900000,1.08174,1.08174,1.08174,1.08174,0
1708804800000,1.08174,1.08174,1.08174,1.08174,0
1708805700000,1.08174,1.08174,1.08174,1.08174,0
1708806600000,1.08174,1.08174,1.08174,1.08174,0
1708807500000,1.08174,1.08174,1.08174,1.08174,0
1708808400000,1.08174,1.08174,1.08174,1.08174,0
1708809300000,1.08174,1.08174,1.08174,1.08174,0
1708810200000,1.08174,1.08174,1.08174,1.08174,0
1708811100000,1.08174,1.08174,1.08174,1.08174,0
1708812000000,1.08174,1.08174,1.08174,1.08174,0
1708812900000,1.08174,1.08174,1.08174,1.08174,0
1708813800000,1.08174,1.08174,1.08174,1.08174,0
1708814700000,1.08174,1.08174,1.08174,1.08174,0
1708815600000,1.08174,1.08174,1.08174,1.08174,0
1708816500000,1.08174,1.08174,1.08174,1.08174,0
1708817400000,1.08174,1.08174,1.08174,1.08174,0
1708818300000,1.08174,1.08174,1.08174,1.08174,0
1708819200000,1.08174,1.08174,1.08174,1.08174,0
1708820100000,1.08174,1.08174,1.08174,1.08174,0
1708821000000,1.08174,1.08174,1.08174,1.08174,0
1708821900000,1.08174,1.08174,1.08174,1.08174,0
1708822800000,1.08174,1.08174,1.08174,1.08174,0
1708823700000,1.08174,1.08174,1.08174,1.08174,0
1708824600000,1.08174,1.08174,1.08174,1.08174,0
1708825500000,1.08174,1.08174,1.08174,1.08174,0
1708826400000,1.08174,1.08174,1.08174,1.08174,0
1708827300000,1.08174,1.08174,1.08174,1.08174,0
1708828200000,1.08174,1.08174,1.08174,1.08174,0
1708829100000,1.08174,1.08174,1.08174,1.08174,0
1708830000000,1.08174,1.08174,1.08174,1.08174,0
1708830900000,1.08174,1.08174,1.08174,1.08174,0
1708831800000,1.08174,1.08174,1.08174,1.08174,0
1708832700000,1.08174,1.08174,1.08174,1.08174,0
1708833600000,1.08174,1.08174,1.08174,1.08174,0
1708834500000,1.08174,1.08174,1.08174,1.08174,0
1708835400000,1.08174,1.08174,1.08174,1.08174,0
1708836300000,1.08174,1.08174,1.08174,1.08174,0
1708837200000,1.08174,1.08174,1.08174,1.08174,0
1708838100000,1.08174,1.08174,1.08174,1.08174,0
1708839000000,1.08174,1.08174,1.08174,1.08174,0
1708839900000,1.08174,1.08174,1.08174,1.08174,0
1708840800000,1.08174,1.08174,1.08174,1.08174,0
1708841700000,1.08174,1.08174,1.08174,1.08174,0
1708842600000,1.08174,1.08174,1.08174,1.08174,0
1708843500000,1.08174,1.08174,1.08174,1.08174,0
1708844400000,1.08174,1.08174,1.08174,1.08174,0
1708845300000,1.08174,1.08174,1.08174,1.08174,0
1708846200000,1.08174,1.08174,1.08174,1.08174,0
1708847100000,1.08174,1.08174,1.08174,1.08174,0
1708848000000,1.08174,1.08174,1.08174,1.08174,0
1708848900000,1.08174,1.08174,1.08174,1.08174,0
1708849800000,1.08174,1.08174,1.08174,1.08174,0
1708850700000,1.08174,1.08174,1.08174,1.08174,0
1708851600000,1.08174,1.08174,1.08174,1.08174,0
1708852500000,1.08174,1.08174,1.08174,1.08174,0
1708853400000,1.08174,1.08174,1.08174,1.08174,0
1708854300000,1.08174,1.08174,1.08174,1.08174,0
1708855200000,1.08174,1.08174,1.08174,1.08174,0
1708856100000,1.08174,1.08174,1.08174,1.08174,0
1708857000000,1.08174,1.08174,1.08174,1.08174,0
1708857900000,1.08174,1.08174,1.08174,1.08174,0
1708858800000,1.08174,1.08174,1.08174,1.08174,0
1708859700000,1.08174,1.08174,1.08174,1.08174,0
1708860600000,1.08174,1.08174,1.08174,1.08174,0
1708861500000,1.08174,1.08174,1.08174,1.08174,0
1708862400000,1.08174,1.08174,1.08174,1.08174,0
1708863300000,1.08174,1.08174,1.08174,1.08174,0
1708864200000,1.08174,1.08174,1.08174,1.08174,0
1708865100000,1.08174,1.08174,1.08174,1.08174,0
1708866000000,1.08174,1.08174,1.08174,1.08174,0
1708866900000,1.08174,1.08174,1.08174,1.08174,0
1708867800000,1.08174,1.08174,1.08174,1.08174,0
1708868700000,1.08174,1.08174,1.08174,1.08174,0
1708869600000,1.08174,1.08174,1.08174,1.08174,0
1708870500000,1.08174,1.08174,1.08174,1.08174,0
1708871400000,1.08174,1.08174,1.08174,1.08174,0
1708872300000,1.08174,1.08174,1.08174,1.08174,0
1708873200000,1.08174,1.08174,1.08174,1.08174,0
1708874100000,1.08174,1.08174,1.08174,1.08174,0
1708875000000,1.08174,1.08174,1.08174,1.08174,0
1708875900000,1.08174,1.08174,1.08174,1.08174,0
1708876800000,1.08174,1.08174,1.08174,1.08174,0
1708877700000,1.08174,1.08174,1.08174,1.08174,0
1708878600000,1.08174,1.08174,1.08174,1.08174,0
1708879500000,1.08174,1.08174,1.08174,1.08174,0
1708880400000,1.08174,1.08174,1.08174,1.08174,0
1708881300000,1.08174,1.08174,1.08174,1.08174,0
1708882200000,1.08174,1.08174,1.08174,1.08174,0
1708883100000,1.08174,1.08174,1.08174,1.08174,0
1708884000000,1.08174,1.08174,1.08174,1.08174,0
1708884900000,1.08174,1.08174,1.08174,1.08174,0
1708885800000,1.08174,1.08174,1.08174,1.08174,0
1708886700000,1.08174,1.08174,1.08174,1.08174,0
1708887600000,1.08174,1.08174,1.08174,1.08174,0
1708888500000,1.08174,1.08174,1.08174,1.08174,0
1708889400000,1.08174,1.08174,1.08174,1.08174,0
1708890300000,1.08174,1.08174,1.08174,1.08174,0
1708891200000,1.08174,1.08174,1.08174,1.08174,0
1708892100000,1.08174,1.08174,1.08174,1.08174,0
1708893000000,1.08174,1.08174,1.08174,1.08174,0
1708893900000,1.08174,1.08174,1.08174,1.08174,0
1708894800000,1.08174,1.08174,1.08174,1.08174,0
1708895700000,1.08174,1.08174,1.08174,1.08174,0
1708896600000,1.08174,1.08174,1.08174,1.08174,0
1708897500000,1.08174,1.08174,1.08174,1.08174,0
1708898400000,1.08318,1.08322,1.08217,1.08218,347.12
1708899300000,1.08218,1.08218,1.08182,1.0819,168.68
1708900200000,1.0819,1.08209,1.08188,1.0819,632.76
1708901100000,1.0819,1.08241,1.0819,1.08227,1080.67
1708902000000,1.0823,1.0823,1.08197,1.08217,693.29
1708902900000,1.08218,1.08218,1.08205,1.08205,70.38
1708903800000,1.08205,1.08205,1.0819,1.082,412.17
1708904700000,1.08202,1.08202,1.08189,1.0819,445.08
1708905600000,1.08188,1.08202,1.08177,1.08185,888.98
1708906500000,1.08189,1.08195,1.0816,1.08189,1302.36
1708907400000,1.08188,1.08192,1.0817,1.08186,1221.3
1708908300000,1.08185,1.08195,1.08164,1.08166,1759.16
1708909200000,1.08165,1.08165,1.08132,1.0814,2184.91
1708910100000,1.08139,1.08175,1.08126,1.08168,1585.73
1708911000000,1.08169,1.08194,1.08166,1.08192,816.49
1708911900000,1.08193,1.08193,1.0816,1.08163,986.8
1708912800000,1.08163,1.08168,1.08146,1.08168,821.4
1708913700000,1.08168,1.08168,1.08143,1.08164,637.49
1708914600000,1.08165,1.08171,1.0815,1.08171,817.71
1708915500000,1.08172,1.08176,1.0815,1.08171,551.3
1708916400000,1.08169,1.08173,1.0816,1.08167,471.85
1708917300000,1.08168,1.08185,1.08166,1.08183,793.41
1708918200000,1.08184,1.08192,1.08179,1.08186,1032.37
1708919100000,1.08186,1.08194,1.08178,1.08185,1257.96
1708920000000,1.08185,1.08199,1.08175,1.08199,987.86
1708920900000,1.08199,1.08212,1.08199,1.08206,909.33
1708921800000,1.08207,1.08226,1.08206,1.08219,1409.64
1708922700000,1.08219,1.08221,1.08205,1.08211,1338.57
1708923600000,1.0821,1.08218,1.08202,1.08205,1198.41
1708924500000,1.08204,1.08207,1.08188,1.08195,721.29
1708925400000,1.08195,1.08214,1.08194,1.08208,932.04
1708926300000,1.08208,1.08241,1.08208,1.08231,1038.36
1708927200000,1.0823,1.08239,1.08219,1.08232,1101.15
1708928100000,1.08231,1.08247,1.08229,1.08245,622.14
1708929000000,1.08245,1.08254,1.08237,1.08242,960.81
1708929900000,1.08241,1.08247,1.08232,1.0824,819.34
1708930800000,1.08241,1.08325,1.08229,1.0832,2488.58
1708931700000,1.08319,1.08319,1.08292,1.08311,2164.42
1708932600000,1.0831,1.08366,1.08299,1.083,3079.1
1708933500000,1.083,1.08343,1.08298,1.08321,2135.06
1708934400000,1.08322,1.08324,1.0827,1.08275,3069.41
1708935300000,1.08278,1.08329,1.08276,1.08326,1830.65
1708936200000,1.08327,1.08355,1.08325,1.08333,1997.84
1708937100000,1.08334,1.08353,1.08304,1.08321,2783.86
1708938000000,1.08321,1.08364,1.08306,1.08344,2085.94
1708938900000,1.08345,1.08374,1.08338,1.0836,1075.01
1708939800000,1.0836,1.08394,1.0836,1.08392,1076.51
1708940700000,1.08392,1.08403,1.08374,1.08399,1015.14
1708941600000,1.084,1.0846,1.08385,1.08451,3216.65
1708942500000,1.0845,1.08472,1.08424,1.0847,1489.6
1708943400000,1.0847,1.08487,1.08448,1.08467,1824.77
1708944300000,1.08466,1.08485,1.08459,1.08478,1972.23
1708945200000,1.08477,1.08503,1.0845,1.08494,1423.41
1708946100000,1.08494,1.08533,1.08474,1.08525,1948.44
1708947000000,1.08525,1.0854,1.08503,1.08529,1939.58
1708947900000,1.08529,1.08531,1.08494,1.08519,1787.77
1708948800000,1.0852,1.08544,1.08509,1.08512,1607.12
1708949700000,1.08513,1.08554,1.08511,1.0854,1669.86
1708950600000,1.08542,1.08559,1.08533,1.08559,1081.07
1708951500000,1.08559,1.08597,1.08487,1.08496,2691.52
1708952400000,1.08495,1.08547,1.08483,1.08522,2527.83
1708953300000,1.08522,1.08538,1.08496,1.08514,2039.87
1708954200000,1.08515,1.08556,1.08505,1.08553,3123.72
1708955100000,1.08553,1.08589,1.08531,1.08578,1843.59
1708956000000,1.08579,1.08587,1.08451,1.08453,4276.45
1708956900000,1.08454,1.08509,1.0845,1.08499,3919.76
1708957800000,1.08501,1.08546,1.08495,1.08505,2847.4
1708958700000,1.08506,1.08508,1.08438,1.08459,3913.28
1708959600000,1.0846,1.08482,1.08386,1.08416,4123.47
1708960500000,1.08416,1.0847,1.08389,1.08456,2310.71
1708961400000,1.08458,1.08511,1.08453,1.0848,2880.87
1708962300000,1.08478,1.08543,1.0847,1.08509,2057.72
1708963200000,1.08509,1.08524,1.08478,1.08482,2734.33
1708964100000,1.08481,1.08508,1.08471,1.08497,1981.53
1708965000000,1.08499,1.08522,1.08477,1.0851,2202.4
1708965900000,1.08511,1.08555,1.08509,1.0854,1715.85
1708966800000,1.0854,1.08548,1.08507,1.08515,2559.9
1708967700000,1.08515,1.08519,1.08475,1.08487,2076.07
1708968600000,1.08487,1.085,1.08457,1.08465,1253.51
1708969500000,1.08466,1.08468,1.08436,1.08453,1358.79
1708970400000,1.08452,1.08458,1.08411,1.08438,2662.3
1708971300000,1.08438,1.08445,1.08409,1.08416,1267.92
1708972200000,1.08417,1.08436,1.08397,1.08428,1167.99
1708973100000,1.08428,1.08452,1.08419,1.08446,704.33
1708974000000,1.08445,1.08472,1.08443,1.08445,977.58
1708974900000,1.08446,1.08461,1.08439,1.0845,850.09
1708975800000,1.0845,1.08475,1.08443,1.0846,1673.25
1708976700000,1.0846,1.08472,1.08451,1.08462,1821.43
1708977600000,1.08462,1.08512,1.08461,1.08512,1629.42
1708978500000,1.08512,1.08525,1.085,1.08519,2611.22
1708979400000,1.0852,1.08524,1.08504,1.08515,2447.65
1708980300000,1.08515,1.08525,1.08504,1.08507,2118.44
1708981200000,1.08507,1.08509,1.08501,1.08507,1086.28
1708982100000,1.08508,1.08511,1.08502,1.08505,404.49
1708983000000,1.08504,1.08508,1.08497,1.08504,226.09
1708983900000,1.08505,1.08515,1.08503,1.08504,654.63
1708984800000,1.08504,1.08505,1.08473,1.08482,250.77
1708985700000,1.08497,1.08497,1.08469,1.08471,449.68
1708986600000,1.0847,1.08491,1.08469,1.0849,504.73
1708987500000,1.0849,1.085,1.08489,1.08497,5610.6
1708988400000,1.08497,1.0851,1.08485,1.08485,698.68
1708989300000,1.08486,1.08492,1.08482,1.08488,427.47
1708990200000,1.08489,1.08513,1.08489,1.0851,165.23
1708991100000,1.08511,1.08513,1.08502,1.08503,94.77
1708992000000,1.08504,1.08508,1.08475,1.08486,310.44
1708992900000,1.08485,1.08494,1.08475,1.08494,665.89
1708993800000,1.08494,1.08494,1.08473,1.08473,216.06
1708994700000,1.08473,1.08487,1.08467,1.08474,465.8
1708995600000,1.08473,1.08481,1.08456,1.08461,336.13
1708996500000,1.08461,1.08471,1.08454,1.08467,1262.21
1708997400000,1.08468,1.08493,1.08462,1.08493,995.32
1708998300000,1.08494,1.08507,1.08475,1.08499,316.65
1708999200000,1.08499,1.08534,1.08499,1.08528,430.66
1709000100000,1.08529,1.08529,1.08482,1.08504,409.9
1709001000000,1.08504,1.08525,1.08504,1.08514,326.04
1709001900000,1.08514,1.08519,1.08509,1.08514,284.42
1709002800000,1.08514,1.08516,1.08485,1.085,283.75
1709003700000,1.08499,1.08527,1.08496,1.08515,297.55
1709004600000,1.08515,1.08525,1.08513,1.08522,307.71
1709005500000,1.08523,1.08529,1.08519,1.08528,215.82
1709006400000,1.08529,1.08538,1.08526,1.08534,136.63
1709007300000,1.08534,1.08546,1.0853,1.08546,164.5
1709008200000,1.08545,1.08553,1.08542,1.08542,153.57
1709009100000,1.08543,1.08549,1.08529,1.08534,459.72
1709010000000,1.08533,1.08541,1.08527,1.08534,563.79
1709010900000,1.08533,1.08533,1.08501,1.08501,286.05
1709011800000,1.08502,1.08509,1.08486,1.08492,499.28
1709012700000,1.08493,1.08529,1.08488,1.08519,366.42
1709013600000,1.0852,1.08527,1.08501,1.08508,489.42
1709014500000,1.08507,1.0851,1.08477,1.08491,591.91
1709015400000,1.0849,1.08517,1.08471,1.08477,523.37
1709016300000,1.08478,1.085,1.0847,1.085,414.99
1709017200000,1.08501,1.08575,1.08498,1.08574,1195.06
1709018100000,1.08575,1.08626,1.08565,1.08614,1151.24
1709019000000,1.08613,1.08622,1.08563,1.08572,1086.26
1709019900000,1.0857,1.0859,1.08552,1.0856,1161.87
1709020800000,1.08558,1.08584,1.08529,1.08573,1362.24
1709021700000,1.08571,1.08614,1.08563,1.08603,1420.53
1709022600000,1.08603,1.08641,1.08577,1.08636,1076.73
1709023500000,1.08638,1.08659,1.08559,1.08576,2420.93
1709024400000,1.08575,1.08594,1.08566,1.08573,2057.55
1709025300000,1.08574,1.08588,1.08531,1.08538,2558
1709026200000,1.08538,1.08554,1.08518,1.08534,1767.36
1709027100000,1.08533,1.08569,1.0852,1.08529,3379.27
1709028000000,1.08528,1.08528,1.08418,1.08441,3200.53
1709028900000,1.0844,1.0848,1.08433,1.08456,1778.85
1709029800000,1.08456,1.0851,1.08456,1.085,1376.31
1709030700000,1.085,1.08532,1.08488,1.08517,1320.73
1709031600000,1.08516,1.08529,1.08479,1.08524,1965.5
1709032500000,1.08523,1.08549,1.08516,1.08541,1345.53
1709033400000,1.08541,1.08566,1.08534,1.08566,1115.01
1709034300000,1.08567,1.08589,1.08548,1.08576,1084.93
1709035200000,1.08576,1.08612,1.08571,1.08611,1308.01
1709036100000,1.08611,1.08616,1.08583,1.08587,1115.59
1709037000000,1.08588,1.08606,1.08578,1.08599,1828.04
1709037900000,1.086,1.0863,1.08557,1.08568,1460.08
1709038800000,1.08568,1.08577,1.08532,1.08553,2695.75
1709039700000,1.08556,1.08561,1.08499,1.08505,2287.55
1709040600000,1.08504,1.08564,1.08456,1.0846,4366.93
1709041500000,1.08461,1.08514,1.08449,1.0848,3994.42
1709042400000,1.08479,1.08508,1.08417,1.08422,2843.12
1709043300000,1.08421,1.08451,1.084,1.08413,1747.69
1709044200000,1.08413,1.08448,1.08367,1.084,2602.1
1709045100000,1.084,1.08404,1.08359,1.084,2619.56
1709046000000,1.08398,1.08464,1.08358,1.08383,4745.74
1709046900000,1.08382,1.08427,1.08378,1.08391,2300.97
1709047800000,1.0839,1.08392,1.0833,1.08365,2256.97
1709048700000,1.08364,1.08512,1.0836,1.08469,3786.22
1709049600000,1.08469,1.0852,1.08448,1.08516,2810.01
1709050500000,1.08516,1.08547,1.08498,1.08523,2446.79
1709051400000,1.08524,1.08543,1.08483,1.08524,2334.13
1709052300000,1.08526,1.08577,1.08526,1.0856,1870.49
1709053200000,1.0856,1.08565,1.08502,1.08508,1656.07
1709054100000,1.08508,1.08541,1.08488,1.08524,1578.53
1709055000000,1.08523,1.08559,1.08513,1.08522,2389.75
1709055900000,1.08521,1.08553,1.08503,1.08507,2317.06
1709056800000,1.08507,1.08554,1.08494,1.08554,2763.85
1709057700000,1.08554,1.08567,1.08524,1.08524,1752.84
1709058600000,1.08523,1.08532,1.08505,1.08519,1287.07
1709059500000,1.08519,1.08519,1.08489,1.08495,1281.25
1709060400000,1.08494,1.08494,1.08469,1.08469,1547.19
1709061300000,1.08469,1.08485,1.08429,1.08455,1741.72
1709062200000,1.08456,1.0846,1.08424,1.0843,1046.38
1709063100000,1.08427,1.08447,1.08408,1.08442,2018.51
1709064000000,1.08441,1.08443,1.0842,1.08424,1417.53
1709064900000,1.08425,1.0846,1.0842,1.08455,779.52
1709065800000,1.08455,1.08474,1.08447,1.08473,1061.87
1709066700000,1.08472,1.08475,1.08441,1.08441,1134.47
1709067600000,1.0844,1.0846,1.08439,1.08457,632.97
1709068500000,1.08458,1.08461,1.08446,1.08446,231.81
1709069400000,1.08448,1.0845,1.08437,1.08448,207.81
1709070300000,1.08447,1.08453,1.08437,1.08437,1654.15
1709071200000,1.08437,1.08457,1.08433,1.08457,204.3
1709072100000,1.08447,1.08464,1.08447,1.08459,1646.13
1709073000000,1.0846,1.08465,1.08442,1.08442,2295.38
1709073900000,1.08442,1.08455,1.08433,1.08434,567.01
1709074800000,1.08434,1.08449,1.08434,1.08449,549.96
1709075700000,1.08449,1.08452,1.08438,1.08439,353.43
1709076600000,1.08439,1.08443,1.08427,1.0843,566.16
1709077500000,1.08429,1.08429,1.0841,1.0841,520.38
1709078400000,1.08411,1.08422,1.08405,1.08418,520.51
1709079300000,1.08419,1.08445,1.08415,1.08425,407.08
1709080200000,1.08425,1.08454,1.08411,1.0845,817.71
1709081100000,1.08449,1.08455,1.08429,1.08446,1443.65
1709082000000,1.08447,1.08447,1.084,1.08404,2470.31
1709082900000,1.08404,1.08436,1.08404,1.08406,853.92
1709083800000,1.08406,1.08416,1.08378,1.08413,1572.83
1709084700000,1.08413,1.08415,1.08393,1.08394,1303.2
1709085600000,1.08394,1.084,1.08371,1.08389,809.41
1709086500000,1.08388,1.08402,1.08375,1.08394,754.92
1709087400000,1.08394,1.084,1.08374,1.08374,899.04
1709088300000,1.08372,1.08384,1.08371,1.08375,761.1
1709089200000,1.08375,1.08381,1.08358,1.08358,546.2
1709090100000,1.08358,1.08358,1.08329,1.08331,1259.13
1709091000000,1.08331,1.08346,1.0833,1.08333,522.76
1709091900000,1.08332,1.08351,1.08328,1.08343,987.75
1709092800000,1.08344,1.08357,1.08328,1.08331,606.13
1709093700000,1.08329,1.08342,1.08325,1.08339,572.36
1709094600000,1.0834,1.08346,1.08328,1.0833,251.55
1709095500000,1.0833,1.08334,1.08318,1.08323,1837.28
1709096400000,1.08322,1.08331,1.08316,1.08323,1285.3
1709097300000,1.08324,1.08329,1.08298,1.08305,1143.54
1709098200000,1.08305,1.08305,1.08259,1.08263,1111.2
1709099100000,1.08262,1.0827,1.08254,1.08266,1500.15
1709100000000,1.08265,1.08293,1.08265,1.08284,1020.82
1709100900000,1.08282,1.0829,1.08259,1.0827,1136.38
1709101800000,1.08271,1.08271,1.08253,1.08261,1000.41
1709102700000,1.08262,1.08267,1.0822,1.08224,1459.89
1709103600000,1.08223,1.08248,1.08213,1.08232,1466.07
1709104500000,1.08231,1.08246,1.08187,1.08189,1991.75
1709105400000,1.08189,1.08198,1.08164,1.0817,2621.11
1709106300000,1.0817,1.0824,1.0817,1.08232,1357.52
1709107200000,1.08233,1.08241,1.08179,1.08187,2507.72
1709108100000,1.08186,1.08188,1.08142,1.08151,3090.5899
1709109000000,1.08151,1.08187,1.08141,1.08151,2303.31
1709109900000,1.0815,1.08151,1.08084,1.0809,3697.68
1709110800000,1.08089,1.08126,1.0805,1.08072,3206.94
1709111700000,1.08072,1.08073,1.07979,1.08036,3402.57
1709112600000,1.08037,1.08037,1.07966,1.08003,3847.71
1709113500000,1.08003,1.08018,1.07982,1.08,2889.12
1709114400000,1.07999,1.08094,1.07993,1.08072,3197.89
1709115300000,1.08071,1.08158,1.08068,1.08149,2546.89
1709116200000,1.08149,1.08176,1.08144,1.08155,4077.23
1709117100000,1.08156,1.08174,1.0814,1.08154,2444.74
1709118000000,1.08154,1.08164,1.0811,1.08137,2149.32
1709118900000,1.08136,1.08167,1.08122,1.08165,1885.66
1709119800000,1.08165,1.08179,1.08145,1.08153,2380.3
1709120700000,1.08154,1.08174,1.08149,1.08154,1617.68
1709121600000,1.08154,1.08208,1.08154,1.0819,1356.11
1709122500000,1.08189,1.0819,1.08135,1.08139,3316.85
1709123400000,1.08142,1.0815,1.08102,1.08128,1521.14
1709124300000,1.08129,1.0815,1.08073,1.08088,1781.02
1709125200000,1.08087,1.08135,1.08067,1.08135,2420.23
1709126100000,1.08136,1.08151,1.08116,1.08135,2326.51
1709127000000,1.08132,1.08215,1.08087,1.08207,5845.65
1709127900000,1.08206,1.08309,1.08186,1.08278,7497.34
1709128800000,1.08276,1.08327,1.08218,1.0822,8409.6499
1709129700000,1.08222,1.08317,1.08213,1.08294,4661.64
1709130600000,1.08293,1.08297,1.08227,1.08274,6606.83
1709131500000,1.08275,1.08337,1.08274,1.08299,2821.8
1709132400000,1.083,1.08331,1.0826,1.08322,4115.43
1709133300000,1.08323,1.08379,1.08321,1.08364,2355.82
1709134200000,1.08363,1.08366,1.08287,1.08295,1888.7
1709135100000,1.08296,1.08346,1.08279,1.08343,1542.52
1709136000000,1.08342,1.08366,1.08312,1.08332,3433.97
1709136900000,1.08333,1.08359,1.08322,1.08344,2253.94
1709137800000,1.08343,1.08387,1.08329,1.08387,2221.63
1709138700000,1.08389,1.08423,1.08371,1.08421,1992.84
1709139600000,1.0842,1.08458,1.08417,1.08425,2189.05
1709140500000,1.08425,1.08429,1.08397,1.08399,2240.42
1709141400000,1.08398,1.08398,1.08339,1.08358,1800.62
1709142300000,1.08358,1.08394,1.08358,1.08383,1192.53
1709143200000,1.08384,1.08397,1.08365,1.08373,1773.56
1709144100000,1.08372,1.08402,1.08366,1.08395,1104.37
1709145000000,1.08398,1.08404,1.08369,1.08369,1597.76
1709145900000,1.0837,1.08375,1.08329,1.08343,1815.99
1709146800000,1.08343,1.08359,1.08339,1.08346,1982.29
1709147700000,1.08346,1.08372,1.08339,1.08366,1640.25
1709148600000,1.08366,1.08366,1.08328,1.08343,1745.95
1709149500000,1.08342,1.08346,1.08324,1.08336,1568.65
1709150400000,1.08336,1.08351,1.0833,1.08344,853.84
1709151300000,1.08343,1.08395,1.08338,1.08393,1055.67
1709152200000,1.08393,1.08398,1.08366,1.08369,2076.74
1709153100000,1.08369,1.08381,1.08362,1.0838,2427.08
1709154000000,1.0838,1.0838,1.08361,1.08375,822.89
1709154900000,1.08375,1.08376,1.08366,1.08371,359.79
1709155800000,1.0837,1.08381,1.08363,1.08366,386.12
1709156700000,1.08365,1.08394,1.08364,1.08375,1007.4
1709157600000,1.08376,1.08376,1.08341,1.08363,202.44
1709158500000,1.08359,1.08378,1.08359,1.08375,669.51
1709159400000,1.08374,1.08401,1.08367,1.08386,1746.9
1709160300000,1.08386,1.0839,1.08373,1.0838,806.64
1709161200000,1.0838,1.084,1.08374,1.08393,747.59
1709162100000,1.08393,1.08398,1.08386,1.08388,439.17
1709163000000,1.08388,1.08388,1.08376,1.08386,218.16
1709163900000,1.08387,1.0839,1.08374,1.08383,283.07
1709164800000,1.08384,1.084,1.08379,1.08392,757.51
1709165700000,1.08392,1.08393,1.08374,1.08374,925.58
1709166600000,1.08373,1.08377,1.08347,1.08353,1654.32
1709167500000,1.08354,1.08366,1.08348,1.08363,1622.36
1709168400000,1.08363,1.08395,1.08362,1.08367,1642.42
1709169300000,1.08366,1.0839,1.08358,1.08388,1430.64
1709170200000,1.08389,1.08403,1.08379,1.08396,2483.47
1709171100000,1.08397,1.08397,1.0828,1.0829,2213.13
1709172000000,1.0829,1.08325,1.08287,1.08322,1373.8
1709172900000,1.08323,1.08364,1.08308,1.08349,2934.59
1709173800000,1.08351,1.08352,1.0833,1.08343,2403.77
1709174700000,1.08342,1.08367,1.0832,1.08365,1941.12
1709175600000,1.08364,1.0837,1.08336,1.08353,2714.48
1709176500000,1.08353,1.08358,1.08337,1.08347,1407.54
1709177400000,1.08347,1.08359,1.08343,1.08346,999.5
1709178300000,1.08345,1.08378,1.08344,1.08369,734.22
1709179200000,1.08368,1.08371,1.08347,1.08371,1275.52
1709180100000,1.08372,1.08376,1.08359,1.08364,1725.81
1709181000000,1.08363,1.08369,1.08353,1.08361,1223.47
1709181900000,1.08362,1.08365,1.08341,1.08363,1477.31
1709182800000,1.08363,1.08373,1.08331,1.08341,1663.41
1709183700000,1.0834,1.08342,1.08323,1.08329,1450.35
1709184600000,1.0833,1.08359,1.08317,1.08354,780.36
1709185500000,1.08356,1.08369,1.08346,1.08353,925.56
1709186400000,1.08352,1.08356,1.08337,1.08342,1021.36
1709187300000,1.08342,1.08369,1.08339,1.08352,872.6
1709188200000,1.08351,1.08381,1.08346,1.08346,1564
1709189100000,1.08346,1.0835,1.08321,1.08329,2150.94
1709190000000,1.08327,1.08379,1.08303,1.08364,1846.91
1709190900000,1.08365,1.08369,1.08315,1.08329,2079.48
1709191800000,1.08329,1.08351,1.08314,1.08351,2673.89
1709192700000,1.08353,1.08393,1.08259,1.08288,4187.27
1709193600000,1.08288,1.08418,1.08285,1.08405,5674.23
1709194500000,1.08405,1.08473,1.08402,1.08443,3793.25
1709195400000,1.08441,1.08473,1.08429,1.08458,3249.32
1709196300000,1.08457,1.08464,1.08346,1.08376,4037.23
1709197200000,1.08389,1.08517,1.08375,1.08465,4630.39
1709198100000,1.08466,1.08503,1.08451,1.08457,2747.2
1709199000000,1.08457,1.08472,1.08427,1.08469,2917.76
1709199900000,1.0847,1.0852,1.08469,1.08505,3074.73
1709200800000,1.08506,1.08538,1.08496,1.08533,2341.24
1709201700000,1.08531,1.08542,1.08479,1.08481,1824.03
1709202600000,1.0848,1.085,1.08414,1.08428,3399.38
1709203500000,1.08429,1.08445,1.08376,1.08378,2129.45
1709204400000,1.08377,1.08421,1.08368,1.08404,2256.48
1709205300000,1.08404,1.08429,1.08366,1.08366,1771.52
1709206200000,1.08366,1.08375,1.08288,1.08293,2508.22
1709207100000,1.08293,1.08368,1.08289,1.08343,1890.58
1709208000000,1.08343,1.08358,1.08268,1.08271,2578.48
1709208900000,1.08271,1.08308,1.08265,1.0829,2936.99
1709209800000,1.0829,1.0833,1.08284,1.08292,2102.78
1709210700000,1.08291,1.08309,1.08272,1.08287,1865.97
1709211600000,1.08287,1.08289,1.08218,1.08255,3664.15
1709212500000,1.08256,1.0832,1.08255,1.08289,3384.01
1709213400000,1.08289,1.08467,1.08283,1.08367,14764.65
1709214300000,1.08368,1.08409,1.08335,1.08377,5893.69
1709215200000,1.08376,1.08482,1.08363,1.08459,3521.62
1709216100000,1.08457,1.08481,1.0843,1.0843,6485.64
1709217000000,1.0843,1.08452,1.08368,1.08433,5579.96
1709217900000,1.08435,1.08503,1.08435,1.08466,5451.7099
1709218800000,1.08469,1.08558,1.08469,1.08498,6523.64
1709219700000,1.08497,1.08499,1.08425,1.08436,5334.02
1709220600000,1.08437,1.08443,1.08329,1.08329,4968.06
1709221500000,1.08329,1.08329,1.0819,1.08224,5159.6199
1709222400000,1.08223,1.0825,1.08145,1.08154,4894.21
1709223300000,1.08155,1.08157,1.08061,1.0809,4056.62
1709224200000,1.08089,1.08131,1.08044,1.08052,3531.28
1709225100000,1.08051,1.08101,1.08049,1.08062,3483.42
1709226000000,1.08062,1.08073,1.08023,1.08045,2937.54
1709226900000,1.08046,1.08053,1.07977,1.07988,2919.63
1709227800000,1.07986,1.07993,1.07958,1.07972,2959.87
1709228700000,1.07972,1.08009,1.0796,1.07998,2037.38
1709229600000,1.07999,1.08012,1.07983,1.08011,1601.55
1709230500000,1.08011,1.08066,1.08009,1.08053,1721.2
1709231400000,1.08052,1.08058,1.08032,1.08042,1987.6
1709232300000,1.08042,1.08102,1.08041,1.08091,2407.85
1709233200000,1.08092,1.08099,1.08065,1.08079,1719.38
1709234100000,1.08079,1.08112,1.08077,1.08081,2434.64
1709235000000,1.08081,1.08088,1.08021,1.08021,2941.17
1709235900000,1.0802,1.08043,1.08009,1.08025,5033.02
1709236800000,1.08025,1.08064,1.08025,1.08035,2962.39
1709237700000,1.08035,1.08071,1.08035,1.0807,2223.73
1709238600000,1.08069,1.08095,1.0806,1.08082,2074.7
1709239500000,1.08083,1.08091,1.08074,1.08083,3612.69
1709240400000,1.08083,1.08086,1.08046,1.08058,2291.58
1709241300000,1.08059,1.08061,1.08039,1.08048,683.65
1709242200000,1.0805,1.08051,1.08039,1.08048,701.4
1709243100000,1.08048,1.0806,1.08041,1.08046,978.54
1709244000000,1.08046,1.08057,1.07998,1.08056,1852.82
1709244900000,1.08055,1.08057,1.08025,1.08041,2600.73
1709245800000,1.08042,1.08048,1.08025,1.0803,4438.8
1709246700000,1.08029,1.0805,1.08021,1.08047,2297.7
1709247600000,1.08053,1.08054,1.08026,1.08033,371.02
1709248500000,1.08032,1.08046,1.08032,1.08045,199.53
1709249400000,1.08044,1.08044,1.08023,1.08024,287.44
1709250300000,1.08024,1.08056,1.08024,1.08055,249
1709251200000,1.08055,1.08087,1.08052,1.08086,659.83
1709252100000,1.08086,1.08093,1.08075,1.08075,933.17
1709253000000,1.08075,1.08097,1.08075,1.08088,1467.92
1709253900000,1.08088,1.08124,1.08085,1.08113,1552.61
1709254800000,1.08114,1.08132,1.08109,1.0813,1176.21
1709255700000,1.08129,1.08148,1.08125,1.08142,774.15
1709256600000,1.08141,1.08168,1.08137,1.08167,1373.72
1709257500000,1.08167,1.08212,1.08165,1.08212,918.28
1709258400000,1.08214,1.08218,1.0819,1.08201,3309.23
1709259300000,1.082,1.082,1.08166,1.08185,1207.17
1709260200000,1.08186,1.08195,1.08168,1.08191,450.05
1709261100000,1.08192,1.08196,1.0818,1.08183,435.26
1709262000000,1.08184,1.08211,1.08178,1.08197,977.16
1709262900000,1.08197,1.08203,1.08189,1.08193,585.4
1709263800000,1.08193,1.08193,1.08167,1.0817,405.99
1709264700000,1.08171,1.08179,1.08165,1.08168,458.3
1709265600000,1.08169,1.0817,1.08155,1.08155,307.48
1709266500000,1.08156,1.08158,1.08145,1.08146,216.85
1709267400000,1.08147,1.08162,1.08141,1.08148,392.06
1709268300000,1.08148,1.08152,1.08122,1.08135,668.69
1709269200000,1.08135,1.08141,1.08116,1.08117,414.5
1709270100000,1.08118,1.08127,1.08111,1.08122,774.83
1709271000000,1.08121,1.08136,1.08116,1.08122,925.64
1709271900000,1.08123,1.08128,1.08114,1.08122,727.54
1709272800000,1.0812,1.08134,1.08115,1.08128,1145.03
1709273700000,1.08128,1.08139,1.08112,1.08112,740.13
1709274600000,1.08112,1.08118,1.08087,1.08087,643.69
1709275500000,1.08088,1.08098,1.08082,1.08091,584.96
1709276400000,1.0809,1.08168,1.08087,1.08159,1353.86
1709277300000,1.08157,1.08174,1.08129,1.08138,1668.99
1709278200000,1.08137,1.08162,1.0809,1.08097,1592.94
1709279100000,1.08096,1.08144,1.08095,1.08125,1004.5
1709280000000,1.08127,1.08184,1.08102,1.08141,2676.35
1709280900000,1.08142,1.08199,1.08131,1.08165,2826.61
1709281800000,1.08165,1.08173,1.08106,1.08122,4675.49
1709282700000,1.08121,1.08131,1.0809,1.08112,3207.3599
1709283600000,1.08111,1.08157,1.08086,1.08124,2832.66
1709284500000,1.08123,1.08139,1.08095,1.08124,1854.37
1709285400000,1.08124,1.08141,1.08095,1.08131,2138.45
1709286300000,1.08129,1.08176,1.08126,1.08153,1664.01
1709287200000,1.08156,1.08227,1.08044,1.08048,5478.3
1709288100000,1.08048,1.08054,1.07992,1.08006,4863.83
1709289000000,1.08006,1.08088,1.07984,1.0808,3409.67
1709289900000,1.0808,1.08111,1.08076,1.08104,2760.15
1709290800000,1.08105,1.08185,1.08102,1.0815,2637.3
1709291700000,1.08149,1.08163,1.08132,1.08148,3123.02
1709292600000,1.08149,1.0819,1.08148,1.08184,2643.22
1709293500000,1.08185,1.08191,1.08166,1.08187,2316.17
1709294400000,1.08187,1.08237,1.08175,1.08228,2464.6
1709295300000,1.08228,1.08247,1.08213,1.08213,2023.71
1709296200000,1.08213,1.08227,1.08191,1.082,4699.22
1709297100000,1.08199,1.08214,1.08119,1.08129,3090.9
1709298000000,1.08128,1.08144,1.08111,1.08122,2428.79
1709298900000,1.08124,1.08127,1.08078,1.0811,2833.46
1709299800000,1.0811,1.08153,1.08089,1.08107,4995.17
1709300700000,1.08107,1.08142,1.08104,1.08127,2778.56
1709301600000,1.08127,1.08158,1.0811,1.08149,3547.8
1709302500000,1.0815,1.08206,1.08124,1.08133,2801.58
1709303400000,1.08134,1.0817,1.08076,1.08103,3880.56
1709304300000,1.08103,1.08103,1.07981,1.07999,6078.9001
1709305200000,1.08,1.08222,1.08,1.08203,17162.3801
1709306100000,1.08204,1.08406,1.08202,1.08394,12819.66
1709307000000,1.08395,1.08416,1.08329,1.0836,8556.97
1709307900000,1.08361,1.08409,1.08335,1.0835,7420.81
1709308800000,1.08349,1.08368,1.08305,1.08327,3777.96
1709309700000,1.08327,1.08345,1.08233,1.08248,2316.56
1709310600000,1.08249,1.08315,1.08249,1.08309,1696.97
1709311500000,1.08309,1.08345,1.08295,1.0831,1643.86
1709312400000,1.08309,1.08365,1.08288,1.0836,1466.41
1709313300000,1.08359,1.08367,1.08342,1.08359,1226.54
1709314200000,1.08358,1.08383,1.08357,1.08363,988.77
1709315100000,1.08364,1.08398,1.08362,1.08376,1004.92
1709316000000,1.08376,1.0839,1.08315,1.08369,2703.83
1709316900000,1.0837,1.08388,1.08337,1.08369,1589.42
1709317800000,1.08371,1.08417,1.08363,1.08416,1700.44
1709318700000,1.08416,1.08424,1.08372,1.084,1928.34
1709319600000,1.084,1.08427,1.08398,1.08416,1944.46
1709320500000,1.08417,1.0842,1.08399,1.08417,1381.91
1709321400000,1.08418,1.08432,1.0839,1.08393,1972.86
1709322300000,1.08391,1.08428,1.08381,1.08412,1457.57
1709323200000,1.08412,1.08412,1.08355,1.08363,1454.73
1709324100000,1.08362,1.08374,1.08352,1.08354,597.5
1709325000000,1.08353,1.08361,1.08348,1.08359,657.33
1709325900000,1.0836,1.08383,1.08357,1.08373,1369.32
1709326800000,1.08373,1.08375,1.08346,1.08349,1625.9
1709327700000,1.0835,1.08364,1.08333,1.08364,1444.71
1709328600000,1.08363,1.08398,1.08361,1.08386,1020.77
1709329500000,1.08386,1.08405,1.08368,1.08368,1730.25
1709330400000,1.08368,1.08368,1.08368,1.08368,0
1709331300000,1.08368,1.08368,1.08368,1.08368,0
1709332200000,1.08368,1.08368,1.08368,1.08368,0
1709333100000,1.08368,1.08368,1.08368,1.08368,0
1709334000000,1.08368,1.08368,1.08368,1.08368,0
1709334900000,1.08368,1.08368,1.08368,1.08368,0
1709335800000,1.08368,1.08368,1.08368,1.08368,0
1709336700000,1.08368,1.08368,1.08368,1.08368,0
1709337600000,1.08368,1.08368,1.08368,1.08368,0
1709338500000,1.08368,1.08368,1.08368,1.08368,0
1709339400000,1.08368,1.08368,1.08368,1.08368,0
1709340300000,1.08368,1.08368,1.08368,1.08368,0
1709341200000,1.08368,1.08368,1.08368,1.08368,0
1709342100000,1.08368,1.08368,1.08368,1.08368,0
1709343000000,1.08368,1.08368,1.08368,1.08368,0
1709343900000,1.08368,1.08368,1.08368,1.08368,0
1709344800000,1.08368,1.08368,1.08368,1.08368,0
1709345700000,1.08368,1.08368,1.08368,1.08368,0
1709346600000,1.08368,1.08368,1.08368,1.08368,0
1709347500000,1.08368,1.08368,1.08368,1.08368,0
1709348400000,1.08368,1.08368,1.08368,1.08368,0
1709349300000,1.08368,1.08368,1.08368,1.08368,0
1709350200000,1.08368,1.08368,1.08368,1.08368,0
1709351100000,1.08368,1.08368,1.08368,1.08368,0
1709352000000,1.08368,1.08368,1.08368,1.08368,0
1709352900000,1.08368,1.08368,1.08368,1.08368,0
1709353800000,1.08368,1.08368,1.08368,1.08368,0
1709354700000,1.08368,1.08368,1.08368,1.08368,0
1709355600000,1.08368,1.08368,1.08368,1.08368,0
1709356500000,1.08368,1.08368,1.08368,1.08368,0
1709357400000,1.08368,1.08368,1.08368,1.08368,0
1709358300000,1.08368,1.08368,1.08368,1.08368,0
1709359200000,1.08368,1.08368,1.08368,1.08368,0
1709360100000,1.08368,1.08368,1.08368,1.08368,0
1709361000000,1.08368,1.08368,1.08368,1.08368,0
1709361900000,1.08368,1.08368,1.08368,1.08368,0
1709362800000,1.08368,1.08368,1.08368,1.08368,0
1709363700000,1.08368,1.08368,1.08368,1.08368,0
1709364600000,1.08368,1.08368,1.08368,1.08368,0
1709365500000,1.08368,1.08368,1.08368,1.08368,0
1709366400000,1.08368,1.08368,1.08368,1.08368,0
1709367300000,1.08368,1.08368,1.08368,1.08368,0
1709368200000,1.08368,1.08368,1.08368,1.08368,0
1709369100000,1.08368,1.08368,1.08368,1.08368,0
1709370000000,1.08368,1.08368,1.08368,1.08368,0
1709370900000,1.08368,1.08368,1.08368,1.08368,0
1709371800000,1.08368,1.08368,1.08368,1.08368,0
1709372700000,1.08368,1.08368,1.08368,1.08368,0
1709373600000,1.08368,1.08368,1.08368,1.08368,0
1709374500000,1.08368,1.08368,1.08368,1.08368,0
1709375400000,1.08368,1.08368,1.08368,1.08368,0
1709376300000,1.08368,1.08368,1.08368,1.08368,0
1709377200000,1.08368,1.08368,1.08368,1.08368,0
1709378100000,1.08368,1.08368,1.08368,1.08368,0
1709379000000,1.08368,1.08368,1.08368,1.08368,0
1709379900000,1.08368,1.08368,1.08368,1.08368,0
1709380800000,1.08368,1.08368,1.08368,1.08368,0
1709381700000,1.08368,1.08368,1.08368,1.08368,0
1709382600000,1.08368,1.08368,1.08368,1.08368,0
1709383500000,1.08368,1.08368,1.08368,1.08368,0
1709384400000,1.08368,1.08368,1.08368,1.08368,0
1709385300000,1.08368,1.08368,1.08368,1.08368,0
1709386200000,1.08368,1.08368,1.08368,1.08368,0
1709387100000,1.08368,1.08368,1.08368,1.08368,0
1709388000000,1.08368,1.08368,1.08368,1.08368,0
1709388900000,1.08368,1.08368,1.08368,1.08368,0
1709389800000,1.08368,1.08368,1.08368,1.08368,0
1709390700000,1.08368,1.08368,1.08368,1.08368,0
1709391600000,1.08368,1.08368,1.08368,1.08368,0
1709392500000,1.08368,1.08368,1.08368,1.08368,0
1709393400000,1.08368,1.08368,1.08368,1.08368,0
1709394300000,1.08368,1.08368,1.08368,1.08368,0
1709395200000,1.08368,1.08368,1.08368,1.08368,0
1709396100000,1.08368,1.08368,1.08368,1.08368,0
1709397000000,1.08368,1.08368,1.08368,1.08368,0
1709397900000,1.08368,1.08368,1.08368,1.08368,0
1709398800000,1.08368,1.08368,1.08368,1.08368,0
1709399700000,1.08368,1.08368,1.08368,1.08368,0
1709400600000,1.08368,1.08368,1.08368,1.08368,0
1709401500000,1.08368,1.08368,1.08368,1.08368,0
1709402400000,1.08368,1.08368,1.08368,1.08368,0
1709403300000,1.08368,1.08368,1.08368,1.08368,0
1709404200000,1.08368,1.08368,1.08368,1.08368,0
1709405100000,1.08368,1.08368,1.08368,1.08368,0
1709406000000,1.08368,1.08368,1.08368,1.08368,0
1709406900000,1.08368,1.08368,1.08368,1.08368,0
1709407800000,1.08368,1.08368,1.08368,1.08368,0
1709408700000,1.08368,1.08368,1.08368,1.08368,0
1709409600000,1.08368,1.08368,1.08368,1.08368,0
1709410500000,1.08368,1.08368,1.08368,1.08368,0
1709411400000,1.08368,1.08368,1.08368,1.08368,0
1709412300000,1.08368,1.08368,1.08368,1.08368,0
1709413200000,1.08368,1.08368,1.08368,1.08368,0
1709414100000,1.08368,1.08368,1.08368,1.08368,0
1709415000000,1.08368,1.08368,1.08368,1.08368,0
1709415900000,1.08368,1.08368,1.08368,1.08368,0
1709416800000,1.08368,1.08368,1.08368,1.08368,0
1709417700000,1.08368,1.08368,1.08368,1.08368,0
1709418600000,1.08368,1.08368,1.08368,1.08368,0
1709419500000,1.08368,1.08368,1.08368,1.08368,0
1709420400000,1.08368,1.08368,1.08368,1.08368,0
1709421300000,1.08368,1.08368,1.08368,1.08368,0
1709422200000,1.08368,1.08368,1.08368,1.08368,0
1709423100000,1.08368,1.08368,1.08368,1.08368,0
1709424000000,1.08368,1.08368,1.08368,1.08368,0
1709424900000,1.08368,1.08368,1.08368,1.08368,0
1709425800000,1.08368,1.08368,1.08368,1.08368,0
1709426700000,1.08368,1.08368,1.08368,1.08368,0
1709427600000,1.08368,1.08368,1.08368,1.08368,0
1709428500000,1.08368,1.08368,1.08368,1.08368,0
1709429400000,1.08368,1.08368,1.08368,1.08368,0
1709430300000,1.08368,1.08368,1.08368,1.08368,0
1709431200000,1.08368,1.08368,1.08368,1.08368,0
1709432100000,1.08368,1.08368,1.08368,1.08368,0
1709433000000,1.08368,1.08368,1.08368,1.08368,0
1709433900000,1.08368,1.08368,1.08368,1.08368,0
1709434800000,1.08368,1.08368,1.08368,1.08368,0
1709435700000,1.08368,1.08368,1.08368,1.08368,0
1709436600000,1.08368,1.08368,1.08368,1.08368,0
1709437500000,1.08368,1.08368,1.08368,1.08368,0
1709438400000,1.08368,1.08368,1.08368,1.08368,0
1709439300000,1.08368,1.08368,1.08368,1.08368,0
1709440200000,1.08368,1.08368,1.08368,1.08368,0
1709441100000,1.08368,1.08368,1.08368,1.08368,0
1709442000000,1.08368,1.08368,1.08368,1.08368,0
1709442900000,1.08368,1.08368,1.08368,1.08368,0
1709443800000,1.08368,1.08368,1.08368,1.08368,0
1709444700000,1.08368,1.08368,1.08368,1.08368,0
1709445600000,1.08368,1.08368,1.08368,1.08368,0
1709446500000,1.08368,1.08368,1.08368,1.08368,0
1709447400000,1.08368,1.08368,1.08368,1.08368,0
1709448300000,1.08368,1.08368,1.08368,1.08368,0
1709449200000,1.08368,1.08368,1.08368,1.08368,0
1709450100000,1.08368,1.08368,1.08368,1.08368,0
1709451000000,1.08368,1.08368,1.08368,1.08368,0
1709451900000,1.08368,1.08368,1.08368,1.08368,0
1709452800000,1.08368,1.08368,1.08368,1.08368,0
1709453700000,1.08368,1.08368,1.08368,1.08368,0
1709454600000,1.08368,1.08368,1.08368,1.08368,0
1709455500000,1.08368,1.08368,1.08368,1.08368,0
1709456400000,1.08368,1.08368,1.08368,1.08368,0
1709457300000,1.08368,1.08368,1.08368,1.08368,0
1709458200000,1.08368,1.08368,1.08368,1.08368,0
1709459100000,1.08368,1.08368,1.08368,1.08368,0
1709460000000,1.08368,1.08368,1.08368,1.08368,0
1709460900000,1.08368,1.08368,1.08368,1.08368,0
1709461800000,1.08368,1.08368,1.08368,1.08368,0
1709462700000,1.08368,1.08368,1.08368,1.08368,0
1709463600000,1.08368,1.08368,1.08368,1.08368,0
1709464500000,1.08368,1.08368,1.08368,1.08368,0
1709465400000,1.08368,1.08368,1.08368,1.08368,0
1709466300000,1.08368,1.08368,1.08368,1.08368,0
1709467200000,1.08368,1.08368,1.08368,1.08368,0
1709468100000,1.08368,1.08368,1.08368,1.08368,0
1709469000000,1.08368,1.08368,1.08368,1.08368,0
1709469900000,1.08368,1.08368,1.08368,1.08368,0
1709470800000,1.08368,1.08368,1.08368,1.08368,0
1709471700000,1.08368,1.08368,1.08368,1.08368,0
1709472600000,1.08368,1.08368,1.08368,1.08368,0
1709473500000,1.08368,1.08368,1.08368,1.08368,0
1709474400000,1.08368,1.08368,1.08368,1.08368,0
1709475300000,1.08368,1.08368,1.08368,1.08368,0
1709476200000,1.08368,1.08368,1.08368,1.08368,0
1709477100000,1.08368,1.08368,1.08368,1.08368,0
1709478000000,1.08368,1.08368,1.08368,1.08368,0
1709478900000,1.08368,1.08368,1.08368,1.08368,0
1709479800000,1.08368,1.08368,1.08368,1.08368,0
1709480700000,1.08368,1.08368,1.08368,1.08368,0
1709481600000,1.08368,1.08368,1.08368,1.08368,0
1709482500000,1.08368,1.08368,1.08368,1.08368,0
1709483400000,1.08368,1.08368,1.08368,1.08368,0
1709484300000,1.08368,1.08368,1.08368,1.08368,0
1709485200000,1.08368,1.08368,1.08368,1.08368,0
1709486100000,1.08368,1.08368,1.08368,1.08368,0
1709487000000,1.08368,1.08368,1.08368,1.08368,0
1709487900000,1.08368,1.08368,1.08368,1.08368,0
1709488800000,1.08368,1.08368,1.08368,1.08368,0
1709489700000,1.08368,1.08368,1.08368,1.08368,0
1709490600000,1.08368,1.08368,1.08368,1.08368,0
1709491500000,1.08368,1.08368,1.08368,1.08368,0
1709492400000,1.08368,1.08368,1.08368,1.08368,0
1709493300000,1.08368,1.08368,1.08368,1.08368,0
1709494200000,1.08368,1.08368,1.08368,1.08368,0
1709495100000,1.08368,1.08368,1.08368,1.08368,0
1709496000000,1.08368,1.08368,1.08368,1.08368,0
1709496900000,1.08368,1.08368,1.08368,1.08368,0
1709497800000,1.08368,1.08368,1.08368,1.08368,0
1709498700000,1.08368,1.08368,1.08368,1.08368,0
1709499600000,1.08368,1.08368,1.08368,1.08368,0
1709500500000,1.08368,1.08368,1.08368,1.08368,0
1709501400000,1.08368,1.08368,1.08368,1.08368,0
1709502300000,1.08368,1.08368,1.08368,1.08368,0
1709503200000,1.08359,1.08393,1.0835,1.08381,160.25
1709504100000,1.0839,1.08397,1.08375,1.0839,751.2
1709505000000,1.08389,1.08399,1.08383,1.08396,1835.1
1709505900000,1.08396,1.08425,1.08373,1.08398,1834.6
1709506800000,1.08397,1.0843,1.08397,1.08424,1520.62
1709507700000,1.08424,1.08437,1.08422,1.08428,814.38
1709508600000,1.08429,1.0844,1.08424,1.08424,1673.23
1709509500000,1.08425,1.08426,1.08411,1.08416,1195.52
1709510400000,1.08417,1.08433,1.08407,1.08432,766.9
1709511300000,1.08432,1.08446,1.0843,1.08445,1022.29
1709512200000,1.08445,1.0848,1.08443,1.08478,1065.91
1709513100000,1.08477,1.08479,1.08453,1.08457,2078.35
1709514000000,1.08458,1.08458,1.08419,1.08427,1272.53
1709514900000,1.08428,1.08444,1.08426,1.08433,990.05
1709515800000,1.08435,1.08435,1.08401,1.08401,925.35
1709516700000,1.084,1.08412,1.08385,1.084,1441.67
1709517600000,1.08401,1.08412,1.08385,1.0841,798.58
1709518500000,1.08411,1.08438,1.0841,1.08437,823.6
1709519400000,1.08436,1.08458,1.08432,1.08447,732.82
1709520300000,1.08446,1.08457,1.08446,1.08453,1132.97
1709521200000,1.08454,1.08457,1.08421,1.08427,1546.15
1709522100000,1.08427,1.0845,1.08427,1.08439,815.11
1709523000000,1.08438,1.08444,1.08428,1.08434,330.59
1709523900000,1.08434,1.08446,1.08434,1.08438,284.88
1709524800000,1.0844,1.08457,1.08438,1.08448,290.3
1709525700000,1.08448,1.08453,1.08445,1.08446,299.24
1709526600000,1.08445,1.08451,1.08441,1.08443,467.69
1709527500000,1.08446,1.08449,1.08431,1.08436,618.37
1709528400000,1.08435,1.08465,1.08434,1.08458,853.49
1709529300000,1.08458,1.08468,1.08455,1.08458,405.52
1709530200000,1.08457,1.08463,1.08437,1.08437,389.82
1709531100000,1.08437,1.08448,1.08428,1.08443,640.63
1709532000000,1.08443,1.08457,1.0843,1.08448,796.57
1709532900000,1.08447,1.08458,1.08438,1.08442,826.98
1709533800000,1.0844,1.08473,1.08437,1.08453,991.75
1709534700000,1.08456,1.08478,1.08456,1.08469,542.68
1709535600000,1.0847,1.08527,1.0847,1.08518,1493.5
1709536500000,1.08518,1.08518,1.08469,1.08478,1665.69
1709537400000,1.08481,1.08497,1.08451,1.08491,2351.98
1709538300000,1.08492,1.08539,1.08492,1.08537,1586.99
1709539200000,1.08537,1.08578,1.0852,1.08527,2655.58
1709540100000,1.08526,1.08526,1.08401,1.08419,2785.66
1709541000000,1.08419,1.08434,1.08377,1.08406,2990.28
1709541900000,1.08404,1.08466,1.08392,1.08447,2343.41
1709542800000,1.08448,1.08462,1.08422,1.08461,1694.05
1709543700000,1.08461,1.08476,1.08422,1.08459,1503.43
1709544600000,1.08459,1.08518,1.08449,1.085,1671.28
1709545500000,1.085,1.0852,1.08477,1.0849,1704.09
1709546400000,1.08489,1.08499,1.08458,1.08489,1385.81
1709547300000,1.08489,1.0852,1.08488,1.08496,963.11
1709548200000,1.08496,1.08544,1.08482,1.08542,1644.63
1709549100000,1.08543,1.08549,1.08527,1.08536,1950.75
1709550000000,1.08535,1.08553,1.08527,1.08538,1422.03
1709550900000,1.08538,1.08547,1.08515,1.08535,2294.54
1709551800000,1.08536,1.08568,1.08526,1.08562,1966.17
1709552700000,1.08563,1.08569,1.08539,1.08562,1650.32
1709553600000,1.08562,1.08575,1.085,1.08509,1710.65
1709554500000,1.08508,1.08536,1.08506,1.08527,1724.22
1709555400000,1.08526,1.08534,1.08505,1.08521,2914.4
1709556300000,1.0852,1.08524,1.08416,1.08425,2856.92
1709557200000,1.08426,1.0847,1.08426,1.08465,2035.79
1709558100000,1.08465,1.08465,1.08401,1.08431,2726.37
1709559000000,1.08431,1.085,1.08428,1.0847,2563.11
1709559900000,1.0847,1.0849,1.08434,1.08487,2401.13
1709560800000,1.08486,1.08499,1.0845,1.08458,3167.55
1709561700000,1.08458,1.08509,1.08458,1.08504,2738.13
1709562600000,1.08505,1.08543,1.08495,1.08528,2740.55
1709563500000,1.08527,1.08617,1.08526,1.08597,4539.1
1709564400000,1.08596,1.08616,1.08554,1.0858,3885.24
1709565300000,1.0858,1.08633,1.08561,1.08601,2426.24
1709566200000,1.086,1.08622,1.0858,1.0862,2950.44
1709567100000,1.08621,1.08636,1.08596,1.08632,2256.83
1709568000000,1.08633,1.08667,1.08624,1.08664,2688.46
1709568900000,1.08666,1.08666,1.08592,1.08596,2495.9
1709569800000,1.08594,1.08609,1.08567,1.08592,2158.58
1709570700000,1.08593,1.08619,1.08586,1.08614,1058.99
1709571600000,1.08614,1.08615,1.08554,1.08582,2349.63
1709572500000,1.08583,1.08623,1.08575,1.08592,1863.4
1709573400000,1.08592,1.08604,1.0858,1.08589,1351.33
1709574300000,1.08589,1.08592,1.0856,1.08579,1496.11
1709575200000,1.08578,1.08606,1.08564,1.08579,946.31
1709576100000,1.08579,1.08596,1.08562,1.08574,569.13
1709577000000,1.08575,1.08588,1.08566,1.08583,550.23
1709577900000,1.08582,1.08582,1.08557,1.08563,801.85
1709578800000,1.08564,1.08576,1.08553,1.08559,1171.31
1709579700000,1.08559,1.0857,1.08554,1.08562,799.91
1709580600000,1.08562,1.0858,1.08553,1.08573,1212.91
1709581500000,1.08574,1.08583,1.0856,1.08565,1304.44
1709582400000,1.08565,1.08576,1.08563,1.08569,941.89
1709583300000,1.08568,1.08577,1.08563,1.08574,1184.14
1709584200000,1.08574,1.08594,1.08555,1.08583,2023.13
1709585100000,1.08582,1.08582,1.08553,1.08558,2034.44
1709586000000,1.08559,1.08571,1.08551,1.08552,1036.6
1709586900000,1.08553,1.08558,1.0855,1.08551,204.93
1709587800000,1.08551,1.08566,1.0855,1.08558,373.93
1709588700000,1.08559,1.08563,1.08549,1.08549,1453.6
1709589600000,1.08549,1.08561,1.08526,1.08545,884.76
1709590500000,1.08546,1.08569,1.08535,1.08554,5291.5499
1709591400000,1.08554,1.08556,1.08535,1.08542,4574.6099
1709592300000,1.08551,1.08564,1.08531,1.08531,840.57
1709593200000,1.08533,1.08576,1.08533,1.08565,495.29
1709594100000,1.08564,1.0858,1.08554,1.08575,234.5
1709595000000,1.08576,1.0858,1.08558,1.08559,515.44
1709595900000,1.08559,1.0856,1.0854,1.08541,542.89
1709596800000,1.0854,1.08552,1.08529,1.08546,281.02
1709597700000,1.08545,1.08547,1.08515,1.08516,358.18
1709598600000,1.08516,1.08521,1.08514,1.0852,486.73
1709599500000,1.0852,1.08542,1.08516,1.08529,616.72
1709600400000,1.0853,1.08546,1.08519,1.08529,799.36
1709601300000,1.08528,1.08536,1.08499,1.08518,929.1
1709602200000,1.08519,1.08519,1.08495,1.08515,2034.39
1709603100000,1.08515,1.08515,1.08475,1.08494,1362.79
1709604000000,1.08496,1.08513,1.08488,1.08505,803.32
1709604900000,1.08503,1.08513,1.08484,1.085,745.99
1709605800000,1.08499,1.08518,1.08499,1.0851,742.22
1709606700000,1.0851,1.08511,1.08489,1.085,1032.27
1709607600000,1.085,1.08514,1.08495,1.08511,837.28
1709608500000,1.08513,1.08525,1.08509,1.08521,727.46
1709609400000,1.08521,1.08547,1.08521,1.0854,644.98
1709610300000,1.0854,1.08543,1.0853,1.08541,309.66
1709611200000,1.08542,1.08542,1.08526,1.08528,411.78
1709612100000,1.08528,1.08532,1.0852,1.0853,531.84
1709613000000,1.0853,1.08535,1.08501,1.08504,638.97
1709613900000,1.08504,1.0851,1.08498,1.08505,416.61
1709614800000,1.08504,1.08521,1.08503,1.08521,351.93
1709615700000,1.08522,1.08534,1.08517,1.0852,352.28
1709616600000,1.0852,1.08541,1.08514,1.08522,698
1709617500000,1.08522,1.08531,1.08493,1.08528,1135.33
1709618400000,1.08529,1.08532,1.08509,1.08512,875.12
1709619300000,1.08514,1.08516,1.08479,1.08495,1438.4
1709620200000,1.08496,1.08497,1.08462,1.08469,844.96
1709621100000,1.08468,1.08487,1.08445,1.08467,1384.75
1709622000000,1.08468,1.08512,1.08468,1.08469,1758.9
1709622900000,1.0847,1.08486,1.08463,1.08472,1384.49
1709623800000,1.08473,1.08475,1.08442,1.08445,2855.71
1709624700000,1.08444,1.08463,1.08414,1.08463,2757.09
1709625600000,1.08464,1.08508,1.08448,1.08494,3035.15
1709626500000,1.08496,1.08518,1.08476,1.08477,2050.35
1709627400000,1.08478,1.08494,1.08468,1.08485,1740.58
1709628300000,1.08487,1.0849,1.0843,1.08471,2339.96
1709629200000,1.0847,1.08535,1.0847,1.08533,1869.27
1709630100000,1.08533,1.08558,1.08516,1.08553,1681.62
1709631000000,1.08552,1.08557,1.08532,1.08543,1494.73
1709631900000,1.08542,1.08542,1.08494,1.08514,2132.93
1709632800000,1.08512,1.08534,1.08496,1.08511,2676.18
1709633700000,1.08514,1.08549,1.0851,1.08526,1369.19
1709634600000,1.08526,1.08536,1.08511,1.08518,915.47
1709635500000,1.0852,1.08521,1.08494,1.08502,1311.83
1709636400000,1.08501,1.08518,1.08478,1.08503,1365.94
1709637300000,1.08504,1.08519,1.08496,1.08518,936.58
1709638200000,1.08518,1.08535,1.08506,1.08533,1098.43
1709639100000,1.08532,1.08534,1.08481,1.08498,1108.44
1709640000000,1.08498,1.08504,1.08462,1.08469,1245.36
1709640900000,1.08469,1.08485,1.08468,1.08481,1006.45
1709641800000,1.08481,1.08481,1.08456,1.08465,1204.18
1709642700000,1.08466,1.08482,1.08459,1.08472,1662.33
1709643600000,1.08471,1.08495,1.08458,1.0849,2174.98
1709644500000,1.08492,1.08494,1.08431,1.08446,2282.74
1709645400000,1.08447,1.08516,1.0842,1.08437,3511.53
1709646300000,1.08436,1.08485,1.08427,1.08462,3305.6001
1709647200000,1.08464,1.08517,1.08459,1.08509,3501
1709648100000,1.08509,1.08544,1.08489,1.085,3386.2
1709649000000,1.08502,1.08515,1.08443,1.08458,3910.9
1709649900000,1.08459,1.08466,1.08403,1.08453,3225.35
1709650800000,1.08454,1.0876,1.0845,1.08694,12163.0499
1709651700000,1.08693,1.08743,1.08664,1.08668,6235.34
1709652600000,1.08668,1.08739,1.08639,1.08738,3559.56
1709653500000,1.08737,1.08748,1.08689,1.08714,3999.23
1709654400000,1.08715,1.08719,1.08608,1.08639,3929.13
1709655300000,1.08639,1.08686,1.08631,1.08665,2576.58
1709656200000,1.08666,1.08679,1.08581,1.08598,3309.29
1709657100000,1.08599,1.08618,1.0858,1.08609,2798.87
1709658000000,1.08609,1.08623,1.08585,1.08606,1729.63
1709658900000,1.08607,1.08644,1.08605,1.0863,1998.49
1709659800000,1.08631,1.08635,1.08577,1.08587,1717.62
1709660700000,1.08587,1.08609,1.08581,1.08599,1444.11
1709661600000,1.08598,1.08599,1.08565,1.08576,1300.78
1709662500000,1.08577,1.08581,1.08533,1.08536,1165.16
1709663400000,1.08535,1.08571,1.08529,1.08533,1601.3
1709664300000,1.08533,1.08537,1.08513,1.08527,1332.29
1709665200000,1.08528,1.08551,1.08513,1.08543,1309.15
1709666100000,1.08545,1.08576,1.08545,1.08569,1700.12
1709667000000,1.08569,1.0857,1.08529,1.08535,1375.24
1709667900000,1.08536,1.08537,1.08513,1.08528,2109.64
1709668800000,1.08528,1.08542,1.08489,1.08496,1863.28
1709669700000,1.08497,1.08525,1.08492,1.08516,1516.59
1709670600000,1.08516,1.08555,1.08512,1.08554,680.87
1709671500000,1.08555,1.08584,1.08549,1.08575,929.51
1709672400000,1.08576,1.08589,1.08572,1.08573,753.22
1709673300000,1.08572,1.08578,1.08567,1.08568,371.34
1709674200000,1.08569,1.08569,1.08559,1.08561,1186.15
1709675100000,1.08562,1.08568,1.08559,1.0856,1926.35
1709676000000,1.0856,1.08568,1.08556,1.08558,194.1
1709676900000,1.08557,1.08571,1.08557,1.0857,352.45
1709677800000,1.08572,1.08572,1.08557,1.08564,1417.7
1709678700000,1.08565,1.0857,1.08557,1.08564,2842.64
1709679600000,1.08566,1.08587,1.08556,1.08581,310.5
1709680500000,1.08583,1.08583,1.08572,1.08574,314.95
1709681400000,1.08574,1.08574,1.08566,1.08566,369.19
1709682300000,1.08565,1.08569,1.08554,1.08555,349.02
1709683200000,1.08554,1.08556,1.08522,1.08522,597.38
1709684100000,1.08521,1.08523,1.08498,1.08515,595.2
1709685000000,1.08515,1.08524,1.08506,1.0852,658.9
1709685900000,1.08521,1.08522,1.08492,1.08498,850.85
1709686800000,1.08497,1.08502,1.08479,1.0848,1908.32
1709687700000,1.08481,1.08496,1.08458,1.08459,1914.61
1709688600000,1.08459,1.08462,1.08432,1.08446,1716.21
1709689500000,1.08446,1.08448,1.08421,1.08438,1227.47
1709690400000,1.08439,1.08479,1.08439,1.08477,1050.76
1709691300000,1.08478,1.08488,1.08467,1.08468,1496.61
1709692200000,1.08468,1.08503,1.0846,1.08501,1074.55
1709693100000,1.08502,1.08533,1.08492,1.08526,1194.31
1709694000000,1.08526,1.08531,1.08511,1.08523,1930.58
1709694900000,1.08523,1.08531,1.08503,1.08519,1315.15
1709695800000,1.08518,1.08528,1.08505,1.08506,464.91
1709696700000,1.08506,1.08521,1.08503,1.08507,666.4
1709697600000,1.08507,1.0852,1.08495,1.08514,1206.09
1709698500000,1.08513,1.08514,1.08501,1.08507,671.37
1709699400000,1.0851,1.0852,1.08506,1.08509,498.63
1709700300000,1.0851,1.08522,1.08502,1.08516,820.5
1709701200000,1.08516,1.08538,1.08516,1.08538,1340.7
1709702100000,1.08538,1.08544,1.08529,1.08538,686.66
1709703000000,1.08538,1.08559,1.08537,1.08553,1174.55
1709703900000,1.08553,1.08568,1.08545,1.08551,1360.32
1709704800000,1.08551,1.08567,1.08547,1.08562,1649.56
1709705700000,1.08562,1.08589,1.08558,1.0857,1501.53
1709706600000,1.08571,1.08598,1.08567,1.08594,1118.5
1709707500000,1.08594,1.08605,1.0859,1.08594,1034.69
1709708400000,1.08594,1.08637,1.08586,1.0863,2360.87
1709709300000,1.08629,1.08646,1.08608,1.0863,1372.84
1709710200000,1.08628,1.08663,1.08614,1.08639,1753.71
1709711100000,1.08639,1.08642,1.08604,1.08619,2360.8
1709712000000,1.08619,1.08676,1.08592,1.08673,2439.82
1709712900000,1.08672,1.0871,1.08654,1.08662,1870.15
1709713800000,1.08663,1.08689,1.08654,1.08681,2594.19
1709714700000,1.08679,1.08741,1.08664,1.08731,2140.76
1709715600000,1.08731,1.0875,1.08694,1.08699,1655.75
1709716500000,1.087,1.08723,1.08699,1.08709,1033.27
1709717400000,1.08709,1.08748,1.08709,1.08737,1847.14
1709718300000,1.08736,1.08777,1.0873,1.08765,1655.23
1709719200000,1.08764,1.08779,1.08751,1.08769,1439.6
1709720100000,1.0877,1.08795,1.08767,1.0877,1421.21
1709721000000,1.08771,1.08778,1.08734,1.08741,881.07
1709721900000,1.0874,1.08775,1.08739,1.08773,737.33
1709722800000,1.08773,1.08783,1.08767,1.08781,1108.94
1709723700000,1.0878,1.08783,1.08717,1.08723,1187.57
1709724600000,1.08723,1.08749,1.08715,1.08739,1669.15
1709725500000,1.0874,1.08773,1.08734,1.08757,994.47
1709726400000,1.08757,1.08785,1.08753,1.08773,1059.83
1709727300000,1.08773,1.08773,1.08746,1.08748,919.1
1709728200000,1.08746,1.08756,1.08704,1.08705,2478.89
1709729100000,1.08706,1.08725,1.08675,1.08687,2482.05
1709730000000,1.08688,1.08748,1.08683,1.08739,3410.84
1709730900000,1.08743,1.0877,1.08713,1.08745,4929.3599
1709731800000,1.08744,1.08826,1.08683,1.08819,8433.89
1709732700000,1.08819,1.08848,1.0877,1.08847,4098.48
1709733600000,1.08846,1.08879,1.08834,1.08836,3261.87
1709734500000,1.08837,1.08878,1.0883,1.0885,2587.48
1709735400000,1.08851,1.08888,1.08832,1.08878,2474.7
1709736300000,1.08877,1.08894,1.0884,1.08869,3419.28
1709737200000,1.08869,1.0889,1.08813,1.08885,7028.2
1709738100000,1.08886,1.08919,1.08853,1.08903,4023.82
1709739000000,1.08902,1.08973,1.08858,1.08963,5248.42
1709739900000,1.08961,1.09087,1.08961,1.09052,4457.67
1709740800000,1.09053,1.09053,1.09004,1.09019,4959.87
1709741700000,1.0902,1.09056,1.08995,1.09056,3717.64
1709742600000,1.09057,1.09087,1.09013,1.0908,5358.9601
1709743500000,1.0908,1.09149,1.09075,1.09122,3465.2401
1709744400000,1.09122,1.09153,1.09078,1.09084,4073.55
1709745300000,1.09085,1.09124,1.09077,1.09078,2990.23
1709746200000,1.09078,1.09104,1.09011,1.09012,4751.03
1709747100000,1.09013,1.09031,1.08995,1.09023,2073.44
1709748000000,1.09023,1.09053,1.09022,1.0904,1686.94
1709748900000,1.09041,1.09076,1.09041,1.09075,1756.21
1709749800000,1.09076,1.09077,1.09005,1.09053,2896.46
1709750700000,1.09053,1.09059,1.09006,1.09029,3430.59
1709751600000,1.09028,1.09028,1.08957,1.08959,4717.9601
1709752500000,1.08958,1.0898,1.08935,1.08975,2469.13
1709753400000,1.08976,1.08988,1.08951,1.08963,1798.55
1709754300000,1.08963,1.08982,1.08933,1.08968,2391.78
1709755200000,1.08967,1.08978,1.0893,1.08933,2209.95
1709756100000,1.08934,1.08958,1.08929,1.08957,2567.57
1709757000000,1.08958,1.08965,1.08937,1.08949,1390.82
1709757900000,1.08948,1.08994,1.08948,1.0899,2322.685
1709758800000,1.08988,1.08995,1.08959,1.0896,651.32
1709759700000,1.0896,1.08967,1.08954,1.08959,550.25
1709760600000,1.08959,1.08972,1.08953,1.08971,648.74
1709761500000,1.08972,1.0899,1.08971,1.0898,439.26
1709762400000,1.0898,1.08989,1.08928,1.08987,1288.1
1709763300000,1.08988,1.09011,1.08963,1.0898,1326.69
1709764200000,1.0898,1.0899,1.08975,1.08985,795.33
1709765100000,1.08985,1.08987,1.08972,1.08979,773.68
1709766000000,1.08978,1.09013,1.0897,1.08987,706.78
1709766900000,1.08986,1.08995,1.08986,1.08994,290.94
1709767800000,1.08994,1.09009,1.08991,1.08994,570.61
1709768700000,1.08994,1.08999,1.08977,1.08995,481
1709769600000,1.08994,1.09073,1.08993,1.09059,1226.61
1709770500000,1.09058,1.09065,1.09003,1.09009,783.08
1709771400000,1.09006,1.09055,1.09003,1.09031,1207.34
1709772300000,1.09032,1.09044,1.09015,1.0903,1494.46
1709773200000,1.09031,1.09034,1.08989,1.09006,1268.5
1709774100000,1.09004,1.09042,1.09004,1.09019,1929.1
1709775000000,1.0902,1.0903,1.08989,1.09008,1367.62
1709775900000,1.09009,1.0901,1.08965,1.08979,1386.21
1709776800000,1.08979,1.0899,1.0897,1.08973,795.67
1709777700000,1.08972,1.08983,1.08937,1.08937,777.21
1709778600000,1.08936,1.08962,1.08936,1.08955,726.64
1709779500000,1.08954,1.08986,1.08949,1.08984,802.96
1709780400000,1.08983,1.08988,1.08978,1.08981,450.79
1709781300000,1.08981,1.08989,1.08955,1.08978,441.1
1709782200000,1.08979,1.08991,1.08971,1.08988,771.42
1709783100000,1.08989,1.09014,1.08985,1.09006,1060.12
1709784000000,1.09005,1.09025,1.09003,1.09013,1680.96
1709784900000,1.09014,1.09041,1.09013,1.09041,1525.33
1709785800000,1.09042,1.09055,1.09026,1.09044,1031.83
1709786700000,1.09043,1.09045,1.0903,1.09035,638.02
1709787600000,1.09034,1.09039,1.09021,1.09026,548.86
1709788500000,1.09025,1.09055,1.0902,1.09033,473.05
1709789400000,1.09034,1.09035,1.09002,1.09003,593.21
1709790300000,1.09003,1.09017,1.08997,1.09004,658.69
1709791200000,1.09003,1.09009,1.08991,1.09001,665.11
1709792100000,1.09002,1.09029,1.08997,1.09023,1269.87
1709793000000,1.09024,1.09028,1.09009,1.09012,830.58
1709793900000,1.09013,1.09021,1.08985,1.09014,1175.44
1709794800000,1.09016,1.09043,1.08999,1.0901,1890.02
1709795700000,1.09009,1.09009,1.08961,1.08964,2311.17
1709796600000,1.08965,1.08974,1.08921,1.08929,2648.38
1709797500000,1.08929,1.0895,1.08912,1.08937,1432.42
1709798400000,1.08938,1.08958,1.08876,1.08908,2232.48
1709799300000,1.08908,1.08933,1.08892,1.08932,1970.84
1709800200000,1.08931,1.08957,1.08915,1.08933,2378.45
1709801100000,1.08934,1.08978,1.08929,1.08978,1174.47
1709802000000,1.08976,1.08979,1.08938,1.08938,1418.44
1709802900000,1.08937,1.08992,1.08928,1.08992,1079.79
1709803800000,1.08992,1.09007,1.08983,1.0899,1472.45
1709804700000,1.08989,1.09027,1.08985,1.09016,1051.37
1709805600000,1.09017,1.09019,1.08947,1.08963,2213.04
1709806500000,1.08962,1.0897,1.08934,1.08941,2667.6099
1709807400000,1.08942,1.08945,1.08896,1.08913,3060.85
1709808300000,1.08916,1.08979,1.08911,1.08964,1739.51
1709809200000,1.08965,1.08984,1.08948,1.08979,1733.46
1709810100000,1.08981,1.08989,1.08958,1.08974,1839.96
1709811000000,1.08975,1.0899,1.08936,1.08936,1548.82
1709811900000,1.08938,1.08961,1.08924,1.08939,1872.67
1709812800000,1.08939,1.08977,1.08939,1.08959,1668.17
1709813700000,1.08959,1.09,1.08959,1.08992,2478.98
1709814600000,1.08991,1.09001,1.08971,1.08999,1103.52
1709815500000,1.08997,1.08999,1.08922,1.08943,1966.14
1709816400000,1.08943,1.08967,1.08932,1.08936,2977.75
1709817300000,1.08937,1.08963,1.08735,1.08807,9641.58
1709818200000,1.08808,1.08861,1.0872,1.08814,7639.3099
1709819100000,1.08814,1.08829,1.08678,1.08723,8250.5801
1709820000000,1.08723,1.08901,1.08692,1.08868,11770.45
1709820900000,1.08869,1.09019,1.08834,1.09009,6681.15
1709821800000,1.0901,1.09077,1.08957,1.09004,7371.4
1709822700000,1.09005,1.09194,1.08968,1.09155,6101.69
1709823600000,1.09157,1.09173,1.09088,1.09161,5106.07
1709824500000,1.09161,1.09177,1.09081,1.09108,4440.06
1709825400000,1.09107,1.0926,1.09103,1.09251,3174.41
1709826300000,1.09252,1.09309,1.0923,1.09299,4432.42
1709827200000,1.09299,1.09303,1.09247,1.09287,2963.29
1709828100000,1.09287,1.09377,1.09267,1.09361,2889.25
1709829000000,1.09361,1.0937,1.09314,1.09353,4377.37
1709829900000,1.09351,1.0942,1.09324,1.09401,3257.52
1709830800000,1.09401,1.09402,1.09366,1.09395,3082.22
1709831700000,1.09394,1.09416,1.0936,1.09365,2348.86
1709832600000,1.09366,1.09375,1.09314,1.09318,1904.11
1709833500000,1.09317,1.09371,1.09315,1.0937,2235.18
1709834400000,1.09369,1.09406,1.09365,1.09399,1588.51
1709835300000,1.094,1.09418,1.09392,1.09418,1589.55
1709836200000,1.09418,1.09431,1.09397,1.09417,1273.23
1709837100000,1.09417,1.09447,1.09415,1.09422,802.25
1709838000000,1.09421,1.09443,1.09407,1.09438,1598.39
1709838900000,1.09439,1.09473,1.09429,1.09468,1592.64
1709839800000,1.09468,1.09468,1.09431,1.09459,1411.98
1709840700000,1.09459,1.09487,1.09455,1.09468,2110.02
1709841600000,1.09469,1.09469,1.09426,1.09448,1423.39
1709842500000,1.09449,1.09467,1.09447,1.09458,1380.6
1709843400000,1.09457,1.09491,1.09448,1.09474,1715.37
1709844300000,1.09472,1.0948,1.09461,1.0947,3032.36
1709845200000,1.09469,1.09484,1.09467,1.09473,1134.31
1709846100000,1.09473,1.09473,1.09458,1.09463,571.79
1709847000000,1.09463,1.09476,1.09456,1.09472,1085.1
1709847900000,1.09471,1.09489,1.09469,1.09477,1313.72
1709848800000,1.09472,1.09472,1.09426,1.09465,265.5
1709849700000,1.09468,1.09474,1.09458,1.0947,375.45
1709850600000,1.09472,1.09479,1.09468,1.09476,1856.31
1709851500000,1.09475,1.09478,1.09461,1.09465,1590.96
1709852400000,1.0947,1.0949,1.09466,1.0949,320.59
1709853300000,1.09491,1.09499,1.09489,1.09489,138.84
1709854200000,1.09491,1.095,1.09489,1.09497,82.56
1709855100000,1.09496,1.09513,1.09493,1.09509,107.06
1709856000000,1.0951,1.09538,1.09506,1.09537,232.66
1709856900000,1.09538,1.09542,1.09522,1.09542,162.53
1709857800000,1.09542,1.09556,1.09531,1.09538,332.38
1709858700000,1.09538,1.09539,1.09502,1.09513,841.42
1709859600000,1.09513,1.09528,1.09481,1.09486,810.5
1709860500000,1.09488,1.09495,1.09464,1.09481,1384.47
1709861400000,1.09481,1.09491,1.09468,1.09476,904.03
1709862300000,1.09475,1.09507,1.09475,1.0948,593.78
1709863200000,1.09479,1.09487,1.09465,1.09477,496.57
1709864100000,1.09476,1.09504,1.09475,1.09503,465.46
1709865000000,1.09504,1.09508,1.09468,1.0947,819.79
1709865900000,1.09469,1.09469,1.09449,1.09456,571.14
1709866800000,1.09456,1.09461,1.09442,1.09453,570.86
1709867700000,1.09452,1.09475,1.09451,1.09473,680.03
1709868600000,1.09475,1.09479,1.09462,1.09465,486.5
1709869500000,1.09464,1.09476,1.09461,1.09473,534.39
1709870400000,1.09476,1.09482,1.09467,1.09481,337.51
1709871300000,1.09478,1.09491,1.09462,1.09466,335.77
1709872200000,1.09467,1.09471,1.09449,1.09454,432.69
1709873100000,1.09453,1.09471,1.09444,1.09456,843.99
1709874000000,1.09456,1.0947,1.0945,1.0946,324.02
1709874900000,1.0946,1.09472,1.09448,1.09472,581.07
1709875800000,1.09472,1.09485,1.09468,1.09478,546.01
1709876700000,1.09476,1.09476,1.09457,1.09464,937.89
1709877600000,1.09463,1.09487,1.09455,1.09472,793.08
1709878500000,1.09471,1.09471,1.09442,1.09463,580.27
1709879400000,1.09464,1.0949,1.09459,1.09466,641.15
1709880300000,1.09467,1.09486,1.09462,1.09479,565.29
1709881200000,1.0948,1.0951,1.09456,1.09464,1153.48
1709882100000,1.09465,1.09466,1.09361,1.09383,2417.06
1709883000000,1.09382,1.09387,1.09318,1.09335,2101.2
1709883900000,1.09335,1.09351,1.09325,1.09336,1225.52
1709884800000,1.09336,1.09345,1.09304,1.0932,2523.11
1709885700000,1.0932,1.09337,1.0929,1.0933,2901.32
1709886600000,1.09331,1.09363,1.09318,1.09363,2553.27
1709887500000,1.09364,1.09388,1.0934,1.09358,1364.12
1709888400000,1.09358,1.09373,1.0932,1.09324,2271.01
1709889300000,1.09323,1.09325,1.09261,1.09323,2109.29
1709890200000,1.09322,1.0934,1.09261,1.0929,3254.89
1709891100000,1.09292,1.09363,1.09292,1.09352,2284.37
1709892000000,1.09351,1.09369,1.09334,1.09366,2024.15
1709892900000,1.09365,1.09367,1.09298,1.09299,1940.86
1709893800000,1.093,1.09307,1.09263,1.093,3339.12
1709894700000,1.09299,1.09349,1.09297,1.09334,1187.09
1709895600000,1.09335,1.0935,1.09318,1.09342,1312.48
1709896500000,1.09343,1.0939,1.09338,1.09373,1687.22
1709897400000,1.09372,1.09373,1.09295,1.09317,2344.3
1709898300000,1.09316,1.09345,1.093,1.09345,1159.56
1709899200000,1.09346,1.09351,1.09296,1.09301,2096.6
1709900100000,1.093,1.09319,1.0928,1.09308,2159.94
1709901000000,1.09309,1.09333,1.09298,1.0931,1716.93
1709901900000,1.09309,1.09324,1.09288,1.09318,1551.01
1709902800000,1.0932,1.09361,1.09311,1.09355,1870.11
1709903700000,1.09356,1.09442,1.09346,1.09399,3731.94
1709904600000,1.09399,1.09812,1.09183,1.09721,20063.78
1709905500000,1.0972,1.09744,1.09543,1.09582,14640.4799
1709906400000,1.09582,1.09665,1.09506,1.09514,9717.9301
1709907300000,1.09513,1.09563,1.09448,1.0956,7354.94
1709908200000,1.0956,1.09624,1.09512,1.09586,6925.61
1709909100000,1.09588,1.0963,1.09549,1.09577,5686.0099
1709910000000,1.09577,1.09607,1.09511,1.09514,5246.22
1709910900000,1.09514,1.09526,1.09434,1.0952,6372.64
1709911800000,1.0952,1.09541,1.09491,1.09532,3879.2
1709912700000,1.09531,1.09619,1.09491,1.09609,3190.94
1709913600000,1.09609,1.09613,1.09486,1.09497,5490.5099
1709914500000,1.09497,1.09502,1.09425,1.09425,3877.39
1709915400000,1.09425,1.09469,1.09402,1.09409,4962.65
1709916300000,1.09408,1.09425,1.09373,1.09402,5828.09
1709917200000,1.09404,1.09457,1.09403,1.09432,4688.2501
1709918100000,1.09433,1.09445,1.09374,1.09441,3442.01
1709919000000,1.09442,1.09449,1.09369,1.09378,3831.81
1709919900000,1.09377,1.09399,1.09373,1.09393,2755.44
1709920800000,1.09392,1.094,1.09338,1.09344,3115.05
1709921700000,1.09345,1.09381,1.09343,1.0935,3135.75
1709922600000,1.09349,1.09372,1.09334,1.09357,3754.34
1709923500000,1.09357,1.0938,1.09351,1.09372,1932.91
1709924400000,1.09371,1.09389,1.09344,1.09362,2210.46
1709925300000,1.09363,1.09401,1.09357,1.09393,2375.26
1709926200000,1.09392,1.09413,1.09388,1.09409,1508.38
1709927100000,1.09408,1.0942,1.0939,1.09416,1719.68
1709928000000,1.09417,1.09438,1.0938,1.09384,2029.92
1709928900000,1.09384,1.094,1.09353,1.09354,2055.52
1709929800000,1.09354,1.09366,1.09345,1.09352,1299.44
1709930700000,1.09353,1.09372,1.0935,1.09361,1611.6
1709931600000,1.09361,1.09393,1.09358,1.09371,1499.86
1709932500000,1.09369,1.09377,1.09354,1.09363,995.95
1709933400000,1.09365,1.09369,1.09353,1.09361,1287.88
1709934300000,1.0936,1.09407,1.09348,1.09348,2647.89
1709935200000,1.09348,1.09348,1.09348,1.09348,0
1709936100000,1.09348,1.09348,1.09348,1.09348,0
1709937000000,1.09348,1.09348,1.09348,1.09348,0
1709937900000,1.09348,1.09348,1.09348,1.09348,0
1709938800000,1.09348,1.09348,1.09348,1.09348,0
1709939700000,1.09348,1.09348,1.09348,1.09348,0
1709940600000,1.09348,1.09348,1.09348,1.09348,0
1709941500000,1.09348,1.09348,1.09348,1.09348,0
1709942400000,1.09348,1.09348,1.09348,1.09348,0
1709943300000,1.09348,1.09348,1.09348,1.09348,0
1709944200000,1.09348,1.09348,1.09348,1.09348,0
1709945100000,1.09348,1.09348,1.09348,1.09348,0
1709946000000,1.09348,1.09348,1.09348,1.09348,0
1709946900000,1.09348,1.09348,1.09348,1.09348,0
1709947800000,1.09348,1.09348,1.09348,1.09348,0
1709948700000,1.09348,1.09348,1.09348,1.09348,0
1709949600000,1.09348,1.09348,1.09348,1.09348,0
1709950500000,1.09348,1.09348,1.09348,1.09348,0
1709951400000,1.09348,1.09348,1.09348,1.09348,0
1709952300000,1.09348,1.09348,1.09348,1.09348,0
1709953200000,1.09348,1.09348,1.09348,1.09348,0
1709954100000,1.09348,1.09348,1.09348,1.09348,0
1709955000000,1.09348,1.09348,1.09348,1.09348,0
1709955900000,1.09348,1.09348,1.09348,1.09348,0
1709956800000,1.09348,1.09348,1.09348,1.09348,0
1709957700000,1.09348,1.09348,1.09348,1.09348,0
1709958600000,1.09348,1.09348,1.09348,1.09348,0
1709959500000,1.09348,1.09348,1.09348,1.09348,0
1709960400000,1.09348,1.09348,1.09348,1.09348,0
1709961300000,1.09348,1.09348,1.09348,1.09348,0
1709962200000,1.09348,1.09348,1.09348,1.09348,0
1709963100000,1.09348,1.09348,1.09348,1.09348,0
1709964000000,1.09348,1.09348,1.09348,1.09348,0
1709964900000,1.09348,1.09348,1.09348,1.09348,0
1709965800000,1.09348,1.09348,1.09348,1.09348,0
1709966700000,1.09348,1.09348,1.09348,1.09348,0
1709967600000,1.09348,1.09348,1.09348,1.09348,0
1709968500000,1.09348,1.09348,1.09348,1.09348,0
1709969400000,1.09348,1.09348,1.09348,1.09348,0
1709970300000,1.09348,1.09348,1.09348,1.09348,0
1709971200000,1.09348,1.09348,1.09348,1.09348,0
1709972100000,1.09348,1.09348,1.09348,1.09348,0
1709973000000,1.09348,1.09348,1.09348,1.09348,0
1709973900000,1.09348,1.09348,1.09348,1.09348,0
1709974800000,1.09348,1.09348,1.09348,1.09348,0
1709975700000,1.09348,1.09348,1.09348,1.09348,0
1709976600000,1.09348,1.09348,1.09348,1.09348,0
1709977500000,1.09348,1.09348,1.09348,1.09348,0
1709978400000,1.09348,1.09348,1.09348,1.09348,0
1709979300000,1.09348,1.09348,1.09348,1.09348,0
1709980200000,1.09348,1.09348,1.09348,1.09348,0
1709981100000,1.09348,1.09348,1.09348,1.09348,0
1709982000000,1.09348,1.09348,1.09348,1.09348,0
1709982900000,1.09348,1.09348,1.09348,1.09348,0
1709983800000,1.09348,1.09348,1.09348,1.09348,0
1709984700000,1.09348,1.09348,1.09348,1.09348,0
1709985600000,1.09348,1.09348,1.09348,1.09348,0
1709986500000,1.09348,1.09348,1.09348,1.09348,0
1709987400000,1.09348,1.09348,1.09348,1.09348,0
1709988300000,1.09348,1.09348,1.09348,1.09348,0
1709989200000,1.09348,1.09348,1.09348,1.09348,0
1709990100000,1.09348,1.09348,1.09348,1.09348,0
1709991000000,1.09348,1.09348,1.09348,1.09348,0
1709991900000,1.09348,1.09348,1.09348,1.09348,0
1709992800000,1.09348,1.09348,1.09348,1.09348,0
1709993700000,1.09348,1.09348,1.09348,1.09348,0
1709994600000,1.09348,1.09348,1.09348,1.09348,0
1709995500000,1.09348,1.09348,1.09348,1.09348,0
1709996400000,1.09348,1.09348,1.09348,1.09348,0
1709997300000,1.09348,1.09348,1.09348,1.09348,0
1709998200000,1.09348,1.09348,1.09348,1.09348,0
1709999100000,1.09348,1.09348,1.09348,1.09348,0
1710000000000,1.09348,1.09348,1.09348,1.09348,0
1710000900000,1.09348,1.09348,1.09348,1.09348,0
1710001800000,1.09348,1.09348,1.09348,1.09348,0
1710002700000,1.09348,1.09348,1.09348,1.09348,0
1710003600000,1.09348,1.09348,1.09348,1.09348,0
1710004500000,1.09348,1.09348,1.09348,1.09348,0
1710005400000,1.09348,1.09348,1.09348,1.09348,0
1710006300000,1.09348,1.09348,1.09348,1.09348,0
1710007200000,1.09348,1.09348,1.09348,1.09348,0
1710008100000,1.09348,1.09348,1.09348,1.09348,0
1710009000000,1.09348,1.09348,1.09348,1.09348,0
1710009900000,1.09348,1.09348,1.09348,1.09348,0
1710010800000,1.09348,1.09348,1.09348,1.09348,0
1710011700000,1.09348,1.09348,1.09348,1.09348,0
1710012600000,1.09348,1.09348,1.09348,1.09348,0
1710013500000,1.09348,1.09348,1.09348,1.09348,0
1710014400000,1.09348,1.09348,1.09348,1.09348,0
1710015300000,1.09348,1.09348,1.09348,1.09348,0
1710016200000,1.09348,1.09348,1.09348,1.09348,0
1710017100000,1.09348,1.09348,1.09348,1.09348,0
1710018000000,1.09348,1.09348,1.09348,1.09348,0
1710018900000,1.09348,1.09348,1.09348,1.09348,0
1710019800000,1.09348,1.09348,1.09348,1.09348,0
1710020700000,1.09348,1.09348,1.09348,1.09348,0
1710021600000,1.09348,1.09348,1.09348,1.09348,0
1710022500000,1.09348,1.09348,1.09348,1.09348,0
1710023400000,1.09348,1.09348,1.09348,1.09348,0
1710024300000,1.09348,1.09348,1.09348,1.09348,0
1710025200000,1.09348,1.09348,1.09348,1.09348,0
1710026100000,1.09348,1.09348,1.09348,1.09348,0
1710027000000,1.09348,1.09348,1.09348,1.09348,0
1710027900000,1.09348,1.09348,1.09348,1.09348,0
1710028800000,1.09348,1.09348,1.09348,1.09348,0
1710029700000,1.09348,1.09348,1.09348,1.09348,0
1710030600000,1.09348,1.09348,1.09348,1.09348,0
1710031500000,1.09348,1.09348,1.09348,1.09348,0
1710032400000,1.09348,1.09348,1.09348,1.09348,0
1710033300000,1.09348,1.09348,1.09348,1.09348,0
1710034200000,1.09348,1.09348,1.09348,1.09348,0
1710035100000,1.09348,1.09348,1.09348,1.09348,0
1710036000000,1.09348,1.09348,1.09348,1.09348,0
1710036900000,1.09348,1.09348,1.09348,1.09348,0
1710037800000,1.09348,1.09348,1.09348,1.09348,0
1710038700000,1.09348,1.09348,1.09348,1.09348,0
1710039600000,1.09348,1.09348,1.09348,1.09348,0
1710040500000,1.09348,1.09348,1.09348,1.09348,0
1710041400000,1.09348,1.09348,1.09348,1.09348,0
1710042300000,1.09348,1.09348,1.09348,1.09348,0
1710043200000,1.09348,1.09348,1.09348,1.09348,0
1710044100000,1.09348,1.09348,1.09348,1.09348,0
1710045000000,1.09348,1.09348,1.09348,1.09348,0
1710045900000,1.09348,1.09348,1.09348,1.09348,0
1710046800000,1.09348,1.09348,1.09348,1.09348,0
1710047700000,1.09348,1.09348,1.09348,1.09348,0
1710048600000,1.09348,1.09348,1.09348,1.09348,0
1710049500000,1.09348,1.09348,1.09348,1.09348,0
1710050400000,1.09348,1.09348,1.09348,1.09348,0
1710051300000,1.09348,1.09348,1.09348,1.09348,0
1710052200000,1.09348,1.09348,1.09348,1.09348,0
1710053100000,1.09348,1.09348,1.09348,1.09348,0
1710054000000,1.09348,1.09348,1.09348,1.09348,0
1710054900000,1.09348,1.09348,1.09348,1.09348,0
1710055800000,1.09348,1.09348,1.09348,1.09348,0
1710056700000,1.09348,1.09348,1.09348,1.09348,0
1710057600000,1.09348,1.09348,1.09348,1.09348,0
1710058500000,1.09348,1.09348,1.09348,1.09348,0
1710059400000,1.09348,1.09348,1.09348,1.09348,0
1710060300000,1.09348,1.09348,1.09348,1.09348,0
1710061200000,1.09348,1.09348,1.09348,1.09348,0
1710062100000,1.09348,1.09348,1.09348,1.09348,0
1710063000000,1.09348,1.09348,1.09348,1.09348,0
1710063900000,1.09348,1.09348,1.09348,1.09348,0
1710064800000,1.09348,1.09348,1.09348,1.09348,0
1710065700000,1.09348,1.09348,1.09348,1.09348,0
1710066600000,1.09348,1.09348,1.09348,1.09348,0
1710067500000,1.09348,1.09348,1.09348,1.09348,0
1710068400000,1.09348,1.09348,1.09348,1.09348,0
1710069300000,1.09348,1.09348,1.09348,1.09348,0
1710070200000,1.09348,1.09348,1.09348,1.09348,0
1710071100000,1.09348,1.09348,1.09348,1.09348,0
1710072000000,1.09348,1.09348,1.09348,1.09348,0
1710072900000,1.09348,1.09348,1.09348,1.09348,0
1710073800000,1.09348,1.09348,1.09348,1.09348,0
1710074700000,1.09348,1.09348,1.09348,1.09348,0
1710075600000,1.09348,1.09348,1.09348,1.09348,0
1710076500000,1.09348,1.09348,1.09348,1.09348,0
1710077400000,1.09348,1.09348,1.09348,1.09348,0
1710078300000,1.09348,1.09348,1.09348,1.09348,0
1710079200000,1.09348,1.09348,1.09348,1.09348,0
1710080100000,1.09348,1.09348,1.09348,1.09348,0
1710081000000,1.09348,1.09348,1.09348,1.09348,0
1710081900000,1.09348,1.09348,1.09348,1.09348,0
1710082800000,1.09348,1.09348,1.09348,1.09348,0
1710083700000,1.09348,1.09348,1.09348,1.09348,0
1710084600000,1.09348,1.09348,1.09348,1.09348,0
1710085500000,1.09348,1.09348,1.09348,1.09348,0
1710086400000,1.09348,1.09348,1.09348,1.09348,0
1710087300000,1.09348,1.09348,1.09348,1.09348,0
1710088200000,1.09348,1.09348,1.09348,1.09348,0
1710089100000,1.09348,1.09348,1.09348,1.09348,0
1710090000000,1.09348,1.09348,1.09348,1.09348,0
1710090900000,1.09348,1.09348,1.09348,1.09348,0
1710091800000,1.09348,1.09348,1.09348,1.09348,0
1710092700000,1.09348,1.09348,1.09348,1.09348,0
1710093600000,1.09348,1.09348,1.09348,1.09348,0
1710094500000,1.09348,1.09348,1.09348,1.09348,0
1710095400000,1.09348,1.09348,1.09348,1.09348,0
1710096300000,1.09348,1.09348,1.09348,1.09348,0
1710097200000,1.09348,1.09348,1.09348,1.09348,0
1710098100000,1.09348,1.09348,1.09348,1.09348,0
1710099000000,1.09348,1.09348,1.09348,1.09348,0
1710099900000,1.09348,1.09348,1.09348,1.09348,0
1710100800000,1.09348,1.09348,1.09348,1.09348,0
1710101700000,1.09348,1.09348,1.09348,1.09348,0
1710102600000,1.09348,1.09348,1.09348,1.09348,0
1710103500000,1.09348,1.09348,1.09348,1.09348,0
1710104400000,1.09411,1.09411,1.09375,1.09392,160.23
1710105300000,1.09391,1.09406,1.0938,1.09381,235.38
1710106200000,1.09381,1.09385,1.0938,1.0938,542.57
1710107100000,1.0938,1.09393,1.09376,1.09393,86.85
1710108000000,1.09393,1.09406,1.09359,1.09359,342.72
1710108900000,1.09361,1.09387,1.09359,1.09386,253.35
1710109800000,1.09385,1.09389,1.09377,1.09379,508.07
1710110700000,1.0938,1.09391,1.09367,1.09375,752.52
1710111600000,1.09374,1.09396,1.09374,1.09391,2115.21
1710112500000,1.09391,1.09418,1.09389,1.09418,1475.08
1710113400000,1.0942,1.09424,1.09406,1.09419,1748.02
1710114300000,1.09419,1.09436,1.09406,1.09426,775.56
1710115200000,1.09427,1.09429,1.09381,1.09406,1467.43
1710116100000,1.09407,1.09426,1.09407,1.09414,1124.85
1710117000000,1.09414,1.09436,1.09413,1.09428,922.14
1710117900000,1.09429,1.09465,1.09415,1.09422,1197.17
1710118800000,1.09423,1.09453,1.0942,1.09443,1664.43
1710119700000,1.09444,1.09457,1.09422,1.09424,785.26
1710120600000,1.09425,1.09446,1.09423,1.09423,1339.65
1710121500000,1.09423,1.09431,1.0939,1.09405,1379.9
1710122400000,1.09405,1.09418,1.09373,1.09412,1452.12
1710123300000,1.09412,1.09415,1.09398,1.09402,757.23
1710124200000,1.09401,1.09407,1.09384,1.09392,1317.11
1710125100000,1.09393,1.09401,1.09382,1.09388,971.58
1710126000000,1.09388,1.094,1.09379,1.094,893.58
1710126900000,1.094,1.09429,1.094,1.09427,1131.45
1710127800000,1.09427,1.0944,1.09413,1.09437,539.41
1710128700000,1.09436,1.09443,1.09411,1.09412,644.56
1710129600000,1.09411,1.09413,1.09396,1.09403,830.05
1710130500000,1.09404,1.09415,1.09395,1.09396,522.57
1710131400000,1.09395,1.09395,1.09374,1.09382,558.43
1710132300000,1.09381,1.09387,1.09369,1.09386,633.06
1710133200000,1.09386,1.0941,1.09386,1.09404,626.97
1710134100000,1.09403,1.09412,1.09399,1.09408,1063.11
1710135000000,1.0941,1.0942,1.09402,1.09416,414.52
1710135900000,1.09415,1.09419,1.09391,1.09413,842.54
1710136800000,1.09411,1.09417,1.09383,1.09383,1050.18
1710137700000,1.09381,1.09393,1.09377,1.09377,521.32
1710138600000,1.09377,1.09393,1.09353,1.09388,963.42
1710139500000,1.09388,1.09437,1.09383,1.0942,1041.95
1710140400000,1.09421,1.09453,1.09419,1.09434,1570.01
1710141300000,1.09434,1.09468,1.094,1.09468,1517.49
1710142200000,1.09467,1.09473,1.0939,1.09393,1877.6
1710143100000,1.09393,1.09447,1.0937,1.09421,2140.59
1710144000000,1.09419,1.09448,1.09385,1.09447,3029.34
1710144900000,1.09446,1.0948,1.09411,1.09432,2593.59
1710145800000,1.09431,1.0944,1.09395,1.09423,2915.39
1710146700000,1.09423,1.09452,1.09413,1.09445,2860.86
1710147600000,1.09446,1.09448,1.09413,1.09424,2837.92
1710148500000,1.09423,1.09435,1.09404,1.09432,1339.11
1710149400000,1.09431,1.09431,1.09402,1.09407,1070.93
1710150300000,1.0941,1.09415,1.09339,1.09346,2038.81
1710151200000,1.09346,1.09378,1.09329,1.09373,1054.26
1710152100000,1.09372,1.09409,1.09367,1.09384,1194
1710153000000,1.09385,1.09409,1.09384,1.0939,1479.24
1710153900000,1.0939,1.09435,1.09385,1.09415,1535.62
1710154800000,1.09414,1.0942,1.09393,1.09394,1429.01
1710155700000,1.09395,1.09405,1.09377,1.09397,1311.31
1710156600000,1.09396,1.09428,1.09396,1.09422,1135.62
1710157500000,1.09422,1.09435,1.09413,1.09429,773.98
1710158400000,1.09427,1.09432,1.09402,1.09403,2766.98
1710159300000,1.09403,1.09416,1.09389,1.0939,5341.75
1710160200000,1.09389,1.09407,1.09354,1.09356,4133.2899
1710161100000,1.09358,1.0938,1.09293,1.09294,4834.66
1710162000000,1.09295,1.09316,1.09258,1.09263,3167.11
1710162900000,1.09262,1.0927,1.09238,1.09268,2209.87
1710163800000,1.09269,1.09285,1.09251,1.09267,3878.81
1710164700000,1.09268,1.09271,1.09177,1.09195,4499.89
1710165600000,1.09196,1.09208,1.09156,1.09177,4119.95
1710166500000,1.09178,1.09218,1.09178,1.09216,2557.56
1710167400000,1.09217,1.09223,1.09161,1.09198,3426.56
1710168300000,1.09197,1.09249,1.09183,1.09243,2401.73
1710169200000,1.09242,1.09245,1.09195,1.09196,4017.65
1710170100000,1.09196,1.09226,1.09192,1.09197,4173.15
1710171000000,1.09195,1.09197,1.09145,1.09152,5196.61
1710171900000,1.09152,1.09288,1.09145,1.09272,3972.75
1710172800000,1.09273,1.09278,1.09229,1.09263,3445.71
1710173700000,1.09264,1.0928,1.09264,1.0927,2170.53
1710174600000,1.0927,1.09275,1.09243,1.09261,3182.63
1710175500000,1.09262,1.09276,1.09249,1.0927,2606.08
1710176400000,1.09271,1.09301,1.09266,1.09281,3292.98
1710177300000,1.0928,1.09302,1.0927,1.09275,2345.5
1710178200000,1.09274,1.09289,1.09261,1.09265,2699.35
1710179100000,1.09266,1.09271,1.09245,1.09252,3316.2
1710180000000,1.09253,1.09261,1.09235,1.09241,2376.27
1710180900000,1.09242,1.09246,1.0923,1.0923,2412.62
1710181800000,1.09231,1.09232,1.09182,1.09213,3365.75
1710182700000,1.09213,1.09253,1.09205,1.09241,3279.85
1710183600000,1.09241,1.09253,1.09219,1.0924,2626.97
1710184500000,1.09239,1.0926,1.09233,1.09252,2039.17
1710185400000,1.0925,1.09263,1.0923,1.09258,1159.71
1710186300000,1.09258,1.09264,1.09237,1.09261,2210.56
1710187200000,1.09262,1.09266,1.09255,1.09266,423
1710188100000,1.09266,1.09273,1.09261,1.09262,315
1710189000000,1.09262,1.09267,1.09255,1.09261,318.69
1710189900000,1.09261,1.09269,1.0925,1.0925,919.53
1710190800000,1.09252,1.09271,1.09195,1.09242,769.82
1710191700000,1.09244,1.09268,1.09244,1.0925,746.14
1710192600000,1.09251,1.09262,1.09249,1.09254,3468.6
1710193500000,1.09255,1.09265,1.09252,1.09258,1798.29
1710194400000,1.0926,1.0926,1.09241,1.09258,338.3
1710195300000,1.09257,1.09271,1.09257,1.09264,282.3
1710196200000,1.09265,1.09265,1.09251,1.09255,339.72
1710197100000,1.09253,1.09257,1.09245,1.0925,628.38
1710198000000,1.09249,1.09268,1.09249,1.09266,445.11
1710198900000,1.09266,1.09282,1.09261,1.09278,350.61
1710199800000,1.09278,1.09295,1.09278,1.09279,526.02
1710200700000,1.09279,1.09309,1.09277,1.09304,514.44
1710201600000,1.09306,1.09321,1.09295,1.09313,1682.93
1710202500000,1.09312,1.09322,1.09311,1.0932,538.08
1710203400000,1.09321,1.09321,1.09295,1.09305,1153.43
1710204300000,1.09304,1.09304,1.09284,1.09286,1496.9
1710205200000,1.09286,1.09302,1.09269,1.09271,1013.72
1710206100000,1.0927,1.09296,1.09267,1.09293,1232.64
1710207000000,1.09292,1.0931,1.0928,1.0931,1894.17
1710207900000,1.0931,1.09343,1.09308,1.09337,1277.39
1710208800000,1.09337,1.09343,1.09309,1.09311,1393.96
1710209700000,1.09311,1.09342,1.09302,1.09334,1907.59
1710210600000,1.09333,1.09358,1.09332,1.0934,1351.63
1710211500000,1.09339,1.09363,1.09337,1.09362,1412.31
1710212400000,1.09362,1.09374,1.0934,1.09347,924.16
1710213300000,1.09348,1.09373,1.09348,1.09367,959.48
1710214200000,1.09368,1.09381,1.09366,1.09372,821.71
1710215100000,1.09372,1.09373,1.09356,1.09363,334.27
1710216000000,1.09362,1.09374,1.09347,1.09368,1544.66
1710216900000,1.09368,1.09381,1.09359,1.09381,828.24
1710217800000,1.0938,1.09381,1.09347,1.09352,789.58
1710218700000,1.09351,1.09371,1.09346,1.09368,1142.46
1710219600000,1.09369,1.09388,1.09369,1.09385,1130.32
1710220500000,1.09386,1.09387,1.09366,1.0937,1504.81
1710221400000,1.09371,1.09382,1.09368,1.09373,1247.43
1710222300000,1.09375,1.09391,1.09366,1.09383,1889.32
1710223200000,1.09383,1.09386,1.09354,1.0936,1729.35
1710224100000,1.09361,1.0938,1.09342,1.09367,1678.74
1710225000000,1.09367,1.09391,1.0936,1.09377,1198.09
1710225900000,1.09376,1.09389,1.09367,1.09379,1067.99
1710226800000,1.09379,1.09385,1.09339,1.09371,2775.14
1710227700000,1.0937,1.09374,1.09334,1.09352,2195.75
1710228600000,1.09351,1.09393,1.09332,1.09336,2096.22
1710229500000,1.09334,1.0935,1.09315,1.09319,1709.68
1710230400000,1.09318,1.09334,1.09303,1.09305,3205.24
1710231300000,1.09306,1.09307,1.0926,1.09262,3614.02
1710232200000,1.09262,1.09265,1.09229,1.09238,3027.15
1710233100000,1.09238,1.09254,1.09212,1.09248,2292.82
1710234000000,1.09247,1.09273,1.09232,1.09243,2466.43
1710234900000,1.09242,1.0927,1.09231,1.09267,1964.63
1710235800000,1.09267,1.0932,1.09263,1.09315,1133.83
1710236700000,1.09316,1.09334,1.09286,1.09303,1928.9
1710237600000,1.09302,1.0932,1.09266,1.09318,2852.84
1710238500000,1.09318,1.09328,1.09302,1.09312,2037.8
1710239400000,1.09312,1.09343,1.09306,1.0933,1400.71
1710240300000,1.09331,1.09343,1.09326,1.09339,1513.95
1710241200000,1.0934,1.09349,1.09327,1.09338,1303.7
1710242100000,1.09339,1.09348,1.09326,1.09346,2041
1710243000000,1.09345,1.09353,1.0933,1.0935,2842.25
1710243900000,1.0935,1.0935,1.09318,1.09335,2419.23
1710244800000,1.09334,1.0936,1.09329,1.09349,2271.39
1710245700000,1.09349,1.09365,1.09332,1.09351,3204.3699
1710246600000,1.09352,1.09438,1.09026,1.09394,25197.8098
1710247500000,1.09393,1.09419,1.09184,1.09201,14051.1301
1710248400000,1.092,1.0923,1.09084,1.09156,15791.97
1710249300000,1.09155,1.09182,1.091,1.0915,9709.97
1710250200000,1.0915,1.0915,1.09023,1.09061,11371.6601
1710251100000,1.09061,1.09134,1.09023,1.09107,7693.2099
1710252000000,1.09109,1.09142,1.09063,1.09092,6498.67
1710252900000,1.09091,1.09165,1.09088,1.09145,6205.13
1710253800000,1.09143,1.09156,1.09107,1.09107,4632.98
1710254700000,1.09108,1.09194,1.09094,1.0917,4808.0799
1710255600000,1.09171,1.09177,1.09107,1.09135,4760.7899
1710256500000,1.09137,1.09147,1.09074,1.09099,2829.82
1710257400000,1.09099,1.09142,1.09099,1.09116,3417.05
1710258300000,1.09116,1.09185,1.09115,1.09176,5081.1
1710259200000,1.09176,1.0919,1.09154,1.09183,2678.95
1710260100000,1.09182,1.0919,1.09167,1.09168,1963.52
1710261000000,1.09168,1.09189,1.09161,1.09167,3891.1301
1710261900000,1.09167,1.09183,1.09136,1.09176,5754.74
1710262800000,1.09176,1.09197,1.09127,1.09152,4352.07
1710263700000,1.09151,1.09194,1.09141,1.09173,1918.09
1710264600000,1.09172,1.09202,1.09164,1.092,2455.13
1710265500000,1.09201,1.09208,1.0918,1.09192,1454.18
1710266400000,1.09192,1.09216,1.09185,1.092,2211.79
1710267300000,1.092,1.09208,1.09185,1.09206,2182.69
1710268200000,1.09208,1.09231,1.09201,1.09202,2469.44
1710269100000,1.09202,1.09246,1.092,1.0924,1719.77
1710270000000,1.0924,1.09241,1.09216,1.09224,1933.58
1710270900000,1.09224,1.09236,1.0921,1.0923,1012.02
1710271800000,1.09228,1.09243,1.09215,1.09234,1367.6
1710272700000,1.09233,1.09259,1.09233,1.09257,1362.03
1710273600000,1.09257,1.09266,1.09252,1.0926,636.98
1710274500000,1.0926,1.09262,1.0925,1.09257,275.51
1710275400000,1.09258,1.09272,1.09256,1.09271,663.61
1710276300000,1.09272,1.09273,1.09257,1.09257,833.86
1710277200000,1.09257,1.09274,1.09252,1.09263,208.74
1710278100000,1.09262,1.09274,1.09252,1.09253,1628.67
1710279000000,1.09254,1.09268,1.09254,1.09261,7449.4501
1710279900000,1.0926,1.09265,1.09255,1.09258,4146.75
1710280800000,1.09258,1.09276,1.09258,1.09272,256.15
1710281700000,1.09271,1.09275,1.09269,1.09274,169.22
1710282600000,1.09275,1.09275,1.09267,1.0927,482.04
1710283500000,1.09268,1.09287,1.09267,1.09274,880.38
1710284400000,1.09274,1.09286,1.09269,1.0928,796.59
1710285300000,1.09281,1.09289,1.09273,1.09274,659.37
1710286200000,1.09275,1.09284,1.09269,1.0927,827.57
1710287100000,1.09272,1.0928,1.09264,1.09267,1049.79
1710288000000,1.09268,1.09286,1.09263,1.0927,1774.83
1710288900000,1.0927,1.09294,1.09268,1.09294,1356.23
1710289800000,1.09293,1.09295,1.09263,1.09274,1201.01
1710290700000,1.09274,1.09285,1.09257,1.09268,4003.12
1710291600000,1.09269,1.09288,1.09252,1.09254,4704.6901
1710292500000,1.09253,1.09263,1.09247,1.09253,3951.41
1710293400000,1.09254,1.09266,1.09245,1.09247,1824.2
1710294300000,1.09246,1.09252,1.09233,1.09238,2867.83
1710295200000,1.09238,1.0926,1.09234,1.09258,2884.94
1710296100000,1.09259,1.09265,1.09246,1.09248,1238.02
1710297000000,1.09248,1.0927,1.09245,1.09268,2373.58
1710297900000,1.09267,1.09275,1.09258,1.09269,2356.74
1710298800000,1.09269,1.09289,1.09253,1.09265,1339.26
1710299700000,1.09265,1.09302,1.0925,1.093,1850.08
1710300600000,1.09302,1.09306,1.09273,1.09273,1838.78
1710301500000,1.09273,1.09282,1.09262,1.09278,2537.07
1710302400000,1.09278,1.09281,1.09263,1.09275,2305.79
1710303300000,1.09274,1.09281,1.09265,1.09265,2377.79
1710304200000,1.09265,1.09265,1.09244,1.09251,2225.25
1710305100000,1.0925,1.09256,1.0922,1.09234,2545.67
1710306000000,1.09233,1.09248,1.09228,1.09243,2035.37
1710306900000,1.09243,1.09265,1.09233,1.09256,663.92
1710307800000,1.09256,1.09285,1.09254,1.09281,970.51
1710308700000,1.09279,1.09289,1.09253,1.09286,1721.01
1710309600000,1.09286,1.09292,1.09276,1.09285,1604.69
1710310500000,1.09285,1.09291,1.09258,1.09273,1280.9
1710311400000,1.0927,1.09289,1.09253,1.0926,2111.13
1710312300000,1.09261,1.09284,1.09259,1.0928,1823.03
1710313200000,1.09279,1.09314,1.09272,1.09304,1905.32
1710314100000,1.09304,1.09318,1.09207,1.09225,1895.88
1710315000000,1.09225,1.09249,1.09216,1.09247,1737.17
1710315900000,1.09247,1.09273,1.09243,1.09267,2215.17
1710316800000,1.09267,1.0932,1.09261,1.09294,1985.42
1710317700000,1.09294,1.09308,1.09279,1.09299,2919.96
1710318600000,1.09299,1.09317,1.09279,1.09315,1868.41
1710319500000,1.09315,1.09327,1.09265,1.09275,2651.14
1710320400000,1.09274,1.0928,1.0923,1.09239,3380.46
1710321300000,1.0924,1.0925,1.09205,1.0921,3854.29
1710322200000,1.09209,1.09248,1.09201,1.0923,3134.1
1710323100000,1.09229,1.09257,1.09221,1.09232,2487.15
1710324000000,1.0923,1.09279,1.0922,1.09279,1766.07
1710324900000,1.09279,1.09306,1.09266,1.09305,2218.07
1710325800000,1.09305,1.09326,1.0928,1.09317,2149.83
1710326700000,1.09318,1.09332,1.0929,1.09305,1661.28
1710327600000,1.09304,1.09356,1.09301,1.09354,1692.59
1710328500000,1.09353,1.09394,1.09347,1.09387,1515.56
1710329400000,1.09389,1.09414,1.09376,1.09405,3218.89
1710330300000,1.09406,1.09457,1.09405,1.0942,2824.34
1710331200000,1.09421,1.0945,1.09396,1.09437,4931.69
1710332100000,1.09436,1.09473,1.09396,1.09396,3782.52
1710333000000,1.09396,1.094,1.09365,1.09399,6215.59
1710333900000,1.09399,1.09407,1.09336,1.09366,5227.85
1710334800000,1.09366,1.09409,1.09363,1.09394,3432.65
1710335700000,1.09394,1.094,1.0937,1.09376,2658.66
1710336600000,1.09378,1.09418,1.09359,1.09367,4161.89
1710337500000,1.09366,1.09419,1.09362,1.09371,3908.9
1710338400000,1.09372,1.0939,1.09313,1.09351,4786.22
1710339300000,1.09354,1.09401,1.09349,1.09386,2848.79
1710340200000,1.09384,1.09443,1.09363,1.09428,3033.12
1710341100000,1.0943,1.09442,1.09389,1.09419,3128.78
1710342000000,1.0942,1.09449,1.09406,1.09424,2995.63
1710342900000,1.09423,1.09471,1.09423,1.09462,2526.55
1710343800000,1.0946,1.09462,1.0938,1.09385,3682.09
1710344700000,1.09384,1.0945,1.0938,1.09435,3118.82
1710345600000,1.09434,1.09442,1.094,1.09431,2460.92
1710346500000,1.09431,1.09461,1.09421,1.09444,4141.99
1710347400000,1.09444,1.09454,1.09419,1.09429,2779.29
1710348300000,1.09429,1.09493,1.09429,1.0949,3088.34
1710349200000,1.0949,1.09638,1.09486,1.096,7911.73
1710350100000,1.09599,1.09605,1.09563,1.09574,4149.15
1710351000000,1.09573,1.09611,1.09569,1.09585,2358.04
1710351900000,1.09584,1.09592,1.09565,1.09571,1041.19
1710352800000,1.0957,1.09584,1.09548,1.09551,2444.22
1710353700000,1.0955,1.09569,1.09535,1.09541,2133.41
1710354600000,1.09542,1.09555,1.09539,1.09546,2593.66
1710355500000,1.09547,1.09547,1.09503,1.09509,1860
1710356400000,1.09508,1.09517,1.09498,1.09499,2005.76
1710357300000,1.09499,1.09502,1.09464,1.09481,2800.96
1710358200000,1.0948,1.09482,1.09463,1.0947,2630.58
1710359100000,1.09467,1.09474,1.09456,1.09472,1870.06
1710360000000,1.09472,1.09491,1.09471,1.09482,560.16
1710360900000,1.09481,1.09491,1.09474,1.09479,461.07
1710361800000,1.0948,1.09486,1.09472,1.09475,437.51
1710362700000,1.09475,1.09486,1.0947,1.09471,1106.29
1710363600000,1.0947,1.09522,1.0947,1.0949,1542.35
1710364500000,1.0949,1.09496,1.09477,1.09488,2643.82
1710365400000,1.09487,1.09504,1.09478,1.09489,2541.22
1710366300000,1.09489,1.09496,1.09479,1.09489,619.65
1710367200000,1.09488,1.0951,1.09488,1.095,904.94
1710368100000,1.095,1.09508,1.09496,1.09503,309.59
1710369000000,1.09503,1.0951,1.09502,1.09503,299.34
1710369900000,1.09503,1.09504,1.09488,1.09488,253.74
1710370800000,1.0949,1.09507,1.0949,1.09498,894.14
1710371700000,1.09498,1.09519,1.09497,1.09518,247.27
1710372600000,1.09518,1.09529,1.09518,1.09523,161.97
1710373500000,1.09523,1.0953,1.09507,1.0953,572.64
1710374400000,1.09529,1.09547,1.09485,1.09488,1695.02
1710375300000,1.09491,1.09497,1.09482,1.09491,650.12
1710376200000,1.09491,1.09492,1.0946,1.09463,730.34
1710377100000,1.09463,1.09499,1.0946,1.09487,2561.8
1710378000000,1.09489,1.09527,1.09461,1.09463,2426.82
1710378900000,1.09462,1.09479,1.09461,1.09477,1593.96
1710379800000,1.09478,1.09482,1.09452,1.09457,1480.91
1710380700000,1.09456,1.09492,1.09452,1.09488,1156.38
1710381600000,1.09488,1.09498,1.09458,1.09458,1161.95
1710382500000,1.09457,1.0946,1.09449,1.09453,836.17
1710383400000,1.09454,1.09466,1.09448,1.09448,698.9
1710384300000,1.09449,1.09453,1.0943,1.09437,842.5
1710385200000,1.09438,1.09452,1.09437,1.09447,1431.4
1710386100000,1.09448,1.09452,1.09429,1.09432,1154.34
1710387000000,1.09432,1.09435,1.09413,1.09418,1036.62
1710387900000,1.09418,1.09434,1.09413,1.09422,734.12
1710388800000,1.09421,1.09422,1.09402,1.09403,1178.41
1710389700000,1.09403,1.09416,1.094,1.09407,1327.69
1710390600000,1.09408,1.09419,1.09389,1.09413,1165.35
1710391500000,1.09412,1.09427,1.09407,1.09424,1021.42
1710392400000,1.09424,1.0943,1.09409,1.0942,1276.94
1710393300000,1.0942,1.09424,1.09405,1.09413,1544.49
1710394200000,1.09411,1.09422,1.09408,1.09408,1183.06
1710395100000,1.09408,1.09408,1.09391,1.09395,1635.79
1710396000000,1.09396,1.09404,1.09391,1.09399,1700.58
1710396900000,1.09401,1.09419,1.09396,1.09404,1089.28
1710397800000,1.09404,1.09409,1.09384,1.09387,1700.7
1710398700000,1.09386,1.09391,1.0937,1.09377,1854.28
1710399600000,1.09377,1.09413,1.09375,1.094,1980.12
1710400500000,1.09402,1.09428,1.09393,1.09418,1647.21
1710401400000,1.09417,1.0942,1.09317,1.09334,5559.04
1710402300000,1.09334,1.09375,1.09332,1.09352,3719.55
1710403200000,1.09352,1.09387,1.09351,1.09376,4729.26
1710404100000,1.09375,1.09439,1.09353,1.09424,3071.61
1710405000000,1.09423,1.09424,1.09376,1.09387,2550.86
1710405900000,1.09388,1.09399,1.09359,1.09378,2751.9
1710406800000,1.09377,1.09433,1.09369,1.09414,2386.19
1710407700000,1.09413,1.09414,1.09382,1.09403,2118.49
1710408600000,1.09403,1.09442,1.09395,1.09437,2022.01
1710409500000,1.09437,1.09443,1.09379,1.09413,2580.88
1710410400000,1.09412,1.09444,1.0938,1.09441,2136.03
1710411300000,1.09442,1.09454,1.09403,1.09403,1691.53
1710412200000,1.09402,1.0941,1.09377,1.09385,2606.43
1710413100000,1.09385,1.09418,1.09379,1.09395,2499.44
1710414000000,1.09394,1.09418,1.09375,1.09417,2494.84
1710414900000,1.09417,1.09434,1.09402,1.09412,1517.52
1710415800000,1.09412,1.0943,1.09404,1.09419,1037.73
1710416700000,1.09419,1.09429,1.09387,1.09414,1665.87
1710417600000,1.09415,1.09427,1.09387,1.09408,2933.83
1710418500000,1.09408,1.09411,1.09314,1.09342,3226.17
1710419400000,1.09346,1.09447,1.09242,1.09418,12344.19
1710420300000,1.09417,1.09422,1.09275,1.09298,10381.76
1710421200000,1.09297,1.09312,1.09239,1.09275,7819.0201
1710422100000,1.09277,1.09292,1.09192,1.09192,9605.85
1710423000000,1.09193,1.09205,1.09157,1.09173,7594.01
1710423900000,1.09173,1.09184,1.09088,1.09118,8351.4801
1710424800000,1.09119,1.0914,1.09073,1.0909,4810.7299
1710425700000,1.09092,1.09094,1.0901,1.09045,5383.7301
1710426600000,1.09045,1.09077,1.09003,1.0902,3942.32
1710427500000,1.0902,1.09032,1.08959,1.08978,6598.58
1710428400000,1.08977,1.08994,1.08881,1.08899,4584.6
1710429300000,1.089,1.0891,1.08829,1.08855,4105.21
1710430200000,1.08855,1.08889,1.0883,1.08844,4054.53
1710431100000,1.08843,1.08887,1.08843,1.08876,4312.63
1710432000000,1.08876,1.08916,1.08846,1.08884,3845.83
1710432900000,1.08885,1.08926,1.0886,1.08911,2714.07
1710433800000,1.0891,1.08925,1.08874,1.0888,2638.34
1710434700000,1.0888,1.08908,1.08851,1.0887,3461.07
1710435600000,1.0887,1.08889,1.08851,1.08864,2837.3
1710436500000,1.08863,1.08868,1.08845,1.08848,2001.34
1710437400000,1.08848,1.08853,1.0881,1.08848,2206.98
1710438300000,1.08849,1.08886,1.08844,1.08864,1842.25
1710439200000,1.08864,1.08897,1.08863,1.08887,1890.99
1710440100000,1.08887,1.08899,1.08848,1.08849,2404.04
1710441000000,1.08849,1.08881,1.08837,1.08881,2188.1
1710441900000,1.08879,1.08893,1.08841,1.08851,2802.57
1710442800000,1.0885,1.08863,1.08828,1.0883,3023.46
1710443700000,1.0883,1.08834,1.08812,1.08826,1558.43
1710444600000,1.08826,1.08827,1.08806,1.08825,2387.14
1710445500000,1.08824,1.08911,1.0882,1.0891,1987.39
1710446400000,1.0891,1.08918,1.08867,1.08867,1439.92
1710447300000,1.08868,1.08868,1.08836,1.08854,792.73
1710448200000,1.08853,1.08861,1.08847,1.08848,495.14
1710449100000,1.08847,1.08856,1.08825,1.08825,807.3
1710450000000,1.08825,1.08845,1.08819,1.08844,802.64
1710450900000,1.08843,1.08848,1.08825,1.08839,5333.16
1710451800000,1.08839,1.08843,1.08817,1.08838,7979.41
1710452700000,1.0884,1.08853,1.08836,1.0885,1369.44
1710453600000,1.08851,1.08859,1.08836,1.0885,411.68
1710454500000,1.0885,1.08853,1.08846,1.08849,139.95
1710455400000,1.08849,1.08855,1.08848,1.0885,408.51
1710456300000,1.0885,1.0885,1.08831,1.08839,529.47
1710457200000,1.0884,1.08844,1.0883,1.08834,1107
1710458100000,1.08833,1.08848,1.08833,1.08839,378.45
1710459000000,1.0884,1.08849,1.08825,1.08829,811.37
1710459900000,1.08828,1.08835,1.08825,1.08827,627.03
1710460800000,1.08828,1.08845,1.08782,1.08783,2730.14
1710461700000,1.08784,1.08799,1.08768,1.08769,1369.03
1710462600000,1.08769,1.08791,1.08769,1.08779,1619.5
1710463500000,1.08779,1.08814,1.0876,1.08779,2663.73
1710464400000,1.08778,1.08788,1.08767,1.08773,1581.1
1710465300000,1.08771,1.08783,1.08755,1.08772,1494.17
1710466200000,1.08772,1.08783,1.08761,1.08779,1186.96
1710467100000,1.08779,1.08801,1.08765,1.08769,1371.48
1710468000000,1.08769,1.08769,1.08751,1.08752,1035.18
1710468900000,1.08753,1.08766,1.08747,1.08751,914.59
1710469800000,1.08752,1.08758,1.0873,1.08737,814.86
1710470700000,1.08737,1.08751,1.08731,1.08732,1643.68
1710471600000,1.08731,1.08753,1.08731,1.08749,492.74
1710472500000,1.08748,1.08768,1.08741,1.08763,1419.66
1710473400000,1.08764,1.08781,1.08762,1.08775,729.05
1710474300000,1.08774,1.08776,1.08766,1.08769,721.92
1710475200000,1.08768,1.08772,1.0876,1.08768,1137.4
1710476100000,1.08768,1.08769,1.08754,1.08761,1084.33
1710477000000,1.0876,1.08762,1.08756,1.08761,777.78
1710477900000,1.08762,1.08767,1.08748,1.08763,1206.25
1710478800000,1.08763,1.08772,1.0875,1.08753,1040.47
1710479700000,1.08754,1.08759,1.08743,1.08743,484.14
1710480600000,1.08743,1.08745,1.08733,1.08734,538.68
1710481500000,1.08733,1.0877,1.08732,1.08768,1751.62
1710482400000,1.08769,1.08776,1.08754,1.08772,1494.38
1710483300000,1.08773,1.08788,1.08769,1.08782,1178.25
1710484200000,1.08782,1.08783,1.0876,1.0877,1533
1710485100000,1.08774,1.08806,1.08767,1.08797,2300.94
1710486000000,1.08797,1.08817,1.08785,1.08804,1526.39
1710486900000,1.08804,1.08822,1.08794,1.08816,1089.39
1710487800000,1.08815,1.08836,1.08809,1.08816,2381.47
1710488700000,1.08819,1.08847,1.08787,1.08808,2817.67
1710489600000,1.08807,1.08825,1.08781,1.08797,3684.64
1710490500000,1.08797,1.08841,1.0878,1.08841,2309.28
1710491400000,1.0884,1.08869,1.08819,1.08851,2310.98
1710492300000,1.08851,1.08851,1.08823,1.08828,2731.76
1710493200000,1.08827,1.08881,1.08825,1.08864,3235.8
1710494100000,1.08864,1.08893,1.08852,1.0888,1860.02
1710495000000,1.08879,1.08901,1.08869,1.08893,1976.05
1710495900000,1.08893,1.08995,1.08891,1.0898,2598.47
1710496800000,1.0898,1.08996,1.08963,1.08964,2897.16
1710497700000,1.08963,1.08964,1.08933,1.08943,3146.43
1710498600000,1.08942,1.08948,1.08898,1.08899,1992.36
1710499500000,1.08899,1.08918,1.08891,1.08911,981.31
1710500400000,1.08909,1.08911,1.08883,1.08888,1025.22
1710501300000,1.08888,1.08892,1.08869,1.08878,1189.81
1710502200000,1.08878,1.08949,1.08872,1.08948,1738.04
1710503100000,1.08948,1.08963,1.08933,1.08935,1812.61
1710504000000,1.08935,1.0894,1.08891,1.08918,3580.54
1710504900000,1.08919,1.08936,1.08893,1.08894,2853.55
1710505800000,1.08894,1.08942,1.08857,1.08857,6478.1701
1710506700000,1.08859,1.089,1.08843,1.08873,4203.19
1710507600000,1.08872,1.08939,1.08872,1.08932,3395.22
1710508500000,1.08931,1.08948,1.08841,1.08843,4060.08
1710509400000,1.08843,1.08914,1.08832,1.08866,5256.1
1710510300000,1.08867,1.08899,1.08844,1.0886,4568.81
1710511200000,1.0886,1.08926,1.08842,1.08917,6374.12
1710512100000,1.08918,1.08943,1.08871,1.0888,3830.42
1710513000000,1.08879,1.08923,1.08875,1.08881,4353.75
1710513900000,1.08882,1.08914,1.08864,1.08878,4948.5499
1710514800000,1.0888,1.08889,1.08857,1.08865,3169.99
1710515700000,1.08865,1.08885,1.08841,1.08871,2325.76
1710516600000,1.0887,1.08878,1.08846,1.08859,2328.18
1710517500000,1.08857,1.08883,1.08814,1.08876,3655.77
1710518400000,1.08876,1.08885,1.08836,1.08879,2410.55
1710519300000,1.08879,1.08894,1.08869,1.08884,2495.45
1710520200000,1.08883,1.08897,1.0886,1.08869,3005.61
1710521100000,1.0887,1.089,1.08856,1.08858,2686.43
1710522000000,1.08859,1.08878,1.08847,1.08848,2439.21
1710522900000,1.08848,1.08878,1.08838,1.0885,1967.99
1710523800000,1.0885,1.08859,1.08836,1.08844,1762.29
1710524700000,1.08844,1.08856,1.08834,1.08837,1852.69
1710525600000,1.08836,1.08873,1.08836,1.08852,2098.9
1710526500000,1.08852,1.08868,1.08848,1.08863,1452.83
1710527400000,1.08864,1.08908,1.08862,1.08896,1526.92
1710528300000,1.08896,1.0891,1.08876,1.08903,1270.91
1710529200000,1.08902,1.08911,1.08885,1.08907,1488.4
1710530100000,1.08909,1.08913,1.08895,1.08911,1255.6
1710531000000,1.08911,1.08911,1.08891,1.08893,1283.73
1710531900000,1.08895,1.08896,1.08869,1.08892,3510.52
1710532800000,1.08892,1.08897,1.08876,1.08881,2109.69
1710533700000,1.0888,1.0889,1.08869,1.08889,632.82
1710534600000,1.08891,1.08899,1.08885,1.08891,575.56
1710535500000,1.08892,1.08897,1.08861,1.08869,1895.34
1710536400000,1.08869,1.08869,1.08869,1.08869,0
1710537300000,1.08869,1.08869,1.08869,1.08869,0
1710538200000,1.08869,1.08869,1.08869,1.08869,0
1710539100000,1.08869,1.08869,1.08869,1.08869,0
1710540000000,1.08869,1.08869,1.08869,1.08869,0
1710540900000,1.08869,1.08869,1.08869,1.08869,0
1710541800000,1.08869,1.08869,1.08869,1.08869,0
1710542700000,1.08869,1.08869,1.08869,1.08869,0
1710543600000,1.08869,1.08869,1.08869,1.08869,0
1710544500000,1.08869,1.08869,1.08869,1.08869,0
1710545400000,1.08869,1.08869,1.08869,1.08869,0
1710546300000,1.08869,1.08869,1.08869,1.08869,0
1710547200000,1.08869,1.08869,1.08869,1.08869,0
1710548100000,1.08869,1.08869,1.08869,1.08869,0
1710549000000,1.08869,1.08869,1.08869,1.08869,0
1710549900000,1.08869,1.08869,1.08869,1.08869,0
1710550800000,1.08869,1.08869,1.08869,1.08869,0
1710551700000,1.08869,1.08869,1.08869,1.08869,0
1710552600000,1.08869,1.08869,1.08869,1.08869,0
1710553500000,1.08869,1.08869,1.08869,1.08869,0
1710554400000,1.08869,1.08869,1.08869,1.08869,0
1710555300000,1.08869,1.08869,1.08869,1.08869,0
1710556200000,1.08869,1.08869,1.08869,1.08869,0
1710557100000,1.08869,1.08869,1.08869,1.08869,0
1710558000000,1.08869,1.08869,1.08869,1.08869,0
1710558900000,1.08869,1.08869,1.08869,1.08869,0
1710559800000,1.08869,1.08869,1.08869,1.08869,0
1710560700000,1.08869,1.08869,1.08869,1.08869,0
1710561600000,1.08869,1.08869,1.08869,1.08869,0
1710562500000,1.08869,1.08869,1.08869,1.08869,0
1710563400000,1.08869,1.08869,1.08869,1.08869,0
1710564300000,1.08869,1.08869,1.08869,1.08869,0
1710565200000,1.08869,1.08869,1.08869,1.08869,0
1710566100000,1.08869,1.08869,1.08869,1.08869,0
1710567000000,1.08869,1.08869,1.08869,1.08869,0
1710567900000,1.08869,1.08869,1.08869,1.08869,0
1710568800000,1.08869,1.08869,1.08869,1.08869,0
1710569700000,1.08869,1.08869,1.08869,1.08869,0
1710570600000,1.08869,1.08869,1.08869,1.08869,0
1710571500000,1.08869,1.08869,1.08869,1.08869,0
1710572400000,1.08869,1.08869,1.08869,1.08869,0
1710573300000,1.08869,1.08869,1.08869,1.08869,0
1710574200000,1.08869,1.08869,1.08869,1.08869,0
1710575100000,1.08869,1.08869,1.08869,1.08869,0
1710576000000,1.08869,1.08869,1.08869,1.08869,0
1710576900000,1.08869,1.08869,1.08869,1.08869,0
1710577800000,1.08869,1.08869,1.08869,1.08869,0
1710578700000,1.08869,1.08869,1.08869,1.08869,0
1710579600000,1.08869,1.08869,1.08869,1.08869,0
1710580500000,1.08869,1.08869,1.08869,1.08869,0
1710581400000,1.08869,1.08869,1.08869,1.08869,0
1710582300000,1.08869,1.08869,1.08869,1.08869,0
1710583200000,1.08869,1.08869,1.08869,1.08869,0
1710584100000,1.08869,1.08869,1.08869,1.08869,0
1710585000000,1.08869,1.08869,1.08869,1.08869,0
1710585900000,1.08869,1.08869,1.08869,1.08869,0
1710586800000,1.08869,1.08869,1.08869,1.08869,0
1710587700000,1.08869,1.08869,1.08869,1.08869,0
1710588600000,1.08869,1.08869,1.08869,1.08869,0
1710589500000,1.08869,1.08869,1.08869,1.08869,0
1710590400000,1.08869,1.08869,1.08869,1.08869,0
1710591300000,1.08869,1.08869,1.08869,1.08869,0
1710592200000,1.08869,1.08869,1.08869,1.08869,0
1710593100000,1.08869,1.08869,1.08869,1.08869,0
1710594000000,1.08869,1.08869,1.08869,1.08869,0
1710594900000,1.08869,1.08869,1.08869,1.08869,0
1710595800000,1.08869,1.08869,1.08869,1.08869,0
1710596700000,1.08869,1.08869,1.08869,1.08869,0
1710597600000,1.08869,1.08869,1.08869,1.08869,0
1710598500000,1.08869,1.08869,1.08869,1.08869,0
1710599400000,1.08869,1.08869,1.08869,1.08869,0
1710600300000,1.08869,1.08869,1.08869,1.08869,0
1710601200000,1.08869,1.08869,1.08869,1.08869,0
1710602100000,1.08869,1.08869,1.08869,1.08869,0
1710603000000,1.08869,1.08869,1.08869,1.08869,0
1710603900000,1.08869,1.08869,1.08869,1.08869,0
1710604800000,1.08869,1.08869,1.08869,1.08869,0
1710605700000,1.08869,1.08869,1.08869,1.08869,0
1710606600000,1.08869,1.08869,1.08869,1.08869,0
1710607500000,1.08869,1.08869,1.08869,1.08869,0
1710608400000,1.08869,1.08869,1.08869,1.08869,0
1710609300000,1.08869,1.08869,1.08869,1.08869,0
1710610200000,1.08869,1.08869,1.08869,1.08869,0
1710611100000,1.08869,1.08869,1.08869,1.08869,0
1710612000000,1.08869,1.08869,1.08869,1.08869,0
1710612900000,1.08869,1.08869,1.08869,1.08869,0
1710613800000,1.08869,1.08869,1.08869,1.08869,0
1710614700000,1.08869,1.08869,1.08869,1.08869,0
1710615600000,1.08869,1.08869,1.08869,1.08869,0
1710616500000,1.08869,1.08869,1.08869,1.08869,0
1710617400000,1.08869,1.08869,1.08869,1.08869,0
1710618300000,1.08869,1.08869,1.08869,1.08869,0
1710619200000,1.08869,1.08869,1.08869,1.08869,0
1710620100000,1.08869,1.08869,1.08869,1.08869,0
1710621000000,1.08869,1.08869,1.08869,1.08869,0
1710621900000,1.08869,1.08869,1.08869,1.08869,0
1710622800000,1.08869,1.08869,1.08869,1.08869,0
1710623700000,1.08869,1.08869,1.08869,1.08869,0
1710624600000,1.08869,1.08869,1.08869,1.08869,0
1710625500000,1.08869,1.08869,1.08869,1.08869,0
1710626400000,1.08869,1.08869,1.08869,1.08869,0
1710627300000,1.08869,1.08869,1.08869,1.08869,0
1710628200000,1.08869,1.08869,1.08869,1.08869,0
1710629100000,1.08869,1.08869,1.08869,1.08869,0
1710630000000,1.08869,1.08869,1.08869,1.08869,0
1710630900000,1.08869,1.08869,1.08869,1.08869,0
1710631800000,1.08869,1.08869,1.08869,1.08869,0
1710632700000,1.08869,1.08869,1.08869,1.08869,0
1710633600000,1.08869,1.08869,1.08869,1.08869,0
1710634500000,1.08869,1.08869,1.08869,1.08869,0
1710635400000,1.08869,1.08869,1.08869,1.08869,0
1710636300000,1.08869,1.08869,1.08869,1.08869,0
1710637200000,1.08869,1.08869,1.08869,1.08869,0
1710638100000,1.08869,1.08869,1.08869,1.08869,0
1710639000000,1.08869,1.08869,1.08869,1.08869,0
1710639900000,1.08869,1.08869,1.08869,1.08869,0
1710640800000,1.08869,1.08869,1.08869,1.08869,0
1710641700000,1.08869,1.08869,1.08869,1.08869,0
1710642600000,1.08869,1.08869,1.08869,1.08869,0
1710643500000,1.08869,1.08869,1.08869,1.08869,0
1710644400000,1.08869,1.08869,1.08869,1.08869,0
1710645300000,1.08869,1.08869,1.08869,1.08869,0
1710646200000,1.08869,1.08869,1.08869,1.08869,0
1710647100000,1.08869,1.08869,1.08869,1.08869,0
1710648000000,1.08869,1.08869,1.08869,1.08869,0
1710648900000,1.08869,1.08869,1.08869,1.08869,0
1710649800000,1.08869,1.08869,1.08869,1.08869,0
1710650700000,1.08869,1.08869,1.08869,1.08869,0
1710651600000,1.08869,1.08869,1.08869,1.08869,0
1710652500000,1.08869,1.08869,1.08869,1.08869,0
1710653400000,1.08869,1.08869,1.08869,1.08869,0
1710654300000,1.08869,1.08869,1.08869,1.08869,0
1710655200000,1.08869,1.08869,1.08869,1.08869,0
1710656100000,1.08869,1.08869,1.08869,1.08869,0
1710657000000,1.08869,1.08869,1.08869,1.08869,0
1710657900000,1.08869,1.08869,1.08869,1.08869,0
1710658800000,1.08869,1.08869,1.08869,1.08869,0
1710659700000,1.08869,1.08869,1.08869,1.08869,0
1710660600000,1.08869,1.08869,1.08869,1.08869,0
1710661500000,1.08869,1.08869,1.08869,1.08869,0
1710662400000,1.08869,1.08869,1.08869,1.08869,0
1710663300000,1.08869,1.08869,1.08869,1.08869,0
1710664200000,1.08869,1.08869,1.08869,1.08869,0
1710665100000,1.08869,1.08869,1.08869,1.08869,0
1710666000000,1.08869,1.08869,1.08869,1.08869,0
1710666900000,1.08869,1.08869,1.08869,1.08869,0
1710667800000,1.08869,1.08869,1.08869,1.08869,0
1710668700000,1.08869,1.08869,1.08869,1.08869,0
1710669600000,1.08869,1.08869,1.08869,1.08869,0
1710670500000,1.08869,1.08869,1.08869,1.08869,0
1710671400000,1.08869,1.08869,1.08869,1.08869,0
1710672300000,1.08869,1.08869,1.08869,1.08869,0
1710673200000,1.08869,1.08869,1.08869,1.08869,0
1710674100000,1.08869,1.08869,1.08869,1.08869,0
1710675000000,1.08869,1.08869,1.08869,1.08869,0
1710675900000,1.08869,1.08869,1.08869,1.08869,0
1710676800000,1.08869,1.08869,1.08869,1.08869,0
1710677700000,1.08869,1.08869,1.08869,1.08869,0
1710678600000,1.08869,1.08869,1.08869,1.08869,0
1710679500000,1.08869,1.08869,1.08869,1.08869,0
1710680400000,1.08869,1.08869,1.08869,1.08869,0
1710681300000,1.08869,1.08869,1.08869,1.08869,0
1710682200000,1.08869,1.08869,1.08869,1.08869,0
1710683100000,1.08869,1.08869,1.08869,1.08869,0
1710684000000,1.08869,1.08869,1.08869,1.08869,0
1710684900000,1.08869,1.08869,1.08869,1.08869,0
1710685800000,1.08869,1.08869,1.08869,1.08869,0
1710686700000,1.08869,1.08869,1.08869,1.08869,0
1710687600000,1.08869,1.08869,1.08869,1.08869,0
1710688500000,1.08869,1.08869,1.08869,1.08869,0
1710689400000,1.08869,1.08869,1.08869,1.08869,0
1710690300000,1.08869,1.08869,1.08869,1.08869,0
1710691200000,1.08869,1.08869,1.08869,1.08869,0
1710692100000,1.08869,1.08869,1.08869,1.08869,0
1710693000000,1.08869,1.08869,1.08869,1.08869,0
1710693900000,1.08869,1.08869,1.08869,1.08869,0
1710694800000,1.08869,1.08869,1.08869,1.08869,0
1710695700000,1.08869,1.08869,1.08869,1.08869,0
1710696600000,1.08869,1.08869,1.08869,1.08869,0
1710697500000,1.08869,1.08869,1.08869,1.08869,0
1710698400000,1.08869,1.08869,1.08869,1.08869,0
1710699300000,1.08869,1.08869,1.08869,1.08869,0
1710700200000,1.08869,1.08869,1.08869,1.08869,0
1710701100000,1.08869,1.08869,1.08869,1.08869,0
1710702000000,1.08869,1.08869,1.08869,1.08869,0
1710702900000,1.08869,1.08869,1.08869,1.08869,0
1710703800000,1.08869,1.08869,1.08869,1.08869,0
1710704700000,1.08869,1.08869,1.08869,1.08869,0
1710705600000,1.08869,1.08869,1.08869,1.08869,0
1710706500000,1.08869,1.08869,1.08869,1.08869,0
1710707400000,1.08869,1.08869,1.08869,1.08869,0
1710708300000,1.08869,1.08869,1.08869,1.08869,0
1710709200000,1.08905,1.08905,1.08866,1.08881,194.37
1710710100000,1.08881,1.089,1.08819,1.0889,316
1710711000000,1.08894,1.089,1.08877,1.08887,244.65
1710711900000,1.08886,1.08892,1.08882,1.08886,107.73
1710712800000,1.08885,1.08911,1.08881,1.08896,397.35
1710713700000,1.08896,1.08897,1.08876,1.08877,455.03
1710714600000,1.08878,1.0888,1.08867,1.08872,882.2
1710715500000,1.08872,1.08878,1.0886,1.08864,725.94
1710716400000,1.08865,1.08865,1.08841,1.08842,731.46
1710717300000,1.08842,1.08846,1.08825,1.08828,961.65
1710718200000,1.08829,1.08835,1.08817,1.08819,1174.67
1710719100000,1.08819,1.08836,1.08817,1.08835,1260.46
1710720000000,1.08836,1.08844,1.08805,1.08837,1512.61
1710720900000,1.08836,1.08869,1.08834,1.08865,1083.52
1710721800000,1.08866,1.08871,1.08852,1.08859,943.38
1710722700000,1.08859,1.08881,1.08852,1.08852,1763.38
1710723600000,1.08852,1.08864,1.08847,1.08863,1205.53
1710724500000,1.08864,1.08864,1.08829,1.08838,1812.12
1710725400000,1.08842,1.08872,1.08842,1.08869,2523.87
1710726300000,1.08871,1.089,1.08861,1.08891,1602.2
1710727200000,1.08892,1.08901,1.08877,1.0888,1737
1710728100000,1.08881,1.08895,1.08876,1.08894,1258.92
1710729000000,1.08894,1.08908,1.0889,1.08899,1641.21
1710729900000,1.08899,1.08917,1.08888,1.08891,1796.52
1710730800000,1.08891,1.08898,1.08886,1.08889,924.06
1710731700000,1.08889,1.08895,1.08885,1.0889,761.58
1710732600000,1.08892,1.08905,1.08863,1.08863,892.57
1710733500000,1.08863,1.08865,1.08852,1.08854,1338.07
1710734400000,1.08853,1.08865,1.08853,1.08864,909.67
1710735300000,1.08863,1.0887,1.08858,1.08863,838.55
1710736200000,1.08864,1.08876,1.08859,1.08869,1176.87
1710737100000,1.08869,1.08881,1.08863,1.08875,1419.52
1710738000000,1.08875,1.08875,1.08859,1.08862,1237.41
1710738900000,1.08861,1.08874,1.08852,1.0887,936.39
1710739800000,1.08869,1.08884,1.08864,1.08865,1004.91
1710740700000,1.08864,1.08886,1.0886,1.0887,943.08
1710741600000,1.08871,1.08893,1.0887,1.08889,1394.9
1710742500000,1.08889,1.08891,1.08865,1.08876,1805.26
1710743400000,1.08877,1.08891,1.08875,1.08891,732.53
1710744300000,1.08891,1.08893,1.08869,1.08888,905.98
1710745200000,1.08889,1.08935,1.08887,1.08927,1643.61
1710746100000,1.08926,1.08957,1.08921,1.08946,872.92
1710747000000,1.08946,1.08965,1.08942,1.08948,1293.23
1710747900000,1.08947,1.08948,1.08911,1.08924,3091.21
1710748800000,1.08922,1.08969,1.08908,1.08938,3584.34
1710749700000,1.08939,1.08977,1.08925,1.08957,2568.05
1710750600000,1.08958,1.08961,1.08911,1.08934,3470.95
1710751500000,1.08932,1.08977,1.08932,1.08937,3035.83
1710752400000,1.08937,1.08959,1.08925,1.08952,1548.89
1710753300000,1.08953,1.0897,1.08946,1.08966,1169.12
1710754200000,1.08966,1.09005,1.08963,1.08984,1521.02
1710755100000,1.08984,1.09004,1.08982,1.08992,1132.23
1710756000000,1.08994,1.08994,1.08963,1.08983,1618.35
1710756900000,1.08983,1.09,1.08978,1.08994,1419.31
1710757800000,1.08994,1.09005,1.08963,1.08979,1290.37
1710758700000,1.08978,1.09018,1.08969,1.08998,1734.36
1710759600000,1.08997,1.09038,1.08988,1.09031,1560.6
1710760500000,1.09032,1.09046,1.09022,1.09043,1006.7
1710761400000,1.09044,1.09051,1.09037,1.0905,968.69
1710762300000,1.09049,1.09061,1.09023,1.09024,1131.55
1710763200000,1.09023,1.09049,1.09017,1.0903,2294.12
1710764100000,1.09029,1.09046,1.09013,1.09034,1914.03
1710765000000,1.09035,1.09037,1.08941,1.08945,2464.39
1710765900000,1.08945,1.08955,1.08898,1.08922,2214.28
1710766800000,1.08922,1.08935,1.08885,1.08893,1759.83
1710767700000,1.08893,1.0891,1.08888,1.08901,2192.98
1710768600000,1.089,1.08903,1.08855,1.08877,3488.06
1710769500000,1.08878,1.089,1.0887,1.0889,1961.24
1710770400000,1.08889,1.08932,1.08881,1.08903,2429.39
1710771300000,1.08903,1.08932,1.08897,1.08901,3349.82
1710772200000,1.08902,1.08903,1.08849,1.08872,2910.49
1710773100000,1.08873,1.08894,1.08843,1.08856,2109.78
1710774000000,1.08855,1.08888,1.0885,1.08876,2379.53
1710774900000,1.08875,1.08888,1.08859,1.0888,2263.92
1710775800000,1.0888,1.08885,1.08815,1.08824,2853.28
1710776700000,1.08825,1.0887,1.0881,1.08853,2670.67
1710777600000,1.08853,1.08853,1.08769,1.08773,3857.07
1710778500000,1.08774,1.08775,1.08694,1.08712,2923.28
1710779400000,1.08713,1.08728,1.08694,1.0872,2534.09
1710780300000,1.0872,1.08743,1.08709,1.08723,1918.82
1710781200000,1.08727,1.0875,1.08716,1.08721,2748.15
1710782100000,1.08722,1.08725,1.08695,1.08722,1631.18
1710783000000,1.08723,1.08731,1.08667,1.0867,929.2
1710783900000,1.08671,1.08692,1.08661,1.08685,656.77
1710784800000,1.08689,1.08697,1.08673,1.08689,743.66
1710785700000,1.0869,1.08701,1.08675,1.08701,913.19
1710786600000,1.08699,1.08707,1.08686,1.08694,924.1
1710787500000,1.08694,1.08711,1.08693,1.0871,787.86
1710788400000,1.08709,1.08733,1.08708,1.08723,1103.92
1710789300000,1.08723,1.08729,1.08715,1.08715,1008.9
1710790200000,1.08715,1.08728,1.08711,1.08717,1487.11
1710791100000,1.08716,1.08716,1.08676,1.08693,1640.19
1710792000000,1.08692,1.08709,1.08691,1.08702,613.24
1710792900000,1.08702,1.08709,1.087,1.08706,329.89
1710793800000,1.08706,1.0871,1.08697,1.08705,389.57
1710794700000,1.08706,1.08723,1.08705,1.08719,855.03
1710795600000,1.08718,1.08725,1.08712,1.08714,900.11
1710796500000,1.08714,1.08734,1.08714,1.08723,167.14
1710797400000,1.08723,1.08725,1.08717,1.08725,2238.3
1710798300000,1.08724,1.08729,1.08721,1.08725,1112.85
1710799200000,1.08726,1.08736,1.08715,1.08736,297.45
1710800100000,1.08736,1.08738,1.08733,1.08737,83.7
1710801000000,1.08737,1.08739,1.08721,1.08722,419.24
1710801900000,1.08721,1.08728,1.08711,1.08718,713.01
1710802800000,1.08718,1.08722,1.08711,1.08717,916.21
1710803700000,1.08717,1.08724,1.08714,1.08718,443.55
1710804600000,1.08718,1.08726,1.08713,1.08723,565.51
1710805500000,1.08723,1.08733,1.08722,1.08732,471.73
1710806400000,1.08732,1.08742,1.08705,1.08741,999.52
1710807300000,1.08741,1.08745,1.08721,1.08723,644.48
1710808200000,1.08722,1.08728,1.08699,1.08706,1173.02
1710809100000,1.08706,1.08708,1.08691,1.08693,2008.3
1710810000000,1.08694,1.08717,1.08691,1.08708,1494.25
1710810900000,1.08708,1.08711,1.08671,1.08677,1213.34
1710811800000,1.08676,1.08696,1.08667,1.08683,1944.38
1710812700000,1.08683,1.08688,1.0867,1.08681,1859.71
1710813600000,1.08682,1.0873,1.08682,1.0873,1676.57
1710814500000,1.08729,1.08733,1.08721,1.08732,1054.45
1710815400000,1.08732,1.08746,1.08729,1.08737,818.13
1710816300000,1.08737,1.08742,1.08726,1.08733,581.64
1710817200000,1.08732,1.08763,1.0873,1.08756,1011.74
1710818100000,1.08756,1.08763,1.08735,1.08753,808.5
1710819000000,1.08751,1.08763,1.08705,1.08733,4872.07
1710819900000,1.08732,1.08748,1.087,1.08738,3371.63
1710820800000,1.08739,1.08765,1.08731,1.08757,1871.94
1710821700000,1.08757,1.08764,1.08718,1.08724,1756.41
1710822600000,1.08723,1.08723,1.08673,1.08678,2710.27
1710823500000,1.08679,1.08717,1.08673,1.08706,1609.58
1710824400000,1.08706,1.08721,1.08679,1.08685,1687.28
1710825300000,1.08685,1.08685,1.08656,1.08663,1259.31
1710826200000,1.08663,1.08665,1.08647,1.08658,1756.23
1710827100000,1.08659,1.08661,1.08628,1.08641,1785.48
1710828000000,1.08642,1.08653,1.08619,1.0864,1685.42
1710828900000,1.0864,1.08677,1.08637,1.08673,1513.55
1710829800000,1.08673,1.08684,1.08639,1.08645,3039.48
1710830700000,1.08646,1.08677,1.08631,1.08675,2727.36
1710831600000,1.08675,1.08675,1.08617,1.08638,2542.98
1710832500000,1.08638,1.08666,1.08626,1.08631,3076.36
1710833400000,1.0863,1.0864,1.08605,1.0861,1282.61
1710834300000,1.0861,1.08612,1.08516,1.08547,2528.42
1710835200000,1.08546,1.08561,1.08501,1.08508,2892.94
1710836100000,1.08508,1.08508,1.08456,1.08502,1887.3
1710837000000,1.08502,1.08512,1.08423,1.08433,2503.45
1710837900000,1.08433,1.08493,1.08431,1.08475,2711.69
1710838800000,1.08476,1.08501,1.08449,1.08469,2192.1
1710839700000,1.08469,1.0849,1.08438,1.08444,1334.52
1710840600000,1.08444,1.08462,1.08416,1.08429,1422.41
1710841500000,1.08429,1.08432,1.08347,1.08366,2171.02
1710842400000,1.08367,1.08441,1.08367,1.08419,2134.98
1710843300000,1.08419,1.08437,1.08394,1.08417,1750.14
1710844200000,1.08418,1.08456,1.08413,1.08449,2592.83
1710845100000,1.08448,1.08458,1.08428,1.08443,1468.33
1710846000000,1.08443,1.08469,1.08429,1.08451,957.74
1710846900000,1.08449,1.08479,1.08449,1.08457,812.71
1710847800000,1.08457,1.08497,1.08452,1.08495,900.55
1710848700000,1.08495,1.08516,1.08478,1.08503,889.92
1710849600000,1.08504,1.08516,1.08487,1.08508,1854.85
1710850500000,1.08507,1.08511,1.08457,1.08476,2558.76
1710851400000,1.08476,1.08555,1.0847,1.08551,5771.73
1710852300000,1.08551,1.0856,1.08494,1.08515,5876.55
1710853200000,1.08515,1.08572,1.08511,1.08534,5394.58
1710854100000,1.08536,1.08561,1.08518,1.08539,4288.87
1710855000000,1.08538,1.08559,1.08494,1.08494,3510.91
1710855900000,1.08493,1.08544,1.08493,1.08541,2050.83
1710856800000,1.08541,1.08597,1.08536,1.08597,2026.23
1710857700000,1.08597,1.08654,1.08597,1.08624,3329.34
1710858600000,1.08625,1.08632,1.08604,1.08618,4782.94
1710859500000,1.08618,1.08635,1.08605,1.08623,2801.2
1710860400000,1.08622,1.08622,1.08568,1.08569,4548.55
1710861300000,1.0857,1.08575,1.08541,1.08557,2435.76
1710862200000,1.08558,1.08563,1.08533,1.08559,2195.45
1710863100000,1.08559,1.08599,1.08546,1.08584,1618.49
1710864000000,1.08584,1.08592,1.08545,1.08585,3960.9
1710864900000,1.08586,1.0862,1.0858,1.08614,2148.25
1710865800000,1.08614,1.08625,1.08603,1.08625,2272.22
1710866700000,1.08624,1.08639,1.08616,1.08633,1511.84
1710867600000,1.08634,1.08676,1.08628,1.08634,2510.79
1710868500000,1.08635,1.08641,1.08614,1.0864,2133.41
1710869400000,1.0864,1.08654,1.08597,1.08604,1653.93
1710870300000,1.08604,1.08643,1.08599,1.08635,1411.84
1710871200000,1.08634,1.08651,1.08623,1.08639,1201.3
1710872100000,1.08638,1.08645,1.08616,1.08636,1313.34
1710873000000,1.08636,1.08648,1.08627,1.0863,1081.88
1710873900000,1.08631,1.08636,1.08613,1.08625,1091.54
1710874800000,1.08625,1.08632,1.08609,1.08626,1363.03
1710875700000,1.08625,1.08652,1.08625,1.08642,1150.42
1710876600000,1.08641,1.08643,1.08625,1.08635,522.44
1710877500000,1.08636,1.08656,1.08628,1.08648,1196.36
1710878400000,1.08647,1.08664,1.08642,1.08644,752.6
1710879300000,1.08643,1.08648,1.0864,1.08641,322.17
1710880200000,1.08642,1.08645,1.08641,1.08642,611.82
1710881100000,1.08642,1.08662,1.08641,1.08651,1851
1710882000000,1.08648,1.0867,1.08619,1.08654,433.47
1710882900000,1.0864,1.08657,1.0864,1.08651,388.48
1710883800000,1.08655,1.08658,1.08646,1.08651,6295.11
1710884700000,1.08653,1.08658,1.08646,1.08649,2644.02
1710885600000,1.08653,1.08661,1.08643,1.08661,432.87
1710886500000,1.0866,1.08664,1.08654,1.08658,211.95
1710887400000,1.08656,1.08657,1.08647,1.08647,357.39
1710888300000,1.08647,1.08657,1.08647,1.08653,235.68
1710889200000,1.08654,1.08663,1.08637,1.08639,822.33
1710890100000,1.08641,1.08644,1.08635,1.08637,253.8
1710891000000,1.08637,1.08654,1.08624,1.0865,685.47
1710891900000,1.08649,1.08664,1.08616,1.08616,1443.33
1710892800000,1.08617,1.08618,1.08597,1.08602,3192.19
1710893700000,1.08602,1.08608,1.08582,1.08596,1547.92
1710894600000,1.08594,1.08631,1.08589,1.08627,906.28
1710895500000,1.08628,1.0865,1.08608,1.08644,1639.93
1710896400000,1.08644,1.08648,1.08634,1.0864,1027.39
1710897300000,1.08638,1.08644,1.08627,1.08633,1320.82
1710898200000,1.08633,1.0864,1.08622,1.08634,1516.19
1710899100000,1.08635,1.08657,1.08633,1.08642,1430.99
1710900000000,1.08642,1.08647,1.08627,1.08645,849.63
1710900900000,1.08643,1.08649,1.08632,1.0864,668.09
1710901800000,1.08639,1.08658,1.08634,1.08658,845.43
1710902700000,1.08658,1.08693,1.0865,1.08688,752.87
1710903600000,1.0869,1.08709,1.08677,1.0869,868.33
1710904500000,1.08691,1.08693,1.08679,1.08684,680.36
1710905400000,1.08683,1.08696,1.08681,1.08685,1139.65
1710906300000,1.08684,1.08711,1.08683,1.08699,746.39
1710907200000,1.08699,1.08704,1.08688,1.0869,1070.34
1710908100000,1.08689,1.08694,1.08682,1.08688,1372.56
1710909000000,1.08687,1.08701,1.08683,1.08683,995.78
1710909900000,1.08682,1.08686,1.08663,1.08665,1549.24
1710910800000,1.08666,1.08676,1.08663,1.08668,1574
1710911700000,1.08667,1.08667,1.08653,1.08664,560.73
1710912600000,1.08664,1.08683,1.08662,1.08677,668.35
1710913500000,1.08678,1.0868,1.08658,1.08658,478.96
1710914400000,1.08657,1.08685,1.0865,1.08679,940.37
1710915300000,1.08679,1.0869,1.08668,1.0867,810.13
1710916200000,1.08671,1.08695,1.08668,1.08686,816.56
1710917100000,1.08685,1.08704,1.08675,1.08701,1105.41
1710918000000,1.08702,1.0872,1.08659,1.08718,2382.51
1710918900000,1.08717,1.08717,1.08672,1.0869,2001.3
1710919800000,1.08691,1.08709,1.08677,1.08683,2075.22
1710920700000,1.08682,1.08683,1.08648,1.08655,1796.32
1710921600000,1.08654,1.08654,1.0856,1.08566,3040.24
1710922500000,1.08566,1.08594,1.08547,1.08573,1935.06
1710923400000,1.08572,1.08573,1.08526,1.08532,1444.22
1710924300000,1.08532,1.08533,1.085,1.08522,1957.29
1710925200000,1.08521,1.08523,1.08388,1.08397,3810.4
1710926100000,1.08398,1.08442,1.08397,1.08439,2441.62
1710927000000,1.08439,1.08451,1.08412,1.08424,1342.64
1710927900000,1.08424,1.08425,1.08364,1.0839,2589.12
1710928800000,1.0839,1.08419,1.08365,1.08419,2254.73
1710929700000,1.08419,1.08426,1.08392,1.08426,1303.89
1710930600000,1.08426,1.08428,1.08384,1.0839,1516.02
1710931500000,1.08392,1.08412,1.08388,1.08395,1968.41
1710932400000,1.08396,1.08432,1.08391,1.0842,1499.24
1710933300000,1.0842,1.08425,1.0837,1.08407,1560.64
1710934200000,1.08407,1.0843,1.084,1.0842,1163.53
1710935100000,1.08421,1.08437,1.08409,1.08425,1183.37
1710936000000,1.08427,1.08445,1.08402,1.08417,2104.14
1710936900000,1.08417,1.08431,1.08406,1.08426,1518.29
1710937800000,1.08426,1.08429,1.08379,1.08408,1624
1710938700000,1.08409,1.08449,1.084,1.08422,2584.99
1710939600000,1.08423,1.08455,1.084,1.08451,1621.03
1710940500000,1.0845,1.08454,1.08402,1.08403,1669.8
1710941400000,1.08403,1.08411,1.08373,1.08403,2749.13
1710942300000,1.08403,1.08454,1.08393,1.08445,2155.56
1710943200000,1.08447,1.08505,1.08435,1.08505,2610.41
1710944100000,1.08504,1.08513,1.08478,1.08492,1563.54
1710945000000,1.08491,1.08506,1.08474,1.08483,1736.15
1710945900000,1.08482,1.08502,1.08479,1.08496,1637.9
1710946800000,1.08497,1.08531,1.08487,1.0853,1418.54
1710947700000,1.08529,1.08561,1.08529,1.08546,1470.43
1710948600000,1.08544,1.08556,1.08523,1.08524,1463.08
1710949500000,1.08524,1.08553,1.08511,1.08546,2394.1
1710950400000,1.08546,1.08585,1.08535,1.08575,1334.18
1710951300000,1.08575,1.08585,1.08559,1.0858,1389.76
1710952200000,1.0858,1.08582,1.08559,1.08577,1091.01
1710953100000,1.08578,1.08611,1.08572,1.08606,1363.25
1710954000000,1.08606,1.08621,1.08586,1.08611,1152.85
1710954900000,1.0861,1.08647,1.08609,1.08641,1738.46
1710955800000,1.08641,1.08647,1.0862,1.0864,1170.31
1710956700000,1.08639,1.08669,1.08636,1.08645,2484.9
1710957600000,1.08645,1.08938,1.08639,1.08757,16932.5698
1710958500000,1.0876,1.08819,1.08698,1.08815,10089.9799
1710959400000,1.08816,1.08963,1.08659,1.08939,22427.47
1710960300000,1.08942,1.09175,1.08942,1.09144,14677.1
1710961200000,1.09145,1.0915,1.09028,1.09053,10708.5902
1710962100000,1.09053,1.09161,1.09018,1.09157,5862.95
1710963000000,1.09157,1.09226,1.09148,1.09198,2683.24
1710963900000,1.09196,1.09227,1.09158,1.09209,3587.08
1710964800000,1.09209,1.09217,1.09187,1.09206,1578.78
1710965700000,1.09206,1.09219,1.09191,1.09202,1418.35
1710966600000,1.09203,1.09222,1.09201,1.09217,991.66
1710967500000,1.09216,1.09228,1.0921,1.09214,2268.41
1710968400000,1.09214,1.09216,1.09191,1.09209,1403.69
1710969300000,1.09207,1.09223,1.09206,1.09222,958.05
1710970200000,1.09222,1.09223,1.09213,1.09221,2391.39
1710971100000,1.0922,1.09229,1.09179,1.09206,3652.31
1710972000000,1.09206,1.09297,1.09203,1.09294,664.91
1710972900000,1.09294,1.09308,1.09278,1.09304,874.89
1710973800000,1.09303,1.09313,1.09302,1.09309,1162.8
1710974700000,1.09311,1.09323,1.09305,1.09321,800.86
1710975600000,1.0932,1.09323,1.09293,1.09319,1554.36
1710976500000,1.09318,1.09355,1.09316,1.09348,1393.53
1710977400000,1.09348,1.09371,1.09348,1.09368,769.34
1710978300000,1.09368,1.09374,1.09358,1.09373,711.13
1710979200000,1.09373,1.09373,1.09331,1.09362,2542.33
1710980100000,1.09361,1.09372,1.09315,1.09318,1888.57
1710981000000,1.09322,1.09363,1.09307,1.09338,2490.43
1710981900000,1.09339,1.09347,1.09312,1.09333,2211.37
1710982800000,1.09334,1.09378,1.09332,1.09368,1886.64
1710983700000,1.09367,1.09389,1.09353,1.09368,1133.27
1710984600000,1.09369,1.09375,1.09334,1.09353,1119.03
1710985500000,1.09353,1.09373,1.09342,1.09352,1427.12
1710986400000,1.09351,1.09367,1.09332,1.09363,1026.14
1710987300000,1.09363,1.09364,1.09326,1.09343,1402.33
1710988200000,1.09344,1.09372,1.0934,1.09366,234.17
1710989100000,1.09366,1.09366,1.09341,1.09353,617.93
1710990000000,1.09352,1.09369,1.09344,1.09345,889.76
1710990900000,1.09346,1.09351,1.09337,1.09347,631.9
1710991800000,1.09346,1.09358,1.09337,1.09354,770.56
1710992700000,1.09353,1.09354,1.09335,1.0935,748.34
1710993600000,1.09349,1.09354,1.09336,1.09344,617.16
1710994500000,1.09344,1.09346,1.09338,1.09344,487.84
1710995400000,1.09341,1.09354,1.09327,1.09333,901.57
1710996300000,1.09333,1.0935,1.0933,1.09331,804.79
1710997200000,1.09331,1.09348,1.09326,1.09348,660.07
1710998100000,1.09349,1.09355,1.09337,1.09339,969.56
1710999000000,1.09339,1.09368,1.09336,1.09345,764.4
1710999900000,1.09346,1.09348,1.09316,1.09317,1125.02
1711000800000,1.09316,1.09373,1.09316,1.09367,1225.8
1711001700000,1.09368,1.09381,1.09351,1.09358,705
1711002600000,1.09358,1.09373,1.0935,1.09351,560.62
1711003500000,1.09352,1.09377,1.09347,1.09376,804.47
1711004400000,1.09377,1.09426,1.09371,1.09395,1386.87
1711005300000,1.09395,1.09395,1.09332,1.09373,1992.53
1711006200000,1.09374,1.09381,1.09305,1.09306,3081.27
1711007100000,1.09305,1.09312,1.09256,1.09287,2034.2
1711008000000,1.09283,1.09284,1.092,1.09205,3398.52
1711008900000,1.09204,1.09204,1.09068,1.09138,3716.15
1711009800000,1.09137,1.09137,1.08932,1.08969,7722.5399
1711010700000,1.08969,1.08969,1.08872,1.08915,4481.83
1711011600000,1.0892,1.08949,1.0889,1.0894,3702.81
1711012500000,1.08939,1.09032,1.08929,1.09026,2382.89
1711013400000,1.09026,1.09088,1.08995,1.09083,2866.29
1711014300000,1.09085,1.09147,1.09067,1.09129,3388.64
1711015200000,1.0913,1.09221,1.09123,1.09219,2291.45
1711016100000,1.09218,1.09237,1.09175,1.09191,2283.64
1711017000000,1.09192,1.09204,1.09152,1.0917,2864.64
1711017900000,1.0917,1.09202,1.09165,1.09192,1943.34
1711018800000,1.09193,1.09203,1.0914,1.0915,1684.77
1711019700000,1.09151,1.09165,1.09094,1.09101,2038.28
1711020600000,1.09103,1.09108,1.09065,1.09078,1653.5
1711021500000,1.09079,1.09097,1.09049,1.09096,1869.85
1711022400000,1.09097,1.09128,1.09055,1.0908,4850.41
1711023300000,1.09079,1.0917,1.09077,1.09141,2941.1
1711024200000,1.09144,1.09152,1.09035,1.0908,5098.53
1711025100000,1.09081,1.09127,1.09057,1.09115,2754.76
1711026000000,1.09115,1.09116,1.09031,1.09047,2755.64
1711026900000,1.09048,1.09053,1.08941,1.08954,3628.02
1711027800000,1.08955,1.09011,1.0894,1.08966,3704.83
1711028700000,1.08966,1.09003,1.08837,1.08857,7331.7599
1711029600000,1.08854,1.0886,1.08749,1.08778,6220.67
1711030500000,1.08779,1.08816,1.08726,1.08756,3686.39
1711031400000,1.08758,1.08776,1.08706,1.08731,4532.76
1711032300000,1.08731,1.08799,1.0873,1.08787,3286.74
1711033200000,1.08788,1.08791,1.08668,1.08669,3689.38
1711034100000,1.08669,1.08685,1.08619,1.08641,2853.38
1711035000000,1.08641,1.08665,1.08591,1.08593,2845.86
1711035900000,1.08592,1.08608,1.08556,1.08604,3341.96
1711036800000,1.08603,1.08646,1.0858,1.08636,2792.28
1711037700000,1.08636,1.08641,1.08583,1.08607,2809.26
1711038600000,1.08607,1.08632,1.08593,1.08598,2019.1
1711039500000,1.08598,1.08623,1.08589,1.08608,2601.23
1711040400000,1.0861,1.08657,1.08575,1.08655,1912.18
1711041300000,1.08655,1.08661,1.08576,1.08592,1578.71
1711042200000,1.08589,1.0861,1.0857,1.08571,1631.97
1711043100000,1.08573,1.08584,1.08561,1.08577,1636.92
1711044000000,1.08579,1.08594,1.08572,1.08587,1175.45
1711044900000,1.08587,1.0861,1.08583,1.08607,452.06
1711045800000,1.08606,1.08624,1.08592,1.08623,617.47
1711046700000,1.08624,1.0863,1.08613,1.08623,1280.12
1711047600000,1.08622,1.08627,1.08591,1.08597,1271.46
1711048500000,1.08598,1.08598,1.08565,1.08582,982.9
1711049400000,1.08583,1.08592,1.08567,1.08582,1228.38
1711050300000,1.08582,1.08584,1.08554,1.08567,1138.68
1711051200000,1.08567,1.0859,1.08566,1.08587,593.98
1711052100000,1.08588,1.08588,1.08573,1.08573,197.69
1711053000000,1.08573,1.08587,1.08572,1.0858,395.6
1711053900000,1.0858,1.08603,1.0858,1.08594,1056.72
1711054800000,1.08593,1.08608,1.08585,1.08599,327.76
1711055700000,1.086,1.08608,1.08595,1.08604,711.9
1711056600000,1.08604,1.08618,1.08588,1.08605,3001.34
1711057500000,1.08608,1.0862,1.08601,1.08605,1464.3
1711058400000,1.08609,1.08617,1.08603,1.0861,503.49
1711059300000,1.0861,1.08617,1.08607,1.08611,308.16
1711060200000,1.08611,1.08622,1.0861,1.08618,278.62
1711061100000,1.08617,1.08622,1.08614,1.08618,311.1
1711062000000,1.08617,1.08618,1.08607,1.08612,575.19
1711062900000,1.08612,1.08619,1.08606,1.08618,560.02
1711063800000,1.08618,1.08623,1.08612,1.08623,482.44
1711064700000,1.08623,1.08628,1.08617,1.08618,357.15
1711065600000,1.08622,1.08642,1.08622,1.08638,821.72
1711066500000,1.08638,1.08669,1.08636,1.08659,922.27
1711067400000,1.08661,1.08679,1.08657,1.08664,1135.72
1711068300000,1.08663,1.08664,1.08642,1.08651,2244.5
1711069200000,1.08651,1.08652,1.08629,1.08651,1213.79
1711070100000,1.08652,1.08657,1.08611,1.08618,1402.49
1711071000000,1.08617,1.08617,1.08537,1.08541,3060.64
1711071900000,1.08544,1.08551,1.085,1.08504,3595.19
1711072800000,1.08504,1.08523,1.08482,1.08482,4228.02
1711073700000,1.08483,1.08499,1.08477,1.08482,2801.38
1711074600000,1.08483,1.08483,1.0842,1.0843,2345.62
1711075500000,1.0843,1.0844,1.08388,1.0839,2347.55
1711076400000,1.08389,1.08413,1.08366,1.08367,1265.66
1711077300000,1.08367,1.08395,1.08367,1.0838,1049.53
1711078200000,1.08379,1.08396,1.08359,1.08391,1408.98
1711079100000,1.0839,1.08403,1.08375,1.08379,890.57
1711080000000,1.08379,1.08379,1.08339,1.08346,1661.37
1711080900000,1.08347,1.08358,1.0833,1.08334,1270.04
1711081800000,1.08333,1.08345,1.08324,1.08329,713.67
1711082700000,1.08328,1.08333,1.08311,1.08332,772.96
1711083600000,1.08332,1.08368,1.08332,1.08347,1367.86
1711084500000,1.08346,1.08358,1.08341,1.08353,1023.56
1711085400000,1.08352,1.08362,1.08343,1.08357,1029.7
1711086300000,1.08355,1.08419,1.08354,1.08415,1746.6
1711087200000,1.08413,1.08413,1.08368,1.08379,1739.78
1711088100000,1.0838,1.08388,1.0832,1.08325,1743.92
1711089000000,1.08326,1.08328,1.08277,1.08282,1960.57
1711089900000,1.08283,1.08312,1.0827,1.08302,2197.43
1711090800000,1.08302,1.08345,1.08294,1.0833,2717.94
1711091700000,1.08332,1.08332,1.0823,1.08234,3066.23
1711092600000,1.08233,1.08265,1.08212,1.08224,3374.1301
1711093500000,1.08224,1.08252,1.08209,1.08246,2267.33
1711094400000,1.08246,1.08294,1.08179,1.08188,3366.68
1711095300000,1.08189,1.08189,1.08135,1.08138,3760.29
1711096200000,1.08137,1.08152,1.08081,1.08146,2799.01
1711097100000,1.08145,1.08152,1.08086,1.08114,2312.67
1711098000000,1.08117,1.08213,1.08116,1.08193,4303.76
1711098900000,1.08194,1.08232,1.08191,1.08206,2107.82
1711099800000,1.08204,1.08204,1.08166,1.08173,1405.49
1711100700000,1.08173,1.08173,1.08143,1.08161,1977.91
1711101600000,1.08162,1.08182,1.08145,1.08172,2255.5
1711102500000,1.08173,1.08198,1.08167,1.08178,1625.89
1711103400000,1.08178,1.08215,1.08178,1.08196,1882.19
1711104300000,1.08197,1.08206,1.08152,1.08163,1970.82
1711105200000,1.08163,1.08223,1.08163,1.08213,1169.63
1711106100000,1.08211,1.08221,1.08185,1.08209,1021.7
1711107000000,1.08209,1.08221,1.08164,1.08169,953.63
1711107900000,1.08168,1.08169,1.08115,1.0816,1453.96
1711108800000,1.08162,1.08211,1.08145,1.08191,2910.29
1711109700000,1.08191,1.08272,1.08187,1.0826,2844.26
1711110600000,1.08262,1.08297,1.08246,1.08295,2560.21
1711111500000,1.08295,1.08311,1.08243,1.08263,4233.79
1711112400000,1.08264,1.08269,1.08202,1.08229,5880.5001
1711113300000,1.08231,1.08264,1.08207,1.08213,4018.99
1711114200000,1.08213,1.08258,1.08184,1.08235,5110.24
1711115100000,1.08236,1.08297,1.0823,1.08295,2765.7
1711116000000,1.08297,1.08317,1.08225,1.08226,5579.1201
1711116900000,1.08228,1.08229,1.08173,1.08194,4050.71
1711117800000,1.08195,1.08196,1.08162,1.08174,3388.7799
1711118700000,1.08174,1.08189,1.08147,1.08149,2184.54
1711119600000,1.08148,1.08205,1.08143,1.08196,2577.99
1711120500000,1.08196,1.08217,1.08174,1.08199,2242.72
1711121400000,1.082,1.082,1.08142,1.08145,2916.41
1711122300000,1.08147,1.08163,1.08104,1.08158,3182.44
1711123200000,1.08157,1.0817,1.0812,1.08123,3463.3
1711124100000,1.08123,1.08124,1.08073,1.08104,2256.46
1711125000000,1.08105,1.0811,1.08077,1.08085,1650.17
1711125900000,1.08086,1.08086,1.08057,1.08058,3205.81
1711126800000,1.08057,1.08106,1.08054,1.08058,2524.67
1711127700000,1.08056,1.08086,1.08055,1.08073,1292.12
1711128600000,1.08074,1.08074,1.08049,1.08067,1354.55
1711129500000,1.08066,1.08071,1.08049,1.08059,1242.59
1711130400000,1.08058,1.08073,1.08046,1.08071,938.6
1711131300000,1.08071,1.08076,1.08056,1.0807,648.93
1711132200000,1.08068,1.08071,1.0805,1.08052,1182.25
1711133100000,1.08052,1.08067,1.08039,1.0804,1364.83
1711134000000,1.0804,1.08041,1.08024,1.08025,1837.03
1711134900000,1.08025,1.08026,1.08017,1.08025,1255.09
1711135800000,1.08025,1.08047,1.08022,1.08045,892.22
1711136700000,1.08046,1.08067,1.0804,1.08056,1091.19
1711137600000,1.08056,1.08083,1.08049,1.08081,1430.09
1711138500000,1.08081,1.0809,1.0808,1.08086,760.59
1711139400000,1.08087,1.08096,1.0808,1.08084,951.52
1711140300000,1.08084,1.08096,1.08065,1.08065,2457.8
1711141200000,1.08065,1.08065,1.08065,1.08065,0
1711142100000,1.08065,1.08065,1.08065,1.08065,0
1711143000000,1.08065,1.08065,1.08065,1.08065,0
1711143900000,1.08065,1.08065,1.08065,1.08065,0
1711144800000,1.08065,1.08065,1.08065,1.08065,0
1711145700000,1.08065,1.08065,1.08065,1.08065,0
1711146600000,1.08065,1.08065,1.08065,1.08065,0
1711147500000,1.08065,1.08065,1.08065,1.08065,0
1711148400000,1.08065,1.08065,1.08065,1.08065,0
1711149300000,1.08065,1.08065,1.08065,1.08065,0
1711150200000,1.08065,1.08065,1.08065,1.08065,0
1711151100000,1.08065,1.08065,1.08065,1.08065,0
1711152000000,1.08065,1.08065,1.08065,1.08065,0
1711152900000,1.08065,1.08065,1.08065,1.08065,0
1711153800000,1.08065,1.08065,1.08065,1.08065,0
1711154700000,1.08065,1.08065,1.08065,1.08065,0
1711155600000,1.08065,1.08065,1.08065,1.08065,0
1711156500000,1.08065,1.08065,1.08065,1.08065,0
1711157400000,1.08065,1.08065,1.08065,1.08065,0
1711158300000,1.08065,1.08065,1.08065,1.08065,0
1711159200000,1.08065,1.08065,1.08065,1.08065,0
1711160100000,1.08065,1.08065,1.08065,1.08065,0
1711161000000,1.08065,1.08065,1.08065,1.08065,0
1711161900000,1.08065,1.08065,1.08065,1.08065,0
1711162800000,1.08065,1.08065,1.08065,1.08065,0
1711163700000,1.08065,1.08065,1.08065,1.08065,0
1711164600000,1.08065,1.08065,1.08065,1.08065,0
1711165500000,1.08065,1.08065,1.08065,1.08065,0
1711166400000,1.08065,1.08065,1.08065,1.08065,0
1711167300000,1.08065,1.08065,1.08065,1.08065,0
1711168200000,1.08065,1.08065,1.08065,1.08065,0
1711169100000,1.08065,1.08065,1.08065,1.08065,0
1711170000000,1.08065,1.08065,1.08065,1.08065,0
1711170900000,1.08065,1.08065,1.08065,1.08065,0
1711171800000,1.08065,1.08065,1.08065,1.08065,0
1711172700000,1.08065,1.08065,1.08065,1.08065,0
1711173600000,1.08065,1.08065,1.08065,1.08065,0
1711174500000,1.08065,1.08065,1.08065,1.08065,0
1711175400000,1.08065,1.08065,1.08065,1.08065,0
1711176300000,1.08065,1.08065,1.08065,1.08065,0
1711177200000,1.08065,1.08065,1.08065,1.08065,0
1711178100000,1.08065,1.08065,1.08065,1.08065,0
1711179000000,1.08065,1.08065,1.08065,1.08065,0
1711179900000,1.08065,1.08065,1.08065,1.08065,0
1711180800000,1.08065,1.08065,1.08065,1.08065,0
1711181700000,1.08065,1.08065,1.08065,1.08065,0
1711182600000,1.08065,1.08065,1.08065,1.08065,0
1711183500000,1.08065,1.08065,1.08065,1.08065,0
1711184400000,1.08065,1.08065,1.08065,1.08065,0
1711185300000,1.08065,1.08065,1.08065,1.08065,0
1711186200000,1.08065,1.08065,1.08065,1.08065,0
1711187100000,1.08065,1.08065,1.08065,1.08065,0
1711188000000,1.08065,1.08065,1.08065,1.08065,0
1711188900000,1.08065,1.08065,1.08065,1.08065,0
1711189800000,1.08065,1.08065,1.08065,1.08065,0
1711190700000,1.08065,1.08065,1.08065,1.08065,0
1711191600000,1.08065,1.08065,1.08065,1.08065,0
1711192500000,1.08065,1.08065,1.08065,1.08065,0
1711193400000,1.08065,1.08065,1.08065,1.08065,0
1711194300000,1.08065,1.08065,1.08065,1.08065,0
1711195200000,1.08065,1.08065,1.08065,1.08065,0
1711196100000,1.08065,1.08065,1.08065,1.08065,0
1711197000000,1.08065,1.08065,1.08065,1.08065,0
1711197900000,1.08065,1.08065,1.08065,1.08065,0
1711198800000,1.08065,1.08065,1.08065,1.08065,0
1711199700000,1.08065,1.08065,1.08065,1.08065,0
1711200600000,1.08065,1.08065,1.08065,1.08065,0
1711201500000,1.08065,1.08065,1.08065,1.08065,0
1711202400000,1.08065,1.08065,1.08065,1.08065,0
1711203300000,1.08065,1.08065,1.08065,1.08065,0
1711204200000,1.08065,1.08065,1.08065,1.08065,0
1711205100000,1.08065,1.08065,1.08065,1.08065,0
1711206000000,1.08065,1.08065,1.08065,1.08065,0
1711206900000,1.08065,1.08065,1.08065,1.08065,0
1711207800000,1.08065,1.08065,1.08065,1.08065,0
1711208700000,1.08065,1.08065,1.08065,1.08065,0
1711209600000,1.08065,1.08065,1.08065,1.08065,0
1711210500000,1.08065,1.08065,1.08065,1.08065,0
1711211400000,1.08065,1.08065,1.08065,1.08065,0
1711212300000,1.08065,1.08065,1.08065,1.08065,0
1711213200000,1.08065,1.08065,1.08065,1.08065,0
1711214100000,1.08065,1.08065,1.08065,1.08065,0
1711215000000,1.08065,1.08065,1.08065,1.08065,0
1711215900000,1.08065,1.08065,1.08065,1.08065,0
1711216800000,1.08065,1.08065,1.08065,1.08065,0
1711217700000,1.08065,1.08065,1.08065,1.08065,0
1711218600000,1.08065,1.08065,1.08065,1.08065,0
1711219500000,1.08065,1.08065,1.08065,1.08065,0
1711220400000,1.08065,1.08065,1.08065,1.08065,0
1711221300000,1.08065,1.08065,1.08065,1.08065,0
1711222200000,1.08065,1.08065,1.08065,1.08065,0
1711223100000,1.08065,1.08065,1.08065,1.08065,0
1711224000000,1.08065,1.08065,1.08065,1.08065,0
1711224900000,1.08065,1.08065,1.08065,1.08065,0
1711225800000,1.08065,1.08065,1.08065,1.08065,0
1711226700000,1.08065,1.08065,1.08065,1.08065,0
1711227600000,1.08065,1.08065,1.08065,1.08065,0
1711228500000,1.08065,1.08065,1.08065,1.08065,0
1711229400000,1.08065,1.08065,1.08065,1.08065,0
1711230300000,1.08065,1.08065,1.08065,1.08065,0
1711231200000,1.08065,1.08065,1.08065,1.08065,0
1711232100000,1.08065,1.08065,1.08065,1.08065,0
1711233000000,1.08065,1.08065,1.08065,1.08065,0
1711233900000,1.08065,1.08065,1.08065,1.08065,0
1711234800000,1.08065,1.08065,1.08065,1.08065,0
1711235700000,1.08065,1.08065,1.08065,1.08065,0
1711236600000,1.08065,1.08065,1.08065,1.08065,0
1711237500000,1.08065,1.08065,1.08065,1.08065,0
1711238400000,1.08065,1.08065,1.08065,1.08065,0
1711239300000,1.08065,1.08065,1.08065,1.08065,0
1711240200000,1.08065,1.08065,1.08065,1.08065,0
1711241100000,1.08065,1.08065,1.08065,1.08065,0
1711242000000,1.08065,1.08065,1.08065,1.08065,0
1711242900000,1.08065,1.08065,1.08065,1.08065,0
1711243800000,1.08065,1.08065,1.08065,1.08065,0
1711244700000,1.08065,1.08065,1.08065,1.08065,0
1711245600000,1.08065,1.08065,1.08065,1.08065,0
1711246500000,1.08065,1.08065,1.08065,1.08065,0
1711247400000,1.08065,1.08065,1.08065,1.08065,0
1711248300000,1.08065,1.08065,1.08065,1.08065,0
1711249200000,1.08065,1.08065,1.08065,1.08065,0
1711250100000,1.08065,1.08065,1.08065,1.08065,0
1711251000000,1.08065,1.08065,1.08065,1.08065,0
1711251900000,1.08065,1.08065,1.08065,1.08065,0
1711252800000,1.08065,1.08065,1.08065,1.08065,0
1711253700000,1.08065,1.08065,1.08065,1.08065,0
1711254600000,1.08065,1.08065,1.08065,1.08065,0
1711255500000,1.08065,1.08065,1.08065,1.08065,0
1711256400000,1.08065,1.08065,1.08065,1.08065,0
1711257300000,1.08065,1.08065,1.08065,1.08065,0
1711258200000,1.08065,1.08065,1.08065,1.08065,0
1711259100000,1.08065,1.08065,1.08065,1.08065,0
1711260000000,1.08065,1.08065,1.08065,1.08065,0
1711260900000,1.08065,1.08065,1.08065,1.08065,0
1711261800000,1.08065,1.08065,1.08065,1.08065,0
1711262700000,1.08065,1.08065,1.08065,1.08065,0
1711263600000,1.08065,1.08065,1.08065,1.08065,0
1711264500000,1.08065,1.08065,1.08065,1.08065,0
1711265400000,1.08065,1.08065,1.08065,1.08065,0
1711266300000,1.08065,1.08065,1.08065,1.08065,0
1711267200000,1.08065,1.08065,1.08065,1.08065,0
1711268100000,1.08065,1.08065,1.08065,1.08065,0
1711269000000,1.08065,1.08065,1.08065,1.08065,0
1711269900000,1.08065,1.08065,1.08065,1.08065,0
1711270800000,1.08065,1.08065,1.08065,1.08065,0
1711271700000,1.08065,1.08065,1.08065,1.08065,0
1711272600000,1.08065,1.08065,1.08065,1.08065,0
1711273500000,1.08065,1.08065,1.08065,1.08065,0
1711274400000,1.08065,1.08065,1.08065,1.08065,0
1711275300000,1.08065,1.08065,1.08065,1.08065,0
1711276200000,1.08065,1.08065,1.08065,1.08065,0
1711277100000,1.08065,1.08065,1.08065,1.08065,0
1711278000000,1.08065,1.08065,1.08065,1.08065,0
1711278900000,1.08065,1.08065,1.08065,1.08065,0
1711279800000,1.08065,1.08065,1.08065,1.08065,0
1711280700000,1.08065,1.08065,1.08065,1.08065,0
1711281600000,1.08065,1.08065,1.08065,1.08065,0
1711282500000,1.08065,1.08065,1.08065,1.08065,0
1711283400000,1.08065,1.08065,1.08065,1.08065,0
1711284300000,1.08065,1.08065,1.08065,1.08065,0
1711285200000,1.08065,1.08065,1.08065,1.08065,0
1711286100000,1.08065,1.08065,1.08065,1.08065,0
1711287000000,1.08065,1.08065,1.08065,1.08065,0
1711287900000,1.08065,1.08065,1.08065,1.08065,0
1711288800000,1.08065,1.08065,1.08065,1.08065,0
1711289700000,1.08065,1.08065,1.08065,1.08065,0
1711290600000,1.08065,1.08065,1.08065,1.08065,0
1711291500000,1.08065,1.08065,1.08065,1.08065,0
1711292400000,1.08065,1.08065,1.08065,1.08065,0
1711293300000,1.08065,1.08065,1.08065,1.08065,0
1711294200000,1.08065,1.08065,1.08065,1.08065,0
1711295100000,1.08065,1.08065,1.08065,1.08065,0
1711296000000,1.08065,1.08065,1.08065,1.08065,0
1711296900000,1.08065,1.08065,1.08065,1.08065,0
1711297800000,1.08065,1.08065,1.08065,1.08065,0
1711298700000,1.08065,1.08065,1.08065,1.08065,0
1711299600000,1.08065,1.08065,1.08065,1.08065,0
1711300500000,1.08065,1.08065,1.08065,1.08065,0
1711301400000,1.08065,1.08065,1.08065,1.08065,0
1711302300000,1.08065,1.08065,1.08065,1.08065,0
1711303200000,1.08065,1.08065,1.08065,1.08065,0
1711304100000,1.08065,1.08065,1.08065,1.08065,0
1711305000000,1.08065,1.08065,1.08065,1.08065,0
1711305900000,1.08065,1.08065,1.08065,1.08065,0
1711306800000,1.08065,1.08065,1.08065,1.08065,0
1711307700000,1.08065,1.08065,1.08065,1.08065,0
1711308600000,1.08065,1.08065,1.08065,1.08065,0
1711309500000,1.08065,1.08065,1.08065,1.08065,0
1711310400000,1.08065,1.08065,1.08065,1.08065,0
1711311300000,1.08065,1.08065,1.08065,1.08065,0
1711312200000,1.08065,1.08065,1.08065,1.08065,0
1711313100000,1.08065,1.08065,1.08065,1.08065,0
1711314000000,1.08068,1.08081,1.08068,1.08081,45.9
1711314900000,1.08081,1.08087,1.08073,1.08083,65.36
1711315800000,1.08084,1.08101,1.08073,1.08099,39.15
1711316700000,1.08099,1.08104,1.08075,1.08075,68.68
1711317600000,1.08074,1.08081,1.08046,1.08076,255.67
1711318500000,1.08073,1.08079,1.08067,1.08068,147.62
1711319400000,1.08068,1.08076,1.08068,1.08069,181.98
1711320300000,1.08069,1.08084,1.08062,1.08082,306.27
1711321200000,1.08083,1.08097,1.08069,1.08096,1187.09
1711322100000,1.08094,1.08097,1.08081,1.08082,685.87
1711323000000,1.08082,1.08089,1.08073,1.08076,454.96
1711323900000,1.08075,1.08089,1.08066,1.08071,758.47
1711324800000,1.08071,1.08096,1.08068,1.08081,1068.62
1711325700000,1.0808,1.08082,1.08028,1.0803,1049.48
1711326600000,1.08031,1.08042,1.08027,1.08037,753.82
1711327500000,1.08035,1.08042,1.08025,1.08035,2130.59
1711328400000,1.08036,1.0804,1.08021,1.08025,2844.28
1711329300000,1.08026,1.08146,1.08026,1.08133,2151.53
1711330200000,1.08132,1.08196,1.08114,1.08169,2750.32
1711331100000,1.08167,1.08184,1.08155,1.0817,1722.73
1711332000000,1.08169,1.08193,1.08156,1.08186,1450.46
1711332900000,1.08184,1.08184,1.08158,1.08172,1725.77
1711333800000,1.08172,1.08213,1.08169,1.08207,1534.56
1711334700000,1.08208,1.0822,1.08201,1.08215,1794.23
1711335600000,1.08216,1.08217,1.08181,1.0819,1211.54
1711336500000,1.0819,1.08199,1.08162,1.08164,1170.12
1711337400000,1.08162,1.08166,1.08122,1.08128,1736.9
1711338300000,1.08129,1.08145,1.08116,1.08135,1250.37
1711339200000,1.08134,1.0814,1.08119,1.08124,1510.01
1711340100000,1.08125,1.08125,1.08106,1.0812,1483.28
1711341000000,1.0812,1.08139,1.08114,1.08132,925.63
1711341900000,1.08132,1.08139,1.0812,1.08131,605.68
1711342800000,1.08131,1.08145,1.08123,1.08145,922.61
1711343700000,1.08146,1.08155,1.0814,1.08145,1194.74
1711344600000,1.08147,1.08173,1.08145,1.08171,770.44
1711345500000,1.08169,1.08223,1.08148,1.0822,1900.9
1711346400000,1.08219,1.08219,1.08174,1.08191,2106.62
1711347300000,1.08191,1.08194,1.08171,1.0819,1619.26
1711348200000,1.0819,1.0819,1.08169,1.08179,886.6
1711349100000,1.08179,1.08182,1.08163,1.08174,819.69
1711350000000,1.08173,1.08204,1.08148,1.08204,1227.2
1711350900000,1.08202,1.08203,1.08179,1.08184,1085.01
1711351800000,1.08183,1.08228,1.08162,1.08221,1740.55
1711352700000,1.08221,1.08227,1.08137,1.08137,2315.7
1711353600000,1.08138,1.0821,1.08119,1.08209,2549.88
1711354500000,1.08209,1.08237,1.08183,1.08194,2352.88
1711355400000,1.08193,1.08203,1.08071,1.08072,3566.46
1711356300000,1.08073,1.08147,1.08073,1.08137,2040.5
1711357200000,1.08137,1.08158,1.08116,1.08149,1504.61
1711358100000,1.08148,1.0819,1.08138,1.08174,1156.48
1711359000000,1.08174,1.082,1.0815,1.08196,1005.72
1711359900000,1.08195,1.08215,1.08169,1.08176,1595.98
1711360800000,1.08174,1.08201,1.08166,1.08189,1476.61
1711361700000,1.08188,1.08218,1.08183,1.08195,1208.74
1711362600000,1.08195,1.082,1.08174,1.08177,1526.54
1711363500000,1.08177,1.08195,1.08163,1.08179,1499.57
1711364400000,1.08178,1.08205,1.08165,1.082,1419.98
1711365300000,1.08199,1.0823,1.08191,1.08229,1020.22
1711366200000,1.08229,1.08254,1.08223,1.08251,1522.76
1711367100000,1.08249,1.08295,1.08246,1.08284,1146.41
1711368000000,1.08282,1.0831,1.08279,1.08287,2478.61
1711368900000,1.08287,1.0832,1.08285,1.08313,1995.48
1711369800000,1.08313,1.08338,1.083,1.08337,1757.18
1711370700000,1.08336,1.08339,1.08302,1.08306,1829.92
1711371600000,1.08305,1.08373,1.08296,1.08369,1585.61
1711372500000,1.08369,1.08371,1.08291,1.08293,2590.94
1711373400000,1.08292,1.08373,1.08291,1.08354,2012.75
1711374300000,1.08353,1.08378,1.08348,1.08351,1972.03
1711375200000,1.08349,1.0839,1.08338,1.08389,2762.92
1711376100000,1.08392,1.08424,1.08385,1.08413,1641.26
1711377000000,1.08412,1.08413,1.0836,1.08367,3462.89
1711377900000,1.0837,1.084,1.08367,1.08389,2376.24
1711378800000,1.08391,1.08391,1.08315,1.08332,3369.69
1711379700000,1.08332,1.08348,1.08323,1.0833,1065.63
1711380600000,1.08331,1.08374,1.08329,1.0837,1177.02
1711381500000,1.0837,1.08387,1.08356,1.08366,1670.9
1711382400000,1.08366,1.08376,1.0833,1.08353,1720.22
1711383300000,1.08353,1.08369,1.08342,1.08369,1184.57
1711384200000,1.08369,1.08381,1.08347,1.08369,795.84
1711385100000,1.08369,1.0837,1.08356,1.08366,625.04
1711386000000,1.08365,1.08372,1.08345,1.08351,1722.32
1711386900000,1.08349,1.08371,1.08332,1.0837,1496.09
1711387800000,1.0837,1.08378,1.0836,1.08372,1062.6
1711388700000,1.08373,1.08377,1.08356,1.08364,737.13
1711389600000,1.08364,1.08369,1.08349,1.08352,515.27
1711390500000,1.08352,1.08369,1.08351,1.08366,619.44
1711391400000,1.08366,1.08367,1.08361,1.08362,704.23
1711392300000,1.08361,1.08369,1.08355,1.08358,820.57
1711393200000,1.08359,1.08378,1.08356,1.08364,1022.72
1711394100000,1.08364,1.08388,1.08364,1.08388,673.16
1711395000000,1.08386,1.08398,1.08384,1.08394,709.89
1711395900000,1.08394,1.08399,1.0839,1.08391,660.81
1711396800000,1.08393,1.08393,1.08387,1.0839,456.75
1711397700000,1.08389,1.08409,1.08383,1.08388,395.16
1711398600000,1.08387,1.08392,1.08371,1.08377,482.29
1711399500000,1.08377,1.08377,1.08356,1.0837,976.65
1711400400000,1.08369,1.0837,1.08368,1.08369,39.44
1711401300000,1.08369,1.08369,1.08347,1.08365,1567.96
1711402200000,1.08364,1.08372,1.08352,1.08365,7745.0999
1711403100000,1.08365,1.08371,1.08354,1.08365,2941.41
1711404000000,1.08364,1.08384,1.08361,1.08369,386.55
1711404900000,1.08369,1.08372,1.08368,1.08368,148.05
1711405800000,1.08369,1.08379,1.08368,1.08378,479.03
1711406700000,1.08379,1.08381,1.08368,1.08369,229.5
1711407600000,1.0837,1.08383,1.08362,1.08374,670.86
1711408500000,1.08374,1.08379,1.08363,1.08374,207.68
1711409400000,1.08374,1.0838,1.08374,1.08379,187.82
1711410300000,1.08379,1.08384,1.08365,1.0837,323.92
1711411200000,1.0837,1.08384,1.0836,1.08369,981.8
1711412100000,1.08369,1.08386,1.08363,1.08383,611.5
1711413000000,1.08384,1.08405,1.08379,1.08399,686.76
1711413900000,1.08399,1.08427,1.08399,1.08426,933.23
1711414800000,1.08427,1.08429,1.08402,1.08422,988.91
1711415700000,1.08421,1.08454,1.08401,1.08415,1828.99
1711416600000,1.08416,1.08423,1.08395,1.08402,1748.5
1711417500000,1.08402,1.08411,1.08387,1.08405,1079.47
1711418400000,1.08404,1.08415,1.08397,1.08411,833.25
1711419300000,1.08411,1.08437,1.08411,1.08436,235.06
1711420200000,1.08436,1.08442,1.08423,1.08432,835.76
1711421100000,1.08432,1.08436,1.08417,1.08426,827.79
1711422000000,1.08425,1.08441,1.08407,1.08407,783.3
1711422900000,1.08407,1.08422,1.08407,1.08416,792.4
1711423800000,1.08414,1.08417,1.08358,1.0836,1139.8
1711424700000,1.08361,1.08372,1.0836,1.08367,721.92
1711425600000,1.08368,1.08385,1.08364,1.08381,434.67
1711426500000,1.08381,1.084,1.08374,1.08398,750.51
1711427400000,1.08397,1.08407,1.0839,1.08397,786.61
1711428300000,1.08396,1.0841,1.08391,1.08401,517.01
1711429200000,1.084,1.08424,1.08397,1.08424,909.2
1711430100000,1.08424,1.08434,1.08414,1.0843,753.92
1711431000000,1.08431,1.08445,1.08429,1.08444,1063.75
1711431900000,1.08444,1.08481,1.08444,1.08471,688.51
1711432800000,1.0847,1.08494,1.0847,1.08485,1266.23
1711433700000,1.08484,1.08495,1.08462,1.08495,2015.33
1711434600000,1.08496,1.0852,1.08495,1.085,955.77
1711435500000,1.085,1.08517,1.08484,1.08508,1119.52
1711436400000,1.08507,1.08529,1.0849,1.08506,1566.96
1711437300000,1.08506,1.08507,1.08462,1.08474,2591.83
1711438200000,1.08473,1.08494,1.08428,1.08445,3062.14
1711439100000,1.08444,1.08456,1.08396,1.08422,2028.25
1711440000000,1.08421,1.0843,1.08386,1.0841,3152.57
1711440900000,1.0841,1.0846,1.084,1.08457,1651.81
1711441800000,1.08458,1.08516,1.08456,1.08494,2141.67
1711442700000,1.08493,1.08502,1.08452,1.08495,1978.03
1711443600000,1.08495,1.08504,1.08462,1.0847,2109.68
1711444500000,1.08469,1.08535,1.08455,1.08531,2000.22
1711445400000,1.08532,1.08558,1.08514,1.08523,2144.21
1711446300000,1.08523,1.08549,1.08518,1.08536,2904.42
1711447200000,1.08535,1.08593,1.08528,1.08589,2093.06
1711448100000,1.08588,1.08619,1.08571,1.08619,1624.41
1711449000000,1.08618,1.08643,1.08586,1.08593,2614.44
1711449900000,1.08592,1.08592,1.0855,1.08552,2375.22
1711450800000,1.08551,1.08592,1.08539,1.08563,1977.04
1711451700000,1.08562,1.08571,1.08533,1.08548,2027.31
1711452600000,1.08548,1.08598,1.08548,1.08582,1728.06
1711453500000,1.08582,1.08598,1.08565,1.08568,1590.06
1711454400000,1.08569,1.08581,1.08552,1.08579,2421.68
1711455300000,1.08579,1.08593,1.08491,1.08514,2113.14
1711456200000,1.08515,1.08562,1.08494,1.08508,3864.48
1711457100000,1.08509,1.08531,1.08486,1.08519,2968.19
1711458000000,1.0852,1.08584,1.08512,1.08574,2701.11
1711458900000,1.08575,1.08584,1.08504,1.08524,2845.44
1711459800000,1.08524,1.08532,1.08468,1.08505,4039.31
1711460700000,1.08507,1.08536,1.08479,1.08528,2939.22
1711461600000,1.08528,1.08548,1.08478,1.08484,4736.88
1711462500000,1.08485,1.08487,1.08412,1.08422,3379.69
1711463400000,1.0842,1.08459,1.08379,1.08429,3193.22
1711464300000,1.08427,1.08432,1.08382,1.0841,2913.75
1711465200000,1.08412,1.08416,1.08365,1.08373,2096.83
1711466100000,1.08374,1.08441,1.08368,1.08413,2506.84
1711467000000,1.08414,1.08415,1.08328,1.08329,2550.56
1711467900000,1.08333,1.08367,1.08252,1.08281,4284.09
1711468800000,1.0828,1.08321,1.08274,1.08288,3045.86
1711469700000,1.08288,1.08294,1.08242,1.08278,1975.92
1711470600000,1.08279,1.08297,1.08278,1.08292,1416.32
1711471500000,1.0829,1.08322,1.08282,1.08282,1653.24
1711472400000,1.08282,1.08348,1.08267,1.08347,1610.6
1711473300000,1.08347,1.08347,1.08322,1.08341,956.62
1711474200000,1.08341,1.08357,1.0833,1.0833,667.46
1711475100000,1.0833,1.08332,1.08303,1.08305,1215.6
1711476000000,1.08304,1.0832,1.08297,1.08298,1533.9
1711476900000,1.08299,1.08333,1.08298,1.08332,839.71
1711477800000,1.08332,1.08346,1.08325,1.08346,791.74
1711478700000,1.08345,1.08345,1.08318,1.08327,880.75
1711479600000,1.08327,1.08348,1.08319,1.08341,954.19
1711480500000,1.08342,1.08349,1.0833,1.08331,584.22
1711481400000,1.0833,1.08341,1.08317,1.08335,1870.64
1711482300000,1.08335,1.0834,1.08285,1.08286,1571.25
1711483200000,1.08287,1.08301,1.08284,1.08295,829.66
1711484100000,1.08294,1.08307,1.08292,1.08305,202.8
1711485000000,1.08305,1.08315,1.083,1.08301,641.33
1711485900000,1.083,1.08319,1.08298,1.08308,797.9
1711486800000,1.08304,1.08317,1.083,1.08315,517.75
1711487700000,1.08316,1.0832,1.08311,1.0832,196.25
1711488600000,1.0832,1.08323,1.08317,1.08322,1010.97
1711489500000,1.08321,1.08323,1.08316,1.08317,1169.64
1711490400000,1.0833,1.08331,1.08317,1.08321,405.12
1711491300000,1.08321,1.08326,1.08321,1.08323,188.1
1711492200000,1.08323,1.08325,1.08318,1.08324,314.46
1711493100000,1.08325,1.08328,1.08323,1.08324,565.78
1711494000000,1.08324,1.08329,1.08322,1.08328,564.13
1711494900000,1.0833,1.0833,1.08309,1.08309,541.44
1711495800000,1.08309,1.08326,1.08303,1.08325,529.17
1711496700000,1.08325,1.08327,1.08314,1.08325,236.96
1711497600000,1.08326,1.08327,1.08316,1.08318,1028.25
1711498500000,1.08319,1.08319,1.08285,1.083,839.42
1711499400000,1.08299,1.083,1.08274,1.08292,1108.84
1711500300000,1.08292,1.08311,1.08287,1.08295,913.01
1711501200000,1.08295,1.08304,1.0829,1.08303,1149.55
1711502100000,1.08303,1.08308,1.08237,1.08245,2149.22
1711503000000,1.08244,1.08249,1.08205,1.08223,3579.62
1711503900000,1.08223,1.08235,1.08214,1.08233,1501.69
1711504800000,1.08234,1.08251,1.08233,1.08248,824.52
1711505700000,1.08249,1.08251,1.08239,1.08249,888.71
1711506600000,1.08248,1.08277,1.08247,1.08259,1088.52
1711507500000,1.08259,1.08278,1.08254,1.08258,975.91
1711508400000,1.08258,1.0827,1.08241,1.08259,1408.84
1711509300000,1.08261,1.08279,1.08253,1.0827,853.9
1711510200000,1.08269,1.08277,1.0825,1.08261,977.96
1711511100000,1.0826,1.0827,1.08256,1.08261,483.07
1711512000000,1.08262,1.08291,1.08261,1.08289,552.5
1711512900000,1.0829,1.08299,1.08286,1.08295,698.76
1711513800000,1.08294,1.083,1.08291,1.08294,429.31
1711514700000,1.08295,1.08303,1.08293,1.08298,300.02
1711515600000,1.08298,1.08298,1.08284,1.08285,760.34
1711516500000,1.08282,1.08282,1.08273,1.08277,189.92
1711517400000,1.08278,1.08293,1.08276,1.08283,528.49
1711518300000,1.08281,1.08291,1.08253,1.08261,1403.26
1711519200000,1.08261,1.08296,1.08245,1.08285,1701.45
1711520100000,1.08286,1.08296,1.08247,1.08261,1345.84
1711521000000,1.08262,1.08291,1.0826,1.0829,1089.71
1711521900000,1.0829,1.08325,1.0829,1.08321,1588.42
1711522800000,1.08322,1.08322,1.08282,1.08297,1953.07
1711523700000,1.08299,1.08337,1.08264,1.08272,1617.48
1711524600000,1.08271,1.08291,1.08239,1.08261,2260.98
1711525500000,1.0826,1.08277,1.08229,1.08262,2760.96
1711526400000,1.08262,1.08279,1.08212,1.08251,2876.14
1711527300000,1.08252,1.08263,1.08232,1.08239,1917.57
1711528200000,1.0824,1.08273,1.08237,1.08267,1883.4
1711529100000,1.08265,1.08302,1.08263,1.08286,1782.96
1711530000000,1.08286,1.08369,1.08276,1.08364,4052.78
1711530900000,1.08364,1.0839,1.08351,1.08356,2765.01
1711531800000,1.08356,1.08358,1.08306,1.08306,3776.19
1711532700000,1.08306,1.0831,1.08266,1.08276,2635.93
1711533600000,1.08277,1.08296,1.0826,1.08282,2474.06
1711534500000,1.08283,1.08302,1.08261,1.08293,1843.86
1711535400000,1.08293,1.08343,1.08291,1.08315,1150.86
1711536300000,1.08314,1.08347,1.08307,1.08328,1772.55
1711537200000,1.08327,1.08335,1.08298,1.08319,2204.48
1711538100000,1.08319,1.08338,1.08311,1.08328,1355.16
1711539000000,1.08328,1.08352,1.08288,1.08289,1253.42
1711539900000,1.08287,1.08289,1.0818,1.08209,2322.1
1711540800000,1.08209,1.08216,1.0815,1.08171,2164.93
1711541700000,1.08172,1.08199,1.08165,1.08169,1250.24
1711542600000,1.0817,1.08196,1.08156,1.08175,2066.44
1711543500000,1.08176,1.08203,1.08174,1.08189,2329.91
1711544400000,1.08188,1.08189,1.0815,1.08162,3241.64
1711545300000,1.08164,1.08188,1.0815,1.08173,3031.64
1711546200000,1.08172,1.08173,1.08108,1.08127,2611.97
1711547100000,1.08128,1.08192,1.08128,1.08169,1721.6
1711548000000,1.08169,1.08179,1.08137,1.08147,2991.49
1711548900000,1.08146,1.08186,1.08142,1.08157,2233.21
1711549800000,1.08158,1.08212,1.08157,1.08181,2746.22
1711550700000,1.08182,1.08193,1.0814,1.08146,2988.18
1711551600000,1.08145,1.08204,1.08138,1.08202,2566.54
1711552500000,1.08202,1.08214,1.08173,1.08188,1626.94
1711553400000,1.08188,1.08223,1.08183,1.08199,1768.58
1711554300000,1.08197,1.08224,1.0818,1.08203,2814.21
1711555200000,1.08202,1.08235,1.08202,1.0821,2192.47
1711556100000,1.0821,1.08212,1.08187,1.0821,2633.21
1711557000000,1.0821,1.08236,1.08209,1.08236,1802.07
1711557900000,1.08236,1.08257,1.08225,1.08231,1326.5
1711558800000,1.0823,1.08249,1.08174,1.08174,1909.34
1711559700000,1.08175,1.08212,1.08175,1.08205,1144.18
1711560600000,1.08204,1.08221,1.08187,1.08203,1140.08
1711561500000,1.08204,1.08217,1.0819,1.08191,1473.98
1711562400000,1.08192,1.08205,1.08184,1.08198,1156.75
1711563300000,1.08199,1.08206,1.0819,1.08198,1081.59
1711564200000,1.08198,1.08218,1.08197,1.08215,603.81
1711565100000,1.08215,1.08231,1.08205,1.08223,673.13
1711566000000,1.08222,1.0823,1.08205,1.08212,1136.64
1711566900000,1.08211,1.08233,1.08208,1.08232,1162.05
1711567800000,1.08233,1.08249,1.0823,1.08245,555.24
1711568700000,1.08244,1.08275,1.0823,1.0827,1217.56
1711569600000,1.0827,1.0829,1.08262,1.08275,565.82
1711570500000,1.08276,1.08283,1.08271,1.08277,264.63
1711571400000,1.08277,1.08285,1.08271,1.0828,406.82
1711572300000,1.0828,1.08282,1.08271,1.08271,620.98
1711573200000,1.08271,1.08271,1.08235,1.08263,378.71
1711574100000,1.08263,1.08274,1.08252,1.08261,2000.87
1711575000000,1.08261,1.08269,1.08255,1.08261,2388.78
1711575900000,1.08263,1.08266,1.08256,1.08258,1700.1
1711576800000,1.08259,1.0827,1.08124,1.08126,1547.91
1711577700000,1.08124,1.08168,1.08124,1.08167,556.09
1711578600000,1.08166,1.0817,1.08133,1.08154,606.9
1711579500000,1.08156,1.08158,1.08101,1.08135,980.44
1711580400000,1.08136,1.0814,1.08111,1.08125,1415.66
1711581300000,1.08125,1.08148,1.08119,1.08134,657.95
1711582200000,1.08138,1.08148,1.08127,1.08128,505.73
1711583100000,1.08128,1.08137,1.0812,1.08123,782.16
1711584000000,1.08123,1.08139,1.0808,1.08084,1169.83
1711584900000,1.08084,1.08148,1.0808,1.08136,928.45
1711585800000,1.08138,1.08156,1.08138,1.08145,1119.92
1711586700000,1.08145,1.08202,1.08145,1.08175,1356.7
1711587600000,1.08173,1.0818,1.08157,1.08177,866.03
1711588500000,1.08177,1.08187,1.08159,1.0818,1475.09
1711589400000,1.08181,1.08191,1.08149,1.08155,2076.3
1711590300000,1.08156,1.08184,1.08155,1.08178,1497.02
1711591200000,1.08177,1.08229,1.08175,1.08228,1020.64
1711592100000,1.08231,1.0825,1.08231,1.08246,1083.99
1711593000000,1.08244,1.0826,1.08225,1.08227,841.34
1711593900000,1.08228,1.08231,1.08208,1.08222,1172.85
1711594800000,1.08221,1.08236,1.08212,1.08235,956.52
1711595700000,1.08237,1.08242,1.08226,1.08235,789.79
1711596600000,1.08236,1.08237,1.08225,1.0823,645.24
1711597500000,1.0823,1.0823,1.08213,1.08216,444.65
1711598400000,1.08215,1.08224,1.08203,1.08224,379.75
1711599300000,1.08225,1.08243,1.08223,1.08233,325.67
1711600200000,1.08234,1.08235,1.0822,1.08226,734.94
1711601100000,1.08227,1.0824,1.08227,1.08234,327.67
1711602000000,1.08235,1.0824,1.08224,1.08224,682.15
1711602900000,1.08226,1.08237,1.08219,1.08235,370.35
1711603800000,1.08237,1.08257,1.08234,1.08255,563.36
1711604700000,1.08255,1.08265,1.08234,1.08238,768.62
1711605600000,1.08238,1.08239,1.08208,1.08212,824.85
1711606500000,1.0821,1.08218,1.08202,1.08212,640.48
1711607400000,1.08211,1.08213,1.08182,1.0819,602.27
1711608300000,1.0819,1.0819,1.0815,1.08178,788.89
1711609200000,1.08178,1.08185,1.08113,1.08119,1137.92
1711610100000,1.0812,1.08129,1.08029,1.08041,1952.25
1711611000000,1.08042,1.08055,1.08013,1.08052,1708.33
1711611900000,1.08051,1.08055,1.08003,1.08007,1740.72
1711612800000,1.08008,1.0802,1.07897,1.07916,3164.97
1711613700000,1.07915,1.07943,1.07899,1.07923,1636.51
1711614600000,1.07924,1.07942,1.07904,1.07913,1491.12
1711615500000,1.07912,1.07926,1.079,1.07919,1428.5
1711616400000,1.07918,1.07919,1.07813,1.07814,2857.38
1711617300000,1.07813,1.07813,1.07771,1.07797,2151.37
1711618200000,1.07797,1.0782,1.07794,1.078,985.96
1711619100000,1.078,1.07802,1.07751,1.07755,1863.81
1711620000000,1.07754,1.07814,1.07751,1.07805,1670.16
1711620900000,1.07805,1.0786,1.07804,1.07856,1059.13
1711621800000,1.07857,1.07929,1.07857,1.07908,1423.53
1711622700000,1.07909,1.07922,1.07887,1.07892,3506.66
1711623600000,1.07893,1.07919,1.07888,1.07905,1764.82
1711624500000,1.07906,1.07948,1.07905,1.07938,905.66
1711625400000,1.07938,1.07945,1.07888,1.07889,1160.63
1711626300000,1.07888,1.07891,1.07827,1.07839,2304
1711627200000,1.07839,1.07896,1.07835,1.0788,1934.46
1711628100000,1.07879,1.07894,1.07855,1.07889,2046.76
1711629000000,1.07891,1.07952,1.07859,1.07952,5086.42
1711629900000,1.07951,1.08088,1.07926,1.08082,5520.68
1711630800000,1.08081,1.0818,1.08076,1.08087,8142.7401
1711631700000,1.0809,1.08098,1.08052,1.08075,4002.65
1711632600000,1.08076,1.08099,1.08028,1.08058,4051.0999
1711633500000,1.08057,1.08157,1.08053,1.08123,4481.09
1711634400000,1.08126,1.08188,1.08063,1.08069,8185.27
1711635300000,1.0807,1.08074,1.08027,1.08046,3515
1711636200000,1.08048,1.08084,1.08037,1.08067,3947.46
1711637100000,1.08069,1.08078,1.07977,1.08002,5996.02
1711638000000,1.08003,1.08003,1.07939,1.07966,4228.05
1711638900000,1.07966,1.08028,1.0795,1.08013,2803.82
1711639800000,1.08013,1.08053,1.08001,1.08024,2231.85
1711640700000,1.08025,1.08074,1.0795,1.08013,6179.95
1711641600000,1.08012,1.08012,1.07927,1.07967,4360.47
1711642500000,1.07968,1.08033,1.07967,1.08027,1615.12
1711643400000,1.08026,1.08052,1.08009,1.08034,2051.03
1711644300000,1.08034,1.08052,1.07986,1.07993,2896.91
1711645200000,1.07992,1.08019,1.07981,1.08001,2285.5
1711646100000,1.08001,1.08002,1.07971,1.07982,1174.11
1711647000000,1.07984,1.07984,1.07956,1.07958,1299.68
1711647900000,1.07958,1.07984,1.07951,1.07962,1162.03
1711648800000,1.07962,1.07985,1.07931,1.07933,1486.28
1711649700000,1.07935,1.07938,1.07912,1.07917,1906.41
1711650600000,1.07919,1.07933,1.07905,1.07913,872.93
1711651500000,1.07913,1.07914,1.0786,1.07874,1600.43
1711652400000,1.07873,1.07884,1.07856,1.07856,1161.03
1711653300000,1.07857,1.07884,1.07846,1.07883,1344.72
1711654200000,1.07884,1.0789,1.07873,1.07876,722.52
1711655100000,1.07876,1.07892,1.07867,1.07879,1717.42
1711656000000,1.07878,1.0788,1.07849,1.07865,594.77
1711656900000,1.07864,1.07875,1.07862,1.07874,467.97
1711657800000,1.07876,1.07884,1.07873,1.07877,347.67
1711658700000,1.07878,1.07887,1.07864,1.07883,1147.65
1711659600000,1.07897,1.07904,1.07849,1.07891,929.93
1711660500000,1.07893,1.07896,1.0788,1.07888,1510.56
1711661400000,1.07887,1.07901,1.07883,1.07887,3099.83
1711662300000,1.07888,1.079,1.07881,1.07893,2661.84
1711663200000,1.07892,1.07935,1.07869,1.07902,1251.4
1711664100000,1.07911,1.0792,1.07872,1.07883,2633.46
1711665000000,1.07884,1.0789,1.07881,1.07885,2139.3
1711665900000,1.07884,1.07893,1.0787,1.07874,1369.8
1711666800000,1.07874,1.07904,1.07864,1.07878,1440.9
1711667700000,1.07878,1.07921,1.07878,1.07901,5777.2
1711668600000,1.07901,1.07903,1.07887,1.07897,6618.51
1711669500000,1.07896,1.07917,1.07891,1.07911,4115.78
1711670400000,1.07912,1.07913,1.0787,1.07881,2488.53
1711671300000,1.07882,1.07882,1.07846,1.07862,1191.19
1711672200000,1.07862,1.0787,1.0785,1.0787,2401.7
1711673100000,1.0787,1.07908,1.07833,1.07838,3853.3901
1711674000000,1.07839,1.07848,1.0783,1.07832,920.55
1711674900000,1.07832,1.07839,1.07807,1.0781,2212.06
1711675800000,1.07812,1.07812,1.07788,1.07789,1660.61
1711676700000,1.0779,1.078,1.07758,1.07759,896.38
1711677600000,1.0776,1.07775,1.07736,1.07769,1167.24
1711678500000,1.07769,1.0779,1.07749,1.07772,2472.87
1711679400000,1.07772,1.07794,1.07768,1.07788,2439.91
1711680300000,1.07787,1.07793,1.07763,1.07788,1309.32
1711681200000,1.07788,1.07795,1.07774,1.07779,949.72
1711682100000,1.07779,1.07781,1.07752,1.07754,1189.78
1711683000000,1.07755,1.07756,1.07748,1.07748,252.81
1711683900000,1.07747,1.07753,1.07743,1.07743,628.92
1711684800000,1.07743,1.07758,1.07741,1.07755,150.97
1711685700000,1.07755,1.07765,1.07754,1.07761,622.09
1711686600000,1.07761,1.07765,1.0775,1.07754,2193.38
1711687500000,1.07754,1.07769,1.07751,1.07766,1183
1711688400000,1.07765,1.07778,1.07759,1.07761,1147.75
1711689300000,1.07765,1.07765,1.07741,1.07745,1203.05
1711690200000,1.07745,1.07754,1.07744,1.0775,734.65
1711691100000,1.07751,1.07753,1.07748,1.0775,616.91
1711692000000,1.07752,1.07755,1.07744,1.07748,873.32
1711692900000,1.07748,1.07753,1.07744,1.07747,718.41
1711693800000,1.07747,1.07767,1.07746,1.07758,565.59
1711694700000,1.07757,1.0776,1.07754,1.07756,591.41
1711695600000,1.07756,1.07776,1.07754,1.0777,982.9
1711696500000,1.0777,1.07775,1.07768,1.0777,1188.38
1711697400000,1.07772,1.07815,1.07769,1.07788,1256.12
1711698300000,1.07802,1.07813,1.07678,1.0768,2810.76
1711699200000,1.0768,1.07714,1.07679,1.07713,906.69
1711700100000,1.0771,1.07733,1.07704,1.07731,1648.72
1711701000000,1.0773,1.07749,1.07718,1.07742,1973.4
1711701900000,1.07742,1.07788,1.0774,1.07786,1031.22
1711702800000,1.07786,1.07786,1.07755,1.07759,573.09
1711703700000,1.07759,1.07762,1.07725,1.0775,2503.54
1711704600000,1.0775,1.07775,1.07734,1.07772,1628.37
1711705500000,1.07773,1.07821,1.07768,1.07821,3755.86
1711706400000,1.07821,1.07845,1.07813,1.07826,1908.03
1711707300000,1.07825,1.07864,1.07818,1.07848,1568.56
1711708200000,1.07846,1.07879,1.07832,1.07839,2520.94
1711709100000,1.07838,1.07849,1.07818,1.0784,2410.62
1711710000000,1.07841,1.07878,1.0784,1.07869,4630.54
1711710900000,1.07869,1.07916,1.07864,1.07886,3819.41
1711711800000,1.07887,1.07904,1.0787,1.07877,2624.46
1711712700000,1.07877,1.07878,1.07862,1.07867,1495.74
1711713600000,1.07868,1.07874,1.07861,1.07863,1985.33
1711714500000,1.07865,1.0787,1.07796,1.07796,2164.01
1711715400000,1.07803,1.08051,1.07801,1.07977,4640.0301
1711716300000,1.07976,1.07986,1.07936,1.07979,3528.2
1711717200000,1.07978,1.07994,1.07977,1.07994,1839.86
1711718100000,1.07994,1.08033,1.07977,1.0799,4036.0401
1711719000000,1.07984,1.07993,1.07938,1.07946,3679.38
1711719900000,1.07947,1.07988,1.07942,1.07981,1487.89
1711720800000,1.07983,1.07989,1.07961,1.07972,3524.84
1711721700000,1.07972,1.07978,1.07958,1.07958,705.27
1711722600000,1.07956,1.07962,1.07949,1.07961,1304.98
1711723500000,1.07959,1.07966,1.0794,1.07953,2311.42
1711724400000,1.07952,1.0796,1.0788,1.07893,2458.42
1711725300000,1.07894,1.07919,1.07885,1.07907,4520.78
1711726200000,1.07908,1.07911,1.07895,1.07898,2357.2801
1711727100000,1.07897,1.07921,1.07883,1.07919,9833.4099
1711728000000,1.0792,1.07926,1.07882,1.07883,1904.87
1711728900000,1.07883,1.07893,1.07878,1.07881,130.35
1711729800000,1.07882,1.07884,1.07868,1.07869,302.4
1711730700000,1.0787,1.07881,1.07867,1.07877,5028.03
1711731600000,1.07877,1.07891,1.07873,1.07877,947.19
1711732500000,1.07876,1.07884,1.07874,1.07879,1976.61
1711733400000,1.07877,1.07887,1.07876,1.07877,685.23
1711734300000,1.07876,1.07891,1.07875,1.07881,661.27
1711735200000,1.07882,1.07899,1.07876,1.07887,1320.3
1711736100000,1.07888,1.07898,1.07887,1.07889,1115.1
1711737000000,1.0789,1.07897,1.07889,1.07893,618.3
1711737900000,1.07893,1.07896,1.07885,1.07893,1010.97
1711738800000,1.07893,1.07899,1.07881,1.07888,487.08
1711739700000,1.07887,1.07926,1.07887,1.07915,2753.52
1711740600000,1.07915,1.07931,1.07913,1.07914,1130.38
1711741500000,1.07913,1.07922,1.079,1.07904,2313.02
1711742400000,1.07904,1.07924,1.07901,1.07914,2219.4
1711743300000,1.07916,1.07951,1.07898,1.07934,6613.81
1711744200000,1.07933,1.0795,1.07908,1.07917,3962.96
1711745100000,1.07916,1.07941,1.07898,1.07898,2993.04
1711746000000,1.07898,1.07898,1.07898,1.07898,0
1711746900000,1.07898,1.07898,1.07898,1.07898,0
1711747800000,1.07898,1.07898,1.07898,1.07898,0
1711748700000,1.07898,1.07898,1.07898,1.07898,0
1711749600000,1.07898,1.07898,1.07898,1.07898,0
1711750500000,1.07898,1.07898,1.07898,1.07898,0
1711751400000,1.07898,1.07898,1.07898,1.07898,0
1711752300000,1.07898,1.07898,1.07898,1.07898,0
1711753200000,1.07898,1.07898,1.07898,1.07898,0
1711754100000,1.07898,1.07898,1.07898,1.07898,0
1711755000000,1.07898,1.07898,1.07898,1.07898,0
1711755900000,1.07898,1.07898,1.07898,1.07898,0
1711756800000,1.07898,1.07898,1.07898,1.07898,0
1711757700000,1.07898,1.07898,1.07898,1.07898,0
1711758600000,1.07898,1.07898,1.07898,1.07898,0
1711759500000,1.07898,1.07898,1.07898,1.07898,0
1711760400000,1.07898,1.07898,1.07898,1.07898,0
1711761300000,1.07898,1.07898,1.07898,1.07898,0
1711762200000,1.07898,1.07898,1.07898,1.07898,0
1711763100000,1.07898,1.07898,1.07898,1.07898,0
1711764000000,1.07898,1.07898,1.07898,1.07898,0
1711764900000,1.07898,1.07898,1.07898,1.07898,0
1711765800000,1.07898,1.07898,1.07898,1.07898,0
1711766700000,1.07898,1.07898,1.07898,1.07898,0
1711767600000,1.07898,1.07898,1.07898,1.07898,0
1711768500000,1.07898,1.07898,1.07898,1.07898,0
1711769400000,1.07898,1.07898,1.07898,1.07898,0
1711770300000,1.07898,1.07898,1.07898,1.07898,0
1711771200000,1.07898,1.07898,1.07898,1.07898,0
1711772100000,1.07898,1.07898,1.07898,1.07898,0
1711773000000,1.07898,1.07898,1.07898,1.07898,0
1711773900000,1.07898,1.07898,1.07898,1.07898,0
1711774800000,1.07898,1.07898,1.07898,1.07898,0
1711775700000,1.07898,1.07898,1.07898,1.07898,0
1711776600000,1.07898,1.07898,1.07898,1.07898,0
1711777500000,1.07898,1.07898,1.07898,1.07898,0
1711778400000,1.07898,1.07898,1.07898,1.07898,0
1711779300000,1.07898,1.07898,1.07898,1.07898,0
1711780200000,1.07898,1.07898,1.07898,1.07898,0
1711781100000,1.07898,1.07898,1.07898,1.07898,0
1711782000000,1.07898,1.07898,1.07898,1.07898,0
1711782900000,1.07898,1.07898,1.07898,1.07898,0
1711783800000,1.07898,1.07898,1.07898,1.07898,0
1711784700000,1.07898,1.07898,1.07898,1.07898,0
1711785600000,1.07898,1.07898,1.07898,1.07898,0
1711786500000,1.07898,1.07898,1.07898,1.07898,0
1711787400000,1.07898,1.07898,1.07898,1.07898,0
1711788300000,1.07898,1.07898,1.07898,1.07898,0
1711789200000,1.07898,1.07898,1.07898,1.07898,0
1711790100000,1.07898,1.07898,1.07898,1.07898,0
1711791000000,1.07898,1.07898,1.07898,1.07898,0
1711791900000,1.07898,1.07898,1.07898,1.07898,0
1711792800000,1.07898,1.07898,1.07898,1.07898,0
1711793700000,1.07898,1.07898,1.07898,1.07898,0
1711794600000,1.07898,1.07898,1.07898,1.07898,0
1711795500000,1.07898,1.07898,1.07898,1.07898,0
1711796400000,1.07898,1.07898,1.07898,1.07898,0
1711797300000,1.07898,1.07898,1.07898,1.07898,0
1711798200000,1.07898,1.07898,1.07898,1.07898,0
1711799100000,1.07898,1.07898,1.07898,1.07898,0
1711800000000,1.07898,1.07898,1.07898,1.07898,0
1711800900000,1.07898,1.07898,1.07898,1.07898,0
1711801800000,1.07898,1.07898,1.07898,1.07898,0
1711802700000,1.07898,1.07898,1.07898,1.07898,0
1711803600000,1.07898,1.07898,1.07898,1.07898,0
1711804500000,1.07898,1.07898,1.07898,1.07898,0
1711805400000,1.07898,1.07898,1.07898,1.07898,0
1711806300000,1.07898,1.07898,1.07898,1.07898,0
1711807200000,1.07898,1.07898,1.07898,1.07898,0
1711808100000,1.07898,1.07898,1.07898,1.07898,0
1711809000000,1.07898,1.07898,1.07898,1.07898,0
1711809900000,1.07898,1.07898,1.07898,1.07898,0
1711810800000,1.07898,1.07898,1.07898,1.07898,0
1711811700000,1.07898,1.07898,1.07898,1.07898,0
1711812600000,1.07898,1.07898,1.07898,1.07898,0
1711813500000,1.07898,1.07898,1.07898,1.07898,0
1711814400000,1.07898,1.07898,1.07898,1.07898,0
1711815300000,1.07898,1.07898,1.07898,1.07898,0
1711816200000,1.07898,1.07898,1.07898,1.07898,0
1711817100000,1.07898,1.07898,1.07898,1.07898,0
1711818000000,1.07898,1.07898,1.07898,1.07898,0
1711818900000,1.07898,1.07898,1.07898,1.07898,0
1711819800000,1.07898,1.07898,1.07898,1.07898,0
1711820700000,1.07898,1.07898,1.07898,1.07898,0
1711821600000,1.07898,1.07898,1.07898,1.07898,0
1711822500000,1.07898,1.07898,1.07898,1.07898,0
1711823400000,1.07898,1.07898,1.07898,1.07898,0
1711824300000,1.07898,1.07898,1.07898,1.07898,0
1711825200000,1.07898,1.07898,1.07898,1.07898,0
1711826100000,1.07898,1.07898,1.07898,1.07898,0
1711827000000,1.07898,1.07898,1.07898,1.07898,0
1711827900000,1.07898,1.07898,1.07898,1.07898,0
1711828800000,1.07898,1.07898,1.07898,1.07898,0
1711829700000,1.07898,1.07898,1.07898,1.07898,0
1711830600000,1.07898,1.07898,1.07898,1.07898,0
1711831500000,1.07898,1.07898,1.07898,1.07898,0
1711832400000,1.07898,1.07898,1.07898,1.07898,0
1711833300000,1.07898,1.07898,1.07898,1.07898,0
1711834200000,1.07898,1.07898,1.07898,1.07898,0
1711835100000,1.07898,1.07898,1.07898,1.07898,0
1711836000000,1.07898,1.07898,1.07898,1.07898,0
1711836900000,1.07898,1.07898,1.07898,1.07898,0
1711837800000,1.07898,1.07898,1.07898,1.07898,0
1711838700000,1.07898,1.07898,1.07898,1.07898,0
1711839600000,1.07898,1.07898,1.07898,1.07898,0
1711840500000,1.07898,1.07898,1.07898,1.07898,0
1711841400000,1.07898,1.07898,1.07898,1.07898,0
1711842300000,1.07898,1.07898,1.07898,1.07898,0
1711843200000,1.07898,1.07898,1.07898,1.07898,0
1711844100000,1.07898,1.07898,1.07898,1.07898,0
1711845000000,1.07898,1.07898,1.07898,1.07898,0
1711845900000,1.07898,1.07898,1.07898,1.07898,0
1711846800000,1.07898,1.07898,1.07898,1.07898,0
1711847700000,1.07898,1.07898,1.07898,1.07898,0
1711848600000,1.07898,1.07898,1.07898,1.07898,0
1711849500000,1.07898,1.07898,1.07898,1.07898,0
1711850400000,1.07898,1.07898,1.07898,1.07898,0
1711851300000,1.07898,1.07898,1.07898,1.07898,0
1711852200000,1.07898,1.07898,1.07898,1.07898,0
1711853100000,1.07898,1.07898,1.07898,1.07898,0
1711854000000,1.07898,1.07898,1.07898,1.07898,0
1711854900000,1.07898,1.07898,1.07898,1.07898,0
1711855800000,1.07898,1.07898,1.07898,1.07898,0
1711856700000,1.07898,1.07898,1.07898,1.07898,0
1711857600000,1.07898,1.07898,1.07898,1.07898,0
1711858500000,1.07898,1.07898,1.07898,1.07898,0
1711859400000,1.07898,1.07898,1.07898,1.07898,0
1711860300000,1.07898,1.07898,1.07898,1.07898,0
1711861200000,1.07898,1.07898,1.07898,1.07898,0
1711862100000,1.07898,1.07898,1.07898,1.07898,0
1711863000000,1.07898,1.07898,1.07898,1.07898,0
1711863900000,1.07898,1.07898,1.07898,1.07898,0
1711864800000,1.07898,1.07898,1.07898,1.07898,0
1711865700000,1.07898,1.07898,1.07898,1.07898,0
1711866600000,1.07898,1.07898,1.07898,1.07898,0
1711867500000,1.07898,1.07898,1.07898,1.07898,0
1711868400000,1.07898,1.07898,1.07898,1.07898,0
1711869300000,1.07898,1.07898,1.07898,1.07898,0
1711870200000,1.07898,1.07898,1.07898,1.07898,0
1711871100000,1.07898,1.07898,1.07898,1.07898,0
1711872000000,1.07898,1.07898,1.07898,1.07898,0
1711872900000,1.07898,1.07898,1.07898,1.07898,0
1711873800000,1.07898,1.07898,1.07898,1.07898,0
1711874700000,1.07898,1.07898,1.07898,1.07898,0
1711875600000,1.07898,1.07898,1.07898,1.07898,0
1711876500000,1.07898,1.07898,1.07898,1.07898,0
1711877400000,1.07898,1.07898,1.07898,1.07898,0
1711878300000,1.07898,1.07898,1.07898,1.07898,0
1711879200000,1.07898,1.07898,1.07898,1.07898,0
1711880100000,1.07898,1.07898,1.07898,1.07898,0
1711881000000,1.07898,1.07898,1.07898,1.07898,0
1711881900000,1.07898,1.07898,1.07898,1.07898,0
1711882800000,1.07898,1.07898,1.07898,1.07898,0
1711883700000,1.07898,1.07898,1.07898,1.07898,0
1711884600000,1.07898,1.07898,1.07898,1.07898,0
1711885500000,1.07898,1.07898,1.07898,1.07898,0
1711886400000,1.07898,1.07898,1.07898,1.07898,0
1711887300000,1.07898,1.07898,1.07898,1.07898,0
1711888200000,1.07898,1.07898,1.07898,1.07898,0
1711889100000,1.07898,1.07898,1.07898,1.07898,0
1711890000000,1.07898,1.07898,1.07898,1.07898,0
1711890900000,1.07898,1.07898,1.07898,1.07898,0
1711891800000,1.07898,1.07898,1.07898,1.07898,0
1711892700000,1.07898,1.07898,1.07898,1.07898,0
1711893600000,1.07898,1.07898,1.07898,1.07898,0
1711894500000,1.07898,1.07898,1.07898,1.07898,0
1711895400000,1.07898,1.07898,1.07898,1.07898,0
1711896300000,1.07898,1.07898,1.07898,1.07898,0
1711897200000,1.07898,1.07898,1.07898,1.07898,0
1711898100000,1.07898,1.07898,1.07898,1.07898,0
1711899000000,1.07898,1.07898,1.07898,1.07898,0
1711899900000,1.07898,1.07898,1.07898,1.07898,0
1711900800000,1.07898,1.07898,1.07898,1.07898,0
1711901700000,1.07898,1.07898,1.07898,1.07898,0
1711902600000,1.07898,1.07898,1.07898,1.07898,0
1711903500000,1.07898,1.07898,1.07898,1.07898,0
1711904400000,1.07898,1.07898,1.07898,1.07898,0
1711905300000,1.07898,1.07898,1.07898,1.07898,0
1711906200000,1.07898,1.07898,1.07898,1.07898,0
1711907100000,1.07898,1.07898,1.07898,1.07898,0
1711908000000,1.07898,1.07898,1.07898,1.07898,0
1711908900000,1.07898,1.07898,1.07898,1.07898,0
1711909800000,1.07898,1.07898,1.07898,1.07898,0
1711910700000,1.07898,1.07898,1.07898,1.07898,0
1711911600000,1.07898,1.07898,1.07898,1.07898,0
1711912500000,1.07898,1.07898,1.07898,1.07898,0
1711913400000,1.07898,1.07898,1.07898,1.07898,0
1711914300000,1.07898,1.07898,1.07898,1.07898,0
1711915200000,1.07898,1.07898,1.07898,1.07898,0
1711916100000,1.07898,1.07898,1.07898,1.07898,0
1711917000000,1.07898,1.07898,1.07898,1.07898,0
1711917900000,1.07898,1.07898,1.07898,1.07898,0
1711918800000,1.07882,1.07927,1.07848,1.07913,386.4
1711919700000,1.07913,1.07935,1.07907,1.07925,641.95
1711920600000,1.07927,1.0793,1.07903,1.07911,637.88
1711921500000,1.07911,1.07926,1.07895,1.07926,746.4275
1711922400000,1.07926,1.07965,1.07855,1.07948,882.645
1711923300000,1.07949,1.07964,1.07923,1.07934,631.24
1711924200000,1.07934,1.07935,1.07881,1.07885,889.53
1711925100000,1.07886,1.07886,1.07855,1.07865,833.67
1711926000000,1.07865,1.07878,1.07854,1.07871,696.14
1711926900000,1.07872,1.07907,1.07869,1.07905,349.53
1711927800000,1.07906,1.07938,1.07905,1.0793,485.9
1711928700000,1.07931,1.07945,1.07912,1.0793,1223.76
1711929600000,1.07932,1.07963,1.07918,1.07952,932.7
1711930500000,1.07951,1.07982,1.07945,1.07971,949.23
1711931400000,1.07969,1.07987,1.0795,1.07953,1081.81
1711932300000,1.07952,1.07965,1.07901,1.07912,1505.97
1711933200000,1.07911,1.07945,1.07897,1.07932,760.45
1711934100000,1.07932,1.07941,1.07911,1.07922,578.65
1711935000000,1.07922,1.07931,1.07892,1.07903,763.14
1711935900000,1.07901,1.07901,1.07856,1.07867,910.54
1711936800000,1.07866,1.0787,1.07848,1.07864,1125.93
1711937700000,1.07865,1.07876,1.07856,1.07876,685.35
1711938600000,1.07874,1.07895,1.07869,1.07889,833.42
1711939500000,1.0789,1.0789,1.07871,1.07877,649.25
1711940400000,1.07878,1.07881,1.07848,1.07861,454.1
1711941300000,1.07862,1.07871,1.07847,1.07851,436.76
1711942200000,1.07852,1.07902,1.07852,1.07894,372.81
1711943100000,1.07892,1.07913,1.07883,1.07903,517.66
1711944000000,1.07902,1.07911,1.07874,1.07882,708.37
1711944900000,1.07881,1.07881,1.07858,1.07864,827.87
1711945800000,1.07865,1.07875,1.07841,1.0785,697.38
1711946700000,1.0785,1.07872,1.0785,1.07867,476.14
1711947600000,1.07866,1.07872,1.07847,1.07848,502.86
1711948500000,1.07847,1.0785,1.07837,1.07838,365.99
1711949400000,1.07838,1.07847,1.07827,1.0783,321.82
1711950300000,1.07829,1.07863,1.07829,1.07853,478.78
1711951200000,1.0785,1.07869,1.07844,1.07869,763.94
1711952100000,1.0787,1.07894,1.07861,1.07892,489.39
1711953000000,1.07893,1.07904,1.07872,1.07881,935.77
1711953900000,1.07883,1.07889,1.07853,1.07865,860.64
1711954800000,1.07865,1.07911,1.07846,1.07906,714.72
1711955700000,1.07905,1.07921,1.07886,1.07902,700.61
1711956600000,1.07904,1.07911,1.07875,1.07881,1355.16
1711957500000,1.07883,1.07883,1.07829,1.07859,1321.34
1711958400000,1.07859,1.07866,1.07831,1.07859,1012.43
1711959300000,1.07859,1.07913,1.07859,1.07907,940.14
1711960200000,1.07906,1.07915,1.0788,1.07897,1256.5
1711961100000,1.07897,1.07908,1.07885,1.07897,1897.38
1711962000000,1.07897,1.07908,1.07878,1.07879,1482.31
1711962900000,1.07878,1.07896,1.07871,1.07878,934.55
1711963800000,1.0788,1.07903,1.07872,1.07878,1071.58
1711964700000,1.07878,1.07888,1.07856,1.0786,930.82
1711965600000,1.0786,1.07866,1.07826,1.07827,1045.28
1711966500000,1.07827,1.07837,1.07807,1.07816,1170.95
1711967400000,1.07816,1.07827,1.07805,1.07806,621.23
1711968300000,1.07806,1.07818,1.07796,1.07813,865.91
1711969200000,1.07813,1.07855,1.07798,1.07848,895.55
1711970100000,1.07847,1.07847,1.07824,1.07837,1093.55
1711971000000,1.07837,1.07875,1.07831,1.07849,1037.67
1711971900000,1.0785,1.07856,1.07835,1.07839,970.31
1711972800000,1.0784,1.07857,1.07793,1.07795,1885.12
1711973700000,1.07793,1.07828,1.07771,1.0779,1923.83
1711974600000,1.07789,1.07815,1.07773,1.07789,2030.97
1711975500000,1.07789,1.07823,1.07771,1.07817,1715.27
1711976400000,1.07817,1.07829,1.07793,1.07795,2293.42
1711977300000,1.07797,1.07811,1.07783,1.07785,1226.25
1711978200000,1.07786,1.07802,1.07761,1.07765,2608.84
1711979100000,1.07768,1.07784,1.07718,1.07734,4769.14
1711980000000,1.07734,1.07734,1.07448,1.07501,10068.5199
1711980900000,1.07501,1.07513,1.07435,1.07439,5170.5
1711981800000,1.07439,1.07487,1.074,1.07402,5488.87
1711982700000,1.07402,1.07465,1.07394,1.07444,3421.32
1711983600000,1.07443,1.07454,1.07394,1.07418,3635.47
1711984500000,1.07419,1.07423,1.07373,1.0738,2926.76
1711985400000,1.07379,1.07387,1.07322,1.07331,2582.87
1711986300000,1.0733,1.07334,1.07309,1.07326,2223.1
1711987200000,1.07327,1.07346,1.07312,1.07345,1806
1711988100000,1.07345,1.07366,1.0734,1.07357,1023.92
1711989000000,1.07357,1.07363,1.07342,1.07359,1536.36
1711989900000,1.07359,1.07368,1.07349,1.07365,1277.18
1711990800000,1.07366,1.07418,1.07366,1.07417,1030.57
1711991700000,1.07415,1.0744,1.07403,1.07422,1572.98
1711992600000,1.07423,1.07424,1.074,1.07411,2061.93
1711993500000,1.07412,1.07419,1.07399,1.07417,1082.82
1711994400000,1.07416,1.07421,1.07403,1.07407,2144.71
1711995300000,1.07406,1.07427,1.07405,1.07409,909.65
1711996200000,1.07407,1.07414,1.07368,1.07376,1068.25
1711997100000,1.07377,1.0739,1.07371,1.07376,838.49
1711998000000,1.07376,1.07427,1.07374,1.07414,1220.27
1711998900000,1.07414,1.0742,1.07397,1.074,995.16
1711999800000,1.07399,1.07417,1.07393,1.07411,1304.66
1712000700000,1.07411,1.07422,1.07401,1.07418,2246.09
1712001600000,1.07418,1.07425,1.07414,1.07423,1035.13
1712002500000,1.07425,1.07426,1.07415,1.07419,472.12
1712003400000,1.07419,1.07424,1.07419,1.07419,483.06
1712004300000,1.07419,1.07432,1.07419,1.0743,796.77
1712005200000,1.07428,1.07431,1.07374,1.07416,898.85
1712006100000,1.07415,1.07446,1.07402,1.0744,778.71
1712007000000,1.07439,1.0744,1.07421,1.07427,411.51
1712007900000,1.07426,1.07438,1.07421,1.07437,265.59
1712008800000,1.07436,1.07437,1.0742,1.07428,280.44
1712009700000,1.07428,1.0743,1.07423,1.07423,242.49
1712010600000,1.07424,1.07424,1.07416,1.07417,304.83
1712011500000,1.07416,1.07425,1.07398,1.07398,589.45
1712012400000,1.07398,1.07398,1.07355,1.07369,1302.88
1712013300000,1.07371,1.07396,1.07357,1.0739,663.56
1712014200000,1.07393,1.07395,1.07369,1.07373,907.79
1712015100000,1.07374,1.0739,1.07366,1.07372,1636.14
1712016000000,1.0737,1.0737,1.07312,1.07344,2690.04
1712016900000,1.07342,1.07358,1.07309,1.07325,2846.6
1712017800000,1.07327,1.07342,1.07319,1.07335,1410.67
1712018700000,1.07336,1.07388,1.07326,1.07371,1821.56
1712019600000,1.07372,1.07372,1.07322,1.07325,1460.76
1712020500000,1.07326,1.07377,1.07302,1.07367,1776.21
1712021400000,1.07367,1.07382,1.07331,1.0734,2351.7
1712022300000,1.07339,1.07343,1.07323,1.0734,1684.87
1712023200000,1.0734,1.0734,1.07298,1.07302,1452.02
1712024100000,1.07303,1.0732,1.07295,1.0732,1002.4
1712025000000,1.0732,1.07332,1.07318,1.07327,718.76
1712025900000,1.07327,1.07353,1.07318,1.07348,482.11
1712026800000,1.07349,1.07362,1.07346,1.07347,619.83
1712027700000,1.07348,1.07348,1.07308,1.0731,603.84
1712028600000,1.0731,1.07327,1.0731,1.07315,495.79
1712029500000,1.07315,1.07315,1.07296,1.073,730.61
1712030400000,1.07302,1.07303,1.07293,1.07301,911.8
1712031300000,1.07302,1.07318,1.07295,1.07318,873.67
1712032200000,1.07319,1.07339,1.07319,1.07339,322.18
1712033100000,1.07338,1.0734,1.07316,1.07331,801.02
1712034000000,1.0733,1.07349,1.07326,1.07341,1124.04
1712034900000,1.0734,1.0734,1.07316,1.07316,1175.77
1712035800000,1.07316,1.07325,1.07302,1.07307,1009
1712036700000,1.07305,1.07314,1.07259,1.07265,1923.41
1712037600000,1.07266,1.07298,1.07249,1.07291,2677.77
1712038500000,1.0729,1.07319,1.07276,1.0731,1502.79
1712039400000,1.07308,1.0732,1.07246,1.07252,2327.23
1712040300000,1.07251,1.07289,1.07251,1.07286,3703.95
1712041200000,1.07286,1.07305,1.0726,1.07302,3896.33
1712042100000,1.07304,1.07332,1.07299,1.07323,1677.03
1712043000000,1.07322,1.07375,1.07322,1.07372,2086.18
1712043900000,1.07373,1.07427,1.07359,1.07418,1831
1712044800000,1.07419,1.07419,1.073,1.07363,5387.02
1712045700000,1.07362,1.07363,1.07264,1.07274,3505.59
1712046600000,1.07276,1.07324,1.07265,1.07318,2633.82
1712047500000,1.07318,1.07327,1.07288,1.07313,2256.01
1712048400000,1.07313,1.07401,1.0731,1.07378,1955.82
1712049300000,1.0738,1.07405,1.07374,1.07392,1671.03
1712050200000,1.07392,1.07408,1.07363,1.07407,1344.34
1712051100000,1.07406,1.0743,1.07378,1.0742,1404.4
1712052000000,1.0742,1.07423,1.07386,1.07402,1733.77
1712052900000,1.07403,1.07428,1.07397,1.07428,1709.2
1712053800000,1.07427,1.07429,1.07388,1.07399,1955.25
1712054700000,1.074,1.07457,1.07397,1.07451,1332.06
1712055600000,1.07451,1.07474,1.07429,1.07457,2034.08
1712056500000,1.07457,1.07464,1.07431,1.07449,2175.3
1712057400000,1.07451,1.07477,1.07445,1.07454,1789.6
1712058300000,1.07454,1.07535,1.0744,1.07515,4233.91
1712059200000,1.07515,1.07561,1.07456,1.07471,5727.48
1712060100000,1.07471,1.07483,1.07455,1.07476,4626.46
1712061000000,1.07477,1.07524,1.07457,1.0749,4116.11
1712061900000,1.07491,1.07506,1.07464,1.07489,3112.28
1712062800000,1.07489,1.07567,1.07479,1.07557,3507.59
1712063700000,1.07556,1.0761,1.07531,1.07602,3378.96
1712064600000,1.07601,1.07683,1.07573,1.0766,4330.07
1712065500000,1.07658,1.07668,1.07612,1.07648,5235.26
1712066400000,1.07648,1.07764,1.07592,1.07713,9066.4501
1712067300000,1.07713,1.0779,1.0769,1.07768,4346.52
1712068200000,1.07768,1.07768,1.07705,1.07724,7619.58
1712069100000,1.07723,1.07738,1.07631,1.07657,6381.6301
1712070000000,1.07658,1.07718,1.07643,1.0768,3278.48
1712070900000,1.07679,1.07706,1.07666,1.07668,3419.89
1712071800000,1.07667,1.07694,1.07657,1.07684,2087.96
1712072700000,1.07684,1.07701,1.07677,1.07689,2433.23
1712073600000,1.07689,1.07702,1.07664,1.07664,1883.22
1712074500000,1.07665,1.07678,1.07647,1.07669,2134.16
1712075400000,1.07668,1.07701,1.07668,1.07688,1495.53
1712076300000,1.07689,1.07696,1.07671,1.07681,1292.42
1712077200000,1.07682,1.07687,1.07657,1.07662,869.44
1712078100000,1.07663,1.07665,1.07647,1.07647,776.34
1712079000000,1.07647,1.07676,1.07644,1.07659,1088.25
1712079900000,1.07659,1.07672,1.07651,1.07672,1599.99
1712080800000,1.07673,1.07684,1.07666,1.07666,920.75
1712081700000,1.07666,1.07667,1.07638,1.07638,913.3
1712082600000,1.07637,1.07639,1.07625,1.07628,1235.46
1712083500000,1.07627,1.07648,1.07622,1.07632,1354.16
1712084400000,1.07635,1.07646,1.07631,1.07635,1167.91
1712085300000,1.07634,1.07634,1.07604,1.07606,830.38
1712086200000,1.07606,1.07649,1.07601,1.07649,728.6
1712087100000,1.07649,1.07682,1.07647,1.0768,1908.38
1712088000000,1.07679,1.07683,1.07657,1.07669,842.4
1712088900000,1.07671,1.0768,1.07661,1.0767,365.79
1712089800000,1.0767,1.07677,1.07667,1.07674,338.16
1712090700000,1.07674,1.07696,1.07673,1.07691,698.34
1712091600000,1.07691,1.07709,1.07689,1.07697,206.05
1712092500000,1.07697,1.07719,1.07696,1.07715,1002.53
1712093400000,1.07715,1.07716,1.077,1.0771,964.8
1712094300000,1.0771,1.07734,1.07705,1.07734,337.96
1712095200000,1.0773,1.07733,1.07698,1.07698,503.9
1712096100000,1.07697,1.07701,1.07693,1.07698,336.33
1712097000000,1.07697,1.0771,1.07692,1.07708,483.42
1712097900000,1.07708,1.07708,1.0768,1.07682,388.14
1712098800000,1.07682,1.07683,1.07672,1.07677,444.63
1712099700000,1.07677,1.07687,1.07673,1.0768,350.83
1712100600000,1.07679,1.07687,1.07675,1.07683,488.94
1712101500000,1.07683,1.07683,1.07666,1.07679,968.53
1712102400000,1.07678,1.07686,1.07659,1.07678,1970.35
1712103300000,1.07677,1.07677,1.0766,1.07667,1129.91
1712104200000,1.07668,1.07677,1.07665,1.07677,1324.73
1712105100000,1.07677,1.07716,1.07675,1.07688,1605.24
1712106000000,1.07688,1.07689,1.07658,1.07679,1301.62
1712106900000,1.07681,1.07695,1.07674,1.07689,1423.25
1712107800000,1.07688,1.07723,1.07675,1.07719,1235.21
1712108700000,1.0772,1.07735,1.0771,1.07721,1212.78
1712109600000,1.07722,1.07747,1.07716,1.07743,1271.93
1712110500000,1.07743,1.07744,1.07728,1.07733,630.74
1712111400000,1.07732,1.07747,1.07729,1.07738,800.4
1712112300000,1.07739,1.07748,1.07731,1.07742,319.08
1712113200000,1.07742,1.07789,1.07741,1.07788,1161.41
1712114100000,1.07789,1.07793,1.07756,1.07758,826.27
1712115000000,1.07758,1.0777,1.07752,1.07767,782.56
1712115900000,1.07768,1.0778,1.07758,1.07772,571.02
1712116800000,1.07773,1.0778,1.07757,1.07779,1094.96
1712117700000,1.07778,1.07779,1.07762,1.07776,773.34
1712118600000,1.07775,1.07777,1.0777,1.07774,847.7
1712119500000,1.07774,1.07775,1.07745,1.07746,1203.36
1712120400000,1.07747,1.07769,1.07743,1.07766,1157.04
1712121300000,1.07765,1.07773,1.07755,1.07761,778.36
1712122200000,1.07761,1.07766,1.07751,1.07753,1389.42
1712123100000,1.07753,1.07753,1.0774,1.07753,1272.89
1712124000000,1.07754,1.07759,1.07734,1.07742,1384.98
1712124900000,1.07742,1.07742,1.077,1.07703,2026.59
1712125800000,1.07702,1.07716,1.07671,1.077,2515.67
1712126700000,1.07697,1.07714,1.07691,1.07692,1318.2
1712127600000,1.07693,1.07702,1.0764,1.07666,3811.22
1712128500000,1.07666,1.07682,1.0764,1.07655,2577.64
1712129400000,1.07656,1.07722,1.07645,1.07722,2713.07
1712130300000,1.07722,1.07723,1.07695,1.07705,1849.87
1712131200000,1.07704,1.07726,1.07699,1.07726,1597.69
1712132100000,1.07726,1.0773,1.07698,1.07727,835.23
1712133000000,1.07727,1.07771,1.07722,1.07758,1554.73
1712133900000,1.07759,1.07773,1.07716,1.07716,1540.08
1712134800000,1.07714,1.07733,1.07659,1.0766,2719.11
1712135700000,1.07659,1.07683,1.07651,1.07666,1848.91
1712136600000,1.07666,1.07698,1.07654,1.07698,1416.93
1712137500000,1.07698,1.07747,1.07671,1.07677,2274.51
1712138400000,1.07676,1.07695,1.07662,1.07691,1935.86
1712139300000,1.07691,1.0771,1.07678,1.07708,1714.61
1712140200000,1.07707,1.0774,1.07705,1.07729,1136.07
1712141100000,1.07726,1.07766,1.07712,1.07755,1680.12
1712142000000,1.07756,1.07841,1.07756,1.07839,959.06
1712142900000,1.0784,1.07847,1.0778,1.07805,2041.49
1712143800000,1.07805,1.07812,1.07787,1.07794,2176.5
1712144700000,1.07795,1.07849,1.07793,1.07838,1595.92
1712145600000,1.0784,1.07864,1.0782,1.07851,3405.74
1712146500000,1.07852,1.07855,1.07758,1.07774,7152.21
1712147400000,1.07775,1.07811,1.07745,1.07759,3949.84
1712148300000,1.07758,1.07781,1.0773,1.07781,4560.17
1712149200000,1.07781,1.07867,1.07778,1.07836,4806.4001
1712150100000,1.07836,1.07877,1.0783,1.07875,4605.23
1712151000000,1.07877,1.07927,1.0787,1.0788,5178.49
1712151900000,1.07881,1.07915,1.07863,1.07889,3565.54
1712152800000,1.07892,1.08179,1.07892,1.08059,10516.9699
1712153700000,1.08061,1.08114,1.08025,1.08089,7513.33
1712154600000,1.08091,1.08182,1.08058,1.08182,6321.51
1712155500000,1.08181,1.0824,1.08171,1.08228,6734.99
1712156400000,1.08228,1.08239,1.08193,1.08223,6061.17
1712157300000,1.08222,1.08305,1.08219,1.08273,3360.8
1712158200000,1.08274,1.083,1.08246,1.08249,2900.69
1712159100000,1.08252,1.08278,1.08237,1.08266,3192.97
1712160000000,1.08268,1.08273,1.08202,1.08248,4155.23
1712160900000,1.08247,1.08332,1.08233,1.08325,3308.2
1712161800000,1.08326,1.08362,1.08276,1.08327,4687.67
1712162700000,1.08327,1.08329,1.08283,1.08305,2911.97
1712163600000,1.08306,1.08306,1.08255,1.08294,2546.74
1712164500000,1.08295,1.08342,1.08291,1.08335,2451.05
1712165400000,1.08335,1.08335,1.083,1.08311,1376.95
1712166300000,1.0831,1.08338,1.08309,1.08321,1436.17
1712167200000,1.0832,1.08368,1.08315,1.08362,1123.77
1712168100000,1.08362,1.08363,1.08327,1.0833,804.52
1712169000000,1.08332,1.08339,1.08323,1.08335,1275.25
1712169900000,1.08335,1.08353,1.08328,1.08348,819.44
1712170800000,1.08347,1.08347,1.08314,1.08319,1028.82
1712171700000,1.08318,1.08322,1.08292,1.08294,2347.96
1712172600000,1.08294,1.08322,1.08293,1.08322,1337.18
1712173500000,1.08323,1.08349,1.08321,1.08334,1243.01
1712174400000,1.08334,1.0834,1.08324,1.08336,467.82
1712175300000,1.08337,1.08347,1.08335,1.08347,411.99
1712176200000,1.08347,1.08357,1.0834,1.08355,123.61
1712177100000,1.08355,1.08366,1.08355,1.08356,1089.92
1712178000000,1.08356,1.08356,1.08312,1.08343,1181.42
1712178900000,1.08347,1.08354,1.08343,1.0835,1764.42
1712179800000,1.0835,1.08354,1.0834,1.08348,694.89
1712180700000,1.0835,1.08351,1.0833,1.08334,265.5
1712181600000,1.08333,1.08376,1.08333,1.08376,509.32
1712182500000,1.08376,1.08382,1.08374,1.08377,143.63
1712183400000,1.08376,1.08378,1.08366,1.08366,423.17
1712184300000,1.08367,1.08377,1.08365,1.08376,151.74
1712185200000,1.08376,1.08386,1.08362,1.08381,1015.55
1712186100000,1.0838,1.08382,1.08371,1.08381,596.38
1712187000000,1.08382,1.08407,1.08376,1.08376,1102.72
1712187900000,1.08376,1.08383,1.0837,1.0838,1016.75
1712188800000,1.0838,1.08399,1.08371,1.08383,1484.01
1712189700000,1.08384,1.08395,1.08353,1.0836,1295.45
1712190600000,1.0836,1.08386,1.08347,1.08385,883.02
1712191500000,1.08386,1.08434,1.08385,1.0843,1971.9
1712192400000,1.0843,1.0843,1.08405,1.08414,2096.31
1712193300000,1.08417,1.08439,1.08415,1.08416,1022.64
1712194200000,1.08416,1.0842,1.084,1.08412,1076.52
1712195100000,1.08413,1.08417,1.08403,1.08407,1102.51
1712196000000,1.08408,1.08408,1.08381,1.08396,1109.31
1712196900000,1.08397,1.08398,1.08382,1.08397,884.82
1712197800000,1.08398,1.08438,1.08398,1.08438,704.08
1712198700000,1.08438,1.08444,1.08418,1.08428,589.4
1712199600000,1.08428,1.08432,1.08405,1.08408,878.1
1712200500000,1.08408,1.08418,1.08408,1.08417,1387.83
1712201400000,1.08416,1.08431,1.08401,1.08423,888.16
1712202300000,1.08422,1.08434,1.08419,1.08425,1150.27
1712203200000,1.08425,1.08441,1.08425,1.08436,1220.14
1712204100000,1.08437,1.08447,1.08428,1.08443,917.42
1712205000000,1.08443,1.08445,1.08426,1.08427,766.76
1712205900000,1.08427,1.08442,1.08425,1.08426,987.51
1712206800000,1.08427,1.08443,1.08426,1.08436,1240.19
1712207700000,1.08436,1.08462,1.08435,1.08452,754.21
1712208600000,1.08453,1.08464,1.08453,1.08457,910.42
1712209500000,1.08458,1.08463,1.0841,1.08418,1613.08
1712210400000,1.08419,1.08463,1.0841,1.08456,4482.75
1712211300000,1.08457,1.08461,1.08443,1.0845,3064.97
1712212200000,1.0845,1.0845,1.08394,1.08436,4360.06
1712213100000,1.08435,1.08451,1.08389,1.08398,2264.52
1712214000000,1.08399,1.08457,1.08391,1.08453,2959.32
1712214900000,1.08454,1.0854,1.08451,1.08521,2703.86
1712215800000,1.08522,1.08569,1.08511,1.08524,3939.33
1712216700000,1.08527,1.08583,1.08525,1.08571,4495.55
1712217600000,1.08569,1.08581,1.08534,1.08562,3497.34
1712218500000,1.08561,1.08601,1.08508,1.08587,2636.21
1712219400000,1.08589,1.08604,1.08558,1.08568,2510.12
1712220300000,1.08569,1.08626,1.08561,1.08619,1589.08
1712221200000,1.08617,1.08617,1.08554,1.08567,1950.71
1712222100000,1.08568,1.08579,1.08556,1.08577,891.51
1712223000000,1.08578,1.08613,1.08574,1.08612,533.71
1712223900000,1.08612,1.08654,1.08585,1.08586,2649.43
1712224800000,1.08585,1.08594,1.08556,1.08568,2530.98
1712225700000,1.0857,1.08584,1.08561,1.08569,892.86
1712226600000,1.08569,1.08595,1.0856,1.08591,1361.96
1712227500000,1.08592,1.08616,1.08582,1.08597,1194.54
1712228400000,1.08597,1.08622,1.08566,1.08604,1975.5
1712229300000,1.08605,1.08622,1.08584,1.08597,1201.71
1712230200000,1.08599,1.08599,1.08566,1.08567,2133.04
1712231100000,1.08566,1.08574,1.08519,1.08527,3219.1
1712232000000,1.08529,1.08543,1.08515,1.08525,2281.41
1712232900000,1.08526,1.08566,1.08507,1.08558,2037.54
1712233800000,1.08562,1.08622,1.08543,1.08614,3980.39
1712234700000,1.08615,1.08703,1.08609,1.08696,2758.96
1712235600000,1.08696,1.08705,1.08641,1.08668,3003.54
1712236500000,1.0867,1.08728,1.08669,1.08675,3656.63
1712237400000,1.08675,1.08765,1.08675,1.08731,3702.93
1712238300000,1.0873,1.08758,1.08697,1.08697,4543.08
1712239200000,1.08701,1.0876,1.08699,1.08717,3974.82
1712240100000,1.08718,1.08728,1.08678,1.08707,2517.53
1712241000000,1.08708,1.08739,1.08691,1.08721,2701.21
1712241900000,1.0872,1.08727,1.08666,1.08676,4116.48
1712242800000,1.08675,1.08688,1.08661,1.08661,2743.26
1712243700000,1.08664,1.08666,1.08622,1.08643,1526.68
1712244600000,1.08645,1.0867,1.08642,1.08658,1311.05
1712245500000,1.08661,1.08665,1.08639,1.08648,1759.48
1712246400000,1.08649,1.0867,1.08648,1.08654,1111.05
1712247300000,1.08656,1.0866,1.08632,1.08637,880.83
1712248200000,1.0864,1.08643,1.08597,1.08613,1045.45
1712249100000,1.08614,1.0862,1.0858,1.08588,908.38
1712250000000,1.08588,1.08615,1.08581,1.08614,773.53
1712250900000,1.08615,1.08618,1.08597,1.08602,980.31
1712251800000,1.08601,1.08613,1.08596,1.08601,991.59
1712252700000,1.086,1.08611,1.08592,1.086,1221.44
1712253600000,1.086,1.086,1.08533,1.08548,4265.1501
1712254500000,1.08548,1.08571,1.08537,1.08537,4623.9299
1712255400000,1.08537,1.08537,1.08465,1.08466,5750.1999
1712256300000,1.08466,1.08531,1.08465,1.085,4800.14
1712257200000,1.085,1.08507,1.08449,1.08452,6598.42
1712258100000,1.08452,1.0846,1.0839,1.08391,4793.5
1712259000000,1.08393,1.08409,1.08341,1.08406,5818.4701
1712259900000,1.08405,1.08412,1.08332,1.08336,5184.31
1712260800000,1.08336,1.08369,1.08317,1.08362,1531.16
1712261700000,1.0836,1.08373,1.08359,1.0836,768.17
1712262600000,1.08361,1.08385,1.0836,1.08375,816.48
1712263500000,1.08375,1.08387,1.08364,1.08367,1511.1
1712264400000,1.08361,1.08388,1.08327,1.08365,1026.12
1712265300000,1.08365,1.08373,1.08358,1.08371,2567.92
1712266200000,1.0837,1.08412,1.0836,1.08388,3361.33
1712267100000,1.08388,1.0839,1.08371,1.08381,3278.08
1712268000000,1.0838,1.084,1.08377,1.08391,585.75
1712268900000,1.08391,1.08401,1.08375,1.08381,503.53
1712269800000,1.08382,1.08386,1.08357,1.08375,531.05
1712270700000,1.08374,1.0838,1.0836,1.08363,640.79
1712271600000,1.08365,1.08389,1.08363,1.08385,1334.19
1712272500000,1.08386,1.08387,1.08363,1.08384,964.66
1712273400000,1.08385,1.08401,1.08382,1.08382,1174.37
1712274300000,1.08383,1.08386,1.08358,1.08364,1882.06
1712275200000,1.08363,1.08403,1.08349,1.08401,1724.54
1712276100000,1.08401,1.08411,1.08364,1.08364,1722.65
1712277000000,1.08364,1.08399,1.08361,1.08384,1804.29
1712277900000,1.08384,1.08439,1.08375,1.08416,1917.46
1712278800000,1.08416,1.08431,1.08399,1.08411,1519.79
1712279700000,1.08411,1.08411,1.08365,1.08365,2379.5
1712280600000,1.08364,1.08367,1.08311,1.0833,2631.18
1712281500000,1.08329,1.08329,1.0825,1.08267,4172.31
1712282400000,1.08267,1.08283,1.08237,1.08281,2096.36
1712283300000,1.08282,1.08283,1.08239,1.08256,1374.02
1712284200000,1.08256,1.08257,1.08233,1.08238,1620.79
1712285100000,1.08239,1.08256,1.08239,1.08252,1316.32
1712286000000,1.08253,1.08262,1.08247,1.08257,1272.28
1712286900000,1.08257,1.08279,1.08257,1.08268,816.06
1712287800000,1.08267,1.0827,1.08252,1.08256,1173.68
1712288700000,1.08254,1.08269,1.08247,1.08267,1222.91
1712289600000,1.08266,1.08276,1.08263,1.08267,1244.25
1712290500000,1.08268,1.08274,1.08261,1.08271,538.96
1712291400000,1.08271,1.08277,1.08259,1.0826,1290.77
1712292300000,1.0826,1.08267,1.08249,1.08262,1294.31
1712293200000,1.0826,1.08279,1.08257,1.08262,1159.23
1712294100000,1.08263,1.08269,1.08258,1.08266,1027.32
1712295000000,1.08264,1.08271,1.08251,1.08257,1891.39
1712295900000,1.0826,1.08279,1.08257,1.08272,1405.07
1712296800000,1.08272,1.08296,1.0823,1.08234,3722.2
1712297700000,1.08234,1.08281,1.08224,1.0828,2911.59
1712298600000,1.08279,1.0829,1.08256,1.08282,2208.91
1712299500000,1.08281,1.0833,1.0828,1.08303,2397.61
1712300400000,1.08303,1.08357,1.08303,1.08327,3305.06
1712301300000,1.08328,1.08364,1.08302,1.0836,2874.6
1712302200000,1.08359,1.08368,1.08335,1.08359,2556.32
1712303100000,1.08359,1.08409,1.08357,1.08391,1513.52
1712304000000,1.0839,1.08414,1.08368,1.08385,1725.19
1712304900000,1.08385,1.08419,1.08361,1.08415,1464.25
1712305800000,1.08417,1.08452,1.08415,1.08452,1579.61
1712306700000,1.08453,1.08463,1.08373,1.08375,2543.91
1712307600000,1.08374,1.08375,1.08349,1.08363,1424.27
1712308500000,1.08363,1.08421,1.08361,1.0841,1112.6
1712309400000,1.0841,1.08419,1.08387,1.08387,1253.5
1712310300000,1.08386,1.08399,1.08378,1.08388,2895.56
1712311200000,1.08388,1.08391,1.08361,1.08372,1488.04
1712312100000,1.08371,1.08387,1.0834,1.08344,1847.12
1712313000000,1.08345,1.08373,1.08326,1.08339,1339.78
1712313900000,1.08338,1.08352,1.08327,1.08345,1946.23
1712314800000,1.08344,1.08349,1.08307,1.08337,1500.7
1712315700000,1.08336,1.08359,1.08334,1.08356,788.64
1712316600000,1.08357,1.08383,1.08338,1.08382,1183.69
1712317500000,1.08383,1.08417,1.08347,1.08349,1923.44
1712318400000,1.0835,1.08432,1.08349,1.08428,1454.61
1712319300000,1.08426,1.08479,1.08412,1.0845,2842.88
1712320200000,1.0845,1.0845,1.08025,1.08159,18719.74
1712321100000,1.0816,1.08165,1.08001,1.08093,11785.81
1712322000000,1.08093,1.08137,1.07913,1.07914,10329.22
1712322900000,1.07916,1.08026,1.07915,1.08004,6149.73
1712323800000,1.08004,1.0805,1.07952,1.07966,9296.71
1712324700000,1.07966,1.08054,1.07951,1.0801,4704.14
1712325600000,1.08011,1.08134,1.07969,1.08132,5300.41
1712326500000,1.08133,1.08197,1.08114,1.08187,4875.74
1712327400000,1.08185,1.0826,1.08168,1.08246,6254.8599
1712328300000,1.08247,1.08263,1.08146,1.08186,7930.83
1712329200000,1.08184,1.08293,1.0816,1.08291,5494.85
1712330100000,1.08291,1.08314,1.08252,1.08312,5309.8501
1712331000000,1.08311,1.08387,1.08277,1.08377,3677.02
1712331900000,1.08378,1.08434,1.08378,1.08402,2572.37
1712332800000,1.08401,1.08444,1.08401,1.08411,2570.72
1712333700000,1.08411,1.08412,1.08361,1.08364,3756.45
1712334600000,1.08365,1.08387,1.08331,1.08382,2627.44
1712335500000,1.08383,1.08384,1.08344,1.08357,1968.25
1712336400000,1.08359,1.08371,1.08342,1.08343,1335.31
1712337300000,1.08344,1.08383,1.08342,1.08377,1835.51
1712338200000,1.08378,1.08388,1.08359,1.08371,1418.2
1712339100000,1.0837,1.08372,1.08314,1.08328,1687.31
1712340000000,1.08328,1.08373,1.08306,1.08364,2176.59
1712340900000,1.08364,1.08373,1.0835,1.08363,1470.42
1712341800000,1.08365,1.08379,1.08356,1.08376,849.12
1712342700000,1.08375,1.08375,1.08335,1.08348,958.3
1712343600000,1.08348,1.08354,1.0832,1.08333,1960.23
1712344500000,1.08333,1.08361,1.08328,1.08352,1577.44
1712345400000,1.08352,1.08365,1.08326,1.08327,1677.4
1712346300000,1.08327,1.08369,1.08327,1.08354,2484.23
1712347200000,1.08354,1.08371,1.08337,1.08369,1801.98
1712348100000,1.0837,1.08374,1.08356,1.08368,1083.46
1712349000000,1.08367,1.08375,1.08364,1.08372,1792.72
1712349900000,1.08373,1.08376,1.08352,1.08352,1744.4
1712350800000,1.08352,1.08352,1.08352,1.08352,0
1712351700000,1.08352,1.08352,1.08352,1.08352,0
1712352600000,1.08352,1.08352,1.08352,1.08352,0
1712353500000,1.08352,1.08352,1.08352,1.08352,0
1712354400000,1.08352,1.08352,1.08352,1.08352,0
1712355300000,1.08352,1.08352,1.08352,1.08352,0
1712356200000,1.08352,1.08352,1.08352,1.08352,0
1712357100000,1.08352,1.08352,1.08352,1.08352,0
1712358000000,1.08352,1.08352,1.08352,1.08352,0
1712358900000,1.08352,1.08352,1.08352,1.08352,0
1712359800000,1.08352,1.08352,1.08352,1.08352,0
1712360700000,1.08352,1.08352,1.08352,1.08352,0
1712361600000,1.08352,1.08352,1.08352,1.08352,0
1712362500000,1.08352,1.08352,1.08352,1.08352,0
1712363400000,1.08352,1.08352,1.08352,1.08352,0
1712364300000,1.08352,1.08352,1.08352,1.08352,0
1712365200000,1.08352,1.08352,1.08352,1.08352,0
1712366100000,1.08352,1.08352,1.08352,1.08352,0
1712367000000,1.08352,1.08352,1.08352,1.08352,0
1712367900000,1.08352,1.08352,1.08352,1.08352,0
1712368800000,1.08352,1.08352,1.08352,1.08352,0
1712369700000,1.08352,1.08352,1.08352,1.08352,0
1712370600000,1.08352,1.08352,1.08352,1.08352,0
1712371500000,1.08352,1.08352,1.08352,1.08352,0
1712372400000,1.08352,1.08352,1.08352,1.08352,0
1712373300000,1.08352,1.08352,1.08352,1.08352,0
1712374200000,1.08352,1.08352,1.08352,1.08352,0
1712375100000,1.08352,1.08352,1.08352,1.08352,0
1712376000000,1.08352,1.08352,1.08352,1.08352,0
1712376900000,1.08352,1.08352,1.08352,1.08352,0
1712377800000,1.08352,1.08352,1.08352,1.08352,0
1712378700000,1.08352,1.08352,1.08352,1.08352,0
1712379600000,1.08352,1.08352,1.08352,1.08352,0
1712380500000,1.08352,1.08352,1.08352,1.08352,0
1712381400000,1.08352,1.08352,1.08352,1.08352,0
1712382300000,1.08352,1.08352,1.08352,1.08352,0
1712383200000,1.08352,1.08352,1.08352,1.08352,0
1712384100000,1.08352,1.08352,1.08352,1.08352,0
1712385000000,1.08352,1.08352,1.08352,1.08352,0
1712385900000,1.08352,1.08352,1.08352,1.08352,0
1712386800000,1.08352,1.08352,1.08352,1.08352,0
1712387700000,1.08352,1.08352,1.08352,1.08352,0
1712388600000,1.08352,1.08352,1.08352,1.08352,0
1712389500000,1.08352,1.08352,1.08352,1.08352,0
1712390400000,1.08352,1.08352,1.08352,1.08352,0
1712391300000,1.08352,1.08352,1.08352,1.08352,0
1712392200000,1.08352,1.08352,1.08352,1.08352,0
1712393100000,1.08352,1.08352,1.08352,1.08352,0
1712394000000,1.08352,1.08352,1.08352,1.08352,0
1712394900000,1.08352,1.08352,1.08352,1.08352,0
1712395800000,1.08352,1.08352,1.08352,1.08352,0
1712396700000,1.08352,1.08352,1.08352,1.08352,0
1712397600000,1.08352,1.08352,1.08352,1.08352,0
1712398500000,1.08352,1.08352,1.08352,1.08352,0
1712399400000,1.08352,1.08352,1.08352,1.08352,0
1712400300000,1.08352,1.08352,1.08352,1.08352,0
1712401200000,1.08352,1.08352,1.08352,1.08352,0
1712402100000,1.08352,1.08352,1.08352,1.08352,0
1712403000000,1.08352,1.08352,1.08352,1.08352,0
1712403900000,1.08352,1.08352,1.08352,1.08352,0
1712404800000,1.08352,1.08352,1.08352,1.08352,0
1712405700000,1.08352,1.08352,1.08352,1.08352,0
1712406600000,1.08352,1.08352,1.08352,1.08352,0
1712407500000,1.08352,1.08352,1.08352,1.08352,0
1712408400000,1.08352,1.08352,1.08352,1.08352,0
1712409300000,1.08352,1.08352,1.08352,1.08352,0
1712410200000,1.08352,1.08352,1.08352,1.08352,0
1712411100000,1.08352,1.08352,1.08352,1.08352,0
1712412000000,1.08352,1.08352,1.08352,1.08352,0
1712412900000,1.08352,1.08352,1.08352,1.08352,0
1712413800000,1.08352,1.08352,1.08352,1.08352,0
1712414700000,1.08352,1.08352,1.08352,1.08352,0
1712415600000,1.08352,1.08352,1.08352,1.08352,0
1712416500000,1.08352,1.08352,1.08352,1.08352,0
1712417400000,1.08352,1.08352,1.08352,1.08352,0
1712418300000,1.08352,1.08352,1.08352,1.08352,0
1712419200000,1.08352,1.08352,1.08352,1.08352,0
1712420100000,1.08352,1.08352,1.08352,1.08352,0
1712421000000,1.08352,1.08352,1.08352,1.08352,0
1712421900000,1.08352,1.08352,1.08352,1.08352,0
1712422800000,1.08352,1.08352,1.08352,1.08352,0
1712423700000,1.08352,1.08352,1.08352,1.08352,0
1712424600000,1.08352,1.08352,1.08352,1.08352,0
1712425500000,1.08352,1.08352,1.08352,1.08352,0
1712426400000,1.08352,1.08352,1.08352,1.08352,0
1712427300000,1.08352,1.08352,1.08352,1.08352,0
1712428200000,1.08352,1.08352,1.08352,1.08352,0
1712429100000,1.08352,1.08352,1.08352,1.08352,0
1712430000000,1.08352,1.08352,1.08352,1.08352,0
1712430900000,1.08352,1.08352,1.08352,1.08352,0
1712431800000,1.08352,1.08352,1.08352,1.08352,0
1712432700000,1.08352,1.08352,1.08352,1.08352,0
1712433600000,1.08352,1.08352,1.08352,1.08352,0
1712434500000,1.08352,1.08352,1.08352,1.08352,0
1712435400000,1.08352,1.08352,1.08352,1.08352,0
1712436300000,1.08352,1.08352,1.08352,1.08352,0
1712437200000,1.08352,1.08352,1.08352,1.08352,0
1712438100000,1.08352,1.08352,1.08352,1.08352,0
1712439000000,1.08352,1.08352,1.08352,1.08352,0
1712439900000,1.08352,1.08352,1.08352,1.08352,0
1712440800000,1.08352,1.08352,1.08352,1.08352,0
1712441700000,1.08352,1.08352,1.08352,1.08352,0
1712442600000,1.08352,1.08352,1.08352,1.08352,0
1712443500000,1.08352,1.08352,1.08352,1.08352,0
1712444400000,1.08352,1.08352,1.08352,1.08352,0
1712445300000,1.08352,1.08352,1.08352,1.08352,0
1712446200000,1.08352,1.08352,1.08352,1.08352,0
1712447100000,1.08352,1.08352,1.08352,1.08352,0
1712448000000,1.08352,1.08352,1.08352,1.08352,0
1712448900000,1.08352,1.08352,1.08352,1.08352,0
1712449800000,1.08352,1.08352,1.08352,1.08352,0
1712450700000,1.08352,1.08352,1.08352,1.08352,0
1712451600000,1.08352,1.08352,1.08352,1.08352,0
1712452500000,1.08352,1.08352,1.08352,1.08352,0
1712453400000,1.08352,1.08352,1.08352,1.08352,0
1712454300000,1.08352,1.08352,1.08352,1.08352,0
1712455200000,1.08352,1.08352,1.08352,1.08352,0
1712456100000,1.08352,1.08352,1.08352,1.08352,0
1712457000000,1.08352,1.08352,1.08352,1.08352,0
1712457900000,1.08352,1.08352,1.08352,1.08352,0
1712458800000,1.08352,1.08352,1.08352,1.08352,0
1712459700000,1.08352,1.08352,1.08352,1.08352,0
1712460600000,1.08352,1.08352,1.08352,1.08352,0
1712461500000,1.08352,1.08352,1.08352,1.08352,0
1712462400000,1.08352,1.08352,1.08352,1.08352,0
1712463300000,1.08352,1.08352,1.08352,1.08352,0
1712464200000,1.08352,1.08352,1.08352,1.08352,0
1712465100000,1.08352,1.08352,1.08352,1.08352,0
1712466000000,1.08352,1.08352,1.08352,1.08352,0
1712466900000,1.08352,1.08352,1.08352,1.08352,0
1712467800000,1.08352,1.08352,1.08352,1.08352,0
1712468700000,1.08352,1.08352,1.08352,1.08352,0
1712469600000,1.08352,1.08352,1.08352,1.08352,0
1712470500000,1.08352,1.08352,1.08352,1.08352,0
1712471400000,1.08352,1.08352,1.08352,1.08352,0
1712472300000,1.08352,1.08352,1.08352,1.08352,0
1712473200000,1.08352,1.08352,1.08352,1.08352,0
1712474100000,1.08352,1.08352,1.08352,1.08352,0
1712475000000,1.08352,1.08352,1.08352,1.08352,0
1712475900000,1.08352,1.08352,1.08352,1.08352,0
1712476800000,1.08352,1.08352,1.08352,1.08352,0
1712477700000,1.08352,1.08352,1.08352,1.08352,0
1712478600000,1.08352,1.08352,1.08352,1.08352,0
1712479500000,1.08352,1.08352,1.08352,1.08352,0
1712480400000,1.08352,1.08352,1.08352,1.08352,0
1712481300000,1.08352,1.08352,1.08352,1.08352,0
1712482200000,1.08352,1.08352,1.08352,1.08352,0
1712483100000,1.08352,1.08352,1.08352,1.08352,0
1712484000000,1.08352,1.08352,1.08352,1.08352,0
1712484900000,1.08352,1.08352,1.08352,1.08352,0
1712485800000,1.08352,1.08352,1.08352,1.08352,0
1712486700000,1.08352,1.08352,1.08352,1.08352,0
1712487600000,1.08352,1.08352,1.08352,1.08352,0
1712488500000,1.08352,1.08352,1.08352,1.08352,0
1712489400000,1.08352,1.08352,1.08352,1.08352,0
1712490300000,1.08352,1.08352,1.08352,1.08352,0
1712491200000,1.08352,1.08352,1.08352,1.08352,0
1712492100000,1.08352,1.08352,1.08352,1.08352,0
1712493000000,1.08352,1.08352,1.08352,1.08352,0
1712493900000,1.08352,1.08352,1.08352,1.08352,0
1712494800000,1.08352,1.08352,1.08352,1.08352,0
1712495700000,1.08352,1.08352,1.08352,1.08352,0
1712496600000,1.08352,1.08352,1.08352,1.08352,0
1712497500000,1.08352,1.08352,1.08352,1.08352,0
1712498400000,1.08352,1.08352,1.08352,1.08352,0
1712499300000,1.08352,1.08352,1.08352,1.08352,0
1712500200000,1.08352,1.08352,1.08352,1.08352,0
1712501100000,1.08352,1.08352,1.08352,1.08352,0
1712502000000,1.08352,1.08352,1.08352,1.08352,0
1712502900000,1.08352,1.08352,1.08352,1.08352,0
1712503800000,1.08352,1.08352,1.08352,1.08352,0
1712504700000,1.08352,1.08352,1.08352,1.08352,0
1712505600000,1.08352,1.08352,1.08352,1.08352,0
1712506500000,1.08352,1.08352,1.08352,1.08352,0
1712507400000,1.08352,1.08352,1.08352,1.08352,0
1712508300000,1.08352,1.08352,1.08352,1.08352,0
1712509200000,1.08352,1.08352,1.08352,1.08352,0
1712510100000,1.08352,1.08352,1.08352,1.08352,0
1712511000000,1.08352,1.08352,1.08352,1.08352,0
1712511900000,1.08352,1.08352,1.08352,1.08352,0
1712512800000,1.08352,1.08352,1.08352,1.08352,0
1712513700000,1.08352,1.08352,1.08352,1.08352,0
1712514600000,1.08352,1.08352,1.08352,1.08352,0
1712515500000,1.08352,1.08352,1.08352,1.08352,0
1712516400000,1.08352,1.08352,1.08352,1.08352,0
1712517300000,1.08352,1.08352,1.08352,1.08352,0
1712518200000,1.08352,1.08352,1.08352,1.08352,0
1712519100000,1.08352,1.08352,1.08352,1.08352,0
1712520000000,1.08352,1.08352,1.08352,1.08352,0
1712520900000,1.08352,1.08352,1.08352,1.08352,0
1712521800000,1.08352,1.08352,1.08352,1.08352,0
1712522700000,1.08352,1.08352,1.08352,1.08352,0
1712523600000,1.08347,1.08371,1.08347,1.08364,167
1712524500000,1.08371,1.08379,1.08357,1.08368,663.56
1712525400000,1.08368,1.08371,1.08354,1.0836,528.75
1712526300000,1.0836,1.08376,1.08356,1.08371,561.6
1712527200000,1.08371,1.08378,1.08284,1.08284,796.74
1712528100000,1.08284,1.08295,1.08282,1.08295,199.37
1712529000000,1.08296,1.0831,1.08293,1.08293,850.95
1712529900000,1.08294,1.08296,1.08272,1.0828,523.88
1712530800000,1.08279,1.0833,1.08277,1.08323,678.19
1712531700000,1.08323,1.08328,1.08308,1.08309,331.51
1712532600000,1.08309,1.08324,1.08307,1.08318,396.91
1712533500000,1.08316,1.08316,1.08286,1.08297,914.21
1712534400000,1.08297,1.08299,1.08232,1.08232,3133.65
1712535300000,1.08231,1.08261,1.08231,1.08245,1335.61
1712536200000,1.08243,1.08255,1.0823,1.08233,1167.68
1712537100000,1.08234,1.08278,1.08233,1.08269,2691.7
1712538000000,1.08269,1.08304,1.08268,1.08304,3385.81
1712538900000,1.08306,1.08309,1.08277,1.08286,1449.63
1712539800000,1.08286,1.08335,1.08286,1.08331,1729.23
1712540700000,1.08332,1.08363,1.08322,1.08353,1949.28
1712541600000,1.08354,1.08381,1.08348,1.0838,2445.8
1712542500000,1.08381,1.0839,1.08363,1.08376,1051.45
1712543400000,1.08377,1.08418,1.08377,1.0841,2290.79
1712544300000,1.0841,1.08432,1.08402,1.08406,2059.55
1712545200000,1.08406,1.08415,1.08386,1.08389,2182.13
1712546100000,1.0839,1.08391,1.08358,1.08359,1267.29
1712547000000,1.08358,1.08361,1.08336,1.08342,1277.85
1712547900000,1.08341,1.08341,1.08321,1.08333,1283.86
1712548800000,1.08334,1.08354,1.08331,1.08339,1133.05
1712549700000,1.08338,1.08341,1.08324,1.08328,595.92
1712550600000,1.08327,1.08333,1.08318,1.08323,731.74
1712551500000,1.08323,1.08326,1.08311,1.08321,1033.52
1712552400000,1.08321,1.0835,1.08321,1.08344,792.47
1712553300000,1.08343,1.08373,1.08342,1.0836,931.17
1712554200000,1.08361,1.08362,1.08333,1.08351,1356.82
1712555100000,1.08353,1.08356,1.08326,1.08345,1474.98
1712556000000,1.08345,1.08375,1.08339,1.08347,1830.9
1712556900000,1.08348,1.08348,1.083,1.08315,2138.62
1712557800000,1.08314,1.08344,1.08297,1.08307,1445.74
1712558700000,1.08306,1.0835,1.08306,1.08339,1656.42
1712559600000,1.08339,1.08342,1.083,1.08337,3491.38
1712560500000,1.08338,1.08362,1.08305,1.08309,2364.79
1712561400000,1.08308,1.08361,1.08284,1.08346,2063.83
1712562300000,1.08344,1.08377,1.08309,1.08322,2778.33
1712563200000,1.08321,1.08351,1.08314,1.08347,1849.28
1712564100000,1.08346,1.08348,1.0828,1.08281,3422.92
1712565000000,1.08282,1.0831,1.08269,1.0827,3028.38
1712565900000,1.0827,1.08272,1.08221,1.08234,3520.4
1712566800000,1.08233,1.08254,1.08208,1.08222,3496.85
1712567700000,1.0822,1.08279,1.08211,1.08275,1873.17
1712568600000,1.08277,1.08286,1.08245,1.08282,2050.27
1712569500000,1.08282,1.08299,1.08267,1.0828,1468.04
1712570400000,1.08278,1.083,1.08258,1.08292,1517.66
1712571300000,1.08293,1.08337,1.0829,1.08328,1125.25
1712572200000,1.08328,1.0834,1.08313,1.08324,1755.55
1712573100000,1.08323,1.08329,1.08302,1.08323,1565.25
1712574000000,1.08324,1.08332,1.08269,1.08269,2342.12
1712574900000,1.08269,1.08292,1.08261,1.08271,1199.94
1712575800000,1.0827,1.08283,1.08242,1.08276,1149.34
1712576700000,1.08276,1.08278,1.08232,1.08237,1966.03
1712577600000,1.08237,1.0826,1.08215,1.08249,2978.38
1712578500000,1.0825,1.0828,1.08243,1.08277,2318.97
1712579400000,1.08278,1.08328,1.0827,1.08295,3317.64
1712580300000,1.08294,1.08355,1.08289,1.08341,1970.23
1712581200000,1.08342,1.08408,1.08342,1.08367,3815.11
1712582100000,1.08367,1.08415,1.08366,1.08401,2405.21
1712583000000,1.084,1.08508,1.084,1.08483,3231.83
1712583900000,1.08482,1.08533,1.08462,1.08516,3678.89
1712584800000,1.08516,1.08521,1.08449,1.0845,5652.8099
1712585700000,1.08451,1.08537,1.08435,1.08521,3787.08
1712586600000,1.08522,1.08542,1.0849,1.08499,4221.71
1712587500000,1.085,1.08562,1.08471,1.08532,3601.5
1712588400000,1.08533,1.08589,1.08511,1.08566,3174.62
1712589300000,1.08565,1.08571,1.0853,1.08545,2635.49
1712590200000,1.08543,1.08559,1.08511,1.08522,3247.58
1712591100000,1.08521,1.08532,1.08494,1.08526,2535.12
1712592000000,1.08526,1.08528,1.08481,1.08481,1301.1
1712592900000,1.0848,1.08495,1.08467,1.08487,1235.2
1712593800000,1.08488,1.08512,1.08483,1.08497,1383.18
1712594700000,1.08495,1.08511,1.0848,1.08501,1355.39
1712595600000,1.08503,1.08535,1.08494,1.08531,367.26
1712596500000,1.08532,1.08579,1.08527,1.08576,982.46
1712597400000,1.08577,1.08593,1.0857,1.08581,1350.01
1712598300000,1.0858,1.08585,1.08564,1.08579,903.42
1712599200000,1.0858,1.08593,1.08567,1.08576,819.25
1712600100000,1.08577,1.08621,1.08576,1.08614,560.03
1712601000000,1.08615,1.08615,1.08582,1.08598,450.74
1712601900000,1.08599,1.08606,1.08556,1.08572,1582.37
1712602800000,1.08571,1.08587,1.08566,1.08571,1443.7
1712603700000,1.0857,1.08588,1.08565,1.08587,971.7
1712604600000,1.08584,1.08584,1.08566,1.08573,817.9
1712605500000,1.08573,1.08582,1.08559,1.08567,1435.93
1712606400000,1.08567,1.08583,1.08563,1.08573,458.65
1712607300000,1.08575,1.0859,1.08575,1.08583,293.51
1712608200000,1.08583,1.08593,1.08579,1.08584,916.32
1712609100000,1.08583,1.08599,1.08582,1.08587,1077.96
1712610000000,1.08587,1.08587,1.08528,1.08579,888.75
1712610900000,1.08578,1.08619,1.0855,1.08563,2490.41
1712611800000,1.08563,1.08599,1.08562,1.08592,3815.2701
1712612700000,1.08591,1.08596,1.08585,1.08589,1939.24
1712613600000,1.08589,1.08606,1.08589,1.08604,262.47
1712614500000,1.08605,1.0861,1.08599,1.08604,276.12
1712615400000,1.08602,1.08605,1.08598,1.08604,150.94
1712616300000,1.08604,1.08607,1.08599,1.08604,242.32
1712617200000,1.08604,1.08619,1.08604,1.08616,167.66
1712618100000,1.08615,1.08617,1.08609,1.08616,101.95
1712619000000,1.08615,1.08632,1.08615,1.08632,293.17
1712619900000,1.08632,1.08634,1.08616,1.0862,878.54
1712620800000,1.0862,1.08635,1.08609,1.08621,1154.36
1712621700000,1.08622,1.08622,1.08585,1.08595,1275.68
1712622600000,1.08596,1.08623,1.08595,1.08596,1242.33
1712623500000,1.08597,1.08605,1.08575,1.08586,1188.75
1712624400000,1.08587,1.08606,1.08573,1.08593,1578.76
1712625300000,1.08593,1.08597,1.08569,1.08593,1329.86
1712626200000,1.08594,1.0862,1.08594,1.08606,2281.04
1712627100000,1.08605,1.08613,1.08594,1.08596,1820.56
1712628000000,1.08596,1.08603,1.08577,1.08603,1233.5
1712628900000,1.08604,1.08622,1.08589,1.08589,1277.01
1712629800000,1.08589,1.08589,1.08568,1.0857,636.33
1712630700000,1.0857,1.08573,1.08557,1.08569,561.44
1712631600000,1.08569,1.08572,1.08554,1.08559,697.71
1712632500000,1.08559,1.08574,1.08558,1.08564,975.33
1712633400000,1.08563,1.08565,1.08545,1.08545,603.31
1712634300000,1.08544,1.0856,1.0854,1.08553,608.98
1712635200000,1.08554,1.08565,1.08553,1.08556,1140.48
1712636100000,1.08556,1.08574,1.08555,1.08574,765.21
1712637000000,1.08574,1.08584,1.08569,1.0857,372.64
1712637900000,1.08571,1.0858,1.08562,1.08565,344.72
1712638800000,1.08564,1.0858,1.0856,1.08578,701.68
1712639700000,1.08577,1.08584,1.08571,1.08573,925.47
1712640600000,1.08572,1.08574,1.08562,1.08568,514.85
1712641500000,1.08567,1.08586,1.08559,1.08577,1024.73
1712642400000,1.08578,1.08626,1.08578,1.086,1647.57
1712643300000,1.08599,1.08599,1.0855,1.08558,2016.14
1712644200000,1.0856,1.08563,1.08542,1.08557,1705.53
1712645100000,1.08557,1.08568,1.08512,1.08521,2044.22
1712646000000,1.08521,1.08596,1.0852,1.08582,3180.98
1712646900000,1.08584,1.08601,1.0855,1.08553,3746.49
1712647800000,1.08553,1.08591,1.08541,1.08542,3238.86
1712648700000,1.08541,1.08556,1.08514,1.08531,2345.32
1712649600000,1.08534,1.08541,1.0849,1.08539,2962.23
1712650500000,1.08539,1.08559,1.08536,1.08549,1307.15
1712651400000,1.08548,1.08563,1.08528,1.08559,2321.8
1712652300000,1.08558,1.08587,1.08551,1.08575,1418.4
1712653200000,1.08575,1.08616,1.08564,1.08608,1592.85
1712654100000,1.08609,1.08641,1.0857,1.0864,2343.06
1712655000000,1.08639,1.08655,1.08603,1.08645,2315.88
1712655900000,1.08645,1.08658,1.08624,1.08649,1846.61
1712656800000,1.08651,1.08677,1.0865,1.08671,1650.04
1712657700000,1.08672,1.08699,1.08671,1.08681,1176.97
1712658600000,1.08683,1.08699,1.08671,1.08676,1684.63
1712659500000,1.08676,1.08707,1.08668,1.08689,934.3
1712660400000,1.0869,1.08728,1.08674,1.08695,1345.17
1712661300000,1.08696,1.08713,1.08678,1.08683,2154.75
1712662200000,1.08683,1.08684,1.08595,1.08603,3564.0501
1712663100000,1.08601,1.08622,1.08592,1.08613,1718.55
1712664000000,1.08614,1.08686,1.08603,1.08677,2811.91
1712664900000,1.08678,1.08692,1.08645,1.08682,2175.54
1712665800000,1.08682,1.08779,1.08669,1.08779,2525.61
1712666700000,1.08779,1.08839,1.0877,1.08806,4469.32
1712667600000,1.08807,1.0881,1.0876,1.08809,5341.1
1712668500000,1.08809,1.08824,1.0876,1.08818,3192.84
1712669400000,1.08819,1.0885,1.08812,1.08812,4594.42
1712670300000,1.08811,1.08819,1.08764,1.08787,2993.5
1712671200000,1.08787,1.08821,1.08787,1.08804,2662.99
1712672100000,1.08805,1.08809,1.08686,1.087,3396.2101
1712673000000,1.087,1.08709,1.0856,1.08576,5463.45
1712673900000,1.08575,1.08604,1.0853,1.08572,5462.05
1712674800000,1.08572,1.08578,1.08524,1.08533,4407
1712675700000,1.08535,1.08571,1.08522,1.08533,3583.57
1712676600000,1.08533,1.08582,1.08533,1.08578,1984.64
1712677500000,1.08577,1.0859,1.08549,1.08556,1586.53
1712678400000,1.08555,1.0859,1.08553,1.08588,1760.28
1712679300000,1.08587,1.08589,1.08558,1.08571,872.77
1712680200000,1.08572,1.086,1.0857,1.08578,1205.98
1712681100000,1.08578,1.08582,1.08536,1.08544,2179.08
1712682000000,1.08545,1.08553,1.08528,1.08532,1476.58
1712682900000,1.08533,1.08554,1.08512,1.08531,1196.67
1712683800000,1.08533,1.08546,1.08519,1.08534,1255.37
1712684700000,1.08534,1.08544,1.0851,1.08515,1513.58
1712685600000,1.08513,1.08531,1.085,1.08524,1233.64
1712686500000,1.08525,1.08546,1.0852,1.08529,702.2
1712687400000,1.08528,1.08547,1.08524,1.08527,525.83
1712688300000,1.08527,1.08542,1.08511,1.08529,725.52
1712689200000,1.08529,1.08529,1.08477,1.08491,1482.69
1712690100000,1.08492,1.0855,1.08492,1.0855,1953.16
1712691000000,1.08549,1.08566,1.0854,1.08563,1444.55
1712691900000,1.08563,1.08573,1.08554,1.08566,1622.09
1712692800000,1.08565,1.08587,1.08555,1.08586,973.38
1712693700000,1.08586,1.08591,1.08575,1.08576,635.57
1712694600000,1.08577,1.0858,1.08568,1.08568,1018.78
1712695500000,1.08568,1.08574,1.08566,1.08569,1150.35
1712696400000,1.08562,1.0858,1.08558,1.08577,843.76
1712697300000,1.08578,1.0858,1.08566,1.08569,2123.35
1712698200000,1.08568,1.08582,1.08554,1.08565,3082.39
1712699100000,1.08565,1.08593,1.08557,1.08575,1047.7
1712700000000,1.08577,1.08581,1.08562,1.08577,308.68
1712700900000,1.08576,1.08585,1.08576,1.08578,189
1712701800000,1.08579,1.08586,1.08577,1.08582,222.69
1712702700000,1.08581,1.08587,1.08579,1.08586,197.11
1712703600000,1.08585,1.08588,1.08581,1.08586,445.73
1712704500000,1.08586,1.08597,1.08586,1.08596,144.45
1712705400000,1.08596,1.08596,1.08585,1.0859,412.68
1712706300000,1.0859,1.08591,1.08576,1.08588,646.94
1712707200000,1.08587,1.08588,1.08554,1.08578,1083.12
1712708100000,1.08578,1.0858,1.08556,1.08563,870.76
1712709000000,1.08563,1.08579,1.08554,1.08559,1014.97
1712709900000,1.08558,1.08573,1.08551,1.08571,1174.45
1712710800000,1.08574,1.08588,1.08555,1.08555,1087.95
1712711700000,1.08556,1.08565,1.08533,1.08538,1543.83
1712712600000,1.08538,1.08549,1.08513,1.08518,1691.09
1712713500000,1.08517,1.08552,1.08513,1.08545,1351.08
1712714400000,1.08541,1.08555,1.08523,1.08524,1646.92
1712715300000,1.08525,1.08536,1.08511,1.08513,791.52
1712716200000,1.08513,1.08541,1.08509,1.08539,888.99
1712717100000,1.0854,1.08548,1.08516,1.08534,1324.21
1712718000000,1.08534,1.0854,1.0852,1.0854,1000.83
1712718900000,1.08541,1.08544,1.08526,1.08531,1016.74
1712719800000,1.08532,1.08538,1.08522,1.08535,932.98
1712720700000,1.08536,1.08542,1.08523,1.08529,1043.69
1712721600000,1.0853,1.0853,1.08504,1.08519,1247.12
1712722500000,1.0852,1.0852,1.08508,1.08516,858.35
1712723400000,1.08515,1.08526,1.08513,1.08519,822.23
1712724300000,1.08518,1.08535,1.08512,1.08525,647.33
1712725200000,1.08523,1.08544,1.08519,1.08543,894.88
1712726100000,1.08544,1.08556,1.08542,1.08544,949.01
1712727000000,1.08545,1.0855,1.08533,1.08538,1164.08
1712727900000,1.08537,1.08538,1.08513,1.08517,1372.15
1712728800000,1.08517,1.08524,1.08479,1.08501,2772.64
1712729700000,1.08501,1.08526,1.08495,1.085,1962.2
1712730600000,1.08499,1.08521,1.08477,1.08521,1165.09
1712731500000,1.08523,1.08548,1.08514,1.08531,1769.76
1712732400000,1.08532,1.08561,1.08521,1.08551,1738.25
1712733300000,1.08552,1.08558,1.08508,1.08555,2191.72
1712734200000,1.08556,1.0857,1.08513,1.08524,1872.68
1712735100000,1.08522,1.08563,1.08513,1.08553,1678.27
1712736000000,1.08552,1.08561,1.08513,1.0856,2352.47
1712736900000,1.0856,1.08594,1.08533,1.08576,1406.07
1712737800000,1.08578,1.08587,1.08542,1.08551,1798.75
1712738700000,1.08552,1.08605,1.08552,1.08603,2243.76
1712739600000,1.08604,1.08618,1.0857,1.0857,2029.75
1712740500000,1.08571,1.08619,1.08567,1.08604,1880.88
1712741400000,1.08606,1.08629,1.08599,1.08621,1449.41
1712742300000,1.08619,1.08655,1.08603,1.08615,2175.92
1712743200000,1.08615,1.08621,1.08603,1.08618,1725.64
1712744100000,1.08619,1.08656,1.08604,1.08656,1017.29
1712745000000,1.08655,1.08658,1.08629,1.08633,1673.03
1712745900000,1.08632,1.08653,1.08627,1.08644,1174.55
1712746800000,1.08643,1.08648,1.08619,1.08635,1291.91
1712747700000,1.08634,1.08665,1.08619,1.0863,1028.52
1712748600000,1.08629,1.08632,1.08587,1.08593,1019.81
1712749500000,1.08594,1.08611,1.08549,1.08556,1718.88
1712750400000,1.08555,1.0861,1.08555,1.08607,1423.86
1712751300000,1.08609,1.08646,1.08574,1.08626,3126.1
1712752200000,1.08626,1.08626,1.07787,1.07807,17975.6899
1712753100000,1.07807,1.07979,1.07783,1.07807,17673.8298
1712754000000,1.07808,1.07811,1.07629,1.07649,15325.8502
1712754900000,1.07652,1.0774,1.0765,1.07732,10706.3101
1712755800000,1.07731,1.07743,1.07594,1.07607,11246.67
1712756700000,1.07606,1.07622,1.07493,1.0751,11178.8
1712757600000,1.0751,1.076,1.07456,1.07545,7150.74
1712758500000,1.07548,1.07669,1.07528,1.07591,6575.6001
1712759400000,1.07592,1.07637,1.07533,1.07544,6417.55
1712760300000,1.07544,1.07574,1.07486,1.07532,5844.55
1712761200000,1.07533,1.07547,1.07453,1.07456,4599.85
1712762100000,1.07454,1.07478,1.07418,1.07444,4165.24
1712763000000,1.07445,1.07451,1.07363,1.07376,4373.15
1712763900000,1.07374,1.07388,1.07334,1.07366,5230.2101
1712764800000,1.07367,1.07374,1.07303,1.0731,3234.73
1712765700000,1.07311,1.07353,1.07294,1.073,2308.09
1712766600000,1.07301,1.07333,1.07288,1.0732,1802.19
1712767500000,1.07321,1.0737,1.07317,1.0736,1928.65
1712768400000,1.07361,1.07378,1.0729,1.07342,5441.49
1712769300000,1.07341,1.07497,1.07341,1.07436,3643.33
1712770200000,1.07436,1.07542,1.074,1.07409,10394.71
1712771100000,1.07411,1.0753,1.07401,1.07504,3238.77
1712772000000,1.07504,1.07532,1.07475,1.07531,4399.2
1712772900000,1.0753,1.07542,1.07412,1.07422,3117.08
1712773800000,1.07421,1.07454,1.07391,1.0744,3165.78
1712774700000,1.07442,1.07446,1.07351,1.07363,2512.01
1712775600000,1.07362,1.07403,1.07357,1.07401,2947.68
1712776500000,1.074,1.07448,1.07397,1.07427,2806.07
1712777400000,1.07428,1.07451,1.074,1.07451,2088.77
1712778300000,1.0745,1.07455,1.07427,1.07438,1547.21
1712779200000,1.07436,1.07443,1.07428,1.07441,622.97
1712780100000,1.07441,1.07456,1.07441,1.07447,243.6
1712781000000,1.07448,1.07448,1.07417,1.07418,803.4
1712781900000,1.07417,1.07426,1.07413,1.07421,783.82
1712782800000,1.07421,1.07445,1.07407,1.07435,875.14
1712783700000,1.07436,1.07446,1.0743,1.07437,389.25
1712784600000,1.07439,1.07439,1.07413,1.07427,1100.75
1712785500000,1.07427,1.07436,1.07415,1.07429,1451.56
1712786400000,1.07432,1.07441,1.074,1.07412,358.65
1712787300000,1.07411,1.07431,1.0741,1.07425,188.86
1712788200000,1.07423,1.0743,1.07415,1.07429,400
1712789100000,1.07429,1.07435,1.07429,1.07431,220.14
1712790000000,1.0743,1.07438,1.07421,1.0743,612.27
1712790900000,1.07429,1.07447,1.07427,1.07444,525.04
1712791800000,1.07445,1.07446,1.0742,1.07421,472.89
1712792700000,1.07421,1.07423,1.07392,1.0741,712.4
1712793600000,1.07411,1.07438,1.07383,1.07436,1677.01
1712794500000,1.07435,1.07456,1.07424,1.07431,1159.07
1712795400000,1.07434,1.07458,1.07424,1.07433,1169.31
1712796300000,1.07432,1.07442,1.07415,1.07426,1121.97
1712797200000,1.07426,1.07458,1.07416,1.07435,1354.43
1712798100000,1.07436,1.07451,1.07411,1.07437,830.04
1712799000000,1.07438,1.07461,1.07427,1.07447,1598.67
1712799900000,1.07446,1.07469,1.07438,1.0746,1473.03
1712800800000,1.07459,1.07465,1.07445,1.07452,1264.38
1712801700000,1.07453,1.07469,1.07453,1.07464,613.02
1712802600000,1.07464,1.07464,1.07443,1.07452,750.61
1712803500000,1.07452,1.07464,1.07447,1.07454,1322.22
1712804400000,1.07454,1.07469,1.07446,1.07468,726.84
1712805300000,1.07468,1.07489,1.07466,1.07479,947.09
1712806200000,1.07478,1.07483,1.07471,1.07473,902.78
1712807100000,1.07474,1.07477,1.07445,1.07446,2125.36
1712808000000,1.07446,1.07457,1.07445,1.07456,1403.02
1712808900000,1.07457,1.07462,1.0745,1.07455,146.82
1712809800000,1.07455,1.07465,1.0744,1.07445,466.51
1712810700000,1.07446,1.07463,1.0744,1.07461,637.07
1712811600000,1.07462,1.07471,1.07442,1.07461,819.54
1712812500000,1.0746,1.07467,1.07446,1.07453,1131.74
1712813400000,1.07454,1.07462,1.07438,1.07441,942.44
1712814300000,1.07441,1.07448,1.07428,1.07428,1613.98
1712815200000,1.07427,1.07427,1.07357,1.0737,1957.91
1712816100000,1.0737,1.07391,1.0736,1.07368,1660.56
1712817000000,1.07367,1.07393,1.07346,1.07376,1378.22
1712817900000,1.07375,1.07376,1.07265,1.07283,3562.16
1712818800000,1.07282,1.07423,1.07279,1.07418,2613.87
1712819700000,1.07417,1.07446,1.07399,1.07414,3059.42
1712820600000,1.07414,1.07426,1.07342,1.07386,3075.69
1712821500000,1.07386,1.07441,1.07385,1.0743,2519.51
1712822400000,1.07432,1.07494,1.07431,1.07472,2053.39
1712823300000,1.07471,1.07493,1.0745,1.07464,2025.03
1712824200000,1.07464,1.07498,1.0745,1.07493,1903.03
1712825100000,1.07492,1.07494,1.07382,1.07405,3042.43
1712826000000,1.07405,1.07408,1.07345,1.07369,3477.38
1712826900000,1.07371,1.07381,1.07343,1.07373,2562.26
1712827800000,1.07372,1.07377,1.07315,1.07324,3395.02
1712828700000,1.07323,1.07332,1.07289,1.07309,3189.28
1712829600000,1.0731,1.07321,1.07277,1.07285,2616.17
1712830500000,1.07286,1.07335,1.07261,1.07332,2060.36
1712831400000,1.07332,1.07337,1.07263,1.07287,2144.13
1712832300000,1.07288,1.07301,1.07263,1.07298,1493.1
1712833200000,1.07296,1.07311,1.07286,1.07302,1506.08
1712834100000,1.07303,1.0733,1.07282,1.07324,2092.7
1712835000000,1.07323,1.07341,1.073,1.07302,1623.75
1712835900000,1.07301,1.07305,1.07255,1.07285,2582.66
1712836800000,1.07283,1.07322,1.0727,1.07322,2307.8
1712837700000,1.07322,1.07327,1.0715,1.07263,11561.2
1712838600000,1.07261,1.07468,1.07161,1.07309,13052.95
1712839500000,1.0731,1.07457,1.07298,1.07413,11016.6299
1712840400000,1.07414,1.07477,1.0728,1.07436,9550.0499
1712841300000,1.07436,1.07564,1.07403,1.07555,9358.6
1712842200000,1.07554,1.07554,1.07359,1.07376,11988.2099
1712843100000,1.07377,1.07399,1.07311,1.07347,5156.99
1712844000000,1.07347,1.07347,1.07262,1.07263,7781.29
1712844900000,1.07264,1.07267,1.07107,1.07109,7197.09
1712845800000,1.07109,1.07113,1.07017,1.07034,4888.23
1712846700000,1.07035,1.07059,1.06992,1.07051,4037.74
1712847600000,1.07052,1.07115,1.07044,1.07077,3629.73
1712848500000,1.0708,1.07134,1.07045,1.07047,3320.44
1712849400000,1.07047,1.07166,1.07019,1.07139,3803.91
1712850300000,1.07139,1.07213,1.07138,1.0721,2788.87
1712851200000,1.07212,1.07227,1.07158,1.07163,3584.21
1712852100000,1.07162,1.07196,1.07135,1.07182,2505.43
1712853000000,1.07182,1.07192,1.07151,1.07179,2491.41
1712853900000,1.07178,1.07233,1.07169,1.07176,2787.58
1712854800000,1.07175,1.07249,1.07152,1.07246,4448.0401
1712855700000,1.07245,1.07246,1.07212,1.07233,2207.53
1712856600000,1.07234,1.07266,1.07223,1.0726,1486.68
1712857500000,1.07261,1.07296,1.0725,1.07276,1526.97
1712858400000,1.07277,1.07345,1.07265,1.07306,2426.61
1712859300000,1.07307,1.07328,1.073,1.07317,1485.83
1712860200000,1.07318,1.07328,1.07297,1.07303,1669.54
1712861100000,1.07304,1.07306,1.0725,1.07255,2282.81
1712862000000,1.07254,1.07276,1.07253,1.0726,1587.38
1712862900000,1.0726,1.07297,1.07253,1.07288,1245.48
1712863800000,1.07288,1.07317,1.07275,1.07314,1810.79
1712864700000,1.07313,1.0732,1.07273,1.07288,1875.98
1712865600000,1.07287,1.0729,1.07266,1.07269,1041.97
1712866500000,1.0727,1.0727,1.07257,1.07257,323.69
1712867400000,1.07257,1.07267,1.07256,1.07259,296.96
1712868300000,1.07258,1.07267,1.07253,1.07254,767.43
1712869200000,1.07252,1.0728,1.07252,1.07273,203.08
1712870100000,1.07278,1.07278,1.07261,1.07261,229.85
1712871000000,1.07261,1.07272,1.07257,1.07269,178.6
1712871900000,1.07268,1.07272,1.07262,1.07262,123.3
1712872800000,1.07263,1.0729,1.07259,1.07283,349.13
1712873700000,1.07283,1.07293,1.07282,1.07283,173.7
1712874600000,1.07283,1.07287,1.07278,1.07285,180.76
1712875500000,1.07284,1.07286,1.07279,1.07281,185.77
1712876400000,1.0728,1.07282,1.07274,1.07275,169.26
1712877300000,1.07272,1.07272,1.07263,1.07265,388.97
1712878200000,1.07265,1.07265,1.07257,1.07261,195.45
1712879100000,1.0726,1.07273,1.07238,1.0726,389.98
1712880000000,1.0726,1.07275,1.07237,1.07256,971.13
1712880900000,1.07256,1.07256,1.07224,1.07229,955.52
1712881800000,1.0723,1.07256,1.0723,1.07251,531.69
1712882700000,1.07252,1.07266,1.07243,1.07259,849.1
1712883600000,1.07262,1.07281,1.07244,1.07244,1244.54
1712884500000,1.07244,1.07259,1.07229,1.07239,1087.38
1712885400000,1.07238,1.07281,1.07238,1.07255,616.38
1712886300000,1.07254,1.07259,1.07242,1.07244,819.34
1712887200000,1.07242,1.07264,1.07233,1.07259,1207.96
1712888100000,1.07257,1.07258,1.07242,1.07243,554.29
1712889000000,1.07242,1.07261,1.07241,1.07255,1231.34
1712889900000,1.07255,1.07275,1.07252,1.07266,1126.69
1712890800000,1.07266,1.07266,1.07215,1.07218,971.16
1712891700000,1.07219,1.07231,1.07199,1.072,1006.7
1712892600000,1.072,1.07203,1.07182,1.07183,774.9
1712893500000,1.07182,1.07186,1.07153,1.0717,769.66
1712894400000,1.07171,1.07174,1.0716,1.07165,390.91
1712895300000,1.07165,1.07168,1.07147,1.07151,672.59
1712896200000,1.07152,1.07152,1.07117,1.07121,625.22
1712897100000,1.07121,1.07143,1.07107,1.07112,1103.36
1712898000000,1.07112,1.0714,1.0711,1.07124,1329.4
1712898900000,1.07124,1.07127,1.07109,1.07118,1188.9
1712899800000,1.07119,1.07135,1.07115,1.07134,722.41
1712900700000,1.07135,1.0714,1.07105,1.07113,992.64
1712901600000,1.07111,1.0712,1.07049,1.07078,3440.21
1712902500000,1.0708,1.07096,1.07034,1.07037,1245.23
1712903400000,1.07038,1.07048,1.06837,1.06847,5724.86
1712904300000,1.06848,1.06863,1.0681,1.06828,4398.33
1712905200000,1.06831,1.06874,1.06776,1.06783,4020.42
1712906100000,1.06783,1.06799,1.06742,1.06761,3800.54
1712907000000,1.06761,1.06838,1.06756,1.06771,2068.5
1712907900000,1.06771,1.06842,1.06768,1.06842,2822.8
1712908800000,1.06842,1.06852,1.06765,1.06771,2094.75
1712909700000,1.06771,1.06834,1.06756,1.06789,2088.14
1712910600000,1.06788,1.06789,1.0675,1.06765,2338.25
1712911500000,1.06766,1.0678,1.06707,1.0671,2719.41
1712912400000,1.06711,1.06748,1.06684,1.06719,1790.82
1712913300000,1.06717,1.06719,1.06564,1.06597,3192.3899
1712914200000,1.06597,1.06643,1.06561,1.06562,2097.82
1712915100000,1.06563,1.06622,1.06549,1.06604,2333.52
1712916000000,1.06606,1.06608,1.06547,1.06584,2093.41
1712916900000,1.06582,1.06589,1.06507,1.06539,2276.34
1712917800000,1.0654,1.06553,1.06515,1.06524,1992.6
1712918700000,1.06524,1.06531,1.06439,1.06469,2923.16
1712919600000,1.06468,1.06518,1.0646,1.06518,1704.15
1712920500000,1.06518,1.06591,1.06516,1.06575,1907.93
1712921400000,1.06573,1.06578,1.06547,1.06562,1780.62
1712922300000,1.06563,1.06584,1.0649,1.06509,3303.48
1712923200000,1.0651,1.06556,1.06497,1.06498,3231.43
1712924100000,1.06498,1.06542,1.06466,1.0648,2698.5
1712925000000,1.06481,1.0649,1.0635,1.06365,4989.19
1712925900000,1.06366,1.06403,1.06313,1.06383,5703.4901
1712926800000,1.06384,1.06408,1.06333,1.06394,4519.82
1712927700000,1.06395,1.06406,1.06309,1.06351,5505.33
1712928600000,1.06351,1.06395,1.06313,1.06371,6166.48
1712929500000,1.06371,1.06438,1.06349,1.06426,4413.2201
1712930400000,1.06429,1.06463,1.0628,1.06303,8975.8299
1712931300000,1.06303,1.0631,1.06226,1.06301,6287.62
1712932200000,1.06301,1.06351,1.06279,1.0629,5361.06
1712933100000,1.06289,1.06335,1.06252,1.06298,4932.1899
1712934000000,1.06298,1.06349,1.06292,1.06322,3362.92
1712934900000,1.06325,1.06404,1.06309,1.06402,2424.13
1712935800000,1.06403,1.06468,1.06397,1.06468,3594.55
1712936700000,1.06467,1.0651,1.06446,1.06467,3161.45
1712937600000,1.06467,1.06469,1.06417,1.06424,3560.91
1712938500000,1.06425,1.0645,1.06399,1.06414,2786.49
1712939400000,1.06415,1.0642,1.06378,1.06394,3204.96
1712940300000,1.06397,1.06441,1.06377,1.06418,2943.02
1712941200000,1.06418,1.06469,1.06418,1.06448,3459.38
1712942100000,1.06448,1.06474,1.06408,1.06413,2330.98
1712943000000,1.06414,1.06458,1.06404,1.06445,2918.85
1712943900000,1.06446,1.06496,1.0644,1.0647,1942.21
1712944800000,1.0647,1.06505,1.06455,1.0649,2568.49
1712945700000,1.06491,1.06499,1.06444,1.06448,2483.26
1712946600000,1.0645,1.06452,1.06402,1.06403,1966.25
1712947500000,1.06404,1.06418,1.06389,1.0639,1519.63
1712948400000,1.0639,1.06408,1.06378,1.06378,876.1
1712949300000,1.06375,1.06408,1.06372,1.06401,1326.65
1712950200000,1.06401,1.06426,1.06388,1.06416,943.25
1712951100000,1.06417,1.06421,1.06378,1.06382,830.56
1712952000000,1.06381,1.06442,1.06371,1.06433,875.39
1712952900000,1.06433,1.06434,1.06415,1.06417,453.64
1712953800000,1.06417,1.06431,1.0641,1.0642,976.04
1712954700000,1.06421,1.06427,1.06385,1.06385,1695.03
1712955600000,1.06385,1.06385,1.06385,1.06385,0
1712956500000,1.06385,1.06385,1.06385,1.06385,0
1712957400000,1.06385,1.06385,1.06385,1.06385,0
1712958300000,1.06385,1.06385,1.06385,1.06385,0
1712959200000,1.06385,1.06385,1.06385,1.06385,0
1712960100000,1.06385,1.06385,1.06385,1.06385,0
1712961000000,1.06385,1.06385,1.06385,1.06385,0
1712961900000,1.06385,1.06385,1.06385,1.06385,0
1712962800000,1.06385,1.06385,1.06385,1.06385,0
1712963700000,1.06385,1.06385,1.06385,1.06385,0
1712964600000,1.06385,1.06385,1.06385,1.06385,0
1712965500000,1.06385,1.06385,1.06385,1.06385,0
1712966400000,1.06385,1.06385,1.06385,1.06385,0
1712967300000,1.06385,1.06385,1.06385,1.06385,0
1712968200000,1.06385,1.06385,1.06385,1.06385,0
1712969100000,1.06385,1.06385,1.06385,1.06385,0
1712970000000,1.06385,1.06385,1.06385,1.06385,0
1712970900000,1.06385,1.06385,1.06385,1.06385,0
1712971800000,1.06385,1.06385,1.06385,1.06385,0
1712972700000,1.06385,1.06385,1.06385,1.06385,0
1712973600000,1.06385,1.06385,1.06385,1.06385,0
1712974500000,1.06385,1.06385,1.06385,1.06385,0
1712975400000,1.06385,1.06385,1.06385,1.06385,0
1712976300000,1.06385,1.06385,1.06385,1.06385,0
1712977200000,1.06385,1.06385,1.06385,1.06385,0
1712978100000,1.06385,1.06385,1.06385,1.06385,0
1712979000000,1.06385,1.06385,1.06385,1.06385,0
1712979900000,1.06385,1.06385,1.06385,1.06385,0
1712980800000,1.06385,1.06385,1.06385,1.06385,0
1712981700000,1.06385,1.06385,1.06385,1.06385,0
1712982600000,1.06385,1.06385,1.06385,1.06385,0
1712983500000,1.06385,1.06385,1.06385,1.06385,0
1712984400000,1.06385,1.06385,1.06385,1.06385,0
1712985300000,1.06385,1.06385,1.06385,1.06385,0
1712986200000,1.06385,1.06385,1.06385,1.06385,0
1712987100000,1.06385,1.06385,1.06385,1.06385,0
1712988000000,1.06385,1.06385,1.06385,1.06385,0
1712988900000,1.06385,1.06385,1.06385,1.06385,0
1712989800000,1.06385,1.06385,1.06385,1.06385,0
1712990700000,1.06385,1.06385,1.06385,1.06385,0
1712991600000,1.06385,1.06385,1.06385,1.06385,0
1712992500000,1.06385,1.06385,1.06385,1.06385,0
1712993400000,1.06385,1.06385,1.06385,1.06385,0
1712994300000,1.06385,1.06385,1.06385,1.06385,0
1712995200000,1.06385,1.06385,1.06385,1.06385,0
1712996100000,1.06385,1.06385,1.06385,1.06385,0
1712997000000,1.06385,1.06385,1.06385,1.06385,0
1712997900000,1.06385,1.06385,1.06385,1.06385,0
1712998800000,1.06385,1.06385,1.06385,1.06385,0
1712999700000,1.06385,1.06385,1.06385,1.06385,0
1713000600000,1.06385,1.06385,1.06385,1.06385,0
1713001500000,1.06385,1.06385,1.06385,1.06385,0
1713002400000,1.06385,1.06385,1.06385,1.06385,0
1713003300000,1.06385,1.06385,1.06385,1.06385,0
1713004200000,1.06385,1.06385,1.06385,1.06385,0
1713005100000,1.06385,1.06385,1.06385,1.06385,0
1713006000000,1.06385,1.06385,1.06385,1.06385,0
1713006900000,1.06385,1.06385,1.06385,1.06385,0
1713007800000,1.06385,1.06385,1.06385,1.06385,0
1713008700000,1.06385,1.06385,1.06385,1.06385,0
1713009600000,1.06385,1.06385,1.06385,1.06385,0
1713010500000,1.06385,1.06385,1.06385,1.06385,0
1713011400000,1.06385,1.06385,1.06385,1.06385,0
1713012300000,1.06385,1.06385,1.06385,1.06385,0
1713013200000,1.06385,1.06385,1.06385,1.06385,0
1713014100000,1.06385,1.06385,1.06385,1.06385,0
1713015000000,1.06385,1.06385,1.06385,1.06385,0
1713015900000,1.06385,1.06385,1.06385,1.06385,0
1713016800000,1.06385,1.06385,1.06385,1.06385,0
1713017700000,1.06385,1.06385,1.06385,1.06385,0
1713018600000,1.06385,1.06385,1.06385,1.06385,0
1713019500000,1.06385,1.06385,1.06385,1.06385,0
1713020400000,1.06385,1.06385,1.06385,1.06385,0
1713021300000,1.06385,1.06385,1.06385,1.06385,0
1713022200000,1.06385,1.06385,1.06385,1.06385,0
1713023100000,1.06385,1.06385,1.06385,1.06385,0
1713024000000,1.06385,1.06385,1.06385,1.06385,0
1713024900000,1.06385,1.06385,1.06385,1.06385,0
1713025800000,1.06385,1.06385,1.06385,1.06385,0
1713026700000,1.06385,1.06385,1.06385,1.06385,0
1713027600000,1.06385,1.06385,1.06385,1.06385,0
1713028500000,1.06385,1.06385,1.06385,1.06385,0
1713029400000,1.06385,1.06385,1.06385,1.06385,0
1713030300000,1.06385,1.06385,1.06385,1.06385,0
1713031200000,1.06385,1.06385,1.06385,1.06385,0
1713032100000,1.06385,1.06385,1.06385,1.06385,0
1713033000000,1.06385,1.06385,1.06385,1.06385,0
1713033900000,1.06385,1.06385,1.06385,1.06385,0
1713034800000,1.06385,1.06385,1.06385,1.06385,0
1713035700000,1.06385,1.06385,1.06385,1.06385,0
1713036600000,1.06385,1.06385,1.06385,1.06385,0
1713037500000,1.06385,1.06385,1.06385,1.06385,0
1713038400000,1.06385,1.06385,1.06385,1.06385,0
1713039300000,1.06385,1.06385,1.06385,1.06385,0
1713040200000,1.06385,1.06385,1.06385,1.06385,0
1713041100000,1.06385,1.06385,1.06385,1.06385,0
1713042000000,1.06385,1.06385,1.06385,1.06385,0
1713042900000,1.06385,1.06385,1.06385,1.06385,0
1713043800000,1.06385,1.06385,1.06385,1.06385,0
1713044700000,1.06385,1.06385,1.06385,1.06385,0
1713045600000,1.06385,1.06385,1.06385,1.06385,0
1713046500000,1.06385,1.06385,1.06385,1.06385,0
1713047400000,1.06385,1.06385,1.06385,1.06385,0
1713048300000,1.06385,1.06385,1.06385,1.06385,0
1713049200000,1.06385,1.06385,1.06385,1.06385,0
1713050100000,1.06385,1.06385,1.06385,1.06385,0
1713051000000,1.06385,1.06385,1.06385,1.06385,0
1713051900000,1.06385,1.06385,1.06385,1.06385,0
1713052800000,1.06385,1.06385,1.06385,1.06385,0
1713053700000,1.06385,1.06385,1.06385,1.06385,0
1713054600000,1.06385,1.06385,1.06385,1.06385,0
1713055500000,1.06385,1.06385,1.06385,1.06385,0
1713056400000,1.06385,1.06385,1.06385,1.06385,0
1713057300000,1.06385,1.06385,1.06385,1.06385,0
1713058200000,1.06385,1.06385,1.06385,1.06385,0
1713059100000,1.06385,1.06385,1.06385,1.06385,0
1713060000000,1.06385,1.06385,1.06385,1.06385,0
1713060900000,1.06385,1.06385,1.06385,1.06385,0
1713061800000,1.06385,1.06385,1.06385,1.06385,0
1713062700000,1.06385,1.06385,1.06385,1.06385,0
1713063600000,1.06385,1.06385,1.06385,1.06385,0
1713064500000,1.06385,1.06385,1.06385,1.06385,0
1713065400000,1.06385,1.06385,1.06385,1.06385,0
1713066300000,1.06385,1.06385,1.06385,1.06385,0
1713067200000,1.06385,1.06385,1.06385,1.06385,0
1713068100000,1.06385,1.06385,1.06385,1.06385,0
1713069000000,1.06385,1.06385,1.06385,1.06385,0
1713069900000,1.06385,1.06385,1.06385,1.06385,0
1713070800000,1.06385,1.06385,1.06385,1.06385,0
1713071700000,1.06385,1.06385,1.06385,1.06385,0
1713072600000,1.06385,1.06385,1.06385,1.06385,0
1713073500000,1.06385,1.06385,1.06385,1.06385,0
1713074400000,1.06385,1.06385,1.06385,1.06385,0
1713075300000,1.06385,1.06385,1.06385,1.06385,0
1713076200000,1.06385,1.06385,1.06385,1.06385,0
1713077100000,1.06385,1.06385,1.06385,1.06385,0
1713078000000,1.06385,1.06385,1.06385,1.06385,0
1713078900000,1.06385,1.06385,1.06385,1.06385,0
1713079800000,1.06385,1.06385,1.06385,1.06385,0
1713080700000,1.06385,1.06385,1.06385,1.06385,0
1713081600000,1.06385,1.06385,1.06385,1.06385,0
1713082500000,1.06385,1.06385,1.06385,1.06385,0
1713083400000,1.06385,1.06385,1.06385,1.06385,0
1713084300000,1.06385,1.06385,1.06385,1.06385,0
1713085200000,1.06385,1.06385,1.06385,1.06385,0
1713086100000,1.06385,1.06385,1.06385,1.06385,0
1713087000000,1.06385,1.06385,1.06385,1.06385,0
1713087900000,1.06385,1.06385,1.06385,1.06385,0
1713088800000,1.06385,1.06385,1.06385,1.06385,0
1713089700000,1.06385,1.06385,1.06385,1.06385,0
1713090600000,1.06385,1.06385,1.06385,1.06385,0
1713091500000,1.06385,1.06385,1.06385,1.06385,0
1713092400000,1.06385,1.06385,1.06385,1.06385,0
1713093300000,1.06385,1.06385,1.06385,1.06385,0
1713094200000,1.06385,1.06385,1.06385,1.06385,0
1713095100000,1.06385,1.06385,1.06385,1.06385,0
1713096000000,1.06385,1.06385,1.06385,1.06385,0
1713096900000,1.06385,1.06385,1.06385,1.06385,0
1713097800000,1.06385,1.06385,1.06385,1.06385,0
1713098700000,1.06385,1.06385,1.06385,1.06385,0
1713099600000,1.06385,1.06385,1.06385,1.06385,0
1713100500000,1.06385,1.06385,1.06385,1.06385,0
1713101400000,1.06385,1.06385,1.06385,1.06385,0
1713102300000,1.06385,1.06385,1.06385,1.06385,0
1713103200000,1.06385,1.06385,1.06385,1.06385,0
1713104100000,1.06385,1.06385,1.06385,1.06385,0
1713105000000,1.06385,1.06385,1.06385,1.06385,0
1713105900000,1.06385,1.06385,1.06385,1.06385,0
1713106800000,1.06385,1.06385,1.06385,1.06385,0
1713107700000,1.06385,1.06385,1.06385,1.06385,0
1713108600000,1.06385,1.06385,1.06385,1.06385,0
1713109500000,1.06385,1.06385,1.06385,1.06385,0
1713110400000,1.06385,1.06385,1.06385,1.06385,0
1713111300000,1.06385,1.06385,1.06385,1.06385,0
1713112200000,1.06385,1.06385,1.06385,1.06385,0
1713113100000,1.06385,1.06385,1.06385,1.06385,0
1713114000000,1.06385,1.06385,1.06385,1.06385,0
1713114900000,1.06385,1.06385,1.06385,1.06385,0
1713115800000,1.06385,1.06385,1.06385,1.06385,0
1713116700000,1.06385,1.06385,1.06385,1.06385,0
1713117600000,1.06385,1.06385,1.06385,1.06385,0
1713118500000,1.06385,1.06385,1.06385,1.06385,0
1713119400000,1.06385,1.06385,1.06385,1.06385,0
1713120300000,1.06385,1.06385,1.06385,1.06385,0
1713121200000,1.06385,1.06385,1.06385,1.06385,0
1713122100000,1.06385,1.06385,1.06385,1.06385,0
1713123000000,1.06385,1.06385,1.06385,1.06385,0
1713123900000,1.06385,1.06385,1.06385,1.06385,0
1713124800000,1.06385,1.06385,1.06385,1.06385,0
1713125700000,1.06385,1.06385,1.06385,1.06385,0
1713126600000,1.06385,1.06385,1.06385,1.06385,0
1713127500000,1.06385,1.06385,1.06385,1.06385,0
1713128400000,1.06352,1.0638,1.06309,1.06313,1688.55
1713129300000,1.06344,1.06359,1.0631,1.0632,393.5
1713130200000,1.06323,1.06351,1.06309,1.06349,241.05
1713131100000,1.06348,1.06358,1.06326,1.06347,354.9
1713132000000,1.06347,1.06424,1.06341,1.06415,3178.86
1713132900000,1.06415,1.06484,1.06411,1.06475,1506.19
1713133800000,1.06474,1.06514,1.06474,1.06502,731.86
1713134700000,1.06501,1.06503,1.06485,1.06497,308.04
1713135600000,1.06497,1.06497,1.06433,1.06442,1728.94
1713136500000,1.06441,1.06476,1.0644,1.06467,799.88
1713137400000,1.06467,1.065,1.06467,1.06493,423.45
1713138300000,1.06493,1.06494,1.0646,1.0646,464.58
1713139200000,1.06461,1.06496,1.06447,1.06487,2142.93
1713140100000,1.06486,1.0649,1.06432,1.06487,1272.43
1713141000000,1.06488,1.06489,1.06462,1.06477,887.68
1713141900000,1.06478,1.06484,1.06444,1.06456,1239.39
1713142800000,1.06455,1.06463,1.06402,1.06414,1925.94
1713143700000,1.06415,1.06491,1.06391,1.06479,2813.77
1713144600000,1.06479,1.06507,1.06472,1.06472,1422.57
1713145500000,1.06473,1.06506,1.06459,1.06495,1161.55
1713146400000,1.06495,1.06549,1.06495,1.06536,1543.01
1713147300000,1.06537,1.06542,1.06494,1.06496,1259.21
1713148200000,1.06498,1.06511,1.0649,1.06501,816.02
1713149100000,1.06502,1.06519,1.06495,1.06506,659.68
1713150000000,1.06507,1.06516,1.06483,1.06506,1012.39
1713150900000,1.06505,1.06512,1.06475,1.06497,703.68
1713151800000,1.06498,1.0653,1.06494,1.0653,1045.34
1713152700000,1.06531,1.06537,1.06517,1.06519,652.14
1713153600000,1.06519,1.0652,1.0647,1.06479,1063.73
1713154500000,1.06478,1.06496,1.06474,1.06496,1049.87
1713155400000,1.06497,1.06524,1.06476,1.06523,1369.2
1713156300000,1.06524,1.0654,1.06502,1.06524,874
1713157200000,1.06523,1.06536,1.06506,1.06525,771.22
1713158100000,1.06525,1.06531,1.06507,1.06523,597.64
1713159000000,1.06523,1.06549,1.06513,1.06542,1094.2
1713159900000,1.06542,1.06589,1.0654,1.06579,1250.28
1713160800000,1.06577,1.06604,1.06543,1.06588,2381.08
1713161700000,1.06588,1.06648,1.06549,1.06633,2376.75
1713162600000,1.06631,1.06631,1.06553,1.06561,2383.27
1713163500000,1.06559,1.06559,1.06516,1.06544,2505.02
1713164400000,1.06543,1.06574,1.06499,1.06519,4533.29
1713165300000,1.06523,1.06593,1.0651,1.06586,2798.1
1713166200000,1.06586,1.06606,1.0655,1.06554,3032.53
1713167100000,1.06554,1.0661,1.06533,1.06581,2528.96
1713168000000,1.0658,1.06616,1.06573,1.06588,2932.75
1713168900000,1.06587,1.06618,1.06552,1.0656,2944.54
1713169800000,1.06561,1.06587,1.06543,1.0655,1974.64
1713170700000,1.06549,1.06586,1.06537,1.06562,2494.75
1713171600000,1.06563,1.06624,1.06562,1.06607,1918.51
1713172500000,1.06606,1.06606,1.06561,1.06565,2104.77
1713173400000,1.06566,1.06593,1.06563,1.06577,1880.1
1713174300000,1.06577,1.06596,1.06535,1.06549,2156.79
1713175200000,1.06549,1.06598,1.06545,1.06589,1079.8
1713176100000,1.0659,1.06594,1.06553,1.06565,1067.97
1713177000000,1.06565,1.06587,1.06547,1.06563,1394.56
1713177900000,1.06563,1.06593,1.06515,1.06576,2151.69
1713178800000,1.06576,1.06651,1.06571,1.0665,1707.06
1713179700000,1.06649,1.0665,1.06594,1.06594,2646.1
1713180600000,1.06598,1.06606,1.06567,1.06581,2560.13
1713181500000,1.06579,1.0658,1.06516,1.06548,2125.77
1713182400000,1.06548,1.06575,1.06539,1.06566,2599.77
1713183300000,1.06568,1.06568,1.06517,1.0653,3282.5
1713184200000,1.06531,1.06531,1.06309,1.06417,12790.78
1713185100000,1.06415,1.06484,1.06359,1.06471,6032.7001
1713186000000,1.06472,1.06607,1.06472,1.06536,7021.19
1713186900000,1.06534,1.06536,1.06441,1.06452,7200.3301
1713187800000,1.06452,1.06467,1.0638,1.06387,6041.69
1713188700000,1.06385,1.06414,1.06339,1.06369,4890.29
1713189600000,1.0637,1.06377,1.06258,1.06281,7709.2801
1713190500000,1.06282,1.06349,1.06231,1.06254,5856.61
1713191400000,1.06254,1.0636,1.0625,1.06281,8303.47
1713192300000,1.06283,1.06289,1.06218,1.06267,5762.82
1713193200000,1.06268,1.06346,1.06226,1.06322,4100.7
1713194100000,1.06323,1.06377,1.06304,1.06372,3424.12
1713195000000,1.06373,1.06399,1.06347,1.06377,3589.03
1713195900000,1.06378,1.0645,1.06375,1.06434,1891.46
1713196800000,1.06433,1.06474,1.0641,1.06417,1861.21
1713197700000,1.06416,1.0642,1.06374,1.0639,2292.3
1713198600000,1.06389,1.06389,1.06359,1.0636,2576.63
1713199500000,1.0636,1.06374,1.06345,1.06361,2051.95
1713200400000,1.0636,1.06394,1.06337,1.06359,2631.49
1713201300000,1.06357,1.06357,1.06307,1.0631,3323.99
1713202200000,1.0631,1.06311,1.06264,1.06264,4545.11
1713203100000,1.06263,1.06292,1.0623,1.06288,4543.86
1713204000000,1.06287,1.063,1.0626,1.06279,2423.9
1713204900000,1.06278,1.06316,1.06264,1.06267,2022.68
1713205800000,1.06266,1.063,1.06253,1.0628,1683.4
1713206700000,1.06279,1.06279,1.06235,1.0625,1881.59
1713207600000,1.06251,1.06256,1.06218,1.06225,2859.92
1713208500000,1.06225,1.06248,1.06202,1.06234,2650.57
1713209400000,1.06235,1.0627,1.06233,1.06249,2176.16
1713210300000,1.06247,1.06272,1.06243,1.06264,2367.18
1713211200000,1.06263,1.06269,1.06238,1.06252,1211.34
1713212100000,1.06252,1.06259,1.06236,1.06241,399.9
1713213000000,1.06242,1.06244,1.06209,1.06215,410.85
1713213900000,1.06217,1.06246,1.06212,1.06241,912.64
1713214800000,1.06233,1.06241,1.06222,1.06236,280.78
1713215700000,1.06237,1.06253,1.06226,1.06237,415.8
1713216600000,1.06238,1.0625,1.06227,1.06239,1020.51
1713217500000,1.06238,1.0625,1.06233,1.06236,1878.75
1713218400000,1.06243,1.06268,1.06242,1.06264,476.32
1713219300000,1.06263,1.06274,1.06262,1.06268,255.31
1713220200000,1.06268,1.06276,1.06265,1.06272,568.93
1713221100000,1.06273,1.06278,1.06267,1.06269,692.55
1713222000000,1.06268,1.06284,1.06262,1.06273,1017.39
1713222900000,1.06273,1.06278,1.06254,1.06277,1050.86
1713223800000,1.06277,1.06281,1.06271,1.06277,1133.83
1713224700000,1.06276,1.06277,1.06241,1.06247,1423.84
1713225600000,1.06246,1.06253,1.06216,1.06223,1783.5
1713226500000,1.06221,1.06233,1.06203,1.06222,1243.23
1713227400000,1.06222,1.06222,1.06181,1.06209,1283.22
1713228300000,1.06208,1.06217,1.0618,1.06183,1503.43
1713229200000,1.06183,1.06191,1.06124,1.06137,1957.7
1713230100000,1.06137,1.06164,1.06069,1.06098,4246.01
1713231000000,1.061,1.06132,1.06099,1.06122,1663.58
1713231900000,1.06122,1.06169,1.06122,1.06158,1518
1713232800000,1.06159,1.06176,1.06117,1.06125,2112.14
1713233700000,1.06124,1.0615,1.061,1.06105,2459.22
1713234600000,1.06104,1.06109,1.06061,1.06077,3349.53
1713235500000,1.06077,1.06103,1.06067,1.06099,1333.33
1713236400000,1.06098,1.06099,1.0607,1.06082,1538.14
1713237300000,1.06081,1.06122,1.06073,1.06119,407.28
1713238200000,1.06118,1.06125,1.06092,1.06109,1101.68
1713239100000,1.06108,1.06113,1.06091,1.06113,802
1713240000000,1.06114,1.0613,1.0611,1.06113,471.99
1713240900000,1.06112,1.06123,1.06108,1.06121,454.48
1713241800000,1.0612,1.06126,1.06099,1.06116,1294.54
1713242700000,1.06116,1.06142,1.06112,1.0614,1127.31
1713243600000,1.06139,1.06157,1.06136,1.06153,1884.36
1713244500000,1.06151,1.06177,1.0615,1.06176,826.23
1713245400000,1.06177,1.06205,1.06167,1.06167,982.61
1713246300000,1.0617,1.06195,1.06166,1.06184,1099.3
1713247200000,1.06184,1.062,1.061,1.06106,4026.64
1713248100000,1.06106,1.06117,1.06051,1.06052,2894.56
1713249000000,1.06053,1.06104,1.06023,1.06087,3258.61
1713249900000,1.06088,1.06127,1.06085,1.06103,2941.33
1713250800000,1.06102,1.06188,1.06102,1.06138,3769.71
1713251700000,1.06137,1.06228,1.06127,1.06193,3469.1
1713252600000,1.06194,1.06194,1.06118,1.06156,2607.8
1713253500000,1.06157,1.06204,1.06116,1.06178,3414.7
1713254400000,1.06179,1.06247,1.06172,1.06192,3098.63
1713255300000,1.06191,1.06204,1.06129,1.06144,2869.56
1713256200000,1.06145,1.06177,1.06125,1.06154,2495.67
1713257100000,1.06152,1.06206,1.06132,1.06161,2471.15
1713258000000,1.0616,1.06334,1.0616,1.06328,4460.81
1713258900000,1.0633,1.06349,1.06221,1.06222,4246.73
1713259800000,1.06222,1.06251,1.06194,1.06251,2498.69
1713260700000,1.06251,1.06295,1.0625,1.06291,2611.49
1713261600000,1.06291,1.06323,1.06289,1.06303,1849.39
1713262500000,1.06303,1.06314,1.06247,1.06267,2006.47
1713263400000,1.06265,1.06292,1.0623,1.06249,3257.91
1713264300000,1.06248,1.06292,1.06245,1.06261,2201.27
1713265200000,1.06263,1.06307,1.06258,1.06294,2150.43
1713266100000,1.06293,1.06344,1.06293,1.06307,2165.03
1713267000000,1.06307,1.06357,1.06304,1.06347,1507.99
1713267900000,1.06349,1.06473,1.06348,1.06424,2518.68
1713268800000,1.06424,1.06431,1.06359,1.06422,2964.42
1713269700000,1.06422,1.06432,1.0639,1.06399,2978.73
1713270600000,1.06399,1.06535,1.06394,1.06487,5702.37
1713271500000,1.06486,1.06487,1.06378,1.06389,5511.18
1713272400000,1.06388,1.06398,1.06318,1.0632,7978.1301
1713273300000,1.06319,1.06363,1.06279,1.06339,7177.07
1713274200000,1.06338,1.06437,1.06297,1.06383,9831.51
1713275100000,1.06384,1.06399,1.06275,1.06295,10509.9999
1713276000000,1.06295,1.06418,1.06275,1.06397,7357.14
1713276900000,1.06403,1.06448,1.0631,1.06312,9654.5699
1713277800000,1.06313,1.06352,1.06283,1.06343,6032.04
1713278700000,1.06342,1.06367,1.06285,1.06317,4517.64
1713279600000,1.06318,1.06393,1.06306,1.0633,4839.01
1713280500000,1.06331,1.06342,1.06251,1.06279,4053.38
1713281400000,1.06278,1.06279,1.0622,1.06239,4261.15
1713282300000,1.06238,1.06315,1.06216,1.06278,3029.53
1713283200000,1.06276,1.06282,1.06216,1.06266,2659.28
1713284100000,1.06267,1.06277,1.06216,1.06222,3104.29
1713285000000,1.06223,1.06239,1.06187,1.06205,2690.84
1713285900000,1.06205,1.06282,1.06199,1.06249,2281.6
1713286800000,1.0625,1.06256,1.06193,1.06213,2716.8
1713287700000,1.06214,1.06226,1.06137,1.06138,2642.35
1713288600000,1.06138,1.06209,1.0601,1.06203,12884.2201
1713289500000,1.06203,1.06226,1.06128,1.06209,7452.42
1713290400000,1.06209,1.06336,1.06172,1.0624,5167.42
1713291300000,1.06241,1.06244,1.0616,1.06187,7798.7501
1713292200000,1.06188,1.06304,1.06183,1.06286,6413.8601
1713293100000,1.06286,1.0635,1.06264,1.0631,3626.96
1713294000000,1.06308,1.06317,1.06256,1.06263,2633.71
1713294900000,1.06264,1.06269,1.06238,1.06264,1237.93
1713295800000,1.06263,1.06263,1.06176,1.06206,2066.63
1713296700000,1.06208,1.06225,1.06177,1.06219,1639.97
1713297600000,1.06218,1.06228,1.06202,1.06209,566.02
1713298500000,1.0621,1.0621,1.06165,1.06171,372.56
1713299400000,1.06171,1.06181,1.06166,1.0617,326.31
1713300300000,1.0617,1.06198,1.06169,1.06187,865.65
1713301200000,1.06187,1.06245,1.06142,1.06189,901.91
1713302100000,1.06183,1.06223,1.06164,1.06177,1224.34
1713303000000,1.06179,1.06199,1.06154,1.06159,1186.9
1713303900000,1.06161,1.06182,1.06145,1.06155,3072.44
1713304800000,1.06164,1.06183,1.06126,1.06163,953.38
1713305700000,1.06161,1.06168,1.06158,1.06162,138.6
1713306600000,1.06163,1.06164,1.06153,1.06156,121.11
1713307500000,1.06154,1.06197,1.06135,1.06194,371.99
1713308400000,1.06195,1.06219,1.06191,1.06219,310.18
1713309300000,1.0622,1.06241,1.06218,1.06241,285.19
1713310200000,1.06241,1.06251,1.06222,1.06222,784.97
1713311100000,1.06218,1.06223,1.062,1.0621,638.09
1713312000000,1.0621,1.06214,1.06171,1.06178,853.67
1713312900000,1.06177,1.06239,1.06176,1.06229,800.73
1713313800000,1.06229,1.06229,1.06193,1.06195,742.39
1713314700000,1.06195,1.06233,1.06189,1.06223,563.4
1713315600000,1.06221,1.06229,1.06202,1.06209,789.22
1713316500000,1.0621,1.06284,1.06209,1.06276,1168.48
1713317400000,1.06275,1.06284,1.06243,1.06254,1227.52
1713318300000,1.06254,1.06297,1.06248,1.06281,1401.24
1713319200000,1.0628,1.06312,1.06271,1.06309,880.98
1713320100000,1.06311,1.06342,1.06297,1.06325,807.92
1713321000000,1.06325,1.0635,1.06319,1.06345,463.85
1713321900000,1.06346,1.06355,1.0633,1.06341,567.92
1713322800000,1.06341,1.06344,1.06321,1.06331,698.21
1713323700000,1.06329,1.0634,1.06305,1.06305,737.17
1713324600000,1.06305,1.06309,1.06289,1.06295,613.88
1713325500000,1.06294,1.06302,1.0627,1.06271,650.19
1713326400000,1.06272,1.06308,1.06267,1.06301,461.99
1713327300000,1.063,1.06311,1.0629,1.06298,498.61
1713328200000,1.06297,1.06299,1.06245,1.06249,430.14
1713329100000,1.06249,1.06254,1.06244,1.06249,222.85
1713330000000,1.06248,1.06248,1.06199,1.06202,776.99
1713330900000,1.06203,1.06203,1.06172,1.06172,649.92
1713331800000,1.06172,1.06172,1.06128,1.06144,782.25
1713332700000,1.06145,1.06149,1.06097,1.06118,854.53
1713333600000,1.06116,1.06181,1.0606,1.06176,1993.89
1713334500000,1.06177,1.06189,1.0615,1.06168,1265.13
1713335400000,1.06166,1.0629,1.06161,1.0625,1253.73
1713336300000,1.06249,1.06378,1.06241,1.06346,1586.78
1713337200000,1.06345,1.06345,1.06276,1.06298,2047.91
1713338100000,1.06297,1.06311,1.06241,1.06302,2020.63
1713339000000,1.063,1.06322,1.06249,1.06321,1606.06
1713339900000,1.06321,1.06342,1.06252,1.06253,2193.96
1713340800000,1.06253,1.0632,1.0624,1.06297,2843.89
1713341700000,1.06297,1.06443,1.06287,1.0642,3178.27
1713342600000,1.06419,1.06489,1.06401,1.06484,2227.27
1713343500000,1.06483,1.06486,1.06384,1.06405,3968.51
1713344400000,1.06405,1.0642,1.06353,1.06397,5048.8699
1713345300000,1.06397,1.06457,1.06376,1.06456,2642.24
1713346200000,1.06456,1.06486,1.0641,1.06436,2066.91
1713347100000,1.06437,1.0646,1.06393,1.06409,1217.44
1713348000000,1.0641,1.06468,1.06408,1.06452,1570.47
1713348900000,1.06452,1.06458,1.06405,1.06422,1226.2
1713349800000,1.06424,1.06447,1.06403,1.06428,1563.46
1713350700000,1.06427,1.06441,1.0638,1.06392,1587.82
1713351600000,1.0639,1.06491,1.06382,1.0646,1850.78
1713352500000,1.06461,1.06478,1.06407,1.06422,1677.93
1713353400000,1.06422,1.06433,1.06379,1.06397,2154
1713354300000,1.06398,1.06399,1.06321,1.06355,2849.19
1713355200000,1.06356,1.06428,1.06356,1.06398,2780.16
1713356100000,1.06399,1.06408,1.0632,1.06343,3057.42
1713357000000,1.06344,1.06363,1.06315,1.06359,2709.13
1713357900000,1.06359,1.06392,1.06329,1.06348,3475.92
1713358800000,1.06347,1.06459,1.06343,1.06451,2793.93
1713359700000,1.0645,1.06468,1.06404,1.0646,2611.67
1713360600000,1.06461,1.06479,1.0641,1.06477,4763.91
1713361500000,1.06479,1.06528,1.06431,1.06439,3983.1
1713362400000,1.06438,1.06445,1.06399,1.06421,3500.11
1713363300000,1.06422,1.06428,1.06341,1.06396,3576.29
1713364200000,1.06395,1.06423,1.06344,1.06353,3465.97
1713365100000,1.06354,1.06381,1.063,1.06355,4267.01
1713366000000,1.06355,1.06419,1.06355,1.06414,3010.12
1713366900000,1.06413,1.06418,1.06374,1.06393,4094.65
1713367800000,1.06394,1.06461,1.06362,1.06454,3287.99
1713368700000,1.06454,1.06454,1.06402,1.06429,3082.27
1713369600000,1.06429,1.06449,1.0636,1.06427,2900.79
1713370500000,1.06429,1.06505,1.06393,1.06504,3280.84
1713371400000,1.06505,1.06536,1.06483,1.06487,4844.37
1713372300000,1.06488,1.06563,1.06484,1.06497,4282.75
1713373200000,1.06496,1.06571,1.06479,1.06527,6617.98
1713374100000,1.06529,1.06564,1.06521,1.06549,3367.43
1713375000000,1.06548,1.06643,1.06546,1.06623,2165.75
1713375900000,1.06621,1.06687,1.06588,1.06682,2575.24
1713376800000,1.06682,1.06777,1.0667,1.06754,3031.66
1713377700000,1.06754,1.06758,1.067,1.0672,5582.88
1713378600000,1.06719,1.06765,1.0669,1.06763,3694.1
1713379500000,1.06764,1.06796,1.06694,1.06703,3716.25
1713380400000,1.06703,1.06703,1.06643,1.06644,3833.5
1713381300000,1.06643,1.06702,1.06643,1.06665,2791.22
1713382200000,1.06666,1.06686,1.0666,1.06681,1545.72
1713383100000,1.06682,1.06718,1.06679,1.06712,1862.58
1713384000000,1.06712,1.06724,1.06695,1.06704,869.66
1713384900000,1.06705,1.06729,1.06705,1.06726,275.44
1713385800000,1.06727,1.06728,1.06717,1.06726,867.73
1713386700000,1.06725,1.06736,1.0672,1.0672,1199.64
1713387600000,1.06719,1.06723,1.06705,1.06705,293.81
1713388500000,1.06705,1.06713,1.067,1.06708,712.65
1713389400000,1.06708,1.06714,1.06696,1.06707,322.65
1713390300000,1.06708,1.06718,1.06702,1.06717,441.27
1713391200000,1.06716,1.06751,1.06716,1.06737,884.88
1713392100000,1.06737,1.06738,1.06714,1.06722,249.33
1713393000000,1.06721,1.06735,1.06719,1.06729,156.02
1713393900000,1.0673,1.06737,1.06723,1.06725,309.68
1713394800000,1.06727,1.06729,1.06717,1.0672,287.26
1713395700000,1.06721,1.06737,1.0672,1.06725,255.16
1713396600000,1.06725,1.06725,1.0668,1.06693,467.28
1713397500000,1.06692,1.06701,1.06685,1.06689,501.26
1713398400000,1.0669,1.06695,1.06643,1.06647,1003.19
1713399300000,1.06649,1.0668,1.06644,1.06671,622.39
1713400200000,1.0667,1.06687,1.06667,1.06679,746.93
1713401100000,1.0668,1.06704,1.0666,1.06699,652.57
1713402000000,1.06699,1.0674,1.06696,1.06729,950.88
1713402900000,1.0673,1.06732,1.06687,1.06691,1304.06
1713403800000,1.0669,1.0669,1.06644,1.06648,2009.54
1713404700000,1.06646,1.06702,1.06645,1.06702,936.33
1713405600000,1.06701,1.06758,1.06688,1.0675,1006.95
1713406500000,1.06751,1.06762,1.06715,1.06741,1570.99
1713407400000,1.06743,1.06757,1.06733,1.06749,1281.46
1713408300000,1.06749,1.0679,1.06744,1.06778,891.68
1713409200000,1.06778,1.06783,1.06758,1.06762,1135.88
1713410100000,1.06763,1.06784,1.06753,1.06768,635.25
1713411000000,1.06768,1.06788,1.06754,1.06788,360.15
1713411900000,1.06787,1.06802,1.06771,1.06799,979.14
1713412800000,1.06799,1.068,1.06776,1.06779,875.15
1713413700000,1.06779,1.06796,1.06766,1.06791,388.09
1713414600000,1.06792,1.06798,1.06775,1.06777,354.75
1713415500000,1.06777,1.06783,1.06756,1.06783,558.31
1713416400000,1.06784,1.06787,1.06766,1.06767,586.28
1713417300000,1.06766,1.06793,1.06749,1.06792,690.24
1713418200000,1.06792,1.0683,1.06791,1.0683,1246.9
1713419100000,1.06829,1.0684,1.06794,1.06808,1175.87
1713420000000,1.0681,1.06876,1.06791,1.06852,1362.31
1713420900000,1.06852,1.06899,1.06852,1.06894,1117.2
1713421800000,1.06892,1.069,1.06873,1.06888,1087.19
1713422700000,1.06888,1.06888,1.06839,1.06853,1442.24
1713423600000,1.06852,1.06852,1.06803,1.06833,2576.22
1713424500000,1.06832,1.06855,1.06796,1.06832,2580.95
1713425400000,1.06833,1.06862,1.06783,1.06855,2646.66
1713426300000,1.06854,1.0688,1.06803,1.0681,1975.06
1713427200000,1.0681,1.06839,1.06771,1.06791,2820.78
1713428100000,1.0679,1.06813,1.06751,1.06757,2396.38
1713429000000,1.06758,1.06796,1.06748,1.06791,2568.44
1713429900000,1.0679,1.06822,1.06779,1.06784,1594.6
1713430800000,1.06784,1.06813,1.0677,1.06782,1332.88
1713431700000,1.06782,1.06806,1.06754,1.06775,1742.4
1713432600000,1.06776,1.06783,1.06709,1.06722,1696.19
1713433500000,1.06723,1.06733,1.067,1.06704,1321.92
1713434400000,1.06703,1.06752,1.06699,1.06729,1091.79
1713435300000,1.06728,1.06745,1.06709,1.06715,1097.15
1713436200000,1.06716,1.0673,1.06701,1.06729,698.05
1713437100000,1.06729,1.06771,1.06723,1.06758,1343.1
1713438000000,1.06757,1.0679,1.06748,1.0675,1361.57
1713438900000,1.06749,1.06778,1.06708,1.06709,1596.09
1713439800000,1.0671,1.06732,1.067,1.06724,1598.06
1713440700000,1.06724,1.06777,1.0671,1.06772,1662.66
1713441600000,1.06771,1.06796,1.06766,1.06767,1638.47
1713442500000,1.06766,1.06776,1.06673,1.06722,3051.65
1713443400000,1.06727,1.06747,1.06598,1.06629,9366.5599
1713444300000,1.06628,1.06684,1.06615,1.06628,5813.65
1713445200000,1.06628,1.06685,1.06599,1.06624,7625.03
1713446100000,1.06623,1.06661,1.0657,1.06589,6201.1799
1713447000000,1.06588,1.06653,1.06472,1.06493,9359.5599
1713447900000,1.06493,1.06539,1.06464,1.06506,5495.97
1713448800000,1.06507,1.06578,1.06497,1.06558,4963.51
1713449700000,1.06558,1.06582,1.0652,1.06544,4994.77
1713450600000,1.06545,1.06624,1.06542,1.06608,4102.2599
1713451500000,1.06609,1.06632,1.06536,1.06538,4082.83
1713452400000,1.06537,1.06607,1.06536,1.06593,2728.27
1713453300000,1.06594,1.06647,1.06594,1.06621,2246.93
1713454200000,1.06622,1.06626,1.06547,1.06557,2207.49
1713455100000,1.06556,1.06608,1.06538,1.06598,1800.59
1713456000000,1.06599,1.06617,1.06563,1.06616,2297.04
1713456900000,1.06615,1.06615,1.06574,1.06583,1386.8
1713457800000,1.06584,1.06597,1.0654,1.06556,2193.79
1713458700000,1.06556,1.06556,1.06516,1.06533,2640.69
1713459600000,1.06531,1.06548,1.06473,1.06479,1922.88
1713460500000,1.06479,1.06489,1.0643,1.0648,2968.65
1713461400000,1.0648,1.06491,1.0645,1.06488,2025.61
1713462300000,1.06487,1.06509,1.06437,1.06483,1930.46
1713463200000,1.06483,1.06494,1.06451,1.0647,1791.42
1713464100000,1.0647,1.06493,1.06437,1.06438,2277.15
1713465000000,1.06439,1.0647,1.06419,1.06466,1436.65
1713465900000,1.06465,1.06485,1.06449,1.0645,1434.6
1713466800000,1.06451,1.06481,1.06449,1.06454,2379.6
1713467700000,1.06454,1.0646,1.06426,1.06434,1326.04
1713468600000,1.06433,1.06468,1.06431,1.06461,1299.72
1713469500000,1.06462,1.06463,1.06431,1.06436,1119.54
1713470400000,1.06436,1.06454,1.06431,1.06451,565.47
1713471300000,1.06453,1.06457,1.06438,1.06439,398.84
1713472200000,1.0644,1.0644,1.0642,1.06428,384.05
1713473100000,1.06427,1.06439,1.06413,1.06431,838.63
1713474000000,1.06423,1.06443,1.06423,1.06436,149.4
1713474900000,1.06427,1.06443,1.06427,1.06435,239.84
1713475800000,1.06435,1.0645,1.06435,1.06436,547.58
1713476700000,1.06436,1.06442,1.06426,1.06433,1030.87
1713477600000,1.06432,1.06446,1.06423,1.06438,283.99
1713478500000,1.06437,1.06438,1.06428,1.06429,401.87
1713479400000,1.0643,1.06433,1.06408,1.06409,334.78
1713480300000,1.06408,1.06416,1.06404,1.06404,431.55
1713481200000,1.06405,1.06412,1.06403,1.06406,224.88
1713482100000,1.06407,1.06429,1.06402,1.06426,138.03
1713483000000,1.06426,1.06437,1.06414,1.06432,770.5
1713483900000,1.06433,1.06439,1.06415,1.06425,2281.77
1713484800000,1.06424,1.06435,1.06386,1.06405,2320.06
1713485700000,1.06407,1.06409,1.0636,1.06371,1403.42
1713486600000,1.06374,1.06385,1.06364,1.06375,1113.97
1713487500000,1.06375,1.06446,1.06375,1.06387,4262.98
1713488400000,1.06384,1.064,1.0632,1.06323,4576.6801
1713489300000,1.06322,1.06329,1.06271,1.06273,3673.88
1713490200000,1.06272,1.0628,1.06143,1.06145,7492.84
1713491100000,1.06146,1.0627,1.06135,1.06187,6425.83
1713492000000,1.06188,1.06202,1.06104,1.06119,6801.9401
1713492900000,1.06118,1.06208,1.06104,1.06195,7188.3
1713493800000,1.06196,1.06237,1.06172,1.06188,5359.11
1713494700000,1.0619,1.06207,1.06117,1.06181,5797.5099
1713495600000,1.06177,1.06305,1.06152,1.06258,6937.17
1713496500000,1.06257,1.0638,1.06244,1.06364,5238.04
1713497400000,1.06365,1.06405,1.06327,1.06355,4496.77
1713498300000,1.06356,1.06383,1.06336,1.06371,4504.78
1713499200000,1.06372,1.06431,1.06368,1.06385,4255.14
1713500100000,1.06386,1.06405,1.0637,1.06388,2646.26
1713501000000,1.06386,1.06391,1.06362,1.06371,2336.47
1713501900000,1.06372,1.06387,1.06336,1.06347,1843.3
1713502800000,1.06346,1.06409,1.06343,1.06346,2071.78
1713503700000,1.06345,1.0635,1.06311,1.06327,2241.16
1713504600000,1.06326,1.06335,1.06296,1.06309,2338.74
1713505500000,1.0631,1.06325,1.06295,1.06308,2051.84
1713506400000,1.06308,1.06398,1.0627,1.06349,6483.0401
1713507300000,1.06348,1.06371,1.06305,1.06341,5064.77
1713508200000,1.06343,1.06417,1.06325,1.06414,4544.7501
1713509100000,1.06413,1.06492,1.06409,1.06448,3333.48
1713510000000,1.06449,1.06528,1.0644,1.06479,6553.63
1713510900000,1.06481,1.06538,1.06437,1.06512,4500.22
1713511800000,1.06512,1.06523,1.06468,1.06511,4320.93
1713512700000,1.0651,1.06592,1.0651,1.06554,3224.03
1713513600000,1.06553,1.06553,1.06482,1.06493,3011.7301
1713514500000,1.0649,1.06507,1.0643,1.0647,3328.84
1713515400000,1.06468,1.06516,1.06447,1.06449,3578.22
1713516300000,1.06448,1.06477,1.06436,1.06456,2348.34
1713517200000,1.06456,1.06537,1.06451,1.06518,1414.63
1713518100000,1.06517,1.0658,1.06499,1.06578,2171.2
1713519000000,1.06578,1.06609,1.06562,1.06585,2127.78
1713519900000,1.06585,1.06621,1.06564,1.06589,1951.8
1713520800000,1.06589,1.06589,1.06509,1.06519,3255.51
1713521700000,1.06518,1.06519,1.06474,1.06516,2135.77
1713522600000,1.06516,1.06589,1.06514,1.06521,2785.8
1713523500000,1.06521,1.0653,1.06467,1.06473,2385.7
1713524400000,1.06472,1.06486,1.06431,1.06438,2197.24
1713525300000,1.06437,1.06521,1.06437,1.06478,2330.55
1713526200000,1.06479,1.06522,1.06472,1.06521,2573.29
1713527100000,1.06521,1.06552,1.06498,1.06517,2778.71
1713528000000,1.06519,1.06571,1.06496,1.06567,4305.7001
1713528900000,1.06568,1.06628,1.06556,1.06624,2774.37
1713529800000,1.06624,1.06731,1.06612,1.06729,3284.9
1713530700000,1.06731,1.06736,1.06637,1.06654,4847.9
1713531600000,1.06654,1.06679,1.06597,1.066,4012.3999
1713532500000,1.06599,1.0672,1.06587,1.06717,3708.53
1713533400000,1.06718,1.06755,1.06679,1.06712,6430.19
1713534300000,1.06712,1.06724,1.0664,1.06658,5374.13
1713535200000,1.06655,1.06707,1.06638,1.06674,6063.49
1713536100000,1.06677,1.06759,1.06638,1.06751,5994.56
1713537000000,1.06753,1.06775,1.0668,1.06735,6128.0601
1713537900000,1.06734,1.06762,1.06687,1.06695,8407.6101
1713538800000,1.06694,1.06718,1.06649,1.06651,3876.2
1713539700000,1.06652,1.06685,1.06637,1.06648,2980.98
1713540600000,1.06648,1.06667,1.06597,1.06621,2283.75
1713541500000,1.06621,1.06622,1.06536,1.06548,2621.54
1713542400000,1.06548,1.06596,1.06487,1.06488,3746.95
1713543300000,1.06488,1.06491,1.06401,1.06403,3169.56
1713544200000,1.06404,1.06502,1.06404,1.06495,2113.07
1713545100000,1.06494,1.0654,1.0647,1.06534,1617.02
1713546000000,1.06534,1.06573,1.06534,1.06573,1344.77
1713546900000,1.06573,1.06584,1.06509,1.06513,1941.07
1713547800000,1.06514,1.06547,1.06513,1.06529,1811.71
1713548700000,1.0653,1.06578,1.06526,1.06557,1561.35
1713549600000,1.06557,1.06557,1.06499,1.06533,2510.58
1713550500000,1.06532,1.06556,1.06492,1.06494,1634.2
1713551400000,1.06492,1.06505,1.06465,1.06477,2033.51
1713552300000,1.06477,1.06526,1.06471,1.06506,1762.58
1713553200000,1.06506,1.06535,1.06497,1.06528,1076.38
1713554100000,1.06529,1.06529,1.06501,1.06522,1435.98
1713555000000,1.06521,1.06537,1.06504,1.06515,1434.98
1713555900000,1.06516,1.06553,1.06506,1.06547,1727.3
1713556800000,1.06546,1.06551,1.06531,1.06542,1099.29
1713557700000,1.06543,1.06549,1.06537,1.06541,847.51
1713558600000,1.06542,1.06572,1.06541,1.06563,686.22
1713559500000,1.06562,1.06578,1.06523,1.06526,556.95
1713560400000,1.06526,1.06526,1.06526,1.06526,0
1713561300000,1.06526,1.06526,1.06526,1.06526,0
1713562200000,1.06526,1.06526,1.06526,1.06526,0
1713563100000,1.06526,1.06526,1.06526,1.06526,0
1713564000000,1.06526,1.06526,1.06526,1.06526,0
1713564900000,1.06526,1.06526,1.06526,1.06526,0
1713565800000,1.06526,1.06526,1.06526,1.06526,0
1713566700000,1.06526,1.06526,1.06526,1.06526,0
1713567600000,1.06526,1.06526,1.06526,1.06526,0
1713568500000,1.06526,1.06526,1.06526,1.06526,0
1713569400000,1.06526,1.06526,1.06526,1.06526,0
1713570300000,1.06526,1.06526,1.06526,1.06526,0
1713571200000,1.06526,1.06526,1.06526,1.06526,0
1713572100000,1.06526,1.06526,1.06526,1.06526,0
1713573000000,1.06526,1.06526,1.06526,1.06526,0
1713573900000,1.06526,1.06526,1.06526,1.06526,0
1713574800000,1.06526,1.06526,1.06526,1.06526,0
1713575700000,1.06526,1.06526,1.06526,1.06526,0
1713576600000,1.06526,1.06526,1.06526,1.06526,0
1713577500000,1.06526,1.06526,1.06526,1.06526,0
1713578400000,1.06526,1.06526,1.06526,1.06526,0
1713579300000,1.06526,1.06526,1.06526,1.06526,0
1713580200000,1.06526,1.06526,1.06526,1.06526,0
1713581100000,1.06526,1.06526,1.06526,1.06526,0
1713582000000,1.06526,1.06526,1.06526,1.06526,0
1713582900000,1.06526,1.06526,1.06526,1.06526,0
1713583800000,1.06526,1.06526,1.06526,1.06526,0
1713584700000,1.06526,1.06526,1.06526,1.06526,0
1713585600000,1.06526,1.06526,1.06526,1.06526,0
1713586500000,1.06526,1.06526,1.06526,1.06526,0
1713587400000,1.06526,1.06526,1.06526,1.06526,0
1713588300000,1.06526,1.06526,1.06526,1.06526,0
1713589200000,1.06526,1.06526,1.06526,1.06526,0
1713590100000,1.06526,1.06526,1.06526,1.06526,0
1713591000000,1.06526,1.06526,1.06526,1.06526,0
1713591900000,1.06526,1.06526,1.06526,1.06526,0
1713592800000,1.06526,1.06526,1.06526,1.06526,0
1713593700000,1.06526,1.06526,1.06526,1.06526,0
1713594600000,1.06526,1.06526,1.06526,1.06526,0
1713595500000,1.06526,1.06526,1.06526,1.06526,0
1713596400000,1.06526,1.06526,1.06526,1.06526,0
1713597300000,1.06526,1.06526,1.06526,1.06526,0
1713598200000,1.06526,1.06526,1.06526,1.06526,0
1713599100000,1.06526,1.06526,1.06526,1.06526,0
1713600000000,1.06526,1.06526,1.06526,1.06526,0
1713600900000,1.06526,1.06526,1.06526,1.06526,0
1713601800000,1.06526,1.06526,1.06526,1.06526,0
1713602700000,1.06526,1.06526,1.06526,1.06526,0
1713603600000,1.06526,1.06526,1.06526,1.06526,0
1713604500000,1.06526,1.06526,1.06526,1.06526,0
1713605400000,1.06526,1.06526,1.06526,1.06526,0
1713606300000,1.06526,1.06526,1.06526,1.06526,0
1713607200000,1.06526,1.06526,1.06526,1.06526,0
1713608100000,1.06526,1.06526,1.06526,1.06526,0
1713609000000,1.06526,1.06526,1.06526,1.06526,0
1713609900000,1.06526,1.06526,1.06526,1.06526,0
1713610800000,1.06526,1.06526,1.06526,1.06526,0
1713611700000,1.06526,1.06526,1.06526,1.06526,0
1713612600000,1.06526,1.06526,1.06526,1.06526,0
1713613500000,1.06526,1.06526,1.06526,1.06526,0
1713614400000,1.06526,1.06526,1.06526,1.06526,0
1713615300000,1.06526,1.06526,1.06526,1.06526,0
1713616200000,1.06526,1.06526,1.06526,1.06526,0
1713617100000,1.06526,1.06526,1.06526,1.06526,0
1713618000000,1.06526,1.06526,1.06526,1.06526,0
1713618900000,1.06526,1.06526,1.06526,1.06526,0
1713619800000,1.06526,1.06526,1.06526,1.06526,0
1713620700000,1.06526,1.06526,1.06526,1.06526,0
1713621600000,1.06526,1.06526,1.06526,1.06526,0
1713622500000,1.06526,1.06526,1.06526,1.06526,0
1713623400000,1.06526,1.06526,1.06526,1.06526,0
1713624300000,1.06526,1.06526,1.06526,1.06526,0
1713625200000,1.06526,1.06526,1.06526,1.06526,0
1713626100000,1.06526,1.06526,1.06526,1.06526,0
1713627000000,1.06526,1.06526,1.06526,1.06526,0
1713627900000,1.06526,1.06526,1.06526,1.06526,0
1713628800000,1.06526,1.06526,1.06526,1.06526,0
1713629700000,1.06526,1.06526,1.06526,1.06526,0
1713630600000,1.06526,1.06526,1.06526,1.06526,0
1713631500000,1.06526,1.06526,1.06526,1.06526,0
1713632400000,1.06526,1.06526,1.06526,1.06526,0
1713633300000,1.06526,1.06526,1.06526,1.06526,0
1713634200000,1.06526,1.06526,1.06526,1.06526,0
1713635100000,1.06526,1.06526,1.06526,1.06526,0
1713636000000,1.06526,1.06526,1.06526,1.06526,0
1713636900000,1.06526,1.06526,1.06526,1.06526,0
1713637800000,1.06526,1.06526,1.06526,1.06526,0
1713638700000,1.06526,1.06526,1.06526,1.06526,0
1713639600000,1.06526,1.06526,1.06526,1.06526,0
1713640500000,1.06526,1.06526,1.06526,1.06526,0
1713641400000,1.06526,1.06526,1.06526,1.06526,0
1713642300000,1.06526,1.06526,1.06526,1.06526,0
1713643200000,1.06526,1.06526,1.06526,1.06526,0
1713644100000,1.06526,1.06526,1.06526,1.06526,0
1713645000000,1.06526,1.06526,1.06526,1.06526,0
1713645900000,1.06526,1.06526,1.06526,1.06526,0
1713646800000,1.06526,1.06526,1.06526,1.06526,0
1713647700000,1.06526,1.06526,1.06526,1.06526,0
1713648600000,1.06526,1.06526,1.06526,1.06526,0
1713649500000,1.06526,1.06526,1.06526,1.06526,0
1713650400000,1.06526,1.06526,1.06526,1.06526,0
1713651300000,1.06526,1.06526,1.06526,1.06526,0
1713652200000,1.06526,1.06526,1.06526,1.06526,0
1713653100000,1.06526,1.06526,1.06526,1.06526,0
1713654000000,1.06526,1.06526,1.06526,1.06526,0
1713654900000,1.06526,1.06526,1.06526,1.06526,0
1713655800000,1.06526,1.06526,1.06526,1.06526,0
1713656700000,1.06526,1.06526,1.06526,1.06526,0
1713657600000,1.06526,1.06526,1.06526,1.06526,0
1713658500000,1.06526,1.06526,1.06526,1.06526,0
1713659400000,1.06526,1.06526,1.06526,1.06526,0
1713660300000,1.06526,1.06526,1.06526,1.06526,0
1713661200000,1.06526,1.06526,1.06526,1.06526,0
1713662100000,1.06526,1.06526,1.06526,1.06526,0
1713663000000,1.06526,1.06526,1.06526,1.06526,0
1713663900000,1.06526,1.06526,1.06526,1.06526,0
1713664800000,1.06526,1.06526,1.06526,1.06526,0
1713665700000,1.06526,1.06526,1.06526,1.06526,0
1713666600000,1.06526,1.06526,1.06526,1.06526,0
1713667500000,1.06526,1.06526,1.06526,1.06526,0
1713668400000,1.06526,1.06526,1.06526,1.06526,0
1713669300000,1.06526,1.06526,1.06526,1.06526,0
1713670200000,1.06526,1.06526,1.06526,1.06526,0
1713671100000,1.06526,1.06526,1.06526,1.06526,0
1713672000000,1.06526,1.06526,1.06526,1.06526,0
1713672900000,1.06526,1.06526,1.06526,1.06526,0
1713673800000,1.06526,1.06526,1.06526,1.06526,0
1713674700000,1.06526,1.06526,1.06526,1.06526,0
1713675600000,1.06526,1.06526,1.06526,1.06526,0
1713676500000,1.06526,1.06526,1.06526,1.06526,0
1713677400000,1.06526,1.06526,1.06526,1.06526,0
1713678300000,1.06526,1.06526,1.06526,1.06526,0
1713679200000,1.06526,1.06526,1.06526,1.06526,0
1713680100000,1.06526,1.06526,1.06526,1.06526,0
1713681000000,1.06526,1.06526,1.06526,1.06526,0
1713681900000,1.06526,1.06526,1.06526,1.06526,0
1713682800000,1.06526,1.06526,1.06526,1.06526,0
1713683700000,1.06526,1.06526,1.06526,1.06526,0
1713684600000,1.06526,1.06526,1.06526,1.06526,0
1713685500000,1.06526,1.06526,1.06526,1.06526,0
1713686400000,1.06526,1.06526,1.06526,1.06526,0
1713687300000,1.06526,1.06526,1.06526,1.06526,0
1713688200000,1.06526,1.06526,1.06526,1.06526,0
1713689100000,1.06526,1.06526,1.06526,1.06526,0
1713690000000,1.06526,1.06526,1.06526,1.06526,0
1713690900000,1.06526,1.06526,1.06526,1.06526,0
1713691800000,1.06526,1.06526,1.06526,1.06526,0
1713692700000,1.06526,1.06526,1.06526,1.06526,0
1713693600000,1.06526,1.06526,1.06526,1.06526,0
1713694500000,1.06526,1.06526,1.06526,1.06526,0
1713695400000,1.06526,1.06526,1.06526,1.06526,0
1713696300000,1.06526,1.06526,1.06526,1.06526,0
1713697200000,1.06526,1.06526,1.06526,1.06526,0
1713698100000,1.06526,1.06526,1.06526,1.06526,0
1713699000000,1.06526,1.06526,1.06526,1.06526,0
1713699900000,1.06526,1.06526,1.06526,1.06526,0
1713700800000,1.06526,1.06526,1.06526,1.06526,0
1713701700000,1.06526,1.06526,1.06526,1.06526,0
1713702600000,1.06526,1.06526,1.06526,1.06526,0
1713703500000,1.06526,1.06526,1.06526,1.06526,0
1713704400000,1.06526,1.06526,1.06526,1.06526,0
1713705300000,1.06526,1.06526,1.06526,1.06526,0
1713706200000,1.06526,1.06526,1.06526,1.06526,0
1713707100000,1.06526,1.06526,1.06526,1.06526,0
1713708000000,1.06526,1.06526,1.06526,1.06526,0
1713708900000,1.06526,1.06526,1.06526,1.06526,0
1713709800000,1.06526,1.06526,1.06526,1.06526,0
1713710700000,1.06526,1.06526,1.06526,1.06526,0
1713711600000,1.06526,1.06526,1.06526,1.06526,0
1713712500000,1.06526,1.06526,1.06526,1.06526,0
1713713400000,1.06526,1.06526,1.06526,1.06526,0
1713714300000,1.06526,1.06526,1.06526,1.06526,0
1713715200000,1.06526,1.06526,1.06526,1.06526,0
1713716100000,1.06526,1.06526,1.06526,1.06526,0
1713717000000,1.06526,1.06526,1.06526,1.06526,0
1713717900000,1.06526,1.06526,1.06526,1.06526,0
1713718800000,1.06526,1.06526,1.06526,1.06526,0
1713719700000,1.06526,1.06526,1.06526,1.06526,0
1713720600000,1.06526,1.06526,1.06526,1.06526,0
1713721500000,1.06526,1.06526,1.06526,1.06526,0
1713722400000,1.06526,1.06526,1.06526,1.06526,0
1713723300000,1.06526,1.06526,1.06526,1.06526,0
1713724200000,1.06526,1.06526,1.06526,1.06526,0
1713725100000,1.06526,1.06526,1.06526,1.06526,0
1713726000000,1.06526,1.06526,1.06526,1.06526,0
1713726900000,1.06526,1.06526,1.06526,1.06526,0
1713727800000,1.06526,1.06526,1.06526,1.06526,0
1713728700000,1.06526,1.06526,1.06526,1.06526,0
1713729600000,1.06526,1.06526,1.06526,1.06526,0
1713730500000,1.06526,1.06526,1.06526,1.06526,0
1713731400000,1.06526,1.06526,1.06526,1.06526,0
1713732300000,1.06526,1.06526,1.06526,1.06526,0
1713733200000,1.06495,1.06611,1.06486,1.06574,160.06
1713734100000,1.06575,1.06612,1.06456,1.06581,306.47
1713735000000,1.0658,1.06591,1.06545,1.06567,179.2
1713735900000,1.06565,1.06603,1.06559,1.06563,1079.1
1713736800000,1.06561,1.06614,1.06545,1.06609,896.07
1713737700000,1.06609,1.06614,1.06588,1.06597,264.42
1713738600000,1.06599,1.06605,1.06582,1.06583,404.31
1713739500000,1.06583,1.06595,1.06583,1.06587,261.63
1713740400000,1.0659,1.0661,1.06587,1.06604,491.79
1713741300000,1.06603,1.06604,1.0659,1.06594,311.88
1713742200000,1.06594,1.06601,1.06579,1.06595,456.03
1713743100000,1.06595,1.06599,1.06575,1.06575,549.72
1713744000000,1.06577,1.06602,1.06553,1.06597,2076.23
1713744900000,1.06597,1.06649,1.06592,1.06633,1343.03
1713745800000,1.06631,1.06633,1.06545,1.06545,1467.8
1713746700000,1.06547,1.06573,1.06527,1.06534,1856.03
1713747600000,1.06533,1.06625,1.06532,1.0662,1678.19
1713748500000,1.0662,1.06676,1.0659,1.06649,2303.55
1713749400000,1.06648,1.06658,1.0662,1.06653,1866.96
1713750300000,1.06653,1.06697,1.06647,1.06682,1049.69
1713751200000,1.06681,1.06702,1.06668,1.06679,1333.29
1713752100000,1.06679,1.06706,1.0666,1.06666,359.29
1713753000000,1.06666,1.06672,1.06647,1.06647,531.57
1713753900000,1.06648,1.06658,1.06639,1.0664,431.54
1713754800000,1.06639,1.06645,1.06626,1.0663,441.86
1713755700000,1.0663,1.06635,1.06616,1.06617,719.07
1713756600000,1.06617,1.06626,1.06604,1.06612,369.39
1713757500000,1.06612,1.06621,1.06604,1.06617,460.81
1713758400000,1.06617,1.0664,1.06614,1.0664,259.65
1713759300000,1.0664,1.06647,1.06635,1.06645,588.96
1713760200000,1.06645,1.0667,1.06643,1.06666,424.63
1713761100000,1.06666,1.06685,1.06651,1.06652,529.99
1713762000000,1.06654,1.06659,1.06644,1.0665,192.75
1713762900000,1.06649,1.0666,1.06638,1.06655,643.02
1713763800000,1.06657,1.06657,1.06618,1.06626,517.59
1713764700000,1.06627,1.06653,1.06622,1.06637,1237.69
1713765600000,1.06637,1.06691,1.06629,1.06647,1643.31
1713766500000,1.06646,1.06669,1.06631,1.06639,1037.94
1713767400000,1.0664,1.06646,1.06606,1.06626,1008.43
1713768300000,1.06627,1.06646,1.06605,1.0664,1318.7
1713769200000,1.06639,1.06677,1.06622,1.06642,2249.63
1713770100000,1.06644,1.06644,1.0656,1.06567,2108.8
1713771000000,1.06567,1.06572,1.06524,1.06546,2983.97
1713771900000,1.06546,1.06603,1.0654,1.06584,1627.25
1713772800000,1.06584,1.066,1.06513,1.0652,1917.39
1713773700000,1.0652,1.06553,1.06473,1.06539,2190.11
1713774600000,1.0654,1.0656,1.06516,1.06551,1825.84
1713775500000,1.06553,1.06623,1.06553,1.06568,2714.9
1713776400000,1.06566,1.06618,1.06558,1.06615,1697.26
1713777300000,1.06616,1.06618,1.06557,1.06579,2129.7
1713778200000,1.06577,1.0658,1.06512,1.06521,1269
1713779100000,1.0652,1.0652,1.06489,1.06513,1212.94
1713780000000,1.06513,1.06542,1.06498,1.06524,1626.68
1713780900000,1.06523,1.06541,1.06474,1.06537,2124.02
1713781800000,1.06537,1.0655,1.06512,1.0652,1186.71
1713782700000,1.06519,1.06529,1.065,1.06505,1827.91
1713783600000,1.06505,1.06508,1.06436,1.06443,2144.95
1713784500000,1.06444,1.0646,1.06351,1.06367,3888.71
1713785400000,1.06367,1.06414,1.06361,1.06381,1763.38
1713786300000,1.06383,1.06397,1.0633,1.06351,2660.54
1713787200000,1.06351,1.06375,1.06308,1.06375,3138.87
1713788100000,1.06375,1.0643,1.0637,1.06422,1796.27
1713789000000,1.0642,1.06438,1.06402,1.06431,1753.06
1713789900000,1.06431,1.06431,1.06394,1.06397,1916.43
1713790800000,1.06396,1.06408,1.06336,1.06337,2562.48
1713791700000,1.06337,1.06344,1.06261,1.06274,2385.44
1713792600000,1.06273,1.06346,1.06239,1.06341,4430.72
1713793500000,1.06343,1.06372,1.06313,1.06331,3020.81
1713794400000,1.06332,1.06385,1.06326,1.06349,3182.33
1713795300000,1.06349,1.06406,1.06349,1.064,2463.85
1713796200000,1.06401,1.06438,1.0639,1.06426,4052.65
1713797100000,1.06427,1.06477,1.06426,1.0645,2800.89
1713798000000,1.06449,1.06449,1.06409,1.06409,1580.25
1713798900000,1.06411,1.06448,1.06406,1.06446,1335.83
1713799800000,1.06447,1.06457,1.06409,1.06446,1701.65
1713800700000,1.06447,1.06479,1.06427,1.06471,1074.46
1713801600000,1.06471,1.0649,1.06468,1.06482,913.94
1713802500000,1.06483,1.06508,1.06481,1.06494,647.9
1713803400000,1.06493,1.06507,1.06462,1.06474,1264.72
1713804300000,1.06475,1.06488,1.06461,1.06488,943.96
1713805200000,1.06487,1.06527,1.06481,1.06519,909.89
1713806100000,1.0652,1.06549,1.06509,1.06539,704.38
1713807000000,1.06539,1.0654,1.06522,1.06531,656.27
1713807900000,1.06531,1.06577,1.06531,1.06573,887.52
1713808800000,1.06573,1.06578,1.06542,1.06577,784.66
1713809700000,1.06578,1.06593,1.06577,1.06584,827.03
1713810600000,1.06585,1.06607,1.06585,1.06592,826.19
1713811500000,1.06593,1.06597,1.0658,1.06585,1378.34
1713812400000,1.06585,1.06585,1.06533,1.06544,2456.07
1713813300000,1.06543,1.06546,1.06512,1.06525,1292.03
1713814200000,1.06525,1.0653,1.06505,1.0652,1790.14
1713815100000,1.06519,1.06534,1.06511,1.06519,2009.53
1713816000000,1.06518,1.06518,1.06504,1.0651,778.37
1713816900000,1.06511,1.06537,1.06511,1.06534,370.71
1713817800000,1.06533,1.06549,1.06529,1.06548,254.57
1713818700000,1.06548,1.06552,1.06528,1.06541,559.63
1713819600000,1.06541,1.06547,1.06515,1.06542,211.31
1713820500000,1.06541,1.06541,1.0651,1.06533,504.84
1713821400000,1.06532,1.06532,1.06515,1.06524,456.36
1713822300000,1.06524,1.06531,1.06512,1.06519,352.98
1713823200000,1.06518,1.06542,1.06518,1.06535,577.71
1713824100000,1.06534,1.06542,1.06532,1.06532,403.34
1713825000000,1.06534,1.06543,1.06533,1.06537,249.52
1713825900000,1.06537,1.06545,1.06537,1.06542,124.63
1713826800000,1.06542,1.06547,1.06524,1.06527,513.27
1713827700000,1.06526,1.06535,1.06524,1.06531,387.75
1713828600000,1.06533,1.06547,1.06533,1.06542,291.66
1713829500000,1.06541,1.06558,1.06532,1.06537,330.09
1713830400000,1.06537,1.0657,1.06537,1.06549,1274.56
1713831300000,1.06549,1.0657,1.06546,1.06558,872.23
1713832200000,1.06559,1.06575,1.06558,1.06569,514.09
1713833100000,1.0657,1.06592,1.0657,1.06586,673.89
1713834000000,1.06587,1.06604,1.06585,1.06603,1011.18
1713834900000,1.06604,1.06604,1.06568,1.0658,1028.52
1713835800000,1.0658,1.06592,1.06566,1.06574,960.12
1713836700000,1.06574,1.06575,1.06534,1.06542,857.55
1713837600000,1.06541,1.06586,1.06537,1.06579,726.61
1713838500000,1.06581,1.06603,1.06574,1.066,689.81
1713839400000,1.06597,1.06604,1.06584,1.06599,849.81
1713840300000,1.06601,1.06605,1.06581,1.06583,341.37
1713841200000,1.06586,1.06589,1.06549,1.06561,801.81
1713842100000,1.06562,1.06574,1.06551,1.06551,812.85
1713843000000,1.06551,1.06569,1.06545,1.06556,698.6
1713843900000,1.06557,1.06566,1.0655,1.06561,330.33
1713844800000,1.06561,1.06579,1.06557,1.06576,563.13
1713845700000,1.06576,1.06582,1.06566,1.06569,692.93
1713846600000,1.06568,1.06568,1.06553,1.06559,544.43
1713847500000,1.06559,1.0656,1.06541,1.0655,443.09
1713848400000,1.06548,1.06548,1.06513,1.0653,1161.14
1713849300000,1.0653,1.0654,1.06519,1.06519,705.14
1713850200000,1.0652,1.06535,1.06495,1.06501,650.48
1713851100000,1.065,1.06529,1.065,1.06508,1379.47
1713852000000,1.06508,1.06508,1.06414,1.06414,1523.98
1713852900000,1.06415,1.06415,1.06385,1.06407,894.56
1713853800000,1.06406,1.06457,1.06406,1.06446,783.48
1713854700000,1.06447,1.06505,1.0643,1.06451,1135.12
1713855600000,1.06451,1.06499,1.06436,1.06469,3540.46
1713856500000,1.06472,1.06682,1.06472,1.06649,5002.15
1713857400000,1.06644,1.0695,1.06644,1.06815,10593.89
1713858300000,1.06814,1.06833,1.0676,1.06793,3775.35
1713859200000,1.06786,1.06798,1.06707,1.06777,4250.89
1713860100000,1.06777,1.06831,1.06768,1.06777,2899.55
1713861000000,1.06776,1.06827,1.06759,1.06819,3439.37
1713861900000,1.06818,1.06819,1.06693,1.06706,2902.48
1713862800000,1.06706,1.06706,1.06606,1.06614,2941.69
1713863700000,1.06614,1.0664,1.066,1.06623,1976.84
1713864600000,1.06624,1.06644,1.06614,1.0664,1012.64
1713865500000,1.0664,1.0664,1.06561,1.06592,1844.07
1713866400000,1.06593,1.06627,1.06593,1.06607,1528.31
1713867300000,1.06608,1.06616,1.0657,1.06595,1093.64
1713868200000,1.06594,1.06597,1.06549,1.06561,2604.88
1713869100000,1.0656,1.06573,1.06532,1.06549,1487.43
1713870000000,1.06549,1.0661,1.06547,1.0661,1014.21
1713870900000,1.06611,1.0672,1.0661,1.06701,3950.19
1713871800000,1.06701,1.06709,1.06645,1.06666,2161.72
1713872700000,1.06667,1.0678,1.06666,1.06745,2834.8
1713873600000,1.06746,1.06758,1.06709,1.0672,2789.96
1713874500000,1.06722,1.06769,1.06715,1.06728,2080.52
1713875400000,1.06729,1.06742,1.06676,1.06683,2403.31
1713876300000,1.06684,1.06722,1.0664,1.0672,2775.97
1713877200000,1.0672,1.0672,1.06658,1.06676,2972.88
1713878100000,1.06674,1.06676,1.06635,1.06658,1385.41
1713879000000,1.06659,1.06687,1.066,1.06621,3332.63
1713879900000,1.06627,1.07098,1.06621,1.07012,14945.3199
1713880800000,1.07014,1.07051,1.06904,1.06977,12058.2599
1713881700000,1.06978,1.07089,1.06956,1.06995,6556.42
1713882600000,1.06999,1.07112,1.06974,1.07041,6190.9
1713883500000,1.0704,1.07049,1.06961,1.06984,5781.76
1713884400000,1.06984,1.06992,1.06899,1.06991,4906.24
1713885300000,1.06992,1.07004,1.06967,1.07001,2275.77
1713886200000,1.07002,1.07033,1.06961,1.06963,2514.64
1713887100000,1.06961,1.06963,1.06912,1.06946,2403.43
1713888000000,1.06946,1.06984,1.06922,1.06983,2068.44
1713888900000,1.06986,1.0702,1.06975,1.07018,1524.11
1713889800000,1.07017,1.07024,1.06984,1.06997,1487.29
1713890700000,1.06997,1.07008,1.06979,1.06999,1382.71
1713891600000,1.07,1.07049,1.06993,1.0702,1930.03
1713892500000,1.0702,1.07064,1.07,1.07054,976.94
1713893400000,1.07053,1.07071,1.07038,1.07068,755.5
1713894300000,1.0707,1.07076,1.07037,1.07049,643
1713895200000,1.07049,1.07068,1.07037,1.07041,733.7
1713896100000,1.07042,1.07069,1.0704,1.07066,379.52
1713897000000,1.07067,1.07075,1.07051,1.07061,450.7
1713897900000,1.0706,1.0706,1.07018,1.07038,803
1713898800000,1.0704,1.07055,1.07021,1.07051,932.13
1713899700000,1.0705,1.07051,1.07028,1.07034,722.98
1713900600000,1.07033,1.07043,1.07028,1.0704,764.2
1713901500000,1.07039,1.07049,1.07018,1.07028,649.42
1713902400000,1.07028,1.07029,1.07009,1.0701,470.99
1713903300000,1.07011,1.07013,1.07,1.07008,231.37
1713904200000,1.07008,1.07031,1.07008,1.0702,363.57
1713905100000,1.07021,1.07029,1.07002,1.07002,765.64
1713906000000,1.07004,1.07024,1.07004,1.07024,285.66
1713906900000,1.07024,1.07027,1.07005,1.07011,482.7
1713907800000,1.07011,1.07018,1.07002,1.07012,411.81
1713908700000,1.07006,1.07025,1.06997,1.07021,549.46
1713909600000,1.07025,1.07044,1.0701,1.07012,385.48
1713910500000,1.07011,1.07023,1.07008,1.07015,159.69
1713911400000,1.07014,1.07023,1.07013,1.07018,200.83
1713912300000,1.07017,1.07035,1.07016,1.0703,278.3
1713913200000,1.07031,1.07033,1.07019,1.07032,643.56
1713914100000,1.07032,1.07033,1.07014,1.07027,422.53
1713915000000,1.07027,1.07029,1.06995,1.07009,331.83
1713915900000,1.07008,1.07029,1.07001,1.07024,610.68
1713916800000,1.07025,1.07029,1.07002,1.07015,740.92
1713917700000,1.07015,1.07084,1.07007,1.07084,1077.84
1713918600000,1.07084,1.07091,1.07073,1.07084,411.07
1713919500000,1.07086,1.07106,1.0707,1.07095,693.31
1713920400000,1.07096,1.07101,1.07077,1.07085,896.33
1713921300000,1.07086,1.07115,1.07079,1.071,886.05
1713922200000,1.071,1.07142,1.07083,1.07093,2535.93
1713923100000,1.07094,1.07111,1.07082,1.07098,1169.14
1713924000000,1.07097,1.07125,1.07077,1.07122,815.28
1713924900000,1.07122,1.07131,1.07093,1.07099,596.51
1713925800000,1.07098,1.07108,1.07081,1.07094,1707.13
1713926700000,1.07094,1.07113,1.07076,1.07101,1094.38
1713927600000,1.07101,1.07109,1.07063,1.07068,1368.99
1713928500000,1.07067,1.07069,1.07043,1.07048,971.09
1713929400000,1.07047,1.07072,1.07047,1.07057,1145.18
1713930300000,1.07057,1.07066,1.07045,1.07062,609.83
1713931200000,1.07062,1.0708,1.07057,1.07074,363.28
1713932100000,1.07074,1.07088,1.07067,1.07067,504.54
1713933000000,1.07068,1.07069,1.07051,1.07052,567.04
1713933900000,1.07053,1.07063,1.07051,1.07052,519.04
1713934800000,1.07051,1.07056,1.0703,1.07042,1006.93
1713935700000,1.07044,1.07046,1.07022,1.07032,1119.16
1713936600000,1.07033,1.07035,1.07006,1.07035,1152.59
1713937500000,1.07036,1.07036,1.07002,1.07012,1015.2
1713938400000,1.07013,1.07054,1.06959,1.06963,2604.82
1713939300000,1.06964,1.07008,1.06945,1.07001,2112.77
1713940200000,1.07,1.07008,1.06981,1.06997,981.86
1713941100000,1.06996,1.06997,1.0692,1.06945,2915.02
1713942000000,1.06944,1.06959,1.06881,1.06883,2849.55
1713942900000,1.06885,1.06931,1.06859,1.06883,2168.9
1713943800000,1.06883,1.06902,1.06864,1.06887,1653.25
1713944700000,1.06888,1.06891,1.06849,1.06881,1408.72
1713945600000,1.06881,1.06925,1.06878,1.06893,1867.44
1713946500000,1.06894,1.069,1.06867,1.0687,1270.42
1713947400000,1.06871,1.06874,1.06816,1.0683,2283.32
1713948300000,1.06831,1.06847,1.06808,1.06833,1709.73
1713949200000,1.06834,1.06888,1.06833,1.06888,1405.75
1713950100000,1.06887,1.0691,1.06872,1.06897,1281.98
1713951000000,1.06896,1.06898,1.06857,1.06871,1556.37
1713951900000,1.06872,1.06884,1.06838,1.06838,1256.68
1713952800000,1.06837,1.06889,1.06836,1.06884,953.98
1713953700000,1.06883,1.06918,1.06883,1.06908,545.21
1713954600000,1.06909,1.06913,1.06861,1.06865,990.5
1713955500000,1.06864,1.06895,1.06856,1.06883,755.89
1713956400000,1.06883,1.06898,1.06863,1.06883,1563.93
1713957300000,1.06883,1.06889,1.06848,1.0685,1794.95
1713958200000,1.06851,1.06856,1.06834,1.06844,839.75
1713959100000,1.06845,1.06892,1.06834,1.06891,1070.42
1713960000000,1.06891,1.06907,1.06785,1.06854,1989.47
1713960900000,1.06854,1.06889,1.06814,1.06878,2985.72
1713961800000,1.06878,1.0693,1.0681,1.0682,5894.7099
1713962700000,1.06821,1.06882,1.06779,1.06867,3866.36
1713963600000,1.06865,1.06903,1.0684,1.06882,3025.3
1713964500000,1.06882,1.06976,1.06866,1.06972,2713.43
1713965400000,1.06969,1.06994,1.06943,1.06947,4348.64
1713966300000,1.06946,1.06951,1.06895,1.06934,3722.99
1713967200000,1.06933,1.07025,1.06906,1.06936,5063.06
1713968100000,1.06937,1.07013,1.06927,1.06967,3220.68
1713969000000,1.06967,1.06973,1.06871,1.06872,3153.05
1713969900000,1.06874,1.06903,1.06856,1.0688,3179.97
1713970800000,1.0688,1.06912,1.06841,1.06842,3377.46
1713971700000,1.06845,1.06897,1.0684,1.06865,2578.11
1713972600000,1.06867,1.06911,1.06814,1.06815,1793.24
1713973500000,1.06815,1.06867,1.06809,1.06863,2081.92
1713974400000,1.06863,1.06904,1.0685,1.06871,1680.6
1713975300000,1.06872,1.06896,1.06857,1.06858,1350.18
1713976200000,1.06856,1.06878,1.06833,1.06872,1777.3
1713977100000,1.06872,1.0691,1.06865,1.06904,1115.35
1713978000000,1.06903,1.0695,1.06898,1.06933,1339.2
1713978900000,1.06934,1.06958,1.06926,1.06944,2133.62
1713979800000,1.06944,1.06958,1.0693,1.06954,1209.36
1713980700000,1.06952,1.06975,1.06938,1.06959,779.33
1713981600000,1.06961,1.06967,1.06905,1.06906,2157.51
1713982500000,1.06905,1.06929,1.06899,1.06915,1811.6
1713983400000,1.06914,1.06918,1.06869,1.06918,1528.97
1713984300000,1.06917,1.0694,1.06914,1.06932,1452.61
1713985200000,1.06931,1.07026,1.06921,1.07025,1022.38
1713986100000,1.0702,1.07065,1.07014,1.0706,1290.05
1713987000000,1.07059,1.07064,1.07016,1.07016,2202.66
1713987900000,1.07015,1.07027,1.07,1.07006,2639.73
1713988800000,1.07006,1.07006,1.06974,1.06977,2035.01
1713989700000,1.06976,1.06985,1.06967,1.0698,841.22
1713990600000,1.06981,1.06989,1.06974,1.06975,759.47
1713991500000,1.06976,1.07002,1.06975,1.06985,800.42
1713992400000,1.06985,1.06985,1.06928,1.06956,900.43
1713993300000,1.0696,1.0698,1.06954,1.0697,246.41
1713994200000,1.0697,1.06978,1.06962,1.06975,277.48
1713995100000,1.06974,1.0698,1.06955,1.06973,790.42
1713996000000,1.06972,1.07006,1.06942,1.06954,600.69
1713996900000,1.06954,1.06973,1.06954,1.06966,301.29
1713997800000,1.06967,1.06973,1.06963,1.06963,245.77
1713998700000,1.06965,1.06974,1.06965,1.06972,168.8
1713999600000,1.06973,1.06977,1.06966,1.06972,253.75
1714000500000,1.06973,1.06973,1.06966,1.06972,175.76
1714001400000,1.06972,1.0698,1.06972,1.06977,340.07
1714002300000,1.06978,1.06999,1.06976,1.06999,312.28
1714003200000,1.07001,1.0704,1.07001,1.07034,546.38
1714004100000,1.07034,1.07045,1.06991,1.06998,567.53
1714005000000,1.06999,1.07044,1.06999,1.07025,485.56
1714005900000,1.07025,1.07044,1.0701,1.07033,758.55
1714006800000,1.07034,1.07055,1.06976,1.06977,649.38
1714007700000,1.06977,1.07068,1.06969,1.07067,723.94
1714008600000,1.07067,1.07087,1.07066,1.07072,957.15
1714009500000,1.07072,1.07081,1.07053,1.0707,579.23
1714010400000,1.07066,1.0708,1.0705,1.07064,770.85
1714011300000,1.07064,1.07066,1.07042,1.07055,460.68
1714012200000,1.07054,1.07072,1.07054,1.07072,827.58
1714013100000,1.07071,1.07087,1.0707,1.07073,415.41
1714014000000,1.07072,1.07081,1.07035,1.07048,626.67
1714014900000,1.07047,1.07074,1.07045,1.07072,371.78
1714015800000,1.0707,1.0707,1.07043,1.07054,383
1714016700000,1.07054,1.07064,1.07045,1.07058,565.03
1714017600000,1.07058,1.0707,1.07051,1.07069,489.36
1714018500000,1.07068,1.07077,1.07065,1.07074,226.58
1714019400000,1.07074,1.07097,1.07064,1.07097,352.1
1714020300000,1.07096,1.07099,1.07084,1.0709,233.49
1714021200000,1.07091,1.07096,1.07082,1.07087,501.76
1714022100000,1.07088,1.07095,1.07077,1.07086,458.92
1714023000000,1.07087,1.07108,1.07085,1.07102,390.35
1714023900000,1.07104,1.07129,1.07102,1.07121,315.97
1714024800000,1.07122,1.07167,1.07115,1.07164,817.45
1714025700000,1.07162,1.07224,1.07152,1.07215,1155.2
1714026600000,1.07215,1.07277,1.07213,1.07242,1835.77
1714027500000,1.07243,1.07248,1.07194,1.07204,2049.27
1714028400000,1.07204,1.07222,1.07116,1.07135,2953.56
1714029300000,1.07135,1.07166,1.07113,1.07142,1632.35
1714030200000,1.07143,1.07189,1.0714,1.07165,1411.92
1714031100000,1.07166,1.07236,1.07132,1.07209,2044.91
1714032000000,1.0721,1.07288,1.07201,1.07254,1559.06
1714032900000,1.07255,1.07261,1.07223,1.07238,1156.27
1714033800000,1.07238,1.07282,1.07237,1.07269,1292.93
1714034700000,1.07268,1.07284,1.07249,1.07256,1480.45
1714035600000,1.07255,1.0727,1.07231,1.07258,1325.09
1714036500000,1.07259,1.07261,1.07212,1.07228,2273.36
1714037400000,1.07227,1.0728,1.07219,1.07279,1802.87
1714038300000,1.0728,1.07285,1.07247,1.07267,1521.41
1714039200000,1.07268,1.07287,1.0725,1.0727,1669.24
1714040100000,1.0727,1.07297,1.07259,1.07271,1215.02
1714041000000,1.07271,1.0729,1.07238,1.07239,2042.02
1714041900000,1.0724,1.07261,1.07223,1.07247,1430.69
1714042800000,1.07247,1.07252,1.0722,1.07241,824.52
1714043700000,1.07243,1.07297,1.07226,1.07286,1789.95
1714044600000,1.07284,1.07284,1.0718,1.07188,1979.14
1714045500000,1.07188,1.07204,1.07171,1.07202,1296.54
1714046400000,1.07201,1.07208,1.07176,1.07184,1641.83
1714047300000,1.07185,1.07186,1.0714,1.0716,2066.22
1714048200000,1.07161,1.07402,1.06895,1.0691,19420.5099
1714049100000,1.06912,1.06953,1.06855,1.06919,12936.0401
1714050000000,1.06921,1.06997,1.06783,1.068,11769.9701
1714050900000,1.068,1.06927,1.06795,1.06872,6993.61
1714051800000,1.06873,1.07002,1.06816,1.07002,6378.01
1714052700000,1.07001,1.07036,1.06927,1.07005,6005.9901
1714053600000,1.07007,1.07064,1.06926,1.07058,7350.81
1714054500000,1.07058,1.07187,1.07056,1.07151,6069.29
1714055400000,1.07152,1.07207,1.07116,1.07148,6287.87
1714056300000,1.0715,1.07177,1.07101,1.07119,4076.06
1714057200000,1.07117,1.07147,1.07076,1.07134,4152.26
1714058100000,1.07134,1.07177,1.07102,1.07174,2823.72
1714059000000,1.07175,1.07201,1.07157,1.07183,2112.55
1714059900000,1.07183,1.07216,1.07163,1.07203,2002.35
1714060800000,1.07202,1.07212,1.07164,1.07173,1924.42
1714061700000,1.07173,1.07214,1.0715,1.07214,1365.75
1714062600000,1.07214,1.07291,1.07196,1.0729,1665.44
1714063500000,1.07289,1.07351,1.07289,1.07312,2809.95
1714064400000,1.07313,1.07361,1.07307,1.07341,2098.76
1714065300000,1.07342,1.07358,1.07322,1.07352,1264.94
1714066200000,1.07351,1.07387,1.07335,1.07346,2768.38
1714067100000,1.07347,1.07348,1.07294,1.07301,1599.57
1714068000000,1.07301,1.07301,1.07252,1.0727,3376.36
1714068900000,1.07269,1.07296,1.07233,1.07233,1957.16
1714069800000,1.07233,1.07274,1.07228,1.07263,1598.58
1714070700000,1.07263,1.07287,1.07253,1.07273,1092.66
1714071600000,1.07273,1.07324,1.0727,1.07321,1262.44
1714072500000,1.07322,1.07346,1.07315,1.07343,824.36
1714073400000,1.07341,1.07341,1.07303,1.07311,1186.14
1714074300000,1.0731,1.07319,1.07271,1.07294,1215.25
1714075200000,1.07292,1.073,1.07285,1.07297,605.11
1714076100000,1.07297,1.073,1.07291,1.07293,227.9
1714077000000,1.07295,1.07302,1.07294,1.07301,137.58
1714077900000,1.07302,1.07308,1.07291,1.07291,398.47
1714078800000,1.07291,1.07291,1.07289,1.0729,93.3
1714079700000,1.0729,1.07291,1.0729,1.0729,80.92
1714080600000,1.0729,1.07291,1.07279,1.07288,33.33
1714081500000,1.07287,1.0729,1.07282,1.07285,92.34
1714082400000,1.07285,1.07301,1.07284,1.07295,283.41
1714083300000,1.07294,1.07296,1.07285,1.07287,165.6
1714084200000,1.07287,1.07293,1.07285,1.07288,92.01
1714085100000,1.07288,1.07293,1.0728,1.07289,255.44
1714086000000,1.07289,1.07302,1.07286,1.07292,201.42
1714086900000,1.07293,1.07301,1.07291,1.07297,227.12
1714087800000,1.07297,1.07301,1.07272,1.07272,472.93
1714088700000,1.07272,1.07285,1.07263,1.07267,493.84
1714089600000,1.07267,1.07267,1.07227,1.07246,1861.52
1714090500000,1.07245,1.07267,1.07234,1.0726,1554.26
1714091400000,1.0726,1.07272,1.07257,1.07262,638.93
1714092300000,1.07262,1.07279,1.07262,1.07273,633.81
1714093200000,1.0727,1.0727,1.07238,1.07241,551.31
1714094100000,1.07242,1.0727,1.07242,1.07245,1028.15
1714095000000,1.07245,1.07281,1.07245,1.07279,855.6
1714095900000,1.0728,1.07291,1.07263,1.0727,969.53
1714096800000,1.07269,1.07284,1.07265,1.07269,698.55
1714097700000,1.0727,1.07278,1.07246,1.07254,482.96
1714098600000,1.07254,1.07267,1.07215,1.07215,966.59
1714099500000,1.07217,1.07238,1.07185,1.07229,789.96
1714100400000,1.07229,1.07238,1.07215,1.0723,499.27
1714101300000,1.07231,1.07252,1.07227,1.07239,1706
1714102200000,1.07239,1.07251,1.07186,1.07193,1629.15
1714103100000,1.07196,1.07231,1.07192,1.07231,1081.42
1714104000000,1.07231,1.07232,1.0721,1.0723,728.29
1714104900000,1.07231,1.07232,1.07218,1.07225,422.13
1714105800000,1.07225,1.07232,1.07212,1.07224,522.34
1714106700000,1.07223,1.07233,1.07222,1.07224,506.16
1714107600000,1.07224,1.07239,1.07215,1.07239,389.65
1714108500000,1.07237,1.07268,1.07227,1.07257,519.59
1714109400000,1.07256,1.07267,1.07252,1.0726,580.86
1714110300000,1.07259,1.07273,1.07247,1.07261,1209.7
1714111200000,1.0726,1.07313,1.07257,1.07313,1285.15
1714112100000,1.07313,1.07324,1.07272,1.07297,1394.68
1714113000000,1.07297,1.07371,1.07294,1.0737,1358.86
1714113900000,1.07369,1.07387,1.07336,1.07353,1516.41
1714114800000,1.07353,1.07364,1.07296,1.07307,2836.09
1714115700000,1.07307,1.07311,1.07259,1.07303,2432.46
1714116600000,1.07303,1.07317,1.07274,1.07281,1468.8
1714117500000,1.07279,1.07326,1.0726,1.07295,2031.72
1714118400000,1.07293,1.07435,1.07284,1.07401,8446.86
1714119300000,1.074,1.07469,1.07376,1.07466,4532.91
1714120200000,1.07466,1.07527,1.07447,1.07486,3215.37
1714121100000,1.07485,1.07487,1.07398,1.07408,3983.93
1714122000000,1.07408,1.07432,1.07383,1.07417,5266.79
1714122900000,1.07418,1.07423,1.07317,1.07353,3325.36
1714123800000,1.07355,1.07359,1.07306,1.07333,2005.86
1714124700000,1.07332,1.07368,1.07328,1.0736,970.88
1714125600000,1.07358,1.07359,1.07315,1.0732,1136.85
1714126500000,1.07319,1.0737,1.07291,1.07295,2256.67
1714127400000,1.07294,1.07305,1.07261,1.07281,2146.5
1714128300000,1.07282,1.07316,1.0728,1.0728,1936.23
1714129200000,1.07278,1.07325,1.07271,1.07324,1752.09
1714130100000,1.07323,1.07343,1.07301,1.07303,2988
1714131000000,1.07302,1.07307,1.07221,1.07235,2826.62
1714131900000,1.07233,1.0724,1.07151,1.07158,2739.98
1714132800000,1.07157,1.07179,1.07125,1.07172,1802.36
1714133700000,1.07173,1.07227,1.0716,1.07187,1984.99
1714134600000,1.07187,1.07416,1.07176,1.07246,13113.2099
1714135500000,1.07246,1.07251,1.07101,1.07163,6437.4599
1714136400000,1.07164,1.07238,1.07141,1.07153,5034.56
1714137300000,1.07154,1.07187,1.07091,1.071,4133.17
1714138200000,1.07099,1.0717,1.07077,1.07095,6526.64
1714139100000,1.07094,1.07142,1.07061,1.07071,4418.48
1714140000000,1.07072,1.07116,1.07022,1.07028,5156.06
1714140900000,1.07029,1.0704,1.0694,1.06943,4472.7001
1714141800000,1.06942,1.06942,1.06861,1.06874,4543.54
1714142700000,1.06875,1.06906,1.06761,1.06798,6133.66
1714143600000,1.06798,1.06847,1.06738,1.06757,3497.52
1714144500000,1.06756,1.06791,1.06745,1.06786,2545.91
1714145400000,1.06787,1.06887,1.06785,1.06886,1841.45
1714146300000,1.06887,1.06905,1.06839,1.06854,2354.94
1714147200000,1.06854,1.06894,1.06838,1.06887,2140.51
1714148100000,1.06888,1.06927,1.06881,1.0692,1188.08
1714149000000,1.06921,1.06962,1.06913,1.06959,987.81
1714149900000,1.06959,1.06962,1.06933,1.06945,987.24
1714150800000,1.06945,1.06979,1.06945,1.06978,790.23
1714151700000,1.06976,1.06979,1.06934,1.06942,1215.27
1714152600000,1.0694,1.06963,1.0693,1.06949,1006.52
1714153500000,1.06951,1.06953,1.06931,1.06941,920.24
1714154400000,1.0694,1.06986,1.06936,1.06982,560.1
1714155300000,1.06983,1.06996,1.06981,1.06987,655.85
1714156200000,1.06989,1.07015,1.06989,1.07008,763.17
1714157100000,1.07009,1.07056,1.07009,1.07054,1078.71
1714158000000,1.07054,1.07072,1.0705,1.07053,1048.37
1714158900000,1.07053,1.07053,1.06993,1.06996,1521.4
1714159800000,1.06996,1.06996,1.06966,1.0697,882.55
1714160700000,1.06971,1.07004,1.06971,1.06999,530.64
1714161600000,1.06998,1.07016,1.06955,1.06963,990.91
1714162500000,1.06964,1.06971,1.06934,1.06941,1137.2
1714163400000,1.0694,1.06945,1.06908,1.06925,726.52
1714164300000,1.06925,1.06953,1.0691,1.06911,1108.25
1714165200000,1.06911,1.06911,1.06911,1.06911,0
1714166100000,1.06911,1.06911,1.06911,1.06911,0
1714167000000,1.06911,1.06911,1.06911,1.06911,0
1714167900000,1.06911,1.06911,1.06911,1.06911,0
1714168800000,1.06911,1.06911,1.06911,1.06911,0
1714169700000,1.06911,1.06911,1.06911,1.06911,0
1714170600000,1.06911,1.06911,1.06911,1.06911,0
1714171500000,1.06911,1.06911,1.06911,1.06911,0
1714172400000,1.06911,1.06911,1.06911,1.06911,0
1714173300000,1.06911,1.06911,1.06911,1.06911,0
1714174200000,1.06911,1.06911,1.06911,1.06911,0
1714175100000,1.06911,1.06911,1.06911,1.06911,0
1714176000000,1.06911,1.06911,1.06911,1.06911,0
1714176900000,1.06911,1.06911,1.06911,1.06911,0
1714177800000,1.06911,1.06911,1.06911,1.06911,0
1714178700000,1.06911,1.06911,1.06911,1.06911,0
1714179600000,1.06911,1.06911,1.06911,1.06911,0
1714180500000,1.06911,1.06911,1.06911,1.06911,0
1714181400000,1.06911,1.06911,1.06911,1.06911,0
1714182300000,1.06911,1.06911,1.06911,1.06911,0
1714183200000,1.06911,1.06911,1.06911,1.06911,0
1714184100000,1.06911,1.06911,1.06911,1.06911,0
1714185000000,1.06911,1.06911,1.06911,1.06911,0
1714185900000,1.06911,1.06911,1.06911,1.06911,0
1714186800000,1.06911,1.06911,1.06911,1.06911,0
1714187700000,1.06911,1.06911,1.06911,1.06911,0
1714188600000,1.06911,1.06911,1.06911,1.06911,0
1714189500000,1.06911,1.06911,1.06911,1.06911,0
1714190400000,1.06911,1.06911,1.06911,1.06911,0
1714191300000,1.06911,1.06911,1.06911,1.06911,0
1714192200000,1.06911,1.06911,1.06911,1.06911,0
1714193100000,1.06911,1.06911,1.06911,1.06911,0
1714194000000,1.06911,1.06911,1.06911,1.06911,0
1714194900000,1.06911,1.06911,1.06911,1.06911,0
1714195800000,1.06911,1.06911,1.06911,1.06911,0
1714196700000,1.06911,1.06911,1.06911,1.06911,0
1714197600000,1.06911,1.06911,1.06911,1.06911,0
1714198500000,1.06911,1.06911,1.06911,1.06911,0
1714199400000,1.06911,1.06911,1.06911,1.06911,0
1714200300000,1.06911,1.06911,1.06911,1.06911,0
1714201200000,1.06911,1.06911,1.06911,1.06911,0
1714202100000,1.06911,1.06911,1.06911,1.06911,0
1714203000000,1.06911,1.06911,1.06911,1.06911,0
1714203900000,1.06911,1.06911,1.06911,1.06911,0
1714204800000,1.06911,1.06911,1.06911,1.06911,0
1714205700000,1.06911,1.06911,1.06911,1.06911,0
1714206600000,1.06911,1.06911,1.06911,1.06911,0
1714207500000,1.06911,1.06911,1.06911,1.06911,0
1714208400000,1.06911,1.06911,1.06911,1.06911,0
1714209300000,1.06911,1.06911,1.06911,1.06911,0
1714210200000,1.06911,1.06911,1.06911,1.06911,0
1714211100000,1.06911,1.06911,1.06911,1.06911,0
1714212000000,1.06911,1.06911,1.06911,1.06911,0
1714212900000,1.06911,1.06911,1.06911,1.06911,0
1714213800000,1.06911,1.06911,1.06911,1.06911,0
1714214700000,1.06911,1.06911,1.06911,1.06911,0
1714215600000,1.06911,1.06911,1.06911,1.06911,0
1714216500000,1.06911,1.06911,1.06911,1.06911,0
1714217400000,1.06911,1.06911,1.06911,1.06911,0
1714218300000,1.06911,1.06911,1.06911,1.06911,0
1714219200000,1.06911,1.06911,1.06911,1.06911,0
1714220100000,1.06911,1.06911,1.06911,1.06911,0
1714221000000,1.06911,1.06911,1.06911,1.06911,0
1714221900000,1.06911,1.06911,1.06911,1.06911,0
1714222800000,1.06911,1.06911,1.06911,1.06911,0
1714223700000,1.06911,1.06911,1.06911,1.06911,0
1714224600000,1.06911,1.06911,1.06911,1.06911,0
1714225500000,1.06911,1.06911,1.06911,1.06911,0
1714226400000,1.06911,1.06911,1.06911,1.06911,0
1714227300000,1.06911,1.06911,1.06911,1.06911,0
1714228200000,1.06911,1.06911,1.06911,1.06911,0
1714229100000,1.06911,1.06911,1.06911,1.06911,0
1714230000000,1.06911,1.06911,1.06911,1.06911,0
1714230900000,1.06911,1.06911,1.06911,1.06911,0
1714231800000,1.06911,1.06911,1.06911,1.06911,0
1714232700000,1.06911,1.06911,1.06911,1.06911,0
1714233600000,1.06911,1.06911,1.06911,1.06911,0
1714234500000,1.06911,1.06911,1.06911,1.06911,0
1714235400000,1.06911,1.06911,1.06911,1.06911,0
1714236300000,1.06911,1.06911,1.06911,1.06911,0
1714237200000,1.06911,1.06911,1.06911,1.06911,0
1714238100000,1.06911,1.06911,1.06911,1.06911,0
1714239000000,1.06911,1.06911,1.06911,1.06911,0
1714239900000,1.06911,1.06911,1.06911,1.06911,0
1714240800000,1.06911,1.06911,1.06911,1.06911,0
1714241700000,1.06911,1.06911,1.06911,1.06911,0
1714242600000,1.06911,1.06911,1.06911,1.06911,0
1714243500000,1.06911,1.06911,1.06911,1.06911,0
1714244400000,1.06911,1.06911,1.06911,1.06911,0
1714245300000,1.06911,1.06911,1.06911,1.06911,0
1714246200000,1.06911,1.06911,1.06911,1.06911,0
1714247100000,1.06911,1.06911,1.06911,1.06911,0
1714248000000,1.06911,1.06911,1.06911,1.06911,0
1714248900000,1.06911,1.06911,1.06911,1.06911,0
1714249800000,1.06911,1.06911,1.06911,1.06911,0
1714250700000,1.06911,1.06911,1.06911,1.06911,0
1714251600000,1.06911,1.06911,1.06911,1.06911,0
1714252500000,1.06911,1.06911,1.06911,1.06911,0
1714253400000,1.06911,1.06911,1.06911,1.06911,0
1714254300000,1.06911,1.06911,1.06911,1.06911,0
1714255200000,1.06911,1.06911,1.06911,1.06911,0
1714256100000,1.06911,1.06911,1.06911,1.06911,0
1714257000000,1.06911,1.06911,1.06911,1.06911,0
1714257900000,1.06911,1.06911,1.06911,1.06911,0
1714258800000,1.06911,1.06911,1.06911,1.06911,0
1714259700000,1.06911,1.06911,1.06911,1.06911,0
1714260600000,1.06911,1.06911,1.06911,1.06911,0
1714261500000,1.06911,1.06911,1.06911,1.06911,0
1714262400000,1.06911,1.06911,1.06911,1.06911,0
1714263300000,1.06911,1.06911,1.06911,1.06911,0
1714264200000,1.06911,1.06911,1.06911,1.06911,0
1714265100000,1.06911,1.06911,1.06911,1.06911,0
1714266000000,1.06911,1.06911,1.06911,1.06911,0
1714266900000,1.06911,1.06911,1.06911,1.06911,0
1714267800000,1.06911,1.06911,1.06911,1.06911,0
1714268700000,1.06911,1.06911,1.06911,1.06911,0
1714269600000,1.06911,1.06911,1.06911,1.06911,0
1714270500000,1.06911,1.06911,1.06911,1.06911,0
1714271400000,1.06911,1.06911,1.06911,1.06911,0
1714272300000,1.06911,1.06911,1.06911,1.06911,0
1714273200000,1.06911,1.06911,1.06911,1.06911,0
1714274100000,1.06911,1.06911,1.06911,1.06911,0
1714275000000,1.06911,1.06911,1.06911,1.06911,0
1714275900000,1.06911,1.06911,1.06911,1.06911,0
1714276800000,1.06911,1.06911,1.06911,1.06911,0
1714277700000,1.06911,1.06911,1.06911,1.06911,0
1714278600000,1.06911,1.06911,1.06911,1.06911,0
1714279500000,1.06911,1.06911,1.06911,1.06911,0
1714280400000,1.06911,1.06911,1.06911,1.06911,0
1714281300000,1.06911,1.06911,1.06911,1.06911,0
1714282200000,1.06911,1.06911,1.06911,1.06911,0
1714283100000,1.06911,1.06911,1.06911,1.06911,0
1714284000000,1.06911,1.06911,1.06911,1.06911,0
1714284900000,1.06911,1.06911,1.06911,1.06911,0
1714285800000,1.06911,1.06911,1.06911,1.06911,0
1714286700000,1.06911,1.06911,1.06911,1.06911,0
1714287600000,1.06911,1.06911,1.06911,1.06911,0
1714288500000,1.06911,1.06911,1.06911,1.06911,0
1714289400000,1.06911,1.06911,1.06911,1.06911,0
1714290300000,1.06911,1.06911,1.06911,1.06911,0
1714291200000,1.06911,1.06911,1.06911,1.06911,0
1714292100000,1.06911,1.06911,1.06911,1.06911,0
1714293000000,1.06911,1.06911,1.06911,1.06911,0
1714293900000,1.06911,1.06911,1.06911,1.06911,0
1714294800000,1.06911,1.06911,1.06911,1.06911,0
1714295700000,1.06911,1.06911,1.06911,1.06911,0
1714296600000,1.06911,1.06911,1.06911,1.06911,0
1714297500000,1.06911,1.06911,1.06911,1.06911,0
1714298400000,1.06911,1.06911,1.06911,1.06911,0
1714299300000,1.06911,1.06911,1.06911,1.06911,0
1714300200000,1.06911,1.06911,1.06911,1.06911,0
1714301100000,1.06911,1.06911,1.06911,1.06911,0
1714302000000,1.06911,1.06911,1.06911,1.06911,0
1714302900000,1.06911,1.06911,1.06911,1.06911,0
1714303800000,1.06911,1.06911,1.06911,1.06911,0
1714304700000,1.06911,1.06911,1.06911,1.06911,0
1714305600000,1.06911,1.06911,1.06911,1.06911,0
1714306500000,1.06911,1.06911,1.06911,1.06911,0
1714307400000,1.06911,1.06911,1.06911,1.06911,0
1714308300000,1.06911,1.06911,1.06911,1.06911,0
1714309200000,1.06911,1.06911,1.06911,1.06911,0
1714310100000,1.06911,1.06911,1.06911,1.06911,0
1714311000000,1.06911,1.06911,1.06911,1.06911,0
1714311900000,1.06911,1.06911,1.06911,1.06911,0
1714312800000,1.06911,1.06911,1.06911,1.06911,0
1714313700000,1.06911,1.06911,1.06911,1.06911,0
1714314600000,1.06911,1.06911,1.06911,1.06911,0
1714315500000,1.06911,1.06911,1.06911,1.06911,0
1714316400000,1.06911,1.06911,1.06911,1.06911,0
1714317300000,1.06911,1.06911,1.06911,1.06911,0
1714318200000,1.06911,1.06911,1.06911,1.06911,0
1714319100000,1.06911,1.06911,1.06911,1.06911,0
1714320000000,1.06911,1.06911,1.06911,1.06911,0
1714320900000,1.06911,1.06911,1.06911,1.06911,0
1714321800000,1.06911,1.06911,1.06911,1.06911,0
1714322700000,1.06911,1.06911,1.06911,1.06911,0
1714323600000,1.06911,1.06911,1.06911,1.06911,0
1714324500000,1.06911,1.06911,1.06911,1.06911,0
1714325400000,1.06911,1.06911,1.06911,1.06911,0
1714326300000,1.06911,1.06911,1.06911,1.06911,0
1714327200000,1.06911,1.06911,1.06911,1.06911,0
1714328100000,1.06911,1.06911,1.06911,1.06911,0
1714329000000,1.06911,1.06911,1.06911,1.06911,0
1714329900000,1.06911,1.06911,1.06911,1.06911,0
1714330800000,1.06911,1.06911,1.06911,1.06911,0
1714331700000,1.06911,1.06911,1.06911,1.06911,0
1714332600000,1.06911,1.06911,1.06911,1.06911,0
1714333500000,1.06911,1.06911,1.06911,1.06911,0
1714334400000,1.06911,1.06911,1.06911,1.06911,0
1714335300000,1.06911,1.06911,1.06911,1.06911,0
1714336200000,1.06911,1.06911,1.06911,1.06911,0
1714337100000,1.06911,1.06911,1.06911,1.06911,0
1714338000000,1.06911,1.06941,1.06898,1.06941,68.44
1714338900000,1.06941,1.06943,1.0693,1.06942,33.66
1714339800000,1.06942,1.06972,1.06932,1.0694,89.03
1714340700000,1.06941,1.06969,1.06926,1.06944,129.97
1714341600000,1.06944,1.07001,1.06933,1.06998,626.19
1714342500000,1.06998,1.07025,1.06997,1.07025,98.1
1714343400000,1.07024,1.07037,1.0701,1.07012,455.58
1714344300000,1.07011,1.07019,1.07005,1.07018,801.87
1714345200000,1.07018,1.07035,1.07003,1.07034,1128.84
1714346100000,1.07035,1.0705,1.07026,1.07049,1121.11
1714347000000,1.07049,1.07052,1.07042,1.07046,1495.76
1714347900000,1.07045,1.0707,1.07043,1.07069,2168.54
1714348800000,1.0707,1.07101,1.0707,1.07088,1478.46
1714349700000,1.07088,1.07091,1.07065,1.07066,946.1
1714350600000,1.07065,1.07099,1.07061,1.07088,1444.57
1714351500000,1.07089,1.07109,1.07086,1.07097,1376.87
1714352400000,1.07097,1.07098,1.07075,1.07075,1496.81
1714353300000,1.07076,1.07129,1.07076,1.07123,1031.23
1714354200000,1.07121,1.07141,1.07108,1.07137,5714.59
1714355100000,1.07136,1.07156,1.07098,1.07144,3044.56
1714356000000,1.07144,1.07156,1.07128,1.07151,2406.26
1714356900000,1.07153,1.0717,1.0714,1.07164,1101.18
1714357800000,1.07164,1.07187,1.07158,1.07187,1027.69
1714358700000,1.07189,1.07199,1.07173,1.07175,1516.63
1714359600000,1.07175,1.07182,1.07162,1.07163,846.12
1714360500000,1.07163,1.07167,1.07152,1.0716,1255.23
1714361400000,1.0716,1.07178,1.0716,1.07163,1452.08
1714362300000,1.07164,1.07166,1.07146,1.07162,1286.18
1714363200000,1.07161,1.07251,1.07146,1.07247,5642.23
1714364100000,1.07246,1.07287,1.07237,1.07269,7534.1501
1714365000000,1.0727,1.07299,1.0726,1.07289,4989.34
1714365900000,1.07287,1.07335,1.07287,1.07289,4025.88
1714366800000,1.07289,1.07337,1.0728,1.07305,6779.7201
1714367700000,1.07304,1.07306,1.07271,1.0729,4027.07
1714368600000,1.07289,1.07291,1.07256,1.07265,4342.6201
1714369500000,1.07264,1.07268,1.07238,1.07254,1815.4
1714370400000,1.07254,1.07287,1.07235,1.07273,4703.87
1714371300000,1.07273,1.07274,1.0722,1.07221,3499.25
1714372200000,1.07221,1.07223,1.07162,1.07162,4227.11
1714373100000,1.07164,1.07177,1.07147,1.07154,1646.85
1714374000000,1.07154,1.07216,1.07081,1.07214,6889.22
1714374900000,1.0721,1.07243,1.0716,1.07163,8370.38
1714375800000,1.07162,1.07254,1.07155,1.07186,7516.5799
1714376700000,1.07185,1.07191,1.0713,1.07177,5885.38
1714377600000,1.07172,1.07249,1.07171,1.07214,4524.3
1714378500000,1.07214,1.07225,1.07149,1.07211,2960.19
1714379400000,1.07211,1.07225,1.07044,1.07074,4898.87
1714380300000,1.07074,1.0708,1.07011,1.07044,3415.11
1714381200000,1.07045,1.07062,1.06973,1.06978,3642.3299
1714382100000,1.06978,1.07097,1.06974,1.07087,4113.18
1714383000000,1.07087,1.07179,1.0706,1.07174,1938.28
1714383900000,1.07174,1.0719,1.07138,1.07147,1209.8
1714384800000,1.07148,1.0718,1.07121,1.07151,1498.85
1714385700000,1.07151,1.07178,1.07133,1.07159,1597.29
1714386600000,1.0716,1.07196,1.07149,1.07194,802.43
1714387500000,1.07191,1.07195,1.07163,1.07174,1055.82
1714388400000,1.07174,1.07205,1.07156,1.07203,924.21
1714389300000,1.07204,1.07271,1.07195,1.07229,1206.71
1714390200000,1.0723,1.07232,1.07134,1.07145,3208.08
1714391100000,1.07144,1.07149,1.07121,1.07144,1611.51
1714392000000,1.07143,1.07221,1.07121,1.07208,1735.88
1714392900000,1.0721,1.07236,1.07197,1.07204,1866.08
1714393800000,1.07203,1.07225,1.07107,1.07111,2615.86
1714394700000,1.07112,1.07137,1.0702,1.07033,3434.41
1714395600000,1.07034,1.07069,1.0699,1.07042,2810.65
1714396500000,1.0704,1.0704,1.06984,1.06987,1763.69
1714397400000,1.06989,1.07005,1.06902,1.06947,4582.02
1714398300000,1.06948,1.07001,1.0693,1.06989,3326.33
1714399200000,1.06989,1.0711,1.06989,1.07069,2725.23
1714400100000,1.0707,1.07084,1.07006,1.07041,2820.36
1714401000000,1.07042,1.07083,1.07017,1.07077,2228.26
1714401900000,1.07076,1.07134,1.07059,1.07127,2596.2299
1714402800000,1.07128,1.07208,1.0712,1.07183,3960.42
1714403700000,1.07184,1.07186,1.07146,1.07178,3542.11
1714404600000,1.07179,1.07188,1.07151,1.07176,1791.31
1714405500000,1.07176,1.07191,1.07165,1.07167,834.15
1714406400000,1.07166,1.07237,1.0716,1.07236,1305.41
1714407300000,1.07235,1.07258,1.07223,1.07231,2094.05
1714408200000,1.07232,1.07274,1.07213,1.07258,2860.4601
1714409100000,1.07257,1.0729,1.0725,1.07259,2893.54
1714410000000,1.07259,1.07295,1.07242,1.07295,1964.96
1714410900000,1.07295,1.07295,1.07236,1.07259,2923.14
1714411800000,1.07261,1.07267,1.07237,1.07243,1098.83
1714412700000,1.07241,1.07254,1.07213,1.07217,1242.09
1714413600000,1.07216,1.07228,1.07185,1.07202,1527.21
1714414500000,1.07201,1.07214,1.07192,1.07205,1308.04
1714415400000,1.07205,1.07215,1.0718,1.07208,2041.02
1714416300000,1.07208,1.07253,1.07202,1.07245,2903.68
1714417200000,1.07244,1.07244,1.07151,1.07189,4133.62
1714418100000,1.07188,1.07207,1.07171,1.07195,1641.9
1714419000000,1.07195,1.07198,1.07167,1.07185,2278.75
1714419900000,1.07184,1.07225,1.07183,1.0721,2092.1
1714420800000,1.07211,1.0723,1.07207,1.07225,422.99
1714421700000,1.07226,1.07229,1.07219,1.07225,457.43
1714422600000,1.07224,1.07224,1.07207,1.07207,285.03
1714423500000,1.07207,1.07207,1.07194,1.07205,1021.68
1714424400000,1.07202,1.07212,1.07201,1.07208,154.58
1714425300000,1.07208,1.07224,1.07199,1.07219,332.6
1714426200000,1.07219,1.0722,1.07204,1.07212,244.8
1714427100000,1.07211,1.07221,1.07196,1.07205,212.85
1714428000000,1.07203,1.07223,1.07202,1.07211,427.87
1714428900000,1.0721,1.07211,1.07186,1.07188,140.17
1714429800000,1.07189,1.07196,1.07178,1.07187,276.72
1714430700000,1.07187,1.0719,1.07169,1.07173,327.25
1714431600000,1.07173,1.07191,1.07163,1.07167,569.54
1714432500000,1.07166,1.07179,1.07166,1.07179,480.19
1714433400000,1.07178,1.07187,1.07158,1.07158,543.55
1714434300000,1.07159,1.07179,1.07141,1.07147,1189.5
1714435200000,1.07146,1.07149,1.07101,1.07121,1631.64
1714436100000,1.07122,1.0717,1.07118,1.07168,1181.05
1714437000000,1.07168,1.07172,1.07154,1.07157,418.21
1714437900000,1.07157,1.07174,1.07132,1.0715,1029.27
1714438800000,1.0715,1.07173,1.07138,1.07154,805.07
1714439700000,1.07155,1.07169,1.07145,1.07166,680.61
1714440600000,1.07166,1.07178,1.07107,1.07113,1352.02
1714441500000,1.07114,1.0712,1.07069,1.0707,1538.94
1714442400000,1.07069,1.07072,1.07046,1.07046,1505.45
1714443300000,1.07046,1.07061,1.07031,1.07031,780.56
1714444200000,1.07032,1.07054,1.07031,1.07039,842.21
1714445100000,1.07036,1.07075,1.07036,1.07065,1436.11
1714446000000,1.07066,1.07073,1.0703,1.07033,1234.34
1714446900000,1.07034,1.07044,1.07026,1.07029,1299.7
1714447800000,1.07029,1.07056,1.07026,1.07035,1062.95
1714448700000,1.07036,1.07054,1.07027,1.07054,462.21
1714449600000,1.07055,1.07058,1.07027,1.07027,554.9
1714450500000,1.07027,1.07043,1.07022,1.07038,824.9
1714451400000,1.07037,1.07058,1.07026,1.07053,432.49
1714452300000,1.07053,1.07057,1.07047,1.07056,560.4
1714453200000,1.07056,1.07067,1.07042,1.07046,895.59
1714454100000,1.07046,1.07046,1.07024,1.07024,554.8
1714455000000,1.07023,1.0703,1.06972,1.06977,1415.95
1714455900000,1.06978,1.06998,1.06951,1.06993,1671.18
1714456800000,1.06992,1.07013,1.06932,1.06944,2424.75
1714457700000,1.06943,1.06962,1.06899,1.06941,1425.19
1714458600000,1.0694,1.06966,1.06903,1.06952,1386.09
1714459500000,1.06955,1.07061,1.06955,1.07047,2893.16
1714460400000,1.07048,1.07098,1.07041,1.07041,4531.07
1714461300000,1.0704,1.07075,1.07017,1.07062,4236.02
1714462200000,1.07064,1.07092,1.07041,1.07046,2806.54
1714463100000,1.07047,1.07069,1.07028,1.07051,1921.97
1714464000000,1.0705,1.0705,1.06973,1.06977,3158.96
1714464900000,1.06976,1.07003,1.06929,1.07001,2103.97
1714465800000,1.07002,1.07022,1.06993,1.0701,1065.75
1714466700000,1.07011,1.07122,1.07007,1.07108,2123.44
1714467600000,1.07113,1.0727,1.07106,1.07212,6096.29
1714468500000,1.07212,1.07282,1.07202,1.07278,2756.11
1714469400000,1.07278,1.07347,1.07267,1.07316,2540.96
1714470300000,1.07316,1.07331,1.07267,1.07267,2838.82
1714471200000,1.07266,1.07284,1.07226,1.07284,2199.18
1714472100000,1.07282,1.07327,1.07255,1.07322,1384.71
1714473000000,1.07323,1.07353,1.07298,1.07302,2711.13
1714473900000,1.073,1.073,1.0727,1.07281,2902.63
1714474800000,1.0728,1.07281,1.07201,1.07243,2171.35
1714475700000,1.07243,1.07267,1.07221,1.07231,1316.15
1714476600000,1.07229,1.07232,1.07201,1.07222,1273.28
1714477500000,1.07223,1.07226,1.07194,1.07201,1876.45
1714478400000,1.07199,1.07216,1.07158,1.07212,2250.45
1714479300000,1.07213,1.07239,1.072,1.07215,2193.66
1714480200000,1.07215,1.07215,1.06894,1.07068,13138.8199
1714481100000,1.0707,1.07117,1.06974,1.07003,6333.57
1714482000000,1.07005,1.07119,1.0694,1.07115,7271.98
1714482900000,1.07115,1.07144,1.06998,1.07031,5749.62
1714483800000,1.0703,1.07145,1.07012,1.0712,5853.8101
1714484700000,1.07121,1.07147,1.07026,1.07055,5925.68
1714485600000,1.07056,1.07193,1.07049,1.071,7241
1714486500000,1.07099,1.07195,1.07097,1.07162,5410.82
1714487400000,1.07163,1.07171,1.07015,1.0702,5458.99
1714488300000,1.07022,1.0707,1.0687,1.06909,6556.75
1714489200000,1.0691,1.0699,1.06885,1.06902,6383.44
1714490100000,1.06903,1.0695,1.06883,1.06921,4730.66
1714491000000,1.06921,1.06922,1.06852,1.06857,3559.21
1714491900000,1.06857,1.06888,1.06831,1.06837,2904.11
1714492800000,1.06836,1.06867,1.06797,1.06805,2301.86
1714493700000,1.06804,1.06804,1.06781,1.0679,1951.69
1714494600000,1.06789,1.06799,1.06759,1.06769,1811.03
1714495500000,1.06768,1.06837,1.06765,1.06789,2390.39
1714496400000,1.0679,1.06829,1.06779,1.06808,1938.37
1714497300000,1.06808,1.06821,1.06761,1.06769,1519.32
1714498200000,1.06768,1.06777,1.06752,1.0676,1188.66
1714499100000,1.06758,1.06803,1.06756,1.06801,979.33
1714500000000,1.06801,1.06825,1.06794,1.068,899.95
1714500900000,1.06799,1.06825,1.06797,1.06802,773.7
1714501800000,1.06802,1.06824,1.06789,1.06805,1269.98
1714502700000,1.06806,1.06811,1.0676,1.06779,1565.57
1714503600000,1.06781,1.06806,1.06768,1.06768,840.07
1714504500000,1.06767,1.06774,1.06729,1.06747,1426.35
1714505400000,1.06747,1.06771,1.0674,1.06743,1066.46
1714506300000,1.06743,1.06771,1.06717,1.06725,1996.75
1714507200000,1.06725,1.06734,1.06714,1.06724,1695.8
1714508100000,1.06723,1.06724,1.06698,1.06698,1045.64
1714509000000,1.06699,1.06702,1.06663,1.06663,393.11
1714509900000,1.06667,1.06679,1.06647,1.06653,860.06
1714510800000,1.06643,1.06732,1.06635,1.06724,638.41
1714511700000,1.06721,1.06727,1.06681,1.0669,269.47
1714512600000,1.0669,1.067,1.06668,1.06675,175.32
1714513500000,1.06675,1.06701,1.06675,1.06695,331.3
1714514400000,1.06685,1.06696,1.06666,1.06674,504.99
1714515300000,1.06674,1.06678,1.06668,1.06668,298.29
1714516200000,1.06667,1.06689,1.06666,1.06684,276.77
1714517100000,1.06683,1.06683,1.06658,1.06674,1006.52
1714518000000,1.06674,1.06675,1.06655,1.06663,920.83
1714518900000,1.06664,1.06672,1.06658,1.06664,686.41
1714519800000,1.06665,1.06669,1.06656,1.06667,1092.16
1714520700000,1.06668,1.06675,1.06654,1.06659,1187.56
1714521600000,1.0666,1.06671,1.06637,1.06643,1125.79
1714522500000,1.06646,1.06648,1.0658,1.06605,848.25
1714523400000,1.06604,1.06618,1.06603,1.0661,575.89
1714524300000,1.06611,1.06624,1.06591,1.06616,872.49
1714525200000,1.06618,1.06631,1.06616,1.06625,883.41
1714526100000,1.06624,1.06625,1.06615,1.0662,544.05
1714527000000,1.06621,1.06621,1.0659,1.06605,422.66
1714527900000,1.06607,1.06626,1.066,1.06606,391.11
1714528800000,1.06605,1.06605,1.06573,1.06575,506.34
1714529700000,1.06574,1.06602,1.06574,1.06594,575.43
1714530600000,1.06594,1.06595,1.06576,1.06577,371.57
1714531500000,1.06576,1.06589,1.06572,1.06588,628.61
1714532400000,1.06587,1.0659,1.06573,1.06574,716.86
1714533300000,1.06576,1.06582,1.06571,1.06578,645.54
1714534200000,1.06579,1.06582,1.0657,1.0657,1206.24
1714535100000,1.06569,1.0657,1.06558,1.06564,1333.25
1714536000000,1.06565,1.06569,1.06551,1.06555,827.14
1714536900000,1.06556,1.0656,1.06551,1.0656,1363.82
1714537800000,1.06562,1.06567,1.06552,1.06553,627.22
1714538700000,1.06553,1.06565,1.06549,1.06557,802.67
1714539600000,1.06557,1.06562,1.0655,1.06558,936.41
1714540500000,1.06558,1.06563,1.0654,1.06542,1413.29
1714541400000,1.06543,1.06568,1.06542,1.0655,741.62
1714542300000,1.06549,1.06563,1.06545,1.06553,740.11
1714543200000,1.06554,1.06563,1.06538,1.06553,1246.86
1714544100000,1.06553,1.06582,1.06549,1.06573,544.2
1714545000000,1.06574,1.06583,1.06542,1.06548,1011.4
1714545900000,1.06549,1.06549,1.06494,1.06516,3125.97
1714546800000,1.06515,1.0659,1.06515,1.06589,1850.96
1714547700000,1.06592,1.06617,1.06581,1.0659,2347.51
1714548600000,1.06589,1.06609,1.06582,1.06601,965.09
1714549500000,1.06602,1.06616,1.06589,1.06609,825.16
1714550400000,1.0661,1.06646,1.0661,1.0664,850.24
1714551300000,1.06641,1.06674,1.06632,1.0667,1104.62
1714552200000,1.0667,1.06705,1.06649,1.06659,1104.75
1714553100000,1.06659,1.06693,1.06645,1.06693,1000.78
1714554000000,1.06695,1.06707,1.06678,1.06688,964.83
1714554900000,1.06689,1.06721,1.06684,1.06704,1127.1
1714555800000,1.06703,1.06732,1.06698,1.06723,1045.21
1714556700000,1.06721,1.06721,1.06691,1.06698,1315.72
1714557600000,1.06697,1.067,1.06666,1.06677,2087.94
1714558500000,1.06676,1.06703,1.06673,1.06699,1786.95
1714559400000,1.06698,1.06732,1.06697,1.06717,1548.47
1714560300000,1.06717,1.06717,1.06681,1.06689,1668.19
1714561200000,1.06688,1.06714,1.06671,1.06704,1675.14
1714562100000,1.06705,1.06717,1.06698,1.06707,645.11
1714563000000,1.06706,1.06726,1.06699,1.06708,645.29
1714563900000,1.06708,1.06725,1.06699,1.06717,811.13
1714564800000,1.06718,1.0676,1.06717,1.06745,1389.23
1714565700000,1.06749,1.06799,1.06715,1.06759,3068.47
1714566600000,1.06759,1.06836,1.06759,1.06809,2937.34
1714567500000,1.0681,1.06847,1.06808,1.06843,2486.52
1714568400000,1.06842,1.06853,1.06811,1.06844,2071.4
1714569300000,1.06842,1.06843,1.06761,1.068,2785.99
1714570200000,1.06798,1.06829,1.06748,1.06781,2375.7
1714571100000,1.06781,1.06838,1.06778,1.06814,2837.08
1714572000000,1.0682,1.06913,1.06777,1.06847,9399.7101
1714572900000,1.06844,1.06877,1.06806,1.06871,3706.31
1714573800000,1.06874,1.06886,1.06792,1.06832,3155.54
1714574700000,1.06834,1.06847,1.06796,1.0683,3123.91
1714575600000,1.06832,1.06855,1.0679,1.06793,1765.57
1714576500000,1.06794,1.06818,1.06771,1.06811,1754.55
1714577400000,1.0681,1.06844,1.06808,1.06818,1437.97
1714578300000,1.06817,1.06834,1.06792,1.06792,1151.91
1714579200000,1.06789,1.0679,1.06741,1.06742,1539.03
1714580100000,1.06741,1.06757,1.06732,1.06753,1848.07
1714581000000,1.06753,1.06753,1.06733,1.06733,1918.18
1714581900000,1.06734,1.06739,1.06707,1.06715,1600.01
1714582800000,1.06717,1.0674,1.06707,1.06731,1389.27
1714583700000,1.06728,1.06775,1.06719,1.06761,686.16
1714584600000,1.06762,1.06812,1.06762,1.0681,1051.77
1714585500000,1.06811,1.06828,1.06733,1.06743,3445.08
1714586400000,1.06743,1.06962,1.06707,1.06827,16217.8002
1714587300000,1.06828,1.06965,1.06818,1.06965,5920.44
1714588200000,1.06966,1.07248,1.06808,1.07242,19578.14
1714589100000,1.07239,1.07326,1.07174,1.07283,13732.17
1714590000000,1.07282,1.07302,1.07129,1.07162,11621.58
1714590900000,1.07164,1.07172,1.06934,1.07052,9780.9101
1714591800000,1.07052,1.07068,1.06938,1.06975,6248.6701
1714592700000,1.06975,1.07026,1.0689,1.06895,4696.97
1714593600000,1.06892,1.06946,1.06867,1.06938,1632.45
1714594500000,1.06937,1.07163,1.06936,1.07144,3856.36
1714595400000,1.07144,1.07207,1.07137,1.07178,3451.17
1714596300000,1.0718,1.07229,1.07112,1.07119,3086.49
1714597200000,1.07104,1.07129,1.07078,1.07124,516.24
1714598100000,1.07125,1.07162,1.07106,1.07117,1213.55
1714599000000,1.07117,1.07149,1.07076,1.07107,2225.63
1714599900000,1.07106,1.07138,1.07076,1.07103,2685.13
1714600800000,1.07106,1.07209,1.07106,1.07176,1644.05
1714601700000,1.07177,1.07179,1.07152,1.07153,1064.53
1714602600000,1.07152,1.07181,1.07152,1.07174,627.18
1714603500000,1.07174,1.07178,1.07162,1.07165,408.24
1714604400000,1.07164,1.0717,1.0714,1.07143,1500.03
1714605300000,1.07142,1.07162,1.07136,1.07142,611.5
1714606200000,1.07144,1.07151,1.07119,1.07136,488.07
1714607100000,1.07136,1.07181,1.0713,1.0717,1156.11
1714608000000,1.0717,1.0717,1.07106,1.07127,1979.19
1714608900000,1.07126,1.07149,1.07095,1.07098,1489.03
1714609800000,1.07098,1.07121,1.07096,1.07115,1176.41
1714610700000,1.07116,1.07135,1.07111,1.07117,1299.27
1714611600000,1.07116,1.07156,1.07106,1.07127,2884.15
1714612500000,1.07129,1.07139,1.0711,1.0711,747.55
1714613400000,1.07108,1.07121,1.07069,1.07117,1965.02
1714614300000,1.07118,1.07156,1.07103,1.07154,1160.23
1714615200000,1.07153,1.07207,1.07153,1.07172,2079.82
1714616100000,1.07172,1.07195,1.07167,1.07181,858.11
1714617000000,1.07181,1.07204,1.07171,1.07198,1786.58
1714617900000,1.07199,1.07207,1.07173,1.07186,1846.49
1714618800000,1.07188,1.07188,1.07155,1.07166,1480.25
1714619700000,1.07166,1.07167,1.07127,1.07147,1456.9
1714620600000,1.07148,1.07148,1.07137,1.07141,1708.2
1714621500000,1.07142,1.0715,1.0714,1.07146,976.06
1714622400000,1.07147,1.07163,1.07143,1.0716,1034.44
1714623300000,1.07161,1.07179,1.07158,1.07165,406.2
1714624200000,1.07166,1.07183,1.07156,1.07171,909.08
1714625100000,1.07172,1.07203,1.07166,1.07177,1676.45
1714626000000,1.07176,1.07204,1.07175,1.07181,825.96
1714626900000,1.07182,1.07197,1.07171,1.07174,1087.08
1714627800000,1.07175,1.07187,1.07129,1.0714,1985.62
1714628700000,1.07141,1.07181,1.07122,1.0716,1655.34
1714629600000,1.0716,1.07225,1.07136,1.07223,2937.7
1714630500000,1.07221,1.07254,1.07214,1.07227,2039.01
1714631400000,1.07227,1.07273,1.07169,1.07177,4046.81
1714632300000,1.07177,1.07212,1.07155,1.07175,3009.3
1714633200000,1.07175,1.07182,1.0713,1.07136,4141.96
1714634100000,1.07135,1.07241,1.07128,1.07216,3456.71
1714635000000,1.07217,1.07281,1.07176,1.07264,2795.31
1714635900000,1.07262,1.07262,1.07143,1.07153,4356.43
1714636800000,1.07153,1.07191,1.07099,1.07112,3399.65
1714637700000,1.07114,1.07125,1.07058,1.07062,2645.35
1714638600000,1.07061,1.07082,1.06998,1.07082,2865.69
1714639500000,1.07082,1.07088,1.0704,1.07042,2649.24
1714640400000,1.07041,1.07086,1.07034,1.07086,2150.26
1714641300000,1.07086,1.07089,1.06976,1.0698,2558.69
1714642200000,1.06979,1.06995,1.06957,1.06981,2291.13
1714643100000,1.06979,1.07039,1.06973,1.07032,1479.74
1714644000000,1.07032,1.07045,1.06975,1.06975,2501.31
1714644900000,1.06974,1.07013,1.06967,1.07003,1503.26
1714645800000,1.07003,1.07061,1.06995,1.07046,1388.98
1714646700000,1.07045,1.07053,1.07021,1.07038,1540.58
1714647600000,1.0704,1.0706,1.07025,1.07047,2337.26
1714648500000,1.07047,1.07047,1.06955,1.07009,2562.49
1714649400000,1.0701,1.07028,1.06982,1.07007,2179.73
1714650300000,1.07009,1.07031,1.0699,1.07023,2181.42
1714651200000,1.07024,1.0703,1.06958,1.07004,3264.3
1714652100000,1.07005,1.07028,1.06993,1.07028,3248.54
1714653000000,1.07026,1.07116,1.06934,1.07103,6126.5
1714653900000,1.07101,1.07122,1.06984,1.07011,4221.85
1714654800000,1.07012,1.07032,1.06918,1.06953,4154.77
1714655700000,1.06954,1.06991,1.0693,1.0694,4116.72
1714656600000,1.06944,1.06981,1.06829,1.06878,7880.55
1714657500000,1.06878,1.06892,1.06801,1.06868,5939.98
1714658400000,1.06867,1.06867,1.06742,1.06763,6063.28
1714659300000,1.06764,1.06885,1.06756,1.0688,4843.1
1714660200000,1.06881,1.06892,1.06814,1.06825,4454.53
1714661100000,1.06824,1.06907,1.06822,1.06882,4480.41
1714662000000,1.06882,1.06951,1.06858,1.06951,4754.37
1714662900000,1.06952,1.07013,1.06945,1.06978,4177.34
1714663800000,1.06978,1.07082,1.06967,1.07024,3619.61
1714664700000,1.07024,1.07064,1.07024,1.07049,2672.85
1714665600000,1.07052,1.07065,1.07028,1.07035,2260.2
1714666500000,1.07035,1.07097,1.07018,1.07096,1275.61
1714667400000,1.07096,1.07165,1.07079,1.07161,1797.72
1714668300000,1.0716,1.07215,1.07153,1.07166,2516.07
1714669200000,1.07168,1.07185,1.07146,1.07164,1394.48
1714670100000,1.07164,1.07175,1.07139,1.07166,2268.11
1714671000000,1.07167,1.07191,1.07144,1.07186,1282.55
1714671900000,1.07188,1.07228,1.0718,1.07193,2384.73
1714672800000,1.07194,1.07245,1.07182,1.07234,2382.02
1714673700000,1.07234,1.0724,1.07202,1.07225,1371.35
1714674600000,1.07224,1.07262,1.0722,1.07257,1201.17
1714675500000,1.07257,1.07302,1.07249,1.07302,1401.97
1714676400000,1.07302,1.07302,1.07267,1.07275,1871.58
1714677300000,1.07274,1.07288,1.07258,1.07273,1409.96
1714678200000,1.07272,1.07275,1.07233,1.07242,2031.38
1714679100000,1.07241,1.07273,1.07238,1.07271,1034.65
1714680000000,1.07271,1.07276,1.07256,1.07262,700.28
1714680900000,1.07263,1.07278,1.07262,1.07263,605.47
1714681800000,1.07262,1.07278,1.07251,1.07257,770.02
1714682700000,1.07257,1.07263,1.07243,1.07243,711.78
1714683600000,1.07244,1.07261,1.07244,1.07253,194.73
1714684500000,1.07253,1.07258,1.07251,1.07251,454.66
1714685400000,1.07251,1.07251,1.07241,1.07241,296.19
1714686300000,1.07241,1.07242,1.07227,1.07233,658.18
1714687200000,1.07233,1.0729,1.07233,1.07287,293.32
1714688100000,1.07286,1.07296,1.07281,1.07282,331.1
1714689000000,1.07281,1.07287,1.07266,1.07286,670.83
1714689900000,1.07286,1.07293,1.07281,1.07287,692.87
1714690800000,1.07287,1.07304,1.07285,1.07298,406.95
1714691700000,1.07297,1.07308,1.07293,1.07295,435.79
1714692600000,1.07297,1.073,1.07279,1.07281,597.66
1714693500000,1.07281,1.07304,1.07281,1.07298,927.68
1714694400000,1.073,1.07302,1.07243,1.0726,1952.5
1714695300000,1.07261,1.07271,1.07248,1.07263,968.48
1714696200000,1.07262,1.07303,1.0726,1.07301,1304.35
1714697100000,1.07301,1.07316,1.07288,1.07313,1137.71
1714698000000,1.07313,1.0734,1.07309,1.07319,1610.72
1714698900000,1.07319,1.07346,1.07317,1.07334,1495.11
1714699800000,1.07334,1.07393,1.07331,1.0736,1748.86
1714700700000,1.07362,1.07393,1.0736,1.07372,1494.36
1714701600000,1.0737,1.07376,1.07354,1.07368,1876.36
1714702500000,1.07368,1.07371,1.07333,1.07337,1929.74
1714703400000,1.07338,1.0735,1.07334,1.07335,560.31
1714704300000,1.07335,1.07339,1.07327,1.07333,800.29
1714705200000,1.07332,1.07348,1.07327,1.07328,747.87
1714706100000,1.0733,1.07334,1.07314,1.07324,863.04
1714707000000,1.07325,1.07351,1.07322,1.07348,1382.85
1714707900000,1.07349,1.0735,1.07339,1.07348,691.31
1714708800000,1.07349,1.07359,1.07337,1.07339,1218.97
1714709700000,1.07338,1.07343,1.07326,1.07329,1164.92
1714710600000,1.0733,1.07335,1.07322,1.07328,1263.85
1714711500000,1.07327,1.0734,1.07321,1.07322,1249.49
1714712400000,1.07322,1.0735,1.07318,1.07339,828.9
1714713300000,1.07338,1.07351,1.07334,1.07338,860.26
1714714200000,1.07337,1.0738,1.07337,1.07377,867.26
1714715100000,1.07378,1.07379,1.0735,1.07357,1460.05
1714716000000,1.07359,1.0736,1.07326,1.07342,3408.26
1714716900000,1.07343,1.07357,1.07299,1.0735,3128.61
1714717800000,1.07348,1.07355,1.07323,1.07345,2104.94
1714718700000,1.0734,1.07346,1.07296,1.07298,2201.55
1714719600000,1.07298,1.07319,1.07281,1.07291,2980.62
1714720500000,1.0729,1.07295,1.07244,1.07291,3376.56
1714721400000,1.0729,1.07336,1.0729,1.07328,1683.32
1714722300000,1.07327,1.07381,1.07323,1.07345,1896.5
1714723200000,1.07344,1.0744,1.07323,1.07396,3244.54
1714724100000,1.07395,1.07441,1.07395,1.07434,1500.95
1714725000000,1.07435,1.07435,1.07402,1.07414,2371.87
1714725900000,1.07416,1.07441,1.07401,1.07425,1502.19
1714726800000,1.07424,1.07453,1.07407,1.07411,1395.64
1714727700000,1.07407,1.07454,1.07403,1.07441,1007.7
1714728600000,1.07442,1.07477,1.07431,1.07467,1745.37
1714729500000,1.07467,1.07471,1.07417,1.07431,1312.88
1714730400000,1.07431,1.07454,1.07419,1.0744,1390.11
1714731300000,1.07439,1.07454,1.074,1.07413,1468.65
1714732200000,1.07412,1.07422,1.07387,1.07396,950.79
1714733100000,1.07395,1.07432,1.0739,1.07431,1162.23
1714734000000,1.07431,1.07488,1.07425,1.0748,1627.43
1714734900000,1.07479,1.07496,1.07469,1.07486,1348.46
1714735800000,1.07485,1.07492,1.0745,1.07457,1605.62
1714736700000,1.07457,1.07478,1.07446,1.07455,1426.16
1714737600000,1.07456,1.07493,1.07436,1.07493,2245.2
1714738500000,1.07491,1.07531,1.07477,1.07514,3461.45
1714739400000,1.07514,1.08124,1.07508,1.07956,18786.7299
1714740300000,1.07955,1.07987,1.07792,1.07937,11894.47
1714741200000,1.07937,1.07962,1.07829,1.07923,9221.86
1714742100000,1.07923,1.07929,1.07814,1.07829,6584.9301
1714743000000,1.07831,1.07863,1.07709,1.07807,9420.0501
1714743900000,1.07806,1.07846,1.07734,1.07762,10553.39
1714744800000,1.0776,1.07979,1.07589,1.0765,18167.1802
1714745700000,1.07651,1.07663,1.07514,1.07566,11499.55
1714746600000,1.07568,1.0766,1.07541,1.07656,7918.83
1714747500000,1.07656,1.07702,1.07623,1.07657,6470.6499
1714748400000,1.07658,1.07713,1.07637,1.07689,7392.66
1714749300000,1.07688,1.07745,1.07687,1.07709,3163.63
1714750200000,1.0771,1.078,1.0771,1.07751,4087.2
1714751100000,1.07752,1.07756,1.07689,1.07691,2160.15
1714752000000,1.0769,1.07732,1.07657,1.07663,2232.41
1714752900000,1.07663,1.07678,1.07625,1.07663,1929.2
1714753800000,1.07664,1.07694,1.07656,1.07677,1522.69
1714754700000,1.07678,1.07687,1.07616,1.07634,1680.31
1714755600000,1.07635,1.07643,1.07607,1.0761,1215.66
1714756500000,1.07611,1.07636,1.07592,1.07626,1316.26
1714757400000,1.07627,1.07668,1.07627,1.0766,806.06
1714758300000,1.07659,1.07676,1.07648,1.07649,1065.27
1714759200000,1.07648,1.07667,1.07637,1.07654,1260.15
1714760100000,1.07655,1.07671,1.07652,1.07655,741.75
1714761000000,1.07654,1.07679,1.07653,1.07664,929.08
1714761900000,1.07665,1.07681,1.07652,1.07673,1520.28
1714762800000,1.07673,1.07688,1.07642,1.07655,1285.9
1714763700000,1.07655,1.0769,1.07648,1.07689,1551.13
1714764600000,1.07689,1.07693,1.07673,1.07676,1351.43
1714765500000,1.07677,1.0768,1.07637,1.07641,1222.82
1714766400000,1.07641,1.07667,1.07631,1.07666,697.76
1714767300000,1.07666,1.07667,1.07649,1.07656,841.3
1714768200000,1.07654,1.07654,1.07635,1.07643,909.38
1714769100000,1.07644,1.07644,1.07594,1.07594,1166.25
1714770000000,1.07594,1.07594,1.07594,1.07594,0
1714770900000,1.07594,1.07594,1.07594,1.07594,0
1714771800000,1.07594,1.07594,1.07594,1.07594,0
1714772700000,1.07594,1.07594,1.07594,1.07594,0
1714773600000,1.07594,1.07594,1.07594,1.07594,0
1714774500000,1.07594,1.07594,1.07594,1.07594,0
1714775400000,1.07594,1.07594,1.07594,1.07594,0
1714776300000,1.07594,1.07594,1.07594,1.07594,0
1714777200000,1.07594,1.07594,1.07594,1.07594,0
1714778100000,1.07594,1.07594,1.07594,1.07594,0
1714779000000,1.07594,1.07594,1.07594,1.07594,0
1714779900000,1.07594,1.07594,1.07594,1.07594,0
1714780800000,1.07594,1.07594,1.07594,1.07594,0
1714781700000,1.07594,1.07594,1.07594,1.07594,0
1714782600000,1.07594,1.07594,1.07594,1.07594,0
1714783500000,1.07594,1.07594,1.07594,1.07594,0
1714784400000,1.07594,1.07594,1.07594,1.07594,0
1714785300000,1.07594,1.07594,1.07594,1.07594,0
1714786200000,1.07594,1.07594,1.07594,1.07594,0
1714787100000,1.07594,1.07594,1.07594,1.07594,0
1714788000000,1.07594,1.07594,1.07594,1.07594,0
1714788900000,1.07594,1.07594,1.07594,1.07594,0
1714789800000,1.07594,1.07594,1.07594,1.07594,0
1714790700000,1.07594,1.07594,1.07594,1.07594,0
1714791600000,1.07594,1.07594,1.07594,1.07594,0
1714792500000,1.07594,1.07594,1.07594,1.07594,0
1714793400000,1.07594,1.07594,1.07594,1.07594,0
1714794300000,1.07594,1.07594,1.07594,1.07594,0
1714795200000,1.07594,1.07594,1.07594,1.07594,0
1714796100000,1.07594,1.07594,1.07594,1.07594,0
1714797000000,1.07594,1.07594,1.07594,1.07594,0
1714797900000,1.07594,1.07594,1.07594,1.07594,0
1714798800000,1.07594,1.07594,1.07594,1.07594,0
1714799700000,1.07594,1.07594,1.07594,1.07594,0
1714800600000,1.07594,1.07594,1.07594,1.07594,0
1714801500000,1.07594,1.07594,1.07594,1.07594,0
1714802400000,1.07594,1.07594,1.07594,1.07594,0
1714803300000,1.07594,1.07594,1.07594,1.07594,0
1714804200000,1.07594,1.07594,1.07594,1.07594,0
1714805100000,1.07594,1.07594,1.07594,1.07594,0
1714806000000,1.07594,1.07594,1.07594,1.07594,0
1714806900000,1.07594,1.07594,1.07594,1.07594,0
1714807800000,1.07594,1.07594,1.07594,1.07594,0
1714808700000,1.07594,1.07594,1.07594,1.07594,0
1714809600000,1.07594,1.07594,1.07594,1.07594,0
1714810500000,1.07594,1.07594,1.07594,1.07594,0
1714811400000,1.07594,1.07594,1.07594,1.07594,0
1714812300000,1.07594,1.07594,1.07594,1.07594,0
1714813200000,1.07594,1.07594,1.07594,1.07594,0
1714814100000,1.07594,1.07594,1.07594,1.07594,0
1714815000000,1.07594,1.07594,1.07594,1.07594,0
1714815900000,1.07594,1.07594,1.07594,1.07594,0
1714816800000,1.07594,1.07594,1.07594,1.07594,0
1714817700000,1.07594,1.07594,1.07594,1.07594,0
1714818600000,1.07594,1.07594,1.07594,1.07594,0
1714819500000,1.07594,1.07594,1.07594,1.07594,0
1714820400000,1.07594,1.07594,1.07594,1.07594,0
1714821300000,1.07594,1.07594,1.07594,1.07594,0
1714822200000,1.07594,1.07594,1.07594,1.07594,0
1714823100000,1.07594,1.07594,1.07594,1.07594,0
1714824000000,1.07594,1.07594,1.07594,1.07594,0
1714824900000,1.07594,1.07594,1.07594,1.07594,0
1714825800000,1.07594,1.07594,1.07594,1.07594,0
1714826700000,1.07594,1.07594,1.07594,1.07594,0
1714827600000,1.07594,1.07594,1.07594,1.07594,0
1714828500000,1.07594,1.07594,1.07594,1.07594,0
1714829400000,1.07594,1.07594,1.07594,1.07594,0
1714830300000,1.07594,1.07594,1.07594,1.07594,0
1714831200000,1.07594,1.07594,1.07594,1.07594,0
1714832100000,1.07594,1.07594,1.07594,1.07594,0
1714833000000,1.07594,1.07594,1.07594,1.07594,0
1714833900000,1.07594,1.07594,1.07594,1.07594,0
1714834800000,1.07594,1.07594,1.07594,1.07594,0
1714835700000,1.07594,1.07594,1.07594,1.07594,0
1714836600000,1.07594,1.07594,1.07594,1.07594,0
1714837500000,1.07594,1.07594,1.07594,1.07594,0
1714838400000,1.07594,1.07594,1.07594,1.07594,0
1714839300000,1.07594,1.07594,1.07594,1.07594,0
1714840200000,1.07594,1.07594,1.07594,1.07594,0
1714841100000,1.07594,1.07594,1.07594,1.07594,0
1714842000000,1.07594,1.07594,1.07594,1.07594,0
1714842900000,1.07594,1.07594,1.07594,1.07594,0
1714843800000,1.07594,1.07594,1.07594,1.07594,0
1714844700000,1.07594,1.07594,1.07594,1.07594,0
1714845600000,1.07594,1.07594,1.07594,1.07594,0
1714846500000,1.07594,1.07594,1.07594,1.07594,0
1714847400000,1.07594,1.07594,1.07594,1.07594,0
1714848300000,1.07594,1.07594,1.07594,1.07594,0
1714849200000,1.07594,1.07594,1.07594,1.07594,0
1714850100000,1.07594,1.07594,1.07594,1.07594,0
1714851000000,1.07594,1.07594,1.07594,1.07594,0
1714851900000,1.07594,1.07594,1.07594,1.07594,0
1714852800000,1.07594,1.07594,1.07594,1.07594,0
1714853700000,1.07594,1.07594,1.07594,1.07594,0
1714854600000,1.07594,1.07594,1.07594,1.07594,0
1714855500000,1.07594,1.07594,1.07594,1.07594,0
1714856400000,1.07594,1.07594,1.07594,1.07594,0
1714857300000,1.07594,1.07594,1.07594,1.07594,0
1714858200000,1.07594,1.07594,1.07594,1.07594,0
1714859100000,1.07594,1.07594,1.07594,1.07594,0
1714860000000,1.07594,1.07594,1.07594,1.07594,0
1714860900000,1.07594,1.07594,1.07594,1.07594,0
1714861800000,1.07594,1.07594,1.07594,1.07594,0
1714862700000,1.07594,1.07594,1.07594,1.07594,0
1714863600000,1.07594,1.07594,1.07594,1.07594,0
1714864500000,1.07594,1.07594,1.07594,1.07594,0
1714865400000,1.07594,1.07594,1.07594,1.07594,0
1714866300000,1.07594,1.07594,1.07594,1.07594,0
1714867200000,1.07594,1.07594,1.07594,1.07594,0
1714868100000,1.07594,1.07594,1.07594,1.07594,0
1714869000000,1.07594,1.07594,1.07594,1.07594,0
1714869900000,1.07594,1.07594,1.07594,1.07594,0
1714870800000,1.07594,1.07594,1.07594,1.07594,0
1714871700000,1.07594,1.07594,1.07594,1.07594,0
1714872600000,1.07594,1.07594,1.07594,1.07594,0
1714873500000,1.07594,1.07594,1.07594,1.07594,0
1714874400000,1.07594,1.07594,1.07594,1.07594,0
1714875300000,1.07594,1.07594,1.07594,1.07594,0
1714876200000,1.07594,1.07594,1.07594,1.07594,0
1714877100000,1.07594,1.07594,1.07594,1.07594,0
1714878000000,1.07594,1.07594,1.07594,1.07594,0
1714878900000,1.07594,1.07594,1.07594,1.07594,0
1714879800000,1.07594,1.07594,1.07594,1.07594,0
1714880700000,1.07594,1.07594,1.07594,1.07594,0
1714881600000,1.07594,1.07594,1.07594,1.07594,0
1714882500000,1.07594,1.07594,1.07594,1.07594,0
1714883400000,1.07594,1.07594,1.07594,1.07594,0
1714884300000,1.07594,1.07594,1.07594,1.07594,0
1714885200000,1.07594,1.07594,1.07594,1.07594,0
1714886100000,1.07594,1.07594,1.07594,1.07594,0
1714887000000,1.07594,1.07594,1.07594,1.07594,0
1714887900000,1.07594,1.07594,1.07594,1.07594,0
1714888800000,1.07594,1.07594,1.07594,1.07594,0
1714889700000,1.07594,1.07594,1.07594,1.07594,0
1714890600000,1.07594,1.07594,1.07594,1.07594,0
1714891500000,1.07594,1.07594,1.07594,1.07594,0
1714892400000,1.07594,1.07594,1.07594,1.07594,0
1714893300000,1.07594,1.07594,1.07594,1.07594,0
1714894200000,1.07594,1.07594,1.07594,1.07594,0
1714895100000,1.07594,1.07594,1.07594,1.07594,0
1714896000000,1.07594,1.07594,1.07594,1.07594,0
1714896900000,1.07594,1.07594,1.07594,1.07594,0
1714897800000,1.07594,1.07594,1.07594,1.07594,0
1714898700000,1.07594,1.07594,1.07594,1.07594,0
1714899600000,1.07594,1.07594,1.07594,1.07594,0
1714900500000,1.07594,1.07594,1.07594,1.07594,0
1714901400000,1.07594,1.07594,1.07594,1.07594,0
1714902300000,1.07594,1.07594,1.07594,1.07594,0
1714903200000,1.07594,1.07594,1.07594,1.07594,0
1714904100000,1.07594,1.07594,1.07594,1.07594,0
1714905000000,1.07594,1.07594,1.07594,1.07594,0
1714905900000,1.07594,1.07594,1.07594,1.07594,0
1714906800000,1.07594,1.07594,1.07594,1.07594,0
1714907700000,1.07594,1.07594,1.07594,1.07594,0
1714908600000,1.07594,1.07594,1.07594,1.07594,0
1714909500000,1.07594,1.07594,1.07594,1.07594,0
1714910400000,1.07594,1.07594,1.07594,1.07594,0
1714911300000,1.07594,1.07594,1.07594,1.07594,0
1714912200000,1.07594,1.07594,1.07594,1.07594,0
1714913100000,1.07594,1.07594,1.07594,1.07594,0
1714914000000,1.07594,1.07594,1.07594,1.07594,0
1714914900000,1.07594,1.07594,1.07594,1.07594,0
1714915800000,1.07594,1.07594,1.07594,1.07594,0
1714916700000,1.07594,1.07594,1.07594,1.07594,0
1714917600000,1.07594,1.07594,1.07594,1.07594,0
1714918500000,1.07594,1.07594,1.07594,1.07594,0
1714919400000,1.07594,1.07594,1.07594,1.07594,0
1714920300000,1.07594,1.07594,1.07594,1.07594,0
1714921200000,1.07594,1.07594,1.07594,1.07594,0
1714922100000,1.07594,1.07594,1.07594,1.07594,0
1714923000000,1.07594,1.07594,1.07594,1.07594,0
1714923900000,1.07594,1.07594,1.07594,1.07594,0
1714924800000,1.07594,1.07594,1.07594,1.07594,0
1714925700000,1.07594,1.07594,1.07594,1.07594,0
1714926600000,1.07594,1.07594,1.07594,1.07594,0
1714927500000,1.07594,1.07594,1.07594,1.07594,0
1714928400000,1.07594,1.07594,1.07594,1.07594,0
1714929300000,1.07594,1.07594,1.07594,1.07594,0
1714930200000,1.07594,1.07594,1.07594,1.07594,0
1714931100000,1.07594,1.07594,1.07594,1.07594,0
1714932000000,1.07594,1.07594,1.07594,1.07594,0
1714932900000,1.07594,1.07594,1.07594,1.07594,0
1714933800000,1.07594,1.07594,1.07594,1.07594,0
1714934700000,1.07594,1.07594,1.07594,1.07594,0
1714935600000,1.07594,1.07594,1.07594,1.07594,0
1714936500000,1.07594,1.07594,1.07594,1.07594,0
1714937400000,1.07594,1.07594,1.07594,1.07594,0
1714938300000,1.07594,1.07594,1.07594,1.07594,0
1714939200000,1.07594,1.07594,1.07594,1.07594,0
1714940100000,1.07594,1.07594,1.07594,1.07594,0
1714941000000,1.07594,1.07594,1.07594,1.07594,0
1714941900000,1.07594,1.07594,1.07594,1.07594,0
1714942800000,1.076,1.07632,1.076,1.07614,125.05
1714943700000,1.07615,1.07632,1.07613,1.07623,22.5
1714944600000,1.07624,1.07637,1.07623,1.07633,52.2
1714945500000,1.07633,1.07645,1.07633,1.07634,52.96
1714946400000,1.07634,1.07646,1.07625,1.07632,347.76
1714947300000,1.07631,1.07633,1.07614,1.07633,224.12
1714948200000,1.07632,1.07644,1.0762,1.07623,268.56
1714949100000,1.07623,1.07631,1.07622,1.07623,269.16
1714950000000,1.07623,1.07646,1.07622,1.07628,1023.26
1714950900000,1.07626,1.07641,1.07624,1.07637,278.61
1714951800000,1.07637,1.07639,1.07598,1.07603,740.86
1714952700000,1.076,1.0762,1.07575,1.07583,939.59
1714953600000,1.07582,1.07595,1.07553,1.07587,1221.67
1714954500000,1.07588,1.07624,1.07587,1.07623,1373.08
1714955400000,1.07624,1.07652,1.07623,1.07646,669.32
1714956300000,1.07647,1.07689,1.07643,1.07674,679.41
1714957200000,1.07673,1.07693,1.07663,1.07673,1269.81
1714958100000,1.07672,1.07699,1.07644,1.07655,1095.7
1714959000000,1.07655,1.07687,1.07628,1.07655,1020.96
1714959900000,1.07657,1.07708,1.07643,1.07701,864.01
1714960800000,1.07702,1.07715,1.07685,1.07687,1282.54
1714961700000,1.07688,1.07701,1.07684,1.07698,1144.52
1714962600000,1.07699,1.077,1.07671,1.07675,1157.26
1714963500000,1.07675,1.07678,1.07649,1.07653,1370.71
1714964400000,1.07653,1.07668,1.07639,1.07639,1069.91
1714965300000,1.0764,1.07641,1.07622,1.07625,933.19
1714966200000,1.07626,1.07649,1.07621,1.07642,1829.57
1714967100000,1.07642,1.07659,1.07635,1.07648,1241.14
1714968000000,1.07647,1.07647,1.07622,1.07624,1090.3
1714968900000,1.07625,1.07641,1.07624,1.07637,1190.62
1714969800000,1.07638,1.07654,1.07638,1.07644,419.59
1714970700000,1.07645,1.07648,1.07627,1.07629,766.06
1714971600000,1.07628,1.07649,1.07624,1.07648,890.92
1714972500000,1.07648,1.07649,1.07603,1.07606,1058.86
1714973400000,1.07607,1.07627,1.07599,1.07617,556.63
1714974300000,1.07618,1.0762,1.07603,1.07608,645.98
1714975200000,1.0761,1.07645,1.07603,1.07636,1802.83
1714976100000,1.07636,1.0764,1.07601,1.07611,2033.15
1714977000000,1.07612,1.07651,1.07593,1.07641,1644.15
1714977900000,1.0764,1.0765,1.07605,1.07623,2004.51
1714978800000,1.07624,1.07658,1.07611,1.07652,2380.62
1714979700000,1.07653,1.07693,1.07647,1.07673,1870.71
1714980600000,1.07672,1.07695,1.07627,1.07637,2424.79
1714981500000,1.07638,1.07653,1.07602,1.07614,2219.95
1714982400000,1.07615,1.07695,1.07576,1.07695,1573.71
1714983300000,1.07695,1.0775,1.07667,1.07748,2037.43
1714984200000,1.07748,1.07761,1.07697,1.07702,1781.65
1714985100000,1.07701,1.07702,1.07669,1.07684,2251.08
1714986000000,1.07684,1.0769,1.07661,1.07672,1551.68
1714986900000,1.0767,1.07706,1.07669,1.0767,866.46
1714987800000,1.07669,1.07701,1.07667,1.07678,1919.86
1714988700000,1.07677,1.07721,1.07662,1.07695,1467.51
1714989600000,1.07696,1.07725,1.07682,1.07682,1580.17
1714990500000,1.07682,1.07721,1.07662,1.07686,2032.49
1714991400000,1.07687,1.07708,1.07669,1.07705,1075.42
1714992300000,1.07704,1.07731,1.07684,1.07721,1429.09
1714993200000,1.07719,1.07719,1.07688,1.07688,1371.14
1714994100000,1.07689,1.07743,1.07689,1.07733,1302.07
1714995000000,1.07733,1.07737,1.07711,1.07729,1528.07
1714995900000,1.07728,1.0774,1.07708,1.07725,1608.13
1714996800000,1.07724,1.07794,1.07722,1.07791,1554.85
1714997700000,1.0779,1.07842,1.07786,1.07834,1394.47
1714998600000,1.07833,1.07888,1.07826,1.07877,1880.72
1714999500000,1.07879,1.07907,1.07856,1.07873,2620.7
1715000400000,1.07875,1.07889,1.0782,1.07834,3339.23
1715001300000,1.07836,1.07862,1.07825,1.07833,1519.84
1715002200000,1.07832,1.07851,1.07811,1.07833,2331.02
1715003100000,1.07834,1.07875,1.07813,1.07865,1579.37
1715004000000,1.07866,1.07867,1.07827,1.07865,1834.37
1715004900000,1.07866,1.07868,1.07827,1.07843,1876.28
1715005800000,1.07844,1.07845,1.07806,1.07813,1289.71
1715006700000,1.07812,1.07818,1.07785,1.07802,4894.53
1715007600000,1.07801,1.07801,1.07752,1.07755,2388.43
1715008500000,1.07754,1.07762,1.07745,1.0776,1225.76
1715009400000,1.07759,1.07786,1.07756,1.07767,1368.57
1715010300000,1.07768,1.07796,1.07766,1.07788,1275.61
1715011200000,1.07787,1.07788,1.07742,1.07743,731.18
1715012100000,1.07745,1.07748,1.07712,1.07725,837.52
1715013000000,1.07726,1.07749,1.07715,1.07749,933.91
1715013900000,1.07749,1.07755,1.07728,1.07742,1379.73
1715014800000,1.07742,1.07765,1.07742,1.07755,1155.6
1715015700000,1.07755,1.07758,1.07742,1.07744,677.66
1715016600000,1.07743,1.07762,1.07737,1.07757,744.1
1715017500000,1.07757,1.07762,1.07731,1.07741,1178.96
1715018400000,1.0774,1.07751,1.07725,1.07726,1165.71
1715019300000,1.07726,1.07748,1.07721,1.07737,841.82
1715020200000,1.07738,1.07746,1.07725,1.07732,1520.04
1715021100000,1.07731,1.07751,1.0772,1.07745,1963.2
1715022000000,1.07746,1.07748,1.07708,1.07708,1522.88
1715022900000,1.07708,1.07708,1.07671,1.07675,2130.56
1715023800000,1.07676,1.07684,1.07666,1.07676,1216.88
1715024700000,1.07676,1.07688,1.07667,1.07674,1454.08
1715025600000,1.07676,1.07681,1.07662,1.07672,711.71
1715026500000,1.07675,1.07679,1.0767,1.07675,541.93
1715027400000,1.07676,1.07695,1.07673,1.07692,269.1
1715028300000,1.07693,1.07702,1.07672,1.07672,578.65
1715029200000,1.07667,1.07709,1.07656,1.07686,289.62
1715030100000,1.07686,1.07687,1.07664,1.0768,114.07
1715031000000,1.07679,1.07709,1.07671,1.0769,230.5
1715031900000,1.07689,1.07708,1.07677,1.07689,365.85
1715032800000,1.07688,1.07707,1.07686,1.07695,204.75
1715033700000,1.07695,1.07701,1.07695,1.07695,60.3
1715034600000,1.07694,1.07695,1.07685,1.0769,239.09
1715035500000,1.07689,1.07691,1.07685,1.07685,283.65
1715036400000,1.07686,1.07686,1.07665,1.07665,174.76
1715037300000,1.07666,1.07673,1.07661,1.07671,134.8
1715038200000,1.0767,1.07681,1.0766,1.0767,622
1715039100000,1.07671,1.07687,1.07665,1.07672,849.87
1715040000000,1.07671,1.07693,1.07665,1.07678,1413.81
1715040900000,1.07678,1.0771,1.07678,1.07707,1318.12
1715041800000,1.07707,1.07743,1.07698,1.07732,1184.08
1715042700000,1.07732,1.07761,1.07726,1.0775,1784.27
1715043600000,1.0775,1.07768,1.07716,1.07722,1898.57
1715044500000,1.07724,1.07726,1.07672,1.07672,1284.54
1715045400000,1.07672,1.07673,1.07651,1.07657,1919.71
1715046300000,1.07658,1.07661,1.07641,1.07655,1306.71
1715047200000,1.07655,1.07661,1.07642,1.07652,1329.1
1715048100000,1.07651,1.07654,1.07607,1.07637,1632.04
1715049000000,1.07638,1.07666,1.07635,1.07643,1042.32
1715049900000,1.07644,1.07661,1.07627,1.07637,994.87
1715050800000,1.07636,1.07648,1.07631,1.07648,1279.51
1715051700000,1.07648,1.07673,1.07648,1.07667,1163.92
1715052600000,1.07667,1.07683,1.07665,1.07668,1127.1
1715053500000,1.07667,1.0769,1.07667,1.07687,517.6
1715054400000,1.07687,1.07694,1.07674,1.07686,693.13
1715055300000,1.07686,1.07686,1.07672,1.07681,831
1715056200000,1.0768,1.0768,1.07631,1.07644,2111.05
1715057100000,1.07645,1.07668,1.07643,1.07657,1553.46
1715058000000,1.07657,1.07681,1.0765,1.0768,559.11
1715058900000,1.0768,1.07693,1.07665,1.07692,378.57
1715059800000,1.07692,1.07693,1.07639,1.07645,1027.74
1715060700000,1.07644,1.07646,1.07572,1.07583,3208.42
1715061600000,1.07583,1.07598,1.07554,1.07582,2273.69
1715062500000,1.07581,1.07605,1.07564,1.07593,1647.42
1715063400000,1.07593,1.0761,1.07542,1.07608,1907.47
1715064300000,1.07608,1.07643,1.07599,1.07636,1845.42
1715065200000,1.07637,1.07672,1.07625,1.07629,2625.9
1715066100000,1.07629,1.07671,1.07608,1.07637,1777.23
1715067000000,1.07636,1.07677,1.07617,1.07662,2411.67
1715067900000,1.07663,1.07696,1.07618,1.07647,2196.91
1715068800000,1.07644,1.07652,1.07557,1.07564,2500.88
1715069700000,1.07565,1.07622,1.07561,1.0759,2091.91
1715070600000,1.07595,1.07648,1.07595,1.07629,1342.74
1715071500000,1.07629,1.07638,1.07603,1.07637,1440.08
1715072400000,1.07636,1.07639,1.07607,1.0762,1593.29
1715073300000,1.07621,1.07631,1.07575,1.07577,1574.93
1715074200000,1.07576,1.07602,1.0756,1.07566,1794.66
1715075100000,1.07567,1.07609,1.07552,1.07596,1082.27
1715076000000,1.07596,1.07633,1.07583,1.0763,1452.38
1715076900000,1.0763,1.07653,1.07614,1.07636,1640.16
1715077800000,1.07634,1.07649,1.07617,1.07642,1365.17
1715078700000,1.07644,1.07696,1.07638,1.07688,1434.1
1715079600000,1.07691,1.07701,1.07655,1.07687,1458.75
1715080500000,1.07684,1.07702,1.07655,1.07678,1362.86
1715081400000,1.07679,1.07686,1.07651,1.07657,1580.52
1715082300000,1.07657,1.07678,1.07626,1.07666,3047.41
1715083200000,1.07666,1.07682,1.0764,1.07672,1650.99
1715084100000,1.07674,1.07744,1.07669,1.07726,1740.47
1715085000000,1.07726,1.07791,1.07726,1.07784,1594.5
1715085900000,1.07784,1.07789,1.0774,1.07755,2609.03
1715086800000,1.07756,1.078,1.07741,1.07766,2225.16
1715087700000,1.07765,1.07804,1.07765,1.07803,1673.39
1715088600000,1.07802,1.07873,1.078,1.07853,2470.79
1715089500000,1.07855,1.0786,1.078,1.07807,2567.98
1715090400000,1.07807,1.07825,1.07768,1.0777,2166.51
1715091300000,1.07771,1.07789,1.07745,1.07768,2026.3
1715092200000,1.07767,1.07771,1.07736,1.07742,2472.22
1715093100000,1.07741,1.07781,1.07727,1.07778,2386.87
1715094000000,1.07777,1.07828,1.07766,1.07786,2723.95
1715094900000,1.07786,1.07805,1.07757,1.07761,1955.36
1715095800000,1.07761,1.07766,1.07699,1.07715,2693.25
1715096700000,1.07715,1.07747,1.07663,1.07666,3352.04
1715097600000,1.07668,1.0774,1.0766,1.07731,2684.86
1715098500000,1.0773,1.07741,1.07716,1.0774,1011.43
1715099400000,1.07739,1.07742,1.07695,1.07707,1448.87
1715100300000,1.07707,1.07715,1.07674,1.07703,1414.46
1715101200000,1.07703,1.07706,1.07603,1.07617,2190.18
1715102100000,1.07618,1.07618,1.07561,1.07608,1699.02
1715103000000,1.07608,1.07644,1.07596,1.07618,1066.92
1715103900000,1.07617,1.07618,1.07565,1.07566,1513.49
1715104800000,1.07566,1.07566,1.07534,1.07548,1926.08
1715105700000,1.07547,1.07551,1.07494,1.07508,2153.74
1715106600000,1.07511,1.07513,1.07478,1.07511,1670.22
1715107500000,1.07512,1.0752,1.07487,1.07513,1358.01
1715108400000,1.07513,1.07553,1.07512,1.07537,1400.97
1715109300000,1.07538,1.0754,1.07516,1.07531,851.31
1715110200000,1.07532,1.07547,1.07526,1.07541,1342.89
1715111100000,1.07542,1.07576,1.07542,1.07564,1241.49
1715112000000,1.07565,1.07565,1.07544,1.07552,819.39
1715112900000,1.07553,1.07558,1.07548,1.0755,516.82
1715113800000,1.07551,1.07553,1.07547,1.07551,770.82
1715114700000,1.07551,1.07556,1.07546,1.07547,423.09
1715115600000,1.07538,1.07559,1.07524,1.07557,146.85
1715116500000,1.07557,1.07562,1.07546,1.0755,147.6
1715117400000,1.07551,1.07554,1.07548,1.07549,178.65
1715118300000,1.07548,1.07564,1.07548,1.0756,239.85
1715119200000,1.07559,1.07563,1.07525,1.07531,438
1715120100000,1.07531,1.07533,1.07531,1.07532,164.25
1715121000000,1.07533,1.0754,1.07515,1.07515,692.1
1715121900000,1.07516,1.07517,1.07507,1.0751,247.5
1715122800000,1.07511,1.07512,1.07497,1.07497,364.09
1715123700000,1.07496,1.07505,1.07489,1.0749,258.55
1715124600000,1.07491,1.07503,1.07489,1.07496,515.14
1715125500000,1.07499,1.07514,1.07473,1.07498,1074.12
1715126400000,1.07498,1.07521,1.07469,1.07514,1917.1
1715127300000,1.07514,1.0754,1.07508,1.07525,1020.39
1715128200000,1.07526,1.07541,1.07504,1.07507,1055.81
1715129100000,1.07508,1.07516,1.07473,1.07479,2988.61
1715130000000,1.0748,1.07488,1.07456,1.07471,1147.8
1715130900000,1.07472,1.07477,1.07413,1.0744,1905.02
1715131800000,1.07441,1.07444,1.07413,1.07435,1277.38
1715132700000,1.07434,1.0744,1.07402,1.07404,1353.81
1715133600000,1.07402,1.07402,1.0738,1.07399,1710.6
1715134500000,1.074,1.07424,1.07383,1.07385,1402.2
1715135400000,1.07385,1.07398,1.07381,1.07398,1209.44
1715136300000,1.07398,1.07417,1.07398,1.07412,1012.35
1715137200000,1.07412,1.07415,1.07386,1.07411,968.62
1715138100000,1.07412,1.07436,1.07402,1.07411,861.6
1715139000000,1.0741,1.07417,1.07399,1.07416,677.45
1715139900000,1.07416,1.07416,1.07402,1.07411,1126.31
1715140800000,1.07411,1.07418,1.07389,1.07418,953.01
1715141700000,1.07419,1.07422,1.07396,1.07406,1063.35
1715142600000,1.07406,1.07416,1.074,1.0741,964.54
1715143500000,1.07411,1.07421,1.07401,1.07413,871.34
1715144400000,1.07412,1.07413,1.07393,1.07399,1211.87
1715145300000,1.074,1.07407,1.07389,1.07391,714.17
1715146200000,1.07391,1.07411,1.0739,1.074,650.33
1715147100000,1.07401,1.0742,1.07386,1.07408,693.6
1715148000000,1.07408,1.07451,1.07406,1.0745,1020.06
1715148900000,1.07451,1.07473,1.07442,1.0746,1092.05
1715149800000,1.0746,1.0749,1.07452,1.07452,1382.57
1715150700000,1.07452,1.0747,1.07426,1.07447,1149.12
1715151600000,1.07447,1.07461,1.0741,1.07431,2272.88
1715152500000,1.07432,1.07452,1.0738,1.07414,1732.65
1715153400000,1.07415,1.07447,1.07404,1.07431,1792.06
1715154300000,1.0743,1.07436,1.07371,1.07385,1888.42
1715155200000,1.07385,1.07416,1.0735,1.07392,2732.28
1715156100000,1.07393,1.07416,1.07371,1.07406,1901.03
1715157000000,1.07405,1.0744,1.07402,1.07425,1772.44
1715157900000,1.07425,1.07447,1.07413,1.07441,1527.14
1715158800000,1.07441,1.07474,1.07441,1.07458,1688.75
1715159700000,1.07458,1.0749,1.07449,1.0747,1482.87
1715160600000,1.07473,1.07504,1.07465,1.07501,2911.1
1715161500000,1.07503,1.07525,1.07494,1.07512,1299.07
1715162400000,1.07512,1.07528,1.07485,1.07495,1547.37
1715163300000,1.07493,1.07533,1.0749,1.07522,1254.84
1715164200000,1.07522,1.07533,1.07497,1.07517,1485.81
1715165100000,1.07517,1.07529,1.07485,1.07488,906.86
1715166000000,1.07489,1.07539,1.07477,1.07484,1860.24
1715166900000,1.07483,1.07491,1.07462,1.07468,2346.41
1715167800000,1.07469,1.07483,1.07449,1.07463,1663.93
1715168700000,1.07461,1.0747,1.07439,1.0746,2639.69
1715169600000,1.07462,1.07468,1.07408,1.07423,1448.77
1715170500000,1.07423,1.07442,1.07403,1.07416,1937.69
1715171400000,1.07415,1.07466,1.07397,1.07459,1803.92
1715172300000,1.0746,1.0749,1.07454,1.07489,1677.37
1715173200000,1.0749,1.07519,1.07482,1.07493,2472.09
1715174100000,1.07493,1.07504,1.07462,1.07498,2291.08
1715175000000,1.07497,1.07535,1.07488,1.07515,2455.67
1715175900000,1.07514,1.07538,1.07491,1.07505,1911.86
1715176800000,1.07507,1.07542,1.07482,1.07535,1773.7
1715177700000,1.07538,1.07548,1.07507,1.07531,1884.39
1715178600000,1.0753,1.07535,1.07474,1.07481,2035.68
1715179500000,1.0748,1.07499,1.07462,1.07491,2149.77
1715180400000,1.07491,1.07513,1.07442,1.07467,2258.29
1715181300000,1.07463,1.07496,1.07447,1.07474,1235.37
1715182200000,1.07475,1.07517,1.07463,1.07514,1684.86
1715183100000,1.07515,1.07574,1.0751,1.07548,2721.94
1715184000000,1.07547,1.07548,1.07507,1.0751,1793.59
1715184900000,1.07509,1.07518,1.07483,1.07483,1001.52
1715185800000,1.07483,1.0749,1.07445,1.07461,1645.25
1715186700000,1.07461,1.07486,1.07454,1.07458,1333.79
1715187600000,1.07458,1.07468,1.07437,1.07452,1523.91
1715188500000,1.07452,1.07458,1.07437,1.07447,1000.3
1715189400000,1.07445,1.07448,1.07409,1.07434,1036.53
1715190300000,1.07434,1.07434,1.07421,1.07431,790.83
1715191200000,1.07429,1.07437,1.07411,1.07416,518.51
1715192100000,1.07417,1.07448,1.07417,1.07447,602.54
1715193000000,1.07447,1.07466,1.07438,1.07456,1153.52
1715193900000,1.07455,1.07468,1.07451,1.07452,1246.32
1715194800000,1.07451,1.07462,1.07443,1.07447,2022.87
1715195700000,1.07446,1.07454,1.07432,1.07436,1424.46
1715196600000,1.07436,1.07451,1.07431,1.07442,2093.7
1715197500000,1.07441,1.0746,1.07439,1.07453,1113.65
1715198400000,1.07454,1.07459,1.07438,1.07444,588.98
1715199300000,1.07443,1.07455,1.07442,1.07452,228.78
1715200200000,1.07452,1.07458,1.0745,1.07457,501.09
1715201100000,1.07457,1.07484,1.07457,1.07479,775.51
1715202000000,1.07477,1.07488,1.0745,1.07461,297.02
1715202900000,1.07462,1.07483,1.07456,1.07462,725.4
1715203800000,1.07462,1.07478,1.0746,1.07477,598.5
1715204700000,1.07476,1.07489,1.0747,1.07478,439.65
1715205600000,1.07485,1.07503,1.07485,1.07492,276.67
1715206500000,1.07493,1.075,1.07492,1.07497,145.35
1715207400000,1.07496,1.07505,1.07491,1.07492,552.07
1715208300000,1.07491,1.07492,1.07487,1.07488,221.42
1715209200000,1.07492,1.07494,1.07478,1.07478,591
1715210100000,1.07476,1.07479,1.07468,1.07468,276.96
1715211000000,1.07469,1.07474,1.07462,1.07462,273.98
1715211900000,1.07463,1.07469,1.07462,1.07468,530.43
1715212800000,1.07468,1.0747,1.07425,1.07431,1381.12
1715213700000,1.07432,1.07455,1.07427,1.07448,810.39
1715214600000,1.07448,1.07458,1.07423,1.07429,553.23
1715215500000,1.07427,1.07457,1.07424,1.07432,1185.75
1715216400000,1.07431,1.07443,1.07423,1.07439,1093.46
1715217300000,1.07438,1.07455,1.07432,1.07444,1362.15
1715218200000,1.07442,1.07486,1.0744,1.07479,1238.45
1715219100000,1.0748,1.07486,1.0746,1.07476,1019.21
1715220000000,1.07475,1.07482,1.07454,1.07465,757.16
1715220900000,1.07465,1.07469,1.07459,1.0746,943.71
1715221800000,1.0746,1.0746,1.0745,1.07459,652.87
1715222700000,1.07459,1.07478,1.07457,1.07474,573.97
1715223600000,1.07474,1.07489,1.0747,1.07487,900.26
1715224500000,1.07487,1.07515,1.07482,1.07485,850.7
1715225400000,1.07485,1.07487,1.07464,1.07477,608.22
1715226300000,1.07477,1.0749,1.07474,1.07476,645.5
1715227200000,1.07477,1.07504,1.07473,1.07494,869.08
1715228100000,1.07494,1.07496,1.0748,1.07483,882.88
1715229000000,1.07482,1.07488,1.07466,1.07467,966.45
1715229900000,1.07468,1.0747,1.07451,1.07453,700.79
1715230800000,1.07453,1.07464,1.07442,1.07442,1599.87
1715231700000,1.07442,1.07453,1.07436,1.07452,1201.04
1715232600000,1.07451,1.07453,1.07433,1.07434,728.97
1715233500000,1.07433,1.07449,1.07421,1.07436,1051.74
1715234400000,1.07437,1.07445,1.07422,1.07425,1427.33
1715235300000,1.07426,1.07428,1.07409,1.07417,927.7
1715236200000,1.07418,1.07427,1.07382,1.07392,1686.32
1715237100000,1.07394,1.07395,1.0736,1.07374,1508.14
1715238000000,1.07373,1.07412,1.07366,1.07394,1787.96
1715238900000,1.07393,1.07403,1.07358,1.07378,1310.73
1715239800000,1.07376,1.07376,1.07313,1.07316,2797.51
1715240700000,1.07317,1.0735,1.07296,1.07346,2042.76
1715241600000,1.07345,1.07352,1.07312,1.07316,1992.56
1715242500000,1.07317,1.07331,1.07285,1.07287,1714.24
1715243400000,1.07286,1.07294,1.07263,1.07292,2558.61
1715244300000,1.07293,1.07313,1.0726,1.0728,1552.99
1715245200000,1.07281,1.07285,1.07261,1.07275,1419.71
1715246100000,1.07275,1.07295,1.07262,1.07273,1673.76
1715247000000,1.07273,1.07314,1.0727,1.07313,1048.69
1715247900000,1.07314,1.07315,1.07298,1.07304,1286.12
1715248800000,1.07305,1.0738,1.07302,1.0738,1432
1715249700000,1.07378,1.07384,1.07347,1.0736,1193.02
1715250600000,1.07359,1.07378,1.07352,1.07357,1373.42
1715251500000,1.07358,1.07358,1.0734,1.07347,1408.07
1715252400000,1.07346,1.07362,1.07275,1.07324,3659.72
1715253300000,1.07325,1.07335,1.07302,1.07302,1339.92
1715254200000,1.07303,1.07303,1.0725,1.07251,3730.32
1715255100000,1.0725,1.07321,1.07239,1.07273,3187.61
1715256000000,1.07272,1.07341,1.0727,1.07328,2452.38
1715256900000,1.07329,1.07354,1.07302,1.07333,2103.43
1715257800000,1.07337,1.07623,1.07337,1.07615,7837.68
1715258700000,1.07615,1.07619,1.07556,1.07593,8870.8098
1715259600000,1.07593,1.07593,1.07522,1.0753,5436.6499
1715260500000,1.07529,1.07615,1.07505,1.07581,4181.7099
1715261400000,1.07581,1.0764,1.07572,1.0764,4654.67
1715262300000,1.07639,1.07675,1.07622,1.07636,3363.02
1715263200000,1.07635,1.0771,1.07626,1.0768,3779.11
1715264100000,1.07678,1.07758,1.07666,1.07754,3707.75
1715265000000,1.07754,1.07801,1.07747,1.07762,2832.45
1715265900000,1.07762,1.07765,1.07729,1.07756,3793.57
1715266800000,1.07757,1.07817,1.0775,1.07803,2492.51
1715267700000,1.07804,1.07812,1.07733,1.07762,2253.01
1715268600000,1.07763,1.07772,1.07745,1.07749,1255.37
1715269500000,1.0775,1.07761,1.07691,1.07703,1826.59
1715270400000,1.07704,1.0775,1.07703,1.07741,1006.03
1715271300000,1.07742,1.07778,1.07741,1.07745,874.63
1715272200000,1.07747,1.07755,1.07717,1.07744,1104.43
1715273100000,1.07745,1.07765,1.07736,1.07758,1120.55
1715274000000,1.07757,1.07795,1.07736,1.07794,1847.77
1715274900000,1.07793,1.07801,1.0777,1.07797,1282.93
1715275800000,1.07798,1.07798,1.07775,1.07794,1114.95
1715276700000,1.07796,1.07803,1.07768,1.07774,1449.6
1715277600000,1.07773,1.07775,1.07757,1.07763,1107.76
1715278500000,1.07761,1.07785,1.07756,1.07783,982.44
1715279400000,1.07784,1.07795,1.07776,1.07792,732.25
1715280300000,1.07791,1.07826,1.07788,1.07818,768.57
1715281200000,1.07816,1.07828,1.07807,1.07812,1380.17
1715282100000,1.07812,1.0782,1.07808,1.07814,803.12
1715283000000,1.07813,1.07844,1.07808,1.07828,1247.69
1715283900000,1.07825,1.07835,1.07813,1.07823,1422.35
1715284800000,1.07822,1.07833,1.07811,1.07829,415.85
1715285700000,1.07829,1.07834,1.07821,1.07824,230.8
1715286600000,1.07823,1.07825,1.0782,1.07824,215.14
1715287500000,1.07824,1.07825,1.07813,1.0782,397.82
1715288400000,1.0782,1.0782,1.07805,1.07809,152.46
1715289300000,1.07809,1.07832,1.07809,1.0782,71.07
1715290200000,1.07816,1.0782,1.07811,1.07812,89.19
1715291100000,1.07813,1.07815,1.078,1.0781,244.96
1715292000000,1.07811,1.07858,1.07809,1.07853,284.82
1715292900000,1.07851,1.07857,1.07831,1.07835,159.3
1715293800000,1.07834,1.07838,1.07827,1.07833,276.52
1715294700000,1.07832,1.07847,1.07832,1.07844,234.75
1715295600000,1.07848,1.07852,1.07836,1.07848,773.01
1715296500000,1.07847,1.07847,1.07835,1.07843,416.42
1715297400000,1.07843,1.07843,1.07821,1.07826,459.93
1715298300000,1.07827,1.07829,1.07813,1.07817,561.2
1715299200000,1.07817,1.07822,1.07787,1.07802,1098.73
1715300100000,1.07802,1.07802,1.07783,1.07795,650.25
1715301000000,1.07794,1.07797,1.07781,1.07787,857.94
1715301900000,1.07785,1.07802,1.07765,1.07791,1104.38
1715302800000,1.07791,1.0781,1.0779,1.07801,734.91
1715303700000,1.07802,1.07825,1.07786,1.07811,959.16
1715304600000,1.07813,1.07818,1.07775,1.07779,2027.85
1715305500000,1.0778,1.07792,1.07758,1.07761,1229.61
1715306400000,1.07761,1.07776,1.07737,1.07746,1785.53
1715307300000,1.07745,1.07747,1.07731,1.07745,1224.32
1715308200000,1.07746,1.0776,1.07739,1.07755,726.78
1715309100000,1.07755,1.0776,1.07739,1.0774,826.23
1715310000000,1.07742,1.0775,1.07737,1.0775,506.59
1715310900000,1.07749,1.07754,1.07739,1.07752,282.89
1715311800000,1.07753,1.07766,1.07751,1.0776,329.52
1715312700000,1.07759,1.07761,1.07754,1.0776,783.71
1715313600000,1.07761,1.07768,1.0776,1.07761,230.16
1715314500000,1.07761,1.07765,1.07754,1.07758,240.84
1715315400000,1.07759,1.07765,1.07756,1.07761,452.65
1715316300000,1.07761,1.07761,1.07739,1.0774,397.43
1715317200000,1.0774,1.07762,1.07738,1.07754,843.84
1715318100000,1.07753,1.07768,1.07751,1.07761,469.96
1715319000000,1.0776,1.07762,1.07741,1.07758,709.61
1715319900000,1.07757,1.07767,1.07744,1.07757,842.17
1715320800000,1.07756,1.07832,1.07749,1.07809,3111.27
1715321700000,1.07809,1.07815,1.07772,1.07781,1539.89
1715322600000,1.0778,1.07785,1.07732,1.07752,1358.8
1715323500000,1.07752,1.07768,1.07715,1.07768,1338.01
1715324400000,1.07769,1.07836,1.07769,1.07829,2807.09
1715325300000,1.07828,1.07828,1.07761,1.07786,2857.31
1715326200000,1.07787,1.0784,1.07785,1.07817,2156.15
1715327100000,1.07818,1.07838,1.07799,1.0781,1755.85
1715328000000,1.07812,1.07834,1.07771,1.07827,3403.37
1715328900000,1.07826,1.07866,1.07806,1.07812,3081.57
1715329800000,1.07811,1.07854,1.07801,1.07806,1938.51
1715330700000,1.07805,1.07823,1.07791,1.07805,2404
1715331600000,1.07806,1.07847,1.07795,1.07846,2027.02
1715332500000,1.07846,1.07857,1.07827,1.07854,1517.45
1715333400000,1.07855,1.07861,1.07819,1.0784,1282.08
1715334300000,1.07838,1.0784,1.07791,1.07797,2287.72
1715335200000,1.07796,1.07796,1.07754,1.0778,1368.04
1715336100000,1.07779,1.07818,1.07775,1.07801,1377.03
1715337000000,1.07801,1.07812,1.07781,1.07782,1377.77
1715337900000,1.07781,1.07787,1.0776,1.07784,1700.54
1715338800000,1.07784,1.07804,1.07771,1.07794,1174.2
1715339700000,1.07795,1.07799,1.07752,1.07759,1949.9
1715340600000,1.0776,1.07806,1.07759,1.07771,1054.61
1715341500000,1.07771,1.07794,1.07771,1.07792,785
1715342400000,1.07791,1.07809,1.07781,1.07801,2064.66
1715343300000,1.07801,1.07812,1.07778,1.07781,1421.6
1715344200000,1.0778,1.07797,1.07685,1.0769,3327.29
1715345100000,1.0769,1.07717,1.07662,1.077,2711.91
1715346000000,1.07702,1.07757,1.07696,1.07751,1317.68
1715346900000,1.07753,1.07779,1.07744,1.07769,2036.64
1715347800000,1.0777,1.0785,1.07764,1.07847,2012.34
1715348700000,1.07848,1.079,1.07848,1.07871,3111.91
1715349600000,1.07872,1.07889,1.07739,1.0774,5376.05
1715350500000,1.07739,1.07739,1.0762,1.07625,3835.77
1715351400000,1.07627,1.07685,1.07627,1.07661,2914.02
1715352300000,1.07661,1.07663,1.07603,1.07639,3199.77
1715353200000,1.0764,1.07679,1.07624,1.07679,2151.69
1715354100000,1.07679,1.0771,1.07665,1.07691,2362.56
1715355000000,1.07691,1.07716,1.07678,1.07707,1513.39
1715355900000,1.07705,1.07724,1.0769,1.07721,1326.11
1715356800000,1.07721,1.07749,1.07695,1.07745,1560.03
1715357700000,1.07744,1.07754,1.07728,1.07741,1210.04
1715358600000,1.07743,1.07773,1.07736,1.0777,1075.13
1715359500000,1.07771,1.07793,1.07751,1.07759,911.6
1715360400000,1.07761,1.07773,1.0775,1.07752,1077.59
1715361300000,1.07751,1.07761,1.07736,1.07746,1461.53
1715362200000,1.07747,1.07773,1.07741,1.07761,750.05
1715363100000,1.0776,1.07762,1.07732,1.07741,792.82
1715364000000,1.07741,1.07741,1.07707,1.07716,1236.47
1715364900000,1.07717,1.07724,1.07704,1.07708,730.4
1715365800000,1.07708,1.0771,1.07703,1.07705,478.36
1715366700000,1.07703,1.07736,1.07698,1.07736,450.79
1715367600000,1.07735,1.07751,1.07721,1.07728,901.39
1715368500000,1.07727,1.07757,1.07722,1.07746,749.93
1715369400000,1.07746,1.07746,1.07725,1.07726,751.84
1715370300000,1.07725,1.0773,1.07717,1.07718,436.24
1715371200000,1.07717,1.07721,1.07707,1.07708,551.39
1715372100000,1.07707,1.07722,1.077,1.07715,432.93
1715373000000,1.07716,1.07719,1.07695,1.07697,588.85
1715373900000,1.07696,1.07707,1.07684,1.07694,1037.67
1715374800000,1.07694,1.07694,1.07694,1.07694,0
1715375700000,1.07694,1.07694,1.07694,1.07694,0
1715376600000,1.07694,1.07694,1.07694,1.07694,0
1715377500000,1.07694,1.07694,1.07694,1.07694,0
1715378400000,1.07694,1.07694,1.07694,1.07694,0
1715379300000,1.07694,1.07694,1.07694,1.07694,0
1715380200000,1.07694,1.07694,1.07694,1.07694,0
1715381100000,1.07694,1.07694,1.07694,1.07694,0
1715382000000,1.07694,1.07694,1.07694,1.07694,0
1715382900000,1.07694,1.07694,1.07694,1.07694,0
1715383800000,1.07694,1.07694,1.07694,1.07694,0
1715384700000,1.07694,1.07694,1.07694,1.07694,0
1715385600000,1.07694,1.07694,1.07694,1.07694,0
1715386500000,1.07694,1.07694,1.07694,1.07694,0
1715387400000,1.07694,1.07694,1.07694,1.07694,0
1715388300000,1.07694,1.07694,1.07694,1.07694,0
1715389200000,1.07694,1.07694,1.07694,1.07694,0
1715390100000,1.07694,1.07694,1.07694,1.07694,0
1715391000000,1.07694,1.07694,1.07694,1.07694,0
1715391900000,1.07694,1.07694,1.07694,1.07694,0
1715392800000,1.07694,1.07694,1.07694,1.07694,0
1715393700000,1.07694,1.07694,1.07694,1.07694,0
1715394600000,1.07694,1.07694,1.07694,1.07694,0
1715395500000,1.07694,1.07694,1.07694,1.07694,0
1715396400000,1.07694,1.07694,1.07694,1.07694,0
1715397300000,1.07694,1.07694,1.07694,1.07694,0
1715398200000,1.07694,1.07694,1.07694,1.07694,0
1715399100000,1.07694,1.07694,1.07694,1.07694,0
1715400000000,1.07694,1.07694,1.07694,1.07694,0
1715400900000,1.07694,1.07694,1.07694,1.07694,0
1715401800000,1.07694,1.07694,1.07694,1.07694,0
1715402700000,1.07694,1.07694,1.07694,1.07694,0
1715403600000,1.07694,1.07694,1.07694,1.07694,0
1715404500000,1.07694,1.07694,1.07694,1.07694,0
1715405400000,1.07694,1.07694,1.07694,1.07694,0
1715406300000,1.07694,1.07694,1.07694,1.07694,0
1715407200000,1.07694,1.07694,1.07694,1.07694,0
1715408100000,1.07694,1.07694,1.07694,1.07694,0
1715409000000,1.07694,1.07694,1.07694,1.07694,0
1715409900000,1.07694,1.07694,1.07694,1.07694,0
1715410800000,1.07694,1.07694,1.07694,1.07694,0
1715411700000,1.07694,1.07694,1.07694,1.07694,0
1715412600000,1.07694,1.07694,1.07694,1.07694,0
1715413500000,1.07694,1.07694,1.07694,1.07694,0
1715414400000,1.07694,1.07694,1.07694,1.07694,0
1715415300000,1.07694,1.07694,1.07694,1.07694,0
1715416200000,1.07694,1.07694,1.07694,1.07694,0
1715417100000,1.07694,1.07694,1.07694,1.07694,0
1715418000000,1.07694,1.07694,1.07694,1.07694,0
1715418900000,1.07694,1.07694,1.07694,1.07694,0
1715419800000,1.07694,1.07694,1.07694,1.07694,0
1715420700000,1.07694,1.07694,1.07694,1.07694,0
1715421600000,1.07694,1.07694,1.07694,1.07694,0
1715422500000,1.07694,1.07694,1.07694,1.07694,0
1715423400000,1.07694,1.07694,1.07694,1.07694,0
1715424300000,1.07694,1.07694,1.07694,1.07694,0
1715425200000,1.07694,1.07694,1.07694,1.07694,0
1715426100000,1.07694,1.07694,1.07694,1.07694,0
1715427000000,1.07694,1.07694,1.07694,1.07694,0
1715427900000,1.07694,1.07694,1.07694,1.07694,0
1715428800000,1.07694,1.07694,1.07694,1.07694,0
1715429700000,1.07694,1.07694,1.07694,1.07694,0
1715430600000,1.07694,1.07694,1.07694,1.07694,0
1715431500000,1.07694,1.07694,1.07694,1.07694,0
1715432400000,1.07694,1.07694,1.07694,1.07694,0
1715433300000,1.07694,1.07694,1.07694,1.07694,0
1715434200000,1.07694,1.07694,1.07694,1.07694,0
1715435100000,1.07694,1.07694,1.07694,1.07694,0
1715436000000,1.07694,1.07694,1.07694,1.07694,0
1715436900000,1.07694,1.07694,1.07694,1.07694,0
1715437800000,1.07694,1.07694,1.07694,1.07694,0
1715438700000,1.07694,1.07694,1.07694,1.07694,0
1715439600000,1.07694,1.07694,1.07694,1.07694,0
1715440500000,1.07694,1.07694,1.07694,1.07694,0
1715441400000,1.07694,1.07694,1.07694,1.07694,0
1715442300000,1.07694,1.07694,1.07694,1.07694,0
1715443200000,1.07694,1.07694,1.07694,1.07694,0
1715444100000,1.07694,1.07694,1.07694,1.07694,0
1715445000000,1.07694,1.07694,1.07694,1.07694,0
1715445900000,1.07694,1.07694,1.07694,1.07694,0
1715446800000,1.07694,1.07694,1.07694,1.07694,0
1715447700000,1.07694,1.07694,1.07694,1.07694,0
1715448600000,1.07694,1.07694,1.07694,1.07694,0
1715449500000,1.07694,1.07694,1.07694,1.07694,0
1715450400000,1.07694,1.07694,1.07694,1.07694,0
1715451300000,1.07694,1.07694,1.07694,1.07694,0
1715452200000,1.07694,1.07694,1.07694,1.07694,0
1715453100000,1.07694,1.07694,1.07694,1.07694,0
1715454000000,1.07694,1.07694,1.07694,1.07694,0
1715454900000,1.07694,1.07694,1.07694,1.07694,0
1715455800000,1.07694,1.07694,1.07694,1.07694,0
1715456700000,1.07694,1.07694,1.07694,1.07694,0
1715457600000,1.07694,1.07694,1.07694,1.07694,0
1715458500000,1.07694,1.07694,1.07694,1.07694,0
1715459400000,1.07694,1.07694,1.07694,1.07694,0
1715460300000,1.07694,1.07694,1.07694,1.07694,0
1715461200000,1.07694,1.07694,1.07694,1.07694,0
1715462100000,1.07694,1.07694,1.07694,1.07694,0
1715463000000,1.07694,1.07694,1.07694,1.07694,0
1715463900000,1.07694,1.07694,1.07694,1.07694,0
1715464800000,1.07694,1.07694,1.07694,1.07694,0
1715465700000,1.07694,1.07694,1.07694,1.07694,0
1715466600000,1.07694,1.07694,1.07694,1.07694,0
1715467500000,1.07694,1.07694,1.07694,1.07694,0
1715468400000,1.07694,1.07694,1.07694,1.07694,0
1715469300000,1.07694,1.07694,1.07694,1.07694,0
1715470200000,1.07694,1.07694,1.07694,1.07694,0
1715471100000,1.07694,1.07694,1.07694,1.07694,0
1715472000000,1.07694,1.07694,1.07694,1.07694,0
1715472900000,1.07694,1.07694,1.07694,1.07694,0
1715473800000,1.07694,1.07694,1.07694,1.07694,0
1715474700000,1.07694,1.07694,1.07694,1.07694,0
1715475600000,1.07694,1.07694,1.07694,1.07694,0
1715476500000,1.07694,1.07694,1.07694,1.07694,0
1715477400000,1.07694,1.07694,1.07694,1.07694,0
1715478300000,1.07694,1.07694,1.07694,1.07694,0
1715479200000,1.07694,1.07694,1.07694,1.07694,0
1715480100000,1.07694,1.07694,1.07694,1.07694,0
1715481000000,1.07694,1.07694,1.07694,1.07694,0
1715481900000,1.07694,1.07694,1.07694,1.07694,0
1715482800000,1.07694,1.07694,1.07694,1.07694,0
1715483700000,1.07694,1.07694,1.07694,1.07694,0
1715484600000,1.07694,1.07694,1.07694,1.07694,0
1715485500000,1.07694,1.07694,1.07694,1.07694,0
1715486400000,1.07694,1.07694,1.07694,1.07694,0
1715487300000,1.07694,1.07694,1.07694,1.07694,0
1715488200000,1.07694,1.07694,1.07694,1.07694,0
1715489100000,1.07694,1.07694,1.07694,1.07694,0
1715490000000,1.07694,1.07694,1.07694,1.07694,0
1715490900000,1.07694,1.07694,1.07694,1.07694,0
1715491800000,1.07694,1.07694,1.07694,1.07694,0
1715492700000,1.07694,1.07694,1.07694,1.07694,0
1715493600000,1.07694,1.07694,1.07694,1.07694,0
1715494500000,1.07694,1.07694,1.07694,1.07694,0
1715495400000,1.07694,1.07694,1.07694,1.07694,0
1715496300000,1.07694,1.07694,1.07694,1.07694,0
1715497200000,1.07694,1.07694,1.07694,1.07694,0
1715498100000,1.07694,1.07694,1.07694,1.07694,0
1715499000000,1.07694,1.07694,1.07694,1.07694,0
1715499900000,1.07694,1.07694,1.07694,1.07694,0
1715500800000,1.07694,1.07694,1.07694,1.07694,0
1715501700000,1.07694,1.07694,1.07694,1.07694,0
1715502600000,1.07694,1.07694,1.07694,1.07694,0
1715503500000,1.07694,1.07694,1.07694,1.07694,0
1715504400000,1.07694,1.07694,1.07694,1.07694,0
1715505300000,1.07694,1.07694,1.07694,1.07694,0
1715506200000,1.07694,1.07694,1.07694,1.07694,0
1715507100000,1.07694,1.07694,1.07694,1.07694,0
1715508000000,1.07694,1.07694,1.07694,1.07694,0
1715508900000,1.07694,1.07694,1.07694,1.07694,0
1715509800000,1.07694,1.07694,1.07694,1.07694,0
1715510700000,1.07694,1.07694,1.07694,1.07694,0
1715511600000,1.07694,1.07694,1.07694,1.07694,0
1715512500000,1.07694,1.07694,1.07694,1.07694,0
1715513400000,1.07694,1.07694,1.07694,1.07694,0
1715514300000,1.07694,1.07694,1.07694,1.07694,0
1715515200000,1.07694,1.07694,1.07694,1.07694,0
1715516100000,1.07694,1.07694,1.07694,1.07694,0
1715517000000,1.07694,1.07694,1.07694,1.07694,0
1715517900000,1.07694,1.07694,1.07694,1.07694,0
1715518800000,1.07694,1.07694,1.07694,1.07694,0
1715519700000,1.07694,1.07694,1.07694,1.07694,0
1715520600000,1.07694,1.07694,1.07694,1.07694,0
1715521500000,1.07694,1.07694,1.07694,1.07694,0
1715522400000,1.07694,1.07694,1.07694,1.07694,0
1715523300000,1.07694,1.07694,1.07694,1.07694,0
1715524200000,1.07694,1.07694,1.07694,1.07694,0
1715525100000,1.07694,1.07694,1.07694,1.07694,0
1715526000000,1.07694,1.07694,1.07694,1.07694,0
1715526900000,1.07694,1.07694,1.07694,1.07694,0
1715527800000,1.07694,1.07694,1.07694,1.07694,0
1715528700000,1.07694,1.07694,1.07694,1.07694,0
1715529600000,1.07694,1.07694,1.07694,1.07694,0
1715530500000,1.07694,1.07694,1.07694,1.07694,0
1715531400000,1.07694,1.07694,1.07694,1.07694,0
1715532300000,1.07694,1.07694,1.07694,1.07694,0
1715533200000,1.07694,1.07694,1.07694,1.07694,0
1715534100000,1.07694,1.07694,1.07694,1.07694,0
1715535000000,1.07694,1.07694,1.07694,1.07694,0
1715535900000,1.07694,1.07694,1.07694,1.07694,0
1715536800000,1.07694,1.07694,1.07694,1.07694,0
1715537700000,1.07694,1.07694,1.07694,1.07694,0
1715538600000,1.07694,1.07694,1.07694,1.07694,0
1715539500000,1.07694,1.07694,1.07694,1.07694,0
1715540400000,1.07694,1.07694,1.07694,1.07694,0
1715541300000,1.07694,1.07694,1.07694,1.07694,0
1715542200000,1.07694,1.07694,1.07694,1.07694,0
1715543100000,1.07694,1.07694,1.07694,1.07694,0
1715544000000,1.07694,1.07694,1.07694,1.07694,0
1715544900000,1.07694,1.07694,1.07694,1.07694,0
1715545800000,1.07694,1.07694,1.07694,1.07694,0
1715546700000,1.07694,1.07694,1.07694,1.07694,0
1715547600000,1.07721,1.07722,1.07701,1.07707,23.2
1715548500000,1.07711,1.07711,1.07691,1.07691,300.36
1715549400000,1.07691,1.07694,1.07688,1.07688,126.63
1715550300000,1.07688,1.07721,1.07663,1.07711,221.76
1715551200000,1.0771,1.07731,1.07708,1.07716,453.57
1715552100000,1.07716,1.07727,1.07709,1.07724,426.71
1715553000000,1.07724,1.07728,1.0771,1.07721,880.82
1715553900000,1.07722,1.07729,1.07718,1.07728,555.03
1715554800000,1.07729,1.07752,1.07722,1.07751,907.08
1715555700000,1.0775,1.07752,1.07733,1.07737,652.83
1715556600000,1.07736,1.07742,1.07713,1.0772,992.41
1715557500000,1.07719,1.07721,1.07701,1.07702,982.65
1715558400000,1.07701,1.07722,1.07682,1.07714,1945.57
1715559300000,1.07713,1.0772,1.07684,1.07692,914.74
1715560200000,1.07693,1.07703,1.07681,1.07696,1654.05
1715561100000,1.07697,1.07705,1.07685,1.07691,1604.5
1715562000000,1.07692,1.07719,1.07668,1.07699,1625.92
1715562900000,1.07697,1.07718,1.07686,1.07718,1680.71
1715563800000,1.07717,1.07731,1.07692,1.07697,1368.37
1715564700000,1.07697,1.07701,1.07675,1.07689,1492.79
1715565600000,1.07689,1.07704,1.07684,1.077,1288.29
1715566500000,1.07699,1.07707,1.07658,1.07662,609.83
1715567400000,1.07661,1.07697,1.0766,1.07688,787.22
1715568300000,1.07689,1.07723,1.07686,1.07712,1042.95
1715569200000,1.07713,1.07716,1.07699,1.07703,1041.8
1715570100000,1.07702,1.07717,1.07689,1.07712,1315.19
1715571000000,1.07711,1.07715,1.07705,1.07711,614.14
1715571900000,1.07712,1.07722,1.07712,1.07716,562.35
1715572800000,1.07715,1.07724,1.07705,1.07708,573.02
1715573700000,1.07709,1.07711,1.07703,1.07705,310.44
1715574600000,1.07706,1.07717,1.07706,1.07711,853.95
1715575500000,1.0771,1.07712,1.07691,1.07696,1055.25
1715576400000,1.07696,1.07713,1.07695,1.07711,589.48
1715577300000,1.07712,1.07718,1.07701,1.07711,337
1715578200000,1.07712,1.07738,1.07711,1.07734,941.93
1715579100000,1.07735,1.07746,1.07724,1.0773,1338.65
1715580000000,1.0773,1.07757,1.07723,1.07725,1763.87
1715580900000,1.07726,1.07749,1.07721,1.07738,1293.44
1715581800000,1.0774,1.07745,1.07721,1.0773,1666.21
1715582700000,1.07729,1.07738,1.07687,1.077,818.42
1715583600000,1.077,1.07739,1.07691,1.07697,1667.84
1715584500000,1.07696,1.07774,1.07696,1.07763,1682.54
1715585400000,1.07762,1.07798,1.07749,1.07776,2016.94
1715586300000,1.07776,1.07787,1.07741,1.07757,2216.65
1715587200000,1.07756,1.07789,1.07735,1.07787,1978.26
1715588100000,1.07787,1.07797,1.07758,1.07768,1090.08
1715589000000,1.07769,1.07802,1.07767,1.07793,1104.16
1715589900000,1.07792,1.07845,1.0779,1.07837,1559.05
1715590800000,1.07837,1.07888,1.07837,1.07857,1649.24
1715591700000,1.07857,1.07869,1.07841,1.07844,1354.08
1715592600000,1.07845,1.07846,1.07816,1.07837,1652.68
1715593500000,1.07835,1.07842,1.07814,1.07827,1288.65
1715594400000,1.07826,1.07849,1.07813,1.07842,1540.48
1715595300000,1.07842,1.07846,1.0781,1.07822,974.03
1715596200000,1.07822,1.0783,1.07772,1.07792,1553
1715597100000,1.07792,1.07822,1.07784,1.07817,880.05
1715598000000,1.07816,1.07851,1.07812,1.07849,1056.83
1715598900000,1.0785,1.07865,1.07841,1.07855,1248.16
1715599800000,1.07854,1.07889,1.07852,1.07886,859.29
1715600700000,1.07886,1.07944,1.07877,1.07892,1655.42
1715601600000,1.07892,1.07975,1.07888,1.07962,2570.42
1715602500000,1.07963,1.07983,1.07954,1.07967,2064.52
1715603400000,1.07968,1.07983,1.07955,1.07962,2902.58
1715604300000,1.07963,1.07997,1.07947,1.07981,1905.46
1715605200000,1.07982,1.08012,1.07968,1.08011,3046.62
1715606100000,1.08011,1.08042,1.08011,1.08038,2273.36
1715607000000,1.08038,1.08068,1.08014,1.0803,3564.63
1715607900000,1.0803,1.08052,1.08028,1.08041,1643.51
1715608800000,1.08041,1.08042,1.07956,1.07982,1990.57
1715609700000,1.07982,1.08053,1.07982,1.08031,1557.62
1715610600000,1.08032,1.08048,1.08002,1.08047,2268.94
1715611500000,1.08048,1.08053,1.08025,1.08038,1926.38
1715612400000,1.08038,1.08042,1.0791,1.07927,4475.63
1715613300000,1.07927,1.07941,1.07896,1.07901,2202.99
1715614200000,1.07901,1.07938,1.07893,1.07922,2056.52
1715615100000,1.07921,1.07954,1.07921,1.07953,936.51
1715616000000,1.07952,1.07982,1.07952,1.07974,1114.05
1715616900000,1.07973,1.07989,1.07969,1.07979,939.23
1715617800000,1.07982,1.07986,1.07962,1.07963,521.32
1715618700000,1.07962,1.07966,1.07931,1.07934,691.61
1715619600000,1.07935,1.07939,1.07869,1.0787,1226.34
1715620500000,1.07869,1.07918,1.07869,1.07916,710.78
1715621400000,1.07917,1.07929,1.07903,1.07918,486.23
1715622300000,1.07918,1.07939,1.07913,1.07916,588.26
1715623200000,1.07915,1.07916,1.0789,1.07903,935.97
1715624100000,1.07902,1.07909,1.07895,1.07902,577.85
1715625000000,1.07901,1.07934,1.07898,1.07923,628.03
1715625900000,1.07923,1.07923,1.07892,1.07896,516.75
1715626800000,1.07895,1.07899,1.07869,1.07873,787.04
1715627700000,1.07872,1.07882,1.07867,1.07873,712.99
1715628600000,1.07872,1.07879,1.07868,1.07873,591.44
1715629500000,1.07872,1.07889,1.07867,1.07889,360.26
1715630400000,1.0789,1.07891,1.07882,1.07887,186.93
1715631300000,1.07887,1.07897,1.07887,1.07894,241.53
1715632200000,1.07893,1.07897,1.07888,1.07894,391.35
1715633100000,1.07893,1.07899,1.07887,1.07888,286.02
1715634000000,1.07897,1.07897,1.07859,1.07885,581.94
1715634900000,1.07885,1.07886,1.07868,1.07885,185.85
1715635800000,1.07884,1.07898,1.0788,1.0789,218.42
1715636700000,1.07889,1.07899,1.07882,1.07896,231.65
1715637600000,1.07895,1.07906,1.07886,1.07891,210.6
1715638500000,1.07891,1.07897,1.07887,1.07897,146.25
1715639400000,1.07895,1.07901,1.07892,1.07896,102.63
1715640300000,1.07898,1.07899,1.07896,1.07898,66.39
1715641200000,1.07899,1.07912,1.07895,1.0791,562.23
1715642100000,1.0791,1.07927,1.0791,1.07925,103.17
1715643000000,1.07925,1.07926,1.07917,1.07919,157.64
1715643900000,1.07919,1.07935,1.07919,1.0792,132.53
1715644800000,1.07922,1.07922,1.07884,1.07899,454.51
1715645700000,1.07899,1.07905,1.07873,1.07873,346.95
1715646600000,1.07874,1.07881,1.07853,1.07854,313.46
1715647500000,1.07855,1.07883,1.07855,1.07875,385.42
1715648400000,1.07875,1.07896,1.07874,1.0788,462.23
1715649300000,1.07879,1.07879,1.07853,1.07853,372.11
1715650200000,1.07852,1.07859,1.07843,1.07853,459.58
1715651100000,1.07854,1.07886,1.07853,1.07872,345.75
1715652000000,1.07873,1.07873,1.07848,1.07857,535.28
1715652900000,1.07858,1.0786,1.07848,1.07851,168.81
1715653800000,1.0785,1.07858,1.07845,1.07849,169.54
1715654700000,1.07851,1.07871,1.07848,1.07867,245.88
1715655600000,1.07867,1.0787,1.07853,1.07858,312.55
1715656500000,1.07856,1.07869,1.07853,1.07868,367.11
1715657400000,1.07869,1.0788,1.07869,1.07874,236.31
1715658300000,1.07874,1.07877,1.07857,1.07876,247.59
1715659200000,1.07876,1.07886,1.07876,1.07884,95.88
1715660100000,1.07885,1.07888,1.07868,1.07874,365.57
1715661000000,1.07873,1.07876,1.07862,1.07875,220.3
1715661900000,1.07874,1.07875,1.07853,1.07854,183.11
1715662800000,1.07853,1.07855,1.07844,1.07848,224.31
1715663700000,1.07848,1.07861,1.07844,1.07855,198.11
1715664600000,1.07855,1.0787,1.07853,1.07866,199.51
1715665500000,1.07866,1.07868,1.07848,1.07862,351.37
1715666400000,1.07865,1.07878,1.07853,1.07877,1095.12
1715667300000,1.07875,1.07893,1.07838,1.07838,918.19
1715668200000,1.07839,1.07874,1.07828,1.07858,1156.52
1715669100000,1.07858,1.07882,1.07858,1.07876,686.01
1715670000000,1.07877,1.07888,1.07856,1.07877,878.2
1715670900000,1.07878,1.07888,1.07862,1.07885,541.85
1715671800000,1.07885,1.07888,1.07858,1.07872,587.96
1715672700000,1.0787,1.07882,1.07862,1.07871,882.69
1715673600000,1.07871,1.07872,1.0777,1.0777,1995.7
1715674500000,1.07771,1.07785,1.07753,1.07775,3491.99
1715675400000,1.07774,1.07823,1.07766,1.07817,1706
1715676300000,1.07815,1.07852,1.07813,1.07835,1707.2
1715677200000,1.07836,1.0789,1.07836,1.0789,2342.85
1715678100000,1.07892,1.07934,1.0789,1.07899,2074.72
1715679000000,1.07898,1.07904,1.07862,1.07877,2430.56
1715679900000,1.0788,1.07935,1.07878,1.07927,1116.02
1715680800000,1.07928,1.07949,1.07925,1.07937,1851.05
1715681700000,1.07939,1.07948,1.0793,1.07947,982.98
1715682600000,1.07947,1.07955,1.07921,1.07947,2203.8
1715683500000,1.07946,1.07987,1.07946,1.07962,1052.44
1715684400000,1.07964,1.07988,1.07952,1.07973,1300.28
1715685300000,1.07974,1.07985,1.07965,1.07969,735.84
1715686200000,1.0797,1.07989,1.07968,1.0797,781.72
1715687100000,1.07971,1.07972,1.07925,1.07925,969.27
1715688000000,1.07927,1.07981,1.07921,1.0798,1529.05
1715688900000,1.0798,1.0799,1.07954,1.07962,1721.75
1715689800000,1.07962,1.08088,1.07669,1.08051,14627.7797
1715690700000,1.08051,1.08105,1.07999,1.0803,8727.2301
1715691600000,1.0803,1.08221,1.08006,1.08198,6038.5901
1715692500000,1.08198,1.08226,1.0812,1.08154,6161.92
1715693400000,1.08154,1.08181,1.08117,1.08133,3995.36
1715694300000,1.08135,1.08191,1.08122,1.08189,2439.06
1715695200000,1.08188,1.08236,1.08155,1.08178,2447.23
1715696100000,1.08178,1.08183,1.081,1.08114,3821.24
1715697000000,1.08114,1.08187,1.08099,1.08171,2348.02
1715697900000,1.08168,1.08256,1.08156,1.08246,2596.78
1715698800000,1.08248,1.0825,1.08212,1.08236,2849.6
1715699700000,1.08239,1.08243,1.08162,1.08181,2094.43
1715700600000,1.08182,1.08191,1.08151,1.08177,1695.98
1715701500000,1.08176,1.08231,1.08167,1.08182,2045.02
1715702400000,1.08179,1.08179,1.08149,1.08173,2034.39
1715703300000,1.08174,1.08175,1.08137,1.08156,1068.13
1715704200000,1.08155,1.08201,1.08151,1.08176,819.04
1715705100000,1.08176,1.08194,1.08159,1.08167,1280.7
1715706000000,1.08168,1.08196,1.08155,1.08186,948.46
1715706900000,1.08185,1.08194,1.08167,1.08188,693.09
1715707800000,1.08189,1.082,1.08172,1.08196,654.39
1715708700000,1.08198,1.08199,1.08184,1.08191,601.42
1715709600000,1.08192,1.08222,1.08187,1.08219,469.86
1715710500000,1.08219,1.0823,1.08207,1.08208,597.21
1715711400000,1.08209,1.08221,1.08202,1.08208,374.09
1715712300000,1.08209,1.08209,1.08194,1.08198,800.28
1715713200000,1.08199,1.08215,1.08192,1.08206,591.2
1715714100000,1.08207,1.08214,1.08202,1.08213,617.68
1715715000000,1.08213,1.08214,1.08204,1.0821,528.85
1715715900000,1.08209,1.08217,1.08199,1.082,439.71
1715716800000,1.08201,1.08209,1.08177,1.08178,474.69
1715717700000,1.08178,1.08191,1.08176,1.08183,297.49
1715718600000,1.08183,1.08199,1.08183,1.08189,332.94
1715719500000,1.08188,1.08201,1.08176,1.08176,439.09
1715720400000,1.08175,1.08198,1.08162,1.08177,455.14
1715721300000,1.08178,1.08192,1.08172,1.08176,541.27
1715722200000,1.08176,1.0818,1.08172,1.08175,387.7
1715723100000,1.08175,1.0818,1.08163,1.08175,247.05
1715724000000,1.08175,1.0818,1.0816,1.08161,355.26
1715724900000,1.08161,1.08167,1.08161,1.08166,272.05
1715725800000,1.0817,1.08173,1.08166,1.08168,204.12
1715726700000,1.08166,1.08169,1.08165,1.08166,74.34
1715727600000,1.08166,1.08167,1.08149,1.0815,334.88
1715728500000,1.08149,1.08158,1.08149,1.08152,443.87
1715729400000,1.08151,1.08152,1.08141,1.08147,469.59
1715730300000,1.08147,1.08156,1.08136,1.08138,855.8
