score,outcome,rr
0.7065532808935504,1,9.159551050470254
0.3680764612538474,-1,-1.9338285019458459
0.19369982705576264,-1,-2.066519752771134
0.898141857136578,1,0.80826711766341
0.8432037828338629,1,5.524709913788194
0.840854130228888,1,2.6714572365679796
0.97905938052728,1,2.876009120944399
0.5780414429617413,1,2.8447112769660503
0.6295524516764506,1,2.342900666546724
0.779318575705184,1,0.263048641925414
0.397463825725183,1,3.3607218364930627
0.6582476741785909,1,5.778266749539698
0.6507156342629206,1,1.9720423140254502
0.7770936205018385,1,5.6858088692559114
0.05779223825916309,-1,-3.550672858301216
0.7067695320637392,-1,-0.6729709425898057
0.3605058467541251,1,6.174218370164087
0.29391187868672447,-1,-0.31401430187476864
0.6403977611461047,1,4.732184349584934
0.847838305089201,1,0.5248357635679447
0.5560827966409818,1,3.6943483383267193
0.3632132005313135,-1,-0.7942833105539029
0.23772804138025133,1,6.857897329799868
0.7469095839987847,1,1.9186989236981922
0.39904028217380744,-1,-0.3018811249434922
0.5341892120397617,1,1.8793677388461558
0.20111074810812832,-1,-0.37318457993834364
0.4724118214035744,1,2.6630661624080734
0.4930321229355901,-1,-0.6122904572558652
0.8220953220942157,1,6.346789198853014
0.9081547998982957,1,6.657154864722402
0.7985874487263988,1,2.5437578604779914
0.5655793904503646,-1,-1.4101236763576888
0.05290694005781977,-1,-0.5724640916160529
0.618967082465585,1,2.9455595542676276
0.4446148884493336,-1,-0.9012098216404947
0.48946661361620075,-1,-0.1991505759778732
0.038991175512781105,-1,-0.23860703419226137
0.493788012339319,-1,-1.126972783456897
0.8320369138726519,1,3.7802549048626437
0.33712867186694023,-1,-3.423217888979449
0.31829314068955433,-1,-1.5016709677728415
0.5825686468731947,1,3.653065830041622
0.592766588208368,1,1.5595356780847096
0.9153445976423802,1,1.0145180320159128
0.43046512771223583,-1,-1.296357012184867
0.35327734989226733,-1,-3.313789823738328
0.7421861159431324,-1,-0.9743478244141228
0.23485721326255357,-1,-0.625356703781362
0.6584519578674715,-1,-0.3663995101269898
0.3063877501497436,-1,-1.1235855447507317
0.49718699028614466,-1,-0.40692294266003887
0.5974110478832337,1,3.039491380043115
0.33602515686341433,-1,-1.0136719083673533
0.2772376515741479,1,2.438015515250431
0.3408894355028469,-1,-2.516787104807674
0.668700010853932,1,2.107807255350341
0.7831253655865718,1,5.320254562005991
0.5501824444829098,1,2.5654870041668008
0.940157226363756,-1,-0.8774378762780807
0.6420387198583217,1,2.602738097757642
0.6260080436489694,-1,-0.9278591460873055
0.06986495454372477,-1,-0.7652625046351743
0.541799826444177,-1,-2.9557649141206306
0.6081553625961262,1,5.4303191383214475
0.6140578765160384,-1,-2.5402079767593952
0.3143453732408591,-1,-0.24040569392557648
0.954450879621601,1,2.507731771255494
0.6734087141844545,-1,-0.9945328488295251
0.18628833153892682,-1,-0.1569613470856939
0.6906179921105583,1,2.0339586518540336
0.503785269650144,1,0.6666658774715288
0.7406477015987002,1,0.7820497863791185
0.7689779769521984,1,1.003708265910714
0.936520034710377,1,2.713099317805504
0.5757381609501793,1,4.011536951360322
0.8162530699412152,1,2.1403959011170826
0.49112263377716026,-1,-2.138192848177839
0.14454536157297762,-1,-4.857354534909135
0.14603842102586273,-1,-0.5497055585969437
0.3357443659810089,-1,-0.7124530075602373
0.15149777247180587,-1,-0.7286563507266245
0.49426297176304407,-1,-1.0301007277517849
0.8535001748263674,1,6.710252637740601
0.6055994245589795,-1,-0.6455188877142138
0.8194668766558098,1,3.714223302952848
0.5578143999857434,1,3.0018692220486436
0.5660361628872771,1,2.745994266311138
0.3398420568628783,-1,-4.178502116089226
0.018747602267636235,-1,-1.374198771395639
0.4394459400836162,-1,-1.5080733837145963
0.6361066066527481,1,3.533920457827162
0.6964790698535909,1,1.01606917071935
0.9702923059631446,1,1.0942494606408841
0.6782752237764784,1,4.27053159868082
0.5318085963752909,-1,-3.2204467072807956
0.24622829007446656,-1,-1.102451659272312
0.16469504710021368,-1,-2.3955435319304805
0.5984375016203857,1,4.790581826355487
0.5025343459861689,1,2.7402619208494645
0.9576766746906958,1,3.602674490795115
0.5907663422314063,1,3.383686304634603
0.7845345432514,1,5.4122496841704155
0.007523015516712357,-1,-1.62558004276576
0.7483719680816827,1,3.7165764559810635
0.9755882985298243,1,0.8129387251733355
0.7763892497397639,1,2.2412506543665067
0.8044802879659191,1,4.603132025479717
0.22197370863971896,-1,-0.0870948764759402
0.8327459933059135,1,6.195336295762827
0.12448846382487343,1,2.7852795995677697
0.49868930225186847,1,3.365075335698415
0.3846715281779921,-1,-0.9299419331224109
0.7330851657605455,1,0.8677326181225047
0.8134333871466699,1,1.7521967504971188
0.32611082745936765,-1,-0.637309985070735
0.4564269826206456,1,0.406342633957827
0.685696674873521,1,1.8761118761205489
0.6119682987696481,1,1.2659321455731152
0.9272453804695657,1,5.973491976515934
0.7722559771308,1,0.8672283290498819
0.5533612631408636,1,6.352440642459119
0.8532905792604913,-1,-0.6453786516851694
0.9608765791449604,1,6.587922277518931
0.40213965242360655,1,1.1009172655845865
0.26688960759626373,-1,-0.7321412059557596
0.6419060612709762,1,2.091421457230613
0.21059116249762166,-1,-1.2171232813789956
0.9395111444329309,-1,-1.414125220148085
0.3046827820116341,-1,-1.3874052480406713
0.1271956903724324,-1,-0.35208544602593145
0.3022860465957925,-1,-0.2932104664466493
0.7167669164569068,1,1.4143819168277634
0.750075153483135,1,2.022224128624311
0.7001813040924526,-1,-1.87886173757533
0.6787810980471671,-1,-2.231301470295728
0.7480173535091803,-1,-1.9530167581464475
0.7676499843132072,-1,-0.4972496968760027
0.24453078080603016,1,2.307643881619522
0.8154643866771741,1,2.0613416713678125
0.38117374465156645,-1,-0.12054403295976744
0.5016178502161257,-1,-0.006772597556949611
0.4284125586169811,-1,-2.933973085128498
0.4074076761414447,-1,-2.9822122683207515
0.8009172049505634,-1,-0.464549610683742
0.44458131728065564,-1,-0.4870820968338948
0.8215473850217466,-1,-1.5790704553335357
0.3578087408709368,-1,-2.0194815808987503
0.31947889505464067,-1,-1.7619212687696146
0.03540254588722076,-1,-2.134437417318559
0.6448320855046091,1,4.2619733856481705
0.4119268275257091,-1,-1.9455301435146206
0.36723892659647,-1,-0.1371565641387164
0.3148427013601462,-1,-1.7595466868540455
0.7128881705816226,1,5.268914851123631
0.7386286149093426,1,1.9610721524752113
0.5740016870000242,-1,-2.1795377889608036
0.06504624220270248,-1,-2.528966001591524
0.5290165075802821,-1,-2.903382651667055
0.8212054450913855,1,2.7437923480493414
0.38602977514641124,1,0.8613130909955609
0.058739756827882364,-1,-2.672252937488859
0.8309548215846675,1,1.5137781856207906
0.7191749190646498,1,2.4121097649815746
0.5571773184195282,1,4.792714259059604
0.2929351573699591,-1,-0.702100960707715
0.7513699313867499,1,2.6723209771967635
0.539592605212268,1,0.8747009295764694
0.4862578443399877,-1,-1.3203157502682814
0.736386465646668,1,6.22005167543034
0.1620384901363087,-1,-3.20775885490209
0.5604767022285444,1,4.568660260030516
0.25480490358167507,-1,-0.7783111602233976
0.3473969911581885,-1,-1.4515281653582142
0.6012526871553231,1,5.045365335468298
0.3821277318362005,-1,-0.6791458065963588
0.15034276410137354,-1,-1.0012857704603744
0.31040940460985006,-1,-1.5414549580592811
0.8021587946094221,1,5.8286561093847045
0.31255183486018595,1,3.2420218682587727
0.40604746330868896,-1,-0.17744400709951544
0.07145721896598131,-1,-1.30848541338128
0.7803999969208804,1,3.9905472053291517
0.4556809649842017,1,2.6973318126857917
0.0408049790482886,-1,-0.42816929491448663
0.049843271213194436,-1,-1.1707476468019526
0.4213597407955814,-1,-0.07375238104343547
0.6633921054895828,-1,-1.0865221971385781
0.543320054660639,1,5.714987055088667
0.6962143936062846,1,0.7236804799017558
0.8803073537404995,1,3.2009889835948417
0.5230461713563638,-1,-3.7145228044246767
0.09614049005713961,-1,-1.4061660588985774
0.5980767976651764,-1,-0.7561454442893742
0.9002631132934653,1,1.520146808482665
0.2280806484794158,1,6.195283505739667
0.6060284103883923,1,2.3677542096224418
0.2810137056610555,-1,-0.2748285707437832
0.18551488266690466,-1,-1.4904656353291232
0.46155299792384924,-1,-0.4191650264024376
0.07717051611208131,-1,-1.1033988964574373
0.8409103198552658,1,3.6645362142508526
0.40829178386092635,-1,-0.6447362882827818
0.5721525153019357,-1,-0.1441533256812669
0.012732525236144347,-1,-0.08975506143635797
0.9466015041481115,1,2.2728703210238033
0.40038636613371875,1,0.8194817758936348
0.25827197751078607,-1,-0.6390038670498336
0.5720176723921939,-1,-1.2412171912678578
0.8376120814139385,1,1.3236480965317121
0.08982167980253439,-1,-0.8115584513718257
0.8596617114200936,1,4.756024559204439
0.1598205937046647,-1,-1.6532055781807071
0.5072606794753244,1,1.8035450585261747
0.18814491633523103,-1,-1.3152605497547791
0.2604460195590613,1,1.0478541735818905
0.4142311735469611,-1,-2.3893751492784303
0.7321473454995002,1,2.0542797572083953
0.1378554592698328,-1,-0.2091242653919771
0.7512350517785126,1,0.9623270366159742
0.35610528351117254,1,2.730305651488192
0.8140261858784225,1,0.24717580496564914
0.40000621318396185,-1,-1.3895659924943329
0.4759334539142568,-1,-3.624194080682558
0.8781521038849868,1,3.5299690408860442
0.376924049024771,-1,-0.5624382292580337
0.16250483131793292,-1,-0.7457554977676369
0.34695123412885576,-1,-2.6700587648898
0.669329250569966,1,1.8544807133809833
0.8557203401828006,1,1.3149347502925277
0.9066122416546812,1,2.431263822482838
0.4890164672529207,-1,-0.7369543945203515
0.8739375379124883,1,0.5888412123099059
0.5408040214309693,-1,-0.6615321966080361
0.7368486097520532,1,2.2259999407888964
0.11419824429334029,-1,-1.4577358980859236
0.09513226226598795,-1,-1.1071296452427757
0.5102716807478168,1,1.7285942508848708
0.2979484735429953,-1,-1.562985538285827
0.7323987790302974,-1,-0.46073389340458903
0.5499965164816136,1,1.5820079040200308
0.9451825688778781,1,3.1107615655871235
0.45871572308021147,-1,-1.1899496906476599
0.1304072341794146,-1,-0.1056419744600384
0.6361785578446738,1,4.0799260487367235
0.7634383295939754,1,1.0334040472595736
0.31409084628887884,1,3.6524002868428553
0.2076739998876834,1,2.6357991518159802
0.40858702608456215,1,2.5548809470655365
0.03908901903243043,-1,-0.6418412911070714
0.43493349798176667,-1,-2.073146816948832
0.45606653806583497,-1,-3.3545511425352053
0.641013618719171,1,3.6290621741221267
0.8054903152652134,1,5.451739625894082
0.704391145335827,1,3.0901140404099974
0.8959367842505347,1,3.015053894657549
0.11922454272889875,-1,-1.1436848415753917
0.8413056919167043,1,3.4640692506896587
0.8195687737146402,1,1.2387239022198118
0.4967367238481504,1,9.982712837867005
0.6164868361015083,1,1.863294755379044
0.7678261221725063,1,3.8271292118265166
0.3595037139083845,1,4.2165031568821805
0.4509709827713278,-1,-0.8785546706015164
0.5160911326941594,1,10.237407373507475
0.627292046206195,1,1.629961383988178
0.6356511472478099,1,1.4638912703732327
0.49486869480426204,-1,-0.7519140609882919
0.519346623736699,-1,-2.1232999024533736
0.7110917260939461,1,3.427650342384
0.6082848552660445,1,5.0703764121132435
0.8052678627719342,1,1.304609100614132
0.3235485162914703,-1,-0.4286435478584253
0.7523446908123225,1,2.1574321736789828
0.7153714967954214,1,5.7324434387316625
0.2849409551902731,-1,-0.5438007680257855
0.7488333446605233,1,4.191833473796913
0.2634910098882531,-1,-2.456835640203712
0.6164221038973065,-1,-0.7387993284984316
0.2030527121503566,1,2.924552327916445
0.3709954514526625,-1,-0.7171905604739525
0.4916662060263904,-1,-3.233331723963551
0.7725130043026336,1,2.671675661623439
0.46786303525263107,1,2.4023098886849445
0.47145416453867034,1,3.0898899560254875
0.4849616005062136,-1,-2.28505335269609
0.5017687188333992,1,3.024254471415168
0.20366594912979846,-1,-0.3693863901502561
0.7674314766076666,1,4.637359404949158
0.6409067651014979,1,2.2112337760196854
0.2805831054733695,1,1.4302315326189274
0.5359613272243212,-1,-0.3870636583307915
0.7628391647741054,1,3.151088300576319
0.8431647078024473,1,1.1876504016500464
0.4984797785055032,-1,-1.402900427211496
0.6577374323011738,1,5.210845746234545
0.6012041293239265,1,1.9620408272175578
0.9173156853545512,1,0.19234534297444866
0.22099861058037656,-1,-0.180185472681655
0.9711551417396124,1,0.5756210581381918
0.7230498332232873,1,1.9471990152068268
0.14918307486234633,1,3.4356427782217023
0.11864677786815193,-1,-3.912983258195233
0.5916888114360724,1,6.749611292736879
0.21704307656203778,-1,-0.8905072978823092
0.3760929026066332,-1,-1.4886215959474272
0.1620327669383426,-1,-1.6922977676538187
0.7098041781689748,-1,-2.0888284044163066
0.48726410027856754,1,0.5088907685562366
0.855776929306158,1,3.808400637882203
0.48201002257945524,-1,-0.929112977633079
0.1468386990468633,-1,-1.3931735729627903
0.38908055966501065,1,0.9026886345879441
0.1904825997466506,-1,-0.7693989842674336
0.6056452887617714,1,2.316450655592844
0.2628633055904927,1,2.8004942040865295
0.7344320051351113,1,1.1919759807280632
0.23171801269552966,-1,-2.502500449809133
0.08323895317380156,-1,-0.3125453849232961
0.06833742735860114,-1,-1.4056065142956267
0.08593675678884677,-1,-0.08085815475250131
0.41166793034976823,-1,-1.7032023547866582
0.8037215766031146,1,2.002741371506908
0.8454101645918564,-1,-0.4476921971896812
0.4975318420667701,1,8.612761332395934
0.603840558883588,1,5.730943165402999
0.7805987227306552,1,2.652847978029691
0.8333654639519202,1,1.6730514754658383
0.15525126257025795,-1,-0.30933339878237454
0.4990603812368607,-1,-1.8340047863047308
0.2599394084148042,-1,-3.047584735344771
0.1939570983569556,1,0.29650840037957304
0.4106411855780544,-1,-1.1921597193651818
0.8833567238926906,1,1.4695061238720464
0.6479562366372731,1,3.49418720052807
0.7416979828078903,1,3.5479120956660672
0.8257045073681849,1,1.7958654702574695
0.799826033990763,1,0.5413182066605922
0.15983671638644936,-1,-0.17318061088918307
0.41902242861182704,1,3.577466683428706
0.4520189773721067,-1,-2.4026208529922735
0.35960352576960647,-1,-1.948059594647972
0.6392492325618642,1,0.890782445255203
0.5565926187318939,1,0.6946077298785271
0.5051300446890896,-1,-1.2963384910537126
0.24031926516852462,-1,-1.9122971253306136
0.6034297401840603,-1,-0.9760021494127042
0.5958128974589781,-1,-2.492126834644466
0.8008994678019049,1,3.242871782330476
0.19348532141393396,1,3.633993052305444
0.31750778098389715,-1,-0.1752182861448682
0.3261056504309164,-1,-3.0626492791356177
0.6481062050698795,1,0.7450478515715441
0.5742611305629646,1,2.3110246520201505
0.5385804239491272,-1,-2.370075759200723
0.8001088110988858,1,2.089514770977466
0.5138130521303613,-1,-2.3701576420755726
0.9776344782854425,1,1.2416310629719116
0.906154990293898,1,1.482517637322974
0.4942516224271609,1,1.060628721855114
0.7710050979864159,1,2.5667207801156695
0.7428383919917155,1,2.096043690291836
0.15869788493546072,-1,-0.14106484093497768
0.7454215470607921,1,1.2695730851524873
0.5145874011786193,1,1.899116180544159
0.38109820267919226,-1,-0.7109962225923842
0.8664017681770864,1,6.8628131200231355
0.7943814882808636,1,1.9290247218200323
0.6548468251233418,1,2.577169556730073
0.054204340983606616,-1,-2.8558833005520023
0.3268404778332668,-1,-1.064308003287799
0.37747499876339996,-1,-1.6441055145819727
0.7389651260520077,1,3.471602509573072
0.9224494703008588,1,0.912956350047768
0.783597784629272,1,1.1415458052436493
0.5391630544256469,-1,-0.5886250397113959
0.21454047211508687,-1,-0.45141924145811413
0.29369645829781477,1,3.3380686542046574
0.615980032478139,1,1.343781952789273
0.8874216645569238,-1,-1.4446859433483423
0.12924844971232718,-1,-0.46253912021183485
0.32070717154103145,-1,-1.1217016337999284
0.47948500603595334,-1,-0.674628174989131
0.2831630023444895,1,8.3044276350245
0.7664923154779809,1,2.7803028030739023
0.6512668386361556,1,1.3977696295367827
0.20675518722785097,-1,-2.3770194631531436
0.7731982998575683,1,2.031401732623775
0.48153423009324364,1,1.0190749357039939
0.8631863487129707,1,2.5536082518586065
0.8764426231149498,1,1.589209338193982
0.01230293898533093,-1,-0.13016710779230412
0.11195205870622083,-1,-0.5929395532549265
0.6779335025525045,1,1.9816418150721284
0.6872017800506307,1,0.9628720988462615
0.39108083723574516,-1,-0.5971487018488608
0.5170365912836768,1,2.7635850880801307
0.6387100708934461,1,2.404296720457661
0.024359638586465844,-1,-0.6237382737612349
0.19526350592726,-1,-1.1478478539078574
0.350716994365429,1,0.32815779513494253
0.2324624949743704,-1,-1.4608112273284863
0.5309831978576278,1,4.897519538073572
0.40257402354377114,-1,-2.2782297981719397
0.1657551931613883,-1,-0.1683310776213819
0.15029990572354823,1,1.1737563549315997
0.6348967947588203,1,3.699247307914466
0.1756412309572311,1,1.8802721491080627
0.8684507482776874,1,1.720998358102273
0.48758556500533046,-1,-1.9872390804317004
0.6837064753656426,1,0.6334350918145516
0.1350768942949156,-1,-1.9993397483496025
0.49291234260072486,-1,-2.8820352248140324
0.3943462086167609,1,3.1409208347488513
0.6523141892739477,1,0.7762241939486185
0.4444416389917687,-1,-3.0774277939138486
0.9732619649159663,1,1.0118827073633383
0.21538788606128953,-1,-0.062431008557067874
0.18459617070293596,-1,-4.041744102391802
0.19234559321291395,-1,-0.9191362751897907
0.6339039378054965,-1,-2.3431000088608958
0.3166841056888157,-1,-1.2832032912802773
0.8919801961407634,1,8.80089462402902
0.6245455499281796,1,2.2262660697165386
0.4987749777862672,1,3.198688900229765
0.1943367727998007,-1,-1.1702643824225154
0.7132019495633503,1,3.2816028947150113
0.6202041101187196,1,5.2477915428371995
0.1017354765366653,-1,-1.6310175438139423
0.8452350420750304,1,5.9427327498160505
0.5843847660219789,1,3.7192378173918037
0.4611433011451781,-1,-0.44545771657413413
0.6464419653216376,1,3.0468168379357667
0.707353523766465,-1,-0.967414012140461
0.8885881435622601,1,4.148696593269163
0.5860809308521296,-1,-0.5894068942422915
0.7961663131279852,1,1.2465396692166024
0.7316965791821752,-1,-6.017490641961474
0.7132593733122514,1,4.137906113730655
0.046803353406615615,-1,-2.814759693841032
0.48510629203215194,-1,-1.1707027748755736
0.9547997125240385,1,5.880196110891774
0.1429801490452389,-1,-0.9540762004258682
0.7520840779544522,1,2.971574162152837
0.6113266077799985,1,1.7702988361592067
0.47856224064310676,1,1.5402781406487212
0.683206761437715,1,1.4858693126058031
0.4899230035069598,-1,-0.24945462318589862
0.6276706016781319,1,3.0850159334518104
0.8575993735575019,1,1.3027465979726265
0.6626793517401669,-1,-2.9942657294090216
0.256466039877732,-1,-0.34773043725556335
0.3828878900766959,-1,-0.47597515713729943
0.670645370911302,1,2.4066285955095736
0.10591942255623639,-1,-4.547176756525637
0.8141882605995547,1,1.569376198747171
0.40881367109478567,1,1.0012431730902633
0.3783858187482859,-1,-0.2627072684503557
0.14406867208983165,-1,-1.0762431747902095
0.1229705866437035,1,4.815419777933372
0.8672259350615966,1,3.3243886933192828
0.3520490720748007,1,0.8345164556142135
0.8192103282465847,1,1.6486569598857388
0.023230877178566013,-1,-1.0804089710216553
0.24019937670138503,-1,-0.3831627744461272
0.7119826304980756,-1,-3.805147271864916
0.1627516543859081,-1,-0.13908363750567948
0.15468718310939786,-1,-1.269111014820764
0.16941709613541237,-1,-1.8756486487744164
0.23257338009815007,-1,-0.7248076199996973
0.11510367297231872,-1,-3.1290850776854944
0.18653292718923,-1,-0.806754976669479
0.5909602565408423,1,1.527513408996954
0.2677540888908556,-1,-2.0719355072978622
0.05274500732474515,-1,-3.210151288558968
0.4722469023220904,-1,-1.407685930195804
0.08294069781582021,-1,-0.07014862217080652
0.9858770402457079,1,4.37915592115934
0.5132687266403514,1,2.6181705268008906
0.6445032831977745,1,1.9222494953186757
0.33039674718739465,-1,-1.7326680940332102
0.2607036149543808,-1,-2.6535339874862576
0.49257641653819206,1,3.5272030411380793
0.48773174836583,-1,-0.4647601494135492
0.8171789549817825,-1,-2.0240902605702105
0.10253086704393427,-1,-1.0032451394707256
0.8827344643613015,1,2.06887272105648
0.28147631284914215,-1,-6.236524580695751
0.4644325744523773,1,0.9785396952059926
0.7987954935518209,1,2.6437920552314207
0.748281372226026,1,1.9076782595416022
0.6428369702461781,1,3.619186766128931
0.9471918336895927,1,1.1661950790291553
0.24477122954786928,-1,-0.5073354731049808
0.6913668275060476,1,2.5808836838369067
0.5723931477687463,-1,-2.2622481521632385
0.6039003952544342,1,0.8710482715998724
0.801588345055904,1,3.3740015230534808
0.3980256012126032,1,2.6873108244538453
0.7025407749453012,-1,-0.47930797370693795
0.42871207631237523,-1,-1.8351581717875778
0.15696054843260546,-1,-0.5652791990700661
0.1094436310520707,1,1.5862740868061438
0.3247277226841666,-1,-1.8226026402962714
0.8999551659297068,1,1.9301508050418077
0.855718094807722,1,2.2843310629122113
0.7467342233998493,1,4.113858310826252
0.9333802236983856,1,4.254807601809538
0.7862124672416345,1,0.9526081918385545
0.8025087210829488,1,2.929067189922931
0.19357765092573484,-1,-3.88452210808044
0.37578233711149883,-1,-1.0920242181141842
0.6355139865171396,1,6.064715757020518
0.6349890400318303,1,2.6805835612453555
0.5675793296980658,1,2.5408947438554366
0.5028033745798555,1,1.141375333353872
0.8345779583662222,1,8.625771720241188
0.7295876773491567,1,2.6528359403527086
0.857717800469707,1,5.696820788096517
0.5438054844532558,-1,-0.23613113662609977
0.39118754149670093,-1,-2.480713390203671
0.18709222078213533,-1,-0.38996812154744237
0.7043502790005108,1,1.0222805274001625
0.8726888554672192,-1,-0.25095906964374065
0.6314071848344964,1,4.911116525149751
0.3371322082704201,1,3.2808309747853786
0.17068055995298168,-1,-4.833561307924474
0.22087596945114496,-1,-2.3403890456172047
0.3505722061296415,-1,-1.0499098783375491
0.3573394062644126,-1,-1.1996008256714195
0.27699631387295937,-1,-3.3488058432495693
0.5006470395143481,1,0.4450531053792849
0.27875235063892595,-1,-0.4260060198599704
0.7143598740364138,1,3.281012480256706
0.31701634552805824,-1,-1.9812464823954035
0.3744511578752578,-1,-1.763299243968862
0.35801064408749644,1,2.783641357970432
0.4691644959189008,-1,-2.8923180252875405
0.31790592654686145,-1,-1.325109667033048
0.8821474375652505,-1,-0.9133071338689146
0.7564724842665945,1,2.9099026046295116
0.3725285958671588,-1,-2.221393644048164
0.9580939176867991,1,4.4232452953215855
0.3346908987060005,-1,-0.07501065147400762
0.33684276112508893,-1,-0.35637838257673593
0.3786989773321381,-1,-0.17152742924420583
0.3822807801985101,-1,-2.2745101041734266
0.24905739704374938,-1,-4.579713778707804
0.09266239626438764,-1,-1.025064173959766
0.9149922725981634,1,1.9125825725461203
0.3381835010772631,-1,-2.1458748429932624
0.7013311644643192,1,3.625270669687538
0.5600559211604639,-1,-1.3598355512231695
0.8933584958874636,1,4.323992323488496
0.3479932627277262,1,3.3666475008254326
0.8342975515011931,1,0.651438198769033
0.5141577447239344,-1,-1.1649319474115278
0.5765308843979857,-1,-3.583271951820717
0.43050882739669355,-1,-0.6944418684232716
0.06013169570562888,-1,-1.7755532870265376
0.24737077073898003,-1,-1.093368661651414
0.46984300350684766,-1,-2.6446560945864683
0.5615415952471423,-1,-0.6210638848983433
0.767644747208662,1,1.490036680309165
0.3533314201637903,1,1.6291925823441367
0.6469235183361026,-1,-1.2076235405620976
0.21249542228958096,-1,-3.1225678869855584
0.8422298615507217,1,0.5768092764155553
0.3494550636854081,-1,-0.6217286124734273
0.42251466990505526,-1,-2.988084276666621
0.2941425876380531,-1,-2.8476047080195426
0.15666992774843433,-1,-0.4038499190741379
0.40396185387639866,-1,-2.208544004396595
0.7033362606138345,1,1.7575888333676515
0.8701564744925572,1,2.2952459010016244
0.14009248925951395,-1,-1.023500891399512
0.7646493090543671,1,0.6083221258710102
0.3898255359777048,-1,-0.8030694211671139
0.5159107890865501,-1,-0.5904233461567278
0.8320814174339473,-1,-4.674525102964108
0.8024583190872325,1,3.857858757493788
0.2820685478967835,-1,-0.16632166143023638
0.828848247189427,1,1.153747585670527
0.3334830962918059,-1,-1.3169946687197884
0.9074071060774849,1,1.4584933324375895
0.019854559986318344,-1,-0.06390763223324236
0.5513064000645069,-1,-1.620707176784576
0.7881936580930569,1,3.6166411796001325
0.8112740853599822,1,1.059100598077166
0.07707379320838016,-1,-0.8452589982064892
0.2951185014285472,-1,-1.8430470326994088
0.601943334816412,1,1.1175819967259493
0.9046214266973056,1,6.16665994664648
0.41867917006400474,-1,-0.6193057150023251
0.6214166467870234,-1,-1.2862478162224606
0.8709759022988005,1,4.2434486087364025
0.3511537612096837,-1,-1.352865650613681
0.754012006889597,1,14.510636548525369
0.16790928875983757,1,4.793778867127507
0.9336396545009673,1,3.420575243163249
0.9768206230193895,1,2.184577871269465
0.39028636212004714,-1,-1.6565975058884563
0.6016246306869032,1,4.097020902517551
0.39541124645801135,-1,-1.3773506661161377
0.4697960530091139,-1,-0.4210130821805547
0.6987897719706399,-1,-2.003643406497136
0.8819403726270899,1,4.567287595774683
0.16281251677864333,-1,-0.25708849616361235
0.3042162151886043,-1,-0.4926838492227041
0.09631972501785432,-1,-2.0686942291544645
0.8284174010680551,1,2.5665848977409573
0.5240276922864503,-1,-0.9042834972218955
0.8406958540690298,1,2.9052616333029855
0.7884531203041005,1,1.0703480235490703
0.5169493575090408,-1,-1.5177663195296645
0.7674632384152927,1,1.3770074080559769
0.915844537750972,1,1.4357869956256653
0.7152248258218131,1,6.53506895753427
0.7409103692715375,1,2.6927412607183197
0.6627793366188068,1,1.8519563379637356
0.9744644128038374,1,8.126719825699784
0.09412299146752161,-1,-0.12365759562925904
0.7316085257946354,1,0.7722221307728605
0.3518334287999515,-1,-0.2939672761233703
0.47689758975598423,-1,-1.3740154634722923
0.05601435517790972,-1,-1.2655458331679943
0.7580913137326054,1,2.2134096389424758
0.7193075012350919,1,0.8867573847501453
0.9490969935485458,1,2.212831106183256
0.8283961801499621,1,1.31715524861808
0.8879507326920474,1,2.7442728460050194
0.7370346784585676,1,1.3320494302957475
0.859350748099063,1,5.661779467176053
0.831902101679783,-1,-1.6382299680309316
0.8304648311782745,1,2.291444262079373
0.6041763809794066,1,0.9594595088706325
0.7080167862712908,1,1.3532663823196298
0.7563538043687471,-1,-2.2658578222492003
0.26144600144548236,-1,-1.2613984239454785
0.40939134999241106,-1,-3.4216558802190007
0.2053696096756971,-1,-0.4764128777519571
0.21221178323801912,-1,-2.9047975334246297
0.04024547136809178,-1,-2.5631977482786206
0.762643175874529,1,2.5382346039452592
0.2740838271990487,-1,-3.84483847919872
0.1907411841731744,-1,-1.6440608513892057
0.2705486830912479,-1,-0.3378176992570092
0.6445584084031196,-1,-3.205601092861393
0.4180442063586609,1,3.971249072519305
0.2697846134474711,-1,-0.45945323675041355
0.6384479624084133,-1,-0.9084083191689794
0.9876908260376046,1,5.99564636543554
0.11932530846350159,-1,-3.3493024222151977
0.1686045176016524,-1,-0.7603075647356178
0.6419894901580555,1,2.7624925701833947
0.654653224892082,1,3.1090989505831845
0.39501437138334916,-1,-4.504761596324946
0.6933429789186983,1,4.09568904462672
0.8960184134778983,1,2.208084512920108
0.4179732401752576,1,0.5191897140002822
0.9306679924275311,1,1.8947672603453496
0.4933875948772846,1,4.320104248441166
0.49804959264091225,-1,-2.18626603584085
0.9345756993753059,1,4.098920578385346
0.22436953417415442,1,4.032019396633933
0.24599811199010255,-1,-3.1573596013938445
0.2212467249877384,1,7.5479205887722465
0.20797294424078788,-1,-0.489774158067962
0.08071225351265522,-1,-3.12280592062605
0.7456473682270373,1,2.079846854308958
0.03454767472375665,-1,-1.2241550296134107
0.7947598607179439,1,2.5743179131615106
0.8600263978244455,1,3.7906844163413527
0.624156414892821,1,3.549052029493221
0.37847248929102756,1,5.360193672486632
0.47675820037703204,-1,-1.550199288458542
0.5440254569837731,-1,-1.5351813426854723
0.923909543836099,1,4.907446761000625
0.4247794120412272,-1,-4.185054194225065
0.14556455199124924,-1,-0.24599317010810595
0.4135007832211865,-1,-0.8809194482585141
0.7431136475376829,1,2.588599926024574
0.605754517038898,1,0.9710448014589665
0.1459601093310777,-1,-5.497477989724924
0.14769435080724896,-1,-3.8313915388255064
0.33175977577202787,-1,-2.229283963889811
0.5667262806917152,1,2.609470908040972
0.8638912207059395,1,2.9076440257894443
0.15862037372382434,-1,-0.6180436404604301
0.2116030752520494,-1,-1.188914770701094
0.4060780690764603,-1,-0.24008583285792345
0.7401693850831322,-1,-2.509076615163218
0.9668424618526318,1,3.8667345396394643
0.5956158446143442,1,0.564107419528983
0.7525641812293623,1,1.834664877358958
0.4709988974403859,1,5.6510870820434915
0.6946753876244007,1,0.3357855787306109
0.9007722286317619,1,5.582433300186053
0.6431966377946019,1,2.581352824418455
0.6576922810186913,1,1.2435196666514958
0.2976100547767904,-1,-0.33306435957333586
0.1021795423479447,-1,-1.015075695110399
0.10175743106018685,-1,-3.9081473431560236
0.0979855042050661,-1,-0.5267820438571404
0.5331850653378404,-1,-1.6814612721382047
0.5322743054472879,-1,-1.5530481540173104
0.9320529128248873,1,2.6891119591575894
0.7151671512439763,1,4.826473825721175
0.12047491250369355,-1,-1.3251655183301332
0.5159028991377309,-1,-0.770904587003634
0.3716890943769119,-1,-2.008983071042683
0.44405691855548507,1,2.0375573502936737
0.839614060696792,1,0.7372310725457294
0.12413875961652801,-1,-0.2219259202820806
0.0898148609022265,-1,-2.511777661616864
0.8260677171869659,1,2.5679361581869546
0.5829010116399879,-1,-1.2558999533115456
0.4315569356171378,1,4.321558497143486
0.7276804208866186,1,4.822238054945358
0.2659017459572877,-1,-0.5474775577319875
0.38805632149365726,-1,-0.279939330329298
0.7226712524405965,1,5.0498761683638165
0.6452879563964256,1,9.425487803310055
0.5831898790762474,-1,-0.15020936657262554
0.8028362830995126,-1,-1.8645228840110886
0.4925224462150887,-1,-6.6325804158281345
0.4480791103418621,1,1.6783015906672905
0.8742927005652943,1,5.008617928471682
0.35695642795044497,-1,-0.6894261062337462
0.0910495949967442,-1,-0.8709799394926914
0.3419380969887327,-1,-0.9456647774770663
0.834943558323724,1,3.972523501882183
0.30631841247955394,-1,-2.8541487056581887
0.8946509666595194,1,0.31004896647220215
0.11998674707490284,-1,-3.38617157394428
0.33974221420980294,-1,-1.7712572708912617
0.5765570004314248,1,4.041703569202536
0.589153173709576,1,4.089636722035268
0.49773949195184386,-1,-0.1378374397438625
0.8969956949197778,1,2.1166805688882557
0.5336700826193953,-1,-0.690155305398705
0.5102078573095352,1,2.71043416523669
0.39465906723418803,-1,-2.2336859013199892
0.4689824386491396,-1,-1.1481375151677538
0.25306140726120496,-1,-1.0275441904431901
0.6183973953347478,-1,-0.39571881852738744
0.5544415771011162,1,0.5314706018349681
0.6562916729402258,1,1.619081730356263
0.7261451542556576,1,0.9127631951731825
0.10087430620051713,-1,-2.7470582752666224
0.9736050042613542,1,4.982482446191697
0.22043921591769464,-1,-0.8465548775922291
0.256141547609927,-1,-0.6052001177106223
0.32641594383716,-1,-1.664688755793723
0.29649240782151026,-1,-0.26722248809438737
0.42715815312184463,1,4.690795826439465
0.800444300931474,1,2.3424958088326617
0.22475359640368398,-1,-0.7869251520460152
0.6854042573290225,-1,-1.8638848508422117
0.13823075543986965,-1,-0.6648017817200765
0.5324484055580191,-1,-0.4612238574732673
0.9376698537842494,1,3.4456266711705386
0.8909010244554224,1,2.207948318504726
0.11145753657304709,-1,-1.4134321318926253
0.1226997634475656,-1,-1.578706516428687
0.8335611603099057,1,6.15460588366104
0.8979754183159334,1,5.289172787571257
0.2819559031342147,-1,-0.9022598932142776
0.21200230065504047,-1,-1.8062855294499667
0.5402859623755776,1,2.472469536094825
0.7391029532737913,1,4.540634849407683
0.46105291805054205,1,4.698486845145319
0.6248814041674796,1,3.072716031593324
0.9574689758466705,1,2.873190858171087
0.394508625572888,-1,-1.7538280464575613
0.5426456912603412,-1,-1.2421461095943016
0.7323483262503367,1,2.4093844463196334
0.685319815768043,1,1.638244502397149
0.8113800844549262,1,6.551937917439426
0.19695011803220283,-1,-0.8471744690733025
0.2557355745969251,-1,-0.21881621253328293
0.8406967967740918,1,0.32780232110560775
0.4203495269428983,-1,-1.3916981320828457
0.6310904088879555,-1,-0.2948267725140244
0.2580705596257965,-1,-0.2267527998513475
0.2870038110290108,-1,-1.160303121434624
0.5383278187015232,-1,-0.523105003673519
0.4074195315546028,1,1.270108363231321
0.07000008501140653,-1,-4.383073540531759
0.9762229724664336,1,1.0988902771578946
0.16378537276726107,-1,-0.18478605831424152
0.752786768674027,1,3.9032989296653993
0.2906337526689023,-1,-0.5073332197498285
0.8371666687701023,1,1.566335568812636
0.4058381135874307,-1,-1.840867453044694
0.8656818839970171,1,2.8936701158825957
0.8981737605258239,1,4.060468932523834
0.5874698526380834,-1,-0.3785086140626393
0.6991029967183335,-1,-1.8588623275325218
0.7836679819982925,1,0.8250277512480988
0.32128814419811785,-1,-2.338141947246818
0.5011653507745856,1,1.6893332746287308
0.6580961255528057,1,4.7889585591536905
0.5171344686971494,1,3.9724175791708265
0.5107039939514091,1,3.717236696190332
0.26181310218404885,-1,-0.40705212673231606
0.3985343892412119,-1,-0.6344731565868332
0.09214504981778608,-1,-4.800849510913548
0.9348841532082128,1,2.143419512942885
0.24428194678031226,-1,-1.953731817298276
0.8063756469007295,1,2.0950675700496126
0.8566960414377949,1,2.4646215340161604
0.7601332932498319,1,5.863217734293801
0.7271127547308744,1,2.2344729246807606
0.34455191134417923,-1,-1.4724057319912822
0.6757999906787993,-1,-1.6585694079750526
0.5360625558459449,1,2.9919223846998158
0.35930527875422785,-1,-1.2150691502587199
0.43101531312602176,-1,-0.2792357032092658
0.7264192894103603,1,2.247916633881858
0.8237916697086397,1,0.8900052539845683
0.6121068355866524,-1,-1.4559969035598028
0.2529196428853571,-1,-4.2910208574321365
0.5701769553031516,-1,-1.490426862501998
0.18099997591065048,-1,-1.324581087678945
0.6635175864137421,1,2.12796622510377
0.3955560688146347,1,9.567704512706905
0.5011181256275866,1,1.6961832355693507
0.6491637532145554,-1,-1.3112616749810508
0.3101418106445024,-1,-1.2297431423801843
0.4708465842833489,-1,-0.21619105046048404
0.8894347446675924,1,0.69378811108682
0.6368078254916177,1,1.2371024418079783
0.36476607126071453,-1,-2.1516072550970575
0.2722030908115785,-1,-0.32818505107039364
0.22856376432389333,-1,-0.6616129110485096
0.42511862371775,-1,-0.6123426005966731
0.7276752596907484,1,1.5703134467760542
0.256346650437202,-1,-0.16591843642954873
0.21441723116365718,-1,-1.9577183467808474
0.4952436488704855,-1,-0.516534829146605
0.9415000821198439,1,3.4245177970258807
0.3859908343878293,1,2.823298677938954
0.8184690722478217,1,1.5776207488365785
0.5567485867215516,1,2.4639453759142853
0.5421171275944088,-1,-2.253546685932711
0.7924162135177112,1,2.3097555545872126
0.09659264836959126,-1,-3.0002092669679215
0.6028334613868626,-1,-1.1005380082148197
0.30328778754195185,-1,-0.6267471896887666
0.842297213470431,1,3.2110516169035526
0.6835852626189173,1,0.6387683614476196
0.6736775068650325,1,4.95256916191851
0.31253965656088295,-1,-0.881522562710986
0.31177660464684437,-1,-3.568708269485342
0.878868363608981,1,7.218372960886647
0.8511034283741941,1,2.643529210895009
0.7933971524782699,1,2.788077565468792
0.40188701114953307,-1,-2.7172811167307365
0.6173351394664233,-1,-0.4471449784379218
0.08109887873420822,-1,-2.43579220334549
0.07813174320129022,-1,-1.2037090392645744
0.5152626343635744,-1,-1.3875493616162433
0.7012476381506962,-1,-2.5804944286298337
0.5005905540262153,-1,-1.4322450480229085
0.5365921799185667,-1,-1.405775880049903
0.6121433619841634,1,0.4163012713498855
0.2225768221731584,-1,-2.6438520470650726
0.5475236267015634,1,0.5486934036094835
0.06015159640744301,-1,-2.149303249004325
0.4549516405787119,1,2.00000900589961
0.8197483876038685,1,3.4908567761529756
0.26647368972397945,1,2.4102350148449956
0.5977674982182902,-1,-1.0194296089560961
0.15875389351966862,-1,-0.6418545518846205
0.54870355850216,-1,-4.088619949704394
0.3305249645910457,-1,-0.5155374488711417
0.7878761405324352,1,1.4927778771346027
0.7406016487223868,1,5.605219284065512
0.6219672442516715,1,2.1082828105471005
0.548552654673204,1,3.678017949179008
0.6878666257417534,1,3.6919464138626843
0.8983589416668918,1,1.3699744040445778
0.7539578188526784,-1,-4.282714018268126
0.3541208747404449,1,1.5684616698081193
0.9395433691462597,1,5.689629936528226
0.4989000338977913,-1,-0.49033892299339543
0.17416394121763495,-1,-2.938759493619724
0.38491278669322165,1,8.269894757453688
0.6788244206253214,-1,-1.4708982054805781
0.11134352322758603,-1,-0.7718140905105413
0.39131512781332173,-1,-1.4362616446407932
0.10881994939586989,-1,-1.549957410800661
0.13463311529221877,-1,-0.14753672078945576
0.20881578287306699,-1,-2.684728516799946
0.17252006510823115,-1,-1.78441643829461
0.6942867170114994,1,0.34699136492910154
0.1804245157348914,-1,-2.3884112655649328
0.507015590761497,-1,-1.848662269396327
0.5671238395303779,-1,-1.799908780629325
0.6362876574451242,1,3.144399130355917
0.4364308340373364,-1,-2.8648690530302527
0.1434314969899161,-1,-0.6140456060028875
0.3642757268066147,-1,-1.5239411738199076
0.11243907907252403,-1,-1.837415770063679
0.8310361095271712,1,0.7411134933693091
0.5881967340895505,-1,-1.9499184009373542
0.6218099385710177,1,7.107804684575582
0.40014977590801426,-1,-0.4386769350702303
0.3171263120952705,-1,-2.44990956997563
0.8428594434467992,1,4.457182570281431
0.4835995017403423,1,1.691168682655474
0.638242011144377,1,2.141802964991861
0.8319844053678672,1,1.8063097131802581
0.24672569782813888,-1,-0.8188696145999651
0.5150087580892596,1,7.779627465531437
0.15764586072922548,-1,-1.5429548201873693
0.6146737084767083,-1,-1.3986942946714385
0.4966103002349044,-1,-3.818901536797762
0.7590680706252572,1,0.46097131055318064
0.12482634786091196,-1,-0.420272719689734
0.33341920920318574,1,4.4321360867694
0.6021031367550174,1,1.735595952517828
0.7028785728539206,1,5.626299237497862
0.32451161013854196,-1,-2.167875585084299
0.0859969996624348,-1,-2.2384273611178767
0.8850019551354908,-1,-2.3214063613721887
0.4734987679223473,-1,-0.961993128868771
0.8260276015691469,1,2.4727967397372907
0.7247471326636014,1,2.2789909376364736
0.6353733018615003,1,4.555789369329431
0.611208301541183,-1,-0.6078165082908322
0.9565557813687312,1,1.9325878415741617
0.5503404861964237,1,2.781775161628501
0.35546713543790925,1,2.436856321467248
0.8028263384780566,1,2.14922839542369
0.44754038077825464,-1,-1.2361190171211367
0.2280112797883012,-1,-0.6080604585376652
0.8831487207512156,1,5.06943991747402
0.1919995587302971,-1,-1.5428054333762644
0.2939656968703131,-1,-0.45244111461167114
0.5688956025035173,-1,-1.5910052524176614
0.1464901461899536,-1,-0.5720358172541989
0.6823364544054438,1,3.6711212551148495
0.9774744450988614,1,2.454662029617758
0.08923220791610885,1,9.259066029695989
0.8804956765133285,1,1.689126679107411
0.8155020781167375,1,0.3000627550985644
0.4988715599145798,1,3.218016082320517
0.9225585646141831,1,2.344489114789418
0.24658450251694605,-1,-1.149954263909196
0.2698140112572315,-1,-1.6151141284098594
0.7426574710858015,1,5.784622576471513
0.39740917268065257,-1,-4.026767426216745
0.7270940273195645,1,2.3563181868584677
0.9673224264660736,1,3.633931484760724
0.7096134449180793,1,6.172360432592108
0.8495442381459283,1,4.277878607436041
0.5293618347538664,-1,-2.9754061476939966
0.5153302019967084,-1,-3.696721223832843
0.6189316157066687,1,7.188446855301625
0.4750735062903088,1,5.098815348163275
0.7147647035651836,-1,-3.378266837167217
0.6236448833133058,1,2.509521317656918
0.5996145620481002,-1,-3.106769317434917
0.1093772223193818,-1,-2.8547738188984066
0.8974245263125046,1,5.144253546697607
0.7763138754069882,1,1.9932933777042752
0.5944536012893986,1,2.2260809997463764
0.27487715913037203,-1,-3.5719650487756693
0.2647056927528089,1,3.2561545134998426
0.5981560920016775,1,0.9833800556091885
0.9277017304791263,1,1.2940690354594828
0.23603262204293818,1,12.28085447162335
0.09275133360187085,-1,-3.5395182478226266
0.07141467364438892,-1,-0.9341722793557576
0.2867706722156359,-1,-0.626919295284429
0.38910708641108566,1,0.49650446267869175
0.7128876485744025,-1,-1.0122235711253325
0.12481469618001328,-1,-2.605393251168774
0.4754627461721251,1,1.1332641659857967
0.6768859123893899,1,1.9479039650889547
0.3171031410594912,-1,-1.6614996721581956
0.7317112195305389,-1,-2.4037877194731916
0.3440980265909431,-1,-1.7415004494992459
0.9612892732138317,1,0.5772172944577986
0.503963495851901,-1,-1.7765832377321937
0.5421444256733975,1,2.902504808757348
0.027140941233483644,-1,-1.5998865165235405
0.5631794933410302,-1,-3.54681292919311
0.7404872902538675,1,2.4724672767711224
0.9803164181343226,1,3.476175795104617
0.08572513279426924,-1,-0.8200378730672978
0.7812031739161638,1,2.6954364549364347
0.46616509826694236,-1,-2.0938271389778844
0.3268716321467525,-1,-1.1256115949141992
0.7369187799815645,1,0.9097371149917567
0.6325327027242017,-1,-1.4267336443032408
0.6361110303275079,-1,-0.19616760690438517
0.8675558054698416,1,4.643713502063667
0.08339548671023385,-1,-2.567345928333767
0.23514087798931374,-1,-3.7449661654139135
0.6143662202493214,1,3.829127784534966
0.019865543679529408,-1,-0.5328769612595367
0.09592558250472977,-1,-3.0803867705523555
0.1837833704500778,-1,-1.3609336865574573
0.4395736135715265,-1,-0.5157314843559128
0.14903544901935195,-1,-1.5361261827042156
0.5398320875422572,-1,-0.6260291301269717
0.29032197055377884,-1,-1.2755534640382864
0.2878965566091846,-1,-0.10836865267009703
0.4067443034072279,1,1.4759276140784587
0.19445440677811243,-1,-1.8355376357192417
0.13509080708419946,-1,-1.6721037047602956
0.7290346173514006,1,3.8168092588566918
0.7559167353159503,1,0.7502598601859034
0.6221956150167506,1,1.1221776588634458
0.3750947485730056,-1,-0.24858373402185072
0.7688816793538981,-1,-0.3032981713831562
0.6234756386650218,-1,-1.0762815273670465
0.521912080150066,-1,-1.4541229369894504
0.2676567844263576,-1,-0.3541254578025698
0.8221655776364429,1,4.665090864266215
0.43458575963514995,-1,-0.24313388110897582
0.9311151904372577,1,2.7639912999402068
0.7217015685421451,1,3.7455433046508118
0.049643665877284575,-1,-2.8203414006628096
0.05766825307485921,-1,-0.0923738923451212
0.20003602174728882,-1,-2.822670671830899
0.9237418691419219,1,0.5461456161940205
0.833162888598239,1,3.3688330121584658
0.23975143521713607,-1,-1.86734175717479
0.27762820263183696,-1,-1.118817500545663
0.10443906563505737,-1,-1.0813850538222598
0.3178385366959001,-1,-0.5787795349619675
0.17916943796758555,-1,-0.08017339610726472
0.3738322148031886,1,1.6256429565257577
0.811848519592425,1,4.356770094566045
0.8055707129169098,1,2.679969527126114
0.9288292949819486,1,2.4438483993242768
0.698447700707592,1,5.809952021716073
0.7304687683846499,1,0.8957665011412533
0.8889840621733599,1,6.735865097714715
0.4584069097922927,1,2.5347691371080154
0.4835493253679064,1,0.5268960230912441
0.5739894979683318,1,2.9008618252399345
0.3224122784247493,-1,-0.9938368925956088
0.7159928893208463,1,1.9478127014007596
0.16356930395819985,-1,-0.6406689889242777
0.2781374167257504,-1,-0.9114398406404702
0.9141265185259156,1,1.2032041648315874
0.4942249709015042,1,4.2662557881252265
0.274426632536888,-1,-0.998705195912328
0.4469295261664197,-1,-0.7840565636593844
0.16868944914339196,-1,-2.4702361375860953
0.6939814325199796,-1,-1.190159270987205
0.045700607395193674,-1,-1.9962223003577337
0.6931391392390319,-1,-1.5673713582850317
0.5297934682462508,1,2.5028338762726787
0.8517147792980523,1,8.13311327966764
0.8353753093168048,1,1.3672050179665733
0.7146351203943525,1,0.4405275874648515
0.40923109665515295,1,0.8391670389727601
0.5603239509018609,1,2.62529257542767
0.7863356746317207,1,1.876564055430895
0.4896671994602477,-1,-0.2700754333259073
0.41885725843317323,1,2.860757713973681
0.04980715638143816,-1,-0.48441781041721366
0.9491615552311894,1,3.2400615002586273
0.5261675012216185,1,1.8837933881719109
0.3249164953766194,-1,-0.42504202998394647
0.1978889949813001,-1,-0.45616013127382926
0.3875997137772056,-1,-1.6001583386891411
0.541670370961832,1,1.4493796650572228
0.2712504480171827,-1,-1.5017719496516442
0.8923060533634077,1,3.6536644029748206
0.44763456865767415,1,2.557426272564852
0.6407817913273249,1,4.48096208769851
0.14439164792571163,-1,-2.434918860811654
0.8266495271387594,1,1.756766615349644
0.2740058711546017,1,4.591731919601707
0.3002883483051084,-1,-2.0297657481556666
0.4478255900226715,1,3.0485869630504054
0.7865085485886824,1,0.5645702167781977
0.32226010696755814,-1,-1.1508096990161927
0.4099496874492087,-1,-1.1139036881627624
0.609591987016271,1,5.678818373666633
0.9240924011865708,1,6.4675729657283485
0.4357393372750788,-1,-2.612504395022976
0.8953383830247501,1,3.2453842224341605
0.8629090527041338,1,2.452570426303035
0.398111508040066,-1,-0.7148554904573093
0.8935428171469048,1,0.6364358844657001
0.3785530325444701,-1,-3.4332565780993676
0.3201934403146364,-1,-0.4409588253169685
0.7815182473185024,1,4.031490339622679
0.9144976302594003,1,3.522085060825623
0.6177175750891217,1,1.842594771448174
0.7720011866322408,1,1.5509156302989995
0.36000065914778806,-1,-1.378068994661207
0.7467093722639445,1,1.39824464412063
0.845258712082384,1,2.539172607020655
0.15447923355610738,-1,-1.440940082840714
0.8422905975459001,1,2.7841036346354744
0.6224616807833174,1,2.8671864100553472
0.5325845137673633,1,4.259637066703514
0.473953763820084,-1,-0.7630395422910865
0.5813408307913922,1,5.275357973763136
0.5610511113692592,-1,-1.0740665583985933
0.7013842168137091,1,5.433344259948695
0.23556750787106334,1,2.685727982114982
0.8757118203506924,1,6.252886374715668
0.5968805065748847,1,2.3134307183184246
0.7914071685528579,1,5.965936449195768
0.48665141990623306,-1,-2.499273971714623
0.4259944856547201,1,4.06821056938737
0.9676789148324729,1,1.0369143971134995
0.48986846224663216,-1,-0.6025745509714183
0.7838509196496648,1,0.32071314983615884
0.4770215685126291,-1,-2.224314208903098
0.7529269794777667,1,2.6852090568908666
0.5091498078745614,-1,-0.7835437724131732
0.9847667002006725,1,3.928251482149184
0.6331487422525899,1,2.4261676632019595
0.4026012377874283,-1,-4.402403445164625
0.29708638265959114,1,2.355786900126503
0.6426410475153767,-1,-1.3150599152417901
0.635292547843125,-1,-1.0310268713869293
0.21371496739273768,-1,-1.2883105045526542
0.5847021793919523,1,3.624163846960837
0.6030763581723284,-1,-2.4818831125504572
0.6340386284676542,-1,-1.0429740961129241
0.6453436827610703,1,2.3050076879311807
0.7624999436274129,1,7.088660408036212
0.17373071011997218,1,2.266699426520786
0.2645471103539931,-1,-1.6212217555556998
0.6345333954330831,-1,-0.7434367889573291
0.8604708065885387,1,0.9968863343397014
0.6788851904487753,1,2.8304519730671345
0.7477666757536263,1,0.8413343018949877
0.15950922533771605,-1,-0.5606973188397539
0.12846666372255092,-1,-1.4508820682810841
0.5472514184143622,1,1.6844088666374766
0.6469604477662464,1,3.1068410588359314
0.08324042637059641,-1,-0.4375138253498999
0.33840648501500836,-1,-0.5784311011114804
0.5051539201316226,1,1.9817257557082764
0.4282348732048098,-1,-1.7422730708146232
0.6604429480698174,-1,-0.11783587756180423
0.5036510876013932,1,4.430205909349532
0.20362515237961976,-1,-2.453689427938672
0.28662293183050264,-1,-1.8409666376937894
0.7384777731100549,-1,-3.2365536500039913
0.19900666033186062,-1,-1.258991442506421
0.9056999063425253,1,2.3758564238300273
0.8169034944178661,1,2.7053033876734713
0.7722380680297776,1,3.099234915310702
0.08797271005766373,-1,-0.4493391334653513
0.42339260092638187,-1,-1.8330402141979962
0.26090063881189757,-1,-1.2196172261984841
0.321717881231324,-1,-2.6044790013123675
0.3608704135473408,-1,-3.3888712261787384
0.6100147857747173,1,7.637635263783513
0.36759235531386497,1,4.989688991576627
0.44586683632868246,-1,-3.076165984617352
0.34934666831007194,-1,-0.8447837437275559
0.9298917701010254,1,2.273709505139847
0.8742637691834159,1,1.710978785594845
0.915929368420962,1,2.1176426710553145
0.7095801274284328,-1,-0.0791691126907872
0.7741211656499557,1,1.2279207636386413
0.16892968488522767,-1,-1.9482947037152654
0.6313531860146,1,4.851393366279645
0.133998810144383,-1,-1.3795178773050676
0.3202798285100445,-1,-1.5601556171468944
0.22561572311743666,1,1.2386844169939288
0.7505404984964625,1,3.1678670769290003
0.6308590431655593,1,1.0187479085948874
0.2059219943896886,-1,-0.3074817850974303
0.2735417595292855,-1,-0.24673515344948305
0.2995370667621661,-1,-0.4431810795024531
0.8905238862844621,-1,-2.0504421943703366
0.47667180967047834,-1,-0.5673575720989479
0.7394794707977833,1,1.6777424594557262
0.4075189343491931,-1,-2.0223741353453133
0.7906425143258746,1,1.430146211866584
0.6645412530398528,1,3.804951666479022
0.22220986440560855,-1,-1.1150651880203113
0.2721892160560466,-1,-0.547507637547213
0.1356210841019136,-1,-1.4110749700485676
0.7884365021927866,1,0.640832987758226
0.0894544930756702,-1,-0.6445744982499463
0.8096602277543973,1,2.3976614418389643
0.2737549711719475,-1,-0.6200963780116828
0.6522167427687579,1,3.281782616844896
0.12974611091971222,-1,-0.9964253735576539
0.6448435317075852,1,3.4963365809998765
0.7915444311512849,1,1.825285028245315
0.193044249541734,-1,-1.3233076455505972
0.850976494623486,1,6.805551654409988
0.8149704045342421,1,1.295153158037419
0.835354241807452,1,2.304851524031003
0.15840323393226513,-1,-2.1028930538438253
0.7047890757482274,1,1.9570220589487193
0.16989353519940792,-1,-1.392632521176609
0.4623565018483092,1,5.011088962442361
0.1747560189391061,1,2.085776265850627
0.5923620098903731,1,3.6007101941979403
0.9081035866664444,1,3.8714770215369896
0.11039057088930837,-1,-0.9140648638853062
0.17957538352198485,-1,-0.7216390615645217
0.8662664581781307,1,0.7643223362697112
0.3991336098948032,-1,-0.5375468055764101
0.5474858639571509,-1,-0.8797713716264475
0.12341681258515164,-1,-1.4700892709443283
0.06957872330623986,-1,-1.0709191982999295
0.7582019940820826,1,2.2628887811485234
0.410573618563364,-1,-1.1585149602114948
0.5771735923271148,1,1.3845698419497101
0.7580497138278913,-1,-2.611815375413752
0.2065026466630335,-1,-0.16944863984030628
0.41364387734227936,-1,-0.48718608955850856
0.1761094143962268,-1,-2.363276585413609
0.7269984820010161,1,0.6351010674102314
0.17548477589495468,1,1.2846878277386882
0.8595842007661362,1,3.918632997159253
0.2763457986076461,-1,-0.9149816841704844
0.3120073410831274,-1,-1.5256996337046704
0.3441564414640394,-1,-1.2279140819456262
0.59716438517839,1,4.485712267436396
0.9278648275984609,1,2.9232345040900176
0.6207448162404274,1,1.341764833044279
0.6989327161746401,1,4.46506634899518
0.7207580949431729,1,6.417208773303302
0.3663011825929758,-1,-1.1709515465002582
0.3348379140137607,-1,-5.109608210479746
0.6074083398196939,1,6.918809302610377
0.5720775956988398,-1,-2.004748574124769
0.6958656885019969,1,3.340018226941633
0.6587988175088327,1,3.6724283256337094
0.46111101056470466,-1,-0.7248495441141263
0.6306284162317781,1,3.5194547507816214
0.20329522309408904,-1,-0.752796976725793
0.8525440482890577,1,1.6891862468530265
0.9068381533900631,1,10.078830544288301
0.19780900553451988,-1,-2.9436241996987134
0.5234383056555518,-1,-0.8033269004320316
0.8737148763777873,1,3.268359997143459
0.2262099578311696,-1,-1.2228958984322305
0.21278416519205312,-1,-2.194768956127852
0.7331625510955372,-1,-2.766090230026568
0.05249310098843321,-1,-4.120068862795409
0.6818810564068721,1,0.6464432761131873
0.7917726053950687,1,2.3432195793570783
0.5500462694314947,1,0.6200663121005576
0.7358398533066718,-1,-0.7700681701419737
0.2721893533871198,-1,-0.07699130637099261
0.8556993752272587,1,2.6228578041571486
0.17719384516828302,-1,-1.1850377311379883
0.891227145937226,1,1.9055472992356022
0.16993321475425413,-1,-1.5476642491698116
0.4211672668061458,-1,-1.201700259812352
0.8551914459929665,1,4.224024219935944
0.6702247364186558,1,1.8071447957267148
0.8337582622755575,1,2.596745381491989
0.45505719552882423,1,4.809943274775815
0.20847881843119906,-1,-0.1368823447939991
0.8920246663733958,1,5.729656846946305
0.4742107732595501,-1,-0.6499500094035987
0.6287303709431165,1,0.562129643452667
0.2810827671080261,1,1.7250003462619063
0.44299883241119253,-1,-1.7257298634677622
0.40509107886314294,-1,-1.9666060438234754
0.9263860539960742,1,2.637088629742747
0.4024855752919918,-1,-5.96102042706272
0.29609840440555996,-1,-3.2572411137214665
0.31392447577672294,-1,-0.08950920641745116
0.3986331092111167,-1,-1.569278558630503
0.5154745139804396,-1,-1.6416270528712946
0.5537083095201262,1,0.8058998374583286
0.7211866829274878,1,2.8297205982640588
0.4244841686746832,1,4.629353198451331
0.5237603508829973,-1,-0.8384948222817454
0.5531394124391129,-1,-2.1937408775188145
0.8837999794429472,1,6.502742888529288
0.036998622991866764,-1,-0.5677729391772046
0.94021454310794,1,2.375969763058337
0.5356027034012082,1,2.0588817771531174
0.5629959730844023,1,8.431673132530301
0.8548143947923875,1,1.9716203056591737
0.18281213084190862,-1,-1.2407527783741383
0.8575114518199538,1,3.11640393801106
0.8518018500303597,-1,-1.1777161227385604
0.3855181121596117,-1,-3.757113608372566
0.09572280903448137,-1,-1.6338400877538313
0.6872645539558545,-1,-2.0490651426190327
0.9487492425993433,1,2.174632347568238
0.5152826106202754,1,2.604126120920048
0.0756305792212242,-1,-3.3406808581118734
0.20467316215147852,1,1.8258127719511754
0.5683843084737444,1,1.9963537704179632
0.9741268512851715,1,4.863354381193695
0.13556604198212022,-1,-1.0149387354725186
0.049780460816469405,-1,-0.03200473873736877
0.6458299337920171,-1,-2.1764606942203906
0.22255700077693252,1,3.434387609885459
0.07874808237518646,-1,-1.0415939509579561
0.13899616837425055,-1,-1.311356156488763
0.6351876234709045,1,6.135170703257092
0.8478853003259341,1,1.8662453196675024
0.3736812968002486,-1,-0.9308163302775113
0.8981722229259168,1,4.354916857803392
0.9178154479399968,-1,-0.8350706082245836
0.6277693669944937,1,0.978236345579411
0.5776209365228544,1,4.775256357173233
0.6284395191945744,1,5.490250895267577
0.3764829732352589,-1,-0.5363284883786946
0.6949545351560726,-1,-0.9112425441540927
0.31654633010522154,-1,-2.6033345865600297
0.8157831621793595,1,1.1447995684243206
0.028481078489359175,-1,-1.249397842587895
0.36418044919829134,-1,-1.2997222404349371
0.22127549496178647,1,3.939095217831958
0.8614192797400825,1,1.5569190596055846
0.5000248994339656,1,1.560540192719989
0.24454605560509077,-1,-0.30124346241704125
0.7425157696985407,1,7.874733595304269
0.7955314379099379,1,2.7950081836101113
0.560330564768248,1,1.7175416274800444
0.6195599661270574,1,0.11300407973572484
0.8615464760199267,1,5.783885864853332
0.31972995293682344,-1,-4.4409116426427095
0.9119403541346542,1,4.489924666143066
0.718062599338935,1,3.6603670014586718
0.5854983977567548,1,0.8828692432222256
0.2130604911853077,-1,-1.0799798130178273
0.18468367303669897,1,2.3697825987882877
0.4739670562358792,-1,-0.6618680100625043
0.40519815514018154,-1,-3.0036918514292585
0.15854962237679698,-1,-4.487140820329597
0.88828859822494,1,4.421923680485872
0.6582564354300227,1,3.4959671223062165
0.5150373207705558,-1,-5.6178399779361445
0.8376439883637112,1,1.8093833467109341
0.3075248479882795,-1,-1.7460673791775292
0.4447852368280538,-1,-2.060045129646589
0.828217954749303,1,2.1009549635338685
0.8964661758646945,1,8.390246152876436
0.42889921352677096,-1,-0.9943157443925679
0.512041516428744,1,5.591468191215231
0.2724900957066786,-1,-1.5041811722173901
0.7618321577323374,-1,-1.2762541486190386
0.5206436988360797,1,4.338101462092852
0.3986169887922311,-1,-0.577687678116629
0.8807730273695933,1,0.7176627545978029
0.3927487218131491,-1,-1.6732094790765588
0.30430249323809505,1,2.153572111408695
0.7729394088438111,1,0.3257646963691097
0.8609805457518839,1,2.187121469777196
0.7552286312068519,1,1.503479349447854
0.07690948430243984,-1,-5.256626922551038
0.14956135495431952,-1,-2.2475262365618356
0.5707392985983121,-1,-2.167929464633113
0.45178281434778633,-1,-3.5961329452571436
0.3488208312134546,1,3.612988236645352
0.9478461059217939,1,5.182642572235053
0.7472738517748787,1,1.6136547182829277
0.8278184378673209,1,1.9430618695138453
0.15245609680254588,-1,-1.6626541488238402
0.7901771741838484,1,4.416966449029429
0.10426544023808754,1,3.626352493387887
0.9960160356083427,1,1.0575014576837174
0.7751155783802459,1,1.4977646628820191
0.3295023369971112,-1,-1.0280023544926042
0.8697847198303886,1,3.550910668209452
0.6994124575637588,1,0.5948216114922116
0.11735164881213564,-1,-3.4320769192049267
0.32767237092743573,-1,-0.31745941141698103
0.7568728294203799,-1,-0.7480649551374777
0.23516582049763887,-1,-1.2870301475274926
0.7125379890862197,1,0.645279542511656
0.10376606914181932,-1,-1.2492054549675504
0.059806555626337285,-1,-0.2117013183266211
0.8711506941125747,1,0.7955904640681798
0.1779070593682554,-1,-0.9981891888895904
0.8469060101161331,1,3.9519582821010384
0.6604952285409004,1,2.796936940013658
0.29408925840347755,-1,-0.46760043527251816
0.6148543359356743,1,7.395063212629746
0.7436076100725179,1,1.8009162372362928
0.712043197468509,1,4.576592530060719
0.8232439854266492,1,4.5247227691334695
0.18294851800971035,-1,-1.4344729576128556
0.6561398335810396,1,0.5677568454753465
0.51193488304487,-1,-1.8144400241263936
0.13433149524110524,-1,-1.17157987853641
0.8195710476845464,1,1.5704536694298246
0.052700441842437475,-1,-0.37476445385367263
0.39391425805223806,1,4.246797277269915
0.48150334696547803,1,2.6723982250571585
0.5734736763567815,1,1.4900814821422679
0.27130606251469414,-1,-3.3620759877302264
0.3060803627935927,1,7.252718894824175
0.7995586482440602,1,2.8950037567515308
0.6730490066028718,1,4.07451774140276
0.4166476640197696,-1,-1.4988163895744195
0.3072877478749091,1,2.2253581278345473
0.3220418307194767,-1,-0.8668947065470415
0.4099191585324464,1,1.192392848360495
0.446872677715492,-1,-0.9387320184048172
0.2246924475605908,-1,-1.692088871859394
0.2502568360076648,1,1.528355201926018
0.5393517095519558,-1,-2.723426084994875
0.4306098921872867,1,2.8811131819869376
0.6230044070765551,1,3.9535768870443775
0.6728039840659185,1,3.3555318561679064
0.33225755650934874,1,1.0072402328353207
0.25205603890335404,-1,-6.786430272692326
0.7490506215359762,1,3.6630558551699357
0.5450500854472182,1,1.0394487170888307
0.2064896839827011,-1,-0.5665207416802623
0.5450866278708927,-1,-0.8351442153740569
0.9633232414510621,1,6.020435459582709
0.7328482984314327,1,3.391318256683574
0.529292678540115,-1,-1.0428790663231473
0.6096921527559613,1,1.4006263484524324
0.6393732700479626,1,4.748695072799357
0.2949671467052895,-1,-4.05827981676162
0.9066985513033462,1,0.5253404107886945
0.4284230801941439,-1,-0.5856357692310685
0.4920778504067896,1,5.452595224697839
0.31123235044705383,-1,-1.5021656880503593
0.2776950439388335,1,8.196998142102188
0.547924486830185,1,2.3469279675349006
0.7795403089277299,1,3.6381187903485444
0.7353354567909157,1,2.197976532772664
0.33000753200914873,1,2.600472643820797
0.2014103474150708,1,3.2421921920846826
0.9080247312044271,1,3.3787635502375606
0.5325246636763865,1,3.4324645207828652
0.588939305343023,-1,-0.7342790315810878
0.40854247533611365,1,2.6356050995714604
0.7569122442458391,1,2.031585388355875
0.5516144323783997,-1,-1.9213198398109061
0.8437823754697172,1,5.687382069716191
0.1376984740829259,-1,-0.45560568031220683
0.07680681368361705,-1,-0.7995478511445414
0.3713806177301219,-1,-2.0282913546957677
0.7952629640101524,1,3.323873255984989
0.9270450998531425,1,5.963000606761233
0.893380644439353,1,3.1409132496389116
0.8223714277891446,1,1.7994180993267315
0.37432941186997365,-1,-1.6848693425006909
0.6961900583568976,1,4.948319201097451
0.13784976268189164,-1,-1.5254891361057659
0.21685109935837318,1,7.180728219398943
0.3116424768243786,-1,-1.5798757480427024
0.14804246087823789,-1,-0.5100709734657026
0.32200067966794815,-1,-2.6261492432103712
0.9556025665510035,1,1.0828669918130451
0.4303928525423007,-1,-0.6335136839360318
0.717176409668721,1,2.383568046010831
0.94596887913371,1,1.8362098532719813
0.6468406850540381,1,1.5195659542779762
0.8639530584587993,1,3.956697246032509
0.18626092704502975,1,2.864218508336114
0.8991224739093578,1,1.9719326520225215
0.4511393560872783,-1,-0.5530409650549366
0.8468207885270741,1,2.977267367455416
0.8018414189278139,1,1.2825149580688526
0.30799061798338967,-1,-4.331822956259446
0.25436810144369465,-1,-0.6503870614383628
0.611614780688852,-1,-0.35429155012376856
0.5204597173622026,1,0.40865104161707605
0.41945974588964224,1,4.450433969519066
0.8713162136589251,1,1.1737955427962863
0.6301040923745544,1,0.92970876320837
0.41533057603095763,1,5.7965348683935165
0.47656802788324215,-1,-1.463756497317157
0.42210534231770813,-1,-1.9216298913813619
0.36333720219008975,-1,-2.7134621041950804
0.471280611973372,-1,-5.831582796023317
0.7479751626453034,1,2.1806994699353357
0.03970821006146501,-1,-0.3714515550784911
0.8152450249637344,1,3.7698212133057565
0.6195739466987273,1,1.6564743305332077
0.18303266079198427,-1,-0.9195249430537579
0.5598547155560224,-1,-0.5857318724146521
0.21469707904827143,-1,-0.8543237161191657
0.4635527044244019,1,4.545155178137677
0.03768215267359925,-1,-3.475804833693943
0.27989276146500386,1,2.756368971410394
0.955503337326224,1,3.1389238117606677
0.42128529281741356,-1,-0.8531816396174279
0.48281372097495073,1,3.8910204040433087
0.4388328157247409,-1,-4.142892742238227
0.7155552503873208,1,5.469610537344433
0.6535988524467595,1,1.7255692195559869
0.7872090983297466,1,5.444120961190201
0.6005014810969748,1,2.7541752753072437
0.6967452945608538,1,0.1806227449499296
0.8274354631966415,1,1.060658147491235
0.30240050477124314,-1,-2.5597681817531783
0.5385220243649644,1,1.8599679764419381
0.7245118510184742,1,6.471535821913694
0.9896806015710331,1,1.6929445642041858
0.3530192366963442,1,2.3220298161984747
0.44873178047706425,1,5.696948219375581
0.18105898472667847,-1,-1.2140141129588184
0.9805272475826695,1,1.2483648354264818
0.24601756920762236,1,6.496596838643855
0.11822853022110476,-1,-0.6856315109711423
0.7997177887950886,1,6.030884915639962
0.6427781726966642,-1,-1.6273676370469246
0.6871706394028422,1,2.492121275922213
0.9092167113836729,1,3.2199192147432956
0.7253180569312894,1,5.603149597880489
0.6166552379310198,1,4.349593617964649
0.9223543746440368,1,1.6208206734618524
0.16099093848529894,-1,-3.4998559453404967
0.12608137713079923,-1,-0.32589365369838197
0.6349987861487906,1,0.3848260537472117
0.7630221037990933,1,1.148216172982318
0.3226279014439468,-1,-0.6055974274202579
0.7846913383465924,1,2.887626949717048
0.9602671704363204,1,1.0168150981215551
0.1368246136430395,-1,-1.7756817618171223
0.8754140299668425,1,3.415179788185355
0.20655604237524963,-1,-1.1979048004256552
0.7624098677810285,1,4.155236884524
0.567283215484772,1,2.7422490666298973
0.25078603297248503,-1,-0.4869280989719048
0.5123006036654365,1,1.3262281871352908
0.8254652539155354,1,6.429366554993339
0.8246369137977739,1,2.837255108119913
0.3821218350159983,1,0.9339622978122968
0.17511934254917305,-1,-1.9316540483680005
0.7511283400101801,1,6.379265977428788
0.32118846988246347,-1,-3.3378543311984856
0.40080953997980706,1,1.7117864209272726
0.16170682793872046,-1,-4.021517429813896
0.7059439120600682,1,4.967418466477703
0.6573815748587829,1,1.22111643982249
0.4340705006537228,1,3.229217272354477
0.8949844277312906,1,1.708920461042958
0.30703964670162925,-1,-2.15419042995837
0.557681024155193,1,3.0845713653075473
0.24666709282633612,1,1.8574580163774554
0.7851571558106835,1,1.2985472622601872
0.08490772414310113,-1,-2.166827384284174
0.2931285861807501,1,3.307822330076887
0.6578942537938993,1,2.60016967158123
0.2018639324445823,-1,-2.0639858778214673
0.7167012498093692,1,2.2740536185933564
0.5900771514019142,-1,-0.26427250066165314
0.5758483345577249,1,2.2378984113661153
0.8084065940942274,-1,-0.8680885978544919
0.28275216391975827,-1,-1.2362522035491652
0.7556127303081459,1,2.8224916795191914
0.7017369283850168,-1,-0.48656925446973137
0.7719877049533013,-1,-2.2970734268573505
0.6535273458009113,1,2.7828698509815637
0.9776780205744743,1,3.772535866407521
0.9483469880688201,1,2.2206965027249184
0.22297865505443154,-1,-1.3292552425164863
0.9226713419975442,1,0.8524909168988091
0.6325300829086327,1,2.667447489871837
0.2812271157545295,-1,-0.8504692486145056
0.9216265390409423,-1,-0.9646053175077968
0.9118566166146018,1,6.393148224263117
0.7986540903792442,1,2.5350520782042896
0.16608594651181738,-1,-2.5970733284077365
0.3697182027434789,1,2.5414973399155385
0.2726763647840808,-1,-2.448303716848215
0.3105354096272004,-1,-0.44010907288807755
0.05504097205835859,-1,-0.1369556595158708
0.11113693056565296,-1,-1.5239371728793436
0.7361378704962861,1,2.020742201695124
0.6405007283591787,1,2.6707389411716473
0.7795363665068379,1,1.8224792894585773
0.33623508924627254,-1,-0.33889365341737454
0.13502981467554856,-1,-0.8892176465538632
0.18616193164489578,-1,-3.654002054071753
0.6859599905884606,-1,-1.4847765524691963
0.27266958929031365,-1,-0.4739817255278482
0.5476197647690078,1,8.828456756112514
0.9096725116061634,1,2.0565020819972726
0.4569584027832038,-1,-1.7866902377305556
0.4424548837538182,-1,-0.41991406253580593
0.07137142421380212,-1,-0.9777797139427157
0.3592017594339605,-1,-1.2350931281254642
0.8139131594923951,-1,-1.458621375081929
0.19788247952137977,-1,-2.886991439439687
0.46236974244002377,-1,-1.184074108714605
0.11917431923827172,-1,-0.9954991200804348
0.0652698960880801,-1,-2.1267113132565774
0.46687707955439467,1,5.0496257896010786
0.9410109218436649,1,1.6632166411418425
0.68776011971652,1,1.757750581451862
0.07593805781695633,-1,-1.4270716125621064
0.49467588782486593,-1,-3.1308883664483758
0.09958599974377057,-1,-0.5845872559115164
0.3179133751909425,-1,-0.8148073165361814
0.8393021132482106,1,5.235108935905124
0.5660108815799216,-1,-1.313850342806838
0.009986180911948654,-1,-2.0599115854093144
0.2682852496596193,-1,-1.1848059101888069
0.5576058505774163,-1,-2.057173828122606
0.03817820519883713,-1,-0.6276967797611949
0.643472795946164,1,1.3158425870178683
0.9644869058590381,1,0.048522113080979666
0.7506832214176173,1,2.225917383916217
0.8500269747267322,1,6.117666047529041
0.36007505389867933,1,1.6680936990062307
0.4853563047478594,-1,-0.10311069617048157
0.6354357198962186,1,0.7020328769939768
0.866623383836798,1,6.812063865457137
0.5706538336401682,1,3.2795322957640867
0.6993804900742427,1,4.441502217940947
0.9259673105344347,1,5.72987193674277
0.20720273414679083,-1,-0.22571354048169148
0.7693352230955509,1,1.8577755601952692
0.4359559574722965,1,2.513423408020967
0.7459463584342915,1,2.0078382677483835
0.7264948621291162,1,4.367764392677826
0.6354528002553247,-1,-0.9806861505286271
0.37429552954213735,-1,-1.1476080279015914
0.3911325700686322,-1,-2.4601595200479034
0.40528166503390733,-1,-0.39002238473159073
0.015411601056884282,-1,-3.374522065233833
0.07696422602454435,-1,-2.48887332502648
0.3277931124174999,-1,-1.3100604989914675
0.6085607563933259,1,5.694325676225429
0.33698834233267977,-1,-0.6977071255757425
0.15492251151297742,-1,-4.094563057121022
0.38791200934454073,1,3.0929610967815417
0.5640836127718984,1,2.592915031832721
0.23222390439213716,-1,-1.2118764694687518
0.8150411067901678,1,2.995798082645756
0.5930152614176689,1,2.997040830202957
0.4902790824769959,1,2.9951303170424235
0.2257445210945916,-1,-0.246460829719205
0.8989697172172346,1,1.0120141841305066
0.32873599765618905,1,2.259037030951429
0.5681440256623719,-1,-0.6997266245697189
0.46585669002259295,1,0.2046781785443316
0.6108754114568494,1,8.540376344524839
0.30172430021598706,-1,-2.1548582241286476
0.7625615424896677,1,1.2571223690244626
0.47642656058599203,-1,-0.3220038250981843
0.2977049000618999,1,4.074188398413977
0.6498054190672589,1,4.296747168103483
0.44242776610073387,1,1.108811212023625
0.7787628294226533,1,1.2754099009557076
0.42772667491237654,1,2.1622848382290893
0.29570204364065544,1,4.332814616717311
0.7474632458601954,1,1.1880809974326991
0.5109847981948226,1,2.893935991467955
0.8961503330002744,1,2.660325798109392
0.3043313580243319,-1,-0.07156407886175767
0.06169593308335391,-1,-1.3382591237779018
0.6049601402647752,1,2.393266540213754
0.5970329895167276,1,4.4698171892483884
0.29044854093983724,1,3.358536473837563
0.06457602331206536,-1,-0.2730878087804765
0.5823509156697372,1,1.8435745940665418
0.5912844648871538,1,1.3763898135220243
0.6982135327065876,1,4.881542354738848
0.12476098544344157,-1,-2.062182626391485
0.26095997394667636,-1,-0.43044190889123884
0.922044330632869,1,1.8630625038694513
0.244104055314172,-1,-0.6120085377967409
0.27413740253736896,-1,-0.7293697509537426
0.23358070349706367,-1,-1.027854320960013
0.32379271305550406,-1,-0.8523036066593829
0.9366098131184964,1,4.586343340500471
0.30880914421183125,1,1.8327696489927259
0.35060461740812987,-1,-1.0008466863624226
0.9694405699517136,1,1.3643761928258527
0.23783910338873748,-1,-2.607019512116007
0.23352775039072252,-1,-0.9165581056409614
0.8140438998912375,1,4.594802359092733
0.5650053846875107,-1,-0.1400333509298
0.6123273661947545,-1,-1.4152484947394572
0.1994860397107451,-1,-4.391463310641346
0.7428102564024183,1,1.2137579057482846
0.1885581548089148,1,5.5501197165158285
0.9267422018688081,1,3.532472340471
0.4275408931427416,1,4.837203240488157
0.785168914732546,-1,-1.0489002933494742
0.3502804864094343,1,1.6167639360458121
0.6515989886524477,1,5.142053917111648
0.6112006507207853,1,2.6421829218560267
0.4827482092037879,-1,-1.068100425246324
0.6019486290375642,-1,-2.9322865362869397
0.3488312780209968,-1,-3.048397742999282
0.42764024828268066,1,1.0239402370785264
0.7576957677654875,1,8.405297284588379
0.8294074663928259,1,1.761114561732919
0.6349211519177758,1,1.907242144080017
0.5350154949404987,1,0.8439702931154813
0.478539219993282,-1,-0.03601696774183342
0.669088516099695,1,0.6507728625074612
0.7093411085312608,1,2.0146132481773162
0.012218177111324106,-1,-0.37536817918169785
0.6568309297878347,1,2.389099129760724
0.9083442062813254,1,2.4762597012018683
0.3092539123994727,-1,-2.9261719224089107
0.6606067108904382,-1,-1.61210674869233
0.275037325011866,-1,-0.6086088080747709
0.6549263832083919,1,3.6091787602594554
0.14781566904748136,-1,-0.6936434364096646
0.14982374054876696,-1,-3.263465775379828
0.655596725470028,-1,-1.1160072344847611
0.6926703476942088,1,4.750694159663479
0.8821849948110646,1,3.038662805994209
0.771895804666003,1,3.024584031209398
0.1619942953365308,-1,-0.8509445033046286
0.9680372204252276,1,5.915883453939605
0.4897163490355969,-1,-0.6511250769886658
0.9387113955925234,1,3.371431993160507
0.5689567855651726,-1,-0.5477526306051271
0.6632288627898262,1,7.2606022224084565
0.2645825973042022,-1,-3.2440728937203227
0.7747186827846465,1,1.6985646575337263
0.09497090399611609,1,3.8139565964719986
0.4266019793331625,1,0.06811963467868623
0.4330675361248563,-1,-2.7880610300364834
0.06711380912684356,-1,-3.369291101839533
0.20178622071310673,-1,-1.255903286590555
0.15642045761555973,-1,-1.2268014881798694
0.14599527526304765,-1,-0.56550203351531
0.7857482042037573,1,4.828736393779142
0.09541719016346756,-1,-0.2951020054973061
0.38733713162762295,-1,-1.002296267245004
0.38665615871612113,1,8.755907675863757
0.5102795944658847,-1,-0.6191751298627297
0.6379160561018162,-1,-1.6768720228428995
0.9329441388228726,1,5.884865833484643
0.7573307294014798,1,7.392835995317551
0.6691675698788819,1,2.0001843714009495
0.5517625264633679,-1,-0.9342222299610984
0.2049295601461131,-1,-0.3017483952777588
0.41377336982125085,-1,-0.2367187112489788
0.6577060453370426,1,4.654321318121121
0.7614235050164458,1,7.926476003091688
0.09277517605015352,-1,-1.6231688598451435
0.496477960516704,1,0.9593414874567453
0.5673837740114797,-1,-1.5302337961196935
0.5288849242632438,1,4.066212811841225
0.30450070854686306,-1,-0.10157937042578342
0.1738812120994659,-1,-0.45222683072469083
0.49421811678183686,1,0.9466181096341117
0.29633290228489406,-1,-0.5507690900408039
0.8811988864539784,1,4.455090141319709
0.7074040107610485,1,0.6984773936180024
0.9505625552229567,1,1.8447977480464177
0.8506924960122272,1,1.4687002768922568
0.8403416634935016,1,6.142206686553838
0.8261246587359801,1,2.8622522810888755
0.5634241998178573,1,2.2364318824574956
0.4647491629196922,-1,-4.981641865135773
0.028379421657045566,-1,-0.9596110469317272
0.757169028898475,1,1.7742733743967622
0.3648023384211118,-1,-1.8585780199402144
0.6085832261658166,-1,-0.5364827200814981
0.5791139292343113,-1,-1.1921082152614861
0.7826180513519312,1,5.5316915022479325
0.29902102452557167,-1,-1.506940027096921
0.9410990793579892,1,1.350978800810683
0.183838576886581,-1,-1.233295411414635
0.5346395358082185,-1,-1.341140588096146
0.22369989689351163,-1,-0.6395694577347095
0.5164775859876334,1,1.5454749248769732
0.6051631753987967,1,3.2885226863328576
0.09571167179775908,-1,-5.441878248612155
0.43503280550050344,1,3.0051704570624667
0.7099907193542979,1,3.2639828447992842
0.7788636745827476,1,2.979548984052784
0.3592484713205265,-1,-4.874667083585086
0.5119515034329137,-1,-0.47125926530015366
0.2727846954447775,-1,-0.12147485596111504
0.2038518628631241,-1,-0.17477286376966705
0.4281945920083277,-1,-1.646891838463102
0.7358925825016756,1,4.7792140718015705
0.3122023930791456,1,1.149465723594727
0.7776232668983616,1,1.618036801141511
0.891653787826672,1,1.2672750120895089
0.4005370457512455,1,0.9956550543982423
0.9634098238535033,1,4.50558081736196
0.5494831484183412,-1,-0.5370338482017613
0.5652835936985365,1,3.745555981604572
0.34843711814030104,-1,-3.223547681920757
0.6449973415988383,1,1.0326807348640008
0.39758951137019344,1,5.658630494579893
0.6666458559035239,1,1.2723092367925393
0.3587629660355633,1,0.857605481880318
0.8811916800950722,1,6.535284537604479
0.479969387440785,-1,-0.6627253593084225
0.9195457540063279,1,2.087783477022237
0.64828743459561,1,2.523077007039317
0.6807555446901893,1,2.742087365713366
0.4894097728593534,1,0.6112544917635
0.6540359501702355,-1,-0.7832295666655091
0.5976230334268329,1,1.2041001034265923
0.8708178170641099,1,1.4152862619132462
0.38602964591529837,1,2.4316137755787
0.8490691363001217,1,1.2301931347490735
0.8153843562255584,1,3.854307998122624
0.35709163261973087,-1,-2.2911447068691846
0.3310534604642831,-1,-3.853478179076694
0.6060143138304335,1,4.668706430106689
0.442683589247716,-1,-0.6889218059244275
0.08773644051048118,-1,-1.5313889060070158
0.23788084406888044,-1,-0.6367643824862848
0.759499946765154,1,6.169457066340383
0.3343804562602843,-1,-0.2950103111559453
0.9087404744442024,1,2.779034602954227
0.5614371818143414,1,0.6612427629686881
0.6048591437413087,1,3.578894936285014
0.7367080496216064,1,3.171208707725188
0.7023366439677727,1,1.587717348035191
0.2464706235321168,-1,-1.3223881330726552
0.7381375864653077,1,9.116722625812049
0.1069140143017123,-1,-0.7638665604147531
0.2453401038010659,1,2.0741593445047855
0.6999093031043419,1,5.125994653449862
0.33832229645312967,-1,-0.9822668020273848
0.3235719344546508,-1,-1.857909913776617
0.7096102891105447,1,0.8472929633595687
0.5687330775152295,1,5.4857772832971
0.46583119735984063,1,1.346120314550499
0.4027991579694227,-1,-2.114033257111228
0.3340944807561502,1,0.36153867146838986
0.8118891246787062,1,4.354773508651798
0.1057422626735178,-1,-0.5653663598075543
0.8606939725040658,1,2.0610287563824796
0.21240959310970656,1,2.0947948619442647
0.6825536442512555,1,0.6307603118260298
0.3849661117848801,-1,-1.1899387253172542
0.6571131861411489,-1,-0.9004452635670547
0.8383379496979654,1,3.051025413487907
0.9346009288874636,1,3.3239969024420937
0.20041442714255414,-1,-1.5767917870751904
0.7414316072671744,1,0.20491594041646777
0.567627939576702,1,8.369622557208531
0.5054000912213096,-1,-0.42633824508668494
0.30563271010056625,-1,-0.6823229150988329
0.4509151163320818,-1,-4.676761963985827
0.5504266534544576,-1,-2.9422616187826773
0.38274085901180477,-1,-1.2755874664968359
0.3340978490176647,-1,-0.31880199526369574
0.28450798013302486,-1,-1.5640788978078186
0.22209739441366386,-1,-5.3631786375373744
0.006017052262726489,-1,-1.4895340740152456
0.3840794963961751,-1,-3.3128474047964462
0.7689893472603906,1,3.4084911047372737
0.04317518985209702,-1,-2.680207032872512
0.5534055795157798,1,3.385974939291216
0.9473596749918922,1,3.9314926043020146
0.18921915579070742,1,2.5835977947580897
0.3677750152358778,-1,-0.47956518900303874
0.9452498763181325,1,1.4211539615054463
0.782419061889609,-1,-2.8418642131765752
0.4257865439703029,1,1.4720595086714983
0.5549005877040452,-1,-1.1952080050394092
0.9623633593294303,1,6.800610965981029
0.3943878263166083,1,3.9517357587712145
0.4584382729056404,-1,-2.3443591552368495
0.23067021814586236,-1,-0.6566563911012494
0.4820464153832559,1,3.0308846173033217
0.0638552564957993,-1,-0.17290039673924656
0.35575131859180237,-1,-0.23725723493597586
0.5875997117511835,-1,-0.6393211371636011
0.2950529067594523,-1,-1.2098119091088082
0.29798247738434,-1,-0.8065404133768216
0.3588605625608765,-1,-1.8955381718913293
0.29764825108750653,-1,-0.6912205050318453
0.49097291568550017,-1,-2.022467962335164
0.9156841097208184,1,5.560913966908531
0.7676841259418749,-1,-0.4754873035045359
0.7768183357478368,1,2.0734253765564303
0.6629912363164829,1,4.134279135289123
0.20187279591428603,-1,-1.8345038991513167
0.4825520622003605,-1,-1.8148602851982976
0.7965527470729417,1,1.2536700563914358
0.17849403936256705,-1,-2.6884066651048792
0.05453582106830191,-1,-0.5277995639997806
0.3429152100760076,-1,-2.5420370215382593
0.6078944524450967,1,7.464951360778146
0.5284313522237573,1,2.9094414017397803
0.8178904772470504,1,2.5998440607724493
0.33805354135538973,-1,-0.8169573748346077
0.4684125593439136,1,1.8720767778388305
0.4846698953441123,-1,-0.9456914549807527
0.9525295363697155,1,1.355708684987745
0.5031240984670076,1,3.1018370890154423
0.46266208860512953,1,3.2573836210465728
0.3733969416626656,-1,-0.09657316484638882
0.4680543018436072,1,5.416998140317771
0.13311634221389218,-1,-0.7614512754738566
0.9810788502401702,1,1.2964810240070817
0.3341418478871163,1,4.524847809562543
0.44578339977827575,-1,-2.2332757992982586
0.544179337306205,1,2.6609182272544434
0.618545124017606,-1,-1.3920563317988548
0.902730321391275,1,0.6945072888906483
0.08347156189151277,-1,-1.6134689451772861
0.3411583183894884,-1,-1.693338732132457
0.4039856912481628,-1,-0.8933794327236391
0.08550412390612157,-1,-1.7686239874727194
0.8130501663873901,1,1.9127333483574247
0.9622490731495669,1,3.0868332750310232
0.09400782308481963,-1,-2.3403611993122038
0.8207468000774768,1,7.359337893847062
0.7447550370649196,1,7.4883923986010466
0.5324748574821749,1,1.028095996699149
0.06787945568965909,-1,-0.6119281199448542
0.28274052857594206,-1,-0.6188610044652242
0.5676755052590994,1,1.7815462735899836
0.3590717502739492,1,1.8868105331022524
0.46631334086014575,1,1.4782199312108542
0.33778517110790524,-1,-0.22937319054583755
0.5261311837617701,-1,-0.2967733102265389
0.601236735769379,1,1.6884485336610355
0.8695980850447806,1,0.33537889254099296
0.759365030579785,1,2.195078289042452
0.47816948512101587,1,6.22518017685131
0.3797858320397718,-1,-0.7805191843621804
0.2613807291226708,-1,-1.0059067732742155
0.26405772900978075,-1,-2.902047368680532
0.689979404360577,1,0.8318206933521066
0.4021602335286655,1,3.6209599272523327
0.41115260470940357,-1,-2.153482371338189
0.44385289051619486,1,1.6819152334025698
0.6218258830939134,-1,-1.3446415871390789
0.8017369629356793,1,1.4972904410829957
0.4950507081446055,1,2.657740917167536
0.8195550003674674,1,0.7524870361085984
0.7452938570643791,1,3.1524692350184704
0.026628255843951888,-1,-4.321576888339211
0.23737059495947674,-1,-1.4546707041874893
0.8979201367017068,1,2.5842455374113196
0.4820195291745044,-1,-0.41482165501265067
0.6287503170898392,1,3.031956891707016
0.05224495730022214,-1,-1.3387413623411673
0.40867670169829884,1,1.7099597596966434
0.7095932792622281,1,4.3039662254423865
0.48544045595637364,-1,-0.7400834705622599
0.736345426475036,1,0.36177340710613026
0.851563341775895,1,1.1503204794740336
0.6119117593907434,1,0.9082077527992914
0.8398003985090171,1,1.3535565063159596
0.16581130147962606,-1,-2.7673604939982126
0.5339870283794315,-1,-0.22703356993974563
0.19288680233988473,-1,-0.3977546133242759
0.4338811672261385,1,1.871888409815209
0.20846749420397873,-1,-0.26649541124482756
0.6369883464240411,-1,-3.924350196774686
0.15869799113912691,-1,-0.12439233396844003
0.20297048932629935,-1,-2.0118198624898387
0.5671154704102681,1,2.0463758679971242
0.6611570593663278,1,0.6640704015232984
0.5171561923897219,-1,-0.4070121039240514
0.6059459771145606,1,3.1519379252668576
0.2813672638547485,-1,-3.7513405589809654
0.6631245988207909,1,2.01670611852867
0.9553333885528777,1,1.7220077410992405
0.9412261469650701,1,3.578712143404177
0.7964766156246835,1,3.4816550938533215
0.2701786485887348,-1,-0.5084725374800559
0.53289937334918,-1,-0.6344256457510907
0.22314464593822478,-1,-0.4352061747964894
0.13852480434373546,-1,-1.284605369446063
0.7550594172867537,1,2.1845313477343753
0.7397289088759663,1,1.8641163488640675
0.31059314046776093,1,3.9823189077689203
0.4291699138775915,-1,-1.338896599086142
0.1714257322544455,-1,-0.27661769089979366
0.6280682339677911,-1,-2.3330391173491787
0.15592283814411917,-1,-1.0107567320482642
0.41235564488339227,1,3.2046242066384805
0.8504077622396473,1,0.24847371010051664
0.18766117187309908,-1,-0.8584807579095617
0.25727809592196554,1,5.580033648324838
0.6535127209910939,1,2.769186054299137
0.08256530982971004,-1,-1.4505429898901037
0.6737664899904982,1,0.5389757922783821
0.405854989413373,1,0.7589037717320983
0.1511886318709487,-1,-0.8854961939989341
0.6979202048773067,-1,-0.2993955914853982
0.45265351776526486,-1,-2.7479493927108116
0.4466365905419929,1,3.8716226202521025
0.3587729062910185,1,2.3642398649318848
0.7091717169323383,1,5.6579274271137106
0.39915434904511876,1,1.3202298726350996
0.21950518626906973,-1,-3.3379253790501395
0.6919796264560115,1,1.769416061534192
0.5161569179958208,1,3.0982523185512543
0.5001633972438256,-1,-0.7948075745456841
0.49467023813836986,-1,-1.1926217420573955
0.4200171315926124,1,0.9185306429574518
0.519871845059341,1,1.2487266757340545
0.6536954306097023,1,1.2074447188008182
0.5826887516867846,-1,-0.6370469803678123
0.450264938767097,1,1.2994639518927633
0.24264231684832477,-1,-0.5034142724822158
0.23338532593063344,-1,-1.6776383138575768
0.921586777481473,1,0.8124195807495689
0.9194960522972521,1,1.7390113649515322
0.8976050916228173,1,3.0319914023996537
0.09324573608017128,-1,-0.3587995105923918
0.7291277475221098,1,2.3870539469327334
0.7908431404957462,-1,-5.463464890328369
0.3906947608553896,-1,-1.177514292853785
0.698149937349349,1,1.2600639866107493
0.1310682110175297,1,4.080191047075159
0.19598097832206793,-1,-1.2758446052250227
0.6331470379768012,-1,-2.8557419039204643
0.9623270194118987,1,2.6405364095840556
0.4773589353804307,-1,-2.7273235806086693
0.03361549074648151,-1,-0.18112035839436696
0.4883913671528414,-1,-3.4521263217572757
0.2160766540524365,-1,-0.28983935752401535
0.47785333778311984,-1,-0.515562825273426
0.5015747203491503,-1,-1.6437938175717337
0.34324496150292544,-1,-1.0514078685710513
0.8070144951374715,1,0.29826354161591945
0.11724336424541557,-1,-0.9972173216541926
0.2534569259874721,-1,-0.8248527049476501
0.12747862826947748,-1,-0.8904190414363946
0.1577907297747303,-1,-2.4627725216005745
0.30528927935201705,-1,-0.5323154173733499
0.3822814745438293,-1,-1.0883818857414977
0.6242803452169787,-1,-1.7822257073418688
0.84463069873886,1,4.122147645848073
0.2239303635997812,-1,-3.8617417453436462
0.17541094055685175,-1,-0.2964568169185596
0.3541990995134362,-1,-0.3852248604959267
0.4795483291336655,1,2.3535284841668003
0.8033807024116933,-1,-0.8840153576764433
0.4668281307667657,-1,-0.5654096717958945
0.6439104069992476,1,4.650983777841025
0.19504321559729454,-1,-2.341424976348717
0.7034087616134751,-1,-0.19906366058000788
0.3944662546726626,-1,-0.329759002005621
0.9394658567562378,1,0.6449536179121809
0.8626789689354233,1,1.4376751083946557
0.8121475623037172,-1,-0.45735515435819923
0.3348133224427434,-1,-1.854343246014306
0.27309674241173704,-1,-1.3028526574858794
0.9152253278516577,1,0.8627096107134329
0.22495161821970375,1,4.485366715146058
0.5688910028451026,-1,-0.23822307516834923
0.11203254627644367,-1,-1.5250018423314229
0.19823485112926043,-1,-2.344075569717278
0.3438106608777662,-1,-0.5381187856725413
0.19539886207485802,-1,-2.1489172707632007
0.7185200946604714,-1,-2.8183334095932278
0.8874739994959525,1,2.5237455858847007
0.6711154827124208,1,0.5047468461787972
0.455495743148174,-1,-0.6365091172595966
0.30919744023393203,-1,-0.25652154925345116
0.5316065492048828,-1,-1.1228891899652353
0.6620797907944567,1,2.828691333731552
0.8464062560030507,1,1.0557387027546425
0.6197732145650725,1,0.8233327000330569
0.7348069623691632,1,2.787249147572839
0.39543020390259226,-1,-2.355605334666725
0.7686162932950573,1,6.197241948054389
0.5901934085430013,-1,-0.33065405978167683
0.515632320920404,1,3.693214666408175
0.075217147506883,-1,-0.5900160640124271
0.009604137437272448,-1,-2.1289555795442556
0.8604945011039362,1,1.4564074865677794
0.7855275044285278,1,4.059868355286086
0.48997803164336345,-1,-0.4533460923703903
0.5385056960770657,1,5.7603274595233085
0.33156312102950325,-1,-0.7185021105072952
0.6171388525490156,-1,-3.069330770640215
0.11263920576626703,-1,-1.1487597512923216
0.5989117456119736,1,2.338826520669559
0.13489174386183625,-1,-0.7064412935012461
0.9039701005792501,1,7.525063871869669
0.7700190805220531,1,5.263673343869203
0.7150420562147148,1,3.6423972655787744
0.36211350336481307,1,2.743451670098578
0.48230482295798816,-1,-0.3290571199040608
0.8476617158619434,1,2.0437796748811357
0.6586586599180044,1,0.9412287531961274
0.04207535446176783,-1,-1.3243682342048384
0.7804112453963995,1,0.8714173907148788
0.6441888106985034,-1,-0.7207893852411418
0.7236783642825149,1,4.203649859609991
0.4575354921529638,-1,-0.9982848101809872
0.3791285263567995,1,0.9756500261168053
0.6645198621730938,1,2.1125913825769387
0.026440188150796642,-1,-0.8041646566969134
0.9727484485008435,1,1.6517713598541568
0.7438527522462419,1,0.8880791062926502
0.40558447717931345,-1,-0.8101163645350132
0.37881322555762753,-1,-1.8827659118585094
0.2901024453770073,-1,-1.224801678184652
0.7217053706229668,1,2.088930616208282
0.6551388415550249,1,0.957247687056221
0.22484499811715555,-1,-3.040834052635647
0.7940843640984366,1,0.8844066278798262
0.8398141160293174,-1,-2.4956631059240926
0.04478675634694118,-1,-3.1036673274287567
0.8507743228022511,1,1.5821276324397457
0.6992911787556895,-1,-1.704305039137758
0.7248556295331788,1,1.1176485089543933
0.5059465258883235,1,1.626112252560707
0.6819812412332794,1,1.6288083884853022
0.3715930206661303,-1,-1.356295004986522
0.7544148789801751,1,4.041211805868242
0.6002773842783171,-1,-0.23696605955772027
0.06479149633118822,-1,-1.1421981418169327
0.840850944984067,1,2.4470952540721798
0.5509097015213462,1,3.2435511359444926
0.5569181695390775,-1,-0.5275762587882724
0.08316366334136915,-1,-0.7483107198378695
0.757445978366371,-1,-2.525324397433374
0.46958599551161606,-1,-3.180560977784907
0.11778991333273112,-1,-1.3899456456721244
0.9245773896800352,1,7.3421677067084765
0.19416748687113988,-1,-0.5667373642100645
0.1034286212846877,-1,-0.5062140658148695
0.30398871323558646,1,4.6536443577708235
0.34165679098914487,-1,-1.6603374219470342
0.6439678925831617,-1,-1.1609184558934587
0.4768709367828395,-1,-2.6897798261808905
0.7009366892574036,-1,-4.9695950391278245
0.8781202828356635,1,0.20105238206490667
0.2647240953224108,-1,-0.33617901067801675
0.06408319862143659,-1,-1.6053094363605547
0.20098481904162208,-1,-2.800518062386032
0.2991352508552593,-1,-3.8563996631180033
0.6332831470415358,1,0.41356770449905744
0.6145484588385727,1,8.577518911783782
0.32943716066248274,-1,-3.955155057624767
0.6686424816222031,-1,-0.7347569883791746
0.4240628367329883,-1,-0.8430536100600875
0.23875236240294143,-1,-1.038548831301544
0.5443450255176289,-1,-4.13297451260973
0.6403990727000193,1,1.6297446015019015
0.9402999372984526,1,0.9654992471828514
0.6542906795419977,1,2.0450434166316835
0.054139029820963185,-1,-0.3012793276428191
0.6078855498800868,1,0.25034116547757773
0.047027960107953896,-1,-1.4590704659547369
0.6414514450845054,-1,-0.978759326063544
0.9160457161192028,1,1.495692965173792
0.3915620648107254,-1,-0.4699434510559875
0.9704770933040532,1,4.986490133339924
0.3146643826391919,-1,-0.5801050630559363
0.3452829964491701,-1,-4.029477013111728
0.7640785643785694,1,1.6341572878032657
0.6831254693435657,-1,-4.651634669475751
0.7223054115332397,1,4.563923783876781
0.8929315274448113,1,1.4639625230289188
0.07705541790685018,-1,-1.3558326928991122
0.7381022376628205,1,1.3533957626917645
0.5790943282077952,-1,-2.5546301717156963
0.6827389089335123,1,3.145787939982413
0.21627931784034393,-1,-1.4769561369689022
0.09843540088184212,-1,-0.45184127655485856
0.6241547646355735,-1,-4.7356923773690065
0.07092019331820694,-1,-1.4380038308643752
0.5434641405023688,1,2.3088271105460736
0.25311098481838695,-1,-1.1868040997301479
0.9905937833346723,1,2.7540232239665228
0.8727834755107747,1,5.304806816899147
0.6460603272034124,1,4.811489566942651
0.32408732483791364,-1,-0.10943144590411073
0.9231024384594924,1,1.469967380995761
0.8104592845731065,1,4.8843233378855135
0.6544449697548165,-1,-1.3185718284651062
0.6972536101750566,1,1.6691940492087864
0.8501070387469832,1,4.7903050502129005
0.4231739614250272,-1,-0.19230597742638253
0.4896793654568928,1,1.3709147873621375
0.8537069331180952,1,5.260252886284093
0.17225426461361432,1,3.329614627111516
0.8750988749247074,1,1.8205832031483533
0.0686631950762412,-1,-1.5531556361478926
0.7253076762987622,1,0.8806775173119683
0.9267602329661782,1,3.159694968756933
0.36329078928252734,-1,-1.4237231252849676
0.44766235932116655,1,4.220030711968576
0.28498798515325935,-1,-0.16885633615759513
0.4839610760735968,-1,-2.3458404351320685
0.7307370988287676,1,4.2309602405910045
0.5430577807424689,-1,-1.7077570790937646
0.971620733398044,1,0.2635075898106869
0.49272263832703006,1,1.4727084874400813
0.6991136115811178,1,2.768916389456753
0.19929150747261976,-1,-0.38863829164198566
0.28322617838833586,-1,-1.6072022665691372
0.8835575396812344,1,7.578251325186972
0.680065448056855,1,0.36237114746957433
0.8343441881532123,1,1.3070718252558964
0.48245291273653795,-1,-1.029142023199691
0.8058352026041601,1,2.0099776964194267
0.6757738573814642,1,12.531127462519276
0.6358419099806778,-1,-0.893337613231305
0.46406537854531893,1,2.831842672188281
0.9094224784629084,1,1.7352670365663074
0.5924246525587875,-1,-6.553117169935209
0.25053851010380573,-1,-1.718061084195977
0.24388401664935097,1,2.390493331001076
0.6660956288674414,-1,-0.6614993212530587
0.48143086604088325,1,0.5183971610154507
0.5619190725976559,-1,-0.63671377176818
0.43982154534691237,1,1.0896397004035532
0.43840367126392354,-1,-0.3777830102160426
0.12870169427742628,-1,-1.4109252524372966
0.29454723360109103,-1,-1.1435315487395332
0.6990254636378641,1,2.120975554302718
0.8517410572449565,1,9.106047724695458
0.7314704087857682,1,3.4037868470608763
0.15249777481576732,-1,-1.9305768614124088
0.10563519787653308,-1,-2.2040904471150333
0.48255837729836515,1,2.2592577365809596
0.024616649123105835,-1,-1.6579522531727213
0.4212969401836135,-1,-1.0901699580990127
0.5420609656580883,1,2.5976303471648885
0.3741132647881677,1,4.749494778674277
0.23408359671404474,-1,-0.692655481472639
0.08077666688098112,-1,-1.1717367994280075
0.6084319087736749,1,4.283162228079597
0.794233555679637,1,4.884132020453291
0.40078625047585015,1,5.546675559754966
0.21563985994929033,1,2.5376925277131805
0.8856632999359496,1,8.03245057046207
0.37134287750728096,1,2.474324089689602
0.3264233585918111,-1,-0.9632694290044563
0.8468556887523421,1,2.0796346089518964
0.46673539511106665,1,2.3748244833970724
0.5848104521382067,-1,-0.25711356284965226
0.4868780472857993,-1,-2.1572356136825004
0.0996146189532294,-1,-2.196141443120134
0.5187761317048202,1,5.1991396730933825
0.8577106095743531,1,1.185999605596341
0.499969602107633,-1,-0.33916997471854987
0.8140504746975472,1,2.0673287470917416
0.1678435520392967,-1,-1.5705923868550944
0.1858922230943358,-1,-1.699211295008978
0.7180580244618656,1,1.1315084558417072
0.0480034060490819,-1,-1.9625127749743863
0.8021920787337748,-1,-3.1459057171181706
0.7602147853244682,1,0.12694089559128097
0.876230639283909,1,1.332287824048314
0.8803230686993047,1,2.3799317048411157
0.6576548877990132,1,3.2442024927953432
0.9236171729642881,1,0.8269707149565553
0.48757124526362533,-1,-1.0918175962217216
0.5184165211361813,1,9.536785911376283
0.6380397659371473,-1,-0.8256677522728422
0.18641931989430768,-1,-0.7834918623310656
0.670295800809445,1,1.2074571961635971
0.8391677635334253,1,3.0579732262457835
0.10365626233882524,-1,-1.5936239207215104
0.5735348519921251,1,0.6568106008361899
0.299972105955515,-1,-2.2735233895962543
0.18126344630956015,-1,-0.8640071240093513
0.0960186414666407,-1,-0.5256285092160925
0.48030151803143656,1,2.0526710598726376
0.2846715021124287,-1,-1.238094532892667
0.4804373817715686,-1,-0.35098935784242
0.5547226136455848,1,7.183930297997966
0.5405548262373435,1,1.0130903500345854
0.1208658076146401,-1,-0.5472841249192136
0.9197829253989847,-1,-0.9251470993172075
0.6609353868872054,1,6.06178224314854
0.5379802366838415,1,2.070412871092187
0.6093898645875108,-1,-1.8244152449099678
0.33402392633322625,-1,-0.9667644035703292
0.6207013414120341,1,1.4987897999029227
0.8355096396948742,1,7.078886960851351
0.43893036894571746,1,0.7952227405481318
0.6110562353882717,-1,-1.4235274632941
0.18179784872263255,1,0.7878076896217139
0.7379130567620622,1,0.7476493263033456
0.757882615015712,1,4.896333674361744
0.5953391604304813,1,3.1467502891251575
0.4342012221400699,1,6.1353158526169915
0.6999925237363226,1,6.253811387619804
0.11527384731282492,-1,-0.8142106153212246
0.9057798151055826,1,4.171833943413124
0.8976847565432629,1,1.5758530113325002
0.2393142054832837,-1,-0.4037386809090456
0.008113167838543158,-1,-2.654679316029775
0.48995029104657806,-1,-0.7967827376408615
0.8997343095304697,1,1.896238864503494
0.1761354993670453,-1,-3.8448613117898027
0.6819755178180279,1,3.1712754916497143
0.6441671032270436,1,0.9613864959353026
0.24766582147387514,-1,-1.0621965811694642
0.33073773193279665,-1,-0.9465586781117606
0.10931462673293497,-1,-2.251788365876302
0.9470414780222476,1,1.730221527945659
0.3044950734822082,-1,-0.8226591644401747
0.2673209326666455,-1,-3.0887213661738606
0.2050987218205355,-1,-0.1325618346236508
0.7193475686580026,1,4.040914039765466
0.989233900945894,1,5.465366383024398
0.4143926404161428,-1,-0.09455065653805829
0.22166509456711442,1,8.267838519913841
0.08804131918897788,-1,-0.8267087097187791
0.4159841749624933,-1,-0.8772304389768357
0.20668218246058812,-1,-2.593247663415604
0.2939452654226972,1,3.220727831006447
0.11548023530771094,-1,-1.2551311534694676
0.3787165005330685,-1,-0.5780222948279703
0.5445713395606641,-1,-3.228203743264712
0.36597730012927887,-1,-1.4743444755061486
0.48092597609641374,1,0.7552613183422149
0.24729534939748574,1,5.40695899908892
0.08800432505175977,-1,-0.2067293861794015
0.8599222677901522,1,2.9465635428319494
0.4037935719166594,1,0.8859100409002403
0.16178653010998756,1,1.151826763675679
0.6716465827938417,1,1.7929597402252355
0.6833269562140579,1,5.933867056470244
0.5350191202139929,-1,-0.18142199167728457
0.3304945903984823,-1,-0.6502308492175295
0.6867004107107106,1,1.566447798535938
0.36967734145683473,-1,-0.9076219795577464
0.6062047521172502,-1,-1.2007927681499633
0.15429846112707343,-1,-0.3529477494603629
0.16716076413188066,-1,-3.3139210310702363
0.5109958626422804,1,3.287624168970922
0.6536025922186067,1,4.022642896761607
0.7917334297394621,1,5.062214667548199
0.5460307718748877,-1,-0.8159293089291876
0.7685024178197956,1,0.3894553032106147
0.37039764927385277,-1,-1.385378751393062
0.6561240880259704,1,1.9689830016759928
0.38615193781554646,-1,-1.0698644512659439
0.4567509690390855,-1,-2.438500733037592
0.5995120059663447,-1,-2.2783765351021255
0.9142264594618741,1,5.302697357533987
0.9257175178420751,1,2.2720674078452125
0.17549177716466988,-1,-0.9766832204731536
0.3551763190732218,1,5.499588866833535
0.5026111808371327,-1,-0.23123990429032687
0.12836569860637276,-1,-1.159250753972697
0.6922892436440019,1,1.978583655661882
0.34057810241741715,-1,-1.6086404334413544
0.6939105809949746,1,6.010719803364287
0.16720998054750105,-1,-1.2940548615205656
0.7633328088517787,1,6.882818115324673
0.6513622270775284,1,4.558076466979917
0.30461328879593264,-1,-0.5203493707447922
0.6441859470396963,1,2.1836618857078998
0.5288085927315761,-1,-3.1812782811080105
0.6150099028907783,-1,-2.1712995660919145
0.36015498144389674,-1,-0.5729350649559043
0.6747335407592734,1,4.113820101451738
0.048402343191722534,-1,-0.8518260884466209
0.2335188444098558,1,2.0882640989775716
0.7349828040630789,1,1.5378650492213253
0.38978112840860774,-1,-2.189476396622467
0.7648243406150433,1,2.401437732159685
0.7493007749281851,1,2.4273359641688406
0.7612261172325705,1,0.9204204656947731
0.22982482471014323,1,1.6127118887958747
0.8251890293492609,1,0.9632855010548191
0.36602198915170403,1,4.609118748373283
0.25438723789746615,1,8.678878394897758
0.7755562186466931,1,1.1103498249160282
0.06787375318333641,-1,-0.440202092943137
0.11998250819698357,-1,-2.3016750175147025
0.34440067779645234,1,3.4823728615325047
0.3400495140716077,-1,-0.42251938078167656
0.6181737691480387,1,2.7341558608773338
0.621740989291747,-1,-0.14533671630534475
0.741159345982635,1,0.25874521970251085
0.21449256574802789,-1,-0.7129418890632533
0.7315318851437822,-1,-0.2051868236054272
0.3856891308116122,1,5.763599914690522
0.33792290943814324,-1,-4.648202605960923
0.08401456872603463,-1,-2.150147836066776
0.6399990971054925,1,7.78670758953659
0.7244590520381944,1,3.357906767704386
0.754365638363418,1,1.460189460679932
0.8958125483812589,1,2.0960530324214623
0.35245864286583606,-1,-1.7825931900234664
0.8678314348724566,1,6.855753913324687
0.855126319792182,1,4.788141792539957
0.12294698363249691,-1,-2.0593499301857894
0.9643599036305633,1,3.0480699219038643
0.6059258447994488,-1,-0.4800345111074574
0.41598450054412295,-1,-1.135569591036758
0.7660846224804734,-1,-2.6259733346643555
0.8103816706036239,1,3.706579570517981
0.28094887775382177,-1,-2.986921449936549
0.645750885065278,1,0.7123043778594844
0.09534829475184557,-1,-0.9107529680046487
0.2800414657805886,-1,-1.7277957005024016
0.8279373301514772,1,0.9588496209955012
0.7800297633841997,1,7.869282725855987
0.7142273059168774,1,1.9192202133829124
0.3916015662589585,1,1.2042307304485464
0.028900238563279584,-1,-0.16044920209500382
0.10382375733038682,-1,-0.3051270785858186
0.6378641291761751,1,0.9260168237529518
0.18598261599496033,-1,-0.5621952541934937
0.8362230365589572,1,3.2797325454046966
0.4594802037052201,-1,-1.3385711334655659
0.8148899158221644,1,4.10406595303077
0.3195447918815999,1,6.754734166621871
0.771034747090854,1,1.4454673247418097
0.34070630267105645,1,1.8585678068514113
0.9531817348650371,1,7.512423002567116
0.5078327728380531,1,2.3702376818312043
0.2091725479326032,-1,-0.27210280505423884
0.762634962816414,1,1.5779862434193346
0.49732936226572283,-1,-0.3642183389506161
0.10009774624860275,-1,-0.7019386988464361
0.2366003626196326,-1,-0.106067761292374
0.21467061824917202,-1,-0.9773277014244655
0.23538762249865997,-1,-4.290765187085211
0.3638947503231278,-1,-0.8260825408714133
0.22525713312673068,1,0.9070372430509461
0.8871743035570817,1,0.9829015437868014
0.7860589888802895,1,1.1109318703611282
0.07755000070773892,-1,-2.1088344817869884
0.5773511503602756,-1,-2.1075527937632286
0.16238522638380934,-1,-2.2905369342647126
0.4013070085615296,-1,-0.4450923667738584
0.8015608597503554,1,3.907178804507656
0.5353874277091742,1,2.726121869865924
0.6411435744509777,1,3.4487115957112024
0.5960973384081428,-1,-3.478443121917886
0.4235715855321117,1,1.9728713021244693
0.4968848862596778,1,2.1245301408398873
0.35663981575722586,1,3.3527522501209246
0.6802993163747326,1,10.946996683174305
0.7092922282562328,1,3.4013119251001847
0.9468812599624555,1,0.9873022738814636
0.5470108065226197,-1,-2.1228773871017745
0.6326511587389008,-1,-2.6306542487298485
0.22460998363963267,-1,-1.4052377411416825
0.035047971350817345,-1,-0.3954391689668525
0.5982208815204875,1,4.134537639603092
0.884265170157761,1,1.5796513462493493
0.47331123186547447,1,2.299943086061396
0.5032660096749725,1,1.607331115501628
0.22993690440151035,1,1.2217416080645922
0.7760933616156613,-1,-1.8911049587556652
0.5699356175099118,1,4.1055592534697425
0.3550317236732596,1,1.9977665606500001
0.763082094954057,1,5.310080229622631
0.7309686375134931,1,3.3020021191477693
0.7254847085353221,1,3.5380754764899516
0.5261551185431202,1,0.535341036609488
0.5022072861863487,-1,-1.7638312862911258
0.5436559435109632,1,0.4609617844185556
0.4546973940108434,-1,-0.6543078423165591
0.8721944069036219,1,4.345650129313836
0.43703137814116916,-1,-0.6800437168718872
0.6670064836750015,1,0.5510140259396318
0.7121092239435265,1,10.14042629524948
0.3055438198853478,-1,-3.170892845665847
0.6682436983474361,1,1.7965848428340498
0.15602843065734606,-1,-0.974516347734092
0.2913217446332561,-1,-3.0859248693381898
0.6354051721996794,-1,-2.0982022147911774
0.316930587771531,-1,-0.11712670808438648
0.20074278366541773,1,0.530408306612614
0.07512921957296344,-1,-0.6948776639382997
0.10322330157626844,-1,-0.6915060048322985
0.04308618369144582,-1,-0.1368537343258903
0.44823137420655873,-1,-4.44964824454855
0.3451977007951058,-1,-3.0751851802718173
0.9465212422719141,1,0.3909539902232749
0.530045252631082,-1,-2.488625305598568
0.2099794504926964,-1,-1.3917699896383022
0.1971448998879123,-1,-1.7631904912822027
0.5402992040657458,1,0.7982601913382115
0.27815618969589095,-1,-1.2702096331334252
0.5952415353812053,1,1.7281903631961657
0.7305078691995269,1,3.119417159485395
0.7261721599353193,1,5.160944246680252
0.433613071569741,1,2.1638345844983453
0.10595916031531659,-1,-1.7145020185734918
0.9209578821642437,1,2.438198963862435
0.7743514501469099,1,2.980737510290573
0.28193626407900635,1,4.431242701961763
0.7906114965679131,1,4.519766034760401
0.3532537306391569,-1,-5.429859802193341
0.003880390907625747,-1,-1.9248412616206612
0.7736728345128376,1,2.6488492917405106
0.6189603450931194,1,4.979451458891258
0.23202033582146156,-1,-0.7358029708732464
0.31039239267545543,-1,-2.4808420549394476
0.23211096567401002,-1,-0.3106341605651515
0.6677261698598088,-1,-0.6874160441438418
0.46703418688428666,1,4.159551762043425
0.6037836844172815,1,5.457238546178457
0.35006299277960773,1,1.2337147367787682
0.18583437474944547,-1,-2.736266351665041
0.28544655663798874,-1,-2.756745416497655
0.6270735423090853,1,3.638713339658295
0.6440383694192424,-1,-3.043428937967786
0.5711677461398539,1,1.2604224608889825
0.5123465650167497,-1,-3.104255188438223
0.3375017601724678,-1,-0.3407728449635089
0.4432992953618156,1,4.547497960976866
0.2776958369594473,-1,-0.07724309924995046
0.680620645582576,1,0.7953858424339039
0.08256635326128313,-1,-1.0338033019895947
0.9689987183968298,1,3.8517402736742685
0.7825424201469552,-1,-0.570589016255857
0.1195452291893358,-1,-1.6398027126359502
0.5693765655603402,-1,-1.1359603380587862
0.23288714336660654,-1,-0.26063212079504944
0.27407028912287584,-1,-0.4796638335133722
0.4521966745723171,1,2.6832775881715847
0.25401497564849607,-1,-1.9988726819893465
0.03310276115395859,-1,-2.871242128630715
0.4585857092146537,1,1.6934779754475913
0.6486947223851786,-1,-0.890877065531728
0.6812260093799832,1,4.296565517373541
0.16847443695039496,-1,-0.597076169125125
0.7203041481765121,1,3.00214710847186
0.551963261685761,1,6.90207252677096
0.4512809931143715,-1,-3.011147618697791
0.1418599808997631,-1,-0.4632609384763412
0.43863122608066535,1,4.261118300063539
0.5680632299813667,1,4.9705154496285315
0.348832268656707,-1,-1.9268902910360775
0.7027224183074186,1,0.21883463488617944
0.6936156825489866,1,2.0832211100811926
0.6422591847301529,1,2.136996315411336
0.40650875835631506,-1,-0.40924717796632226
0.8921205214730156,1,1.2442993220564111
0.30417740459223996,-1,-1.5708381145186034
0.06644300553775866,-1,-1.4053993713429958
0.42937136922840213,-1,-3.314374483607366
0.71635445653763,1,1.4247035645103536
0.7557294008542053,1,1.3508886117113892
0.6106537882747852,1,1.085888693284487
0.8848096183763615,1,2.152867522124881
0.667154294933585,1,2.001589676335936
0.3330353175441461,-1,-1.3739255525120169
0.5343685629008657,-1,-1.0451523356936063
0.06796775269659604,-1,-1.9233433778838116
0.5730837702832601,-1,-1.7263878464589373
0.49603907636146227,-1,-0.4209676190946973
0.46391121489642695,1,2.048801104371149
0.8172245084171649,1,2.5920855790166915
0.28151387493848695,1,1.0941090934496056
0.15879175455116412,-1,-4.17884397786846
0.1366576488928866,-1,-0.9158273562148961
0.6678737543309201,-1,-0.13541214383578154
0.26116143816606935,-1,-1.0758255701941137
0.9099575194475997,1,5.529676301082237
0.32586015662705875,-1,-3.671295372761831
0.12582685348253395,-1,-2.597438373523206
0.4012904569236073,-1,-0.08442153927662117
0.4226558135363812,-1,-2.6312874655081955
0.07713218343416531,1,3.2499715831424565
0.9094299603280619,1,1.4040624823862036
0.588928451485699,1,1.026508285291654
0.4138870580212723,-1,-0.46349974091756
0.36747061394454356,-1,-0.7197579172377939
0.8781790858984253,1,3.6727071597195757
0.21575112735360633,-1,-1.142952732162372
0.6494203851386714,-1,-0.19114415613160837
0.39710421881579056,1,3.191906545050575
0.8535754751363526,1,6.091954827541736
0.3506177640797786,-1,-3.2912936987603985
0.41734949690679746,-1,-0.611403826899177
0.45715022185939574,-1,-2.2774097960465784
0.28811053964319644,-1,-0.8031983633709764
0.3516523953003774,1,3.0469376793373457
0.21621795917391298,-1,-0.7432713299880693
0.9626311701060772,1,9.125029813371722
0.10222654231490472,-1,-3.1558678136716893
0.4108863626976626,-1,-3.132428476215154
0.21937714605821762,-1,-2.120818756429784
0.7388363983860862,1,4.197512733262521
0.6816369286799616,1,3.4141254645837327
0.8757540494543151,1,4.287914827834178
0.4456482388306829,1,3.9949427248030944
0.4916263024646746,1,2.26175926202545
0.45596935338069416,-1,-2.0484047982757883
0.28934563246026235,1,1.9595213232436668
0.7764069762361688,1,13.663221792921684
0.3433390632758254,-1,-0.9191080755344062
0.37277809290017117,-1,-1.4497355696308547
0.5768889826792166,1,9.464598604965495
0.7160378061395457,-1,-0.3973488751760592
0.36544138301923645,-1,-1.2284078418808015
0.15696794199664982,-1,-0.6490387178950481
0.08236111351934791,-1,-0.5759258079022262
0.648780459190471,-1,-0.9955335449507718
0.7935217578544512,1,4.314847888298606
0.5291369415478717,1,0.5199683095581284
0.8722074749611222,1,7.091530817860743
0.7403207699820852,1,3.787251617331905
0.0456572857562993,-1,-2.5809338121289453
0.8908395705347426,1,2.029892639545183
0.7791901932909866,1,3.3308986583884304
0.7311967352250704,1,3.4826191630627514
0.08540302164431765,-1,-0.46337263542836604
0.40792279746201443,-1,-1.303824944069589
0.9130638034582224,1,2.296382347253906
0.21831374661950967,1,6.950831584799237
0.7426437298944951,-1,-1.1090407090521075
0.21737385027998848,-1,-0.5125749130271801
0.058228942441865744,-1,-4.348972550381556
0.5184979693264706,1,3.443291751409464
0.28040016295792364,-1,-1.415265549299861
0.7288118354826715,1,1.9048717711636778
0.2615169790144945,-1,-0.04311284641905646
0.26226882097984183,-1,-2.00208700969517
0.9622217194044201,1,3.9973476228933844
0.6986892216649074,1,1.0568670264115814
0.5645208268408556,-1,-1.535494785568227
0.4096837520015163,-1,-1.1213785876789568
0.30815398543423,1,3.235520627868488
0.9264597010393207,1,2.396325521578498
0.4899902078314157,-1,-0.3209216227618834
0.4654431965748922,-1,-3.1169570870752175
0.2945224843824065,1,5.58035052840436
0.28893236144128137,1,4.813747546571235
0.857032857969521,1,5.82275206317899
0.8821861756142714,1,2.432270758913277
0.8639628615743934,1,0.8850478797372657
0.8863511629874326,1,1.56084751133392
0.3085296408584438,1,0.8543993745928854
0.07126050529126096,-1,-2.5711618729122376
0.653195394278729,1,0.7675927917473783
0.7827812802493589,1,0.148103417860179
0.6272510882733233,1,3.564626092314247
0.2721311614696995,-1,-1.5176614315571708
0.3908718373064011,-1,-1.9852583702498412
0.8150527674179526,1,4.017936909792429
0.6559648752864555,-1,-1.4927429128625076
0.14289804249391808,-1,-1.703215570355709
0.672848577885126,1,4.727140588966739
0.509738437707142,1,1.2835426801576297
0.6317136125677741,1,3.5299467142535788
0.0828469808463342,-1,-1.3756513624943632
0.888392988046316,1,1.5090568559894453
0.9149342251695972,1,1.8021233832107892
0.563575456586906,-1,-0.27677871851086083
0.6997450273099973,1,2.839772729374723
0.7416681141455557,1,1.5346192246764496
0.87313026247049,1,2.377756330854223
0.35442204226099633,1,3.1020104933644754
0.6807847813693075,1,3.612239480738102
0.5025885114189049,-1,-0.501099047398581
0.18887999838307526,-1,-0.7381571557875813
0.3490177575629555,-1,-5.374028685814628
0.8960808593071551,-1,-0.4389370681913311
0.2282409935660025,-1,-0.8347743704510218
0.2497706980240717,-1,-3.5283462219184263
0.38311141652330677,1,0.7682923378515927
0.9180716140097154,1,3.3020509905127406
0.4485568939853261,1,1.0983123252747213
0.5163943998807193,-1,-1.1181987960371444
0.19024040069778606,-1,-1.0635597971318496
0.8742986102038386,1,0.9377382953255546
0.9032618653464819,1,2.081306724946625
0.7445583093185749,1,0.5640527831132326
0.07393649992572678,-1,-3.048322273693846
0.2283063679328309,1,1.9370340341561834
0.35033180347395215,-1,-0.956734566652369
0.41463564046566953,-1,-0.5872086105133163
0.5711711263407767,-1,-0.8666114385447662
0.42058252439468674,-1,-1.893993562670665
0.9640563236703203,1,2.1384364702315533
0.9100398716037682,1,0.7605881394264965
0.6438075355592905,1,5.802005106778675
0.48239337713607916,-1,-1.116896485635353
0.45970876722943,-1,-2.6998622419231926
0.9339024472662992,1,1.3290305796088682
0.105313633012563,-1,-1.9975575135104948
0.5359307922427254,-1,-0.7626228903051002
0.5495020571092456,1,6.975435421526152
0.783465907045599,1,2.9589994754031186
0.1936476450475436,-1,-0.9828872956216683
0.5049999503435404,1,7.839539439021944
0.03466575026460331,-1,-6.1264255991087015
0.4386260083021492,-1,-0.5060948115482521
0.07968444211390212,-1,-0.7829313197154929
0.08196603077118893,-1,-1.1461010039562907
0.1935079057725217,-1,-1.8735676193325543
0.28569009957559693,-1,-0.06376379532610843
0.35642361328794997,-1,-0.5894967393515466
0.6658276935824061,1,1.2102553888527523
0.6075762900695548,-1,-3.8051426040750105
0.3092569162514109,-1,-0.826307882575029
0.6443978702848717,1,2.5733697547550585
0.39480214062627633,-1,-0.883580499198864
0.480236319536037,-1,-0.6709145046869395
0.14059120968226732,-1,-1.5482235577981505
0.33594748802600627,-1,-0.39474907046402163
0.45562335195649845,-1,-1.036103236179982
0.40595460895307556,-1,-1.2511313976255243
0.3468942752570422,1,4.7080461157540325
0.3711452922617555,1,3.090721956416401
0.6413353046758095,1,3.635871312563797
0.5841145262060901,1,3.469052594213175
0.1118088180227759,-1,-0.722237542734999
0.06601018079093525,-1,-0.15296810058835067
0.6289300289510782,1,3.1761425363367595
0.8671231981138665,1,5.213701246856722
0.2931850083501263,-1,-1.1252299684185147
0.0428667168275351,-1,-0.6904474714827897
0.6004602240981977,-1,-0.7745104397441286
0.5614095545538857,1,1.7035819963957548
0.6053719156820033,1,0.6934727945379033
0.25211035823894345,-1,-1.7464215878006895
0.9301195022275326,1,1.7826022975367448
0.7848151413366746,1,2.2260447831716945
0.7767863643121178,-1,-2.6537485363126088
0.8876898187524822,1,4.2310005982661565
0.5474385023673518,1,1.9577623292482533
0.370593698492973,1,4.390280608382972
0.6822622800456889,1,0.7675858155474999
0.6164380988186204,1,2.6517956702660657
0.5694295015483106,-1,-1.6807520518610954
0.6233476285457215,1,3.204529783869911
0.17322840342292134,-1,-0.35687002705132137
0.40436316210905193,-1,-0.5415983756489727
0.6958121990706649,1,2.614052267845497
0.17845931374617177,-1,-3.1018388657741776
0.4417456798390184,-1,-3.7551194829157906
0.02277877939719164,-1,-0.9191322317907101
0.49688894772440423,-1,-2.2049934805619316
0.12542441553430259,-1,-0.451409430595172
0.22323814658135416,-1,-3.2047603941835248
0.713508554226421,1,2.2866130565974494
0.29358971425248864,-1,-2.2712261734014616
0.2445606226576819,1,1.8783506016433535
0.19467938881621794,-1,-1.6225961069620003
0.43677919557099615,-1,-0.7269728834598028
0.23422821727835413,-1,-0.1441656208973029
0.03801022238036862,-1,-1.4083499889002904
0.07647124150130127,-1,-0.8631185648829188
0.770640495546117,1,1.3922660520624384
0.465961399348733,-1,-1.1202612089275361
0.41111493213385975,-1,-0.43020889288580316
0.255064700267086,-1,-2.6751048367679138
0.2917629023065039,-1,-0.14816263386213385
0.5183224048057797,1,5.971989691435514
0.17585080235149758,-1,-1.2577290635217548
0.1391384378799795,-1,-1.1320584740883957
0.7480588520006585,-1,-0.6611842656574688
0.21117796703436056,-1,-0.023274500363918836
0.9620402386982118,1,2.445520719368554
0.8536943546879302,1,4.853039095806025
0.7509939588771782,1,0.2126686788428075
0.5143032974581405,1,9.987514403272701
0.21379518590044885,-1,-0.6150651948170317
0.7837090870649063,1,3.1185753483609204
0.6515242515152864,-1,-6.213250470381897
0.31028539837241337,-1,-2.0068226354357406
0.06633407572149505,-1,-2.0823977200692445
0.6552455556445926,-1,-0.44523827964130014
0.4728474642944708,-1,-1.343022945661641
0.14496850050586715,-1,-1.4574565923993352
0.7785848164131494,-1,-2.6543044468385926
0.9396900406628074,1,4.587018650473269
0.21957833833729154,-1,-5.2236429249620775
0.3841900944394108,1,1.1056824130988019
0.6922419749495577,1,4.257655598110424
0.9036581952097158,1,0.908857855657553
0.6351515872360204,1,10.893282145655878
0.6696739957838159,1,0.40860280266615495
0.3888462393294704,-1,-0.7532813082876761
0.032215700032703326,-1,-2.1419275007259717
0.35331308761931296,-1,-1.0785524604002426
0.5763667522652217,1,4.879582557004614
0.5292634373096249,-1,-2.5423681138319436
0.7351856420973542,1,4.5325498833881595
0.24148490343465973,-1,-3.428483697847717
0.15511107528185752,-1,-2.3864466640151347
0.07015501033719429,-1,-0.4120243141334471
0.4142238267453268,1,4.47251904642898
0.6194027346920695,1,1.2640114456290137
0.6575844224215033,-1,-1.022904732441075
0.5472144376331651,1,3.1567495242438657
0.7562383657357291,-1,-1.1498036309351671
0.40688771482438324,-1,-0.7013190264567863
0.04747898805062222,-1,-0.8680623281341411
0.3557899946830691,-1,-1.357131601428975
0.23627084296359624,1,3.3098855794411994
0.6104399056403996,-1,-0.7923808536318984
0.5759409455234898,1,5.505671614768978
0.7344806864611173,-1,-2.4725105961357023
0.8172949513200998,1,1.6509916771506479
0.6644792652610881,-1,-2.5366279467638697
0.6017507890425067,1,9.417298795318422
0.827169735862818,1,0.9790934602874644
0.4601822180414731,-1,-0.59283136421368
0.5266754201593414,1,4.114807059462816
0.09828021485893536,1,2.0951077359994987
0.09324488129151524,-1,-4.049100904238942
0.938484995908938,1,7.466885284760901
0.3215678980001097,-1,-1.8085252507969174
0.6768673172204065,1,2.57347162019275
0.5151734465533953,-1,-0.9334591210293564
0.15347384206543666,-1,-0.4683320946971941
0.6506684225038573,1,6.788669744954606
0.4273677652012942,1,3.1994158487725697
0.2816453729171466,-1,-0.3664972218677251
0.06172191286809324,-1,-4.442479607940904
0.8735916831068639,-1,-5.070405153699526
0.773623464492373,1,3.967530956265967
0.41319532784474067,-1,-0.7966077613022221
0.4748671055564839,-1,-1.4763652393115279
0.2341740182866162,1,3.7135714841483307
0.10168067251133285,-1,-1.1859863750457558
0.9080602108158377,1,2.7150521126237783
0.43696604976627657,-1,-0.9337047882945191
0.18897981024063604,-1,-2.186895746123108
0.3064772592916743,-1,-4.0957463277536315
0.89898701982285,1,0.4370721383254932
0.49772878927599257,-1,-5.24453684839831
0.8704781541512427,1,2.580090802253509
0.6392837323983039,-1,-0.8188134308654613
0.5537326571840947,-1,-1.2284105266503116
0.9073453309787496,1,0.8461778992781012
0.35168787478834923,1,5.780724657695843
0.08313803529740747,-1,-0.3057637907260372
0.2627858574959896,-1,-0.562604536736298
0.11614332703517984,-1,-0.19033126498973782
0.5337720588967373,-1,-1.2477265641276394
0.6096635281704403,1,3.418637288308104
0.8245709820815927,1,4.343122125392513
0.5180840000216781,1,2.517057393548999
0.9720652054109057,1,3.9023288840682016
0.8308620868183623,1,7.389367008336959
0.4990836726004346,-1,-6.314114788095427
0.5343625847271971,-1,-2.2740610140425406
0.24918237363785775,-1,-1.9956758209823053
0.791487874678684,1,2.465790909930223
0.7237601739936363,-1,-3.7766091609375474
0.1530883202327157,-1,-2.956803791422068
0.3982015572528256,-1,-1.4002570863189652
0.23964332523379112,-1,-0.010290693881435135
0.8671318129535674,1,4.731943608594625
0.43298716178901747,-1,-0.7733616389263128
0.23991448945460217,-1,-0.5281838133627158
0.7658884665096818,1,7.310395054658959
0.2909044888628252,1,1.5131083233952998
0.38530294388282116,1,1.92680913420666
0.7242132092414965,-1,-0.4788277577943079
0.43750295290438795,-1,-1.7182723330634802
0.6753685808183663,-1,-1.6938786162574873
0.7605867834637215,1,0.6374391872539945
0.7996125505040387,1,0.9636951155910347
0.8297464663778492,1,3.4406444558632883
0.23280777981907957,-1,-0.360152969945881
0.2106566516110516,-1,-0.632660605724003
0.6473035554478402,-1,-1.759296272666141
0.21269375569665275,-1,-0.46845745002726275
0.2702008250252357,-1,-2.8136491493642066
0.13563897772841543,-1,-0.32178509093277013
0.4762467430271949,-1,-0.7504075084119347
0.26560959482372976,-1,-1.3592869373916694
0.21443791113689778,-1,-3.399411890324863
0.5359265623369086,1,6.128345979737876
0.5534637353647208,-1,-2.5888100548924626
0.9226628991984811,1,1.6445784798271905
0.5993603370038847,1,5.558197396868893
0.6240387991069569,1,1.9794487817116673
0.6840678662730849,-1,-1.9909884468172974
0.49498761852922835,1,3.0088757771730315
0.4541224268099745,1,1.605724815016542
0.14505208963375807,-1,-0.16384700193445634
0.4311645745081848,1,3.9178692537705837
0.0806329196043829,-1,-2.1421546243130654
0.5493665771934515,1,4.488748514440711
0.38868939679915127,-1,-0.23201908144221203
0.663386720600123,1,0.5491922970937829
0.8552489144329612,1,4.5402926213779216
0.1929963497592831,-1,-1.330066855574033
0.15724975643863853,1,3.820474625676952
0.49626250637012836,1,5.992667332580605
0.7459724810088917,1,1.303591855754725
0.5689647873678677,-1,-1.5224799613679054
0.19809626236560107,-1,-1.2219644415776483
0.6282991189263246,-1,-0.6695757204253702
0.73520574046973,1,1.7508885272394457
0.7214243153525121,-1,-1.6893602171653483
0.8158646727903789,1,0.6384563039490728
0.325018058840999,-1,-0.5480383249064753
0.5667566598458416,1,1.957147998864337
0.2863485796171244,-1,-1.045010968567913
0.6235840094942533,1,3.4512879707760344
0.5411719399538181,-1,-0.460433789827228
0.8327704137167696,1,0.7345868351368782
0.0671910924303729,-1,-4.394503369727149
0.6449570269183457,1,0.3337207429195171
0.21782424203611866,-1,-1.3371101331258877
0.3163570959838422,1,4.99535728330095
0.5863349821459505,1,5.897742768438866
0.7567166929754104,1,5.024374289817932
0.3374441244326061,1,2.37038635013519
0.6482869191957914,1,1.970994093399985
0.7057484012757593,1,4.9266507118303515
0.590323174650676,1,3.619918906736733
0.8582156055175987,1,1.9576546317243775
0.7458505206771102,1,5.843401578964051
0.8688839830922995,1,4.827860168677714
0.3548539084965159,-1,-2.272874701876223
0.14413115923143952,-1,-1.2077628258223654
0.9474329861892592,1,5.510177325456267
0.21869766838495341,-1,-0.1816613774567981
0.2960867327511602,-1,-0.45938840281596516
0.037182582630967694,-1,-2.668614109542614
0.5851265463187844,-1,-0.29248114632338534
0.5402222596121561,-1,-5.258029925270845
0.5127214920380397,1,0.506601611765826
0.6879779963993274,-1,-0.9321987786401265
0.8901234965439565,1,7.7251455969100356
0.5155262682783646,-1,-0.4467288893558412
0.6551216752195356,1,1.6980804020139368
0.5509013631289118,1,2.692375680545331
0.298047942978615,-1,-1.0922036922676115
0.45546204230935033,-1,-1.2665873026642218
0.6339920267095965,1,2.3874038525831436
0.3241030816852436,-1,-0.7719259196868987
0.6644842540359036,1,4.839839920285595
0.027338054498411857,-1,-0.07898966880742402
0.16566305463377526,-1,-1.4708916447955458
0.8576847713656851,1,2.7258248389991353
0.41966701682885876,-1,-1.5549388502845787
0.2239006295174728,-1,-0.049435635274432094
0.7762819499664237,1,8.940942884317456
0.9178595137803899,1,3.1952982463272823
0.23544738610540547,-1,-2.1614115671116125
0.882597035735544,1,1.9618293456519116
0.3663278083765064,-1,-2.8368090985911723
0.8175298928185807,1,3.223795276745893
0.40746575341904495,-1,-1.3250120324743635
0.3812296891018494,-1,-1.0529965322188344
0.4659821607822318,1,5.309716971681552
0.5662843239903532,1,3.0670651237642756
0.3063225904165594,1,2.526137079953796
0.02529717770474352,-1,-3.3733903666820013
0.5790824686334485,-1,-1.8247462543962072
0.7656720869967631,1,2.16780992814725
0.5374073525601842,1,1.1594469750727914
0.502355411603948,-1,-2.5834222748671514
0.6188266216455668,1,3.669476593651606
0.3399631690411814,-1,-0.02180937571892715
0.17013422646450294,1,5.228972609369337
0.2555177250913194,1,5.866466834625083
0.690379473589569,1,5.872310632317764
0.4241324818257291,-1,-0.22923699911264594
0.21310465069959003,-1,-0.3616895431628672
0.9384428508331127,1,0.245606066826911
0.11067783874031445,-1,-0.8890381303520899
0.23627731112115946,-1,-0.5841378144297594
0.47723152993322987,-1,-0.3246969314993184
0.6301067376113564,1,2.0340909670557554
0.17908109635403177,-1,-3.1238707928477405
0.7197007316547016,1,3.179523065869137
0.1540780477487226,-1,-0.2165735577156549
0.7085404630049508,1,0.3259008731399493
0.032321479543108274,-1,-3.145621783767904
0.6092082947720503,1,1.9470297203483806
0.49728426343843535,1,2.461280565079714
0.0654539574086556,-1,-0.18920777500247385
0.8909523701695929,1,1.9176523758464705
0.7212491350122282,1,2.971416192125428
0.4412966196512978,1,6.040586429083886
0.9011913187479299,1,4.528439846294273
0.3652309776187711,1,2.9980902105587988
0.08500504542721965,-1,-3.260755679626696
0.4741582592633072,-1,-1.601900867466316
0.5412533769168718,-1,-1.986191186330834
0.5216280494436984,-1,-3.05945409820353
0.4047358235092668,1,2.2710081002670934
0.2475987516273146,-1,-0.879680487385304
0.8249475823600072,1,8.829454366907946
0.5569306332123677,-1,-0.5128107556620786
0.3432765944313926,-1,-0.6970369887211002
0.7487310350754178,1,2.1852963639182224
0.5109846477411776,1,4.31427248466508
0.3193975571367985,1,2.5021500146919977
0.9937526793031339,1,2.476750208388573
0.6365719558206294,1,6.517770355829796
0.5649321265381743,1,1.874286849117127
0.4218944494972193,1,1.684137411423496
0.27569994851088064,-1,-0.48859310427228814
0.9186349018505641,1,9.492925471942604
0.2030019493852311,-1,-0.07811045876518775
0.316058069152079,1,0.9912679597968378
0.5720282571097368,-1,-1.0649267320498563
0.7009635750052827,1,2.8387404696749843
0.32547665980597434,-1,-1.315383355533019
0.30172924582882144,-1,-1.159250180818395
0.2300389369966236,-1,-1.1615688254077425
0.33045616764782393,-1,-0.7248720436895485
0.19487278919874446,-1,-1.0740154615466095
0.6934851572954736,-1,-1.5897353531293648
0.5273031643202546,1,2.751787777629371
0.7655498436833964,1,3.9030938431662343
0.24447082498853967,1,1.2961903085839246
0.40054200022958053,1,0.25329426809385597
0.9726774939954529,1,3.902816258174518
0.7586232135041607,1,1.2857102492807178
0.4308806109309366,1,1.260058828367155
0.176436050452792,-1,-0.9218158749527803
0.2120772519052633,-1,-2.0613743624911014
0.8212640767248168,1,0.6651297952267561
0.7078946864486532,1,1.276013401189192
0.8477926789345348,1,0.8489602166574739
0.3068004378101985,-1,-0.5985207222517908
0.28915712652526226,-1,-2.6073285547692704
0.7650023580915675,1,2.64946614694165
0.48602703510748063,-1,-5.065348125891702
0.7592766350380711,-1,-3.4590295818556522
0.49915390692677564,1,2.2932270380840354
0.45202228945503053,1,2.5471946785736526
0.7732499806127803,1,4.491379002313874
0.9322325005846235,1,4.954593323183712
0.06699843491226408,-1,-1.5961452486175507
0.5169955064453383,1,2.390728192906651
0.16848135985074084,-1,-1.4068297015060667
0.21424897649686775,1,2.8375451909908
0.37462757455582324,-1,-2.6069382147172058
0.8141936732674425,1,0.23023189736872485
0.5550267975867922,1,2.9472035550419498
0.3958271305632105,1,2.1796016905112796
0.03403359776976053,-1,-1.6676518162393184
0.47541359698523666,-1,-2.1155400530178263
0.8731817284634481,1,5.608747607738673
0.7490626052119714,1,1.2780441852887692
0.3171592776076558,-1,-0.5828870463561924
0.27045406316014986,1,3.3448064561004722
0.4425369869638168,1,1.1915979416791869
0.7394826229173092,1,1.920330493363043
0.7120220560107514,1,2.7484842965915415
0.24702971096530887,-1,-1.6878612222414702
0.7562880232057144,1,2.749446495436204
0.4782734433965367,-1,-0.6606317327638618
0.4811055420938529,-1,-1.0737031454079011
0.07746821259198745,-1,-0.07365629674567079
0.07492728597594352,-1,-1.269321859275709
0.375596354698743,-1,-0.5638025089180221
0.8932383333915743,1,3.2795755880495134
0.6891563607847037,1,9.266487476310306
0.578276556355641,-1,-0.4339375638113314
0.7374006570671701,1,3.8319197478886604
0.250022711462581,-1,-4.212527602305249
0.42034456943171455,1,5.511657280372633
0.6630989988762569,-1,-0.8904112162410026
0.13714126037824814,1,3.06551848992272
0.21484345900049978,-1,-4.076327517280236
0.08218211810557421,-1,-2.246659577697319
0.8444956544541165,-1,-2.1145418696010116
0.5560918895157344,-1,-1.5816405177312238
0.8141387734753623,1,0.44930206444983467
0.489515313381086,-1,-1.939254414552598
0.7471161327296532,1,3.779207448555452
0.8832334796010651,1,0.9318031576510608
0.14597948880813091,-1,-1.451140741971251
0.49076914762446755,1,3.9724898769878223
0.7390113266542362,1,0.8816870658049056
0.33112589276436993,1,5.248826128027208
0.9633250067900261,1,0.7950658453707825
0.691779949306259,1,0.5784738955052906
0.4649560118992874,1,2.5316365229410196
0.20442564192702758,-1,-0.4613502559424438
0.8208729942845124,1,0.6427581718154695
0.7646051029536526,1,0.3132401083124581
0.9015885311028886,1,0.410737942254343
0.021268622064743368,-1,-2.5442380677056784
0.5425340660814236,1,3.576962372049077
0.3313150979886404,-1,-3.481701404729109
0.6394473676384276,-1,-2.758624495542595
0.05582609724759618,-1,-3.7976392709765032
0.640982599244757,1,4.764800656055729
0.3043622599488296,-1,-1.4594987259201
0.07336793977472728,-1,-0.18509988895549684
0.8428465761855778,1,5.34585514953837
0.3381041099418101,1,1.375351651133549
0.5174732698229781,-1,-1.6966077472810699
0.6410619438381572,1,3.429387210131018
0.8902768659185183,1,0.3058090822879965
0.5044609052969713,1,0.967791256261028
0.359501138003509,-1,-1.851123954778583
0.6468848738794453,1,3.0881104530329755
0.7553315253338825,1,2.22595796263755
0.09856202533296471,-1,-1.516857830515044
0.4039625166572183,1,7.679641738394912
0.29014549570785203,-1,-0.37229986148957434
0.9034152269261418,1,1.24975898568425
0.5996613898947808,1,0.7005143833202891
0.6597335856604644,1,5.803229175020673
0.9801189065159137,1,1.487676899227857
0.7359535494164474,1,6.798980850013994
0.07456908336568271,-1,-2.172464348640372
0.2688019400432414,-1,-2.111368704294708
0.7654927018857078,1,4.303342504470372
0.6497848772463904,1,4.429443239556379
0.5277015897533042,-1,-0.533629301741743
0.5535998095164,-1,-0.6388023861914108
0.6914358555014372,1,2.0787015105237385
0.4405675018866011,-1,-2.163428016430759
0.42297976350831934,1,2.832396395174971
0.44405635699157653,-1,-3.4161407002732767
0.6258058343833235,1,4.635912801338101
0.6957160027534112,-1,-1.6548329015677818
0.11216221870551404,-1,-0.716261986899641
0.8538244350006049,1,2.8127283834352266
0.8866776668921323,1,0.5453964520137818
0.4710732998607815,1,4.357290914288498
0.9399703215116564,1,0.29468717479890666
0.10080666726993052,-1,-0.7991430790772885
0.7161903961728397,-1,-1.2062931477514116
0.5688132370272925,-1,-1.3068260930636164
0.23983833698419074,1,5.6167897110973115
0.6079471706272469,1,4.474844499679115
0.3924972158364047,-1,-0.5307096512662578
0.8520558573114336,1,8.477543244107082
0.3337201822199716,-1,-0.2770143431515799
0.7019753586472213,1,2.6341518736758553
0.17770000509799094,-1,-1.673769578378561
0.02590427470453913,-1,-3.9139722561017614
0.05329047751118863,-1,-2.2716398807722347
0.7511767859314341,1,1.1985368287483193
0.6520484014106344,-1,-1.5420141830352139
0.04690265299065934,-1,-1.060519656810032
0.714346288079627,-1,-2.0496472836813666
0.7513303009178451,1,3.5075352841186316
0.5161996038644591,1,3.3776803813742546
0.21549937842520042,-1,-3.6443933798243786
0.03294859947888615,1,2.53662029824622
0.8361626565182929,1,4.81823208904172
0.9907271412364793,1,4.351316839509277
0.44733746978617434,-1,-0.4846757421335774
0.2693508916065816,-1,-0.9221709802257316
0.29400587590224364,-1,-1.2284791886845614
0.887546493617714,1,3.8298369085698716
0.18181542206889306,-1,-1.326524556153812
0.4709848911565619,1,0.6160207302233887
0.3379740021648471,-1,-1.769515329687805
0.3576231717359963,-1,-2.141838388765731
0.7289660832676855,1,11.964256457317422
0.08835357451541535,-1,-2.0399051145543927
0.8547967261207099,1,3.43418977042492
0.46352806409477654,1,0.3996278293040141
0.6440232468701571,1,3.2133716419978082
0.7356554169344487,-1,-0.891295702767585
0.7474361615259284,1,7.221164131196836
0.9514022013424589,1,0.5721001994384562
0.8540915312150635,1,2.937316659497123
0.08783339526383852,-1,-0.25247322965717883
0.37493968780946846,-1,-0.8430484100121416
0.37136244302359306,-1,-1.1499638865395954
0.34888615857098676,-1,-1.6288402564881173
0.1338584215657363,-1,-2.180482766309694
0.9107088458637217,1,2.875084458591827
0.5854457267538451,1,1.1452069910591156
0.10810867003437721,-1,-0.22007617808753552
0.8331094040027848,1,5.493468927239633
0.5860290425961867,1,2.9815360486727
0.5214699096660688,1,5.200433084645129
0.5015766279085818,-1,-0.41918208292188797
0.1713702784444764,-1,-2.264654224135058
0.5636801536146556,1,3.860989253787226
0.6475633887223843,1,2.512457306185121
0.6696199091531254,1,1.436759788660878
0.5688256823435027,-1,-0.6904839828195246
0.8077530841204261,1,3.0708283335288957
0.9387519272911671,1,1.0974457524312244
0.08846518090064914,-1,-0.5828288062157754
0.4039423078280711,1,1.5228282517404717
0.9164458413843093,1,1.7953791555566867
0.4049970120484117,-1,-0.4121994060484313
0.1348587970172673,-1,-1.8614525917474043
0.5025798523755332,-1,-0.06999885427880799
0.43622790886697466,1,2.455977147289448
0.8342339382332765,1,0.32438100785631707
0.15038683486476592,-1,-0.5749037408127525
0.5703617043147587,-1,-0.829036686640655
0.40184674279275767,1,3.347378517687061
0.8489363084903633,1,1.7969739797045845
0.7355932532211436,1,2.802962313857514
0.2986692390360003,1,4.020744410383392
0.4399588191284375,1,0.8333331566509696
0.7219476278828151,1,1.3511770208105376
0.2522411171889522,1,2.1648301912296573
0.9658264654746656,1,2.2297612246339886
0.3963567788070553,-1,-1.1329141998946382
0.8023569256305796,1,2.1515479945048854
0.4063288930856885,-1,-1.5415372449353064
0.13813251666868753,-1,-0.5920419541152938
0.3990570603988471,-1,-0.20009708944481167
0.4844158706712666,-1,-0.04689652603685404
0.08735187363160235,-1,-0.6754055758985064
0.48515611413268894,-1,-1.0648298881419844
0.6598768316438479,-1,-1.756254054995296
0.3244103789357814,1,0.8221021521481162
0.5592579636911228,1,3.267730710462748
0.4773397458459099,1,1.9875595444427665
0.6588645871837189,1,3.5673754672476994
0.47611109272875657,-1,-4.123426401596297
0.9350021325118717,1,2.0360005769521066
0.5543442994043488,-1,-1.7258352933062513
0.8528084756511249,1,3.5309314740058118
0.020806166561040975,-1,-0.6697485746277995
0.12974552395053549,-1,-0.03629613272537423
0.7660227923314431,1,2.3638923308818303
0.13475646145404785,-1,-0.5860460416912414
0.4979351547817329,1,10.439993725199377
0.5233535283538745,-1,-2.9241010475043954
0.44021609189578315,1,4.270985594097291
0.1765695468920199,-1,-0.14985307373612097
0.3981979817972298,1,4.474646777657254
0.43088971096715933,-1,-1.937024603160097
0.22119203426465328,-1,-0.11164599188441963
0.7555865099116588,1,2.6464291410669247
0.9661421618201056,1,2.4802238678248387
0.4497728089907984,-1,-0.7027356733916297
0.4466391345200155,-1,-3.6809343684922613
0.7548024129822639,1,1.0725726846553552
0.7837830681225291,1,0.4072118538002544
0.6615943857227342,1,1.0859026501745002
0.39719475519553954,-1,-0.6371962682457448
0.446370492723612,-1,-2.974195992087625
0.5721153093867104,-1,-0.4603794946356303
0.8662850946842556,1,3.103906990525087
0.4292136694726087,1,2.290221527484221
0.7871057977511998,-1,-4.4580140421028345
0.9492195720063065,1,1.0201221627626422
0.0302954487457303,-1,-1.2970236835486562
0.2920548975547856,-1,-0.0815170693933443
0.4755661807451262,1,4.014262434398803
0.498546421672104,1,3.982976394838298
0.09468618909287932,-1,-1.5208714112945532
0.7519079933003641,1,2.127057782891265
0.4084699554960108,-1,-0.3223688428382073
0.7257356424362222,1,0.6455837386459568
0.9809581314410283,1,3.39111212456039
0.22762681191617537,-1,-0.5452840686815605
0.858861800105967,1,1.375052260925103
0.06284451967822074,-1,-2.9068255916769448
0.2860449205072217,-1,-1.5792470297248056
0.44998260921863015,1,7.533660034452652
0.42342914000092435,-1,-1.9860629371345724
0.4066457803590799,-1,-0.4494370239609183
0.9390392229974597,1,1.513794127454144
0.37276221048104013,-1,-3.7156576554974023
0.7849587041304403,1,6.151352990028701
0.9718316703443253,1,1.4297749953474108
0.7276408585136779,-1,-0.23577653010281205
0.7836513985946728,1,4.130939345590703
0.37490302970605827,1,4.300059346446333
0.2599694715074687,-1,-2.98432510373406
0.2372277650240219,-1,-0.8769236873608989
0.5779170458670873,1,0.23304327233846983
0.5046978916326311,1,1.0273213870889482
0.23860024430334806,-1,-0.9665214039694493
0.03396803956756402,-1,-0.40795671246598325
0.687915177217207,-1,-3.7458770598495854
0.9716515229044727,1,4.4485110832456645
0.04329911087852408,-1,-2.7241493326006814
0.7194502641494701,1,7.317811238609299
0.17649738259748265,1,2.6831923325889275
0.3531982150165767,-1,-1.8716259762648364
0.5212503257120109,-1,-1.5934226411988919
0.368731242820475,-1,-1.0590834325914114
0.20796028384185142,-1,-0.9745898126265752
0.36910126857314407,1,2.2949782054819816
0.5514859312867176,-1,-4.889373159944533
0.5629186462188037,1,0.8723395174728885
0.5268031711079475,1,3.4040143549480457
0.6024620145967261,1,3.722039441867963
0.22291384433767428,-1,-2.0327945968692145
0.6350637192713099,1,5.901132727720527
0.4004325914195218,-1,-0.27330784240902534
0.02733932099839967,-1,-0.21789709933976364
0.3705492831319263,-1,-1.36657678039319
0.03748499808037782,-1,-2.2738521256325934
0.7454588888480905,1,4.6580241441435675
0.767324698476141,1,1.25085069531187
0.2491010910935618,-1,-0.9745297262284226
0.16164888335077113,-1,-1.2634448296613194
0.09376989996030179,-1,-1.132428551458793
0.9412068898610259,1,1.050279462120654
0.6832550309891595,1,11.487432858510596
0.8141903547745422,1,3.3131338710152365
0.7031826316349374,1,2.524464449463874
0.6378310403320205,-1,-1.0310065894774803
0.7690182532694794,1,2.0721078719786297
0.633171597025782,1,4.16459696753258
0.9132697182248343,1,2.317518314558034
0.5569565619877459,1,4.324552049505744
0.09822106914924168,-1,-0.95059477605346
0.27946786032837556,-1,-2.835171889059002
0.4457461812016493,-1,-0.9408334467997279
0.9296042165411746,1,0.20353797839402812
0.41747118384443277,-1,-2.055165944424531
0.30045522777687894,-1,-0.7243472339718857
0.2141965520755894,-1,-3.1007377133418204
0.5165288313014241,-1,-0.18302197741938622
0.20144226093558598,-1,-1.031395838581615
0.5117398974378905,1,2.199796492331171
0.9152660308984599,1,1.6215886952674026
0.6438677433535178,1,2.032913716793315
0.451281773367586,-1,-0.15926843052022568
0.9715874610947991,1,2.4279312631208674
0.3500895619272368,-1,-0.1364430008983927
0.059255636736790115,-1,-1.0306939391287724
0.3824956634958357,1,0.9202624311401332
0.268349976563226,-1,-1.8216578995386
0.2254461102658455,-1,-1.8706176005951005
0.8093879655960919,1,3.5405728215270074
0.43899236004737663,1,1.3717736877952302
0.09526630616253359,-1,-1.0364772436100425
0.8580027053444197,1,8.289325732754666
0.7539171942943687,-1,-3.4538363961727883
0.6930792865427741,1,1.7858621476795258
0.7910641445009357,1,2.9451512469732455
0.9007423732575044,1,0.5901997192394473
0.5607119449723147,-1,-1.2958462589545876
0.6008323093944937,1,2.1853536985377984
0.7949734788159476,1,2.302190247873929
0.8928768480765591,1,1.404813346986767
0.6677636550749972,1,1.016160730869291
0.5511350220587994,-1,-2.1164194456247105
0.41254890847263864,-1,-1.836082721091732
0.8022459703849084,1,1.2274621050948458
0.18247440912377863,1,1.8803862198173733
0.4775392832368687,-1,-2.6094946455378403
0.07552972575401008,-1,-0.25029326747142705
0.16928151941517516,-1,-0.7156911387571493
0.5952029276811056,1,7.075382160387468
0.6237909454247365,1,2.3875790614900154
0.7973743989169841,1,4.124565999696427
0.45083741392891624,1,2.5868880496219453
0.1251079271786498,-1,-0.882362720787851
0.6732231445422661,1,8.716161324439868
0.1235672674057933,-1,-2.5355212972432444
0.8522153651070792,1,2.4598611336022635
0.5824742084126052,-1,-3.555074557435955
0.6092925780121141,-1,-0.9844681298697999
0.22482306322627865,-1,-2.031104720414836
0.47453033500484726,-1,-2.425778032729368
0.796585768959473,1,7.994353027438369
0.8882131636076369,1,1.563681878783
0.31090615229104923,-1,-0.1142619167238988
0.17213452754453568,-1,-0.3312674612341899
0.9772712787488892,1,2.0137444784189196
0.7471601535111603,1,4.177239593982213
0.6049436804914281,1,0.42056282776078513
0.6705154005761425,1,3.366908313047652
0.14130603387566873,-1,-1.5580312179368274
0.10943333173760553,-1,-1.5607813123752348
0.5263350255894121,-1,-0.762276912165658
0.4097961133764528,1,3.3344878212569644
0.015580555674393114,-1,-0.12200045946378192
0.12337840944879759,-1,-0.6526551169217303
0.8443893963006512,1,4.709922059786039
0.6687635571943592,1,8.319563935192487
0.333396023003569,-1,-2.427973870065884
0.17357699773940571,-1,-2.0198324178951372
0.08212461046962098,-1,-4.890668533293322
0.4957483263282598,1,3.9111323629109886
0.8075500909574213,-1,-2.2730497248185717
0.26569728863031983,-1,-1.1244946279767578
0.7769253444997617,1,3.9229373243640104
0.5506307079737408,-1,-1.1889811901238794
0.3534010738267538,-1,-0.4586961512434913
0.3001257995526005,-1,-2.1338416504422817
0.4104661712478173,-1,-3.1800029186225345
0.2622007873655135,-1,-1.9232826243179704
0.6754100438789608,1,3.548109121630339
0.33575195551968035,-1,-0.8076362585706962
0.9985003550455125,1,1.467856688756585
0.8935693907888004,1,0.8915964540542057
0.11230180899906574,-1,-0.5924788977401413
0.2944339874542148,-1,-0.9312756379509692
0.5881504975346669,-1,-0.8195030300615259
0.39246899768462123,-1,-2.1246786698389677
0.9037534696623141,1,4.921721134468214
0.2164387443549916,-1,-3.250744449447566
0.5693952146462244,-1,-0.7642049899372876
0.5710374212969361,1,3.138911341476783
0.05834691378362958,-1,-0.30195160291744744
0.5769939061339349,1,1.3058698205934665
0.36481308779680705,-1,-0.10571425855095447
0.6523033796276322,1,2.7639104499825007
0.7411069283792967,1,5.084114115659517
0.09749139929869664,-1,-0.9129029072005759
0.3250396545677321,-1,-4.563225628371542
0.9475285865537427,1,2.138841786531142
0.0937048797909447,-1,-4.226960200475141
0.5647937166902496,1,4.556813845426458
0.9008783995825043,1,2.6939477176667976
0.1900446422538335,-1,-1.6320615376890328
0.5978060114697867,1,5.070321900255464
0.5530745760808632,1,0.1494317185644527
0.44067710177188607,-1,-1.5112939421422407
0.6282259636041154,1,3.332929328598989
0.7407973619841106,1,0.32115762285900096
0.08504851708593907,-1,-0.26975285156879303
0.5006081378976363,1,1.243966298930954
0.6082794703047312,1,1.1162384504123866
0.8123157686677416,1,0.8237258947056911
0.11286003346395139,-1,-0.7656834849921422
0.38719101590004656,-1,-3.678504022118967
0.2529391573135941,1,7.4957089045654826
0.3370685775207349,-1,-2.744013276814709
0.2648531141016072,-1,-1.0135828641547608
0.9438428644644427,1,1.1321563732304354
0.6441879278405007,1,4.670590475971354
0.37916003763444406,-1,-2.2849771330652486
0.22085196614607142,-1,-1.7196877751939286
0.8346996553126745,1,0.2609144620744248
0.8965675604331044,1,1.7449479507499124
0.666943848685919,1,2.149399690110593
0.6538285233923797,1,0.5973902635197554
0.0657832393665096,1,2.818816447680562
0.30294664439486657,1,6.007031784298748
0.7126561974938739,1,1.3657562873792775
0.8477174309347364,1,9.608070642409716
0.4490194336136384,1,0.7070861781960401
0.1746458440081035,-1,-0.4127245018473132
0.28690180682142,-1,-0.3197962998558431
0.7176307695732042,1,4.904225686084415
0.24078012186755854,-1,-1.001052749828742
0.45434953584568916,-1,-3.854234755177636
0.5189794836481827,1,1.7239373441762194
0.5617593484827833,1,0.29780926177040556
0.9807103904579754,1,1.865592679930058
0.652578384596483,1,8.087891754931743
0.25279784750315865,-1,-0.1948176899382123
0.31387952482999437,1,4.4234329302694775
0.37186402300438853,-1,-1.5491747146323904
0.6741905737762494,-1,-1.0570253018768785
0.03640594065634487,-1,-1.2697051718405268
0.5041680595651303,1,1.7028516618326495
0.5851502097985,1,2.586228714915755
0.3046090403978213,-1,-1.6899188068875748
0.41439251916128167,-1,-3.713729517705316
0.35369547105260063,1,2.46110166695917
0.4996015404762983,-1,-0.8118661808736765
0.4375366174158332,1,4.050187180241762
0.458780463491853,1,1.4687698854037765
0.7594277811251388,1,6.405991430977384
0.5520764265996364,1,4.3750776169761085
0.8826645415837671,1,4.331249538356783
0.6509728905270179,1,6.568636039045213
0.5447622063795221,1,1.4845432411621964
0.13509111833827314,-1,-0.9069697714739984
0.794780555232198,1,2.639743481742077
0.34103423685039275,1,3.258340462535619
0.24651060312087367,-1,-2.968475272182621
0.7176835479168032,1,5.935428268714674
0.119486656605642,-1,-0.5030968063523636
0.5319531746461656,1,1.512255775909938
0.1532831736537244,-1,-0.9847859463901654
0.7930294402787313,1,1.7504160093300427
0.07020227961757716,-1,-0.9902810706062473
0.11291882130717354,-1,-0.6460092490087163
0.43532039631265773,1,1.5316052799346387
0.35252688430350876,-1,-0.09208743278010013
0.28256340203213515,-1,-0.07369293775775913
0.24250608017907205,-1,-2.354205017535273
0.7426116985703093,1,3.8501018757692664
0.26465903889632675,-1,-2.628203385441662
0.5919369383539864,1,0.8274650000226741
0.203387345162011,1,11.130394607484266
0.38319184208380863,1,3.2129193839829573
0.5470950389486507,-1,-4.89943251755138
0.1429777321270057,-1,-0.8895908617174352
0.25412121201019516,-1,-0.29792685243710954
0.20606745623501246,-1,-3.8827367948129474
0.8397178043553466,1,2.3901999399783165
0.6388214889040521,-1,-1.5140000956142186
0.5327667563674797,-1,-1.2814532179010358
0.9714012253989535,1,1.530137271448331
0.6765651516336683,1,2.514129981352501
0.579777454605997,-1,-3.1109853390541695
0.6105440733843178,1,5.294531324026829
0.2522771029017442,-1,-2.1039163712565245
0.22578256801696606,-1,-6.794730514078998
0.3942011661294574,1,1.4117799347326803
0.2299939021125621,-1,-2.92842653773274
0.6299440997538736,-1,-1.5524061528223756
0.5513071655557623,-1,-6.7863522949063535
0.40860704877002624,1,3.285503900644793
0.8690939674905167,1,2.7478082531846746
0.08383529205233503,-1,-1.8183735086606425
0.836264445137522,1,4.528796574616246
0.6251729379920318,1,0.6702564002994048
0.5661373753924304,-1,-5.448498939757887
0.8572040620014809,1,3.193328768325228
0.863274908977375,1,3.6188555275337544
0.18663605065968436,-1,-1.556675072866337
0.488162641290427,1,1.9581398430813914
0.5888299697564395,-1,-2.07931223178795
0.5044076381540523,-1,-2.4016400086421075
0.8288291691607822,1,2.455627927103442
0.17833587416238897,-1,-1.5317772199522932
0.46269461025995695,1,7.127551680007889
0.6662763985177976,1,4.680781659609718
0.40341379697499585,-1,-1.8242716523015268
0.6655915160516848,1,1.67296079074692
0.47984974000076247,-1,-1.1576024449214957
0.8105039217865906,1,3.5555266725259376
0.6631792749710672,1,1.647009628758471
0.9370390494377147,1,2.4015476982302904
0.20831716212812568,-1,-0.9156123483286935
0.3480931896539892,1,2.790031448168342
0.5823326670754913,1,0.8870857649040025
0.7248982672485413,1,0.9496516443459289
0.5222890247019499,1,3.532958442879738
0.6754597033258294,1,2.6572811440325106
0.11324626074425892,-1,-1.4939302310795575
0.6995372743310087,1,4.309427632443945
0.5546570862845618,-1,-2.8031451478484035
0.3756809735341976,-1,-0.5367365384658593
0.7727263723841824,1,0.5886187444035843
0.08705560113311712,-1,-0.47073113814950707
0.7639568316930145,1,7.506966386516247
0.9176384342576603,1,1.1493061941085458
0.9644121749531529,1,0.588382315949116
0.7121714519708131,-1,-0.932620803048325
0.7015945082951062,1,6.245346961287984
0.6414184523093625,1,3.780454828343146
0.0982139455691204,-1,-2.142016670425186
0.28054417859575254,-1,-2.0660161625144635
0.04672413269056034,-1,-0.9897226478603236
0.24892659164244146,-1,-1.3670843906386088
0.3472760112641082,-1,-1.862550159738486
0.15042998858142478,-1,-0.16040676715414326
0.5024244185858455,-1,-2.464174303427357
0.8825165456616325,1,1.9087540605416755
0.6527409455326858,1,3.107768412971113
0.8803767197765044,1,4.934900276701616
0.6847144342608067,1,3.201464918621086
0.7994540545323455,1,1.3648075017826133
0.20580223909999384,-1,-0.1768476091147343
0.10290482383450145,-1,-0.654018172870901
0.43786283585283703,1,1.2598344487877287
0.7947360830455604,1,0.20947730656311242
0.8101598132486415,-1,-0.7524850571940758
0.24765013202038333,1,2.35154639498818
0.8293336564600682,1,3.316058418966711
0.5150023613019228,1,2.9984403960969703
0.683680939524927,1,0.6914013703563444
0.3962107157768074,-1,-0.5520315539839832
0.9314281157860587,1,1.6614959641505411
0.7407927660468936,1,6.460934871789226
0.18803600328419823,-1,-1.139401562469574
0.6788785166385669,1,2.8430160983840898
0.7158384291188399,-1,-0.7835981671034982
0.7656958752467405,1,0.24001137826454744
0.4796430889648293,1,2.5047780990726025
0.7447871225247826,1,5.95556144116962
0.7006798966364521,1,1.1054040383643853
0.7209117613982918,-1,-1.4263260944213336
0.5011940015519147,1,2.181520340693552
0.23782384762344613,-1,-0.7971152995753653
0.14882878953405046,-1,-2.3749664075314643
0.2762170316104222,-1,-0.6186159369251512
0.2120140105308846,1,0.6229231915453812
0.6948402237685545,1,3.6088859279994923
0.8297884751372923,1,1.4909169949907382
0.7061638047650567,1,2.16437223947072
0.4915186115652617,-1,-3.6185127897827565
0.782108410524226,-1,-1.6387315637365374
0.6507208023726833,-1,-1.8158686102800738
0.23045358871799657,-1,-2.186038330015881
0.7365970274372556,1,0.508855327266084
0.09028432391839294,-1,-2.6217347229651904
0.5395740781137152,-1,-1.2589676393737703
0.027598141783506953,-1,-1.1285944381850657
0.43108706971562716,1,0.42881789804182746
0.49719164124204707,-1,-0.3578305271639818
0.12336592783123522,-1,-3.4528287440177388
0.9367961817215498,1,6.407693055910427
0.17310499375828556,-1,-0.26063946378334024
0.46129165972653985,1,3.1245437991234817
0.3136350019660872,1,1.1528825299171226
0.6953339635147482,1,1.6574364240046582
0.019864014056476375,-1,-0.5649251301115998
0.31293051263551386,-1,-2.4223248024740243
0.7322103521087067,1,3.5295875170966853
0.9474404227074011,1,1.9336503042055178
0.8006800235681059,1,5.2662979392864635
0.7831440495907959,1,3.8814284350618107
0.20393414673626806,-1,-5.701301293922597
0.2712617227821423,1,0.7407856934248679
0.4946691576498744,-1,-1.316216351879121
0.5235969602505547,1,3.4987881022164866
0.6026558574035926,1,3.182148670427787
0.24455020530864974,-1,-0.2456963916361446
0.4833896021395856,-1,-1.3753566189914364
0.35188994977571914,-1,-0.22031360609538064
0.8650244788700397,1,0.9345325977008749
0.13497094660761133,-1,-0.3583201203485304
0.6088899735535277,-1,-1.1158055041219892
0.16066250117788605,1,0.7301919487972321
0.5179928131001424,-1,-0.031124091807922347
0.927276514643607,1,2.034708301053358
0.06609871463340387,-1,-0.343459692115099
0.07838698889790194,-1,-0.052692196323061456
0.5909838349262336,1,0.47708708513514086
0.17186653326929785,-1,-1.036001440739709
0.11828247584050534,-1,-1.1371730195016987
0.4872009336473886,-1,-0.568006177478851
0.6680504330210609,1,1.8028063889946846
0.8465808202561713,1,3.4513244230344977
0.8683812818516018,1,0.13085106118504158
0.4265230434787215,-1,-3.1134640028100247
0.8996004397823931,1,2.4328553335051533
0.41220377944579073,-1,-0.03676351715307851
0.9027441014137426,1,1.752398251034719
0.12681990356572906,-1,-1.1268598684769113
0.8139382292204891,1,1.7361173329332946
0.08944538839624301,-1,-2.4713322164769047
0.6479518309033827,1,1.6158571739112553
0.7031369154447362,-1,-0.9063339404736177
0.44565074699165375,-1,-1.5606002338256044
0.7205451584098557,1,0.21941831093850916
0.2664668789331607,-1,-1.6435219202600213
0.08579387621025757,-1,-0.29016974397115075
0.4944287722942101,-1,-0.8888292941669357
0.8529312139925028,1,4.76157174014724
0.7711480306247476,1,3.7621202433466423
0.3962751909339541,1,1.4838336231401912
0.784744038164928,1,4.2438905852191
0.2689418146861498,-1,-2.0875112224563814
0.39061025545201083,1,1.438893556426774
0.2835570759910917,1,0.249881412475778
0.6142081066984371,1,3.08073237853519
0.8196939686233546,1,2.5549706285172857
0.4845937429860568,1,2.8641326576198916
0.7252341715876502,1,2.404033983479426
0.9382681652597614,1,4.575698429312499
0.8115674441093322,1,4.755124071856147
0.2816697850974918,-1,-3.5978921850208003
0.8742986640398307,1,0.39389378171573575
0.16983044427522154,-1,-3.369114839294334
0.9400156237177515,1,4.012843974117507
0.39777969058480145,-1,-3.2618809761176615
0.020838947753284806,-1,-1.0707209701825395
0.4253130390045959,1,2.3244276638394985
0.770058473362363,-1,-0.3886500947306795
0.8302166446804379,1,4.576081669970894
0.6948452687093959,1,0.33554721445109176
0.7759786121337658,1,1.958823099328694
0.9381679723323216,1,5.8808800905859995
0.4823104226411433,1,4.327842466863464
0.5368746050129555,-1,-1.3688387482243636
0.4940344311921277,1,1.0365500450113125
0.476152509930946,1,6.016305746970518
0.6911614105050905,-1,-0.6521067898225442
0.36057350560969825,-1,-3.8032159731825743
0.777357333865879,1,4.182053874814645
0.6948350965096778,1,3.128793572675962
0.4418815700669737,-1,-0.19920737316580223
0.7631376786148873,1,2.0982789177019177
0.03056352207876845,-1,-2.4992584637888196
0.2726406730305635,-1,-2.391008468920947
0.3726282080580657,-1,-0.8381804101544214
0.6363753458673161,1,1.7659044100335404
0.1616208387020778,-1,-0.6180843298837637
0.6732249950427,1,7.57069840772934
0.40635801599376764,-1,-0.4047420090335731
0.4051406909493207,-1,-0.8581861538637342
0.487695727932598,-1,-4.58096562924213
0.8442822753812942,1,0.5642995870297829
0.18125213009110344,1,1.5148180828907294
0.7228099257850991,-1,-1.3925459258700945
0.7974104876670258,1,4.139660330485319
0.7578625674320112,-1,-1.2549875044428902
0.12355707825799718,-1,-0.5385481902541772
0.5094040779084485,1,4.851858283477427
0.3603984487349276,-1,-2.386742498942286
0.5274013170763119,-1,-1.9366908689315316
0.8478246034964199,1,1.5256665602290345
0.8246059183383401,1,1.413672977501875
0.4905372046601132,-1,-0.47559566105258033
0.22143611890956916,-1,-0.6259921902138529
0.34110636055074184,-1,-0.23595087306588725
0.8128288700932245,1,3.6225984696298994
0.3236898247002188,-1,-0.38263564843426134
0.49812152204739496,-1,-0.6154402899529628
0.7650411554974459,1,0.6781860472330405
0.13173261720487622,-1,-0.42361567594129446
0.7613840132183828,1,2.389681200453055
0.5530002464684841,1,1.2355838438896036
0.3072440683026695,-1,-1.2341876606706077
0.5428878541582514,1,0.5357028667338095
0.6808034496554264,1,5.192931880117251
0.1597052670160373,-1,-5.230260183823783
0.5988893542735669,-1,-0.5142325040649094
0.18426320133623433,-1,-0.9984125721640191
0.2539339063076424,-1,-1.5694631533850574
0.9884702552152371,1,3.6923261259964475
0.3706238030883045,1,7.358116843637612
0.8188783678844421,1,2.7623185947582405
0.15072702231391308,-1,-0.7927137101823105
0.5188997395691184,-1,-2.1414420761896715
0.722664782274897,1,2.8024995344508885
0.435038454589902,-1,-0.12924781806069335
0.7851311340780494,1,1.4075330279967297
0.517024455565445,1,1.3080133580231563
0.8303792116443067,1,7.220956150575261
0.5576147867188972,-1,-1.485845744736064
0.45020696758660755,-1,-1.0973871200130212
0.18569717036079725,-1,-0.6893558839514615
0.718195540478019,1,1.464351040695493
0.35973414340756044,1,3.7429379703689687
0.9418609574052339,1,1.856896799446781
0.8268428148837708,1,2.9758615954407484
0.1897193378282917,-1,-3.2110685892602144
0.7846901222283921,-1,-1.0864371888527167
0.8217092265398428,1,0.2715168256817379
0.7326232841661188,1,4.509569288553724
0.18059456960082762,-1,-2.8100440949460848
0.24651858991315023,-1,-0.8537950714971755
0.37078736685736,-1,-1.8998798621986213
0.11793770074076322,-1,-0.6939721961918722
0.7490879740345628,1,6.67599789569921
0.4321792945250718,-1,-0.11680395375747517
0.4646263302952352,-1,-0.20145237654589732
0.8479074673250627,1,1.4148037079493312
0.6400614626810754,-1,-0.7113282814312781
0.35245079706124405,-1,-0.2127175125274298
0.8557458089162331,1,0.4815213995324322
0.5605121390312037,1,2.38263274004912
0.25230764148292445,1,7.377649775731939
0.07119772228903387,-1,-1.0006170121653744
0.6968616534405901,-1,-0.473557558097586
0.2388360636420349,1,1.797207895519143
0.8330457681286672,1,2.7951736587252167
0.5384908686943537,1,0.7966455168844653
0.278931376182781,-1,-0.7485610232084534
0.7870085149467663,1,5.361355712206638
0.6551574094186426,1,1.2015705723170205
0.9893054803382035,1,0.5698011396451266
0.5615941256122094,-1,-2.28193079139692
0.7818542438152132,-1,-3.646101910596223
0.4918976474891112,-1,-1.8511255627301755
0.17243002932114646,-1,-4.436261990589635
0.9414665828133207,-1,-1.4924972819137272
0.489161445318354,-1,-1.9643014377520842
0.3990459664896918,-1,-1.181422521874326
0.9651128244406496,1,2.8153085654823364
0.7022105448472602,-1,-1.5052110776956533
0.5316192389464702,-1,-2.567729254134217
0.8744702172928334,1,3.7757455657300603
0.28890312513255395,-1,-1.0040081653915318
0.4227718611996653,1,1.6769400644060837
0.8073037189341329,1,2.8886214971038844
0.6064638279157046,1,1.7842181947992866
0.5984304892019461,-1,-1.1359879239988129
0.5612545697090784,-1,-0.8876672593381469
0.3564444277449379,-1,-4.673495038206405
0.42252415669459004,-1,-1.1591652690220515
0.09752932276312057,-1,-0.508051758622055
0.42151331772758827,-1,-1.8696072269206605
0.17066331113832642,-1,-0.5008008750550544
0.19627094531139486,-1,-1.0591229333660739
0.7920906306466329,1,4.463268348753331
0.22992276947969917,1,2.7962272304839777
0.3896152144181686,-1,-3.6820017774605494
0.8631832914597851,1,4.280826831568268
0.278629068650456,-1,-2.0243534701623878
0.2633306748105192,-1,-3.2084362327384195
0.9163992112820768,1,4.687288160731994
0.23869382017470708,1,3.614585013117031
0.2796874514896441,-1,-0.8225831226638521
0.9227630060164503,1,6.479306465687512
0.7755970765052267,1,1.019613151461511
0.9922519037289333,1,1.4995625029453046
0.566134498496653,-1,-2.062536604049509
0.1914862044098757,-1,-0.6510346794667365
0.3486028317901156,-1,-1.258676254501369
0.5748884805700655,-1,-3.473970577708784
0.09624151814111676,-1,-0.8810906929097891
0.22103032935520478,-1,-0.3318574681141925
0.599530849268968,1,0.5943137155927962
0.39541932258126233,-1,-1.1971354458511045
0.42641286495223857,-1,-0.05888284720263497
0.7268344182479868,1,1.9536442431187653
0.16063460238804342,-1,-2.415936418287927
0.690676783602558,1,0.8134393674370131
0.2006089170012243,-1,-0.20576819446228514
0.4819410738767589,-1,-1.2361332132046285
0.13451308193958283,-1,-0.6545148337339931
0.9670773835193387,1,2.018365812786049
0.9072256470359938,1,7.16989810902604
0.49751648491795303,-1,-0.7939773611838051
0.5915327161706643,-1,-1.038492751417258
0.33964579714656035,-1,-0.6746001841809215
0.9543916802309376,1,3.756330578964069
0.47514133538002395,1,1.5304857579713547
0.4981822281034587,-1,-3.052494665995962
0.5707923880083483,-1,-2.654195453419462
0.33542130678286874,-1,-1.609644205367288
0.8947079840518768,1,2.408740869089544
0.0020727436595251543,-1,-0.2610633651406274
0.07257754582151994,-1,-0.7653764867091057
0.6798157078957633,-1,-4.07476249415896
0.7129561101597713,1,4.784920394374485
0.7330829491494321,1,3.8606146663846355
0.7009261515637206,1,3.878597559665318
0.8823262081901052,1,2.8748576156664187
0.12352435792577446,-1,-2.1917288064019056
0.8306153747144833,-1,-1.755969929512931
0.5202965797759738,-1,-7.73488866822242
0.35968230494835507,1,3.0764843893251435
0.11614350619693911,-1,-0.8083676342944703
0.22006832834343576,-1,-0.30036103486912175
0.8716309822971839,1,3.222726768549678
0.48171622992911173,1,0.5131468618923409
0.05687399637946345,-1,-0.32200994271820954
0.5885406183265741,1,4.174091426490597
0.8167119967851404,1,3.410170051282945
0.4309456567649416,-1,-1.5510887292353102
0.11155595295295019,-1,-1.422167934580442
0.932915978772436,1,0.5051687462228723
0.4855458203494081,-1,-2.4114414895650493
0.11110668957202743,-1,-0.13033424456332562
0.22225621122997047,-1,-7.291875118517025
0.14034890484546242,-1,-0.2231659561773983
0.47032890943648176,1,5.542014192746617
0.6813064833585908,-1,-1.9664543667386556
0.8599125319389105,1,1.3870264167523403
0.4520054143880262,-1,-0.9697734779804646
0.6268564827654507,1,3.07419975509103
0.5794536759410803,1,6.624401172662552
0.8862391936526699,1,1.142958935668561
0.33442123131439244,1,5.170042490419318
0.8171940007217517,1,4.0666094202659835
0.5275576233264778,1,8.785443973958424
0.26810641146835645,-1,-0.2897024515244835
0.33836428389295176,-1,-1.346435861278897
0.783277871084399,1,1.6532977571069067
0.2614380215856189,-1,-0.5832185769779081
0.3090080149896675,-1,-1.1445428527403811
0.7343681346891023,1,6.8326290427127425
0.3220534868826175,1,4.658521141942192
0.9119584246134599,1,4.873985094870841
0.23406519762271147,-1,-0.4806940210198146
0.24307721970675816,-1,-0.8051885167031071
0.9125691402786177,1,0.9132622642512992
0.13901698720796216,-1,-0.8495734356489608
0.7696561790100187,-1,-0.3305537323304242
0.23171406144389528,-1,-3.9726495006018485
0.7039035984731578,1,0.8755829347102231
0.5768275959741902,1,1.7036661699994902
0.49586147887365617,1,9.046432384506723
0.8297269107929944,1,3.889625228027325
0.19372549067280107,-1,-3.6206786680025007
0.6335791516851192,-1,-4.289758186647747
0.4140501094154651,1,3.2219238912530264
0.11020112013564788,-1,-0.8745668023754926
0.055897399363267826,-1,-0.9308499201647904
0.04051003137359161,-1,-1.562243657470975
0.5019833986184519,-1,-4.021816821572475
0.4509109711838692,1,2.0910240080021687
0.7834313570627415,1,5.348161770105431
0.25940929429463766,-1,-0.09472428579153888
0.8386023219528572,1,6.365863129236253
0.193530981761364,-1,-1.210185150887176
0.2090846030602345,-1,-2.531455394173118
0.4375455931952935,1,1.089318169653519
0.9405804123116343,1,0.727134532790741
0.21561238445979947,-1,-1.0263556830019072
0.3015175304019743,-1,-2.5548006100279337
0.7029402874900914,1,4.577869270043896
0.6447354138423205,1,2.6500911118828485
0.30836824799759177,-1,-1.489938228910566
0.8413675471843121,1,2.280632406312589
0.5349930047110036,-1,-0.020938573846117914
0.06669639546949492,-1,-0.2691531198865337
0.14015418944874802,-1,-0.2996977321500787
0.3073205251768869,-1,-1.70153212226365
0.30118192485066914,1,1.9296272596173067
0.140096583320035,-1,-0.5224573158520224
0.321584449328375,-1,-2.6724658544583604
0.5172896063023963,1,1.6354789091137343
0.33304219316960104,-1,-1.0876822069442842
0.1463852958809284,-1,-2.0364620286645865
0.7792046703302633,-1,-1.1791952315507892
0.9778294501343968,1,1.6157260602828192
0.8255854836685068,1,1.4381812603935313
0.7530349936673947,1,3.0475148618478443
0.3429752798338709,-1,-0.5101285035076252
0.20914071586362423,-1,-0.367227837409574
0.08526384366858132,-1,-1.055516319428082
0.7803756285558348,1,3.410440278005788
0.5408714434244627,-1,-1.3430026701670463
0.30427446868799246,-1,-0.10822940389390852
0.3262359668711993,-1,-2.931950154212807
0.6327622416479908,1,6.044730904666567
0.39228702061496457,-1,-0.1505531085782328
0.611563564538115,1,2.6875559258675956
0.4102913954693851,1,0.8414432699765041
0.1734366341058061,-1,-2.9282065928510845
0.5258213651121185,1,5.596724125080815
0.6604145899483064,1,0.20364424134377018
0.2289776776508044,-1,-0.5901256721905458
0.0811147242615421,-1,-0.5779894006463856
0.07453997584322244,-1,-1.5109875886413568
0.7426719130687818,1,5.0909761142483285
0.7688386162607659,-1,-2.031755828094627
0.05949644737976457,-1,-1.5645797527950593
0.6590931801580526,1,3.3415992179420755
0.372949129154773,-1,-0.552655527994896
0.2795957619208668,1,2.7510833503874244
0.13291771715004985,-1,-1.895536095012892
0.6272804102856364,-1,-1.5952932170076692
0.39324590629265377,-1,-0.3478510907130151
0.7111140801329452,1,1.3150395961895822
0.8244326427377504,1,8.990559962857336
0.48031963761259344,-1,-2.8392412167467227
0.6425012738192356,1,6.005739834903148
0.02564677881012162,-1,-1.8955567140690734
0.7749313489557756,1,3.147493179989551
0.8682361472853206,-1,-0.9214804154351572
0.5473051061027204,-1,-1.1982137143029934
0.6041007418488119,-1,-1.4326418802282936
0.07304261486992729,-1,-2.827385270658197
0.6459393354601392,1,8.259395763080168
0.04023265094078264,-1,-0.9585474310365493
0.796111573836927,1,1.5961197470302761
0.5882359728543162,1,6.00865620856956
0.8832497675324146,1,3.5503342198221324
0.8299801907790969,1,2.370324291117123
0.7059458092493783,1,2.033568458491411
0.6961743260845419,1,3.6334539013198097
0.580837316312751,-1,-1.5030395710224682
0.5164784541560528,1,2.506100502377774
0.44450834366283093,-1,-1.505802170641472
0.6533813538366129,1,3.962599017821896
0.691702565047117,1,3.0954407414616334
0.7773458434136559,1,2.0884326671207325
0.854823855799116,1,2.4546682456485756
0.18806853011303015,-1,-0.45866447598885546
0.2738961680126109,-1,-1.2490141252329967
0.43079757679210756,-1,-2.064651268102214
0.6852370127839768,1,3.9158741376447326
0.10123932776596672,-1,-1.2628351653837566
0.41723692041573496,1,6.227615622357263
0.26708032555820965,-1,-0.32559122179666894
0.16215164997521372,-1,-0.5007694472078065
0.10466074821892087,-1,-0.2756009616550505
0.8822885839589444,1,1.9664084439142078
0.010982534103216104,-1,-0.761556230113708
0.2753927082377381,-1,-2.8722385957407166
0.21496352865602844,-1,-1.244975891490404
0.6328705319336897,-1,-0.4200216806860036
0.3585931046257122,-1,-2.8613796387453054
0.35481255393363204,-1,-3.023055411320848
0.51811356307821,-1,-0.41551757907553255
0.18844432962103427,-1,-1.062268804588635
0.2648688563648294,-1,-2.032760596108568
0.5448587963360797,1,3.601326906158339
0.46281761140482586,1,2.927325423657358
0.6280402987331039,1,0.44458636587928074
0.44489713851498447,1,1.7153197310004464
0.9247591968182882,1,1.176928098925777
0.6687374443217845,1,2.4701603521041573
0.27583955209360067,-1,-1.6085986657604858
0.6972051645079951,1,1.81551346792779
0.4141260364663828,1,5.552387517344776
0.5274660981549545,-1,-2.461263731085693
0.3146387349121077,-1,-0.8920602504322559
0.34503053027612596,-1,-0.450998216763226
0.8342429347213665,1,2.4208021896783576
0.1666447399922841,-1,-3.4716421818848655
0.08407461329742405,-1,-1.4621338806136597
0.27913265249766506,-1,-0.6187409687893102
0.7338438846769607,1,1.9813280267028694
0.3823022445025973,-1,-0.15401654147122645
0.9107014859301553,1,5.297974086563703
0.7029077652529194,1,4.5786490227460614
0.8658308844206085,1,2.2619750575190856
0.9695127068606344,1,2.489247988685533
0.932537858451874,1,2.5931031306002867
0.3812021086755051,-1,-0.8718120293095947
0.38101254005720764,-1,-2.3552643161201745
0.43929983372009146,1,2.6376219574079194
0.5721970474050583,-1,-1.3292803748123734
0.027239450179921715,-1,-0.9590863774210361
0.8644247817288683,1,4.041221494038901
0.05116648258166433,-1,-0.7434588697285481
0.5218168146210683,-1,-1.3816082319150351
0.6633627069810695,1,4.193934075152156
0.6187508394714244,1,1.5369779699790236
0.08141615035652322,-1,-0.21245043836166988
0.6595561662654927,1,1.8621985904875893
0.30876370300622524,1,1.9539307984399534
0.9725289424980494,1,1.1251499347206135
0.09469563196819822,-1,-0.7080006738710249
0.8261805257458854,1,1.4388116764850218
0.30940913772966255,-1,-0.11220013931382185
0.265566318335765,-1,-0.21803186234132604
0.7123664416478482,1,1.303815120332906
0.4099776624181696,-1,-2.328167118544725
0.6340066456185942,1,1.8930661930597736
0.2189497737777904,-1,-0.15018382334968292
0.5554583548100223,-1,-0.83285521757818
0.10152630220166631,-1,-0.11565598740701774
0.22106565575418932,-1,-1.3825498435638188
0.8815261281762317,1,1.0643094357873704
0.719820897220937,-1,-0.6067638758791546
0.526395726397918,1,3.016484697262733
0.21580666077183439,-1,-2.8521234085354785
0.6132299046483219,1,2.2590496307982537
0.14370180446032654,-1,-2.643364377122681
0.840780100240943,1,2.875123217426664
0.42158823366958215,-1,-0.3154299976329554
0.8305434866549175,1,2.0250772390563894
0.6802740700353909,1,1.6461376297479031
0.05413158532265444,-1,-1.2609862774938945
0.04703114252490498,-1,-0.7435163040545545
0.9706098957028658,1,3.5143467107236965
0.5554997966623532,1,7.0119692200151595
0.25322716809586343,-1,-1.1689563191125716
0.7264849451930111,1,1.7256730250014147
0.4183754147492998,-1,-5.398737082971655
0.4874999192081568,1,1.099860984985576
0.40245103879981614,-1,-0.42008592859895805
0.8477499398230904,1,0.9418796842864314
0.4397040198385943,1,2.3763920945543484
0.47078409683469036,1,2.1741953011867707
0.33935452038588076,-1,-1.217818585396732
0.6328960873802537,1,2.3139034766302324
0.8168086856507024,-1,-1.6027576087116595
0.9598244126863376,1,2.3586127057562347
0.9006393437779155,1,1.3557023914735098
0.14148480186306125,-1,-0.7096141926174327
0.6270211022858952,1,0.29863947145809566
0.5779969024151328,1,1.8893911298447899
0.7154136099374117,1,1.0573728859625973
0.15466156595342023,-1,-0.3324711387345348
0.6579237423790291,1,0.5882189582348825
0.13633681501464615,-1,-0.4333195259879837
0.6827506896088219,1,6.6606899107577595
0.07370481636900786,-1,-0.8922514631487791
0.2563894430854529,1,1.8085265327973836
0.5074858199027027,1,1.490925525715618
0.758023339981961,1,1.2266920237754984
0.708994053866394,1,0.9949182822779508
0.8027360308521816,1,2.00876484262546
0.3358443321289821,-1,-0.7254259183474266
0.8012211512519279,1,2.683460621869841
0.4277698232185456,-1,-0.4195025565220269
0.5468132615095792,-1,-0.975782672105327
0.8596218541452986,1,0.9958967597711277
0.8177218842037369,1,3.311958883029379
0.5438677484378891,1,0.6493683291115296
0.133040107422579,-1,-1.0755857530642385
0.6459578459459087,-1,-7.736277299741709
0.3491297071656758,-1,-2.2523087352250153
0.6230342874513765,1,7.204029118572932
0.7516872859044108,1,3.1158182900846314
0.3169379914261901,-1,-0.21962224802464897
0.19094999579254035,1,4.647386828039478
0.4540371025480836,-1,-2.1418391542575277
0.4002705384915839,-1,-0.8102868582052233
0.6860498934012084,1,1.3547845684501851
0.6578477994488843,-1,-0.16220467339651892
0.17936930175966648,-1,-1.2870251071856895
0.5565455359727598,-1,-3.363343524965448
0.17538931427433097,-1,-1.4750960032339144
0.6688861848551091,1,3.892070330636764
0.621844803975196,-1,-2.6844372803557666
0.3864536793809358,-1,-1.8890090528040806
0.275540261865401,-1,-2.07179390047892
0.8075824465032385,1,0.8880546588283571
0.4176612141444099,1,0.8148542898172288
0.22617304066739163,-1,-1.7125380907309697
0.35947903220498945,-1,-4.372469927222868
0.5331944489444731,1,10.24437950284648
0.6700340136215955,-1,-0.09566976235394918
0.5057917303853399,-1,-1.7762622786860323
0.5670666005969334,1,3.076794640548697
0.3580384970177277,-1,-1.868276991359198
0.4711122452746402,1,4.311923941185242
0.14532628062787745,-1,-1.5210112430419236
0.6317313687705562,1,1.3271260213711689
0.6961149881390167,-1,-0.4157924966352018
0.6890346818889451,-1,-1.6611099979380504
0.4348857756076926,-1,-4.81728836462783
0.34994440867908305,-1,-0.8482304602478482
0.8633790682859986,1,5.46307588801199
0.5647823372838602,-1,-1.374808598176318
0.049302533808256,-1,-0.3501463823950168
0.20392315829208366,-1,-0.8371851649489714
0.5729129275228471,1,5.475952928007569
0.8891418441141854,1,2.0433262527702336
0.4440093348000871,-1,-1.783552079695315
0.12482374490313446,-1,-1.910330403166972
0.45395800138583187,-1,-2.2352176824799836
0.7638778350124049,1,4.709429310197629
0.3332282095321889,-1,-0.14795258501722644
0.5862724735088846,-1,-1.7379892591036206
0.42334869809867653,-1,-1.4453171742203292
0.17835455833401773,-1,-1.4495882685404182
0.45661813711874527,-1,-0.9372223908206837
0.672651073997188,1,1.1123180330593327
0.3097157058797007,-1,-0.3698890926395767
0.2461957460979293,-1,-0.4503865589758241
0.6829637156641045,1,1.5884117787421266
0.37195678022021106,-1,-1.483521007075013
0.16389255651611626,-1,-1.2507906255341776
0.05004393614379464,-1,-1.4353677939944605
0.06578925191782936,-1,-0.9826602771745977
0.7390275431518643,1,0.6890490290058969
0.7431231871836302,1,1.4575992402466746
0.43241692663023107,1,1.9146889997665948
0.2543667146035519,-1,-0.40347806411379683
0.23720471426838036,-1,-1.3592452157179318
0.9005713905785653,1,2.6562662433203266
0.12410053247287188,-1,-0.8601959056924959
0.9279396620733293,1,1.1173952168082948
0.5649026079932056,1,2.443759882770632
0.4797877134002416,1,1.4765306029354142
0.7304372084470037,1,0.8277320491692042
0.3930842476314803,1,4.104148035867088
0.38497196595007044,-1,-4.025978328875837
0.35749670888975166,-1,-0.4141309127849734
0.39683293415445964,-1,-2.624438630471916
0.13360364318796059,-1,-2.246831942573226
0.8192725731368388,-1,-0.4651398446191937
0.8524040038499806,1,2.744969541494748
0.9626967314806124,1,0.5296023425977722
0.47752193868944787,1,4.997709042374942
0.15263910502620434,-1,-1.6445943500345253
0.21971882637085607,-1,-2.858015089684062
0.6143334316492413,1,0.9360215305786488
0.8088420077077213,-1,-1.3405444358793503
0.31648709349948134,-1,-0.7821387958479008
0.1368904433715181,1,3.6844900779112892
0.47668147002212613,-1,-0.96706232505103
0.031296150801770076,-1,-1.9481172368826905
0.24242064195797675,-1,-1.7842205924379673
0.0686597007221571,-1,-1.0492407201876508
0.05553396255095647,-1,-3.337718242097383
0.7364414719533301,1,2.043211434222991
0.5393139055258545,1,2.997549896156413
0.513958910102441,-1,-0.18390780870349208
0.8767332216448738,1,7.127086043357526
0.7455639904584289,1,0.6473229998586533
0.7301804527406934,1,0.8879484132596577
0.5424356120266447,-1,-1.984012344820392
0.8241532287512912,1,2.673246827322223
0.4279403624391897,-1,-1.626602743040066
0.6494168751166687,1,3.460707240429845
0.5233554335648464,1,1.7705129138754585
0.6162218672406697,1,7.048162895286303
0.8940918802954676,1,1.203724631229938
0.9668548552349819,1,3.0837795758522972
0.6830144625999401,1,1.6295398163333374
0.6821126131648089,1,1.3933986764996522
0.3265315871515206,-1,-0.13738338513163223
0.15501674133441734,-1,-0.9560971133642567
0.7597025241462935,1,1.321464016315628
0.1576653339874115,-1,-0.6844147805888368
0.08953018453685341,-1,-1.980266893007743
0.581008765693975,1,0.5883818535578984
0.5974465574977714,-1,-1.84346076606641
0.9131390601102172,1,2.9908130718769015
0.39381475854689374,-1,-0.9093058158605041
0.5272083531110596,-1,-2.534865118115028
0.5890024701850143,1,4.59779111658691
0.8058826382047092,1,3.8206972120294154
0.14293830905315927,-1,-0.27702212316392544
0.26024090650889337,1,4.511549914985462
0.9216501132081595,1,1.5468958385428295
0.5612741017474258,-1,-0.06071511711093809
0.46069463297098884,-1,-4.84711406648671
0.6089848076038074,1,5.245377116497951
0.7595076822864656,1,7.5503034942548
0.744410914248454,1,2.8303580506277988
0.7621981330239538,1,1.1894917275448118
0.48801826318812,1,2.9818517480780855
0.6613095315838016,1,3.494293416339028
0.12471091545303524,-1,-1.3280678999124957
0.12839959900382425,-1,-2.109829032665798
0.3722245600270408,1,2.28468956596681
0.46508676173936564,-1,-0.6311719930262507
0.9544167433894544,1,3.1490272813956808
0.40101441044130354,-1,-2.808189355989337
0.5663947567108794,1,3.645414856289765
0.2628970054332827,-1,-4.5358619406467096
0.43458230120033775,-1,-0.7341244151799802
0.3833165359097032,-1,-0.5738230978019009
0.5376987632484708,-1,-1.500423836610708
0.21907460468217613,-1,-2.0500881991663182
0.4442534121707132,-1,-1.1600117861969588
0.11977702513079402,-1,-0.30048729920458134
0.04884571834438001,-1,-0.852072184105985
0.5419979411112505,1,0.7861662118711152
0.8756513449858148,1,3.890373821055853
0.10711513949398575,-1,-0.2576718044076755
0.2272222481924773,-1,-0.8416973759567666
0.37834426778865415,-1,-0.24368263383762406
0.1488751199829287,1,2.875295296167601
0.7513830874035613,1,1.9089428694943347
0.47058919447484765,-1,-0.3142669241732728
0.2584043572085366,-1,-0.555353971705784
0.13922757847273518,-1,-1.124446155383105
0.3213762360421867,-1,-1.4564859345059182
0.3128850920521624,1,3.8643727124232146
0.33578296912567096,-1,-0.7723016109061163
0.06348195542521036,-1,-0.5606794315234075
0.41507030425793506,1,0.6534970162487741
0.5583849373841014,1,5.046144446966491
0.6375014358642737,1,4.140874866245425
0.5164187706837243,1,6.280839484728476
0.03712285187650705,-1,-0.1828103385899905
0.8846088379875039,1,1.941018079715355
0.5619601697782055,1,0.8180591430708437
0.7381635334590615,1,1.6797709853004523
0.7787678496934216,1,1.403863816694118
0.2653871840164299,-1,-1.0703042409689554
0.6545855538269476,1,8.095201266296563
0.8444566797901328,1,0.9535611836341716
0.33984333044461346,-1,-0.7881823954112528
0.6189791287623231,1,4.987206402609484
0.527751636679077,1,0.3470713476517283
0.40286505979409953,1,0.9648657903500879
0.3683185758983068,1,0.5194588151650621
0.471866247296159,-1,-1.6266873992194109
0.0990176958610997,-1,-0.1681716217075176
0.5916321994961488,1,2.709661141476377
0.4587434980389608,1,3.5067981259707017
0.703626220684626,-1,-1.9360294411656367
0.6485748143730228,1,1.8034816475901359
0.1448072656251845,-1,-3.308238260767224
0.9886936337216274,1,2.000133240359576
0.07418106121350142,-1,-1.7244264065713604
0.1390272365271008,-1,-3.4401490957504817
0.7985971231086423,1,0.8925108817820588
0.6394163737064713,1,2.3837172891517104
0.6143110433281413,1,3.159248456022245
0.1696429619750242,-1,-1.9866051551657518
0.482925472275457,1,1.9406765135935158
0.8188948695319658,1,1.9766120717087827
0.328224509332064,1,2.284211068393544
0.6774084594402863,-1,-2.6461057271482096
0.9541336241714453,1,4.108793400189555
0.20244660412895518,-1,-0.9618516509523305
0.34159822120615924,1,2.6618334726840613
0.4175155284354168,1,5.3813050820079695
0.46479222915881857,-1,-1.9515837398648315
0.4669117611853572,-1,-1.29754369763676
0.26129068466120026,1,2.0817241661453862
0.47605436859086475,-1,-3.4935341376992266
0.06269191766674818,-1,-0.5736866212065783
0.3851673459254231,-1,-0.6169350718870248
0.8690796236336502,1,4.32385184227907
0.00965798537818828,-1,-4.894501067606355
0.6098718188655008,1,7.927270924355358
0.45854501202582515,-1,-1.184584469046482
0.3010564082030878,-1,-0.9275612617632578
0.7224651368669913,1,1.8176255029424495
0.10309705306532137,-1,-1.114354490089924
0.4011394650575952,-1,-0.3198181111534938
0.1767578678493254,-1,-4.65461534327006
0.8336925779602542,1,3.2178306256490234
0.5130781936787073,1,3.003877420957224
0.3572364290116034,-1,-1.7932809723035994
0.8454201763945708,1,2.6974576749626062
0.19572871354045562,-1,-0.8159282959723574
0.383790803840713,-1,-1.2375441260102316
0.24715417018019653,1,1.4987049450840533
0.7248422521697764,-1,-0.6098490748930182
0.6183107613987723,1,1.1538026682116094
0.10565813945960298,-1,-0.8872596594280658
0.43175150014380287,1,4.6396472668051505
0.9655600832353605,1,0.24924306646362365
0.40150034052619515,-1,-0.8945144244426794
0.7698067629692703,1,7.1650305357889525
0.8150936634843153,1,1.694279279650054
0.6099461267106199,1,8.097886820199449
0.46576626421953743,-1,-0.6435075738934554
0.4203408776433726,-1,-1.379933716667259
0.8848203440692411,1,2.9035427453620617
0.8419334415453495,1,3.502707566059466
0.753549566903059,1,3.2384130954266808
0.0599074372847714,-1,-2.208884521737904
0.16178405966154147,-1,-2.1347666184610103
0.4233507420633398,1,0.7484102953525339
0.2945316787669873,-1,-2.148842370814844
0.4331560709190734,-1,-1.5062020427503833
0.3018380976301475,-1,-1.3667311383411123
0.05110882652511941,-1,-0.8208306190042427
0.13333214924935666,-1,-2.371039436462486
0.6992858352411134,1,7.193987494096145
0.8393540575234215,1,6.115497222124077
0.6731073914268585,1,2.957696859165118
0.11400196044389593,-1,-0.6381234716619753
0.9126347845397704,1,3.0800875203501703
0.08528672079490864,-1,-1.374691122608676
0.6437742010806274,1,3.1172830740366195
0.3510778239553495,1,0.7874590321530868
0.9260743903957819,1,1.7190374513831501
0.2593587030651429,1,2.352277936885227
0.08792649567052606,-1,-3.068772798090861
0.8226138197868905,1,0.7320693504247693
0.9133853865690228,1,1.6159142815962149
0.21208080516634967,-1,-1.1428107571509016
0.3354223076677422,-1,-1.341794887071201
0.17658448532958354,-1,-2.6145997129262644
0.1604567587303004,-1,-0.34252583313936624
0.6673249110835878,1,1.917441665379432
0.7795987209279722,1,1.8922351923266714
0.7079897233152974,1,0.5613345978355201
0.8225447049622533,1,2.1997353429039848
0.40113598004161394,1,2.6233032805234346
0.1780765458720628,-1,-1.0413490898336033
0.2857635151421693,-1,-1.8335907518060206
0.6428985981821342,1,6.34479114848644
0.38382711421967575,1,4.832166127590263
0.332966167944765,-1,-1.7473899567321878
0.3202248094088667,-1,-1.0429423824138953
0.21653580816300982,-1,-0.7989250084041466
0.422017695326197,1,3.4257454054469254
0.824128031063282,1,2.1628605475753875
0.3481963799277748,-1,-1.199787970082186
0.6783207638478946,1,4.0960469818461025
0.4120506548290664,-1,-1.0075602674791801
0.8978793186164177,1,1.5074133032209138
0.8271588585283911,-1,-3.7560211052313806
0.2179536628768874,1,6.833149947784818
0.8055738376669781,1,2.4343906043836805
0.05028720056554091,-1,-0.8239733706526762
0.5794130587724555,1,1.1859907427723613
0.5642995651311291,-1,-0.3731123361137416
0.6983231094654346,1,7.274246912220247
0.9168024940502593,1,0.3091466959101078
0.6399251486716899,-1,-1.6850004786704167
0.21307852634412794,-1,-0.5484786936739946
0.23056784373778408,-1,-0.23757868280371333
0.35518331294507427,-1,-0.79731324076317
0.37522536572028076,-1,-1.4028997270538663
0.3893823347181552,-1,-1.7761512236532009
0.23939574187415183,-1,-3.9765031087796383
0.09239718528008523,-1,-1.5085300355504325
0.34768456899865885,-1,-0.3508512953124854
0.5966625312001125,-1,-0.1366884294460922
0.2136912422990122,-1,-0.46475615815234445
0.9630431474189148,1,2.8456916643797316
0.7337336978468102,1,1.2449009792350867
0.7787892427716719,1,0.8642281355515178
0.0789808007875305,-1,-0.668580915544399
0.5079876162553851,-1,-0.087809287057261
0.07248187226224923,-1,-1.3088188300196792
0.03458003489494899,-1,-1.8921916078598653
0.714213016370965,1,2.2790134597544105
0.29978995096952205,1,0.11150385623705593
0.8159033533338491,1,1.5973886223835687
0.6971056035016193,1,0.36384252217147
0.5905050499367995,1,2.0345272040675164
0.5713409489571437,1,1.4514714257221568
0.456102782044013,1,0.6241866121114206
0.7666773282895346,-1,-1.6141956724966702
0.6129083138314642,1,1.075842813959625
0.4535713602231011,-1,-0.8194427425806851
0.10822807177180407,-1,-1.8741271711350656
0.4235134723583961,-1,-2.2317546581117007
0.7280483315702666,1,2.0668980985762566
0.1558088554558413,-1,-0.1898729720495866
0.746248760896982,1,0.8795696592062685
0.2556718425420265,1,7.339024593844865
0.48488525532732524,1,1.043461664453076
0.5038332210034477,1,0.6864764879040357
0.26815109783913604,-1,-1.5404200984781253
0.1440115884230708,-1,-2.4868427008158314
0.8103030548737234,1,2.3797442446567985
0.7522261832726158,1,3.0575162572534764
0.5410216695542451,1,1.217759251664674
0.7986157590088665,1,2.79908569982118
0.7045207700654125,1,6.1410457973165204
0.7438960896374979,-1,-0.3346753464369268
0.6150614952053962,1,3.828884452659227
0.3672903273004575,1,4.992835024645252
0.5936205000901116,1,4.096051902713125
0.03002796106911204,-1,-0.9287459645531784
0.7762129835024708,1,1.2441425849686503
0.06655891522566026,-1,-2.0103702518998534
0.47290927645925185,-1,-0.4254366983952051
0.06528333936543898,-1,-1.4779958749764412
0.33755967448823754,1,2.5877670837579347
0.8426107387569073,1,2.479254795668254
0.2611776620031893,-1,-1.8854936717229094
0.6032934982842945,1,5.778165935413593
0.7424292909940005,1,0.19724557412466315
0.4902497397751478,1,5.739048793319205
0.08631420107903359,-1,-1.0692190643897432
0.906785337356316,1,3.5857667822963983
0.8507147324964002,1,0.3535941445292493
0.30294289727195534,-1,-0.4298496197194266
0.2644771702856894,-1,-0.5605356937143375
0.32958721525581935,-1,-0.49053803170387317
0.3345725648521925,1,0.5252817006362244
0.6020508863564616,1,2.927705200494467
0.0368432665654524,-1,-1.6910350540188628
0.863079865522837,1,2.851826279159961
0.11866213191300101,-1,-2.0157566219370926
0.9689615766513137,1,1.9344337082909533
0.4867755285293551,-1,-0.6866251903843338
0.4215063572872297,1,3.181565909084883
0.6040663711587295,1,1.5028854627304262
0.5758390528947229,1,0.792179381731114
0.5802660767484147,1,5.6067681592582606
0.017568682429535132,-1,-1.5638221792906355
0.45120422430388557,1,1.7376888514872264
0.297931360622432,-1,-0.6460072285589552
0.8728171659189533,1,1.329555671530275
0.46991141389094715,-1,-0.4657165280228994
0.13131587719288676,-1,-1.0246481923196737
0.5075033788379466,-1,-1.4790104378291782
0.13816831849330546,-1,-0.37818849233224766
0.30350868790407165,-1,-1.7242477438511472
0.682447101983749,1,2.281610452113821
0.5673623254462374,-1,-1.1811142431359773
0.5572520695824569,-1,-0.6111329055336053
0.25096794383746684,-1,-0.2519579572130293
0.8099523437384861,1,4.474413242174534
0.911657461846344,1,1.9891207325917641
0.21489785807530815,-1,-0.5152741060138275
0.7188624609973577,1,0.2922303579700621
0.29854056275306595,-1,-1.9424887408045295
0.4091540027119504,-1,-1.5149905854279326
0.6830772196607631,1,0.7451650926805242
0.6508953693968751,1,1.362281594339493
0.17112240460273714,-1,-2.9434926511980666
0.6590118376186682,-1,-0.8029099093910825
0.16658509544144365,-1,-1.0679067801097624
0.7789325417678242,1,3.1398635223225146
0.37062985138608673,-1,-0.16629342333191693
0.3347227646560515,-1,-0.37704142651959033
0.7978429021301807,-1,-2.4856129120772157
0.6235796865017007,1,4.249794166879688
0.4032004741585702,-1,-0.40001180658342833
0.8370910466023507,1,0.9186582958267859
0.21306416019946148,-1,-1.4256990008382655
0.250988725691256,-1,-1.1934855159588664
0.3594661169763008,-1,-0.5514697000280683
0.4529100179209603,-1,-0.1664027083410423
0.7979967434562917,-1,-2.853929321672879
0.9804186074196197,1,3.222303760818159
0.2018726076120579,-1,-4.179243661029322
0.7177057539402665,1,0.12084309584889016
0.9229987653073146,1,1.6182245414265166
0.48596194831484146,1,0.44627069351105303
0.4751604927448276,1,0.8269110831766455
0.22096422255332368,-1,-2.3578001989589294
0.4843308907225249,1,2.1547259712776707
0.7547282619221723,1,0.7420444293665303
0.9123601276485644,1,8.551712439196033
0.34192179460983185,-1,-0.8293573969931542
0.5833097364415134,1,0.8484989135799162
0.46158985538599345,-1,-1.7037331853228017
0.3142694260742508,1,0.9040622520195463
0.6549526903513511,1,3.8767664148406804
0.7311878793645403,1,4.593703964692612
0.8225993379112301,1,1.536564013478099
0.0750336468335977,-1,-2.8794321827538623
0.4360187262662847,-1,-3.149412289087863
0.3012209933484494,-1,-0.6977826839334347
0.305782351566263,-1,-0.4389094545530116
0.5262203472170625,-1,-3.461627900747571
0.4647173505471097,-1,-1.3405644849627674
0.5795675324668021,-1,-0.9939213334892962
0.9670878479498322,1,2.8181170178741
0.21219737285537799,-1,-2.1226670861168166
0.5932162836251291,1,0.24865683547824097
0.7063054236515236,-1,-0.29566015765934445
0.7525343674166616,1,2.3321968866253697
0.2639670955708045,-1,-2.808031818896381
0.4413874348576353,-1,-0.9251871077646254
0.33320207493600157,1,1.0881228436919874
0.620507518107265,1,4.709323279110386
0.96020919306414,1,2.8161491651349535
0.6318217786384817,-1,-1.1962438038647571
0.774059045531944,1,0.88752444422326
0.8289762444345709,1,2.7811825306526092
0.481740602785605,1,3.908477965229973
0.059619088345905964,-1,-0.6408959000640491
0.3890803655428779,1,1.3052158743543083
0.6097382294539002,1,0.5515912524152732
0.3118017630715488,-1,-0.6964605267403573
0.4086416058041828,1,1.955514977707554
0.02071410896525925,-1,-2.1805119767418493
0.3113400062318171,1,1.0022440348447463
0.674169386071974,1,2.496682024638092
0.46450065547713854,-1,-3.1181626154513276
0.33667623061616914,-1,-0.9600128982338885
0.9578045699088465,1,3.892579816950699
0.7710676956335294,1,0.3720561408907392
0.3184959014079295,-1,-0.9297286422577429
0.37574799729033526,-1,-0.22278070860050492
0.13576430812755985,-1,-1.8951503102615288
0.8405148930513243,1,0.7316606347868748
0.244794569293997,-1,-2.2245704964971957
0.5034863420089326,1,6.175741491112621
0.8921945729977192,1,2.611497468112556
0.06934037674911922,-1,-2.130939329594413
0.4068710254935522,-1,-1.5965303416892573
0.7527575694210793,1,9.439769525912475
0.7368797230701389,1,1.9319932726024645
0.34620761815484613,-1,-0.6453796506600932
0.5757510341496527,1,2.2319959598523504
0.333864074249578,-1,-0.6719047055596706
0.6962136582990535,-1,-2.0877891422848167
0.2359629492141595,-1,-0.392106337957541
0.2532175223468294,-1,-0.26646431364364925
0.4094514194103119,-1,-2.98683538338829
0.3352905336804731,1,3.582153631963039
0.213382220976537,-1,-1.1845151529667084
0.2904333259010896,-1,-1.3174525682180693
0.8251580918256636,1,4.984529005647012
0.814912865817827,1,1.8643706135775997
0.4461600305879098,-1,-0.7232984189902081
0.5910634061328811,-1,-0.7893167156769334
0.3453760998700213,-1,-1.2694931784855938
0.670297766828473,1,2.7024766944462097
0.46176659198185865,-1,-0.31532924924342465
0.17819479526936138,-1,-0.34391251816698304
0.9299282749517248,1,1.7244042037923428
0.0925709394416674,-1,-0.7142739598609993
0.9707756894222288,1,0.9468221093574543
0.7902889609338009,-1,-0.7962405559256789
0.14260910626699896,-1,-3.4473457216652723
0.9347957202851501,1,2.489583575295951
0.30478686213072187,-1,-2.001268478128751
0.15306856820058806,-1,-1.48254419577529
0.06600230917472012,-1,-0.6739046539765599
0.34812608824863206,-1,-0.7495514397017239
0.1322263128683667,-1,-2.820166387736433
0.8919483844981767,1,1.7842268040781804
0.3972957510164637,1,3.9119691606306732
0.5700467187838861,-1,-0.06113897301788402
0.8737865350931234,1,5.1747045419235915
0.6632530282123418,-1,-1.1825810586556929
0.1820844508458057,-1,-0.9905419117291843
0.2715097750529207,-1,-0.7684679436280776
0.6310621763267039,-1,-0.546083189053831
0.35520367777273243,1,0.7696186622364316
0.333172044832498,-1,-0.7782539240040292
0.2080923641378479,-1,-4.470975205093096
0.7456365548657123,1,5.346345324947598
0.894226623700789,1,4.235768498473424
0.7113780709827892,-1,-1.0890925271664962
0.906590957570968,1,4.213478668430648
0.8406617255934228,1,3.346568939807514
0.19305385114577653,-1,-1.1365518212709746
0.034240773862306596,-1,-0.8118224586146319
0.3006999184017113,1,1.9887390675206986
0.8717740102635083,1,2.0129598303995193
0.656414650718915,1,0.7074128979361721
0.32963554401580103,-1,-0.4880863592791739
0.9631621405355248,1,3.1485872157308816
0.1940733641276162,-1,-0.8421269740930587
0.8258136507373989,-1,-0.7548640441032941
0.43325807493602175,-1,-0.12125542708657183
0.2521732461108965,-1,-0.764860816891469
0.7505631675313814,1,3.0338385187362076
0.2639259811559623,1,5.734403618287597
0.4937350519065442,-1,-0.4190349121675706
0.06882047663576839,-1,-0.7551753716827537
0.41837332613196326,-1,-0.06565697313478716
0.225480308817608,-1,-0.239127516322508
0.8352074350270479,1,2.00110997166506
0.25408903449857717,-1,-0.5754900384530736
0.8804645172000718,1,8.462595286986398
0.3606328280171727,-1,-1.104966743977693
0.5407908956060284,-1,-2.195002672812935
0.40619047490870697,-1,-2.108580752166038
0.5233763976089191,-1,-5.004738833892392
0.7786951634025442,1,1.3050294365464499
0.9123865301483309,1,1.6686581268596297
0.2191327485399853,-1,-0.6509571605620383
0.11600137280407798,-1,-0.6819766056789927
0.8862817508622767,1,2.4784141621549547
0.7142455769831277,1,1.1453059104295948
0.08306613140180316,-1,-2.523452871313855
0.8622604548384284,1,1.2172098926723338
0.27824926410562584,-1,-0.3177687121004435
0.32618318576549865,1,2.93599690420199
0.40324362722181534,-1,-1.7144197496081284
0.05089499281098232,-1,-0.7635766671698255
0.7388221918599628,1,0.41889562425396853
0.45563154995800215,1,2.0854956085663328
0.6671764520626575,-1,-2.463387628171469
0.8668837048724833,1,4.373653289782629
0.7459993609777302,1,4.579558783654566
0.32740317803628094,-1,-1.7420590235386002
0.12304855224091191,-1,-1.5928639151402317
0.05177807097959583,-1,-0.3276944591280449
0.8123451619368749,1,4.272580939501147
0.3919875969028189,-1,-0.9871592841396207
0.343229384181793,-1,-0.706684270252094
0.7428254382367423,1,0.8930460338444348
0.24299382901177213,1,3.204799073042963
0.9644422016397334,1,1.799399175745426
0.16804733978830763,-1,-1.1682977636606102
0.7151790978494099,-1,-0.8276673108792377
0.18595048011872822,-1,-1.33157191799017
0.33491067298075927,1,2.685067435005604
0.1314274010703122,-1,-1.4577226400545533
0.09422144194678071,-1,-2.031104258664154
0.35300344878104273,-1,-2.243031962824044
0.2157725760911972,-1,-1.2300197192948825
0.0683004074047407,-1,-1.4208304651500963
0.30368006717082596,-1,-0.787135693506433
0.36218827283997174,1,2.0786447080463826
0.3693649832794778,-1,-0.8643300540781734
0.039551705998033045,-1,-0.550756603612498
0.5381743178333687,1,1.2014850081339354
0.6129331986680596,1,1.1346220856212847
0.6742564793047789,1,0.2156989188481201
0.3596022468512477,-1,-1.3334264517874537
0.23584432916583098,-1,-0.5603437871124753
0.32040075564715587,-1,-2.174266498249562
0.34768935134048057,-1,-1.8842787290313316
0.6345060910663458,1,0.11424278692031614
0.5188807648666525,-1,-0.4539796331847852
0.5746437481603867,1,1.6273610604369817
0.48970851576327395,1,1.0418683910848145
0.8740617961256815,1,2.878984342922548
0.815337202142588,1,5.04610662198392
0.7541705700455051,1,5.380556373773333
0.4014513162434639,1,3.1313228550201595
0.5340102901723776,-1,-0.2897900239714193
0.42531244798549384,1,0.3952727184429625
0.6397573321344685,1,0.35529795506272915
0.2318177054578505,-1,-0.517711032935068
0.2721458501959373,-1,-0.14805214855544388
0.8122099308873773,1,2.1710485397544828
0.47568088640707445,1,1.6349565248962301
0.22867996200603022,-1,-0.2784285575688657
0.07585210435349052,-1,-1.2150406495730794
0.6827817898682196,1,0.7720339288293385
0.41055325485288147,-1,-1.4342940686763181
0.27929066055119023,-1,-0.9125994588576921
0.384557465812545,-1,-2.110831128447934
0.6752603820250357,1,1.5688767896719535
0.4465387092063475,1,4.040025717340749
0.861586831919748,1,1.5870411585814554
0.17804706770378423,-1,-0.43315104851888636
0.33492794459017333,-1,-4.363322741153104
0.3999874942390611,-1,-1.9635204301414462
0.6129483129154297,1,6.568950828407512
0.12271287766269097,-1,-0.9679903937776979
0.9956480724731344,1,1.2087414447250018
0.501566643905126,1,4.764821353567061
0.46399025251329445,-1,-0.963573050377712
0.5763927972718818,1,3.019280391011802
0.061524363171676255,-1,-0.4872426850217864
0.1341629152049436,-1,-0.4687262538563147
0.04351438656635257,-1,-1.298761094041508
0.5587820673671242,1,1.4018675118750155
0.46996722912778405,1,3.1962434107865274
0.152158256723096,-1,-1.4812635811251496
0.5161721580542132,1,1.7337746299682015
0.9543966532022115,1,0.7652991831890774
0.031887835230282914,-1,-2.139228845580386
0.4183752161683547,-1,-0.36549816769504645
0.07258278599553702,-1,-2.191004123746266
0.6540720009610645,1,4.031453311980052
0.3431619629214605,-1,-1.074025631904557
0.1997104225530212,-1,-2.1109034847647896
0.810110198774888,-1,-3.403869813899747
0.35722692272986734,1,2.00606562272611
0.7841601031938522,1,3.763369955685914
0.6866950390486225,1,3.0781904062695613
0.5410975961932035,1,4.07630291479312
0.24338804295591315,-1,-2.1617719091842016
0.045416972666917646,-1,-1.2566422915851
0.306995767301214,-1,-2.035371596531657
0.8237742794087294,1,3.106689584013374
0.1584460251695611,-1,-0.785771304320659
0.8187164444774718,1,1.603905754253814
0.18837121011899738,-1,-1.9606495189317772
0.6697626102174796,1,4.648783400581953
0.2790724341523857,-1,-0.9490588959640598
0.30378821041239745,1,2.243162720055822
0.23345895183460458,-1,-0.6052879875789021
0.064915510940235,-1,-2.312672940569467
0.45194038619376947,-1,-0.4237511153221739
0.2393231364523838,-1,-0.36165894067257665
0.5412601811622724,1,0.7140348192939916
0.6074402058082596,1,0.30548010194216013
0.6754966305519134,1,2.038163217712745
0.29370103332721587,1,0.4605282624682159
0.3828470384608371,1,5.772659654401632
0.7654103788238819,-1,-0.08056273284470664
0.3124584224658105,-1,-2.2883823367317158
0.7664465286776025,-1,-0.07173374072558146
0.4169196817483354,-1,-1.0138123741107474
0.7751822311047106,1,1.625430543936888
0.7203761458665913,1,1.917381687361157
0.5203356410341843,1,4.752037423489634
0.18969137807783237,1,1.9648358691167116
0.7379848089918714,1,1.7833880735004297
0.3236871703177102,-1,-2.9383819618330382
0.9068359481592946,1,1.982669928907649
0.3265797145798547,-1,-6.401926863576998
0.4210915804451315,1,1.976417492001922
0.30696750069626455,-1,-0.25323937879718367
0.6205306999366437,-1,-1.071102383392053
0.5358808629769573,1,0.9760904567874532
0.263624877227129,-1,-0.6112491717408423
0.26761879983628556,-1,-1.1720553652300203
0.43719049853275643,1,2.7742686074599954
0.1401049583115965,-1,-2.127519185129867
0.7527681230238977,1,0.8263688124688656
0.7769535446940522,1,3.643790966554901
0.869759529067627,1,1.6487956771850438
0.0502585371318823,-1,-0.7064184712678918
0.37153677197558427,-1,-0.7319630342417078
0.5448527316210611,1,3.728245196844254
0.3677063247598027,-1,-2.646258868576973
0.3580258498258004,-1,-1.1659936881253
0.5991751478666593,1,0.9390781958644437
0.37535459989680897,1,2.959159737623062
0.1658429476452553,-1,-2.1922579533678204
0.5345502380189425,1,2.0793154444744952
0.5108885901608827,1,1.9037430287375305
0.5000158806398601,-1,-0.9274443081947783
0.6929287938221598,1,1.5321671225004678
0.9714392855811109,1,6.0748155664318215
0.6915210678262763,-1,-0.7730031068380426
0.1563063289252588,-1,-1.0648430004484093
0.31112732099590557,1,1.7314790512932028
0.5751512425486447,-1,-0.5604135493754984
0.707775691912001,-1,-0.3835042775034363
0.4390215800375758,-1,-0.31947152116907235
0.23294680278803176,-1,-6.480233143252308
0.15077756446306423,-1,-3.2217991072931884
0.4999461781425327,1,0.14366002472159078
0.8161743540238955,1,1.9005121133534129
0.130805151090785,-1,-1.0278589361562467
0.5620567739001712,1,1.8270698214610854
0.0902938971117761,-1,-0.5155652769921717
0.6230432715341001,1,1.4572161791776632
0.3018635046656594,-1,-2.5697946619710734
0.6102571671453744,1,0.35808429322922886
0.15249338899151466,-1,-1.3352155404621118
0.4891229975953618,-1,-1.6945797205501487
0.5437291159434035,-1,-0.9908279830275842
0.38647500238493426,-1,-0.1889920773274373
0.05654417865051402,-1,-1.8707883114333845
0.4730227350251007,-1,-1.8912837177184953
0.6711147678468105,1,5.420520859586543
0.7084572112557346,1,2.5951438186396487
0.19021555811886642,-1,-1.1175130038659578
0.2745703555367516,-1,-0.9989177103943373
0.6247395581936981,1,1.541528886991822
0.34430733461220386,-1,-0.369925835525714
0.1048694366136425,-1,-5.056877198682698
0.41842884021428267,1,2.153262013788127
0.4833597364159138,1,6.061774797891543
0.48136783687082607,-1,-0.3490445101841714
0.31469955236963115,-1,-0.18829619908974016
0.12330354685477418,-1,-1.6121886097295042
0.9257586865095434,1,1.9917352627394398
0.11780230312999611,-1,-1.63000376650292
0.5904271097428637,-1,-0.35318836811318105
0.8131533649837053,1,4.229250063063189
0.8326919228671296,1,5.92312470306163
0.6537211371779585,1,3.6210040149534253
0.01918193978709306,-1,-2.367476762170294
0.31720819848127674,1,0.8979304029029925
0.49650620136260104,-1,-1.2619259940157788
0.46994467033578996,-1,-1.1601313874397512
0.07995968676663011,-1,-0.9369099050621115
0.24636478617880891,-1,-0.8077330573498505
0.6224003241376502,1,2.502842629304436
0.07150879913149075,-1,-1.2339905709663945
0.35360349340951314,-1,-0.15858167082548955
0.20322763088745135,1,5.586808453271364
0.7915225449592367,1,3.6898726176766328
0.07916580297987386,-1,-2.2502981111114413
0.09738589932226244,-1,-0.5390972936067464
0.8250479496833103,1,2.5656216589893663
0.2169921313055957,-1,-2.105864006053187
0.4392335206732756,-1,-1.2678822507862122
0.6847525575804854,1,2.253529433342125
0.6631042829830293,1,4.438102115310699
0.686748795134826,-1,-2.1930992198494406
0.45821486925236676,1,5.2020826285008575
0.8410599205045455,1,8.882469209313056
0.8886886708287881,1,1.6534350341936634
0.2647121131327758,-1,-0.7007306226901584
0.16739279326149878,-1,-0.4694740866313019
0.7612784008755115,1,1.561314590274005
0.8542158634494631,1,0.9946059099533268
0.781302980336859,1,1.4857287618609147
0.21279060208107117,-1,-1.8238700594974866
0.8661134758072727,1,0.9515104843193047
0.7746139137483188,1,0.915913446089526
0.39783653167824506,-1,-0.8769667818608854
0.8240105035886259,-1,-0.6290672002375121
0.38763230300063717,-1,-2.2942999933700547
0.47565825504138254,1,1.3032483085148947
0.03177490608822006,-1,-0.2800387762143142
0.9396096022118947,1,3.2145837207811554
0.056321784355441155,-1,-1.1034578563701076
0.5889095406468762,1,3.7524584048674843
0.33791836347874293,1,2.9603249875311155
0.4909844762085112,-1,-0.6229173301062527
0.7591952035771903,1,3.248293285625549
0.5063211878937747,-1,-0.5733341864939571
0.47299195055154364,1,4.937877410694242
0.37149576283912233,-1,-1.0212058406334517
0.25124733026169904,-1,-1.1737415222300822
0.6853918651343585,-1,-0.9561967020099342
0.1930373173825401,1,0.8981938762185587
0.18770969694134423,-1,-3.387387925285942
0.6304930313671903,1,0.7860289826297941
0.3074879458826869,-1,-2.9952124240631024
0.8239591195856438,1,4.876538140600577
0.11164799144299066,-1,-1.5022247547552015
0.3661487323469321,1,6.26985590840963
0.3702678844238281,-1,-1.6890788518323496
0.438781072953292,-1,-0.4099336355380862
0.8161092116405692,1,3.403159115648961
0.8398356339737412,1,2.8672737929771577
0.09193382637633303,-1,-0.33119750635087186
0.2403991804257806,-1,-1.1887000815793929
0.5827290640108777,-1,-0.02552843020815137
0.720422580257188,1,5.934107496947276
0.43085298242121095,-1,-0.7583359263416457
0.43253846567729215,-1,-1.6083998084886284
0.7589705806608665,1,3.368733116031403
0.2703058040682298,-1,-1.41733050269759
0.24288870235530757,1,2.5489492548423573
0.3068488342213667,-1,-0.11558463709184928
0.27600943566680947,-1,-0.715881305084348
0.5083025620241466,-1,-1.2677490917418501
0.4847630338942368,-1,-0.452227699820952
0.26934964435712055,-1,-3.127397570013167
0.5730978094832169,1,4.26848168285273
0.6941968121839915,1,5.001424741352505
0.043377458827074195,-1,-1.6056571999235696
0.6515975064800498,-1,-1.6384564204239727
0.4666156712233386,-1,-0.3714235732415251
0.6968575842859368,-1,-4.466198920793939
0.8080540960471467,1,0.6250037731700668
0.5272717696974474,1,0.9517167113477834
0.45183027309148227,-1,-3.4052181030497684
0.4951163334086758,-1,-0.9989243136523281
0.7307299034336274,1,2.261304909792263
0.6470197422630378,1,4.02326293595813
0.105761396351794,-1,-1.315724347197784
0.6899966701797184,1,4.365184250323157
0.6864141510625352,1,0.7622938603009937
0.8528291118157499,1,1.0595807127324477
0.12261320500188885,-1,-0.6851750718006121
0.09214003963012063,-1,-2.9043315268666072
0.3695364789011984,-1,-1.7135319023693576
0.2497811871349185,-1,-1.0459585342350137
0.47305320478565155,-1,-0.5441157958881702
0.5182737449177569,1,0.1302889965849669
0.5134733283407777,-1,-0.577579819281093
0.291107032688313,-1,-4.942893962185646
0.2890008072893228,-1,-1.0486478932718053
0.23790345792447898,-1,-3.4260497024052112
0.45779543319738886,1,5.091901172063864
0.5987406701426817,1,2.413385408743799
0.1902363188414425,-1,-3.094227760518551
0.3884440742694231,-1,-1.1767298832435822
0.3905488165857631,1,2.4331149955776867
0.7986501598849138,1,1.8319328690930607
0.3868163398546064,-1,-1.0037864905224745
0.6416433857395889,1,7.589419007708673
0.337730690798659,-1,-0.8657694682428353
0.5497662265946404,1,3.665438962091139
0.8220477815926087,1,1.530633683841328
0.7147175626848008,1,9.06348425609532
0.2615910185977744,-1,-0.6743057614497743
0.8089410507426513,1,0.8320708880561973
0.240499821647842,-1,-0.39845315860822195
0.7733307240267184,1,0.6513766458874282
0.5530251499167054,1,8.280653503240943
0.3108600885617705,-1,-0.18731602240451636
0.7451309429095303,-1,-0.3145266056054469
0.5460017637524356,1,1.691323640556418
0.059481276033889675,-1,-1.3511341733837214
0.1272702317289753,-1,-0.499776572788251
0.06754510911818261,1,2.816788439272633
0.33945644710305156,-1,-3.737239813281674
0.204247855618725,1,1.4747562040712332
0.19146144772106222,-1,-2.0555260384510823
0.31775814012636244,-1,-1.7660445304895114
0.25167242654009647,-1,-0.6180496179156832
0.7586998840055035,1,3.0395302289109516
0.24437958939569207,-1,-1.5151078017176802
0.9908505788865671,1,2.5593792150417594
0.06895993053218712,-1,-1.6467894512584866
0.5186665908648065,-1,-0.07515232708628605
0.13866504671604427,-1,-0.8537372011247796
0.5265355391907511,1,2.5800797802635396
0.8117342389197685,1,12.112156794631748
0.5261464172528897,-1,-1.7481444643579305
0.440760931179613,1,1.5472777851124557
0.5258423694524338,-1,-0.7291151862433055
0.8571462905859732,1,4.903640864329804
0.3636677254781084,-1,-1.5394669316748135
0.5682705455922396,1,5.372595858775782
0.7602422354904481,1,3.7316971974537365
0.6841645184219219,1,1.2216401345075338
0.49290877390798876,-1,-0.8502170025713722
0.5004638959253418,-1,-1.8665249713210585
0.3391804567327866,-1,-2.341728906931287
0.857079675594311,1,1.106485560871829
0.6768560677612466,1,3.9701459181639795
0.9043580007085418,1,3.0537871253162567
0.5497627349088955,1,3.0353321444303236
0.402161933609297,1,4.617617678924485
0.5350145088857784,-1,-2.068270086243308
0.30298135534340676,-1,-0.2901149629460874
0.30284968866397216,-1,-1.0049963597107907
0.12468261957705956,-1,-0.5765573472532076
0.2980144445768425,1,0.33415211671882433
0.9288343997977199,1,3.0563083622044918
0.4122515106318095,-1,-3.7082120533174625
0.7576043342718008,1,5.581738817442853
0.32356830260270525,-1,-2.524540448492267
0.8792542846982185,1,4.5542603569378315
0.3080833688945943,-1,-0.09196171727222456
0.30188918648787655,-1,-1.4177316767033836
0.24590536031209967,-1,-0.2120804457589896
0.34145633985571633,1,7.3285101038653515
0.47997224070563466,-1,-2.051857570646053
0.28757909360876843,-1,-1.0317527515017877
0.7608910211595871,1,5.441236510836639
0.7538331524332968,1,2.2794438965528094
0.08224373461154003,-1,-0.9341330653514522
0.5981415604692,1,3.220538918583453
0.4188301960408084,-1,-1.7067059345135003
0.9789151509599296,1,2.5891326536099664
0.20229341918609972,-1,-3.1964022093220414
0.631624835631176,1,0.32021310266110736
0.7413891889766413,1,0.8840765717408037
0.33077865628539577,-1,-1.2138701403770098
0.8136812419867243,-1,-1.1135222191259775
0.8458316422902263,1,1.9874030155858646
0.9156094764669024,1,3.6183897753786356
0.46240538309419793,1,3.1288918359677025
0.8339111296137622,1,1.3474878367598542
0.8662250966277658,1,1.3588726150636397
0.784797488472604,1,1.67115599998737
0.5009788274284994,-1,-3.179250906209638
0.9198784040194177,1,3.4399776823146
0.02782806582847813,-1,-1.4843426566062055
0.48739052824212636,-1,-1.2112909389689712
0.4039539537965292,-1,-0.2935488080466053
0.6018205833570665,1,11.31434668495071
0.17110869695618036,1,5.0128289906980665
0.9820211717002026,1,2.7271116120210905
0.05304222792606947,-1,-0.4891930043755074
0.15733814869557716,-1,-1.9077695677847868
0.3248100876105361,-1,-1.2765596022850307
0.6017424459382293,1,1.5490203693993145
0.5738740687229782,1,5.417201597417149
0.8112871698075168,1,1.9420855446082226
0.573770479042109,-1,-2.0962123654726694
0.4666400569823938,1,2.0565583572473907
0.4987719707403185,-1,-1.0845233653966329
0.4988562878855514,1,4.040955943328447
0.8759419015939426,1,2.669630693237228
0.14530408717673993,-1,-0.6962319780691132
0.6341859471713907,-1,-1.1642540935333698
0.06005287758602888,-1,-2.0557321909617676
0.3153327193482568,-1,-0.14879599251450856
0.36145387430412523,-1,-1.962170118303998
0.1694705882526261,1,1.9199712286329067
0.8530688060522706,1,0.18310908395875908
0.22922590774357898,1,3.577349585463992
0.8183713650895031,1,1.682770606053631
0.7775288257917051,1,2.3913010238301387
0.638881576679464,1,3.5724569384471168
0.19606688787031645,-1,-0.7038068115756416
0.15828028799610921,-1,-0.7906143501142903
0.7029134505626307,-1,-2.7957859494667296
0.7502049004522917,-1,-2.795907214126795
0.6129406804244052,1,2.0808766469031195
0.49793290654958416,-1,-1.903089345128723
0.3906856982065613,-1,-0.4022168477028746
0.584828936501632,1,2.0783051938634687
